allocation_id,work_order_id,material_id,required_quantity,allocated_quantity,shortage_quantity
ALC-0000001,WO-2025-000001,MAT-00951,2290,2290,0
ALC-0000002,WO-2025-000001,MAT-00605,4952,4952,0
ALC-0000003,WO-2025-000001,MAT-00153,3744,3744,0
ALC-0000004,WO-2025-000001,MAT-00604,3233,3233,0
ALC-0000005,WO-2025-000001,MAT-00912,2496,2496,0
ALC-0000006,WO-2025-000001,MAT-00930,3141,3141,0
ALC-0000007,WO-2025-000002,MAT-01150,357,357,0
ALC-0000008,WO-2025-000002,MAT-00549,475,475,0
ALC-0000009,WO-2025-000002,MAT-00819,702,702,0
ALC-0000010,WO-2025-000002,MAT-00025,266,266,0
ALC-0000011,WO-2025-000002,MAT-00100,555,555,0
ALC-0000012,WO-2025-000002,MAT-00721,1037,1037,0
ALC-0000013,WO-2025-000002,MAT-01164,295,295,0
ALC-0000014,WO-2025-000002,MAT-00976,300,300,0
ALC-0000015,WO-2025-000003,MAT-01082,211,211,0
ALC-0000016,WO-2025-000003,MAT-00547,197,197,0
ALC-0000017,WO-2025-000003,MAT-00037,50,50,0
ALC-0000018,WO-2025-000003,MAT-00409,130,130,0
ALC-0000019,WO-2025-000003,MAT-00156,198,198,0
ALC-0000020,WO-2025-000003,MAT-00496,162,162,0
ALC-0000021,WO-2025-000004,MAT-00786,465,465,0
ALC-0000022,WO-2025-000004,MAT-00320,129,129,0
ALC-0000023,WO-2025-000004,MAT-00543,268,268,0
ALC-0000024,WO-2025-000004,MAT-00465,261,261,0
ALC-0000025,WO-2025-000004,MAT-00779,274,274,0
ALC-0000026,WO-2025-000004,MAT-00436,438,438,0
ALC-0000027,WO-2025-000004,MAT-00652,347,347,0
ALC-0000028,WO-2025-000004,MAT-00270,425,425,0
ALC-0000029,WO-2025-000005,MAT-00075,940,940,0
ALC-0000030,WO-2025-000005,MAT-00420,1212,1212,0
ALC-0000031,WO-2025-000005,MAT-00286,331,331,0
ALC-0000032,WO-2025-000005,MAT-00955,1114,1114,0
ALC-0000033,WO-2025-000005,MAT-00319,395,395,0
ALC-0000034,WO-2025-000005,MAT-00701,1173,1173,0
ALC-0000035,WO-2025-000005,MAT-00434,714,714,0
ALC-0000036,WO-2025-000006,MAT-00998,543,543,0
ALC-0000037,WO-2025-000006,MAT-01061,561,561,0
ALC-0000038,WO-2025-000006,MAT-00254,602,602,0
ALC-0000039,WO-2025-000006,MAT-00354,1101,1101,0
ALC-0000040,WO-2025-000006,MAT-00423,936,936,0
ALC-0000041,WO-2025-000006,MAT-00163,638,638,0
ALC-0000042,WO-2025-000006,MAT-00356,543,543,0
ALC-0000043,WO-2025-000007,MAT-00664,1706,1706,0
ALC-0000044,WO-2025-000007,MAT-01151,2400,2400,0
ALC-0000045,WO-2025-000007,MAT-00549,921,921,0
ALC-0000046,WO-2025-000007,MAT-00296,2487,2487,0
ALC-0000047,WO-2025-000008,MAT-00468,4706,4706,0
ALC-0000048,WO-2025-000008,MAT-00632,4116,4116,0
ALC-0000049,WO-2025-000008,MAT-01128,3093,3093,0
ALC-0000050,WO-2025-000008,MAT-00340,1382,1382,0
ALC-0000051,WO-2025-000009,MAT-00454,402,402,0
ALC-0000052,WO-2025-000009,MAT-00395,400,400,0
ALC-0000053,WO-2025-000009,MAT-00890,288,288,0
ALC-0000054,WO-2025-000009,MAT-01110,164,164,0
ALC-0000055,WO-2025-000010,MAT-00437,818,818,0
ALC-0000056,WO-2025-000010,MAT-00601,2246,2246,0
ALC-0000057,WO-2025-000010,MAT-01097,1737,1737,0
ALC-0000058,WO-2025-000010,MAT-00828,1727,1727,0
ALC-0000059,WO-2025-000010,MAT-00872,1134,1134,0
ALC-0000060,WO-2025-000011,MAT-00278,4973,4973,0
ALC-0000061,WO-2025-000011,MAT-00642,1260,1260,0
ALC-0000062,WO-2025-000011,MAT-00587,4347,4347,0
ALC-0000063,WO-2025-000011,MAT-00481,4013,4013,0
ALC-0000064,WO-2025-000012,MAT-00255,135,135,0
ALC-0000065,WO-2025-000012,MAT-01118,127,127,0
ALC-0000066,WO-2025-000012,MAT-00836,226,226,0
ALC-0000067,WO-2025-000012,MAT-00986,51,51,0
ALC-0000068,WO-2025-000013,MAT-01109,2372,2372,0
ALC-0000069,WO-2025-000013,MAT-00657,1572,1572,0
ALC-0000070,WO-2025-000013,MAT-00381,1800,1800,0
ALC-0000071,WO-2025-000013,MAT-00120,1071,1071,0
ALC-0000072,WO-2025-000013,MAT-00957,696,696,0
ALC-0000073,WO-2025-000013,MAT-00447,1812,1812,0
ALC-0000074,WO-2025-000013,MAT-00084,654,654,0
ALC-0000075,WO-2025-000014,MAT-00816,1216,1216,0
ALC-0000076,WO-2025-000014,MAT-00485,963,963,0
ALC-0000077,WO-2025-000014,MAT-00433,404,404,0
ALC-0000078,WO-2025-000014,MAT-00037,519,519,0
ALC-0000079,WO-2025-000014,MAT-00642,963,963,0
ALC-0000080,WO-2025-000014,MAT-00221,737,737,0
ALC-0000081,WO-2025-000015,MAT-00522,106,106,0
ALC-0000082,WO-2025-000015,MAT-00892,137,137,0
ALC-0000083,WO-2025-000015,MAT-00491,230,230,0
ALC-0000084,WO-2025-000015,MAT-00727,121,121,0
ALC-0000085,WO-2025-000015,MAT-01175,226,226,0
ALC-0000086,WO-2025-000015,MAT-00455,76,76,0
ALC-0000087,WO-2025-000015,MAT-00562,133,133,0
ALC-0000088,WO-2025-000016,MAT-00671,1964,1964,0
ALC-0000089,WO-2025-000016,MAT-00675,1975,1975,0
ALC-0000090,WO-2025-000016,MAT-00869,852,852,0
ALC-0000091,WO-2025-000016,MAT-00224,2047,2047,0
ALC-0000092,WO-2025-000017,MAT-00470,385,385,0
ALC-0000093,WO-2025-000017,MAT-01122,213,213,0
ALC-0000094,WO-2025-000017,MAT-00984,326,326,0
ALC-0000095,WO-2025-000017,MAT-00558,310,310,0
ALC-0000096,WO-2025-000017,MAT-00125,450,450,0
ALC-0000097,WO-2025-000017,MAT-00783,191,191,0
ALC-0000098,WO-2025-000017,MAT-00314,161,161,0
ALC-0000099,WO-2025-000017,MAT-00856,239,239,0
ALC-0000100,WO-2025-000018,MAT-00637,943,943,0
ALC-0000101,WO-2025-000018,MAT-00692,1467,1467,0
ALC-0000102,WO-2025-000018,MAT-00038,2204,2204,0
ALC-0000103,WO-2025-000018,MAT-00804,575,575,0
ALC-0000104,WO-2025-000019,MAT-00365,2091,2091,0
ALC-0000105,WO-2025-000019,MAT-00173,1665,1665,0
ALC-0000106,WO-2025-000019,MAT-01125,830,830,0
ALC-0000107,WO-2025-000019,MAT-00577,1997,1997,0
ALC-0000108,WO-2025-000019,MAT-00186,1354,1354,0
ALC-0000109,WO-2025-000019,MAT-00989,1795,1795,0
ALC-0000110,WO-2025-000019,MAT-00100,1325,1325,0
ALC-0000111,WO-2025-000019,MAT-01112,1267,1267,0
ALC-0000112,WO-2025-000020,MAT-00941,114,114,0
ALC-0000113,WO-2025-000020,MAT-01185,238,238,0
ALC-0000114,WO-2025-000020,MAT-00691,188,188,0
ALC-0000115,WO-2025-000020,MAT-00445,124,124,0
ALC-0000116,WO-2025-000020,MAT-01065,166,166,0
ALC-0000117,WO-2025-000020,MAT-00159,154,154,0
ALC-0000118,WO-2025-000020,MAT-00065,239,239,0
ALC-0000119,WO-2025-000021,MAT-00472,1594,1594,0
ALC-0000120,WO-2025-000021,MAT-01121,1808,1808,0
ALC-0000121,WO-2025-000021,MAT-00244,2200,2200,0
ALC-0000122,WO-2025-000021,MAT-00992,1465,1465,0
ALC-0000123,WO-2025-000021,MAT-00624,1186,1186,0
ALC-0000124,WO-2025-000021,MAT-01188,2272,2272,0
ALC-0000125,WO-2025-000021,MAT-00256,2069,2069,0
ALC-0000126,WO-2025-000022,MAT-00845,4207,4207,0
ALC-0000127,WO-2025-000022,MAT-00365,4014,4014,0
ALC-0000128,WO-2025-000022,MAT-01134,2694,2694,0
ALC-0000129,WO-2025-000022,MAT-00625,4526,4526,0
ALC-0000130,WO-2025-000022,MAT-00050,3900,3900,0
ALC-0000131,WO-2025-000023,MAT-00557,2422,2422,0
ALC-0000132,WO-2025-000023,MAT-00855,585,585,0
ALC-0000133,WO-2025-000023,MAT-00696,1718,1718,0
ALC-0000134,WO-2025-000023,MAT-00653,1419,1419,0
ALC-0000135,WO-2025-000023,MAT-01039,1025,1025,0
ALC-0000136,WO-2025-000023,MAT-00455,1107,1107,0
ALC-0000137,WO-2025-000023,MAT-00248,1041,1041,0
ALC-0000138,WO-2025-000024,MAT-00579,538,538,0
ALC-0000139,WO-2025-000024,MAT-00941,1606,1606,0
ALC-0000140,WO-2025-000024,MAT-00885,1166,1166,0
ALC-0000141,WO-2025-000024,MAT-01026,1676,1676,0
ALC-0000142,WO-2025-000024,MAT-00044,1612,1612,0
ALC-0000143,WO-2025-000024,MAT-00881,795,795,0
ALC-0000144,WO-2025-000024,MAT-01015,1050,1050,0
ALC-0000145,WO-2025-000024,MAT-00515,1752,1752,0
ALC-0000146,WO-2025-000025,MAT-00415,901,901,0
ALC-0000147,WO-2025-000025,MAT-01155,1160,1160,0
ALC-0000148,WO-2025-000025,MAT-00611,1956,1956,0
ALC-0000149,WO-2025-000025,MAT-00121,716,716,0
ALC-0000150,WO-2025-000025,MAT-01147,1536,1536,0
ALC-0000151,WO-2025-000025,MAT-00937,1181,1181,0
ALC-0000152,WO-2025-000026,MAT-00556,947,947,0
ALC-0000153,WO-2025-000026,MAT-00560,2302,2302,0
ALC-0000154,WO-2025-000026,MAT-01128,837,837,0
ALC-0000155,WO-2025-000026,MAT-00063,713,713,0
ALC-0000156,WO-2025-000026,MAT-01088,861,861,0
ALC-0000157,WO-2025-000026,MAT-01126,1551,1551,0
ALC-0000158,WO-2025-000027,MAT-00376,341,341,0
ALC-0000159,WO-2025-000027,MAT-00158,413,413,0
ALC-0000160,WO-2025-000027,MAT-00997,457,457,0
ALC-0000161,WO-2025-000027,MAT-00648,388,388,0
ALC-0000162,WO-2025-000027,MAT-00359,407,407,0
ALC-0000163,WO-2025-000027,MAT-00631,294,294,0
ALC-0000164,WO-2025-000027,MAT-00942,161,161,0
ALC-0000165,WO-2025-000027,MAT-00203,378,378,0
ALC-0000166,WO-2025-000028,MAT-00599,2517,2517,0
ALC-0000167,WO-2025-000028,MAT-00399,1308,1308,0
ALC-0000168,WO-2025-000028,MAT-01136,2852,2852,0
ALC-0000169,WO-2025-000028,MAT-00782,2686,2686,0
ALC-0000170,WO-2025-000028,MAT-00774,4365,4365,0
ALC-0000171,WO-2025-000028,MAT-00926,1799,1799,0
ALC-0000172,WO-2025-000029,MAT-01088,197,197,0
ALC-0000173,WO-2025-000029,MAT-00887,455,455,0
ALC-0000174,WO-2025-000029,MAT-00964,241,241,0
ALC-0000175,WO-2025-000029,MAT-01191,287,287,0
ALC-0000176,WO-2025-000029,MAT-00858,492,492,0
ALC-0000177,WO-2025-000029,MAT-01175,381,381,0
ALC-0000178,WO-2025-000029,MAT-00881,352,352,0
ALC-0000179,WO-2025-000029,MAT-01154,340,340,0
ALC-0000180,WO-2025-000030,MAT-00005,1145,1145,0
ALC-0000181,WO-2025-000030,MAT-01175,4897,4897,0
ALC-0000182,WO-2025-000030,MAT-01200,3387,3387,0
ALC-0000183,WO-2025-000030,MAT-01128,1467,1467,0
ALC-0000184,WO-2025-000030,MAT-00863,1589,1589,0
ALC-0000185,WO-2025-000030,MAT-00381,4251,4251,0
ALC-0000186,WO-2025-000031,MAT-00597,1842,1842,0
ALC-0000187,WO-2025-000031,MAT-00582,4465,4465,0
ALC-0000188,WO-2025-000031,MAT-00256,1992,1992,0
ALC-0000189,WO-2025-000031,MAT-01113,3969,3969,0
ALC-0000190,WO-2025-000031,MAT-00414,2091,2091,0
ALC-0000191,WO-2025-000032,MAT-00908,1969,1969,0
ALC-0000192,WO-2025-000032,MAT-00353,778,778,0
ALC-0000193,WO-2025-000032,MAT-01089,1125,1125,0
ALC-0000194,WO-2025-000032,MAT-00534,1806,1806,0
ALC-0000195,WO-2025-000032,MAT-00823,1578,1578,0
ALC-0000196,WO-2025-000032,MAT-00669,871,871,0
ALC-0000197,WO-2025-000032,MAT-00010,2093,2093,0
ALC-0000198,WO-2025-000032,MAT-00912,2237,2237,0
ALC-0000199,WO-2025-000033,MAT-00048,141,141,0
ALC-0000200,WO-2025-000033,MAT-00425,208,208,0
ALC-0000201,WO-2025-000033,MAT-00889,77,77,0
ALC-0000202,WO-2025-000033,MAT-01172,133,133,0
ALC-0000203,WO-2025-000033,MAT-00896,138,138,0
ALC-0000204,WO-2025-000033,MAT-00471,247,247,0
ALC-0000205,WO-2025-000033,MAT-01095,245,245,0
ALC-0000206,WO-2025-000033,MAT-00719,134,134,0
ALC-0000207,WO-2025-000034,MAT-01119,247,247,0
ALC-0000208,WO-2025-000034,MAT-00570,147,147,0
ALC-0000209,WO-2025-000034,MAT-00974,145,145,0
ALC-0000210,WO-2025-000034,MAT-00206,70,70,0
ALC-0000211,WO-2025-000034,MAT-00786,135,135,0
ALC-0000212,WO-2025-000035,MAT-00796,2251,2251,0
ALC-0000213,WO-2025-000035,MAT-01023,3777,3777,0
ALC-0000214,WO-2025-000035,MAT-00964,2435,2435,0
ALC-0000215,WO-2025-000035,MAT-00690,3896,3896,0
ALC-0000216,WO-2025-000036,MAT-00156,915,915,0
ALC-0000217,WO-2025-000036,MAT-00018,2112,2112,0
ALC-0000218,WO-2025-000036,MAT-00762,687,687,0
ALC-0000219,WO-2025-000036,MAT-00327,2470,2470,0
ALC-0000220,WO-2025-000036,MAT-00816,1637,1637,0
ALC-0000221,WO-2025-000037,MAT-00889,676,676,0
ALC-0000222,WO-2025-000037,MAT-00717,645,645,0
ALC-0000223,WO-2025-000037,MAT-01018,514,514,0
ALC-0000224,WO-2025-000037,MAT-00779,1733,1733,0
ALC-0000225,WO-2025-000038,MAT-00387,202,202,0
ALC-0000226,WO-2025-000038,MAT-00051,257,257,0
ALC-0000227,WO-2025-000038,MAT-00664,201,201,0
ALC-0000228,WO-2025-000038,MAT-01166,144,144,0
ALC-0000229,WO-2025-000038,MAT-00640,351,351,0
ALC-0000230,WO-2025-000038,MAT-01163,142,142,0
ALC-0000231,WO-2025-000038,MAT-00457,352,352,0
ALC-0000232,WO-2025-000039,MAT-00076,4596,4596,0
ALC-0000233,WO-2025-000039,MAT-00838,1283,1283,0
ALC-0000234,WO-2025-000039,MAT-00943,2830,2830,0
ALC-0000235,WO-2025-000039,MAT-00237,3649,3649,0
ALC-0000236,WO-2025-000040,MAT-00761,1343,1343,0
ALC-0000237,WO-2025-000040,MAT-00547,2137,2137,0
ALC-0000238,WO-2025-000040,MAT-01155,992,992,0
ALC-0000239,WO-2025-000040,MAT-00238,559,559,0
ALC-0000240,WO-2025-000040,MAT-00313,2247,2247,0
ALC-0000241,WO-2025-000041,MAT-01126,134,134,0
ALC-0000242,WO-2025-000041,MAT-00633,117,117,0
ALC-0000243,WO-2025-000041,MAT-01087,204,204,0
ALC-0000244,WO-2025-000041,MAT-01071,97,97,0
ALC-0000245,WO-2025-000041,MAT-01099,169,169,0
ALC-0000246,WO-2025-000041,MAT-01001,133,133,0
ALC-0000247,WO-2025-000041,MAT-00606,207,207,0
ALC-0000248,WO-2025-000041,MAT-00889,188,188,0
ALC-0000249,WO-2025-000042,MAT-00908,1073,1073,0
ALC-0000250,WO-2025-000042,MAT-00595,2902,2902,0
ALC-0000251,WO-2025-000042,MAT-00248,3590,3590,0
ALC-0000252,WO-2025-000042,MAT-00303,4448,4448,0
ALC-0000253,WO-2025-000042,MAT-00842,1819,1819,0
ALC-0000254,WO-2025-000042,MAT-00639,2242,2242,0
ALC-0000255,WO-2025-000043,MAT-00461,223,223,0
ALC-0000256,WO-2025-000043,MAT-00087,245,245,0
ALC-0000257,WO-2025-000043,MAT-00735,190,190,0
ALC-0000258,WO-2025-000043,MAT-00691,107,107,0
ALC-0000259,WO-2025-000044,MAT-00191,212,212,0
ALC-0000260,WO-2025-000044,MAT-00184,199,199,0
ALC-0000261,WO-2025-000044,MAT-00578,200,200,0
ALC-0000262,WO-2025-000044,MAT-00932,87,87,0
ALC-0000263,WO-2025-000044,MAT-00719,161,161,0
ALC-0000264,WO-2025-000044,MAT-00035,98,98,0
ALC-0000265,WO-2025-000044,MAT-00980,157,157,0
ALC-0000266,WO-2025-000044,MAT-00677,179,179,0
ALC-0000267,WO-2025-000045,MAT-00053,96,96,0
ALC-0000268,WO-2025-000045,MAT-00896,131,131,0
ALC-0000269,WO-2025-000045,MAT-00110,211,211,0
ALC-0000270,WO-2025-000045,MAT-00294,57,57,0
ALC-0000271,WO-2025-000046,MAT-01031,502,502,0
ALC-0000272,WO-2025-000046,MAT-01032,815,815,0
ALC-0000273,WO-2025-000046,MAT-01064,973,973,0
ALC-0000274,WO-2025-000046,MAT-00325,573,573,0
ALC-0000275,WO-2025-000047,MAT-00024,1084,1084,0
ALC-0000276,WO-2025-000047,MAT-01170,2265,2265,0
ALC-0000277,WO-2025-000047,MAT-00750,3103,3103,0
ALC-0000278,WO-2025-000047,MAT-00662,4604,4604,0
ALC-0000279,WO-2025-000048,MAT-00588,2184,2184,0
ALC-0000280,WO-2025-000048,MAT-01112,3859,3859,0
ALC-0000281,WO-2025-000048,MAT-00947,2826,2826,0
ALC-0000282,WO-2025-000048,MAT-00602,3446,3446,0
ALC-0000283,WO-2025-000048,MAT-00080,2858,2858,0
ALC-0000284,WO-2025-000048,MAT-00306,1382,1382,0
ALC-0000285,WO-2025-000049,MAT-00421,1434,1434,0
ALC-0000286,WO-2025-000049,MAT-00316,2007,2007,0
ALC-0000287,WO-2025-000049,MAT-00783,1526,1526,0
ALC-0000288,WO-2025-000049,MAT-00257,2495,2495,0
ALC-0000289,WO-2025-000049,MAT-00474,825,825,0
ALC-0000290,WO-2025-000050,MAT-01126,1079,1079,0
ALC-0000291,WO-2025-000050,MAT-01061,1159,1159,0
ALC-0000292,WO-2025-000050,MAT-00112,1225,1225,0
ALC-0000293,WO-2025-000050,MAT-01138,579,579,0
ALC-0000294,WO-2025-000051,MAT-00478,52,52,0
ALC-0000295,WO-2025-000051,MAT-00671,183,183,0
ALC-0000296,WO-2025-000051,MAT-00237,113,113,0
ALC-0000297,WO-2025-000051,MAT-00679,216,216,0
ALC-0000298,WO-2025-000052,MAT-01189,163,163,0
ALC-0000299,WO-2025-000052,MAT-00203,152,152,0
ALC-0000300,WO-2025-000052,MAT-00634,165,165,0
ALC-0000301,WO-2025-000052,MAT-00863,139,139,0
ALC-0000302,WO-2025-000052,MAT-00776,166,166,0
ALC-0000303,WO-2025-000053,MAT-00255,3820,3820,0
ALC-0000304,WO-2025-000053,MAT-00439,2287,2287,0
ALC-0000305,WO-2025-000053,MAT-00181,1431,1431,0
ALC-0000306,WO-2025-000053,MAT-00453,4711,4711,0
ALC-0000307,WO-2025-000053,MAT-00230,2566,2566,0
ALC-0000308,WO-2025-000053,MAT-00708,1361,1361,0
ALC-0000309,WO-2025-000053,MAT-00757,4354,4354,0
ALC-0000310,WO-2025-000053,MAT-00981,2777,2777,0
ALC-0000311,WO-2025-000054,MAT-00601,1147,1147,0
ALC-0000312,WO-2025-000054,MAT-00363,800,800,0
ALC-0000313,WO-2025-000054,MAT-00607,592,592,0
ALC-0000314,WO-2025-000054,MAT-00717,484,484,0
ALC-0000315,WO-2025-000054,MAT-00288,486,486,0
ALC-0000316,WO-2025-000054,MAT-00598,279,279,0
ALC-0000317,WO-2025-000054,MAT-00002,697,697,0
ALC-0000318,WO-2025-000055,MAT-00069,127,127,0
ALC-0000319,WO-2025-000055,MAT-00223,129,129,0
ALC-0000320,WO-2025-000055,MAT-01179,480,480,0
ALC-0000321,WO-2025-000055,MAT-01126,402,402,0
ALC-0000322,WO-2025-000056,MAT-00839,1355,1355,0
ALC-0000323,WO-2025-000056,MAT-00254,1951,1951,0
ALC-0000324,WO-2025-000056,MAT-00297,2454,2454,0
ALC-0000325,WO-2025-000056,MAT-01002,2047,2047,0
ALC-0000326,WO-2025-000056,MAT-00741,732,732,0
ALC-0000327,WO-2025-000056,MAT-00206,2263,2263,0
ALC-0000328,WO-2025-000057,MAT-00424,4421,4421,0
ALC-0000329,WO-2025-000057,MAT-01186,3131,3131,0
ALC-0000330,WO-2025-000057,MAT-00617,4802,4802,0
ALC-0000331,WO-2025-000057,MAT-01059,4180,4180,0
ALC-0000332,WO-2025-000057,MAT-00908,3002,3002,0
ALC-0000333,WO-2025-000057,MAT-00138,4985,4985,0
ALC-0000334,WO-2025-000057,MAT-00187,3314,3314,0
ALC-0000335,WO-2025-000058,MAT-00791,61,61,0
ALC-0000336,WO-2025-000058,MAT-00369,136,136,0
ALC-0000337,WO-2025-000058,MAT-01199,218,218,0
ALC-0000338,WO-2025-000058,MAT-00954,216,216,0
ALC-0000339,WO-2025-000058,MAT-00150,113,113,0
ALC-0000340,WO-2025-000059,MAT-01109,3742,3742,0
ALC-0000341,WO-2025-000059,MAT-00636,4278,4278,0
ALC-0000342,WO-2025-000059,MAT-00630,1714,1714,0
ALC-0000343,WO-2025-000059,MAT-00986,4861,4861,0
ALC-0000344,WO-2025-000060,MAT-01107,4768,4768,0
ALC-0000345,WO-2025-000060,MAT-01142,3082,3082,0
ALC-0000346,WO-2025-000060,MAT-00085,3316,3316,0
ALC-0000347,WO-2025-000060,MAT-01125,3757,3757,0
ALC-0000348,WO-2025-000061,MAT-00756,729,729,0
ALC-0000349,WO-2025-000061,MAT-00272,866,866,0
ALC-0000350,WO-2025-000061,MAT-00205,1105,1105,0
ALC-0000351,WO-2025-000061,MAT-01197,1072,1072,0
ALC-0000352,WO-2025-000061,MAT-00016,1121,1121,0
ALC-0000353,WO-2025-000062,MAT-00824,1529,1529,0
ALC-0000354,WO-2025-000062,MAT-00163,1108,1108,0
ALC-0000355,WO-2025-000062,MAT-00134,1016,1016,0
ALC-0000356,WO-2025-000062,MAT-00888,1054,1054,0
ALC-0000357,WO-2025-000063,MAT-01009,1855,1855,0
ALC-0000358,WO-2025-000063,MAT-00320,1302,1302,0
ALC-0000359,WO-2025-000063,MAT-00575,1468,1468,0
ALC-0000360,WO-2025-000063,MAT-00419,618,618,0
ALC-0000361,WO-2025-000063,MAT-00342,1766,1766,0
ALC-0000362,WO-2025-000063,MAT-00672,1869,1869,0
ALC-0000363,WO-2025-000063,MAT-00895,1071,1071,0
ALC-0000364,WO-2025-000063,MAT-00074,1991,1991,0
ALC-0000365,WO-2025-000064,MAT-00122,1721,1721,0
ALC-0000366,WO-2025-000064,MAT-00271,1493,1493,0
ALC-0000367,WO-2025-000064,MAT-00889,1565,1565,0
ALC-0000368,WO-2025-000064,MAT-00343,2426,2426,0
ALC-0000369,WO-2025-000064,MAT-00729,723,723,0
ALC-0000370,WO-2025-000064,MAT-00434,1415,1415,0
ALC-0000371,WO-2025-000064,MAT-00171,1230,1230,0
ALC-0000372,WO-2025-000065,MAT-00573,333,333,0
ALC-0000373,WO-2025-000065,MAT-00121,467,467,0
ALC-0000374,WO-2025-000065,MAT-00865,270,270,0
ALC-0000375,WO-2025-000065,MAT-00584,791,791,0
ALC-0000376,WO-2025-000065,MAT-00139,579,579,0
ALC-0000377,WO-2025-000066,MAT-00454,992,992,0
ALC-0000378,WO-2025-000066,MAT-01033,836,836,0
ALC-0000379,WO-2025-000066,MAT-00588,1240,1240,0
ALC-0000380,WO-2025-000066,MAT-00464,835,835,0
ALC-0000381,WO-2025-000066,MAT-01004,261,261,0
ALC-0000382,WO-2025-000066,MAT-00823,402,402,0
ALC-0000383,WO-2025-000066,MAT-00674,952,952,0
ALC-0000384,WO-2025-000067,MAT-00323,1065,1065,0
ALC-0000385,WO-2025-000067,MAT-00583,897,897,0
ALC-0000386,WO-2025-000067,MAT-00849,1176,1176,0
ALC-0000387,WO-2025-000067,MAT-00158,450,450,0
ALC-0000388,WO-2025-000067,MAT-00838,264,264,0
ALC-0000389,WO-2025-000067,MAT-00646,810,810,0
ALC-0000390,WO-2025-000068,MAT-00910,157,157,0
ALC-0000391,WO-2025-000068,MAT-00888,211,211,0
ALC-0000392,WO-2025-000068,MAT-00695,149,149,0
ALC-0000393,WO-2025-000068,MAT-00211,148,148,0
ALC-0000394,WO-2025-000068,MAT-00642,235,235,0
ALC-0000395,WO-2025-000069,MAT-01050,1310,1310,0
ALC-0000396,WO-2025-000069,MAT-00893,3021,3021,0
ALC-0000397,WO-2025-000069,MAT-00627,4944,4944,0
ALC-0000398,WO-2025-000069,MAT-00302,2898,2898,0
ALC-0000399,WO-2025-000069,MAT-01133,2321,2321,0
ALC-0000400,WO-2025-000069,MAT-00073,3612,3612,0
ALC-0000401,WO-2025-000069,MAT-00785,3267,3267,0
ALC-0000402,WO-2025-000069,MAT-00689,2532,2532,0
ALC-0000403,WO-2025-000070,MAT-00794,146,146,0
ALC-0000404,WO-2025-000070,MAT-00477,113,113,0
ALC-0000405,WO-2025-000070,MAT-00642,215,215,0
ALC-0000406,WO-2025-000070,MAT-00362,126,126,0
ALC-0000407,WO-2025-000070,MAT-00563,96,96,0
ALC-0000408,WO-2025-000070,MAT-00971,192,192,0
ALC-0000409,WO-2025-000070,MAT-00601,246,246,0
ALC-0000410,WO-2025-000071,MAT-00773,1781,1781,0
ALC-0000411,WO-2025-000071,MAT-00547,1690,1690,0
ALC-0000412,WO-2025-000071,MAT-00167,2009,2009,0
ALC-0000413,WO-2025-000071,MAT-00649,1898,1898,0
ALC-0000414,WO-2025-000071,MAT-01000,770,770,0
ALC-0000415,WO-2025-000071,MAT-01190,1466,1466,0
ALC-0000416,WO-2025-000071,MAT-00691,1643,1643,0
ALC-0000417,WO-2025-000072,MAT-00824,4641,4641,0
ALC-0000418,WO-2025-000072,MAT-00349,1237,1237,0
ALC-0000419,WO-2025-000072,MAT-00690,1568,1568,0
ALC-0000420,WO-2025-000072,MAT-00811,1774,1774,0
ALC-0000421,WO-2025-000072,MAT-00550,3381,3381,0
ALC-0000422,WO-2025-000072,MAT-00728,2998,2998,0
ALC-0000423,WO-2025-000073,MAT-00178,4110,4110,0
ALC-0000424,WO-2025-000073,MAT-01069,2233,2233,0
ALC-0000425,WO-2025-000073,MAT-00162,1179,1179,0
ALC-0000426,WO-2025-000073,MAT-00612,2927,2927,0
ALC-0000427,WO-2025-000073,MAT-00683,1628,1628,0
ALC-0000428,WO-2025-000073,MAT-00907,3479,3479,0
ALC-0000429,WO-2025-000074,MAT-00416,283,283,0
ALC-0000430,WO-2025-000074,MAT-00991,369,369,0
ALC-0000431,WO-2025-000074,MAT-00872,364,364,0
ALC-0000432,WO-2025-000074,MAT-00206,395,395,0
ALC-0000433,WO-2025-000074,MAT-00087,249,249,0
ALC-0000434,WO-2025-000074,MAT-00342,177,177,0
ALC-0000435,WO-2025-000074,MAT-00733,214,214,0
ALC-0000436,WO-2025-000075,MAT-00889,197,197,0
ALC-0000437,WO-2025-000075,MAT-00059,65,65,0
ALC-0000438,WO-2025-000075,MAT-00194,119,119,0
ALC-0000439,WO-2025-000075,MAT-00886,196,196,0
ALC-0000440,WO-2025-000075,MAT-01064,168,168,0
ALC-0000441,WO-2025-000076,MAT-00052,4767,4767,0
ALC-0000442,WO-2025-000076,MAT-00524,3280,3280,0
ALC-0000443,WO-2025-000076,MAT-00038,3299,3299,0
ALC-0000444,WO-2025-000076,MAT-01104,3909,3909,0
ALC-0000445,WO-2025-000076,MAT-01014,4635,4635,0
ALC-0000446,WO-2025-000076,MAT-00721,4474,4474,0
ALC-0000447,WO-2025-000077,MAT-01117,783,783,0
ALC-0000448,WO-2025-000077,MAT-00534,2163,2163,0
ALC-0000449,WO-2025-000077,MAT-00408,1437,1437,0
ALC-0000450,WO-2025-000077,MAT-00551,1092,1092,0
ALC-0000451,WO-2025-000077,MAT-00666,596,596,0
ALC-0000452,WO-2025-000077,MAT-00881,2317,2317,0
ALC-0000453,WO-2025-000077,MAT-00748,1899,1899,0
ALC-0000454,WO-2025-000078,MAT-00579,1029,1029,0
ALC-0000455,WO-2025-000078,MAT-01060,4162,4162,0
ALC-0000456,WO-2025-000078,MAT-00977,2625,2625,0
ALC-0000457,WO-2025-000078,MAT-00510,1371,1371,0
ALC-0000458,WO-2025-000079,MAT-00484,144,144,0
ALC-0000459,WO-2025-000079,MAT-00987,127,127,0
ALC-0000460,WO-2025-000079,MAT-00974,238,238,0
ALC-0000461,WO-2025-000079,MAT-00802,247,247,0
ALC-0000462,WO-2025-000079,MAT-00002,202,202,0
ALC-0000463,WO-2025-000079,MAT-01083,127,127,0
ALC-0000464,WO-2025-000079,MAT-00860,236,236,0
ALC-0000465,WO-2025-000080,MAT-00476,758,758,0
ALC-0000466,WO-2025-000080,MAT-00979,665,665,0
ALC-0000467,WO-2025-000080,MAT-00952,527,527,0
ALC-0000468,WO-2025-000080,MAT-01059,1148,1148,0
ALC-0000469,WO-2025-000080,MAT-00960,767,767,0
ALC-0000470,WO-2025-000081,MAT-00469,1983,1983,0
ALC-0000471,WO-2025-000081,MAT-00521,1067,1067,0
ALC-0000472,WO-2025-000081,MAT-01011,2269,2269,0
ALC-0000473,WO-2025-000081,MAT-00063,680,680,0
ALC-0000474,WO-2025-000081,MAT-00239,1920,1920,0
ALC-0000475,WO-2025-000081,MAT-00791,998,998,0
ALC-0000476,WO-2025-000081,MAT-00495,1009,1009,0
ALC-0000477,WO-2025-000081,MAT-00739,2284,2284,0
ALC-0000478,WO-2025-000082,MAT-01126,396,396,0
ALC-0000479,WO-2025-000082,MAT-00237,411,411,0
ALC-0000480,WO-2025-000082,MAT-00270,189,189,0
ALC-0000481,WO-2025-000082,MAT-00646,433,433,0
ALC-0000482,WO-2025-000082,MAT-00121,284,284,0
ALC-0000483,WO-2025-000083,MAT-00187,1461,1461,0
ALC-0000484,WO-2025-000083,MAT-00755,2342,2342,0
ALC-0000485,WO-2025-000083,MAT-00851,1707,1707,0
ALC-0000486,WO-2025-000083,MAT-01125,1629,1629,0
ALC-0000487,WO-2025-000083,MAT-00515,704,704,0
ALC-0000488,WO-2025-000083,MAT-00408,1682,1682,0
ALC-0000489,WO-2025-000084,MAT-01011,877,877,0
ALC-0000490,WO-2025-000084,MAT-00436,2315,2315,0
ALC-0000491,WO-2025-000084,MAT-00032,1578,1578,0
ALC-0000492,WO-2025-000084,MAT-00947,673,673,0
ALC-0000493,WO-2025-000084,MAT-00482,1690,1690,0
ALC-0000494,WO-2025-000084,MAT-01180,1704,1704,0
ALC-0000495,WO-2025-000084,MAT-00468,1008,1008,0
ALC-0000496,WO-2025-000084,MAT-01076,2344,2344,0
ALC-0000497,WO-2025-000085,MAT-00323,397,397,0
ALC-0000498,WO-2025-000085,MAT-00453,440,440,0
ALC-0000499,WO-2025-000085,MAT-00087,816,816,0
ALC-0000500,WO-2025-000085,MAT-00638,695,695,0
ALC-0000501,WO-2025-000086,MAT-01088,967,967,0
ALC-0000502,WO-2025-000086,MAT-00618,935,935,0
ALC-0000503,WO-2025-000086,MAT-00482,742,742,0
ALC-0000504,WO-2025-000086,MAT-00384,691,691,0
ALC-0000505,WO-2025-000086,MAT-00572,762,762,0
ALC-0000506,WO-2025-000087,MAT-00529,2119,2119,0
ALC-0000507,WO-2025-000087,MAT-00931,2089,2089,0
ALC-0000508,WO-2025-000087,MAT-01033,2205,2205,0
ALC-0000509,WO-2025-000087,MAT-00436,510,510,0
ALC-0000510,WO-2025-000087,MAT-00847,2255,2255,0
ALC-0000511,WO-2025-000088,MAT-01050,101,101,0
ALC-0000512,WO-2025-000088,MAT-00145,179,179,0
ALC-0000513,WO-2025-000088,MAT-00806,130,130,0
ALC-0000514,WO-2025-000088,MAT-00345,203,203,0
ALC-0000515,WO-2025-000089,MAT-00837,90,90,0
ALC-0000516,WO-2025-000089,MAT-01151,92,92,0
ALC-0000517,WO-2025-000089,MAT-00741,127,127,0
ALC-0000518,WO-2025-000089,MAT-01099,89,89,0
ALC-0000519,WO-2025-000089,MAT-00734,58,58,0
ALC-0000520,WO-2025-000089,MAT-00744,134,134,0
ALC-0000521,WO-2025-000089,MAT-00298,127,127,0
ALC-0000522,WO-2025-000090,MAT-00907,214,214,0
ALC-0000523,WO-2025-000090,MAT-00790,109,109,0
ALC-0000524,WO-2025-000090,MAT-01157,67,67,0
ALC-0000525,WO-2025-000090,MAT-00817,155,155,0
ALC-0000526,WO-2025-000091,MAT-00845,962,962,0
ALC-0000527,WO-2025-000091,MAT-00208,667,667,0
ALC-0000528,WO-2025-000091,MAT-01035,1866,1866,0
ALC-0000529,WO-2025-000091,MAT-00979,1503,1503,0
ALC-0000530,WO-2025-000091,MAT-01142,2497,2497,0
ALC-0000531,WO-2025-000092,MAT-00089,202,202,0
ALC-0000532,WO-2025-000092,MAT-00953,66,66,0
ALC-0000533,WO-2025-000092,MAT-00227,236,236,0
ALC-0000534,WO-2025-000092,MAT-00925,183,183,0
ALC-0000535,WO-2025-000092,MAT-00465,240,240,0
ALC-0000536,WO-2025-000092,MAT-00432,246,246,0
ALC-0000537,WO-2025-000092,MAT-00893,249,249,0
ALC-0000538,WO-2025-000092,MAT-00411,203,203,0
ALC-0000539,WO-2025-000093,MAT-01073,4009,4009,0
ALC-0000540,WO-2025-000093,MAT-00775,1999,1999,0
ALC-0000541,WO-2025-000093,MAT-00724,2923,2923,0
ALC-0000542,WO-2025-000093,MAT-00301,3128,3128,0
ALC-0000543,WO-2025-000093,MAT-00936,1148,1148,0
ALC-0000544,WO-2025-000093,MAT-01177,2888,2888,0
ALC-0000545,WO-2025-000093,MAT-00180,1074,1074,0
ALC-0000546,WO-2025-000094,MAT-00686,820,820,0
ALC-0000547,WO-2025-000094,MAT-00317,422,422,0
ALC-0000548,WO-2025-000094,MAT-01074,257,257,0
ALC-0000549,WO-2025-000094,MAT-01082,1199,1199,0
ALC-0000550,WO-2025-000094,MAT-00733,533,533,0
ALC-0000551,WO-2025-000094,MAT-00411,1028,1028,0
ALC-0000552,WO-2025-000094,MAT-00059,633,633,0
ALC-0000553,WO-2025-000095,MAT-00998,827,827,0
ALC-0000554,WO-2025-000095,MAT-01111,992,992,0
ALC-0000555,WO-2025-000095,MAT-00965,350,350,0
ALC-0000556,WO-2025-000095,MAT-00366,1035,1035,0
ALC-0000557,WO-2025-000095,MAT-00560,967,967,0
ALC-0000558,WO-2025-000096,MAT-00136,115,115,0
ALC-0000559,WO-2025-000096,MAT-00724,169,169,0
ALC-0000560,WO-2025-000096,MAT-01030,402,402,0
ALC-0000561,WO-2025-000096,MAT-00807,350,350,0
ALC-0000562,WO-2025-000097,MAT-01046,112,112,0
ALC-0000563,WO-2025-000097,MAT-00998,373,373,0
ALC-0000564,WO-2025-000097,MAT-00852,107,107,0
ALC-0000565,WO-2025-000097,MAT-00704,376,376,0
ALC-0000566,WO-2025-000097,MAT-00431,403,403,0
ALC-0000567,WO-2025-000097,MAT-00191,426,426,0
ALC-0000568,WO-2025-000097,MAT-00427,308,308,0
ALC-0000569,WO-2025-000098,MAT-00566,1934,1934,0
ALC-0000570,WO-2025-000098,MAT-00582,3805,3805,0
ALC-0000571,WO-2025-000098,MAT-00611,4892,4892,0
ALC-0000572,WO-2025-000098,MAT-00473,4700,4700,0
ALC-0000573,WO-2025-000098,MAT-00010,3951,3951,0
ALC-0000574,WO-2025-000098,MAT-01186,3912,3912,0
ALC-0000575,WO-2025-000099,MAT-00465,467,467,0
ALC-0000576,WO-2025-000099,MAT-00727,361,361,0
ALC-0000577,WO-2025-000099,MAT-01067,713,713,0
ALC-0000578,WO-2025-000099,MAT-00119,399,399,0
ALC-0000579,WO-2025-000099,MAT-01023,585,585,0
ALC-0000580,WO-2025-000099,MAT-00743,1012,1012,0
ALC-0000581,WO-2025-000099,MAT-00108,493,493,0
ALC-0000582,WO-2025-000099,MAT-01078,371,371,0
ALC-0000583,WO-2025-000100,MAT-00206,3133,3133,0
ALC-0000584,WO-2025-000100,MAT-00083,3373,3373,0
ALC-0000585,WO-2025-000100,MAT-00341,1392,1392,0
ALC-0000586,WO-2025-000100,MAT-00894,1792,1792,0
ALC-0000587,WO-2025-000100,MAT-00530,1726,1726,0
ALC-0000588,WO-2025-000100,MAT-00318,4983,4983,0
ALC-0000589,WO-2025-000100,MAT-00490,3178,3178,0
ALC-0000590,WO-2025-000101,MAT-00491,263,263,0
ALC-0000591,WO-2025-000101,MAT-00216,268,268,0
ALC-0000592,WO-2025-000101,MAT-00500,484,484,0
ALC-0000593,WO-2025-000101,MAT-00358,392,392,0
ALC-0000594,WO-2025-000101,MAT-00714,389,389,0
ALC-0000595,WO-2025-000101,MAT-00700,254,254,0
ALC-0000596,WO-2025-000102,MAT-00312,231,231,0
ALC-0000597,WO-2025-000102,MAT-00225,102,102,0
ALC-0000598,WO-2025-000102,MAT-00691,243,243,0
ALC-0000599,WO-2025-000102,MAT-00262,154,154,0
ALC-0000600,WO-2025-000102,MAT-00662,89,89,0
ALC-0000601,WO-2025-000102,MAT-00792,53,53,0
ALC-0000602,WO-2025-000102,MAT-00539,176,176,0
ALC-0000603,WO-2025-000102,MAT-00635,137,137,0
ALC-0000604,WO-2025-000103,MAT-00376,368,368,0
ALC-0000605,WO-2025-000103,MAT-00623,213,213,0
ALC-0000606,WO-2025-000103,MAT-00878,310,310,0
ALC-0000607,WO-2025-000103,MAT-00483,298,298,0
ALC-0000608,WO-2025-000103,MAT-00534,491,491,0
ALC-0000609,WO-2025-000103,MAT-00167,445,445,0
ALC-0000610,WO-2025-000103,MAT-00526,311,311,0
ALC-0000611,WO-2025-000103,MAT-01157,399,399,0
ALC-0000612,WO-2025-000104,MAT-01163,3926,3926,0
ALC-0000613,WO-2025-000104,MAT-00175,4062,4062,0
ALC-0000614,WO-2025-000104,MAT-00618,4379,4379,0
ALC-0000615,WO-2025-000104,MAT-01094,2254,2254,0
ALC-0000616,WO-2025-000104,MAT-00439,4195,4195,0
ALC-0000617,WO-2025-000104,MAT-01170,1703,1703,0
ALC-0000618,WO-2025-000104,MAT-00191,2993,2993,0
ALC-0000619,WO-2025-000104,MAT-00626,2412,2412,0
ALC-0000620,WO-2025-000105,MAT-00195,218,218,0
ALC-0000621,WO-2025-000105,MAT-00931,497,497,0
ALC-0000622,WO-2025-000105,MAT-01148,301,301,0
ALC-0000623,WO-2025-000105,MAT-01059,353,353,0
ALC-0000624,WO-2025-000105,MAT-00034,236,236,0
ALC-0000625,WO-2025-000105,MAT-00900,368,368,0
ALC-0000626,WO-2025-000105,MAT-00371,274,274,0
ALC-0000627,WO-2025-000105,MAT-00190,212,212,0
ALC-0000628,WO-2025-000106,MAT-00086,212,212,0
ALC-0000629,WO-2025-000106,MAT-00568,212,212,0
ALC-0000630,WO-2025-000106,MAT-00748,219,219,0
ALC-0000631,WO-2025-000106,MAT-00851,60,60,0
ALC-0000632,WO-2025-000106,MAT-00417,225,225,0
ALC-0000633,WO-2025-000107,MAT-00454,409,409,0
ALC-0000634,WO-2025-000107,MAT-00295,409,409,0
ALC-0000635,WO-2025-000107,MAT-01078,137,137,0
ALC-0000636,WO-2025-000107,MAT-00802,429,429,0
ALC-0000637,WO-2025-000107,MAT-00150,310,310,0
ALC-0000638,WO-2025-000107,MAT-01135,377,377,0
ALC-0000639,WO-2025-000108,MAT-01087,4380,4380,0
ALC-0000640,WO-2025-000108,MAT-00818,4768,4768,0
ALC-0000641,WO-2025-000108,MAT-00133,3231,3231,0
ALC-0000642,WO-2025-000108,MAT-00705,3266,3266,0
ALC-0000643,WO-2025-000108,MAT-00035,4548,4548,0
ALC-0000644,WO-2025-000108,MAT-00482,4894,4894,0
ALC-0000645,WO-2025-000108,MAT-00249,3014,3014,0
ALC-0000646,WO-2025-000108,MAT-00263,2161,2161,0
ALC-0000647,WO-2025-000109,MAT-00246,75,75,0
ALC-0000648,WO-2025-000109,MAT-00331,114,114,0
ALC-0000649,WO-2025-000109,MAT-00432,63,63,0
ALC-0000650,WO-2025-000109,MAT-00721,176,176,0
ALC-0000651,WO-2025-000110,MAT-00317,169,169,0
ALC-0000652,WO-2025-000110,MAT-00446,157,157,0
ALC-0000653,WO-2025-000110,MAT-00431,91,91,0
ALC-0000654,WO-2025-000110,MAT-00165,160,160,0
ALC-0000655,WO-2025-000110,MAT-00186,137,137,0
ALC-0000656,WO-2025-000111,MAT-00284,1549,1549,0
ALC-0000657,WO-2025-000111,MAT-00949,1379,1379,0
ALC-0000658,WO-2025-000111,MAT-00716,539,539,0
ALC-0000659,WO-2025-000111,MAT-00523,1088,1088,0
ALC-0000660,WO-2025-000111,MAT-00472,1643,1643,0
ALC-0000661,WO-2025-000111,MAT-00982,1035,1035,0
ALC-0000662,WO-2025-000112,MAT-00104,2950,2950,0
ALC-0000663,WO-2025-000112,MAT-00434,1684,1684,0
ALC-0000664,WO-2025-000112,MAT-00569,3070,3070,0
ALC-0000665,WO-2025-000112,MAT-00729,3393,3393,0
ALC-0000666,WO-2025-000112,MAT-00887,1149,1149,0
ALC-0000667,WO-2025-000112,MAT-00019,3297,3297,0
ALC-0000668,WO-2025-000112,MAT-00596,1827,1827,0
ALC-0000669,WO-2025-000113,MAT-00562,4586,4586,0
ALC-0000670,WO-2025-000113,MAT-01078,2346,2346,0
ALC-0000671,WO-2025-000113,MAT-00121,1630,1630,0
ALC-0000672,WO-2025-000113,MAT-00480,1271,1271,0
ALC-0000673,WO-2025-000113,MAT-00494,3550,3550,0
ALC-0000674,WO-2025-000113,MAT-00424,2687,2687,0
ALC-0000675,WO-2025-000113,MAT-00883,3700,3700,0
ALC-0000676,WO-2025-000114,MAT-00567,122,122,0
ALC-0000677,WO-2025-000114,MAT-01126,226,226,0
ALC-0000678,WO-2025-000114,MAT-00524,98,98,0
ALC-0000679,WO-2025-000114,MAT-01172,200,200,0
ALC-0000680,WO-2025-000114,MAT-00450,218,218,0
ALC-0000681,WO-2025-000115,MAT-00050,154,154,0
ALC-0000682,WO-2025-000115,MAT-00331,176,176,0
ALC-0000683,WO-2025-000115,MAT-00444,138,138,0
ALC-0000684,WO-2025-000115,MAT-00728,146,146,0
ALC-0000685,WO-2025-000115,MAT-00224,209,209,0
ALC-0000686,WO-2025-000115,MAT-01160,211,211,0
ALC-0000687,WO-2025-000115,MAT-00451,150,150,0
ALC-0000688,WO-2025-000116,MAT-00543,715,715,0
ALC-0000689,WO-2025-000116,MAT-00948,1030,1030,0
ALC-0000690,WO-2025-000116,MAT-00876,727,727,0
ALC-0000691,WO-2025-000116,MAT-00432,506,506,0
ALC-0000692,WO-2025-000116,MAT-00491,1081,1081,0
ALC-0000693,WO-2025-000116,MAT-00916,622,622,0
ALC-0000694,WO-2025-000116,MAT-01148,1045,1045,0
ALC-0000695,WO-2025-000116,MAT-00554,921,921,0
ALC-0000696,WO-2025-000117,MAT-00936,404,404,0
ALC-0000697,WO-2025-000117,MAT-00977,176,176,0
ALC-0000698,WO-2025-000117,MAT-00859,209,209,0
ALC-0000699,WO-2025-000117,MAT-00691,418,418,0
ALC-0000700,WO-2025-000117,MAT-00425,203,203,0
ALC-0000701,WO-2025-000117,MAT-00350,337,337,0
ALC-0000702,WO-2025-000117,MAT-00291,191,191,0
ALC-0000703,WO-2025-000117,MAT-01055,356,356,0
ALC-0000704,WO-2025-000118,MAT-00637,4863,4863,0
ALC-0000705,WO-2025-000118,MAT-00141,4559,4559,0
ALC-0000706,WO-2025-000118,MAT-00998,2529,2529,0
ALC-0000707,WO-2025-000118,MAT-00577,2793,2793,0
ALC-0000708,WO-2025-000119,MAT-01149,82,82,0
ALC-0000709,WO-2025-000119,MAT-00490,108,108,0
ALC-0000710,WO-2025-000119,MAT-00229,144,144,0
ALC-0000711,WO-2025-000119,MAT-00964,101,101,0
ALC-0000712,WO-2025-000120,MAT-00406,397,397,0
ALC-0000713,WO-2025-000120,MAT-00097,402,402,0
ALC-0000714,WO-2025-000120,MAT-00664,352,352,0
ALC-0000715,WO-2025-000120,MAT-00261,475,475,0
ALC-0000716,WO-2025-000121,MAT-00936,4949,4949,0
ALC-0000717,WO-2025-000121,MAT-00018,4988,4988,0
ALC-0000718,WO-2025-000121,MAT-01037,1548,1548,0
ALC-0000719,WO-2025-000121,MAT-01102,2471,2471,0
ALC-0000720,WO-2025-000121,MAT-00260,2667,2667,0
ALC-0000721,WO-2025-000121,MAT-00426,1538,1538,0
ALC-0000722,WO-2025-000122,MAT-00104,298,298,0
ALC-0000723,WO-2025-000122,MAT-00982,203,203,0
ALC-0000724,WO-2025-000122,MAT-00250,302,302,0
ALC-0000725,WO-2025-000122,MAT-00926,348,348,0
ALC-0000726,WO-2025-000122,MAT-00052,391,391,0
ALC-0000727,WO-2025-000123,MAT-00462,710,710,0
ALC-0000728,WO-2025-000123,MAT-00722,1131,1131,0
ALC-0000729,WO-2025-000123,MAT-01041,1939,1939,0
ALC-0000730,WO-2025-000123,MAT-01116,2099,2099,0
ALC-0000731,WO-2025-000123,MAT-00667,2301,2301,0
ALC-0000732,WO-2025-000123,MAT-00620,1106,1106,0
ALC-0000733,WO-2025-000124,MAT-01114,141,141,0
ALC-0000734,WO-2025-000124,MAT-00627,219,219,0
ALC-0000735,WO-2025-000124,MAT-00170,217,217,0
ALC-0000736,WO-2025-000124,MAT-00389,229,229,0
ALC-0000737,WO-2025-000124,MAT-01019,172,172,0
ALC-0000738,WO-2025-000124,MAT-00392,193,193,0
ALC-0000739,WO-2025-000124,MAT-00935,133,133,0
ALC-0000740,WO-2025-000125,MAT-01074,1526,1526,0
ALC-0000741,WO-2025-000125,MAT-01198,1338,1338,0
ALC-0000742,WO-2025-000125,MAT-00070,694,694,0
ALC-0000743,WO-2025-000125,MAT-00629,1224,1224,0
ALC-0000744,WO-2025-000125,MAT-00806,2075,2075,0
ALC-0000745,WO-2025-000125,MAT-00418,1286,1286,0
ALC-0000746,WO-2025-000126,MAT-00454,411,411,0
ALC-0000747,WO-2025-000126,MAT-00038,207,207,0
ALC-0000748,WO-2025-000126,MAT-00699,133,133,0
ALC-0000749,WO-2025-000126,MAT-00001,333,333,0
ALC-0000750,WO-2025-000127,MAT-00622,116,28,88
ALC-0000751,WO-2025-000127,MAT-00787,397,130,267
ALC-0000752,WO-2025-000127,MAT-00957,407,137,270
ALC-0000753,WO-2025-000127,MAT-00368,286,110,176
ALC-0000754,WO-2025-000128,MAT-00720,2082,2082,0
ALC-0000755,WO-2025-000128,MAT-00283,2747,2747,0
ALC-0000756,WO-2025-000128,MAT-00172,3776,3776,0
ALC-0000757,WO-2025-000128,MAT-00538,4312,4312,0
ALC-0000758,WO-2025-000128,MAT-00436,2875,2875,0
ALC-0000759,WO-2025-000128,MAT-00176,2020,2020,0
ALC-0000760,WO-2025-000129,MAT-00454,296,296,0
ALC-0000761,WO-2025-000129,MAT-00639,466,466,0
ALC-0000762,WO-2025-000129,MAT-00116,731,731,0
ALC-0000763,WO-2025-000129,MAT-01106,770,770,0
ALC-0000764,WO-2025-000129,MAT-00787,580,580,0
ALC-0000765,WO-2025-000130,MAT-00871,459,459,0
ALC-0000766,WO-2025-000130,MAT-01084,1069,1069,0
ALC-0000767,WO-2025-000130,MAT-00692,1221,1221,0
ALC-0000768,WO-2025-000130,MAT-00359,435,435,0
ALC-0000769,WO-2025-000130,MAT-00900,780,780,0
ALC-0000770,WO-2025-000131,MAT-00472,2980,2980,0
ALC-0000771,WO-2025-000131,MAT-00168,4383,4383,0
ALC-0000772,WO-2025-000131,MAT-00661,2798,2798,0
ALC-0000773,WO-2025-000131,MAT-00691,3326,3326,0
ALC-0000774,WO-2025-000131,MAT-01030,1676,1676,0
ALC-0000775,WO-2025-000131,MAT-00486,1718,1718,0
ALC-0000776,WO-2025-000131,MAT-00551,2481,2481,0
ALC-0000777,WO-2025-000131,MAT-00111,2895,2895,0
ALC-0000778,WO-2025-000132,MAT-00329,622,622,0
ALC-0000779,WO-2025-000132,MAT-00026,332,332,0
ALC-0000780,WO-2025-000132,MAT-00664,1189,1189,0
ALC-0000781,WO-2025-000132,MAT-00264,1132,1132,0
ALC-0000782,WO-2025-000132,MAT-00242,590,590,0
ALC-0000783,WO-2025-000133,MAT-00773,907,907,0
ALC-0000784,WO-2025-000133,MAT-00233,432,432,0
ALC-0000785,WO-2025-000133,MAT-01071,899,899,0
ALC-0000786,WO-2025-000133,MAT-00491,327,327,0
ALC-0000787,WO-2025-000133,MAT-00208,1242,1242,0
ALC-0000788,WO-2025-000133,MAT-00917,810,810,0
ALC-0000789,WO-2025-000133,MAT-00363,628,628,0
ALC-0000790,WO-2025-000133,MAT-00278,560,560,0
ALC-0000791,WO-2025-000134,MAT-01087,871,871,0
ALC-0000792,WO-2025-000134,MAT-00313,940,940,0
ALC-0000793,WO-2025-000134,MAT-00931,317,317,0
ALC-0000794,WO-2025-000134,MAT-00332,1040,1040,0
ALC-0000795,WO-2025-000134,MAT-00554,298,298,0
ALC-0000796,WO-2025-000134,MAT-00294,310,310,0
ALC-0000797,WO-2025-000134,MAT-00809,909,909,0
ALC-0000798,WO-2025-000135,MAT-00916,289,289,0
ALC-0000799,WO-2025-000135,MAT-00244,715,715,0
ALC-0000800,WO-2025-000135,MAT-01096,788,788,0
ALC-0000801,WO-2025-000135,MAT-00563,687,687,0
ALC-0000802,WO-2025-000135,MAT-00117,329,329,0
ALC-0000803,WO-2025-000135,MAT-01146,608,608,0
ALC-0000804,WO-2025-000135,MAT-00920,745,745,0
ALC-0000805,WO-2025-000136,MAT-00137,2228,2228,0
ALC-0000806,WO-2025-000136,MAT-00051,785,785,0
ALC-0000807,WO-2025-000136,MAT-01065,926,926,0
ALC-0000808,WO-2025-000136,MAT-01042,1158,1158,0
ALC-0000809,WO-2025-000136,MAT-00834,1282,1282,0
ALC-0000810,WO-2025-000136,MAT-00551,2440,2440,0
ALC-0000811,WO-2025-000137,MAT-00670,2985,2985,0
ALC-0000812,WO-2025-000137,MAT-00711,2549,2549,0
ALC-0000813,WO-2025-000137,MAT-00039,3757,3757,0
ALC-0000814,WO-2025-000137,MAT-00797,4264,4264,0
ALC-0000815,WO-2025-000138,MAT-01149,647,647,0
ALC-0000816,WO-2025-000138,MAT-00417,844,844,0
ALC-0000817,WO-2025-000138,MAT-00930,957,957,0
ALC-0000818,WO-2025-000138,MAT-00624,979,979,0
ALC-0000819,WO-2025-000139,MAT-00213,873,873,0
ALC-0000820,WO-2025-000139,MAT-00546,441,441,0
ALC-0000821,WO-2025-000139,MAT-01105,433,433,0
ALC-0000822,WO-2025-000139,MAT-00800,1140,1140,0
ALC-0000823,WO-2025-000139,MAT-00946,487,487,0
ALC-0000824,WO-2025-000140,MAT-01194,4186,4186,0
ALC-0000825,WO-2025-000140,MAT-00974,2216,2216,0
ALC-0000826,WO-2025-000140,MAT-00367,1288,1288,0
ALC-0000827,WO-2025-000140,MAT-00916,4869,4869,0
ALC-0000828,WO-2025-000140,MAT-00017,4580,4580,0
ALC-0000829,WO-2025-000140,MAT-00989,4309,4309,0
ALC-0000830,WO-2025-000140,MAT-00226,4383,4383,0
ALC-0000831,WO-2025-000141,MAT-00680,629,629,0
ALC-0000832,WO-2025-000141,MAT-00799,1025,1025,0
ALC-0000833,WO-2025-000141,MAT-00029,725,725,0
ALC-0000834,WO-2025-000141,MAT-00241,1121,1121,0
ALC-0000835,WO-2025-000141,MAT-00534,998,998,0
ALC-0000836,WO-2025-000142,MAT-01004,51,51,0
ALC-0000837,WO-2025-000142,MAT-00521,61,61,0
ALC-0000838,WO-2025-000142,MAT-00738,53,53,0
ALC-0000839,WO-2025-000142,MAT-01029,150,150,0
ALC-0000840,WO-2025-000142,MAT-00327,53,53,0
ALC-0000841,WO-2025-000142,MAT-00763,166,166,0
ALC-0000842,WO-2025-000143,MAT-00824,236,236,0
ALC-0000843,WO-2025-000143,MAT-00993,462,462,0
ALC-0000844,WO-2025-000143,MAT-00924,411,411,0
ALC-0000845,WO-2025-000143,MAT-01006,201,201,0
ALC-0000846,WO-2025-000143,MAT-00883,368,368,0
ALC-0000847,WO-2025-000143,MAT-00994,209,209,0
ALC-0000848,WO-2025-000143,MAT-00042,198,198,0
ALC-0000849,WO-2025-000144,MAT-00686,126,126,0
ALC-0000850,WO-2025-000144,MAT-01094,421,421,0
ALC-0000851,WO-2025-000144,MAT-00379,338,338,0
ALC-0000852,WO-2025-000144,MAT-00961,478,478,0
ALC-0000853,WO-2025-000144,MAT-00674,220,220,0
ALC-0000854,WO-2025-000145,MAT-00332,1172,1172,0
ALC-0000855,WO-2025-000145,MAT-01080,352,352,0
ALC-0000856,WO-2025-000145,MAT-00623,1241,1241,0
ALC-0000857,WO-2025-000145,MAT-00393,1202,1202,0
ALC-0000858,WO-2025-000146,MAT-01097,223,223,0
ALC-0000859,WO-2025-000146,MAT-00664,54,54,0
ALC-0000860,WO-2025-000146,MAT-00989,123,123,0
ALC-0000861,WO-2025-000146,MAT-00786,91,91,0
ALC-0000862,WO-2025-000146,MAT-01033,120,120,0
ALC-0000863,WO-2025-000146,MAT-01181,209,209,0
ALC-0000864,WO-2025-000146,MAT-00610,211,211,0
ALC-0000865,WO-2025-000147,MAT-00449,184,184,0
ALC-0000866,WO-2025-000147,MAT-00755,191,191,0
ALC-0000867,WO-2025-000147,MAT-00458,137,137,0
ALC-0000868,WO-2025-000147,MAT-01122,53,53,0
ALC-0000869,WO-2025-000147,MAT-00650,223,223,0
ALC-0000870,WO-2025-000147,MAT-00970,194,194,0
ALC-0000871,WO-2025-000147,MAT-00959,84,84,0
ALC-0000872,WO-2025-000147,MAT-00946,242,242,0
ALC-0000873,WO-2025-000148,MAT-00481,880,880,0
ALC-0000874,WO-2025-000148,MAT-00516,964,964,0
ALC-0000875,WO-2025-000148,MAT-00083,681,681,0
ALC-0000876,WO-2025-000148,MAT-00137,532,532,0
ALC-0000877,WO-2025-000148,MAT-00431,721,721,0
ALC-0000878,WO-2025-000149,MAT-01115,206,206,0
ALC-0000879,WO-2025-000149,MAT-00188,114,114,0
ALC-0000880,WO-2025-000149,MAT-01138,178,178,0
ALC-0000881,WO-2025-000149,MAT-01105,318,318,0
ALC-0000882,WO-2025-000149,MAT-01198,403,403,0
ALC-0000883,WO-2025-000149,MAT-00549,467,467,0
ALC-0000884,WO-2025-000149,MAT-01122,325,325,0
ALC-0000885,WO-2025-000150,MAT-00374,882,882,0
ALC-0000886,WO-2025-000150,MAT-00496,936,936,0
ALC-0000887,WO-2025-000150,MAT-00960,1055,1055,0
ALC-0000888,WO-2025-000150,MAT-00253,539,539,0
ALC-0000889,WO-2025-000151,MAT-00520,76,76,0
ALC-0000890,WO-2025-000151,MAT-00156,205,205,0
ALC-0000891,WO-2025-000151,MAT-00653,238,238,0
ALC-0000892,WO-2025-000151,MAT-00120,218,218,0
ALC-0000893,WO-2025-000152,MAT-00837,269,269,0
ALC-0000894,WO-2025-000152,MAT-00671,317,317,0
ALC-0000895,WO-2025-000152,MAT-00267,357,357,0
ALC-0000896,WO-2025-000152,MAT-00513,255,255,0
ALC-0000897,WO-2025-000152,MAT-01064,496,496,0
ALC-0000898,WO-2025-000153,MAT-01121,100,100,0
ALC-0000899,WO-2025-000153,MAT-00623,217,217,0
ALC-0000900,WO-2025-000153,MAT-01022,124,124,0
ALC-0000901,WO-2025-000153,MAT-00984,91,91,0
ALC-0000902,WO-2025-000153,MAT-00124,188,188,0
ALC-0000903,WO-2025-000153,MAT-00824,219,219,0
ALC-0000904,WO-2025-000153,MAT-00288,200,200,0
ALC-0000905,WO-2025-000153,MAT-00501,202,202,0
ALC-0000906,WO-2025-000154,MAT-00115,491,491,0
ALC-0000907,WO-2025-000154,MAT-00965,1096,1096,0
ALC-0000908,WO-2025-000154,MAT-00665,946,946,0
ALC-0000909,WO-2025-000154,MAT-00320,1059,1059,0
ALC-0000910,WO-2025-000154,MAT-00325,749,749,0
ALC-0000911,WO-2025-000154,MAT-00927,310,310,0
ALC-0000912,WO-2025-000155,MAT-01018,458,458,0
ALC-0000913,WO-2025-000155,MAT-00018,137,137,0
ALC-0000914,WO-2025-000155,MAT-00850,101,101,0
ALC-0000915,WO-2025-000155,MAT-00007,145,145,0
ALC-0000916,WO-2025-000155,MAT-00492,164,164,0
ALC-0000917,WO-2025-000155,MAT-00629,154,154,0
ALC-0000918,WO-2025-000155,MAT-00496,216,216,0
ALC-0000919,WO-2025-000156,MAT-00686,104,104,0
ALC-0000920,WO-2025-000156,MAT-00811,162,162,0
ALC-0000921,WO-2025-000156,MAT-00178,380,380,0
ALC-0000922,WO-2025-000156,MAT-00738,469,469,0
ALC-0000923,WO-2025-000156,MAT-00512,296,296,0
ALC-0000924,WO-2025-000156,MAT-00533,408,408,0
ALC-0000925,WO-2025-000156,MAT-00322,271,271,0
ALC-0000926,WO-2025-000156,MAT-00873,145,145,0
ALC-0000927,WO-2025-000157,MAT-00305,2675,2675,0
ALC-0000928,WO-2025-000157,MAT-00579,4840,4840,0
ALC-0000929,WO-2025-000157,MAT-00150,3061,3061,0
ALC-0000930,WO-2025-000157,MAT-00013,1937,1937,0
ALC-0000931,WO-2025-000157,MAT-01025,1272,1272,0
ALC-0000932,WO-2025-000157,MAT-00772,2123,2123,0
ALC-0000933,WO-2025-000157,MAT-00599,4453,4453,0
ALC-0000934,WO-2025-000158,MAT-00052,210,210,0
ALC-0000935,WO-2025-000158,MAT-00406,149,149,0
ALC-0000936,WO-2025-000158,MAT-01096,184,184,0
ALC-0000937,WO-2025-000158,MAT-00911,126,126,0
ALC-0000938,WO-2025-000159,MAT-00246,1334,1334,0
ALC-0000939,WO-2025-000159,MAT-00378,2190,2190,0
ALC-0000940,WO-2025-000159,MAT-00997,3879,3879,0
ALC-0000941,WO-2025-000159,MAT-00150,4247,4247,0
ALC-0000942,WO-2025-000159,MAT-00758,2115,2115,0
ALC-0000943,WO-2025-000159,MAT-00269,3537,3537,0
ALC-0000944,WO-2025-000159,MAT-00688,2766,2766,0
ALC-0000945,WO-2025-000160,MAT-00942,1081,1081,0
ALC-0000946,WO-2025-000160,MAT-00521,1904,1904,0
ALC-0000947,WO-2025-000160,MAT-01081,808,808,0
ALC-0000948,WO-2025-000160,MAT-01184,1126,1126,0
ALC-0000949,WO-2025-000160,MAT-01086,1853,1853,0
ALC-0000950,WO-2025-000161,MAT-00311,2508,2508,0
ALC-0000951,WO-2025-000161,MAT-00179,4193,4193,0
ALC-0000952,WO-2025-000161,MAT-00111,2391,2391,0
ALC-0000953,WO-2025-000161,MAT-00914,4934,4934,0
ALC-0000954,WO-2025-000161,MAT-01046,2168,2168,0
ALC-0000955,WO-2025-000161,MAT-00920,2237,2237,0
ALC-0000956,WO-2025-000162,MAT-00104,1155,1155,0
ALC-0000957,WO-2025-000162,MAT-01149,846,846,0
ALC-0000958,WO-2025-000162,MAT-01116,270,270,0
ALC-0000959,WO-2025-000162,MAT-00385,1103,1103,0
ALC-0000960,WO-2025-000162,MAT-00042,660,660,0
ALC-0000961,WO-2025-000162,MAT-01117,513,513,0
ALC-0000962,WO-2025-000162,MAT-01062,953,953,0
ALC-0000963,WO-2025-000163,MAT-00659,223,223,0
ALC-0000964,WO-2025-000163,MAT-00236,203,203,0
ALC-0000965,WO-2025-000163,MAT-00708,212,212,0
ALC-0000966,WO-2025-000163,MAT-00212,91,91,0
ALC-0000967,WO-2025-000163,MAT-00581,182,182,0
ALC-0000968,WO-2025-000163,MAT-00136,231,231,0
ALC-0000969,WO-2025-000164,MAT-00093,4226,4226,0
ALC-0000970,WO-2025-000164,MAT-01104,2143,2143,0
ALC-0000971,WO-2025-000164,MAT-01170,3322,3322,0
ALC-0000972,WO-2025-000164,MAT-00392,1636,1636,0
ALC-0000973,WO-2025-000164,MAT-00464,3837,3837,0
ALC-0000974,WO-2025-000164,MAT-00961,1357,1357,0
ALC-0000975,WO-2025-000165,MAT-00115,3316,3316,0
ALC-0000976,WO-2025-000165,MAT-00451,1503,1503,0
ALC-0000977,WO-2025-000165,MAT-00256,3501,3501,0
ALC-0000978,WO-2025-000165,MAT-00745,1758,1758,0
ALC-0000979,WO-2025-000165,MAT-00437,4047,4047,0
ALC-0000980,WO-2025-000166,MAT-00914,951,951,0
ALC-0000981,WO-2025-000166,MAT-01151,472,472,0
ALC-0000982,WO-2025-000166,MAT-01195,391,391,0
ALC-0000983,WO-2025-000166,MAT-00486,1038,1038,0
ALC-0000984,WO-2025-000166,MAT-00417,1149,1149,0
ALC-0000985,WO-2025-000166,MAT-01018,918,918,0
ALC-0000986,WO-2025-000166,MAT-00458,553,553,0
ALC-0000987,WO-2025-000167,MAT-00420,175,175,0
ALC-0000988,WO-2025-000167,MAT-00772,249,249,0
ALC-0000989,WO-2025-000167,MAT-00852,220,220,0
ALC-0000990,WO-2025-000167,MAT-00333,180,180,0
ALC-0000991,WO-2025-000167,MAT-00990,90,90,0
ALC-0000992,WO-2025-000167,MAT-00227,100,100,0
ALC-0000993,WO-2025-000167,MAT-00876,60,60,0
ALC-0000994,WO-2025-000167,MAT-00488,98,98,0
ALC-0000995,WO-2025-000168,MAT-01004,407,407,0
ALC-0000996,WO-2025-000168,MAT-01104,378,378,0
ALC-0000997,WO-2025-000168,MAT-01110,1216,1216,0
ALC-0000998,WO-2025-000168,MAT-01118,250,250,0
ALC-0000999,WO-2025-000168,MAT-00649,472,472,0
ALC-0001000,WO-2025-000168,MAT-00671,313,313,0
ALC-0001001,WO-2025-000168,MAT-00920,940,940,0
ALC-0001002,WO-2025-000168,MAT-01079,750,750,0
ALC-0001003,WO-2025-000169,MAT-01081,1720,1720,0
ALC-0001004,WO-2025-000169,MAT-00241,1295,1295,0
ALC-0001005,WO-2025-000169,MAT-00459,2048,2048,0
ALC-0001006,WO-2025-000169,MAT-00476,1066,1066,0
ALC-0001007,WO-2025-000169,MAT-01073,2173,2173,0
ALC-0001008,WO-2025-000169,MAT-00427,1376,1376,0
ALC-0001009,WO-2025-000169,MAT-00220,1191,1191,0
ALC-0001010,WO-2025-000170,MAT-01119,1210,1210,0
ALC-0001011,WO-2025-000170,MAT-00312,1837,1837,0
ALC-0001012,WO-2025-000170,MAT-00914,4727,4727,0
ALC-0001013,WO-2025-000170,MAT-01105,3901,3901,0
ALC-0001014,WO-2025-000170,MAT-00501,4874,4874,0
ALC-0001015,WO-2025-000170,MAT-00306,1030,1030,0
ALC-0001016,WO-2025-000170,MAT-00967,3401,3401,0
ALC-0001017,WO-2025-000170,MAT-01044,2326,2326,0
ALC-0001018,WO-2025-000171,MAT-00915,192,192,0
ALC-0001019,WO-2025-000171,MAT-01168,239,239,0
ALC-0001020,WO-2025-000171,MAT-01186,225,225,0
ALC-0001021,WO-2025-000171,MAT-00855,118,118,0
ALC-0001022,WO-2025-000171,MAT-00823,99,99,0
ALC-0001023,WO-2025-000171,MAT-00284,207,207,0
ALC-0001024,WO-2025-000172,MAT-00556,1247,1247,0
ALC-0001025,WO-2025-000172,MAT-00359,1713,1713,0
ALC-0001026,WO-2025-000172,MAT-00485,2290,2290,0
ALC-0001027,WO-2025-000172,MAT-01176,779,779,0
ALC-0001028,WO-2025-000173,MAT-00690,77,77,0
ALC-0001029,WO-2025-000173,MAT-00237,150,150,0
ALC-0001030,WO-2025-000173,MAT-00382,134,134,0
ALC-0001031,WO-2025-000173,MAT-00126,242,242,0
ALC-0001032,WO-2025-000173,MAT-00586,200,200,0
ALC-0001033,WO-2025-000173,MAT-00786,182,182,0
ALC-0001034,WO-2025-000173,MAT-00526,183,183,0
ALC-0001035,WO-2025-000174,MAT-00332,651,651,0
ALC-0001036,WO-2025-000174,MAT-00419,1077,1077,0
ALC-0001037,WO-2025-000174,MAT-00992,1019,1019,0
ALC-0001038,WO-2025-000174,MAT-00129,1169,1169,0
ALC-0001039,WO-2025-000175,MAT-00969,1054,1054,0
ALC-0001040,WO-2025-000175,MAT-01102,1182,1182,0
ALC-0001041,WO-2025-000175,MAT-00332,547,547,0
ALC-0001042,WO-2025-000175,MAT-00374,365,365,0
ALC-0001043,WO-2025-000175,MAT-00704,550,550,0
ALC-0001044,WO-2025-000175,MAT-00108,453,453,0
ALC-0001045,WO-2025-000176,MAT-00622,1019,1019,0
ALC-0001046,WO-2025-000176,MAT-00519,1476,1476,0
ALC-0001047,WO-2025-000176,MAT-00754,2282,2282,0
ALC-0001048,WO-2025-000176,MAT-00098,1673,1673,0
ALC-0001049,WO-2025-000176,MAT-00775,2218,2218,0
ALC-0001050,WO-2025-000177,MAT-01018,1997,1997,0
ALC-0001051,WO-2025-000177,MAT-00608,3397,3397,0
ALC-0001052,WO-2025-000177,MAT-00901,1429,1429,0
ALC-0001053,WO-2025-000177,MAT-00595,3424,3424,0
ALC-0001054,WO-2025-000177,MAT-00184,4306,4306,0
ALC-0001055,WO-2025-000178,MAT-00622,3869,3869,0
ALC-0001056,WO-2025-000178,MAT-01037,1646,1646,0
ALC-0001057,WO-2025-000178,MAT-01098,4558,4558,0
ALC-0001058,WO-2025-000178,MAT-00924,2060,2060,0
ALC-0001059,WO-2025-000178,MAT-00355,2079,2079,0
ALC-0001060,WO-2025-000178,MAT-00794,3033,3033,0
ALC-0001061,WO-2025-000178,MAT-00226,4361,4361,0
ALC-0001062,WO-2025-000179,MAT-00476,4078,4078,0
ALC-0001063,WO-2025-000179,MAT-00885,1551,1551,0
ALC-0001064,WO-2025-000179,MAT-00800,3107,3107,0
ALC-0001065,WO-2025-000179,MAT-00899,4267,4267,0
ALC-0001066,WO-2025-000179,MAT-00939,3038,3038,0
ALC-0001067,WO-2025-000179,MAT-01104,1610,1610,0
ALC-0001068,WO-2025-000179,MAT-00944,3119,3119,0
ALC-0001069,WO-2025-000179,MAT-00664,3121,3121,0
ALC-0001070,WO-2025-000180,MAT-01004,947,947,0
ALC-0001071,WO-2025-000180,MAT-00622,2427,2427,0
ALC-0001072,WO-2025-000180,MAT-00584,1989,1989,0
ALC-0001073,WO-2025-000180,MAT-00841,692,692,0
ALC-0001074,WO-2025-000180,MAT-01195,1329,1329,0
ALC-0001075,WO-2025-000180,MAT-00482,957,957,0
ALC-0001076,WO-2025-000180,MAT-00688,1717,1717,0
ALC-0001077,WO-2025-000180,MAT-01008,1410,1410,0
ALC-0001078,WO-2025-000181,MAT-00147,823,823,0
ALC-0001079,WO-2025-000181,MAT-00223,1451,1451,0
ALC-0001080,WO-2025-000181,MAT-00632,1471,1471,0
ALC-0001081,WO-2025-000181,MAT-00298,1999,1999,0
ALC-0001082,WO-2025-000181,MAT-00389,747,747,0
ALC-0001083,WO-2025-000181,MAT-01185,850,850,0
ALC-0001084,WO-2025-000182,MAT-00639,4792,4792,0
ALC-0001085,WO-2025-000182,MAT-00397,2596,2596,0
ALC-0001086,WO-2025-000182,MAT-00376,4074,4074,0
ALC-0001087,WO-2025-000182,MAT-00203,2715,2715,0
ALC-0001088,WO-2025-000182,MAT-00055,3569,3569,0
ALC-0001089,WO-2025-000182,MAT-00595,4404,4404,0
ALC-0001090,WO-2025-000183,MAT-00454,427,427,0
ALC-0001091,WO-2025-000183,MAT-00983,530,530,0
ALC-0001092,WO-2025-000183,MAT-00901,865,865,0
ALC-0001093,WO-2025-000183,MAT-01075,682,682,0
ALC-0001094,WO-2025-000183,MAT-00948,937,937,0
ALC-0001095,WO-2025-000184,MAT-01073,782,782,0
ALC-0001096,WO-2025-000184,MAT-00067,1642,1642,0
ALC-0001097,WO-2025-000184,MAT-00773,1345,1345,0
ALC-0001098,WO-2025-000184,MAT-01140,1081,1081,0
ALC-0001099,WO-2025-000184,MAT-01040,2172,2172,0
ALC-0001100,WO-2025-000184,MAT-00806,1008,1008,0
ALC-0001101,WO-2025-000184,MAT-01173,1842,1842,0
ALC-0001102,WO-2025-000185,MAT-00974,354,354,0
ALC-0001103,WO-2025-000185,MAT-00613,471,471,0
ALC-0001104,WO-2025-000185,MAT-00384,223,223,0
ALC-0001105,WO-2025-000185,MAT-00461,330,330,0
ALC-0001106,WO-2025-000185,MAT-00767,459,459,0
ALC-0001107,WO-2025-000185,MAT-00568,274,274,0
ALC-0001108,WO-2025-000185,MAT-00304,119,119,0
ALC-0001109,WO-2025-000185,MAT-00976,319,319,0
ALC-0001110,WO-2025-000186,MAT-00005,2995,2995,0
ALC-0001111,WO-2025-000186,MAT-01016,2452,2452,0
ALC-0001112,WO-2025-000186,MAT-00795,1479,1479,0
ALC-0001113,WO-2025-000186,MAT-00651,2058,2058,0
ALC-0001114,WO-2025-000186,MAT-00615,4954,4954,0
ALC-0001115,WO-2025-000186,MAT-00291,1539,1539,0
ALC-0001116,WO-2025-000186,MAT-00537,4893,4893,0
ALC-0001117,WO-2025-000187,MAT-01052,1218,1218,0
ALC-0001118,WO-2025-000187,MAT-00789,1157,1157,0
ALC-0001119,WO-2025-000187,MAT-00938,280,280,0
ALC-0001120,WO-2025-000187,MAT-00324,652,652,0
ALC-0001121,WO-2025-000187,MAT-00552,954,954,0
ALC-0001122,WO-2025-000187,MAT-00884,1018,1018,0
ALC-0001123,WO-2025-000188,MAT-01013,2166,2166,0
ALC-0001124,WO-2025-000188,MAT-00230,1568,1568,0
ALC-0001125,WO-2025-000188,MAT-01040,1769,1769,0
ALC-0001126,WO-2025-000188,MAT-00870,1453,1453,0
ALC-0001127,WO-2025-000189,MAT-00759,625,625,0
ALC-0001128,WO-2025-000189,MAT-00978,746,746,0
ALC-0001129,WO-2025-000189,MAT-00293,1593,1593,0
ALC-0001130,WO-2025-000189,MAT-00370,1179,1179,0
ALC-0001131,WO-2025-000189,MAT-00528,2154,2154,0
ALC-0001132,WO-2025-000189,MAT-00509,2009,2009,0
ALC-0001133,WO-2025-000189,MAT-00408,888,888,0
ALC-0001134,WO-2025-000189,MAT-00464,907,907,0
ALC-0001135,WO-2025-000190,MAT-00132,1488,1488,0
ALC-0001136,WO-2025-000190,MAT-00939,1822,1822,0
ALC-0001137,WO-2025-000190,MAT-00187,2474,2474,0
ALC-0001138,WO-2025-000190,MAT-00276,1390,1390,0
ALC-0001139,WO-2025-000190,MAT-01175,1516,1516,0
ALC-0001140,WO-2025-000190,MAT-00164,1039,1039,0
ALC-0001141,WO-2025-000190,MAT-01050,1867,1867,0
ALC-0001142,WO-2025-000191,MAT-00209,953,953,0
ALC-0001143,WO-2025-000191,MAT-00557,659,659,0
ALC-0001144,WO-2025-000191,MAT-00527,623,623,0
ALC-0001145,WO-2025-000191,MAT-00096,899,899,0
ALC-0001146,WO-2025-000191,MAT-00185,517,517,0
ALC-0001147,WO-2025-000192,MAT-01149,434,434,0
ALC-0001148,WO-2025-000192,MAT-00723,675,675,0
ALC-0001149,WO-2025-000192,MAT-00356,276,276,0
ALC-0001150,WO-2025-000192,MAT-01123,641,641,0
ALC-0001151,WO-2025-000192,MAT-00816,1159,1159,0
ALC-0001152,WO-2025-000192,MAT-00411,523,523,0
ALC-0001153,WO-2025-000193,MAT-00579,825,825,0
ALC-0001154,WO-2025-000193,MAT-00710,938,938,0
ALC-0001155,WO-2025-000193,MAT-00779,1136,1136,0
ALC-0001156,WO-2025-000193,MAT-00312,356,356,0
ALC-0001157,WO-2025-000193,MAT-00021,710,710,0
ALC-0001158,WO-2025-000193,MAT-01132,986,986,0
ALC-0001159,WO-2025-000193,MAT-01118,477,477,0
ALC-0001160,WO-2025-000193,MAT-00688,607,607,0
ALC-0001161,WO-2025-000194,MAT-00033,73,73,0
ALC-0001162,WO-2025-000194,MAT-00501,242,242,0
ALC-0001163,WO-2025-000194,MAT-00280,240,240,0
ALC-0001164,WO-2025-000194,MAT-00158,211,211,0
ALC-0001165,WO-2025-000194,MAT-00911,142,142,0
ALC-0001166,WO-2025-000194,MAT-00918,178,178,0
ALC-0001167,WO-2025-000194,MAT-00291,142,142,0
ALC-0001168,WO-2025-000194,MAT-01149,242,242,0
ALC-0001169,WO-2025-000195,MAT-01094,104,104,0
ALC-0001170,WO-2025-000195,MAT-00539,203,203,0
ALC-0001171,WO-2025-000195,MAT-00289,136,136,0
ALC-0001172,WO-2025-000195,MAT-00350,127,127,0
ALC-0001173,WO-2025-000195,MAT-00916,125,125,0
ALC-0001174,WO-2025-000196,MAT-01073,452,452,0
ALC-0001175,WO-2025-000196,MAT-00170,330,330,0
ALC-0001176,WO-2025-000196,MAT-00586,438,438,0
ALC-0001177,WO-2025-000196,MAT-00591,230,230,0
ALC-0001178,WO-2025-000196,MAT-01121,437,437,0
ALC-0001179,WO-2025-000197,MAT-00468,1146,1146,0
ALC-0001180,WO-2025-000197,MAT-00234,1193,1193,0
ALC-0001181,WO-2025-000197,MAT-01165,866,866,0
ALC-0001182,WO-2025-000197,MAT-00080,354,354,0
ALC-0001183,WO-2025-000198,MAT-01133,819,819,0
ALC-0001184,WO-2025-000198,MAT-00221,589,589,0
ALC-0001185,WO-2025-000198,MAT-00114,846,846,0
ALC-0001186,WO-2025-000198,MAT-00557,665,665,0
ALC-0001187,WO-2025-000198,MAT-00379,583,583,0
ALC-0001188,WO-2025-000198,MAT-00261,617,617,0
ALC-0001189,WO-2025-000198,MAT-00073,397,397,0
ALC-0001190,WO-2025-000198,MAT-00370,1235,1235,0
ALC-0001191,WO-2025-000199,MAT-00437,147,147,0
ALC-0001192,WO-2025-000199,MAT-00431,54,54,0
ALC-0001193,WO-2025-000199,MAT-01103,98,98,0
ALC-0001194,WO-2025-000199,MAT-00275,130,130,0
ALC-0001195,WO-2025-000200,MAT-00420,4370,4370,0
ALC-0001196,WO-2025-000200,MAT-00038,4636,4636,0
ALC-0001197,WO-2025-000200,MAT-00439,2231,2231,0
ALC-0001198,WO-2025-000200,MAT-00877,1943,1943,0
ALC-0001199,WO-2025-000201,MAT-00342,424,424,0
ALC-0001200,WO-2025-000201,MAT-00718,413,413,0
ALC-0001201,WO-2025-000201,MAT-00866,452,452,0
ALC-0001202,WO-2025-000201,MAT-00705,432,432,0
ALC-0001203,WO-2025-000201,MAT-01087,492,492,0
ALC-0001204,WO-2025-000201,MAT-00421,399,399,0
ALC-0001205,WO-2025-000201,MAT-00535,227,227,0
ALC-0001206,WO-2025-000202,MAT-00458,121,121,0
ALC-0001207,WO-2025-000202,MAT-00678,60,60,0
ALC-0001208,WO-2025-000202,MAT-00840,96,96,0
ALC-0001209,WO-2025-000202,MAT-00111,51,51,0
ALC-0001210,WO-2025-000202,MAT-00574,162,162,0
ALC-0001211,WO-2025-000202,MAT-00688,63,63,0
ALC-0001212,WO-2025-000202,MAT-00193,88,88,0
ALC-0001213,WO-2025-000202,MAT-00330,140,140,0
ALC-0001214,WO-2025-000203,MAT-00494,1073,1073,0
ALC-0001215,WO-2025-000203,MAT-01182,869,869,0
ALC-0001216,WO-2025-000203,MAT-00978,1243,1243,0
ALC-0001217,WO-2025-000203,MAT-00463,1039,1039,0
ALC-0001218,WO-2025-000203,MAT-00623,1094,1094,0
ALC-0001219,WO-2025-000203,MAT-00216,635,635,0
ALC-0001220,WO-2025-000204,MAT-01000,491,491,0
ALC-0001221,WO-2025-000204,MAT-01150,1033,1033,0
ALC-0001222,WO-2025-000204,MAT-00326,533,533,0
ALC-0001223,WO-2025-000204,MAT-00311,321,321,0
ALC-0001224,WO-2025-000204,MAT-00425,847,847,0
ALC-0001225,WO-2025-000205,MAT-00566,204,204,0
ALC-0001226,WO-2025-000205,MAT-00635,162,162,0
ALC-0001227,WO-2025-000205,MAT-00144,84,84,0
ALC-0001228,WO-2025-000205,MAT-00892,64,64,0
ALC-0001229,WO-2025-000206,MAT-00556,346,346,0
ALC-0001230,WO-2025-000206,MAT-00208,212,212,0
ALC-0001231,WO-2025-000206,MAT-00267,243,243,0
ALC-0001232,WO-2025-000206,MAT-00451,233,233,0
ALC-0001233,WO-2025-000207,MAT-00252,942,942,0
ALC-0001234,WO-2025-000207,MAT-00316,328,328,0
ALC-0001235,WO-2025-000207,MAT-00665,1046,1046,0
ALC-0001236,WO-2025-000207,MAT-00376,1155,1155,0
ALC-0001237,WO-2025-000208,MAT-00332,376,376,0
ALC-0001238,WO-2025-000208,MAT-00368,236,236,0
ALC-0001239,WO-2025-000208,MAT-01152,443,443,0
ALC-0001240,WO-2025-000208,MAT-00776,375,375,0
ALC-0001241,WO-2025-000208,MAT-00950,113,113,0
ALC-0001242,WO-2025-000208,MAT-00717,208,208,0
ALC-0001243,WO-2025-000208,MAT-00926,495,495,0
ALC-0001244,WO-2025-000209,MAT-01186,514,514,0
ALC-0001245,WO-2025-000209,MAT-00311,691,691,0
ALC-0001246,WO-2025-000209,MAT-00185,299,299,0
ALC-0001247,WO-2025-000209,MAT-00464,286,286,0
ALC-0001248,WO-2025-000209,MAT-00076,1081,1081,0
ALC-0001249,WO-2025-000210,MAT-00838,993,993,0
ALC-0001250,WO-2025-000210,MAT-00315,2216,2216,0
ALC-0001251,WO-2025-000210,MAT-00866,514,514,0
ALC-0001252,WO-2025-000210,MAT-00243,1850,1850,0
ALC-0001253,WO-2025-000211,MAT-00853,4773,4773,0
ALC-0001254,WO-2025-000211,MAT-00185,4560,4560,0
ALC-0001255,WO-2025-000211,MAT-00738,2124,2124,0
ALC-0001256,WO-2025-000211,MAT-01145,2570,2570,0
ALC-0001257,WO-2025-000212,MAT-01067,2289,2289,0
ALC-0001258,WO-2025-000212,MAT-00612,4154,4154,0
ALC-0001259,WO-2025-000212,MAT-00761,3952,3952,0
ALC-0001260,WO-2025-000212,MAT-01146,2200,2200,0
ALC-0001261,WO-2025-000212,MAT-00009,3477,3477,0
ALC-0001262,WO-2025-000212,MAT-01080,1169,1169,0
ALC-0001263,WO-2025-000212,MAT-00865,3709,3709,0
ALC-0001264,WO-2025-000212,MAT-00569,2136,2136,0
ALC-0001265,WO-2025-000213,MAT-01042,1496,1496,0
ALC-0001266,WO-2025-000213,MAT-00695,2004,2004,0
ALC-0001267,WO-2025-000213,MAT-00668,1973,1973,0
ALC-0001268,WO-2025-000213,MAT-00581,2685,2685,0
ALC-0001269,WO-2025-000214,MAT-01133,481,481,0
ALC-0001270,WO-2025-000214,MAT-00599,499,499,0
ALC-0001271,WO-2025-000214,MAT-00877,348,348,0
ALC-0001272,WO-2025-000214,MAT-00565,252,252,0
ALC-0001273,WO-2025-000214,MAT-00592,234,234,0
ALC-0001274,WO-2025-000214,MAT-00865,286,286,0
ALC-0001275,WO-2025-000214,MAT-00135,255,255,0
ALC-0001276,WO-2025-000214,MAT-00739,422,422,0
ALC-0001277,WO-2025-000215,MAT-01149,3283,3283,0
ALC-0001278,WO-2025-000215,MAT-00025,2437,2437,0
ALC-0001279,WO-2025-000215,MAT-00370,4525,4525,0
ALC-0001280,WO-2025-000215,MAT-00990,1479,1479,0
ALC-0001281,WO-2025-000215,MAT-00338,4442,4442,0
ALC-0001282,WO-2025-000215,MAT-00632,3387,3387,0
ALC-0001283,WO-2025-000215,MAT-00401,4170,4170,0
ALC-0001284,WO-2025-000216,MAT-00825,3483,3483,0
ALC-0001285,WO-2025-000216,MAT-00491,4802,4802,0
ALC-0001286,WO-2025-000216,MAT-01183,3744,3744,0
ALC-0001287,WO-2025-000216,MAT-00237,2217,2217,0
ALC-0001288,WO-2025-000216,MAT-00303,2848,2848,0
ALC-0001289,WO-2025-000216,MAT-00075,4679,4679,0
ALC-0001290,WO-2025-000216,MAT-00406,2572,2572,0
ALC-0001291,WO-2025-000216,MAT-00417,1232,1232,0
ALC-0001292,WO-2025-000217,MAT-00420,1534,1534,0
ALC-0001293,WO-2025-000217,MAT-00692,3260,3260,0
ALC-0001294,WO-2025-000217,MAT-00607,2325,2325,0
ALC-0001295,WO-2025-000217,MAT-00335,1700,1700,0
ALC-0001296,WO-2025-000218,MAT-01011,2199,2199,0
ALC-0001297,WO-2025-000218,MAT-00685,2792,2792,0
ALC-0001298,WO-2025-000218,MAT-00706,4817,4817,0
ALC-0001299,WO-2025-000218,MAT-01013,1641,1641,0
ALC-0001300,WO-2025-000218,MAT-00172,1804,1804,0
ALC-0001301,WO-2025-000219,MAT-01158,4616,4616,0
ALC-0001302,WO-2025-000219,MAT-00400,4434,4434,0
ALC-0001303,WO-2025-000219,MAT-00430,2469,2469,0
ALC-0001304,WO-2025-000219,MAT-00045,1955,1955,0
ALC-0001305,WO-2025-000219,MAT-00459,4643,4643,0
ALC-0001306,WO-2025-000219,MAT-00175,1281,1281,0
ALC-0001307,WO-2025-000220,MAT-00191,4772,4772,0
ALC-0001308,WO-2025-000220,MAT-00014,1860,1860,0
ALC-0001309,WO-2025-000220,MAT-00045,4227,4227,0
ALC-0001310,WO-2025-000220,MAT-00096,1825,1825,0
ALC-0001311,WO-2025-000220,MAT-00365,4319,4319,0
ALC-0001312,WO-2025-000220,MAT-00974,2877,2877,0
ALC-0001313,WO-2025-000220,MAT-00904,4544,4544,0
ALC-0001314,WO-2025-000221,MAT-00052,1083,1083,0
ALC-0001315,WO-2025-000221,MAT-00419,1915,1915,0
ALC-0001316,WO-2025-000221,MAT-01054,3137,3137,0
ALC-0001317,WO-2025-000221,MAT-00859,2607,2607,0
ALC-0001318,WO-2025-000221,MAT-00641,2980,2980,0
ALC-0001319,WO-2025-000222,MAT-00147,347,347,0
ALC-0001320,WO-2025-000222,MAT-00625,113,113,0
ALC-0001321,WO-2025-000222,MAT-00332,243,243,0
ALC-0001322,WO-2025-000222,MAT-00307,166,166,0
ALC-0001323,WO-2025-000222,MAT-00718,208,208,0
ALC-0001324,WO-2025-000222,MAT-01057,182,182,0
ALC-0001325,WO-2025-000222,MAT-00094,389,389,0
ALC-0001326,WO-2025-000222,MAT-00627,471,471,0
ALC-0001327,WO-2025-000223,MAT-00680,1990,1990,0
ALC-0001328,WO-2025-000223,MAT-01164,1054,1054,0
ALC-0001329,WO-2025-000223,MAT-00011,1391,1391,0
ALC-0001330,WO-2025-000223,MAT-00865,936,936,0
ALC-0001331,WO-2025-000224,MAT-00663,236,236,0
ALC-0001332,WO-2025-000224,MAT-00393,90,90,0
ALC-0001333,WO-2025-000224,MAT-00105,174,174,0
ALC-0001334,WO-2025-000224,MAT-00254,67,67,0
ALC-0001335,WO-2025-000225,MAT-01094,110,110,0
ALC-0001336,WO-2025-000225,MAT-01123,243,243,0
ALC-0001337,WO-2025-000225,MAT-00687,112,112,0
ALC-0001338,WO-2025-000225,MAT-00428,148,148,0
ALC-0001339,WO-2025-000225,MAT-00635,229,229,0
ALC-0001340,WO-2025-000225,MAT-00745,79,79,0
ALC-0001341,WO-2025-000225,MAT-00270,114,114,0
ALC-0001342,WO-2025-000225,MAT-00697,57,57,0
ALC-0001343,WO-2025-000226,MAT-01115,584,584,0
ALC-0001344,WO-2025-000226,MAT-00745,1304,1304,0
ALC-0001345,WO-2025-000226,MAT-00189,899,899,0
ALC-0001346,WO-2025-000226,MAT-00220,2226,2226,0
ALC-0001347,WO-2025-000227,MAT-00759,3141,3141,0
ALC-0001348,WO-2025-000227,MAT-00854,1925,1925,0
ALC-0001349,WO-2025-000227,MAT-00836,4958,4958,0
ALC-0001350,WO-2025-000227,MAT-00812,1511,1511,0
ALC-0001351,WO-2025-000228,MAT-00845,1671,1671,0
ALC-0001352,WO-2025-000228,MAT-00337,1645,1645,0
ALC-0001353,WO-2025-000228,MAT-01198,1913,1913,0
ALC-0001354,WO-2025-000228,MAT-00397,1242,1242,0
ALC-0001355,WO-2025-000228,MAT-01188,1035,1035,0
ALC-0001356,WO-2025-000228,MAT-00237,1251,1251,0
ALC-0001357,WO-2025-000229,MAT-01121,1081,1081,0
ALC-0001358,WO-2025-000229,MAT-01152,4773,4773,0
ALC-0001359,WO-2025-000229,MAT-00071,1641,1641,0
ALC-0001360,WO-2025-000229,MAT-00228,2900,2900,0
ALC-0001361,WO-2025-000229,MAT-01007,4419,4419,0
ALC-0001362,WO-2025-000230,MAT-00332,126,126,0
ALC-0001363,WO-2025-000230,MAT-00506,128,128,0
ALC-0001364,WO-2025-000230,MAT-00146,89,89,0
ALC-0001365,WO-2025-000230,MAT-00886,182,182,0
ALC-0001366,WO-2025-000230,MAT-00026,59,59,0
ALC-0001367,WO-2025-000230,MAT-00352,106,106,0
ALC-0001368,WO-2025-000231,MAT-00285,2205,2205,0
ALC-0001369,WO-2025-000231,MAT-01103,1900,1900,0
ALC-0001370,WO-2025-000231,MAT-00710,1306,1306,0
ALC-0001371,WO-2025-000231,MAT-00982,1649,1649,0
ALC-0001372,WO-2025-000232,MAT-00459,2435,2435,0
ALC-0001373,WO-2025-000232,MAT-00660,2145,2145,0
ALC-0001374,WO-2025-000232,MAT-00232,1833,1833,0
ALC-0001375,WO-2025-000232,MAT-00062,1545,1545,0
ALC-0001376,WO-2025-000232,MAT-00357,2280,2280,0
ALC-0001377,WO-2025-000232,MAT-00869,2200,2200,0
ALC-0001378,WO-2025-000233,MAT-00908,74,74,0
ALC-0001379,WO-2025-000233,MAT-01026,165,165,0
ALC-0001380,WO-2025-000233,MAT-00322,154,154,0
ALC-0001381,WO-2025-000233,MAT-01018,228,228,0
ALC-0001382,WO-2025-000233,MAT-00767,172,172,0
ALC-0001383,WO-2025-000234,MAT-01126,218,218,0
ALC-0001384,WO-2025-000234,MAT-00887,102,102,0
ALC-0001385,WO-2025-000234,MAT-00479,440,440,0
ALC-0001386,WO-2025-000234,MAT-00720,352,352,0
ALC-0001387,WO-2025-000234,MAT-00063,350,350,0
ALC-0001388,WO-2025-000234,MAT-00015,422,422,0
ALC-0001389,WO-2025-000234,MAT-00509,266,266,0
ALC-0001390,WO-2025-000234,MAT-00996,109,109,0
ALC-0001391,WO-2025-000235,MAT-00647,432,432,0
ALC-0001392,WO-2025-000235,MAT-00507,974,974,0
ALC-0001393,WO-2025-000235,MAT-00055,1156,1156,0
ALC-0001394,WO-2025-000235,MAT-00153,546,546,0
ALC-0001395,WO-2025-000235,MAT-00442,803,803,0
ALC-0001396,WO-2025-000235,MAT-00116,1077,1077,0
ALC-0001397,WO-2025-000235,MAT-00477,804,804,0
ALC-0001398,WO-2025-000235,MAT-00394,1043,1043,0
ALC-0001399,WO-2025-000236,MAT-00533,431,431,0
ALC-0001400,WO-2025-000236,MAT-00270,920,920,0
ALC-0001401,WO-2025-000236,MAT-00769,591,591,0
ALC-0001402,WO-2025-000236,MAT-00913,1085,1085,0
ALC-0001403,WO-2025-000236,MAT-00457,702,702,0
ALC-0001404,WO-2025-000236,MAT-00146,619,619,0
ALC-0001405,WO-2025-000236,MAT-00869,789,789,0
ALC-0001406,WO-2025-000236,MAT-01002,807,807,0
ALC-0001407,WO-2025-000237,MAT-00680,345,345,0
ALC-0001408,WO-2025-000237,MAT-00315,493,493,0
ALC-0001409,WO-2025-000237,MAT-01121,100,100,0
ALC-0001410,WO-2025-000237,MAT-00681,467,467,0
ALC-0001411,WO-2025-000237,MAT-00367,428,428,0
ALC-0001412,WO-2025-000237,MAT-00567,318,318,0
ALC-0001413,WO-2025-000237,MAT-00531,222,222,0
ALC-0001414,WO-2025-000237,MAT-00263,160,160,0
ALC-0001415,WO-2025-000238,MAT-00459,1721,1721,0
ALC-0001416,WO-2025-000238,MAT-00285,2019,2019,0
ALC-0001417,WO-2025-000238,MAT-00282,986,986,0
ALC-0001418,WO-2025-000238,MAT-01007,1685,1685,0
ALC-0001419,WO-2025-000238,MAT-00315,866,866,0
ALC-0001420,WO-2025-000238,MAT-00169,2105,2105,0
ALC-0001421,WO-2025-000238,MAT-00513,1560,1560,0
ALC-0001422,WO-2025-000238,MAT-01068,747,747,0
ALC-0001423,WO-2025-000239,MAT-00170,574,574,0
ALC-0001424,WO-2025-000239,MAT-01079,264,264,0
ALC-0001425,WO-2025-000239,MAT-00189,544,544,0
ALC-0001426,WO-2025-000239,MAT-00867,416,416,0
ALC-0001427,WO-2025-000239,MAT-00778,875,875,0
ALC-0001428,WO-2025-000239,MAT-00275,1243,1243,0
ALC-0001429,WO-2025-000239,MAT-00338,801,801,0
ALC-0001430,WO-2025-000240,MAT-00936,893,893,0
ALC-0001431,WO-2025-000240,MAT-00284,1224,1224,0
ALC-0001432,WO-2025-000240,MAT-00074,894,894,0
ALC-0001433,WO-2025-000240,MAT-00761,961,961,0
ALC-0001434,WO-2025-000240,MAT-01150,1222,1222,0
ALC-0001435,WO-2025-000241,MAT-00853,742,742,0
ALC-0001436,WO-2025-000241,MAT-00947,1233,1233,0
ALC-0001437,WO-2025-000241,MAT-00565,1045,1045,0
ALC-0001438,WO-2025-000241,MAT-00179,1189,1189,0
ALC-0001439,WO-2025-000241,MAT-00124,1171,1171,0
ALC-0001440,WO-2025-000241,MAT-00159,875,875,0
ALC-0001441,WO-2025-000241,MAT-00915,601,601,0
ALC-0001442,WO-2025-000241,MAT-00154,1052,1052,0
ALC-0001443,WO-2025-000242,MAT-01031,117,117,0
ALC-0001444,WO-2025-000242,MAT-00972,388,388,0
ALC-0001445,WO-2025-000242,MAT-00228,265,265,0
ALC-0001446,WO-2025-000242,MAT-00242,276,276,0
ALC-0001447,WO-2025-000243,MAT-00963,90,90,0
ALC-0001448,WO-2025-000243,MAT-00925,81,81,0
ALC-0001449,WO-2025-000243,MAT-00753,76,76,0
ALC-0001450,WO-2025-000243,MAT-01052,228,228,0
ALC-0001451,WO-2025-000243,MAT-01132,146,146,0
ALC-0001452,WO-2025-000243,MAT-00401,98,98,0
ALC-0001453,WO-2025-000244,MAT-00089,1841,1841,0
ALC-0001454,WO-2025-000244,MAT-00586,4688,4688,0
ALC-0001455,WO-2025-000244,MAT-00912,1297,1297,0
ALC-0001456,WO-2025-000244,MAT-00784,4619,4619,0
ALC-0001457,WO-2025-000244,MAT-00074,3380,3380,0
ALC-0001458,WO-2025-000244,MAT-00058,3702,3702,0
ALC-0001459,WO-2025-000244,MAT-00842,3811,3811,0
ALC-0001460,WO-2025-000244,MAT-00984,4588,4588,0
ALC-0001461,WO-2025-000245,MAT-00454,155,155,0
ALC-0001462,WO-2025-000245,MAT-00968,153,153,0
ALC-0001463,WO-2025-000245,MAT-00389,217,217,0
ALC-0001464,WO-2025-000245,MAT-01167,76,76,0
ALC-0001465,WO-2025-000245,MAT-00522,203,203,0
ALC-0001466,WO-2025-000245,MAT-00250,157,157,0
ALC-0001467,WO-2025-000245,MAT-00680,217,217,0
ALC-0001468,WO-2025-000246,MAT-00853,4934,4934,0
ALC-0001469,WO-2025-000246,MAT-00136,4302,4302,0
ALC-0001470,WO-2025-000246,MAT-00292,3013,3013,0
ALC-0001471,WO-2025-000246,MAT-00949,1379,1379,0
ALC-0001472,WO-2025-000246,MAT-00374,3921,3921,0
ALC-0001473,WO-2025-000247,MAT-00930,1103,1103,0
ALC-0001474,WO-2025-000247,MAT-00716,3614,3614,0
ALC-0001475,WO-2025-000247,MAT-00632,3475,3475,0
ALC-0001476,WO-2025-000247,MAT-00670,2321,2321,0
ALC-0001477,WO-2025-000247,MAT-00333,4006,4006,0
ALC-0001478,WO-2025-000247,MAT-00113,1817,1817,0
ALC-0001479,WO-2025-000248,MAT-00816,260,260,0
ALC-0001480,WO-2025-000248,MAT-00237,210,210,0
ALC-0001481,WO-2025-000248,MAT-00445,102,102,0
ALC-0001482,WO-2025-000248,MAT-00455,245,245,0
ALC-0001483,WO-2025-000248,MAT-00565,392,392,0
ALC-0001484,WO-2025-000249,MAT-01186,3497,3497,0
ALC-0001485,WO-2025-000249,MAT-00789,2047,2047,0
ALC-0001486,WO-2025-000249,MAT-00904,3266,3266,0
ALC-0001487,WO-2025-000249,MAT-01131,4593,4593,0
ALC-0001488,WO-2025-000249,MAT-01135,3234,3234,0
ALC-0001489,WO-2025-000249,MAT-00499,2174,2174,0
ALC-0001490,WO-2025-000250,MAT-01018,156,156,0
ALC-0001491,WO-2025-000250,MAT-01057,98,98,0
ALC-0001492,WO-2025-000250,MAT-00993,201,201,0
ALC-0001493,WO-2025-000250,MAT-00896,50,50,0
ALC-0001494,WO-2025-000251,MAT-00162,987,987,0
ALC-0001495,WO-2025-000251,MAT-00181,603,603,0
ALC-0001496,WO-2025-000251,MAT-00780,2298,2298,0
ALC-0001497,WO-2025-000251,MAT-00592,724,724,0
ALC-0001498,WO-2025-000251,MAT-00220,2016,2016,0
ALC-0001499,WO-2025-000251,MAT-00425,2303,2303,0
ALC-0001500,WO-2025-000251,MAT-01063,520,520,0
ALC-0001501,WO-2025-000252,MAT-01042,570,570,0
ALC-0001502,WO-2025-000252,MAT-01003,1242,1242,0
ALC-0001503,WO-2025-000252,MAT-00094,1189,1189,0
ALC-0001504,WO-2025-000252,MAT-00584,786,786,0
ALC-0001505,WO-2025-000252,MAT-00581,1806,1806,0
ALC-0001506,WO-2025-000252,MAT-01123,2370,2370,0
ALC-0001507,WO-2025-000252,MAT-01045,1857,1857,0
ALC-0001508,WO-2025-000252,MAT-00642,1330,1330,0
ALC-0001509,WO-2025-000253,MAT-00599,2610,2610,0
ALC-0001510,WO-2025-000253,MAT-01187,2432,2432,0
ALC-0001511,WO-2025-000253,MAT-00979,2177,2177,0
ALC-0001512,WO-2025-000253,MAT-00124,1834,1834,0
ALC-0001513,WO-2025-000253,MAT-00061,4152,4152,0
ALC-0001514,WO-2025-000253,MAT-00436,1126,1126,0
ALC-0001515,WO-2025-000253,MAT-00754,2030,2030,0
ALC-0001516,WO-2025-000254,MAT-01188,4051,4051,0
ALC-0001517,WO-2025-000254,MAT-00273,1396,1396,0
ALC-0001518,WO-2025-000254,MAT-01100,2572,2572,0
ALC-0001519,WO-2025-000254,MAT-00177,4388,4388,0
ALC-0001520,WO-2025-000254,MAT-01112,2136,2136,0
ALC-0001521,WO-2025-000254,MAT-00434,4483,4483,0
ALC-0001522,WO-2025-000255,MAT-00376,1000,1000,0
ALC-0001523,WO-2025-000255,MAT-00208,1142,1142,0
ALC-0001524,WO-2025-000255,MAT-00578,594,594,0
ALC-0001525,WO-2025-000255,MAT-01122,749,749,0
ALC-0001526,WO-2025-000255,MAT-01107,837,837,0
ALC-0001527,WO-2025-000255,MAT-00365,602,602,0
ALC-0001528,WO-2025-000256,MAT-01107,110,110,0
ALC-0001529,WO-2025-000256,MAT-00883,53,53,0
ALC-0001530,WO-2025-000256,MAT-01111,234,234,0
ALC-0001531,WO-2025-000256,MAT-00535,212,212,0
ALC-0001532,WO-2025-000256,MAT-00173,215,215,0
ALC-0001533,WO-2025-000256,MAT-00023,58,58,0
ALC-0001534,WO-2025-000256,MAT-00476,217,217,0
ALC-0001535,WO-2025-000256,MAT-00773,166,166,0
ALC-0001536,WO-2025-000257,MAT-00406,2526,2526,0
ALC-0001537,WO-2025-000257,MAT-00388,3832,3832,0
ALC-0001538,WO-2025-000257,MAT-00344,2030,2030,0
ALC-0001539,WO-2025-000257,MAT-00117,2211,2211,0
ALC-0001540,WO-2025-000257,MAT-00504,4026,4026,0
ALC-0001541,WO-2025-000257,MAT-00198,1295,1295,0
ALC-0001542,WO-2025-000257,MAT-00959,3448,3448,0
ALC-0001543,WO-2025-000257,MAT-00862,2627,2627,0
ALC-0001544,WO-2025-000258,MAT-00519,987,987,0
ALC-0001545,WO-2025-000258,MAT-00636,756,756,0
ALC-0001546,WO-2025-000258,MAT-00647,882,882,0
ALC-0001547,WO-2025-000258,MAT-00335,1000,1000,0
ALC-0001548,WO-2025-000258,MAT-00263,1046,1046,0
ALC-0001549,WO-2025-000258,MAT-00032,947,947,0
ALC-0001550,WO-2025-000259,MAT-00408,827,827,0
ALC-0001551,WO-2025-000259,MAT-00619,559,559,0
ALC-0001552,WO-2025-000259,MAT-00635,444,444,0
ALC-0001553,WO-2025-000259,MAT-00496,571,571,0
ALC-0001554,WO-2025-000259,MAT-00580,953,953,0
ALC-0001555,WO-2025-000259,MAT-01111,440,440,0
ALC-0001556,WO-2025-000260,MAT-00421,84,84,0
ALC-0001557,WO-2025-000260,MAT-00222,92,92,0
ALC-0001558,WO-2025-000260,MAT-01093,138,138,0
ALC-0001559,WO-2025-000260,MAT-00654,73,73,0
ALC-0001560,WO-2025-000260,MAT-00006,117,117,0
ALC-0001561,WO-2025-000260,MAT-00584,170,170,0
ALC-0001562,WO-2025-000260,MAT-00363,244,244,0
ALC-0001563,WO-2025-000261,MAT-00115,83,83,0
ALC-0001564,WO-2025-000261,MAT-00095,156,156,0
ALC-0001565,WO-2025-000261,MAT-00523,122,122,0
ALC-0001566,WO-2025-000261,MAT-00904,73,73,0
ALC-0001567,WO-2025-000261,MAT-01194,118,118,0
ALC-0001568,WO-2025-000261,MAT-00730,163,163,0
ALC-0001569,WO-2025-000261,MAT-00499,226,226,0
ALC-0001570,WO-2025-000261,MAT-00645,75,75,0
ALC-0001571,WO-2025-000262,MAT-00142,1087,1087,0
ALC-0001572,WO-2025-000262,MAT-00726,922,922,0
ALC-0001573,WO-2025-000262,MAT-00816,1105,1105,0
ALC-0001574,WO-2025-000262,MAT-00750,1112,1112,0
ALC-0001575,WO-2025-000262,MAT-00852,837,837,0
ALC-0001576,WO-2025-000263,MAT-00520,390,390,0
ALC-0001577,WO-2025-000263,MAT-01067,463,463,0
ALC-0001578,WO-2025-000263,MAT-01019,229,229,0
ALC-0001579,WO-2025-000263,MAT-00025,390,390,0
ALC-0001580,WO-2025-000263,MAT-00499,359,359,0
ALC-0001581,WO-2025-000264,MAT-00885,488,488,0
ALC-0001582,WO-2025-000264,MAT-01068,285,285,0
ALC-0001583,WO-2025-000264,MAT-00866,392,392,0
ALC-0001584,WO-2025-000264,MAT-00881,475,475,0
ALC-0001585,WO-2025-000264,MAT-00431,108,108,0
ALC-0001586,WO-2025-000264,MAT-00741,457,457,0
ALC-0001587,WO-2025-000264,MAT-00372,315,315,0
ALC-0001588,WO-2025-000265,MAT-00907,558,558,0
ALC-0001589,WO-2025-000265,MAT-00752,284,284,0
ALC-0001590,WO-2025-000265,MAT-00383,257,257,0
ALC-0001591,WO-2025-000265,MAT-00163,1181,1181,0
ALC-0001592,WO-2025-000265,MAT-00006,1090,1090,0
ALC-0001593,WO-2025-000265,MAT-00156,347,347,0
ALC-0001594,WO-2025-000266,MAT-00451,2374,2374,0
ALC-0001595,WO-2025-000266,MAT-00812,1787,1787,0
ALC-0001596,WO-2025-000266,MAT-00712,1350,1350,0
ALC-0001597,WO-2025-000266,MAT-00205,938,938,0
ALC-0001598,WO-2025-000267,MAT-00347,4223,4223,0
ALC-0001599,WO-2025-000267,MAT-00472,1974,1974,0
ALC-0001600,WO-2025-000267,MAT-01160,2235,2235,0
ALC-0001601,WO-2025-000267,MAT-00424,3552,3552,0
ALC-0001602,WO-2025-000267,MAT-00364,3145,3145,0
ALC-0001603,WO-2025-000267,MAT-00037,3942,3942,0
ALC-0001604,WO-2025-000268,MAT-00219,343,343,0
ALC-0001605,WO-2025-000268,MAT-00723,382,382,0
ALC-0001606,WO-2025-000268,MAT-00137,494,494,0
ALC-0001607,WO-2025-000268,MAT-00743,470,470,0
ALC-0001608,WO-2025-000268,MAT-00006,226,226,0
ALC-0001609,WO-2025-000268,MAT-01148,133,133,0
ALC-0001610,WO-2025-000269,MAT-00853,82,82,0
ALC-0001611,WO-2025-000269,MAT-01122,163,163,0
ALC-0001612,WO-2025-000269,MAT-00598,155,155,0
ALC-0001613,WO-2025-000269,MAT-01092,241,241,0
ALC-0001614,WO-2025-000270,MAT-00316,660,660,0
ALC-0001615,WO-2025-000270,MAT-00292,874,874,0
ALC-0001616,WO-2025-000270,MAT-00025,808,808,0
ALC-0001617,WO-2025-000270,MAT-00118,552,552,0
ALC-0001618,WO-2025-000270,MAT-00448,646,646,0
ALC-0001619,WO-2025-000270,MAT-00272,483,483,0
ALC-0001620,WO-2025-000270,MAT-00161,588,588,0
ALC-0001621,WO-2025-000270,MAT-00624,461,461,0
ALC-0001622,WO-2025-000271,MAT-00773,184,184,0
ALC-0001623,WO-2025-000271,MAT-00444,370,370,0
ALC-0001624,WO-2025-000271,MAT-00824,271,271,0
ALC-0001625,WO-2025-000271,MAT-01136,382,382,0
ALC-0001626,WO-2025-000271,MAT-01171,357,357,0
ALC-0001627,WO-2025-000271,MAT-00508,148,148,0
ALC-0001628,WO-2025-000271,MAT-01122,223,223,0
ALC-0001629,WO-2025-000272,MAT-00915,957,957,0
ALC-0001630,WO-2025-000272,MAT-00304,775,775,0
ALC-0001631,WO-2025-000272,MAT-00872,925,925,0
ALC-0001632,WO-2025-000272,MAT-00050,348,348,0
ALC-0001633,WO-2025-000272,MAT-01123,635,635,0
ALC-0001634,WO-2025-000272,MAT-00632,964,964,0
ALC-0001635,WO-2025-000273,MAT-00903,1087,1087,0
ALC-0001636,WO-2025-000273,MAT-00191,391,391,0
ALC-0001637,WO-2025-000273,MAT-00689,765,765,0
ALC-0001638,WO-2025-000273,MAT-01052,1174,1174,0
ALC-0001639,WO-2025-000273,MAT-00268,896,896,0
ALC-0001640,WO-2025-000273,MAT-00102,1142,1142,0
ALC-0001641,WO-2025-000273,MAT-00729,278,278,0
ALC-0001642,WO-2025-000274,MAT-01086,4265,4265,0
ALC-0001643,WO-2025-000274,MAT-00991,1222,1222,0
ALC-0001644,WO-2025-000274,MAT-00256,4458,4458,0
ALC-0001645,WO-2025-000274,MAT-00515,1392,1392,0
ALC-0001646,WO-2025-000274,MAT-00568,2731,2731,0
ALC-0001647,WO-2025-000275,MAT-00501,3347,3347,0
ALC-0001648,WO-2025-000275,MAT-00767,4302,4302,0
ALC-0001649,WO-2025-000275,MAT-00289,2246,2246,0
ALC-0001650,WO-2025-000275,MAT-00020,2088,2088,0
ALC-0001651,WO-2025-000275,MAT-00425,3298,3298,0
ALC-0001652,WO-2025-000275,MAT-00989,2928,2928,0
ALC-0001653,WO-2025-000275,MAT-00076,4293,4293,0
ALC-0001654,WO-2025-000276,MAT-00278,2812,2812,0
ALC-0001655,WO-2025-000276,MAT-00474,2666,2666,0
ALC-0001656,WO-2025-000276,MAT-00742,1110,1110,0
ALC-0001657,WO-2025-000276,MAT-00334,1270,1270,0
ALC-0001658,WO-2025-000276,MAT-00230,2614,2614,0
ALC-0001659,WO-2025-000276,MAT-00569,3009,3009,0
ALC-0001660,WO-2025-000277,MAT-00344,3557,3557,0
ALC-0001661,WO-2025-000277,MAT-00423,4306,4306,0
ALC-0001662,WO-2025-000277,MAT-00230,2931,2931,0
ALC-0001663,WO-2025-000277,MAT-00676,3984,3984,0
ALC-0001664,WO-2025-000277,MAT-00849,3825,3825,0
ALC-0001665,WO-2025-000277,MAT-00693,2405,2405,0
ALC-0001666,WO-2025-000278,MAT-00421,2638,2638,0
ALC-0001667,WO-2025-000278,MAT-00223,1625,1625,0
ALC-0001668,WO-2025-000278,MAT-01014,3447,3447,0
ALC-0001669,WO-2025-000278,MAT-00172,1628,1628,0
ALC-0001670,WO-2025-000279,MAT-01133,3707,3707,0
ALC-0001671,WO-2025-000279,MAT-01059,2697,2697,0
ALC-0001672,WO-2025-000279,MAT-00256,4370,4370,0
ALC-0001673,WO-2025-000279,MAT-00933,3475,3475,0
ALC-0001674,WO-2025-000280,MAT-00556,912,912,0
ALC-0001675,WO-2025-000280,MAT-00568,754,754,0
ALC-0001676,WO-2025-000280,MAT-00055,1101,1101,0
ALC-0001677,WO-2025-000280,MAT-00231,422,422,0
ALC-0001678,WO-2025-000280,MAT-00759,270,270,0
ALC-0001679,WO-2025-000280,MAT-00442,1045,1045,0
ALC-0001680,WO-2025-000280,MAT-00549,445,445,0
ALC-0001681,WO-2025-000281,MAT-00104,1407,1407,0
ALC-0001682,WO-2025-000281,MAT-00544,2064,2064,0
ALC-0001683,WO-2025-000281,MAT-00072,996,996,0
ALC-0001684,WO-2025-000281,MAT-01175,1723,1723,0
ALC-0001685,WO-2025-000281,MAT-00723,771,771,0
ALC-0001686,WO-2025-000281,MAT-00813,1836,1836,0
ALC-0001687,WO-2025-000281,MAT-00340,1692,1692,0
ALC-0001688,WO-2025-000281,MAT-00371,1346,1346,0
ALC-0001689,WO-2025-000282,MAT-01018,335,335,0
ALC-0001690,WO-2025-000282,MAT-00429,140,140,0
ALC-0001691,WO-2025-000282,MAT-00139,227,227,0
ALC-0001692,WO-2025-000282,MAT-00755,364,364,0
ALC-0001693,WO-2025-000282,MAT-01148,245,245,0
ALC-0001694,WO-2025-000282,MAT-01155,475,475,0
ALC-0001695,WO-2025-000282,MAT-00713,171,171,0
ALC-0001696,WO-2025-000282,MAT-00276,302,302,0
ALC-0001697,WO-2025-000283,MAT-00543,90,90,0
ALC-0001698,WO-2025-000283,MAT-01035,92,92,0
ALC-0001699,WO-2025-000283,MAT-00495,141,141,0
ALC-0001700,WO-2025-000283,MAT-00887,168,168,0
ALC-0001701,WO-2025-000283,MAT-00082,78,78,0
ALC-0001702,WO-2025-000283,MAT-00084,106,106,0
ALC-0001703,WO-2025-000284,MAT-00099,927,927,0
ALC-0001704,WO-2025-000284,MAT-00968,1093,1093,0
ALC-0001705,WO-2025-000284,MAT-00229,880,880,0
ALC-0001706,WO-2025-000284,MAT-00865,1243,1243,0
ALC-0001707,WO-2025-000284,MAT-00495,618,618,0
ALC-0001708,WO-2025-000285,MAT-00489,66,66,0
ALC-0001709,WO-2025-000285,MAT-00555,132,132,0
ALC-0001710,WO-2025-000285,MAT-00025,238,238,0
ALC-0001711,WO-2025-000285,MAT-00110,111,111,0
ALC-0001712,WO-2025-000285,MAT-00547,179,179,0
ALC-0001713,WO-2025-000286,MAT-01088,208,208,0
ALC-0001714,WO-2025-000286,MAT-00945,103,103,0
ALC-0001715,WO-2025-000286,MAT-00726,455,455,0
ALC-0001716,WO-2025-000286,MAT-00030,364,364,0
ALC-0001717,WO-2025-000286,MAT-00620,392,392,0
ALC-0001718,WO-2025-000286,MAT-00007,127,127,0
ALC-0001719,WO-2025-000286,MAT-00069,337,337,0
ALC-0001720,WO-2025-000286,MAT-00387,155,155,0
ALC-0001721,WO-2025-000287,MAT-00344,434,434,0
ALC-0001722,WO-2025-000287,MAT-01176,405,405,0
ALC-0001723,WO-2025-000287,MAT-01195,147,147,0
ALC-0001724,WO-2025-000287,MAT-00641,439,439,0
ALC-0001725,WO-2025-000287,MAT-00010,475,475,0
ALC-0001726,WO-2025-000287,MAT-00185,422,422,0
ALC-0001727,WO-2025-000288,MAT-00904,486,486,0
ALC-0001728,WO-2025-000288,MAT-00944,443,443,0
ALC-0001729,WO-2025-000288,MAT-01035,381,381,0
ALC-0001730,WO-2025-000288,MAT-00867,407,407,0
ALC-0001731,WO-2025-000288,MAT-00375,423,423,0
ALC-0001732,WO-2025-000288,MAT-01030,362,362,0
ALC-0001733,WO-2025-000288,MAT-00948,268,268,0
ALC-0001734,WO-2025-000289,MAT-00050,275,275,0
ALC-0001735,WO-2025-000289,MAT-00753,829,829,0
ALC-0001736,WO-2025-000289,MAT-00984,1057,1057,0
ALC-0001737,WO-2025-000289,MAT-00928,525,525,0
ALC-0001738,WO-2025-000290,MAT-00756,4185,4185,0
ALC-0001739,WO-2025-000290,MAT-01137,1506,1506,0
ALC-0001740,WO-2025-000290,MAT-00699,1520,1520,0
ALC-0001741,WO-2025-000290,MAT-00885,3455,3455,0
ALC-0001742,WO-2025-000290,MAT-00631,4100,4100,0
ALC-0001743,WO-2025-000290,MAT-00390,3670,3670,0
ALC-0001744,WO-2025-000290,MAT-00516,4326,4326,0
ALC-0001745,WO-2025-000291,MAT-00998,159,159,0
ALC-0001746,WO-2025-000291,MAT-01093,235,235,0
ALC-0001747,WO-2025-000291,MAT-00236,97,97,0
ALC-0001748,WO-2025-000291,MAT-00946,96,96,0
ALC-0001749,WO-2025-000291,MAT-00951,107,107,0
ALC-0001750,WO-2025-000291,MAT-00518,235,235,0
ALC-0001751,WO-2025-000292,MAT-00773,1461,1461,0
ALC-0001752,WO-2025-000292,MAT-00692,727,727,0
ALC-0001753,WO-2025-000292,MAT-00151,1114,1114,0
ALC-0001754,WO-2025-000292,MAT-00888,1595,1595,0
ALC-0001755,WO-2025-000292,MAT-00480,645,645,0
ALC-0001756,WO-2025-000292,MAT-00924,674,674,0
ALC-0001757,WO-2025-000292,MAT-01160,1060,1060,0
ALC-0001758,WO-2025-000292,MAT-00344,607,607,0
ALC-0001759,WO-2025-000293,MAT-00489,117,117,0
ALC-0001760,WO-2025-000293,MAT-00085,249,249,0
ALC-0001761,WO-2025-000293,MAT-00225,208,208,0
ALC-0001762,WO-2025-000293,MAT-00108,202,202,0
ALC-0001763,WO-2025-000293,MAT-00158,108,108,0
ALC-0001764,WO-2025-000293,MAT-00395,180,180,0
ALC-0001765,WO-2025-000293,MAT-00394,149,149,0
ALC-0001766,WO-2025-000293,MAT-00279,81,81,0
ALC-0001767,WO-2025-000294,MAT-01074,1090,1090,0
ALC-0001768,WO-2025-000294,MAT-01155,980,980,0
ALC-0001769,WO-2025-000294,MAT-00042,1087,1087,0
ALC-0001770,WO-2025-000294,MAT-00222,727,727,0
ALC-0001771,WO-2025-000294,MAT-00588,1166,1166,0
ALC-0001772,WO-2025-000294,MAT-00060,575,575,0
ALC-0001773,WO-2025-000295,MAT-00326,190,190,0
ALC-0001774,WO-2025-000295,MAT-00928,201,201,0
ALC-0001775,WO-2025-000295,MAT-00190,139,139,0
ALC-0001776,WO-2025-000295,MAT-01055,135,135,0
ALC-0001777,WO-2025-000295,MAT-00247,81,81,0
ALC-0001778,WO-2025-000295,MAT-00587,227,227,0
ALC-0001779,WO-2025-000296,MAT-00842,1904,1904,0
ALC-0001780,WO-2025-000296,MAT-00483,2440,2440,0
ALC-0001781,WO-2025-000296,MAT-00229,2189,2189,0
ALC-0001782,WO-2025-000296,MAT-00385,1079,1079,0
ALC-0001783,WO-2025-000297,MAT-00910,124,124,0
ALC-0001784,WO-2025-000297,MAT-00819,238,238,0
ALC-0001785,WO-2025-000297,MAT-00831,123,123,0
ALC-0001786,WO-2025-000297,MAT-00561,58,58,0
ALC-0001787,WO-2025-000297,MAT-00520,245,245,0
ALC-0001788,WO-2025-000297,MAT-00878,90,90,0
ALC-0001789,WO-2025-000297,MAT-00377,58,58,0
ALC-0001790,WO-2025-000298,MAT-00246,391,391,0
ALC-0001791,WO-2025-000298,MAT-00468,285,285,0
ALC-0001792,WO-2025-000298,MAT-01006,207,207,0
ALC-0001793,WO-2025-000298,MAT-00485,262,262,0
ALC-0001794,WO-2025-000298,MAT-00605,375,375,0
ALC-0001795,WO-2025-000299,MAT-00156,4351,4351,0
ALC-0001796,WO-2025-000299,MAT-00391,2776,2776,0
ALC-0001797,WO-2025-000299,MAT-00474,4370,4370,0
ALC-0001798,WO-2025-000299,MAT-00016,1107,1107,0
ALC-0001799,WO-2025-000299,MAT-01030,1868,1868,0
ALC-0001800,WO-2025-000299,MAT-00442,3583,3583,0
ALC-0001801,WO-2025-000299,MAT-00350,1740,1740,0
ALC-0001802,WO-2025-000300,MAT-00458,803,803,0
ALC-0001803,WO-2025-000300,MAT-00620,1161,1161,0
ALC-0001804,WO-2025-000300,MAT-00329,276,276,0
ALC-0001805,WO-2025-000300,MAT-00694,870,870,0
ALC-0001806,WO-2025-000300,MAT-00692,535,535,0
ALC-0001807,WO-2025-000300,MAT-00996,485,485,0
ALC-0001808,WO-2025-000301,MAT-00841,352,352,0
ALC-0001809,WO-2025-000301,MAT-01064,399,399,0
ALC-0001810,WO-2025-000301,MAT-00047,191,191,0
ALC-0001811,WO-2025-000301,MAT-00803,229,229,0
ALC-0001812,WO-2025-000302,MAT-00468,1141,1141,0
ALC-0001813,WO-2025-000302,MAT-00036,780,780,0
ALC-0001814,WO-2025-000302,MAT-00826,286,286,0
ALC-0001815,WO-2025-000302,MAT-00602,395,395,0
ALC-0001816,WO-2025-000302,MAT-00343,463,463,0
ALC-0001817,WO-2025-000302,MAT-00352,1243,1243,0
ALC-0001818,WO-2025-000302,MAT-00935,1086,1086,0
ALC-0001819,WO-2025-000303,MAT-01086,390,390,0
ALC-0001820,WO-2025-000303,MAT-00538,545,545,0
ALC-0001821,WO-2025-000303,MAT-00034,1014,1014,0
ALC-0001822,WO-2025-000303,MAT-00524,820,820,0
ALC-0001823,WO-2025-000304,MAT-00385,1685,1685,0
ALC-0001824,WO-2025-000304,MAT-01184,1096,1096,0
ALC-0001825,WO-2025-000304,MAT-00147,1147,1147,0
ALC-0001826,WO-2025-000304,MAT-00146,919,919,0
ALC-0001827,WO-2025-000305,MAT-01067,3297,3297,0
ALC-0001828,WO-2025-000305,MAT-00790,1639,1639,0
ALC-0001829,WO-2025-000305,MAT-01187,4406,4406,0
ALC-0001830,WO-2025-000305,MAT-00629,3073,3073,0
ALC-0001831,WO-2025-000305,MAT-01167,4011,4011,0
ALC-0001832,WO-2025-000305,MAT-00296,3170,3170,0
ALC-0001833,WO-2025-000305,MAT-00706,1449,1449,0
ALC-0001834,WO-2025-000305,MAT-00960,2616,2616,0
ALC-0001835,WO-2025-000306,MAT-00156,146,146,0
ALC-0001836,WO-2025-000306,MAT-01175,56,56,0
ALC-0001837,WO-2025-000306,MAT-00893,145,145,0
ALC-0001838,WO-2025-000306,MAT-00782,91,91,0
ALC-0001839,WO-2025-000306,MAT-00299,212,212,0
ALC-0001840,WO-2025-000306,MAT-00191,123,123,0
ALC-0001841,WO-2025-000306,MAT-00713,208,208,0
ALC-0001842,WO-2025-000306,MAT-00405,195,195,0
ALC-0001843,WO-2025-000307,MAT-00408,2026,2026,0
ALC-0001844,WO-2025-000307,MAT-00328,2763,2763,0
ALC-0001845,WO-2025-000307,MAT-01045,3780,3780,0
ALC-0001846,WO-2025-000307,MAT-01137,4977,4977,0
ALC-0001847,WO-2025-000307,MAT-00738,4821,4821,0
ALC-0001848,WO-2025-000307,MAT-00867,4719,4719,0
ALC-0001849,WO-2025-000307,MAT-00509,4804,4804,0
ALC-0001850,WO-2025-000307,MAT-00405,4523,4523,0
ALC-0001851,WO-2025-000308,MAT-00533,1937,1937,0
ALC-0001852,WO-2025-000308,MAT-01147,2287,2287,0
ALC-0001853,WO-2025-000308,MAT-00226,2493,2493,0
ALC-0001854,WO-2025-000308,MAT-00336,1860,1860,0
ALC-0001855,WO-2025-000309,MAT-00239,1178,1178,0
ALC-0001856,WO-2025-000309,MAT-00656,2382,2382,0
ALC-0001857,WO-2025-000309,MAT-00934,1559,1559,0
ALC-0001858,WO-2025-000309,MAT-00505,2330,2330,0
ALC-0001859,WO-2025-000309,MAT-00403,946,946,0
ALC-0001860,WO-2025-000309,MAT-00628,1686,1686,0
ALC-0001861,WO-2025-000309,MAT-00752,700,700,0
ALC-0001862,WO-2025-000310,MAT-00588,487,487,0
ALC-0001863,WO-2025-000310,MAT-00995,935,935,0
ALC-0001864,WO-2025-000310,MAT-00572,415,415,0
ALC-0001865,WO-2025-000310,MAT-00305,1100,1100,0
ALC-0001866,WO-2025-000310,MAT-00631,511,511,0
ALC-0001867,WO-2025-000310,MAT-00022,1026,1026,0
ALC-0001868,WO-2025-000310,MAT-00486,438,438,0
ALC-0001869,WO-2025-000310,MAT-00766,952,952,0
ALC-0001870,WO-2025-000311,MAT-00162,272,272,0
ALC-0001871,WO-2025-000311,MAT-00102,429,429,0
ALC-0001872,WO-2025-000311,MAT-00250,243,243,0
ALC-0001873,WO-2025-000311,MAT-00357,103,103,0
ALC-0001874,WO-2025-000312,MAT-00278,280,280,0
ALC-0001875,WO-2025-000312,MAT-00350,212,212,0
ALC-0001876,WO-2025-000312,MAT-00486,379,379,0
ALC-0001877,WO-2025-000312,MAT-00451,162,162,0
ALC-0001878,WO-2025-000312,MAT-00446,388,388,0
ALC-0001879,WO-2025-000312,MAT-00620,480,480,0
ALC-0001880,WO-2025-000313,MAT-00521,2962,2962,0
ALC-0001881,WO-2025-000313,MAT-00494,3849,3849,0
ALC-0001882,WO-2025-000313,MAT-00928,2148,2148,0
ALC-0001883,WO-2025-000313,MAT-01146,3349,3349,0
ALC-0001884,WO-2025-000313,MAT-00013,3169,3169,0
ALC-0001885,WO-2025-000313,MAT-00257,1354,1354,0
ALC-0001886,WO-2025-000314,MAT-00076,1171,1171,0
ALC-0001887,WO-2025-000314,MAT-01059,302,302,0
ALC-0001888,WO-2025-000314,MAT-00578,724,724,0
ALC-0001889,WO-2025-000314,MAT-00874,713,713,0
ALC-0001890,WO-2025-000314,MAT-00821,1228,1228,0
ALC-0001891,WO-2025-000314,MAT-00797,745,745,0
ALC-0001892,WO-2025-000315,MAT-00903,732,732,0
ALC-0001893,WO-2025-000315,MAT-01023,1756,1756,0
ALC-0001894,WO-2025-000315,MAT-00290,1960,1960,0
ALC-0001895,WO-2025-000315,MAT-00042,2320,2320,0
ALC-0001896,WO-2025-000315,MAT-00578,1277,1277,0
ALC-0001897,WO-2025-000315,MAT-00295,1636,1636,0
ALC-0001898,WO-2025-000316,MAT-00825,1210,1210,0
ALC-0001899,WO-2025-000316,MAT-00507,927,927,0
ALC-0001900,WO-2025-000316,MAT-00361,1181,1181,0
ALC-0001901,WO-2025-000316,MAT-00646,402,402,0
ALC-0001902,WO-2025-000316,MAT-01078,585,585,0
ALC-0001903,WO-2025-000317,MAT-00252,4352,4352,0
ALC-0001904,WO-2025-000317,MAT-00898,3808,3808,0
ALC-0001905,WO-2025-000317,MAT-00370,2922,2922,0
ALC-0001906,WO-2025-000317,MAT-00378,3131,3131,0
ALC-0001907,WO-2025-000317,MAT-00608,1833,1833,0
ALC-0001908,WO-2025-000317,MAT-00012,3572,3572,0
ALC-0001909,WO-2025-000317,MAT-00588,2075,2075,0
ALC-0001910,WO-2025-000317,MAT-01078,3691,3691,0
ALC-0001911,WO-2025-000318,MAT-00152,362,362,0
ALC-0001912,WO-2025-000318,MAT-00761,580,580,0
ALC-0001913,WO-2025-000318,MAT-00126,1156,1156,0
ALC-0001914,WO-2025-000318,MAT-00748,821,821,0
ALC-0001915,WO-2025-000318,MAT-00979,925,925,0
ALC-0001916,WO-2025-000318,MAT-00332,401,401,0
ALC-0001917,WO-2025-000319,MAT-00519,3536,3536,0
ALC-0001918,WO-2025-000319,MAT-00287,1275,1275,0
ALC-0001919,WO-2025-000319,MAT-00602,4418,4418,0
ALC-0001920,WO-2025-000319,MAT-00548,1154,1154,0
ALC-0001921,WO-2025-000320,MAT-00076,2474,2474,0
ALC-0001922,WO-2025-000320,MAT-00722,2329,2329,0
ALC-0001923,WO-2025-000320,MAT-01093,4703,4703,0
ALC-0001924,WO-2025-000320,MAT-00825,3543,3543,0
ALC-0001925,WO-2025-000320,MAT-01126,3638,3638,0
ALC-0001926,WO-2025-000321,MAT-00205,109,109,0
ALC-0001927,WO-2025-000321,MAT-00635,193,193,0
ALC-0001928,WO-2025-000321,MAT-00022,220,220,0
ALC-0001929,WO-2025-000321,MAT-00808,235,235,0
ALC-0001930,WO-2025-000321,MAT-00794,64,64,0
ALC-0001931,WO-2025-000322,MAT-00436,1084,1084,0
ALC-0001932,WO-2025-000322,MAT-01081,679,679,0
ALC-0001933,WO-2025-000322,MAT-00232,807,807,0
ALC-0001934,WO-2025-000322,MAT-01076,655,655,0
ALC-0001935,WO-2025-000322,MAT-00544,412,412,0
ALC-0001936,WO-2025-000322,MAT-00702,669,669,0
ALC-0001937,WO-2025-000323,MAT-01050,213,213,0
ALC-0001938,WO-2025-000323,MAT-00967,259,259,0
ALC-0001939,WO-2025-000323,MAT-00591,337,337,0
ALC-0001940,WO-2025-000323,MAT-00842,241,241,0
ALC-0001941,WO-2025-000323,MAT-00518,310,310,0
ALC-0001942,WO-2025-000324,MAT-00024,496,496,0
ALC-0001943,WO-2025-000324,MAT-00404,425,425,0
ALC-0001944,WO-2025-000324,MAT-00307,261,261,0
ALC-0001945,WO-2025-000324,MAT-00782,258,258,0
ALC-0001946,WO-2025-000324,MAT-00206,212,212,0
ALC-0001947,WO-2025-000324,MAT-00452,143,143,0
ALC-0001948,WO-2025-000325,MAT-00998,179,179,0
ALC-0001949,WO-2025-000325,MAT-00876,203,203,0
ALC-0001950,WO-2025-000325,MAT-00922,90,90,0
ALC-0001951,WO-2025-000325,MAT-00024,58,58,0
ALC-0001952,WO-2025-000325,MAT-00238,77,77,0
ALC-0001953,WO-2025-000326,MAT-00476,2164,2164,0
ALC-0001954,WO-2025-000326,MAT-00801,2006,2006,0
ALC-0001955,WO-2025-000326,MAT-00406,508,508,0
ALC-0001956,WO-2025-000326,MAT-00407,507,507,0
ALC-0001957,WO-2025-000326,MAT-00443,2029,2029,0
ALC-0001958,WO-2025-000326,MAT-00626,1728,1728,0
ALC-0001959,WO-2025-000327,MAT-00710,2369,2369,0
ALC-0001960,WO-2025-000327,MAT-00142,526,526,0
ALC-0001961,WO-2025-000327,MAT-00028,621,621,0
ALC-0001962,WO-2025-000327,MAT-00472,1156,1156,0
ALC-0001963,WO-2025-000327,MAT-00726,2050,2050,0
ALC-0001964,WO-2025-000328,MAT-00255,2046,2046,0
ALC-0001965,WO-2025-000328,MAT-00464,1276,1276,0
ALC-0001966,WO-2025-000328,MAT-00349,1562,1562,0
ALC-0001967,WO-2025-000328,MAT-00314,2350,2350,0
ALC-0001968,WO-2025-000328,MAT-00864,1876,1876,0
ALC-0001969,WO-2025-000328,MAT-01004,2237,2237,0
ALC-0001970,WO-2025-000329,MAT-01050,236,236,0
ALC-0001971,WO-2025-000329,MAT-00942,166,166,0
ALC-0001972,WO-2025-000329,MAT-00729,173,173,0
ALC-0001973,WO-2025-000329,MAT-01111,237,237,0
ALC-0001974,WO-2025-000329,MAT-00299,104,104,0
ALC-0001975,WO-2025-000330,MAT-00533,297,297,0
ALC-0001976,WO-2025-000330,MAT-00249,481,481,0
ALC-0001977,WO-2025-000330,MAT-00469,223,223,0
ALC-0001978,WO-2025-000330,MAT-00993,129,129,0
ALC-0001979,WO-2025-000330,MAT-00327,133,133,0
ALC-0001980,WO-2025-000330,MAT-00479,411,411,0
ALC-0001981,WO-2025-000330,MAT-01199,250,250,0
ALC-0001982,WO-2025-000330,MAT-00185,129,129,0
ALC-0001983,WO-2025-000331,MAT-00089,1670,1670,0
ALC-0001984,WO-2025-000331,MAT-00627,2327,2327,0
ALC-0001985,WO-2025-000331,MAT-00503,558,558,0
ALC-0001986,WO-2025-000331,MAT-00695,747,747,0
ALC-0001987,WO-2025-000331,MAT-00938,1726,1726,0
ALC-0001988,WO-2025-000331,MAT-00885,610,610,0
ALC-0001989,WO-2025-000331,MAT-00425,1153,1153,0
ALC-0001990,WO-2025-000331,MAT-01194,1589,1589,0
ALC-0001991,WO-2025-000332,MAT-00181,1290,1290,0
ALC-0001992,WO-2025-000332,MAT-01032,2957,2957,0
ALC-0001993,WO-2025-000332,MAT-00969,1060,1060,0
ALC-0001994,WO-2025-000332,MAT-00329,1526,1526,0
ALC-0001995,WO-2025-000332,MAT-00857,3474,3474,0
ALC-0001996,WO-2025-000332,MAT-00740,4697,4697,0
ALC-0001997,WO-2025-000333,MAT-00885,2155,2155,0
ALC-0001998,WO-2025-000333,MAT-00668,3571,3571,0
ALC-0001999,WO-2025-000333,MAT-01127,2711,2711,0
ALC-0002000,WO-2025-000333,MAT-00583,1204,1204,0
ALC-0002001,WO-2025-000333,MAT-00348,4922,4922,0
ALC-0002002,WO-2025-000333,MAT-01157,4474,4474,0
ALC-0002003,WO-2025-000334,MAT-00618,152,152,0
ALC-0002004,WO-2025-000334,MAT-00058,200,200,0
ALC-0002005,WO-2025-000334,MAT-00420,56,56,0
ALC-0002006,WO-2025-000334,MAT-00101,158,158,0
ALC-0002007,WO-2025-000334,MAT-00384,207,207,0
ALC-0002008,WO-2025-000334,MAT-01026,113,113,0
ALC-0002009,WO-2025-000334,MAT-00717,186,186,0
ALC-0002010,WO-2025-000334,MAT-00858,82,82,0
ALC-0002011,WO-2025-000335,MAT-00468,486,486,0
ALC-0002012,WO-2025-000335,MAT-00375,1006,1006,0
ALC-0002013,WO-2025-000335,MAT-00117,335,335,0
ALC-0002014,WO-2025-000335,MAT-00452,865,865,0
ALC-0002015,WO-2025-000335,MAT-01059,568,568,0
ALC-0002016,WO-2025-000336,MAT-00548,368,368,0
ALC-0002017,WO-2025-000336,MAT-00019,1131,1131,0
ALC-0002018,WO-2025-000336,MAT-01123,412,412,0
ALC-0002019,WO-2025-000336,MAT-00194,1178,1178,0
ALC-0002020,WO-2025-000337,MAT-00191,187,187,0
ALC-0002021,WO-2025-000337,MAT-00323,133,133,0
ALC-0002022,WO-2025-000337,MAT-00095,127,127,0
ALC-0002023,WO-2025-000337,MAT-00023,56,56,0
ALC-0002024,WO-2025-000337,MAT-00653,222,222,0
ALC-0002025,WO-2025-000338,MAT-01011,699,699,0
ALC-0002026,WO-2025-000338,MAT-00343,850,850,0
ALC-0002027,WO-2025-000338,MAT-00723,934,934,0
ALC-0002028,WO-2025-000338,MAT-00002,1087,1087,0
ALC-0002029,WO-2025-000338,MAT-00382,879,879,0
ALC-0002030,WO-2025-000338,MAT-00774,707,707,0
ALC-0002031,WO-2025-000338,MAT-01155,1134,1134,0
ALC-0002032,WO-2025-000338,MAT-00995,640,640,0
ALC-0002033,WO-2025-000339,MAT-00835,361,361,0
ALC-0002034,WO-2025-000339,MAT-01015,963,963,0
ALC-0002035,WO-2025-000339,MAT-00123,334,334,0
ALC-0002036,WO-2025-000339,MAT-00663,1197,1197,0
ALC-0002037,WO-2025-000339,MAT-00480,818,818,0
ALC-0002038,WO-2025-000340,MAT-00322,1291,1291,0
ALC-0002039,WO-2025-000340,MAT-00930,3132,3132,0
ALC-0002040,WO-2025-000340,MAT-00229,2229,2229,0
ALC-0002041,WO-2025-000340,MAT-00092,3622,3622,0
ALC-0002042,WO-2025-000340,MAT-00112,4876,4876,0
ALC-0002043,WO-2025-000340,MAT-01063,1270,1270,0
ALC-0002044,WO-2025-000340,MAT-00358,1615,1615,0
ALC-0002045,WO-2025-000340,MAT-00491,1581,1581,0
ALC-0002046,WO-2025-000341,MAT-01109,1789,1789,0
ALC-0002047,WO-2025-000341,MAT-01066,1031,1031,0
ALC-0002048,WO-2025-000341,MAT-00968,1241,1241,0
ALC-0002049,WO-2025-000341,MAT-00808,2033,2033,0
ALC-0002050,WO-2025-000341,MAT-00902,1173,1173,0
ALC-0002051,WO-2025-000341,MAT-00759,811,811,0
ALC-0002052,WO-2025-000342,MAT-00676,115,115,0
ALC-0002053,WO-2025-000342,MAT-00824,234,234,0
ALC-0002054,WO-2025-000342,MAT-00837,54,54,0
ALC-0002055,WO-2025-000342,MAT-00854,133,133,0
ALC-0002056,WO-2025-000343,MAT-00323,822,822,0
ALC-0002057,WO-2025-000343,MAT-01045,1051,1051,0
ALC-0002058,WO-2025-000343,MAT-00397,2140,2140,0
ALC-0002059,WO-2025-000343,MAT-00919,592,592,0
ALC-0002060,WO-2025-000343,MAT-01109,593,593,0
ALC-0002061,WO-2025-000343,MAT-00260,1409,1409,0
ALC-0002062,WO-2025-000343,MAT-00786,1540,1540,0
ALC-0002063,WO-2025-000343,MAT-00278,1848,1848,0
ALC-0002064,WO-2025-000344,MAT-00900,4765,4765,0
ALC-0002065,WO-2025-000344,MAT-00314,2463,2463,0
ALC-0002066,WO-2025-000344,MAT-00726,4759,4759,0
ALC-0002067,WO-2025-000344,MAT-00619,3474,3474,0
ALC-0002068,WO-2025-000344,MAT-00092,3024,3024,0
ALC-0002069,WO-2025-000344,MAT-00855,3424,3424,0
ALC-0002070,WO-2025-000345,MAT-00833,143,143,0
ALC-0002071,WO-2025-000345,MAT-00183,115,115,0
ALC-0002072,WO-2025-000345,MAT-00278,79,79,0
ALC-0002073,WO-2025-000345,MAT-00113,57,57,0
ALC-0002074,WO-2025-000345,MAT-00778,197,197,0
ALC-0002075,WO-2025-000345,MAT-00334,228,228,0
ALC-0002076,WO-2025-000345,MAT-01123,241,241,0
ALC-0002077,WO-2025-000346,MAT-00310,212,212,0
ALC-0002078,WO-2025-000346,MAT-00141,287,287,0
ALC-0002079,WO-2025-000346,MAT-00113,154,154,0
ALC-0002080,WO-2025-000346,MAT-00586,323,323,0
ALC-0002081,WO-2025-000346,MAT-00617,488,488,0
ALC-0002082,WO-2025-000346,MAT-00357,230,230,0
ALC-0002083,WO-2025-000346,MAT-00121,184,184,0
ALC-0002084,WO-2025-000347,MAT-00310,972,972,0
ALC-0002085,WO-2025-000347,MAT-01105,409,409,0
ALC-0002086,WO-2025-000347,MAT-00117,639,639,0
ALC-0002087,WO-2025-000347,MAT-01099,1002,1002,0
ALC-0002088,WO-2025-000347,MAT-00080,349,349,0
ALC-0002089,WO-2025-000347,MAT-00057,405,405,0
ALC-0002090,WO-2025-000348,MAT-00845,2669,2669,0
ALC-0002091,WO-2025-000348,MAT-00646,1874,1874,0
ALC-0002092,WO-2025-000348,MAT-00920,2305,2305,0
ALC-0002093,WO-2025-000348,MAT-00657,2918,2918,0
ALC-0002094,WO-2025-000348,MAT-01179,1235,1235,0
ALC-0002095,WO-2025-000349,MAT-00942,239,239,0
ALC-0002096,WO-2025-000349,MAT-00706,232,232,0
ALC-0002097,WO-2025-000349,MAT-00578,145,145,0
ALC-0002098,WO-2025-000349,MAT-00514,52,52,0
ALC-0002099,WO-2025-000349,MAT-00498,124,124,0
ALC-0002100,WO-2025-000349,MAT-01132,156,156,0
ALC-0002101,WO-2025-000350,MAT-00917,424,424,0
ALC-0002102,WO-2025-000350,MAT-00284,301,301,0
ALC-0002103,WO-2025-000350,MAT-01075,475,475,0
ALC-0002104,WO-2025-000350,MAT-00857,482,482,0
ALC-0002105,WO-2025-000350,MAT-00414,423,423,0
ALC-0002106,WO-2025-000350,MAT-00973,288,288,0
ALC-0002107,WO-2025-000350,MAT-00447,358,358,0
ALC-0002108,WO-2025-000351,MAT-00773,768,768,0
ALC-0002109,WO-2025-000351,MAT-00956,722,722,0
ALC-0002110,WO-2025-000351,MAT-01118,636,636,0
ALC-0002111,WO-2025-000351,MAT-00900,514,514,0
ALC-0002112,WO-2025-000352,MAT-00362,265,265,0
ALC-0002113,WO-2025-000352,MAT-00551,385,385,0
ALC-0002114,WO-2025-000352,MAT-00668,468,468,0
ALC-0002115,WO-2025-000352,MAT-00809,168,168,0
ALC-0002116,WO-2025-000352,MAT-00816,404,404,0
ALC-0002117,WO-2025-000352,MAT-00756,392,392,0
ALC-0002118,WO-2025-000352,MAT-00384,481,481,0
ALC-0002119,WO-2025-000353,MAT-00501,316,316,0
ALC-0002120,WO-2025-000353,MAT-00100,206,206,0
ALC-0002121,WO-2025-000353,MAT-00988,325,325,0
ALC-0002122,WO-2025-000353,MAT-01068,258,258,0
ALC-0002123,WO-2025-000353,MAT-00932,233,233,0
ALC-0002124,WO-2025-000354,MAT-00246,261,261,0
ALC-0002125,WO-2025-000354,MAT-01025,288,288,0
ALC-0002126,WO-2025-000354,MAT-00629,167,167,0
ALC-0002127,WO-2025-000354,MAT-00462,185,185,0
ALC-0002128,WO-2025-000355,MAT-00796,1047,1047,0
ALC-0002129,WO-2025-000355,MAT-00310,4948,4948,0
ALC-0002130,WO-2025-000355,MAT-00459,2548,2548,0
ALC-0002131,WO-2025-000355,MAT-00582,4789,4789,0
ALC-0002132,WO-2025-000355,MAT-00592,3751,3751,0
ALC-0002133,WO-2025-000356,MAT-00147,91,91,0
ALC-0002134,WO-2025-000356,MAT-00255,121,121,0
ALC-0002135,WO-2025-000356,MAT-00794,110,110,0
ALC-0002136,WO-2025-000356,MAT-00657,55,55,0
ALC-0002137,WO-2025-000357,MAT-00910,131,131,0
ALC-0002138,WO-2025-000357,MAT-00291,273,273,0
ALC-0002139,WO-2025-000357,MAT-00005,193,193,0
ALC-0002140,WO-2025-000357,MAT-00928,468,468,0
ALC-0002141,WO-2025-000357,MAT-00367,402,402,0
ALC-0002142,WO-2025-000357,MAT-00868,364,364,0
ALC-0002143,WO-2025-000357,MAT-01166,486,486,0
ALC-0002144,WO-2025-000357,MAT-00883,200,200,0
ALC-0002145,WO-2025-000358,MAT-00776,107,107,0
ALC-0002146,WO-2025-000358,MAT-00329,108,108,0
ALC-0002147,WO-2025-000358,MAT-00154,106,106,0
ALC-0002148,WO-2025-000358,MAT-00515,113,113,0
ALC-0002149,WO-2025-000358,MAT-00550,133,133,0
ALC-0002150,WO-2025-000358,MAT-00221,191,191,0
ALC-0002151,WO-2025-000358,MAT-00976,211,211,0
ALC-0002152,WO-2025-000358,MAT-00319,73,73,0
ALC-0002153,WO-2025-000359,MAT-00948,59,59,0
ALC-0002154,WO-2025-000359,MAT-00333,192,192,0
ALC-0002155,WO-2025-000359,MAT-00080,77,77,0
ALC-0002156,WO-2025-000359,MAT-00851,129,129,0
ALC-0002157,WO-2025-000359,MAT-00844,209,209,0
ALC-0002158,WO-2025-000359,MAT-00747,225,225,0
ALC-0002159,WO-2025-000359,MAT-00130,164,164,0
ALC-0002160,WO-2025-000359,MAT-00965,220,220,0
ALC-0002161,WO-2025-000360,MAT-00599,171,171,0
ALC-0002162,WO-2025-000360,MAT-00794,200,200,0
ALC-0002163,WO-2025-000360,MAT-00882,92,92,0
ALC-0002164,WO-2025-000360,MAT-00482,165,165,0
ALC-0002165,WO-2025-000360,MAT-00852,83,83,0
ALC-0002166,WO-2025-000360,MAT-00615,64,64,0
ALC-0002167,WO-2025-000360,MAT-00644,99,99,0
ALC-0002168,WO-2025-000361,MAT-00156,1348,1348,0
ALC-0002169,WO-2025-000361,MAT-00487,2439,2439,0
ALC-0002170,WO-2025-000361,MAT-00266,688,688,0
ALC-0002171,WO-2025-000361,MAT-00807,1695,1695,0
ALC-0002172,WO-2025-000361,MAT-01030,1438,1438,0
ALC-0002173,WO-2025-000362,MAT-01082,905,905,0
ALC-0002174,WO-2025-000362,MAT-00785,352,352,0
ALC-0002175,WO-2025-000362,MAT-00600,1073,1073,0
ALC-0002176,WO-2025-000362,MAT-00008,766,766,0
ALC-0002177,WO-2025-000362,MAT-00137,660,660,0
ALC-0002178,WO-2025-000362,MAT-01127,1119,1119,0
ALC-0002179,WO-2025-000362,MAT-01120,478,478,0
ALC-0002180,WO-2025-000362,MAT-00412,704,704,0
ALC-0002181,WO-2025-000363,MAT-00533,1477,1477,0
ALC-0002182,WO-2025-000363,MAT-00271,1153,1153,0
ALC-0002183,WO-2025-000363,MAT-00583,1022,1022,0
ALC-0002184,WO-2025-000363,MAT-00574,1510,1510,0
ALC-0002185,WO-2025-000363,MAT-00586,2176,2176,0
ALC-0002186,WO-2025-000363,MAT-00290,1318,1318,0
ALC-0002187,WO-2025-000363,MAT-00239,2107,2107,0
ALC-0002188,WO-2025-000364,MAT-00770,1699,1699,0
ALC-0002189,WO-2025-000364,MAT-01190,1663,1663,0
ALC-0002190,WO-2025-000364,MAT-00349,2005,2005,0
ALC-0002191,WO-2025-000364,MAT-00901,1754,1754,0
ALC-0002192,WO-2025-000364,MAT-00641,1904,1904,0
ALC-0002193,WO-2025-000364,MAT-00340,640,640,0
ALC-0002194,WO-2025-000364,MAT-00261,2425,2425,0
ALC-0002195,WO-2025-000365,MAT-01081,120,120,0
ALC-0002196,WO-2025-000365,MAT-00225,57,57,0
ALC-0002197,WO-2025-000365,MAT-00750,188,188,0
ALC-0002198,WO-2025-000365,MAT-01064,142,142,0
ALC-0002199,WO-2025-000366,MAT-00086,387,387,0
ALC-0002200,WO-2025-000366,MAT-00774,165,165,0
ALC-0002201,WO-2025-000366,MAT-00749,323,323,0
ALC-0002202,WO-2025-000366,MAT-00444,253,253,0
ALC-0002203,WO-2025-000366,MAT-00245,410,410,0
ALC-0002204,WO-2025-000367,MAT-00967,186,186,0
ALC-0002205,WO-2025-000367,MAT-00769,197,197,0
ALC-0002206,WO-2025-000367,MAT-00365,223,223,0
ALC-0002207,WO-2025-000367,MAT-00709,109,109,0
ALC-0002208,WO-2025-000367,MAT-01108,181,181,0
ALC-0002209,WO-2025-000367,MAT-00002,63,63,0
ALC-0002210,WO-2025-000368,MAT-00664,1928,1928,0
ALC-0002211,WO-2025-000368,MAT-00379,825,825,0
ALC-0002212,WO-2025-000368,MAT-00909,1420,1420,0
ALC-0002213,WO-2025-000368,MAT-00553,2250,2250,0
ALC-0002214,WO-2025-000368,MAT-00592,1246,1246,0
ALC-0002215,WO-2025-000369,MAT-00680,1421,1421,0
ALC-0002216,WO-2025-000369,MAT-00784,3107,3107,0
ALC-0002217,WO-2025-000369,MAT-00848,4135,4135,0
ALC-0002218,WO-2025-000369,MAT-00127,2014,2014,0
ALC-0002219,WO-2025-000369,MAT-00298,2596,2596,0
ALC-0002220,WO-2025-000370,MAT-01031,298,298,0
ALC-0002221,WO-2025-000370,MAT-00814,1198,1198,0
ALC-0002222,WO-2025-000370,MAT-00388,274,274,0
ALC-0002223,WO-2025-000370,MAT-00902,756,756,0
ALC-0002224,WO-2025-000371,MAT-00665,1942,1942,0
ALC-0002225,WO-2025-000371,MAT-00900,1626,1626,0
ALC-0002226,WO-2025-000371,MAT-01165,1047,1047,0
ALC-0002227,WO-2025-000371,MAT-00673,1990,1990,0
ALC-0002228,WO-2025-000371,MAT-00779,3670,3670,0
ALC-0002229,WO-2025-000371,MAT-00749,2327,2327,0
ALC-0002230,WO-2025-000371,MAT-00633,1641,1641,0
ALC-0002231,WO-2025-000371,MAT-00150,1063,1063,0
ALC-0002232,WO-2025-000372,MAT-00543,52,52,0
ALC-0002233,WO-2025-000372,MAT-00946,184,184,0
ALC-0002234,WO-2025-000372,MAT-00715,84,84,0
ALC-0002235,WO-2025-000372,MAT-00730,175,175,0
ALC-0002236,WO-2025-000372,MAT-00072,160,160,0
ALC-0002237,WO-2025-000373,MAT-00714,271,271,0
ALC-0002238,WO-2025-000373,MAT-00322,473,473,0
ALC-0002239,WO-2025-000373,MAT-00295,320,320,0
ALC-0002240,WO-2025-000373,MAT-01076,369,369,0
ALC-0002241,WO-2025-000374,MAT-00845,1207,1207,0
ALC-0002242,WO-2025-000374,MAT-01110,952,952,0
ALC-0002243,WO-2025-000374,MAT-00259,1077,1077,0
ALC-0002244,WO-2025-000374,MAT-00145,341,341,0
ALC-0002245,WO-2025-000374,MAT-00344,262,262,0
ALC-0002246,WO-2025-000374,MAT-00125,495,495,0
ALC-0002247,WO-2025-000374,MAT-00107,805,805,0
ALC-0002248,WO-2025-000375,MAT-01050,89,89,0
ALC-0002249,WO-2025-000375,MAT-00355,88,88,0
ALC-0002250,WO-2025-000375,MAT-01121,121,121,0
ALC-0002251,WO-2025-000375,MAT-00395,103,103,0
ALC-0002252,WO-2025-000375,MAT-00846,186,186,0
ALC-0002253,WO-2025-000375,MAT-00405,95,95,0
ALC-0002254,WO-2025-000376,MAT-00773,129,129,0
ALC-0002255,WO-2025-000376,MAT-01126,62,62,0
ALC-0002256,WO-2025-000376,MAT-00857,146,146,0
ALC-0002257,WO-2025-000376,MAT-00637,162,162,0
ALC-0002258,WO-2025-000376,MAT-00801,229,229,0
ALC-0002259,WO-2025-000376,MAT-00649,191,191,0
ALC-0002260,WO-2025-000376,MAT-00621,64,64,0
ALC-0002261,WO-2025-000377,MAT-00904,992,992,0
ALC-0002262,WO-2025-000377,MAT-00398,1042,1042,0
ALC-0002263,WO-2025-000377,MAT-00523,907,907,0
ALC-0002264,WO-2025-000377,MAT-00395,1068,1068,0
ALC-0002265,WO-2025-000377,MAT-00183,444,444,0
ALC-0002266,WO-2025-000377,MAT-01097,1226,1226,0
ALC-0002267,WO-2025-000377,MAT-00782,816,816,0
ALC-0002268,WO-2025-000377,MAT-00208,471,471,0
ALC-0002269,WO-2025-000378,MAT-00657,1028,1028,0
ALC-0002270,WO-2025-000378,MAT-00112,2413,2413,0
ALC-0002271,WO-2025-000378,MAT-01088,3503,3503,0
ALC-0002272,WO-2025-000378,MAT-00990,3790,3790,0
ALC-0002273,WO-2025-000378,MAT-00105,1345,1345,0
ALC-0002274,WO-2025-000378,MAT-00749,1091,1091,0
ALC-0002275,WO-2025-000378,MAT-00807,3676,3676,0
ALC-0002276,WO-2025-000378,MAT-00249,3919,3919,0
ALC-0002277,WO-2025-000379,MAT-00664,2389,2389,0
ALC-0002278,WO-2025-000379,MAT-01189,3498,3498,0
ALC-0002279,WO-2025-000379,MAT-00349,2296,2296,0
ALC-0002280,WO-2025-000379,MAT-01033,1404,1404,0
ALC-0002281,WO-2025-000379,MAT-00115,4190,4190,0
ALC-0002282,WO-2025-000379,MAT-00283,4487,4487,0
ALC-0002283,WO-2025-000380,MAT-00103,256,256,0
ALC-0002284,WO-2025-000380,MAT-00611,429,429,0
ALC-0002285,WO-2025-000380,MAT-00423,175,175,0
ALC-0002286,WO-2025-000380,MAT-00782,451,451,0
ALC-0002287,WO-2025-000380,MAT-00172,402,402,0
ALC-0002288,WO-2025-000380,MAT-00959,157,157,0
ALC-0002289,WO-2025-000381,MAT-00213,120,120,0
ALC-0002290,WO-2025-000381,MAT-00628,483,483,0
ALC-0002291,WO-2025-000381,MAT-00873,294,294,0
ALC-0002292,WO-2025-000381,MAT-01113,473,473,0
ALC-0002293,WO-2025-000381,MAT-00881,303,303,0
ALC-0002294,WO-2025-000381,MAT-00415,275,275,0
ALC-0002295,WO-2025-000381,MAT-00127,160,160,0
ALC-0002296,WO-2025-000381,MAT-00420,248,248,0
ALC-0002297,WO-2025-000382,MAT-00314,3016,3016,0
ALC-0002298,WO-2025-000382,MAT-01001,2895,2895,0
ALC-0002299,WO-2025-000382,MAT-01065,3966,3966,0
ALC-0002300,WO-2025-000382,MAT-00747,2761,2761,0
ALC-0002301,WO-2025-000383,MAT-01087,131,131,0
ALC-0002302,WO-2025-000383,MAT-00213,361,361,0
ALC-0002303,WO-2025-000383,MAT-00045,402,402,0
ALC-0002304,WO-2025-000383,MAT-00219,181,181,0
ALC-0002305,WO-2025-000383,MAT-00232,205,205,0
ALC-0002306,WO-2025-000384,MAT-00202,2658,2658,0
ALC-0002307,WO-2025-000384,MAT-00487,3459,3459,0
ALC-0002308,WO-2025-000384,MAT-00107,4921,4921,0
ALC-0002309,WO-2025-000384,MAT-01023,2365,2365,0
ALC-0002310,WO-2025-000384,MAT-01091,1533,1533,0
ALC-0002311,WO-2025-000384,MAT-00935,2633,2633,0
ALC-0002312,WO-2025-000385,MAT-00700,1069,1069,0
ALC-0002313,WO-2025-000385,MAT-00523,530,530,0
ALC-0002314,WO-2025-000385,MAT-00002,1267,1267,0
ALC-0002315,WO-2025-000385,MAT-00221,514,514,0
ALC-0002316,WO-2025-000385,MAT-00111,1906,1906,0
ALC-0002317,WO-2025-000385,MAT-01155,999,999,0
ALC-0002318,WO-2025-000386,MAT-00050,1158,1158,0
ALC-0002319,WO-2025-000386,MAT-00916,1158,1158,0
ALC-0002320,WO-2025-000386,MAT-00422,2470,2470,0
ALC-0002321,WO-2025-000386,MAT-00911,3623,3623,0
ALC-0002322,WO-2025-000386,MAT-00968,2767,2767,0
ALC-0002323,WO-2025-000386,MAT-00782,4510,4510,0
ALC-0002324,WO-2025-000386,MAT-00029,2453,2453,0
ALC-0002325,WO-2025-000386,MAT-00601,4090,4090,0
ALC-0002326,WO-2025-000387,MAT-00645,4740,4740,0
ALC-0002327,WO-2025-000387,MAT-00768,4799,4799,0
ALC-0002328,WO-2025-000387,MAT-00395,1299,1299,0
ALC-0002329,WO-2025-000387,MAT-00477,4320,4320,0
ALC-0002330,WO-2025-000387,MAT-00918,4625,4625,0
ALC-0002331,WO-2025-000387,MAT-00731,3343,3343,0
ALC-0002332,WO-2025-000387,MAT-01162,1564,1564,0
ALC-0002333,WO-2025-000388,MAT-00068,96,96,0
ALC-0002334,WO-2025-000388,MAT-00785,207,207,0
ALC-0002335,WO-2025-000388,MAT-00034,196,196,0
ALC-0002336,WO-2025-000388,MAT-00190,137,137,0
ALC-0002337,WO-2025-000388,MAT-00346,144,144,0
ALC-0002338,WO-2025-000389,MAT-00900,152,152,0
ALC-0002339,WO-2025-000389,MAT-00022,237,237,0
ALC-0002340,WO-2025-000389,MAT-01066,234,234,0
ALC-0002341,WO-2025-000389,MAT-00569,230,230,0
ALC-0002342,WO-2025-000389,MAT-00609,176,176,0
ALC-0002343,WO-2025-000389,MAT-00614,226,226,0
ALC-0002344,WO-2025-000389,MAT-00909,60,60,0
ALC-0002345,WO-2025-000389,MAT-00435,236,236,0
ALC-0002346,WO-2025-000390,MAT-01087,85,85,0
ALC-0002347,WO-2025-000390,MAT-00553,148,148,0
ALC-0002348,WO-2025-000390,MAT-00275,123,123,0
ALC-0002349,WO-2025-000390,MAT-00899,118,118,0
ALC-0002350,WO-2025-000390,MAT-00669,190,190,0
ALC-0002351,WO-2025-000391,MAT-00005,129,129,0
ALC-0002352,WO-2025-000391,MAT-00709,82,82,0
ALC-0002353,WO-2025-000391,MAT-01054,187,187,0
ALC-0002354,WO-2025-000391,MAT-00551,101,101,0
ALC-0002355,WO-2025-000391,MAT-00698,80,80,0
ALC-0002356,WO-2025-000392,MAT-00362,222,222,0
ALC-0002357,WO-2025-000392,MAT-00391,299,299,0
ALC-0002358,WO-2025-000392,MAT-01065,351,351,0
ALC-0002359,WO-2025-000392,MAT-00217,237,237,0
ALC-0002360,WO-2025-000393,MAT-00548,237,237,0
ALC-0002361,WO-2025-000393,MAT-00558,225,225,0
ALC-0002362,WO-2025-000393,MAT-00751,219,219,0
ALC-0002363,WO-2025-000393,MAT-00462,124,124,0
ALC-0002364,WO-2025-000393,MAT-00284,60,60,0
ALC-0002365,WO-2025-000393,MAT-00330,86,86,0
ALC-0002366,WO-2025-000393,MAT-00267,191,191,0
ALC-0002367,WO-2025-000393,MAT-01020,178,178,0
ALC-0002368,WO-2025-000394,MAT-00588,1020,1020,0
ALC-0002369,WO-2025-000394,MAT-00987,678,678,0
ALC-0002370,WO-2025-000394,MAT-00507,1014,1014,0
ALC-0002371,WO-2025-000394,MAT-00290,793,793,0
ALC-0002372,WO-2025-000394,MAT-01017,925,925,0
ALC-0002373,WO-2025-000394,MAT-00440,409,409,0
ALC-0002374,WO-2025-000395,MAT-00700,997,997,0
ALC-0002375,WO-2025-000395,MAT-00651,1011,1011,0
ALC-0002376,WO-2025-000395,MAT-00385,668,668,0
ALC-0002377,WO-2025-000395,MAT-00191,868,868,0
ALC-0002378,WO-2025-000395,MAT-00251,730,730,0
ALC-0002379,WO-2025-000395,MAT-00041,909,909,0
ALC-0002380,WO-2025-000395,MAT-00167,343,343,0
ALC-0002381,WO-2025-000395,MAT-00108,973,973,0
ALC-0002382,WO-2025-000396,MAT-01129,2320,2320,0
ALC-0002383,WO-2025-000396,MAT-00241,2484,2484,0
ALC-0002384,WO-2025-000396,MAT-00224,1505,1505,0
ALC-0002385,WO-2025-000396,MAT-00279,2208,2208,0
ALC-0002386,WO-2025-000396,MAT-00215,1042,1042,0
ALC-0002387,WO-2025-000397,MAT-00686,3206,3206,0
ALC-0002388,WO-2025-000397,MAT-00311,2406,2406,0
ALC-0002389,WO-2025-000397,MAT-00979,4884,4884,0
ALC-0002390,WO-2025-000397,MAT-00846,1971,1971,0
ALC-0002391,WO-2025-000398,MAT-00536,360,360,0
ALC-0002392,WO-2025-000398,MAT-00596,730,730,0
ALC-0002393,WO-2025-000398,MAT-00585,273,273,0
ALC-0002394,WO-2025-000398,MAT-00379,372,372,0
ALC-0002395,WO-2025-000398,MAT-00666,978,978,0
ALC-0002396,WO-2025-000399,MAT-00618,1216,1216,0
ALC-0002397,WO-2025-000399,MAT-00671,1029,1029,0
ALC-0002398,WO-2025-000399,MAT-00392,963,963,0
ALC-0002399,WO-2025-000399,MAT-00886,637,637,0
ALC-0002400,WO-2025-000399,MAT-00190,906,906,0
ALC-0002401,WO-2025-000399,MAT-00497,804,804,0
ALC-0002402,WO-2025-000400,MAT-01031,727,727,0
ALC-0002403,WO-2025-000400,MAT-00673,590,590,0
ALC-0002404,WO-2025-000400,MAT-00568,1370,1370,0
ALC-0002405,WO-2025-000400,MAT-01012,1056,1056,0
ALC-0002406,WO-2025-000400,MAT-00070,637,637,0
ALC-0002407,WO-2025-000400,MAT-00537,1458,1458,0
ALC-0002408,WO-2025-000400,MAT-00289,1982,1982,0
ALC-0002409,WO-2025-000401,MAT-01018,94,94,0
ALC-0002410,WO-2025-000401,MAT-00497,173,173,0
ALC-0002411,WO-2025-000401,MAT-00918,185,185,0
ALC-0002412,WO-2025-000401,MAT-00589,207,207,0
ALC-0002413,WO-2025-000401,MAT-00565,68,68,0
ALC-0002414,WO-2025-000402,MAT-00895,989,989,0
ALC-0002415,WO-2025-000402,MAT-00384,537,537,0
ALC-0002416,WO-2025-000402,MAT-01146,823,823,0
ALC-0002417,WO-2025-000402,MAT-00667,848,848,0
ALC-0002418,WO-2025-000403,MAT-01073,899,899,0
ALC-0002419,WO-2025-000403,MAT-00115,2110,2110,0
ALC-0002420,WO-2025-000403,MAT-00768,1840,1840,0
ALC-0002421,WO-2025-000403,MAT-00488,538,538,0
ALC-0002422,WO-2025-000403,MAT-01102,1061,1061,0
ALC-0002423,WO-2025-000403,MAT-00821,2296,2296,0
ALC-0002424,WO-2025-000404,MAT-00839,1047,1047,0
ALC-0002425,WO-2025-000404,MAT-00939,1012,1012,0
ALC-0002426,WO-2025-000404,MAT-00448,1270,1270,0
ALC-0002427,WO-2025-000404,MAT-00710,1653,1653,0
ALC-0002428,WO-2025-000404,MAT-00213,1212,1212,0
ALC-0002429,WO-2025-000404,MAT-00012,500,500,0
ALC-0002430,WO-2025-000404,MAT-00827,2337,2337,0
ALC-0002431,WO-2025-000405,MAT-01011,1101,1101,0
ALC-0002432,WO-2025-000405,MAT-01004,951,951,0
ALC-0002433,WO-2025-000405,MAT-01093,2472,2472,0
ALC-0002434,WO-2025-000405,MAT-00486,1658,1658,0
ALC-0002435,WO-2025-000405,MAT-00830,1313,1313,0
ALC-0002436,WO-2025-000405,MAT-00816,607,607,0
ALC-0002437,WO-2025-000405,MAT-00107,548,548,0
ALC-0002438,WO-2025-000405,MAT-01146,1261,1261,0
ALC-0002439,WO-2025-000406,MAT-00086,181,181,0
ALC-0002440,WO-2025-000406,MAT-00949,141,141,0
ALC-0002441,WO-2025-000406,MAT-00526,231,231,0
ALC-0002442,WO-2025-000406,MAT-00865,242,242,0
ALC-0002443,WO-2025-000406,MAT-00866,196,196,0
ALC-0002444,WO-2025-000406,MAT-01091,125,125,0
ALC-0002445,WO-2025-000407,MAT-00520,713,713,0
ALC-0002446,WO-2025-000407,MAT-00012,1066,1066,0
ALC-0002447,WO-2025-000407,MAT-00123,2415,2415,0
ALC-0002448,WO-2025-000407,MAT-00694,1423,1423,0
ALC-0002449,WO-2025-000407,MAT-00038,1843,1843,0
ALC-0002450,WO-2025-000407,MAT-01086,701,701,0
ALC-0002451,WO-2025-000407,MAT-01026,534,534,0
ALC-0002452,WO-2025-000407,MAT-00482,1084,1084,0
ALC-0002453,WO-2025-000408,MAT-00284,354,354,0
ALC-0002454,WO-2025-000408,MAT-01085,261,261,0
ALC-0002455,WO-2025-000408,MAT-01081,485,485,0
ALC-0002456,WO-2025-000408,MAT-00740,417,417,0
ALC-0002457,WO-2025-000408,MAT-00768,306,306,0
ALC-0002458,WO-2025-000408,MAT-00702,177,177,0
ALC-0002459,WO-2025-000409,MAT-00773,2307,2307,0
ALC-0002460,WO-2025-000409,MAT-01084,3257,3257,0
ALC-0002461,WO-2025-000409,MAT-00224,4748,4748,0
ALC-0002462,WO-2025-000409,MAT-01162,4316,4316,0
ALC-0002463,WO-2025-000410,MAT-00050,4276,4276,0
ALC-0002464,WO-2025-000410,MAT-01175,3924,3924,0
ALC-0002465,WO-2025-000410,MAT-00823,2100,2100,0
ALC-0002466,WO-2025-000410,MAT-00199,4038,4038,0
ALC-0002467,WO-2025-000411,MAT-01009,2182,2182,0
ALC-0002468,WO-2025-000411,MAT-01060,580,580,0
ALC-0002469,WO-2025-000411,MAT-00311,766,766,0
ALC-0002470,WO-2025-000411,MAT-00208,1505,1505,0
ALC-0002471,WO-2025-000411,MAT-00969,2266,2266,0
ALC-0002472,WO-2025-000411,MAT-00521,799,799,0
ALC-0002473,WO-2025-000411,MAT-00833,1482,1482,0
ALC-0002474,WO-2025-000411,MAT-01099,2092,2092,0
ALC-0002475,WO-2025-000412,MAT-00103,1487,1487,0
ALC-0002476,WO-2025-000412,MAT-00017,1420,1420,0
ALC-0002477,WO-2025-000412,MAT-01181,1455,1455,0
ALC-0002478,WO-2025-000412,MAT-00712,690,690,0
ALC-0002479,WO-2025-000412,MAT-00010,1900,1900,0
ALC-0002480,WO-2025-000412,MAT-00325,922,922,0
ALC-0002481,WO-2025-000413,MAT-00323,708,708,0
ALC-0002482,WO-2025-000413,MAT-00125,1726,1726,0
ALC-0002483,WO-2025-000413,MAT-00897,1617,1617,0
ALC-0002484,WO-2025-000413,MAT-00968,1316,1316,0
ALC-0002485,WO-2025-000413,MAT-00892,576,576,0
ALC-0002486,WO-2025-000414,MAT-00693,377,377,0
ALC-0002487,WO-2025-000414,MAT-01025,329,329,0
ALC-0002488,WO-2025-000414,MAT-00643,234,234,0
ALC-0002489,WO-2025-000414,MAT-01090,384,384,0
ALC-0002490,WO-2025-000414,MAT-00614,147,147,0
ALC-0002491,WO-2025-000414,MAT-00214,365,365,0
ALC-0002492,WO-2025-000414,MAT-00519,111,111,0
ALC-0002493,WO-2025-000415,MAT-00050,196,196,0
ALC-0002494,WO-2025-000415,MAT-00334,179,179,0
ALC-0002495,WO-2025-000415,MAT-00517,172,172,0
ALC-0002496,WO-2025-000415,MAT-00968,146,146,0
ALC-0002497,WO-2025-000415,MAT-01113,101,101,0
ALC-0002498,WO-2025-000415,MAT-00870,246,246,0
ALC-0002499,WO-2025-000416,MAT-00819,2120,2120,0
ALC-0002500,WO-2025-000416,MAT-00865,4135,4135,0
ALC-0002501,WO-2025-000416,MAT-01019,2710,2710,0
ALC-0002502,WO-2025-000416,MAT-00188,2741,2741,0
ALC-0002503,WO-2025-000417,MAT-01133,3458,3458,0
ALC-0002504,WO-2025-000417,MAT-00786,4420,4420,0
ALC-0002505,WO-2025-000417,MAT-00787,1712,1712,0
ALC-0002506,WO-2025-000417,MAT-00251,2759,2759,0
ALC-0002507,WO-2025-000417,MAT-00801,4154,4154,0
ALC-0002508,WO-2025-000417,MAT-00792,4578,4578,0
ALC-0002509,WO-2025-000418,MAT-00209,343,343,0
ALC-0002510,WO-2025-000418,MAT-00095,241,241,0
ALC-0002511,WO-2025-000418,MAT-01131,191,191,0
ALC-0002512,WO-2025-000418,MAT-00900,123,123,0
ALC-0002513,WO-2025-000418,MAT-00260,394,394,0
ALC-0002514,WO-2025-000418,MAT-00585,381,381,0
ALC-0002515,WO-2025-000419,MAT-00833,1577,1577,0
ALC-0002516,WO-2025-000419,MAT-00029,2252,2252,0
ALC-0002517,WO-2025-000419,MAT-00295,1264,1264,0
ALC-0002518,WO-2025-000419,MAT-00035,924,924,0
ALC-0002519,WO-2025-000419,MAT-00629,2257,2257,0
ALC-0002520,WO-2025-000419,MAT-00834,786,786,0
ALC-0002521,WO-2025-000420,MAT-01107,401,401,0
ALC-0002522,WO-2025-000420,MAT-00176,352,352,0
ALC-0002523,WO-2025-000420,MAT-00707,396,396,0
ALC-0002524,WO-2025-000420,MAT-00547,196,196,0
ALC-0002525,WO-2025-000421,MAT-01082,154,154,0
ALC-0002526,WO-2025-000421,MAT-00744,403,403,0
ALC-0002527,WO-2025-000421,MAT-00112,368,368,0
ALC-0002528,WO-2025-000421,MAT-01167,468,468,0
ALC-0002529,WO-2025-000421,MAT-00088,381,381,0
ALC-0002530,WO-2025-000421,MAT-00039,181,181,0
ALC-0002531,WO-2025-000422,MAT-01081,418,418,0
ALC-0002532,WO-2025-000422,MAT-00608,259,259,0
ALC-0002533,WO-2025-000422,MAT-01050,354,354,0
ALC-0002534,WO-2025-000422,MAT-01078,128,128,0
ALC-0002535,WO-2025-000422,MAT-00671,478,478,0
ALC-0002536,WO-2025-000423,MAT-00655,793,793,0
ALC-0002537,WO-2025-000423,MAT-00795,1146,1146,0
ALC-0002538,WO-2025-000423,MAT-00083,614,614,0
ALC-0002539,WO-2025-000423,MAT-00039,747,747,0
ALC-0002540,WO-2025-000423,MAT-00996,1008,1008,0
ALC-0002541,WO-2025-000423,MAT-00835,765,765,0
ALC-0002542,WO-2025-000423,MAT-00584,469,469,0
ALC-0002543,WO-2025-000424,MAT-01112,874,874,0
ALC-0002544,WO-2025-000424,MAT-01090,676,676,0
ALC-0002545,WO-2025-000424,MAT-00526,1074,1074,0
ALC-0002546,WO-2025-000424,MAT-00979,279,279,0
ALC-0002547,WO-2025-000424,MAT-00577,412,412,0
ALC-0002548,WO-2025-000424,MAT-00351,994,994,0
ALC-0002549,WO-2025-000424,MAT-01149,1162,1162,0
ALC-0002550,WO-2025-000424,MAT-00968,831,831,0
ALC-0002551,WO-2025-000425,MAT-00353,105,105,0
ALC-0002552,WO-2025-000425,MAT-00737,115,115,0
ALC-0002553,WO-2025-000425,MAT-00171,498,498,0
ALC-0002554,WO-2025-000425,MAT-00868,466,466,0
ALC-0002555,WO-2025-000425,MAT-00866,211,211,0
ALC-0002556,WO-2025-000426,MAT-01046,229,229,0
ALC-0002557,WO-2025-000426,MAT-00241,137,137,0
ALC-0002558,WO-2025-000426,MAT-00097,179,179,0
ALC-0002559,WO-2025-000426,MAT-00951,133,133,0
ALC-0002560,WO-2025-000427,MAT-00838,4748,961,3787
ALC-0002561,WO-2025-000427,MAT-00072,2631,446,2185
ALC-0002562,WO-2025-000427,MAT-00898,1779,232,1547
ALC-0002563,WO-2025-000427,MAT-00839,1087,307,780
ALC-0002564,WO-2025-000427,MAT-00630,2339,728,1611
ALC-0002565,WO-2025-000427,MAT-00428,2359,269,2090
ALC-0002566,WO-2025-000428,MAT-00421,1970,1970,0
ALC-0002567,WO-2025-000428,MAT-00510,2117,2117,0
ALC-0002568,WO-2025-000428,MAT-01084,630,630,0
ALC-0002569,WO-2025-000428,MAT-00576,1922,1922,0
ALC-0002570,WO-2025-000428,MAT-00604,855,855,0
ALC-0002571,WO-2025-000429,MAT-01081,1154,1154,0
ALC-0002572,WO-2025-000429,MAT-00291,1165,1165,0
ALC-0002573,WO-2025-000429,MAT-00659,921,921,0
ALC-0002574,WO-2025-000429,MAT-00096,779,779,0
ALC-0002575,WO-2025-000430,MAT-00608,683,683,0
ALC-0002576,WO-2025-000430,MAT-00577,709,709,0
ALC-0002577,WO-2025-000430,MAT-00205,2380,2380,0
ALC-0002578,WO-2025-000430,MAT-00664,942,942,0
ALC-0002579,WO-2025-000430,MAT-01006,1866,1866,0
ALC-0002580,WO-2025-000430,MAT-01031,1277,1277,0
ALC-0002581,WO-2025-000430,MAT-00911,1554,1554,0
ALC-0002582,WO-2025-000430,MAT-00673,716,716,0
ALC-0002583,WO-2025-000431,MAT-00608,1268,1268,0
ALC-0002584,WO-2025-000431,MAT-01145,1839,1839,0
ALC-0002585,WO-2025-000431,MAT-00636,1530,1530,0
ALC-0002586,WO-2025-000431,MAT-00780,1972,1972,0
ALC-0002587,WO-2025-000432,MAT-01109,770,770,0
ALC-0002588,WO-2025-000432,MAT-00683,415,415,0
ALC-0002589,WO-2025-000432,MAT-00764,754,754,0
ALC-0002590,WO-2025-000432,MAT-00474,895,895,0
ALC-0002591,WO-2025-000433,MAT-00636,151,151,0
ALC-0002592,WO-2025-000433,MAT-00427,416,416,0
ALC-0002593,WO-2025-000433,MAT-01040,124,124,0
ALC-0002594,WO-2025-000433,MAT-00604,450,450,0
ALC-0002595,WO-2025-000433,MAT-00441,332,332,0
ALC-0002596,WO-2025-000433,MAT-00393,255,255,0
ALC-0002597,WO-2025-000433,MAT-00360,497,497,0
ALC-0002598,WO-2025-000433,MAT-00542,469,469,0
ALC-0002599,WO-2025-000434,MAT-01097,1319,1319,0
ALC-0002600,WO-2025-000434,MAT-00451,2010,2010,0
ALC-0002601,WO-2025-000434,MAT-00906,1488,1488,0
ALC-0002602,WO-2025-000434,MAT-00870,867,867,0
ALC-0002603,WO-2025-000434,MAT-01146,2321,2321,0
ALC-0002604,WO-2025-000434,MAT-01152,710,710,0
ALC-0002605,WO-2025-000435,MAT-00491,354,354,0
ALC-0002606,WO-2025-000435,MAT-00661,475,475,0
ALC-0002607,WO-2025-000435,MAT-00863,159,159,0
ALC-0002608,WO-2025-000435,MAT-00432,484,484,0
ALC-0002609,WO-2025-000435,MAT-00028,453,453,0
ALC-0002610,WO-2025-000436,MAT-00816,804,804,0
ALC-0002611,WO-2025-000436,MAT-00816,1358,1358,0
ALC-0002612,WO-2025-000436,MAT-00548,879,879,0
ALC-0002613,WO-2025-000436,MAT-00122,2332,2332,0
ALC-0002614,WO-2025-000437,MAT-00338,1555,1555,0
ALC-0002615,WO-2025-000437,MAT-00554,762,762,0
ALC-0002616,WO-2025-000437,MAT-00663,1859,1859,0
ALC-0002617,WO-2025-000437,MAT-00710,1827,1827,0
ALC-0002618,WO-2025-000437,MAT-01135,2291,2291,0
ALC-0002619,WO-2025-000437,MAT-00878,1373,1373,0
ALC-0002620,WO-2025-000437,MAT-00598,856,856,0
ALC-0002621,WO-2025-000438,MAT-00067,380,380,0
ALC-0002622,WO-2025-000438,MAT-01096,360,360,0
ALC-0002623,WO-2025-000438,MAT-00895,218,218,0
ALC-0002624,WO-2025-000438,MAT-00389,230,230,0
ALC-0002625,WO-2025-000438,MAT-00551,369,369,0
ALC-0002626,WO-2025-000438,MAT-01108,252,252,0
ALC-0002627,WO-2025-000439,MAT-00889,1892,1892,0
ALC-0002628,WO-2025-000439,MAT-00586,2455,2455,0
ALC-0002629,WO-2025-000439,MAT-00103,3634,3634,0
ALC-0002630,WO-2025-000439,MAT-00523,4774,4774,0
ALC-0002631,WO-2025-000439,MAT-00261,2848,2848,0
ALC-0002632,WO-2025-000440,MAT-00213,576,576,0
ALC-0002633,WO-2025-000440,MAT-00356,1575,1575,0
ALC-0002634,WO-2025-000440,MAT-01039,2467,2467,0
ALC-0002635,WO-2025-000440,MAT-00838,1798,1798,0
ALC-0002636,WO-2025-000440,MAT-00717,1220,1220,0
ALC-0002637,WO-2025-000440,MAT-00421,1676,1676,0
ALC-0002638,WO-2025-000440,MAT-01144,1357,1357,0
ALC-0002639,WO-2025-000441,MAT-00785,344,344,0
ALC-0002640,WO-2025-000441,MAT-00123,485,485,0
ALC-0002641,WO-2025-000441,MAT-00535,286,286,0
ALC-0002642,WO-2025-000441,MAT-00527,126,126,0
ALC-0002643,WO-2025-000441,MAT-00119,357,357,0
ALC-0002644,WO-2025-000441,MAT-00718,371,371,0
ALC-0002645,WO-2025-000441,MAT-00707,496,496,0
ALC-0002646,WO-2025-000442,MAT-00566,177,177,0
ALC-0002647,WO-2025-000442,MAT-00445,83,83,0
ALC-0002648,WO-2025-000442,MAT-00735,137,137,0
ALC-0002649,WO-2025-000442,MAT-00682,228,228,0
ALC-0002650,WO-2025-000443,MAT-00859,2244,2244,0
ALC-0002651,WO-2025-000443,MAT-00934,2507,2507,0
ALC-0002652,WO-2025-000443,MAT-01072,4874,4874,0
ALC-0002653,WO-2025-000443,MAT-01096,4664,4664,0
ALC-0002654,WO-2025-000443,MAT-00195,2219,2219,0
ALC-0002655,WO-2025-000444,MAT-00686,273,273,0
ALC-0002656,WO-2025-000444,MAT-00136,494,494,0
ALC-0002657,WO-2025-000444,MAT-00240,191,191,0
ALC-0002658,WO-2025-000444,MAT-00056,146,146,0
ALC-0002659,WO-2025-000444,MAT-00782,248,248,0
ALC-0002660,WO-2025-000444,MAT-00658,126,126,0
ALC-0002661,WO-2025-000445,MAT-00286,1760,1760,0
ALC-0002662,WO-2025-000445,MAT-01003,1019,1019,0
ALC-0002663,WO-2025-000445,MAT-00948,1996,1996,0
ALC-0002664,WO-2025-000445,MAT-00678,703,703,0
ALC-0002665,WO-2025-000445,MAT-00995,2391,2391,0
ALC-0002666,WO-2025-000445,MAT-00793,1331,1331,0
ALC-0002667,WO-2025-000445,MAT-01194,1823,1823,0
ALC-0002668,WO-2025-000446,MAT-00273,735,735,0
ALC-0002669,WO-2025-000446,MAT-00749,922,922,0
ALC-0002670,WO-2025-000446,MAT-00307,1027,1027,0
ALC-0002671,WO-2025-000446,MAT-00438,806,806,0
ALC-0002672,WO-2025-000446,MAT-00093,835,835,0
ALC-0002673,WO-2025-000447,MAT-00115,1887,1887,0
ALC-0002674,WO-2025-000447,MAT-00697,1096,1096,0
ALC-0002675,WO-2025-000447,MAT-00610,4016,4016,0
ALC-0002676,WO-2025-000447,MAT-00888,1843,1843,0
ALC-0002677,WO-2025-000447,MAT-00629,3793,3793,0
ALC-0002678,WO-2025-000447,MAT-00510,3566,3566,0
ALC-0002679,WO-2025-000447,MAT-00945,2269,2269,0
ALC-0002680,WO-2025-000447,MAT-00166,1913,1913,0
ALC-0002681,WO-2025-000448,MAT-01087,1006,1006,0
ALC-0002682,WO-2025-000448,MAT-00016,389,389,0
ALC-0002683,WO-2025-000448,MAT-01053,331,331,0
ALC-0002684,WO-2025-000448,MAT-00190,675,675,0
ALC-0002685,WO-2025-000449,MAT-00796,4554,4554,0
ALC-0002686,WO-2025-000449,MAT-00599,1065,1065,0
ALC-0002687,WO-2025-000449,MAT-00965,3295,3295,0
ALC-0002688,WO-2025-000449,MAT-01000,1499,1499,0
ALC-0002689,WO-2025-000449,MAT-00958,1321,1321,0
ALC-0002690,WO-2025-000449,MAT-00812,4257,4257,0
ALC-0002691,WO-2025-000449,MAT-00890,3917,3917,0
ALC-0002692,WO-2025-000449,MAT-00546,4939,4939,0
ALC-0002693,WO-2025-000450,MAT-00326,859,859,0
ALC-0002694,WO-2025-000450,MAT-00515,842,842,0
ALC-0002695,WO-2025-000450,MAT-00728,572,572,0
ALC-0002696,WO-2025-000450,MAT-00099,1131,1131,0
ALC-0002697,WO-2025-000450,MAT-01180,1209,1209,0
ALC-0002698,WO-2025-000450,MAT-00921,1074,1074,0
ALC-0002699,WO-2025-000451,MAT-00920,1421,1421,0
ALC-0002700,WO-2025-000451,MAT-00883,1085,1085,0
ALC-0002701,WO-2025-000451,MAT-00292,3893,3893,0
ALC-0002702,WO-2025-000451,MAT-00854,1782,1782,0
ALC-0002703,WO-2025-000451,MAT-00228,2738,2738,0
ALC-0002704,WO-2025-000452,MAT-00988,166,166,0
ALC-0002705,WO-2025-000452,MAT-01198,283,283,0
ALC-0002706,WO-2025-000452,MAT-01069,497,497,0
ALC-0002707,WO-2025-000452,MAT-01110,115,115,0
ALC-0002708,WO-2025-000452,MAT-00126,364,364,0
ALC-0002709,WO-2025-000452,MAT-00632,146,146,0
ALC-0002710,WO-2025-000452,MAT-00090,313,313,0
ALC-0002711,WO-2025-000452,MAT-01037,125,125,0
ALC-0002712,WO-2025-000453,MAT-00994,4686,4686,0
ALC-0002713,WO-2025-000453,MAT-00652,4816,4816,0
ALC-0002714,WO-2025-000453,MAT-00804,2818,2818,0
ALC-0002715,WO-2025-000453,MAT-00094,2887,2887,0
ALC-0002716,WO-2025-000453,MAT-01097,4945,4945,0
ALC-0002717,WO-2025-000453,MAT-00635,3623,3623,0
ALC-0002718,WO-2025-000454,MAT-00700,134,134,0
ALC-0002719,WO-2025-000454,MAT-00802,104,104,0
ALC-0002720,WO-2025-000454,MAT-00674,51,51,0
ALC-0002721,WO-2025-000454,MAT-00957,68,68,0
ALC-0002722,WO-2025-000454,MAT-00739,56,56,0
ALC-0002723,WO-2025-000454,MAT-00620,136,136,0
ALC-0002724,WO-2025-000455,MAT-00326,146,146,0
ALC-0002725,WO-2025-000455,MAT-00308,233,233,0
ALC-0002726,WO-2025-000455,MAT-00822,184,184,0
ALC-0002727,WO-2025-000455,MAT-01036,177,177,0
ALC-0002728,WO-2025-000455,MAT-00382,403,403,0
ALC-0002729,WO-2025-000456,MAT-00833,691,691,0
ALC-0002730,WO-2025-000456,MAT-00685,626,626,0
ALC-0002731,WO-2025-000456,MAT-00706,400,400,0
ALC-0002732,WO-2025-000456,MAT-00966,941,941,0
ALC-0002733,WO-2025-000456,MAT-00396,1096,1096,0
ALC-0002734,WO-2025-000456,MAT-00175,325,325,0
ALC-0002735,WO-2025-000456,MAT-01090,1217,1217,0
ALC-0002736,WO-2025-000457,MAT-00680,111,111,0
ALC-0002737,WO-2025-000457,MAT-00524,160,160,0
ALC-0002738,WO-2025-000457,MAT-00486,89,89,0
ALC-0002739,WO-2025-000457,MAT-00107,145,145,0
ALC-0002740,WO-2025-000458,MAT-00543,2209,2209,0
ALC-0002741,WO-2025-000458,MAT-00080,2079,2079,0
ALC-0002742,WO-2025-000458,MAT-00315,2215,2215,0
ALC-0002743,WO-2025-000458,MAT-00050,1323,1323,0
ALC-0002744,WO-2025-000458,MAT-00569,4848,4848,0
ALC-0002745,WO-2025-000458,MAT-00631,1690,1690,0
ALC-0002746,WO-2025-000458,MAT-00154,3729,3729,0
ALC-0002747,WO-2025-000459,MAT-00683,1912,1912,0
ALC-0002748,WO-2025-000459,MAT-01165,1296,1296,0
ALC-0002749,WO-2025-000459,MAT-00669,2027,2027,0
ALC-0002750,WO-2025-000459,MAT-00546,2387,2387,0
ALC-0002751,WO-2025-000459,MAT-01081,599,599,0
ALC-0002752,WO-2025-000459,MAT-00764,1322,1322,0
ALC-0002753,WO-2025-000460,MAT-01082,222,222,0
ALC-0002754,WO-2025-000460,MAT-00628,288,288,0
ALC-0002755,WO-2025-000460,MAT-00009,208,208,0
ALC-0002756,WO-2025-000460,MAT-00639,153,153,0
ALC-0002757,WO-2025-000460,MAT-00897,437,437,0
ALC-0002758,WO-2025-000460,MAT-01168,393,393,0
ALC-0002759,WO-2025-000460,MAT-00374,440,440,0
ALC-0002760,WO-2025-000460,MAT-01194,400,400,0
ALC-0002761,WO-2025-000461,MAT-00915,104,104,0
ALC-0002762,WO-2025-000461,MAT-00572,178,178,0
ALC-0002763,WO-2025-000461,MAT-01044,229,229,0
ALC-0002764,WO-2025-000461,MAT-00795,83,83,0
ALC-0002765,WO-2025-000461,MAT-00044,95,95,0
ALC-0002766,WO-2025-000461,MAT-01185,63,63,0
ALC-0002767,WO-2025-000461,MAT-01157,118,118,0
ALC-0002768,WO-2025-000461,MAT-01116,244,244,0
ALC-0002769,WO-2025-000462,MAT-00799,1029,1029,0
ALC-0002770,WO-2025-000462,MAT-00491,1129,1129,0
ALC-0002771,WO-2025-000462,MAT-00555,878,878,0
ALC-0002772,WO-2025-000462,MAT-00935,458,458,0
ALC-0002773,WO-2025-000462,MAT-01037,1126,1126,0
ALC-0002774,WO-2025-000462,MAT-00956,638,638,0
ALC-0002775,WO-2025-000462,MAT-00071,1202,1202,0
ALC-0002776,WO-2025-000462,MAT-01181,700,700,0
ALC-0002777,WO-2025-000463,MAT-00431,1097,1097,0
ALC-0002778,WO-2025-000463,MAT-00935,738,738,0
ALC-0002779,WO-2025-000463,MAT-00901,411,411,0
ALC-0002780,WO-2025-000463,MAT-00740,596,596,0
ALC-0002781,WO-2025-000463,MAT-01096,371,371,0
ALC-0002782,WO-2025-000463,MAT-00437,1097,1097,0
ALC-0002783,WO-2025-000464,MAT-00787,918,918,0
ALC-0002784,WO-2025-000464,MAT-00688,2405,2405,0
ALC-0002785,WO-2025-000464,MAT-01188,1237,1237,0
ALC-0002786,WO-2025-000464,MAT-01020,519,519,0
ALC-0002787,WO-2025-000464,MAT-00739,2394,2394,0
ALC-0002788,WO-2025-000465,MAT-00086,1330,1330,0
ALC-0002789,WO-2025-000465,MAT-00704,1303,1303,0
ALC-0002790,WO-2025-000465,MAT-00083,1960,1960,0
ALC-0002791,WO-2025-000465,MAT-00978,3359,3359,0
ALC-0002792,WO-2025-000465,MAT-01191,2513,2513,0
ALC-0002793,WO-2025-000466,MAT-00190,2363,2363,0
ALC-0002794,WO-2025-000466,MAT-01134,1407,1407,0
ALC-0002795,WO-2025-000466,MAT-00399,1947,1947,0
ALC-0002796,WO-2025-000466,MAT-00768,1401,1401,0
ALC-0002797,WO-2025-000466,MAT-00876,1581,1581,0
ALC-0002798,WO-2025-000466,MAT-00807,1065,1065,0
ALC-0002799,WO-2025-000466,MAT-00883,2063,2063,0
ALC-0002800,WO-2025-000466,MAT-00804,1243,1243,0
ALC-0002801,WO-2025-000467,MAT-00170,152,152,0
ALC-0002802,WO-2025-000467,MAT-00392,462,462,0
ALC-0002803,WO-2025-000467,MAT-01064,181,181,0
ALC-0002804,WO-2025-000467,MAT-00825,426,426,0
ALC-0002805,WO-2025-000467,MAT-00789,125,125,0
ALC-0002806,WO-2025-000467,MAT-00840,191,191,0
ALC-0002807,WO-2025-000467,MAT-01161,112,112,0
ALC-0002808,WO-2025-000468,MAT-00618,785,785,0
ALC-0002809,WO-2025-000468,MAT-00235,339,339,0
ALC-0002810,WO-2025-000468,MAT-00717,278,278,0
ALC-0002811,WO-2025-000468,MAT-00440,694,694,0
ALC-0002812,WO-2025-000468,MAT-00882,1096,1096,0
ALC-0002813,WO-2025-000468,MAT-00208,1177,1177,0
ALC-0002814,WO-2025-000468,MAT-01082,841,841,0
ALC-0002815,WO-2025-000469,MAT-00156,757,757,0
ALC-0002816,WO-2025-000469,MAT-00868,859,859,0
ALC-0002817,WO-2025-000469,MAT-00420,618,618,0
ALC-0002818,WO-2025-000469,MAT-00900,1087,1087,0
ALC-0002819,WO-2025-000470,MAT-01094,2859,2859,0
ALC-0002820,WO-2025-000470,MAT-00910,4970,4970,0
ALC-0002821,WO-2025-000470,MAT-01138,2650,2650,0
ALC-0002822,WO-2025-000470,MAT-01161,3912,3912,0
ALC-0002823,WO-2025-000470,MAT-00843,3003,3003,0
ALC-0002824,WO-2025-000470,MAT-00056,3162,3162,0
ALC-0002825,WO-2025-000470,MAT-01158,3266,3266,0
ALC-0002826,WO-2025-000470,MAT-00245,1407,1407,0
ALC-0002827,WO-2025-000471,MAT-00562,169,169,0
ALC-0002828,WO-2025-000471,MAT-00739,376,376,0
ALC-0002829,WO-2025-000471,MAT-00998,310,310,0
ALC-0002830,WO-2025-000471,MAT-00991,122,122,0
ALC-0002831,WO-2025-000471,MAT-00906,125,125,0
ALC-0002832,WO-2025-000471,MAT-00671,299,299,0
ALC-0002833,WO-2025-000471,MAT-00540,416,416,0
ALC-0002834,WO-2025-000471,MAT-01007,388,388,0
ALC-0002835,WO-2025-000472,MAT-00376,3116,3116,0
ALC-0002836,WO-2025-000472,MAT-00062,4051,4051,0
ALC-0002837,WO-2025-000472,MAT-00410,3573,3573,0
ALC-0002838,WO-2025-000472,MAT-01086,1809,1809,0
ALC-0002839,WO-2025-000472,MAT-00122,3434,3434,0
ALC-0002840,WO-2025-000472,MAT-00967,4067,4067,0
ALC-0002841,WO-2025-000472,MAT-00254,1913,1913,0
ALC-0002842,WO-2025-000472,MAT-01085,2194,2194,0
ALC-0002843,WO-2025-000473,MAT-00560,236,236,0
ALC-0002844,WO-2025-000473,MAT-00306,357,357,0
ALC-0002845,WO-2025-000473,MAT-00138,284,284,0
ALC-0002846,WO-2025-000473,MAT-00168,278,278,0
ALC-0002847,WO-2025-000473,MAT-01066,148,148,0
ALC-0002848,WO-2025-000474,MAT-00990,458,458,0
ALC-0002849,WO-2025-000474,MAT-00642,470,470,0
ALC-0002850,WO-2025-000474,MAT-00386,281,281,0
ALC-0002851,WO-2025-000474,MAT-00323,452,452,0
ALC-0002852,WO-2025-000474,MAT-00216,211,211,0
ALC-0002853,WO-2025-000474,MAT-00115,217,217,0
ALC-0002854,WO-2025-000474,MAT-00547,109,109,0
ALC-0002855,WO-2025-000475,MAT-00664,2302,2302,0
ALC-0002856,WO-2025-000475,MAT-00149,1763,1763,0
ALC-0002857,WO-2025-000475,MAT-00044,1332,1332,0
ALC-0002858,WO-2025-000475,MAT-00891,1122,1122,0
ALC-0002859,WO-2025-000476,MAT-00545,530,530,0
ALC-0002860,WO-2025-000476,MAT-00276,634,634,0
ALC-0002861,WO-2025-000476,MAT-01188,919,919,0
ALC-0002862,WO-2025-000476,MAT-00234,1011,1011,0
ALC-0002863,WO-2025-000477,MAT-00619,1723,1723,0
ALC-0002864,WO-2025-000477,MAT-00970,3179,3179,0
ALC-0002865,WO-2025-000477,MAT-00700,1228,1228,0
ALC-0002866,WO-2025-000477,MAT-00758,1769,1769,0
ALC-0002867,WO-2025-000477,MAT-00086,3501,3501,0
ALC-0002868,WO-2025-000477,MAT-00311,1760,1760,0
ALC-0002869,WO-2025-000478,MAT-00779,1146,1146,0
ALC-0002870,WO-2025-000478,MAT-00581,794,794,0
ALC-0002871,WO-2025-000478,MAT-00638,1893,1893,0
ALC-0002872,WO-2025-000478,MAT-00913,1664,1664,0
ALC-0002873,WO-2025-000478,MAT-01136,1216,1216,0
ALC-0002874,WO-2025-000478,MAT-00146,601,601,0
ALC-0002875,WO-2025-000479,MAT-00998,420,420,0
ALC-0002876,WO-2025-000479,MAT-00527,202,202,0
ALC-0002877,WO-2025-000479,MAT-00110,389,389,0
ALC-0002878,WO-2025-000479,MAT-01007,215,215,0
ALC-0002879,WO-2025-000480,MAT-00476,1215,1215,0
ALC-0002880,WO-2025-000480,MAT-00093,2117,2117,0
ALC-0002881,WO-2025-000480,MAT-00712,1891,1891,0
ALC-0002882,WO-2025-000480,MAT-00828,1585,1585,0
ALC-0002883,WO-2025-000480,MAT-00416,1586,1586,0
ALC-0002884,WO-2025-000480,MAT-00128,1072,1072,0
ALC-0002885,WO-2025-000481,MAT-01158,229,229,0
ALC-0002886,WO-2025-000481,MAT-00776,116,116,0
ALC-0002887,WO-2025-000481,MAT-00204,182,182,0
ALC-0002888,WO-2025-000481,MAT-00181,416,416,0
ALC-0002889,WO-2025-000481,MAT-01046,377,377,0
ALC-0002890,WO-2025-000481,MAT-00645,307,307,0
ALC-0002891,WO-2025-000482,MAT-00476,158,158,0
ALC-0002892,WO-2025-000482,MAT-00819,202,202,0
ALC-0002893,WO-2025-000482,MAT-01139,454,454,0
ALC-0002894,WO-2025-000482,MAT-00645,418,418,0
ALC-0002895,WO-2025-000482,MAT-00415,399,399,0
ALC-0002896,WO-2025-000482,MAT-00952,101,101,0
ALC-0002897,WO-2025-000483,MAT-01189,571,571,0
ALC-0002898,WO-2025-000483,MAT-01015,585,585,0
ALC-0002899,WO-2025-000483,MAT-00937,1458,1458,0
ALC-0002900,WO-2025-000483,MAT-00220,694,694,0
ALC-0002901,WO-2025-000483,MAT-00650,2124,2124,0
ALC-0002902,WO-2025-000483,MAT-00638,1444,1444,0
ALC-0002903,WO-2025-000483,MAT-00047,1550,1550,0
ALC-0002904,WO-2025-000483,MAT-01101,2146,2146,0
ALC-0002905,WO-2025-000484,MAT-00178,832,832,0
ALC-0002906,WO-2025-000484,MAT-00165,2288,2288,0
ALC-0002907,WO-2025-000484,MAT-01126,521,521,0
ALC-0002908,WO-2025-000484,MAT-00830,1186,1186,0
ALC-0002909,WO-2025-000484,MAT-00212,2416,2416,0
ALC-0002910,WO-2025-000485,MAT-00548,2208,2208,0
ALC-0002911,WO-2025-000485,MAT-00867,1985,1985,0
ALC-0002912,WO-2025-000485,MAT-00751,1985,1985,0
ALC-0002913,WO-2025-000485,MAT-00937,1800,1800,0
ALC-0002914,WO-2025-000485,MAT-01144,1987,1987,0
ALC-0002915,WO-2025-000485,MAT-00342,2302,2302,0
ALC-0002916,WO-2025-000485,MAT-00692,632,632,0
ALC-0002917,WO-2025-000486,MAT-00911,151,151,0
ALC-0002918,WO-2025-000486,MAT-00972,164,164,0
ALC-0002919,WO-2025-000486,MAT-00471,225,225,0
ALC-0002920,WO-2025-000486,MAT-01150,192,192,0
ALC-0002921,WO-2025-000487,MAT-00990,170,170,0
ALC-0002922,WO-2025-000487,MAT-01142,199,199,0
ALC-0002923,WO-2025-000487,MAT-00514,214,214,0
ALC-0002924,WO-2025-000487,MAT-00421,60,60,0
ALC-0002925,WO-2025-000487,MAT-00975,202,202,0
ALC-0002926,WO-2025-000488,MAT-01009,464,464,0
ALC-0002927,WO-2025-000488,MAT-00592,965,965,0
ALC-0002928,WO-2025-000488,MAT-00718,483,483,0
ALC-0002929,WO-2025-000488,MAT-00798,773,773,0
ALC-0002930,WO-2025-000489,MAT-00588,62,62,0
ALC-0002931,WO-2025-000489,MAT-01174,73,73,0
ALC-0002932,WO-2025-000489,MAT-00563,55,55,0
ALC-0002933,WO-2025-000489,MAT-00353,154,154,0
ALC-0002934,WO-2025-000489,MAT-00859,62,62,0
ALC-0002935,WO-2025-000490,MAT-00776,271,271,0
ALC-0002936,WO-2025-000490,MAT-00324,103,103,0
ALC-0002937,WO-2025-000490,MAT-00434,108,108,0
ALC-0002938,WO-2025-000490,MAT-00695,289,289,0
ALC-0002939,WO-2025-000490,MAT-00105,257,257,0
ALC-0002940,WO-2025-000490,MAT-01112,461,461,0
ALC-0002941,WO-2025-000490,MAT-00863,434,434,0
ALC-0002942,WO-2025-000490,MAT-00162,181,181,0
ALC-0002943,WO-2025-000491,MAT-01010,4151,4151,0
ALC-0002944,WO-2025-000491,MAT-00095,3532,3532,0
ALC-0002945,WO-2025-000491,MAT-01095,4482,4482,0
ALC-0002946,WO-2025-000491,MAT-00587,1062,1062,0
ALC-0002947,WO-2025-000491,MAT-00083,4492,4492,0
ALC-0002948,WO-2025-000492,MAT-00791,219,219,0
ALC-0002949,WO-2025-000492,MAT-01115,157,157,0
ALC-0002950,WO-2025-000492,MAT-00110,195,195,0
ALC-0002951,WO-2025-000492,MAT-00356,177,177,0
ALC-0002952,WO-2025-000493,MAT-00246,443,443,0
ALC-0002953,WO-2025-000493,MAT-00015,492,492,0
ALC-0002954,WO-2025-000493,MAT-00532,310,310,0
ALC-0002955,WO-2025-000493,MAT-00284,205,205,0
ALC-0002956,WO-2025-000494,MAT-00903,1316,1316,0
ALC-0002957,WO-2025-000494,MAT-00451,1618,1618,0
ALC-0002958,WO-2025-000494,MAT-00074,3314,3314,0
ALC-0002959,WO-2025-000494,MAT-01175,3037,3037,0
ALC-0002960,WO-2025-000494,MAT-00688,4411,4411,0
ALC-0002961,WO-2025-000494,MAT-00436,2250,2250,0
ALC-0002962,WO-2025-000494,MAT-00119,4443,4443,0
ALC-0002963,WO-2025-000495,MAT-00936,700,700,0
ALC-0002964,WO-2025-000495,MAT-01135,503,503,0
ALC-0002965,WO-2025-000495,MAT-00237,892,892,0
ALC-0002966,WO-2025-000495,MAT-00119,812,812,0
ALC-0002967,WO-2025-000496,MAT-00454,210,210,0
ALC-0002968,WO-2025-000496,MAT-00628,149,149,0
ALC-0002969,WO-2025-000496,MAT-01192,160,160,0
ALC-0002970,WO-2025-000496,MAT-00816,110,110,0
ALC-0002971,WO-2025-000496,MAT-00074,293,293,0
ALC-0002972,WO-2025-000497,MAT-00178,3741,3741,0
ALC-0002973,WO-2025-000497,MAT-00594,1240,1240,0
ALC-0002974,WO-2025-000497,MAT-00946,1695,1695,0
ALC-0002975,WO-2025-000497,MAT-00331,3072,3072,0
ALC-0002976,WO-2025-000497,MAT-00529,3954,3954,0
ALC-0002977,WO-2025-000497,MAT-00221,4517,4517,0
ALC-0002978,WO-2025-000497,MAT-00015,2093,2093,0
ALC-0002979,WO-2025-000497,MAT-00703,2364,2364,0
ALC-0002980,WO-2025-000498,MAT-00567,790,89,701
ALC-0002981,WO-2025-000498,MAT-00220,793,108,685
ALC-0002982,WO-2025-000498,MAT-00625,355,83,272
ALC-0002983,WO-2025-000498,MAT-00910,364,45,319
ALC-0002984,WO-2025-000498,MAT-00448,1103,353,750
ALC-0002985,WO-2025-000498,MAT-00776,456,153,303
ALC-0002986,WO-2025-000498,MAT-01116,295,89,206
ALC-0002987,WO-2025-000499,MAT-00824,363,363,0
ALC-0002988,WO-2025-000499,MAT-00056,313,313,0
ALC-0002989,WO-2025-000499,MAT-00617,402,402,0
ALC-0002990,WO-2025-000499,MAT-00934,290,290,0
ALC-0002991,WO-2025-000499,MAT-01014,249,249,0
ALC-0002992,WO-2025-000500,MAT-01094,156,156,0
ALC-0002993,WO-2025-000500,MAT-00386,242,242,0
ALC-0002994,WO-2025-000500,MAT-00958,230,230,0
ALC-0002995,WO-2025-000500,MAT-00456,166,166,0
ALC-0002996,WO-2025-000500,MAT-01031,189,189,0
ALC-0002997,WO-2025-000501,MAT-00622,174,174,0
ALC-0002998,WO-2025-000501,MAT-00563,124,124,0
ALC-0002999,WO-2025-000501,MAT-00707,230,230,0
ALC-0003000,WO-2025-000501,MAT-00318,188,188,0
ALC-0003001,WO-2025-000502,MAT-00697,481,481,0
ALC-0003002,WO-2025-000502,MAT-00607,356,356,0
ALC-0003003,WO-2025-000502,MAT-00086,351,351,0
ALC-0003004,WO-2025-000502,MAT-00650,100,100,0
ALC-0003005,WO-2025-000502,MAT-00925,320,320,0
ALC-0003006,WO-2025-000502,MAT-00111,113,113,0
ALC-0003007,WO-2025-000502,MAT-00347,429,429,0
ALC-0003008,WO-2025-000503,MAT-00489,98,98,0
ALC-0003009,WO-2025-000503,MAT-00935,143,143,0
ALC-0003010,WO-2025-000503,MAT-00692,109,109,0
ALC-0003011,WO-2025-000503,MAT-00365,88,88,0
ALC-0003012,WO-2025-000503,MAT-01122,192,192,0
ALC-0003013,WO-2025-000503,MAT-00118,111,111,0
ALC-0003014,WO-2025-000503,MAT-01094,169,169,0
ALC-0003015,WO-2025-000503,MAT-00083,72,72,0
ALC-0003016,WO-2025-000504,MAT-01049,1689,1689,0
ALC-0003017,WO-2025-000504,MAT-00469,1468,1468,0
ALC-0003018,WO-2025-000504,MAT-00217,2172,2172,0
ALC-0003019,WO-2025-000504,MAT-00623,1914,1914,0
ALC-0003020,WO-2025-000504,MAT-00941,2240,2240,0
ALC-0003021,WO-2025-000505,MAT-00599,579,579,0
ALC-0003022,WO-2025-000505,MAT-00668,291,291,0
ALC-0003023,WO-2025-000505,MAT-00750,771,771,0
ALC-0003024,WO-2025-000505,MAT-00205,522,522,0
ALC-0003025,WO-2025-000505,MAT-01059,1100,1100,0
ALC-0003026,WO-2025-000505,MAT-00652,855,855,0
ALC-0003027,WO-2025-000506,MAT-00424,1365,1365,0
ALC-0003028,WO-2025-000506,MAT-00231,1475,1475,0
ALC-0003029,WO-2025-000506,MAT-00184,4560,4560,0
ALC-0003030,WO-2025-000506,MAT-00462,2290,2290,0
ALC-0003031,WO-2025-000506,MAT-00115,1536,1536,0
ALC-0003032,WO-2025-000506,MAT-01104,2347,2347,0
ALC-0003033,WO-2025-000506,MAT-00431,4976,4976,0
ALC-0003034,WO-2025-000507,MAT-01009,218,218,0
ALC-0003035,WO-2025-000507,MAT-00005,69,69,0
ALC-0003036,WO-2025-000507,MAT-00743,129,129,0
ALC-0003037,WO-2025-000507,MAT-00371,69,69,0
ALC-0003038,WO-2025-000507,MAT-00661,160,160,0
ALC-0003039,WO-2025-000507,MAT-01151,108,108,0
ALC-0003040,WO-2025-000507,MAT-00386,247,247,0
ALC-0003041,WO-2025-000508,MAT-00904,3092,3092,0
ALC-0003042,WO-2025-000508,MAT-00493,3892,3892,0
ALC-0003043,WO-2025-000508,MAT-00772,2007,2007,0
ALC-0003044,WO-2025-000508,MAT-00285,2242,2242,0
ALC-0003045,WO-2025-000508,MAT-01036,1495,1495,0
ALC-0003046,WO-2025-000509,MAT-00653,222,222,0
ALC-0003047,WO-2025-000509,MAT-00980,176,176,0
ALC-0003048,WO-2025-000509,MAT-00194,259,259,0
ALC-0003049,WO-2025-000509,MAT-01145,177,177,0
ALC-0003050,WO-2025-000509,MAT-01028,373,373,0
ALC-0003051,WO-2025-000510,MAT-00655,1224,1224,0
ALC-0003052,WO-2025-000510,MAT-00630,440,440,0
ALC-0003053,WO-2025-000510,MAT-00989,734,734,0
ALC-0003054,WO-2025-000510,MAT-00962,352,352,0
ALC-0003055,WO-2025-000510,MAT-00515,837,837,0
ALC-0003056,WO-2025-000510,MAT-00697,776,776,0
ALC-0003057,WO-2025-000510,MAT-00362,447,447,0
ALC-0003058,WO-2025-000511,MAT-00104,104,104,0
ALC-0003059,WO-2025-000511,MAT-00378,160,160,0
ALC-0003060,WO-2025-000511,MAT-00037,253,253,0
ALC-0003061,WO-2025-000511,MAT-01015,282,282,0
ALC-0003062,WO-2025-000511,MAT-01151,127,127,0
ALC-0003063,WO-2025-000512,MAT-01086,2030,2030,0
ALC-0003064,WO-2025-000512,MAT-00855,4765,4765,0
ALC-0003065,WO-2025-000512,MAT-00374,3258,3258,0
ALC-0003066,WO-2025-000512,MAT-00344,1396,1396,0
ALC-0003067,WO-2025-000512,MAT-01020,1486,1486,0
ALC-0003068,WO-2025-000512,MAT-00095,4903,4903,0
ALC-0003069,WO-2025-000513,MAT-00993,226,226,0
ALC-0003070,WO-2025-000513,MAT-00711,190,190,0
ALC-0003071,WO-2025-000513,MAT-01056,236,236,0
ALC-0003072,WO-2025-000513,MAT-00696,122,122,0
ALC-0003073,WO-2025-000513,MAT-01179,159,159,0
ALC-0003074,WO-2025-000513,MAT-00040,64,64,0
ALC-0003075,WO-2025-000514,MAT-00665,221,221,0
ALC-0003076,WO-2025-000514,MAT-00479,232,232,0
ALC-0003077,WO-2025-000514,MAT-00175,100,100,0
ALC-0003078,WO-2025-000514,MAT-00443,330,330,0
ALC-0003079,WO-2025-000514,MAT-00475,222,222,0
ALC-0003080,WO-2025-000514,MAT-00578,491,491,0
ALC-0003081,WO-2025-000514,MAT-00449,371,371,0
ALC-0003082,WO-2025-000515,MAT-00033,1763,1763,0
ALC-0003083,WO-2025-000515,MAT-01181,2137,2137,0
ALC-0003084,WO-2025-000515,MAT-01171,1516,1516,0
ALC-0003085,WO-2025-000515,MAT-01021,2139,2139,0
ALC-0003086,WO-2025-000515,MAT-00926,1588,1588,0
ALC-0003087,WO-2025-000515,MAT-00201,525,525,0
ALC-0003088,WO-2025-000515,MAT-00078,736,736,0
ALC-0003089,WO-2025-000515,MAT-00366,1709,1709,0
ALC-0003090,WO-2025-000516,MAT-00929,434,434,0
ALC-0003091,WO-2025-000516,MAT-00015,342,342,0
ALC-0003092,WO-2025-000516,MAT-00611,238,238,0
ALC-0003093,WO-2025-000516,MAT-00681,321,321,0
ALC-0003094,WO-2025-000516,MAT-00005,230,230,0
ALC-0003095,WO-2025-000516,MAT-00377,427,427,0
ALC-0003096,WO-2025-000516,MAT-00839,274,274,0
ALC-0003097,WO-2025-000517,MAT-00454,189,189,0
ALC-0003098,WO-2025-000517,MAT-00277,269,269,0
ALC-0003099,WO-2025-000517,MAT-00710,308,308,0
ALC-0003100,WO-2025-000517,MAT-00430,398,398,0
ALC-0003101,WO-2025-000517,MAT-00742,391,391,0
ALC-0003102,WO-2025-000517,MAT-00707,215,215,0
ALC-0003103,WO-2025-000517,MAT-00042,258,258,0
ALC-0003104,WO-2025-000517,MAT-01049,405,405,0
ALC-0003105,WO-2025-000518,MAT-00103,842,842,0
ALC-0003106,WO-2025-000518,MAT-00526,756,756,0
ALC-0003107,WO-2025-000518,MAT-01190,680,680,0
ALC-0003108,WO-2025-000518,MAT-00020,363,363,0
ALC-0003109,WO-2025-000519,MAT-00173,4955,4955,0
ALC-0003110,WO-2025-000519,MAT-00225,4819,4819,0
ALC-0003111,WO-2025-000519,MAT-00792,2893,2893,0
ALC-0003112,WO-2025-000519,MAT-00778,1999,1999,0
ALC-0003113,WO-2025-000519,MAT-00494,4101,4101,0
ALC-0003114,WO-2025-000519,MAT-00888,2710,2710,0
ALC-0003115,WO-2025-000520,MAT-01103,4701,4701,0
ALC-0003116,WO-2025-000520,MAT-00374,3483,3483,0
ALC-0003117,WO-2025-000520,MAT-00441,3677,3677,0
ALC-0003118,WO-2025-000520,MAT-00306,1924,1924,0
ALC-0003119,WO-2025-000520,MAT-00574,1021,1021,0
ALC-0003120,WO-2025-000520,MAT-00685,3070,3070,0
ALC-0003121,WO-2025-000520,MAT-00309,3521,3521,0
ALC-0003122,WO-2025-000521,MAT-00697,1714,1714,0
ALC-0003123,WO-2025-000521,MAT-00061,2003,2003,0
ALC-0003124,WO-2025-000521,MAT-00235,4671,4671,0
ALC-0003125,WO-2025-000521,MAT-01095,4294,4294,0
ALC-0003126,WO-2025-000521,MAT-00921,4039,4039,0
ALC-0003127,WO-2025-000522,MAT-00478,1177,1177,0
ALC-0003128,WO-2025-000522,MAT-01177,777,777,0
ALC-0003129,WO-2025-000522,MAT-00165,994,994,0
ALC-0003130,WO-2025-000522,MAT-00278,1121,1121,0
ALC-0003131,WO-2025-000522,MAT-00144,681,681,0
ALC-0003132,WO-2025-000522,MAT-00578,1348,1348,0
ALC-0003133,WO-2025-000522,MAT-00432,1550,1550,0
ALC-0003134,WO-2025-000522,MAT-00813,644,644,0
ALC-0003135,WO-2025-000523,MAT-01024,1010,1010,0
ALC-0003136,WO-2025-000523,MAT-00684,253,253,0
ALC-0003137,WO-2025-000523,MAT-00588,1029,1029,0
ALC-0003138,WO-2025-000523,MAT-00946,939,939,0
ALC-0003139,WO-2025-000523,MAT-00219,897,897,0
ALC-0003140,WO-2025-000523,MAT-01050,409,409,0
ALC-0003141,WO-2025-000524,MAT-00147,182,182,0
ALC-0003142,WO-2025-000524,MAT-00736,356,356,0
ALC-0003143,WO-2025-000524,MAT-00279,180,180,0
ALC-0003144,WO-2025-000524,MAT-00243,130,130,0
ALC-0003145,WO-2025-000524,MAT-00794,308,308,0
ALC-0003146,WO-2025-000524,MAT-00531,127,127,0
ALC-0003147,WO-2025-000525,MAT-00938,1108,1108,0
ALC-0003148,WO-2025-000525,MAT-00760,1001,1001,0
ALC-0003149,WO-2025-000525,MAT-00245,1238,1238,0
ALC-0003150,WO-2025-000525,MAT-00230,572,572,0
ALC-0003151,WO-2025-000525,MAT-00428,1064,1064,0
ALC-0003152,WO-2025-000525,MAT-00803,718,718,0
ALC-0003153,WO-2025-000526,MAT-00235,1559,1559,0
ALC-0003154,WO-2025-000526,MAT-00027,1914,1914,0
ALC-0003155,WO-2025-000526,MAT-01055,1831,1831,0
ALC-0003156,WO-2025-000526,MAT-00608,1571,1571,0
ALC-0003157,WO-2025-000526,MAT-00708,2342,2342,0
ALC-0003158,WO-2025-000526,MAT-00557,935,935,0
ALC-0003159,WO-2025-000527,MAT-00816,1264,1264,0
ALC-0003160,WO-2025-000527,MAT-00009,4605,4605,0
ALC-0003161,WO-2025-000527,MAT-00661,3469,3469,0
ALC-0003162,WO-2025-000527,MAT-00079,3180,3180,0
ALC-0003163,WO-2025-000528,MAT-00597,303,303,0
ALC-0003164,WO-2025-000528,MAT-00024,358,358,0
ALC-0003165,WO-2025-000528,MAT-01176,410,410,0
ALC-0003166,WO-2025-000528,MAT-00196,167,167,0
ALC-0003167,WO-2025-000528,MAT-00325,377,377,0
ALC-0003168,WO-2025-000528,MAT-01006,381,381,0
ALC-0003169,WO-2025-000528,MAT-00282,212,212,0
ALC-0003170,WO-2025-000528,MAT-01107,122,122,0
ALC-0003171,WO-2025-000529,MAT-00791,2671,2671,0
ALC-0003172,WO-2025-000529,MAT-01028,1316,1316,0
ALC-0003173,WO-2025-000529,MAT-01125,4502,4502,0
ALC-0003174,WO-2025-000529,MAT-01072,2201,2201,0
ALC-0003175,WO-2025-000529,MAT-00631,4656,4656,0
ALC-0003176,WO-2025-000530,MAT-00213,299,299,0
ALC-0003177,WO-2025-000530,MAT-00004,433,433,0
ALC-0003178,WO-2025-000530,MAT-00346,430,430,0
ALC-0003179,WO-2025-000530,MAT-00370,166,166,0
ALC-0003180,WO-2025-000531,MAT-00048,614,614,0
ALC-0003181,WO-2025-000531,MAT-00567,1108,1108,0
ALC-0003182,WO-2025-000531,MAT-00408,858,858,0
ALC-0003183,WO-2025-000531,MAT-00085,670,670,0
ALC-0003184,WO-2025-000531,MAT-00272,476,476,0
ALC-0003185,WO-2025-000531,MAT-00302,386,386,0
ALC-0003186,WO-2025-000531,MAT-00235,1239,1239,0
ALC-0003187,WO-2025-000531,MAT-01057,1217,1217,0
ALC-0003188,WO-2025-000532,MAT-00825,4797,4797,0
ALC-0003189,WO-2025-000532,MAT-00525,3191,3191,0
ALC-0003190,WO-2025-000532,MAT-00510,3971,3971,0
ALC-0003191,WO-2025-000532,MAT-00363,4295,4295,0
ALC-0003192,WO-2025-000532,MAT-00721,3928,3928,0
ALC-0003193,WO-2025-000532,MAT-00372,2308,2308,0
ALC-0003194,WO-2025-000532,MAT-00778,1858,1858,0
ALC-0003195,WO-2025-000533,MAT-00796,2297,2297,0
ALC-0003196,WO-2025-000533,MAT-00751,2024,2024,0
ALC-0003197,WO-2025-000533,MAT-00500,1868,1868,0
ALC-0003198,WO-2025-000533,MAT-00486,2334,2334,0
ALC-0003199,WO-2025-000533,MAT-00605,1308,1308,0
ALC-0003200,WO-2025-000533,MAT-00806,2388,2388,0
ALC-0003201,WO-2025-000533,MAT-00458,2460,2460,0
ALC-0003202,WO-2025-000533,MAT-00496,1186,1186,0
ALC-0003203,WO-2025-000534,MAT-00301,2955,2955,0
ALC-0003204,WO-2025-000534,MAT-00368,4924,4924,0
ALC-0003205,WO-2025-000534,MAT-00592,2809,2809,0
ALC-0003206,WO-2025-000534,MAT-00176,4568,4568,0
ALC-0003207,WO-2025-000534,MAT-01034,3676,3676,0
ALC-0003208,WO-2025-000535,MAT-01026,1757,1757,0
ALC-0003209,WO-2025-000535,MAT-00828,1946,1946,0
ALC-0003210,WO-2025-000535,MAT-01083,2094,2094,0
ALC-0003211,WO-2025-000535,MAT-00542,1053,1053,0
ALC-0003212,WO-2025-000536,MAT-01126,335,335,0
ALC-0003213,WO-2025-000536,MAT-01044,1145,1145,0
ALC-0003214,WO-2025-000536,MAT-01011,1191,1191,0
ALC-0003215,WO-2025-000536,MAT-00119,789,789,0
ALC-0003216,WO-2025-000536,MAT-01042,763,763,0
ALC-0003217,WO-2025-000537,MAT-00776,1818,1818,0
ALC-0003218,WO-2025-000537,MAT-01044,3141,3141,0
ALC-0003219,WO-2025-000537,MAT-00787,4813,4813,0
ALC-0003220,WO-2025-000537,MAT-00848,3722,3722,0
ALC-0003221,WO-2025-000537,MAT-00594,4505,4505,0
ALC-0003222,WO-2025-000537,MAT-00837,3855,3855,0
ALC-0003223,WO-2025-000537,MAT-00117,4061,4061,0
ALC-0003224,WO-2025-000538,MAT-00037,214,214,0
ALC-0003225,WO-2025-000538,MAT-00357,170,170,0
ALC-0003226,WO-2025-000538,MAT-00181,171,171,0
ALC-0003227,WO-2025-000538,MAT-00290,83,83,0
ALC-0003228,WO-2025-000538,MAT-00474,245,245,0
ALC-0003229,WO-2025-000538,MAT-00237,52,52,0
ALC-0003230,WO-2025-000538,MAT-00873,170,170,0
ALC-0003231,WO-2025-000539,MAT-00454,433,433,0
ALC-0003232,WO-2025-000539,MAT-00993,200,200,0
ALC-0003233,WO-2025-000539,MAT-00212,335,335,0
ALC-0003234,WO-2025-000539,MAT-01068,303,303,0
ALC-0003235,WO-2025-000539,MAT-00191,178,178,0
ALC-0003236,WO-2025-000539,MAT-00308,263,263,0
ALC-0003237,WO-2025-000540,MAT-01158,269,269,0
ALC-0003238,WO-2025-000540,MAT-00874,162,162,0
ALC-0003239,WO-2025-000540,MAT-00536,319,319,0
ALC-0003240,WO-2025-000540,MAT-00818,106,106,0
ALC-0003241,WO-2025-000540,MAT-00772,176,176,0
ALC-0003242,WO-2025-000540,MAT-00157,103,103,0
ALC-0003243,WO-2025-000541,MAT-00318,914,914,0
ALC-0003244,WO-2025-000541,MAT-00147,366,366,0
ALC-0003245,WO-2025-000541,MAT-00293,908,908,0
ALC-0003246,WO-2025-000541,MAT-00194,835,835,0
ALC-0003247,WO-2025-000541,MAT-01056,271,271,0
ALC-0003248,WO-2025-000541,MAT-00986,652,652,0
ALC-0003249,WO-2025-000541,MAT-00258,451,451,0
ALC-0003250,WO-2025-000542,MAT-01086,1991,1991,0
ALC-0003251,WO-2025-000542,MAT-00014,877,877,0
ALC-0003252,WO-2025-000542,MAT-01138,1321,1321,0
ALC-0003253,WO-2025-000542,MAT-00824,676,676,0
ALC-0003254,WO-2025-000542,MAT-00886,2133,2133,0
ALC-0003255,WO-2025-000542,MAT-00983,1155,1155,0
ALC-0003256,WO-2025-000542,MAT-00817,1665,1665,0
ALC-0003257,WO-2025-000543,MAT-00481,498,498,0
ALC-0003258,WO-2025-000543,MAT-00415,521,521,0
ALC-0003259,WO-2025-000543,MAT-01193,1145,1145,0
ALC-0003260,WO-2025-000543,MAT-00724,368,368,0
ALC-0003261,WO-2025-000543,MAT-00373,581,581,0
ALC-0003262,WO-2025-000543,MAT-00287,689,689,0
ALC-0003263,WO-2025-000544,MAT-00948,1990,1990,0
ALC-0003264,WO-2025-000544,MAT-00141,529,529,0
ALC-0003265,WO-2025-000544,MAT-00877,512,512,0
ALC-0003266,WO-2025-000544,MAT-00534,1764,1764,0
ALC-0003267,WO-2025-000545,MAT-00904,407,407,0
ALC-0003268,WO-2025-000545,MAT-01048,396,396,0
ALC-0003269,WO-2025-000545,MAT-00660,290,290,0
ALC-0003270,WO-2025-000545,MAT-01196,358,358,0
ALC-0003271,WO-2025-000545,MAT-00639,468,468,0
ALC-0003272,WO-2025-000545,MAT-00845,197,197,0
ALC-0003273,WO-2025-000545,MAT-00375,169,169,0
ALC-0003274,WO-2025-000546,MAT-00686,379,379,0
ALC-0003275,WO-2025-000546,MAT-00583,461,461,0
ALC-0003276,WO-2025-000546,MAT-00320,170,170,0
ALC-0003277,WO-2025-000546,MAT-00848,453,453,0
ALC-0003278,WO-2025-000547,MAT-01050,76,76,0
ALC-0003279,WO-2025-000547,MAT-01050,168,168,0
ALC-0003280,WO-2025-000547,MAT-00908,105,105,0
ALC-0003281,WO-2025-000547,MAT-00013,100,100,0
ALC-0003282,WO-2025-000547,MAT-01132,247,247,0
ALC-0003283,WO-2025-000547,MAT-00885,163,163,0
ALC-0003284,WO-2025-000547,MAT-00269,227,227,0
ALC-0003285,WO-2025-000547,MAT-00597,182,182,0
ALC-0003286,WO-2025-000548,MAT-00773,341,341,0
ALC-0003287,WO-2025-000548,MAT-00591,940,940,0
ALC-0003288,WO-2025-000548,MAT-00380,842,842,0
ALC-0003289,WO-2025-000548,MAT-00473,754,754,0
ALC-0003290,WO-2025-000549,MAT-00464,1984,1984,0
ALC-0003291,WO-2025-000549,MAT-00664,1213,1213,0
ALC-0003292,WO-2025-000549,MAT-00389,2087,2087,0
ALC-0003293,WO-2025-000549,MAT-00112,1638,1638,0
ALC-0003294,WO-2025-000549,MAT-00439,2209,2209,0
ALC-0003295,WO-2025-000549,MAT-01104,2271,2271,0
ALC-0003296,WO-2025-000549,MAT-00444,899,899,0
ALC-0003297,WO-2025-000550,MAT-01133,221,221,0
ALC-0003298,WO-2025-000550,MAT-00156,116,116,0
ALC-0003299,WO-2025-000550,MAT-00731,348,348,0
ALC-0003300,WO-2025-000550,MAT-00813,474,474,0
ALC-0003301,WO-2025-000550,MAT-00832,291,291,0
ALC-0003302,WO-2025-000551,MAT-01158,156,156,0
ALC-0003303,WO-2025-000551,MAT-00405,265,265,0
ALC-0003304,WO-2025-000551,MAT-00480,153,153,0
ALC-0003305,WO-2025-000551,MAT-00591,494,494,0
ALC-0003306,WO-2025-000551,MAT-00520,167,167,0
ALC-0003307,WO-2025-000552,MAT-00246,53,53,0
ALC-0003308,WO-2025-000552,MAT-00180,236,236,0
ALC-0003309,WO-2025-000552,MAT-01014,57,57,0
ALC-0003310,WO-2025-000552,MAT-00303,87,87,0
ALC-0003311,WO-2025-000552,MAT-01060,70,70,0
ALC-0003312,WO-2025-000552,MAT-00142,90,90,0
ALC-0003313,WO-2025-000552,MAT-00448,139,139,0
ALC-0003314,WO-2025-000552,MAT-00424,53,53,0
ALC-0003315,WO-2025-000553,MAT-01190,201,201,0
ALC-0003316,WO-2025-000553,MAT-00187,214,214,0
ALC-0003317,WO-2025-000553,MAT-00359,119,119,0
ALC-0003318,WO-2025-000553,MAT-00370,334,334,0
ALC-0003319,WO-2025-000554,MAT-00209,367,367,0
ALC-0003320,WO-2025-000554,MAT-00872,188,188,0
ALC-0003321,WO-2025-000554,MAT-00023,378,378,0
ALC-0003322,WO-2025-000554,MAT-00876,176,176,0
ALC-0003323,WO-2025-000554,MAT-00753,150,150,0
ALC-0003324,WO-2025-000554,MAT-00381,126,126,0
ALC-0003325,WO-2025-000554,MAT-00567,398,398,0
ALC-0003326,WO-2025-000555,MAT-00839,114,114,0
ALC-0003327,WO-2025-000555,MAT-00563,166,166,0
ALC-0003328,WO-2025-000555,MAT-00629,242,242,0
ALC-0003329,WO-2025-000555,MAT-00880,129,129,0
ALC-0003330,WO-2025-000556,MAT-00344,391,391,0
ALC-0003331,WO-2025-000556,MAT-00260,497,497,0
ALC-0003332,WO-2025-000556,MAT-00321,201,201,0
ALC-0003333,WO-2025-000556,MAT-01128,271,271,0
ALC-0003334,WO-2025-000556,MAT-00923,329,329,0
ALC-0003335,WO-2025-000556,MAT-00348,333,333,0
ALC-0003336,WO-2025-000556,MAT-00183,428,428,0
ALC-0003337,WO-2025-000557,MAT-00942,1485,1485,0
ALC-0003338,WO-2025-000557,MAT-00744,4379,4379,0
ALC-0003339,WO-2025-000557,MAT-00299,3570,3570,0
ALC-0003340,WO-2025-000557,MAT-00769,3822,3822,0
ALC-0003341,WO-2025-000557,MAT-00441,4437,4437,0
ALC-0003342,WO-2025-000557,MAT-00358,4239,4239,0
ALC-0003343,WO-2025-000558,MAT-01088,806,806,0
ALC-0003344,WO-2025-000558,MAT-00540,615,615,0
ALC-0003345,WO-2025-000558,MAT-00861,315,315,0
ALC-0003346,WO-2025-000558,MAT-01063,293,293,0
ALC-0003347,WO-2025-000559,MAT-00489,84,84,0
ALC-0003348,WO-2025-000559,MAT-00943,150,150,0
ALC-0003349,WO-2025-000559,MAT-00102,245,245,0
ALC-0003350,WO-2025-000559,MAT-01079,91,91,0
ALC-0003351,WO-2025-000560,MAT-00742,273,273,0
ALC-0003352,WO-2025-000560,MAT-00947,325,325,0
ALC-0003353,WO-2025-000560,MAT-00982,467,467,0
ALC-0003354,WO-2025-000560,MAT-00869,152,152,0
ALC-0003355,WO-2025-000560,MAT-00391,251,251,0
ALC-0003356,WO-2025-000560,MAT-00187,420,420,0
ALC-0003357,WO-2025-000561,MAT-00540,925,925,0
ALC-0003358,WO-2025-000561,MAT-00852,481,481,0
ALC-0003359,WO-2025-000561,MAT-00272,265,265,0
ALC-0003360,WO-2025-000561,MAT-01064,531,531,0
ALC-0003361,WO-2025-000561,MAT-01188,1108,1108,0
ALC-0003362,WO-2025-000562,MAT-00477,221,221,0
ALC-0003363,WO-2025-000562,MAT-00512,492,492,0
ALC-0003364,WO-2025-000562,MAT-00205,222,222,0
ALC-0003365,WO-2025-000562,MAT-00945,232,232,0
ALC-0003366,WO-2025-000562,MAT-00848,308,308,0
ALC-0003367,WO-2025-000562,MAT-00321,109,109,0
ALC-0003368,WO-2025-000563,MAT-00904,368,368,0
ALC-0003369,WO-2025-000563,MAT-00401,293,293,0
ALC-0003370,WO-2025-000563,MAT-00852,188,188,0
ALC-0003371,WO-2025-000563,MAT-00703,133,133,0
ALC-0003372,WO-2025-000563,MAT-00276,170,170,0
ALC-0003373,WO-2025-000564,MAT-01050,688,688,0
ALC-0003374,WO-2025-000564,MAT-00120,1441,1441,0
ALC-0003375,WO-2025-000564,MAT-01088,716,716,0
ALC-0003376,WO-2025-000564,MAT-00762,1008,1008,0
ALC-0003377,WO-2025-000564,MAT-00849,2204,2204,0
ALC-0003378,WO-2025-000564,MAT-00561,2482,2482,0
ALC-0003379,WO-2025-000564,MAT-00396,1687,1687,0
ALC-0003380,WO-2025-000564,MAT-01074,2137,2137,0
ALC-0003381,WO-2025-000565,MAT-00562,371,371,0
ALC-0003382,WO-2025-000565,MAT-00804,1012,1012,0
ALC-0003383,WO-2025-000565,MAT-00151,570,570,0
ALC-0003384,WO-2025-000565,MAT-00194,1026,1026,0
ALC-0003385,WO-2025-000565,MAT-00060,1156,1156,0
ALC-0003386,WO-2025-000565,MAT-00226,885,885,0
ALC-0003387,WO-2025-000565,MAT-00760,636,636,0
ALC-0003388,WO-2025-000565,MAT-00520,372,372,0
ALC-0003389,WO-2025-000566,MAT-00839,999,999,0
ALC-0003390,WO-2025-000566,MAT-00069,639,639,0
ALC-0003391,WO-2025-000566,MAT-00049,1074,1074,0
ALC-0003392,WO-2025-000566,MAT-00793,2413,2413,0
ALC-0003393,WO-2025-000566,MAT-00838,636,636,0
ALC-0003394,WO-2025-000567,MAT-00519,478,478,0
ALC-0003395,WO-2025-000567,MAT-00744,350,350,0
ALC-0003396,WO-2025-000567,MAT-00978,147,147,0
ALC-0003397,WO-2025-000567,MAT-00256,404,404,0
ALC-0003398,WO-2025-000567,MAT-00106,431,431,0
ALC-0003399,WO-2025-000567,MAT-00428,441,441,0
ALC-0003400,WO-2025-000567,MAT-00807,473,473,0
ALC-0003401,WO-2025-000568,MAT-00033,1294,1294,0
ALC-0003402,WO-2025-000568,MAT-01116,1850,1850,0
ALC-0003403,WO-2025-000568,MAT-00219,915,915,0
ALC-0003404,WO-2025-000568,MAT-00932,1955,1955,0
ALC-0003405,WO-2025-000568,MAT-00549,1085,1085,0
ALC-0003406,WO-2025-000568,MAT-00234,2365,2365,0
ALC-0003407,WO-2025-000569,MAT-00526,659,659,0
ALC-0003408,WO-2025-000569,MAT-00825,444,444,0
ALC-0003409,WO-2025-000569,MAT-01126,619,619,0
ALC-0003410,WO-2025-000569,MAT-00594,966,966,0
ALC-0003411,WO-2025-000569,MAT-00770,391,391,0
ALC-0003412,WO-2025-000569,MAT-00632,436,436,0
ALC-0003413,WO-2025-000570,MAT-00424,3572,3572,0
ALC-0003414,WO-2025-000570,MAT-00834,4687,4687,0
ALC-0003415,WO-2025-000570,MAT-00048,3376,3376,0
ALC-0003416,WO-2025-000570,MAT-00309,2655,2655,0
ALC-0003417,WO-2025-000570,MAT-00750,4016,4016,0
ALC-0003418,WO-2025-000570,MAT-00701,3445,3445,0
ALC-0003419,WO-2025-000570,MAT-00776,4219,4219,0
ALC-0003420,WO-2025-000570,MAT-00982,2201,2201,0
ALC-0003421,WO-2025-000571,MAT-01119,4488,4488,0
ALC-0003422,WO-2025-000571,MAT-00670,2800,2800,0
ALC-0003423,WO-2025-000571,MAT-00078,4124,4124,0
ALC-0003424,WO-2025-000571,MAT-00387,3534,3534,0
ALC-0003425,WO-2025-000571,MAT-00262,4750,4750,0
ALC-0003426,WO-2025-000571,MAT-00914,4701,4701,0
ALC-0003427,WO-2025-000572,MAT-00069,370,370,0
ALC-0003428,WO-2025-000572,MAT-00806,341,341,0
ALC-0003429,WO-2025-000572,MAT-01157,199,199,0
ALC-0003430,WO-2025-000572,MAT-00273,351,351,0
ALC-0003431,WO-2025-000572,MAT-00229,312,312,0
ALC-0003432,WO-2025-000572,MAT-00566,471,471,0
ALC-0003433,WO-2025-000572,MAT-00828,448,448,0
ALC-0003434,WO-2025-000573,MAT-00900,56,56,0
ALC-0003435,WO-2025-000573,MAT-01132,104,104,0
ALC-0003436,WO-2025-000573,MAT-00212,142,142,0
ALC-0003437,WO-2025-000573,MAT-00899,78,78,0
ALC-0003438,WO-2025-000573,MAT-00666,105,105,0
ALC-0003439,WO-2025-000573,MAT-01151,212,212,0
ALC-0003440,WO-2025-000573,MAT-00426,92,92,0
ALC-0003441,WO-2025-000574,MAT-00178,997,997,0
ALC-0003442,WO-2025-000574,MAT-00905,611,611,0
ALC-0003443,WO-2025-000574,MAT-01069,1196,1196,0
ALC-0003444,WO-2025-000574,MAT-00091,1055,1055,0
ALC-0003445,WO-2025-000575,MAT-00376,976,976,0
ALC-0003446,WO-2025-000575,MAT-00627,1144,1144,0
ALC-0003447,WO-2025-000575,MAT-00680,596,596,0
ALC-0003448,WO-2025-000575,MAT-00204,811,811,0
ALC-0003449,WO-2025-000575,MAT-00152,543,543,0
ALC-0003450,WO-2025-000575,MAT-00955,886,886,0
ALC-0003451,WO-2025-000576,MAT-01074,2925,2925,0
ALC-0003452,WO-2025-000576,MAT-01164,2668,2668,0
ALC-0003453,WO-2025-000576,MAT-00818,3841,3841,0
ALC-0003454,WO-2025-000576,MAT-00397,4219,4219,0
ALC-0003455,WO-2025-000576,MAT-01058,4791,4791,0
ALC-0003456,WO-2025-000576,MAT-00767,2549,2549,0
ALC-0003457,WO-2025-000577,MAT-00728,3713,3713,0
ALC-0003458,WO-2025-000577,MAT-00666,4416,4416,0
ALC-0003459,WO-2025-000577,MAT-00298,3472,3472,0
ALC-0003460,WO-2025-000577,MAT-00770,4836,4836,0
ALC-0003461,WO-2025-000577,MAT-00315,1810,1810,0
ALC-0003462,WO-2025-000577,MAT-00395,2268,2268,0
ALC-0003463,WO-2025-000577,MAT-01160,3531,3531,0
ALC-0003464,WO-2025-000578,MAT-00837,57,57,0
ALC-0003465,WO-2025-000578,MAT-00617,109,109,0
ALC-0003466,WO-2025-000578,MAT-00676,238,238,0
ALC-0003467,WO-2025-000578,MAT-01093,194,194,0
ALC-0003468,WO-2025-000578,MAT-00093,54,54,0
ALC-0003469,WO-2025-000578,MAT-00443,95,95,0
ALC-0003470,WO-2025-000578,MAT-00651,226,226,0
ALC-0003471,WO-2025-000579,MAT-01097,1976,1976,0
ALC-0003472,WO-2025-000579,MAT-00622,4750,4750,0
ALC-0003473,WO-2025-000579,MAT-01189,2534,2534,0
ALC-0003474,WO-2025-000579,MAT-00426,2637,2637,0
ALC-0003475,WO-2025-000579,MAT-00751,4318,4318,0
ALC-0003476,WO-2025-000579,MAT-00026,3983,3983,0
ALC-0003477,WO-2025-000579,MAT-00139,1338,1338,0
ALC-0003478,WO-2025-000580,MAT-00697,812,812,0
ALC-0003479,WO-2025-000580,MAT-00320,1085,1085,0
ALC-0003480,WO-2025-000580,MAT-00187,532,532,0
ALC-0003481,WO-2025-000580,MAT-00726,716,716,0
ALC-0003482,WO-2025-000581,MAT-00916,113,113,0
ALC-0003483,WO-2025-000581,MAT-00465,91,91,0
ALC-0003484,WO-2025-000581,MAT-01021,125,125,0
ALC-0003485,WO-2025-000581,MAT-01163,201,201,0
ALC-0003486,WO-2025-000581,MAT-01090,185,185,0
ALC-0003487,WO-2025-000581,MAT-00758,213,213,0
ALC-0003488,WO-2025-000581,MAT-00541,143,143,0
ALC-0003489,WO-2025-000581,MAT-01067,162,162,0
ALC-0003490,WO-2025-000582,MAT-00292,785,785,0
ALC-0003491,WO-2025-000582,MAT-00612,2199,2199,0
ALC-0003492,WO-2025-000582,MAT-00901,798,798,0
ALC-0003493,WO-2025-000582,MAT-00159,550,550,0
ALC-0003494,WO-2025-000582,MAT-00321,1124,1124,0
ALC-0003495,WO-2025-000582,MAT-00087,2314,2314,0
ALC-0003496,WO-2025-000583,MAT-00286,370,370,0
ALC-0003497,WO-2025-000583,MAT-00477,403,403,0
ALC-0003498,WO-2025-000583,MAT-00118,486,486,0
ALC-0003499,WO-2025-000583,MAT-01004,240,240,0
ALC-0003500,WO-2025-000583,MAT-00840,391,391,0
ALC-0003501,WO-2025-000583,MAT-00809,268,268,0
ALC-0003502,WO-2025-000583,MAT-00096,462,462,0
ALC-0003503,WO-2025-000584,MAT-00820,108,108,0
ALC-0003504,WO-2025-000584,MAT-00794,385,385,0
ALC-0003505,WO-2025-000584,MAT-01189,237,237,0
ALC-0003506,WO-2025-000584,MAT-00453,257,257,0
ALC-0003507,WO-2025-000584,MAT-00754,211,211,0
ALC-0003508,WO-2025-000584,MAT-00137,307,307,0
ALC-0003509,WO-2025-000584,MAT-00375,470,470,0
ALC-0003510,WO-2025-000585,MAT-00088,1239,1239,0
ALC-0003511,WO-2025-000585,MAT-00249,2487,2487,0
ALC-0003512,WO-2025-000585,MAT-00188,1745,1745,0
ALC-0003513,WO-2025-000585,MAT-00376,1908,1908,0
ALC-0003514,WO-2025-000585,MAT-01081,654,654,0
ALC-0003515,WO-2025-000585,MAT-00749,1647,1647,0
ALC-0003516,WO-2025-000586,MAT-00344,1202,1202,0
ALC-0003517,WO-2025-000586,MAT-00020,2355,2355,0
ALC-0003518,WO-2025-000586,MAT-01002,736,736,0
ALC-0003519,WO-2025-000586,MAT-00537,2458,2458,0
ALC-0003520,WO-2025-000587,MAT-00948,303,303,0
ALC-0003521,WO-2025-000587,MAT-00349,351,351,0
ALC-0003522,WO-2025-000587,MAT-00589,466,466,0
ALC-0003523,WO-2025-000587,MAT-01064,424,424,0
ALC-0003524,WO-2025-000587,MAT-00501,210,210,0
ALC-0003525,WO-2025-000587,MAT-00753,447,447,0
ALC-0003526,WO-2025-000587,MAT-00441,285,285,0
ALC-0003527,WO-2025-000587,MAT-01125,145,145,0
ALC-0003528,WO-2025-000588,MAT-00076,163,163,0
ALC-0003529,WO-2025-000588,MAT-00641,290,290,0
ALC-0003530,WO-2025-000588,MAT-00525,129,129,0
ALC-0003531,WO-2025-000588,MAT-00704,379,379,0
ALC-0003532,WO-2025-000588,MAT-00175,276,276,0
ALC-0003533,WO-2025-000588,MAT-00709,472,472,0
ALC-0003534,WO-2025-000588,MAT-01014,234,234,0
ALC-0003535,WO-2025-000588,MAT-00598,154,154,0
ALC-0003536,WO-2025-000589,MAT-00961,1594,1594,0
ALC-0003537,WO-2025-000589,MAT-00129,1901,1901,0
ALC-0003538,WO-2025-000589,MAT-00629,1424,1424,0
ALC-0003539,WO-2025-000589,MAT-00118,972,972,0
ALC-0003540,WO-2025-000590,MAT-00889,2580,2580,0
ALC-0003541,WO-2025-000590,MAT-00297,2313,2313,0
ALC-0003542,WO-2025-000590,MAT-00829,2953,2953,0
ALC-0003543,WO-2025-000590,MAT-01075,3402,3402,0
ALC-0003544,WO-2025-000591,MAT-00948,452,452,0
ALC-0003545,WO-2025-000591,MAT-00342,254,254,0
ALC-0003546,WO-2025-000591,MAT-00382,487,487,0
ALC-0003547,WO-2025-000591,MAT-00859,170,170,0
ALC-0003548,WO-2025-000591,MAT-00951,349,349,0
ALC-0003549,WO-2025-000591,MAT-00993,472,472,0
ALC-0003550,WO-2025-000592,MAT-00864,372,372,0
ALC-0003551,WO-2025-000592,MAT-01065,408,408,0
ALC-0003552,WO-2025-000592,MAT-00875,142,142,0
ALC-0003553,WO-2025-000592,MAT-00831,372,372,0
ALC-0003554,WO-2025-000593,MAT-00162,325,325,0
ALC-0003555,WO-2025-000593,MAT-00893,1175,1175,0
ALC-0003556,WO-2025-000593,MAT-01157,740,740,0
ALC-0003557,WO-2025-000593,MAT-00366,980,980,0
ALC-0003558,WO-2025-000594,MAT-00103,1003,1003,0
ALC-0003559,WO-2025-000594,MAT-00079,4604,4604,0
ALC-0003560,WO-2025-000594,MAT-00644,1868,1868,0
ALC-0003561,WO-2025-000594,MAT-00303,2550,2550,0
ALC-0003562,WO-2025-000595,MAT-00401,75,75,0
ALC-0003563,WO-2025-000595,MAT-00796,72,72,0
ALC-0003564,WO-2025-000595,MAT-00678,200,200,0
ALC-0003565,WO-2025-000595,MAT-00695,173,173,0
ALC-0003566,WO-2025-000595,MAT-00486,173,173,0
ALC-0003567,WO-2025-000596,MAT-01042,631,631,0
ALC-0003568,WO-2025-000596,MAT-01195,365,365,0
ALC-0003569,WO-2025-000596,MAT-01149,1186,1186,0
ALC-0003570,WO-2025-000596,MAT-00738,564,564,0
ALC-0003571,WO-2025-000597,MAT-00895,2068,2068,0
ALC-0003572,WO-2025-000597,MAT-00068,2822,2822,0
ALC-0003573,WO-2025-000597,MAT-00479,1031,1031,0
ALC-0003574,WO-2025-000597,MAT-00729,1480,1480,0
ALC-0003575,WO-2025-000598,MAT-00705,1116,1116,0
ALC-0003576,WO-2025-000598,MAT-00872,1640,1640,0
ALC-0003577,WO-2025-000598,MAT-00796,754,754,0
ALC-0003578,WO-2025-000598,MAT-00768,1546,1546,0
ALC-0003579,WO-2025-000598,MAT-00700,1516,1516,0
ALC-0003580,WO-2025-000598,MAT-00299,2190,2190,0
ALC-0003581,WO-2025-000599,MAT-00916,4951,4951,0
ALC-0003582,WO-2025-000599,MAT-00606,4947,4947,0
ALC-0003583,WO-2025-000599,MAT-00928,1240,1240,0
ALC-0003584,WO-2025-000599,MAT-00283,1626,1626,0
ALC-0003585,WO-2025-000599,MAT-01011,4898,4898,0
ALC-0003586,WO-2025-000600,MAT-00845,518,518,0
ALC-0003587,WO-2025-000600,MAT-00364,304,304,0
ALC-0003588,WO-2025-000600,MAT-00343,1024,1024,0
ALC-0003589,WO-2025-000600,MAT-00335,806,806,0
ALC-0003590,WO-2025-000601,MAT-00835,221,221,0
ALC-0003591,WO-2025-000601,MAT-00028,235,235,0
ALC-0003592,WO-2025-000601,MAT-00493,199,199,0
ALC-0003593,WO-2025-000601,MAT-00226,169,169,0
ALC-0003594,WO-2025-000601,MAT-00824,242,242,0
ALC-0003595,WO-2025-000601,MAT-00478,219,219,0
ALC-0003596,WO-2025-000601,MAT-00596,73,73,0
ALC-0003597,WO-2025-000601,MAT-00359,79,79,0
ALC-0003598,WO-2025-000602,MAT-00561,1352,1352,0
ALC-0003599,WO-2025-000602,MAT-00710,1867,1867,0
ALC-0003600,WO-2025-000602,MAT-00829,1559,1559,0
ALC-0003601,WO-2025-000602,MAT-00902,2198,2198,0
ALC-0003602,WO-2025-000602,MAT-00734,602,602,0
ALC-0003603,WO-2025-000603,MAT-00652,3811,3811,0
ALC-0003604,WO-2025-000603,MAT-00456,1779,1779,0
ALC-0003605,WO-2025-000603,MAT-00769,3829,3829,0
ALC-0003606,WO-2025-000603,MAT-00372,4548,4548,0
ALC-0003607,WO-2025-000603,MAT-00165,4805,4805,0
ALC-0003608,WO-2025-000604,MAT-00048,460,460,0
ALC-0003609,WO-2025-000604,MAT-01130,404,404,0
ALC-0003610,WO-2025-000604,MAT-01107,387,387,0
ALC-0003611,WO-2025-000604,MAT-00794,233,233,0
ALC-0003612,WO-2025-000605,MAT-00104,107,107,0
ALC-0003613,WO-2025-000605,MAT-01124,159,159,0
ALC-0003614,WO-2025-000605,MAT-00206,89,89,0
ALC-0003615,WO-2025-000605,MAT-00396,188,188,0
ALC-0003616,WO-2025-000605,MAT-01153,172,172,0
ALC-0003617,WO-2025-000606,MAT-00727,652,652,0
ALC-0003618,WO-2025-000606,MAT-00607,376,376,0
ALC-0003619,WO-2025-000606,MAT-00874,278,278,0
ALC-0003620,WO-2025-000606,MAT-01141,1002,1002,0
ALC-0003621,WO-2025-000606,MAT-00553,1200,1200,0
ALC-0003622,WO-2025-000606,MAT-00946,1019,1019,0
ALC-0003623,WO-2025-000607,MAT-01018,1361,1361,0
ALC-0003624,WO-2025-000607,MAT-00896,2134,2134,0
ALC-0003625,WO-2025-000607,MAT-00174,1420,1420,0
ALC-0003626,WO-2025-000607,MAT-00595,1734,1734,0
ALC-0003627,WO-2025-000608,MAT-00459,824,824,0
ALC-0003628,WO-2025-000608,MAT-00827,621,621,0
ALC-0003629,WO-2025-000608,MAT-00144,360,360,0
ALC-0003630,WO-2025-000608,MAT-00463,459,459,0
ALC-0003631,WO-2025-000608,MAT-00164,920,920,0
ALC-0003632,WO-2025-000609,MAT-00454,206,206,0
ALC-0003633,WO-2025-000609,MAT-01080,80,80,0
ALC-0003634,WO-2025-000609,MAT-00684,220,220,0
ALC-0003635,WO-2025-000609,MAT-00776,224,224,0
ALC-0003636,WO-2025-000609,MAT-00356,153,153,0
ALC-0003637,WO-2025-000610,MAT-00048,59,59,0
ALC-0003638,WO-2025-000610,MAT-00525,151,151,0
ALC-0003639,WO-2025-000610,MAT-00595,162,162,0
ALC-0003640,WO-2025-000610,MAT-00750,176,176,0
ALC-0003641,WO-2025-000610,MAT-00747,159,159,0
ALC-0003642,WO-2025-000610,MAT-00527,153,153,0
ALC-0003643,WO-2025-000610,MAT-00081,219,219,0
ALC-0003644,WO-2025-000611,MAT-01082,53,53,0
ALC-0003645,WO-2025-000611,MAT-00095,95,95,0
ALC-0003646,WO-2025-000611,MAT-00356,245,245,0
ALC-0003647,WO-2025-000611,MAT-00486,58,58,0
ALC-0003648,WO-2025-000611,MAT-01144,54,54,0
ALC-0003649,WO-2025-000612,MAT-00024,410,410,0
ALC-0003650,WO-2025-000612,MAT-00449,339,339,0
ALC-0003651,WO-2025-000612,MAT-00913,460,460,0
ALC-0003652,WO-2025-000612,MAT-00343,373,373,0
ALC-0003653,WO-2025-000612,MAT-01020,378,378,0
ALC-0003654,WO-2025-000612,MAT-01174,468,468,0
ALC-0003655,WO-2025-000612,MAT-00188,474,474,0
ALC-0003656,WO-2025-000612,MAT-00210,489,489,0
ALC-0003657,WO-2025-000613,MAT-00152,423,423,0
ALC-0003658,WO-2025-000613,MAT-00933,254,254,0
ALC-0003659,WO-2025-000613,MAT-00151,163,163,0
ALC-0003660,WO-2025-000613,MAT-00741,286,286,0
ALC-0003661,WO-2025-000613,MAT-00675,433,433,0
ALC-0003662,WO-2025-000614,MAT-01097,54,54,0
ALC-0003663,WO-2025-000614,MAT-00717,178,178,0
ALC-0003664,WO-2025-000614,MAT-00118,221,221,0
ALC-0003665,WO-2025-000614,MAT-00431,214,214,0
ALC-0003666,WO-2025-000614,MAT-00548,168,168,0
ALC-0003667,WO-2025-000614,MAT-00888,130,130,0
ALC-0003668,WO-2025-000615,MAT-01119,3695,3695,0
ALC-0003669,WO-2025-000615,MAT-01128,2209,2209,0
ALC-0003670,WO-2025-000615,MAT-00151,2220,2220,0
ALC-0003671,WO-2025-000615,MAT-01049,3419,3419,0
ALC-0003672,WO-2025-000615,MAT-00434,4850,4850,0
ALC-0003673,WO-2025-000615,MAT-00090,3174,3174,0
ALC-0003674,WO-2025-000615,MAT-00060,4691,4691,0
ALC-0003675,WO-2025-000616,MAT-01018,387,387,0
ALC-0003676,WO-2025-000616,MAT-01126,588,588,0
ALC-0003677,WO-2025-000616,MAT-01042,641,641,0
ALC-0003678,WO-2025-000616,MAT-00484,713,713,0
ALC-0003679,WO-2025-000616,MAT-00555,899,899,0
ALC-0003680,WO-2025-000616,MAT-01183,639,639,0
ALC-0003681,WO-2025-000617,MAT-00929,1487,1487,0
ALC-0003682,WO-2025-000617,MAT-00378,2367,2367,0
ALC-0003683,WO-2025-000617,MAT-01123,947,947,0
ALC-0003684,WO-2025-000617,MAT-01103,1123,1123,0
ALC-0003685,WO-2025-000618,MAT-00815,4523,4523,0
ALC-0003686,WO-2025-000618,MAT-00387,1952,1952,0
ALC-0003687,WO-2025-000618,MAT-00253,1506,1506,0
ALC-0003688,WO-2025-000618,MAT-00692,1580,1580,0
ALC-0003689,WO-2025-000618,MAT-00361,4223,4223,0
ALC-0003690,WO-2025-000618,MAT-01015,3064,3064,0
ALC-0003691,WO-2025-000618,MAT-00857,2125,2125,0
ALC-0003692,WO-2025-000618,MAT-00167,3924,3924,0
ALC-0003693,WO-2025-000619,MAT-00827,4273,4273,0
ALC-0003694,WO-2025-000619,MAT-00322,4891,4891,0
ALC-0003695,WO-2025-000619,MAT-00866,4161,4161,0
ALC-0003696,WO-2025-000619,MAT-00227,3787,3787,0
ALC-0003697,WO-2025-000619,MAT-00826,2294,2294,0
ALC-0003698,WO-2025-000619,MAT-00917,4909,4909,0
ALC-0003699,WO-2025-000620,MAT-00077,1486,1486,0
ALC-0003700,WO-2025-000620,MAT-00473,4503,4503,0
ALC-0003701,WO-2025-000620,MAT-00875,2435,2435,0
ALC-0003702,WO-2025-000620,MAT-01130,4418,4418,0
ALC-0003703,WO-2025-000620,MAT-00380,3429,3429,0
ALC-0003704,WO-2025-000621,MAT-01105,270,270,0
ALC-0003705,WO-2025-000621,MAT-00475,340,340,0
ALC-0003706,WO-2025-000621,MAT-00079,496,496,0
ALC-0003707,WO-2025-000621,MAT-00966,382,382,0
ALC-0003708,WO-2025-000621,MAT-00353,358,358,0
ALC-0003709,WO-2025-000621,MAT-00440,285,285,0
ALC-0003710,WO-2025-000621,MAT-00568,148,148,0
ALC-0003711,WO-2025-000622,MAT-00137,4657,4657,0
ALC-0003712,WO-2025-000622,MAT-00931,3201,3201,0
ALC-0003713,WO-2025-000622,MAT-00915,4904,4904,0
ALC-0003714,WO-2025-000622,MAT-00220,2311,2311,0
ALC-0003715,WO-2025-000622,MAT-01164,2942,2942,0
ALC-0003716,WO-2025-000622,MAT-00116,1404,1404,0
ALC-0003717,WO-2025-000623,MAT-00576,4794,4794,0
ALC-0003718,WO-2025-000623,MAT-00017,1382,1382,0
ALC-0003719,WO-2025-000623,MAT-00281,1084,1084,0
ALC-0003720,WO-2025-000623,MAT-00309,2423,2423,0
ALC-0003721,WO-2025-000623,MAT-00059,2184,2184,0
ALC-0003722,WO-2025-000623,MAT-01003,2220,2220,0
ALC-0003723,WO-2025-000624,MAT-00178,728,728,0
ALC-0003724,WO-2025-000624,MAT-01066,715,715,0
ALC-0003725,WO-2025-000624,MAT-00701,354,354,0
ALC-0003726,WO-2025-000624,MAT-00165,252,252,0
ALC-0003727,WO-2025-000624,MAT-00602,824,824,0
ALC-0003728,WO-2025-000624,MAT-00943,481,481,0
ALC-0003729,WO-2025-000624,MAT-00951,933,933,0
ALC-0003730,WO-2025-000624,MAT-00631,1243,1243,0
ALC-0003731,WO-2025-000625,MAT-00420,210,210,0
ALC-0003732,WO-2025-000625,MAT-00598,167,167,0
ALC-0003733,WO-2025-000625,MAT-00089,105,105,0
ALC-0003734,WO-2025-000625,MAT-00452,208,208,0
ALC-0003735,WO-2025-000625,MAT-00511,212,212,0
ALC-0003736,WO-2025-000626,MAT-00965,1322,1322,0
ALC-0003737,WO-2025-000626,MAT-00758,2163,2163,0
ALC-0003738,WO-2025-000626,MAT-00187,1005,1005,0
ALC-0003739,WO-2025-000626,MAT-00136,614,614,0
ALC-0003740,WO-2025-000627,MAT-01053,3888,3888,0
ALC-0003741,WO-2025-000627,MAT-00605,4063,4063,0
ALC-0003742,WO-2025-000627,MAT-00395,4027,4027,0
ALC-0003743,WO-2025-000627,MAT-00661,4876,4876,0
ALC-0003744,WO-2025-000627,MAT-00640,4912,4912,0
ALC-0003745,WO-2025-000628,MAT-00360,815,815,0
ALC-0003746,WO-2025-000628,MAT-00327,757,757,0
ALC-0003747,WO-2025-000628,MAT-00824,567,567,0
ALC-0003748,WO-2025-000628,MAT-00375,2234,2234,0
ALC-0003749,WO-2025-000628,MAT-00305,660,660,0
ALC-0003750,WO-2025-000628,MAT-00574,1748,1748,0
ALC-0003751,WO-2025-000629,MAT-00964,435,435,0
ALC-0003752,WO-2025-000629,MAT-00520,416,416,0
ALC-0003753,WO-2025-000629,MAT-00459,406,406,0
ALC-0003754,WO-2025-000629,MAT-00552,381,381,0
ALC-0003755,WO-2025-000629,MAT-00359,240,240,0
ALC-0003756,WO-2025-000629,MAT-00052,315,315,0
ALC-0003757,WO-2025-000629,MAT-00952,320,320,0
ALC-0003758,WO-2025-000629,MAT-00066,496,496,0
ALC-0003759,WO-2025-000630,MAT-00459,2284,2284,0
ALC-0003760,WO-2025-000630,MAT-00249,2308,2308,0
ALC-0003761,WO-2025-000630,MAT-00749,1485,1485,0
ALC-0003762,WO-2025-000630,MAT-00782,1779,1779,0
ALC-0003763,WO-2025-000630,MAT-01159,1942,1942,0
ALC-0003764,WO-2025-000630,MAT-00449,2427,2427,0
ALC-0003765,WO-2025-000630,MAT-00299,1291,1291,0
ALC-0003766,WO-2025-000631,MAT-00481,461,461,0
ALC-0003767,WO-2025-000631,MAT-00392,455,455,0
ALC-0003768,WO-2025-000631,MAT-00846,231,231,0
ALC-0003769,WO-2025-000631,MAT-00560,440,440,0
ALC-0003770,WO-2025-000631,MAT-00720,101,101,0
ALC-0003771,WO-2025-000631,MAT-00358,104,104,0
ALC-0003772,WO-2025-000631,MAT-00055,489,489,0
ALC-0003773,WO-2025-000631,MAT-00109,137,137,0
ALC-0003774,WO-2025-000632,MAT-00639,259,259,0
ALC-0003775,WO-2025-000632,MAT-00045,209,209,0
ALC-0003776,WO-2025-000632,MAT-01048,390,390,0
ALC-0003777,WO-2025-000632,MAT-00330,318,318,0
ALC-0003778,WO-2025-000633,MAT-01088,1202,1202,0
ALC-0003779,WO-2025-000633,MAT-00405,676,676,0
ALC-0003780,WO-2025-000633,MAT-00439,895,895,0
ALC-0003781,WO-2025-000633,MAT-01160,961,961,0
ALC-0003782,WO-2025-000633,MAT-00468,665,665,0
ALC-0003783,WO-2025-000633,MAT-00833,1189,1189,0
ALC-0003784,WO-2025-000634,MAT-00900,174,174,0
ALC-0003785,WO-2025-000634,MAT-00437,169,169,0
ALC-0003786,WO-2025-000634,MAT-01060,129,129,0
ALC-0003787,WO-2025-000634,MAT-00047,138,138,0
ALC-0003788,WO-2025-000635,MAT-01021,2309,2309,0
ALC-0003789,WO-2025-000635,MAT-00515,987,987,0
ALC-0003790,WO-2025-000635,MAT-00189,610,610,0
ALC-0003791,WO-2025-000635,MAT-00074,1435,1435,0
ALC-0003792,WO-2025-000635,MAT-00840,1986,1986,0
ALC-0003793,WO-2025-000635,MAT-00158,1201,1201,0
ALC-0003794,WO-2025-000636,MAT-00601,1135,1135,0
ALC-0003795,WO-2025-000636,MAT-00860,916,916,0
ALC-0003796,WO-2025-000636,MAT-00529,1666,1666,0
ALC-0003797,WO-2025-000636,MAT-00716,2232,2232,0
ALC-0003798,WO-2025-000636,MAT-00554,2039,2039,0
ALC-0003799,WO-2025-000636,MAT-01165,2328,2328,0
ALC-0003800,WO-2025-000636,MAT-00641,1736,1736,0
ALC-0003801,WO-2025-000637,MAT-00033,2542,2542,0
ALC-0003802,WO-2025-000637,MAT-00285,2709,2709,0
ALC-0003803,WO-2025-000637,MAT-00634,1495,1495,0
ALC-0003804,WO-2025-000637,MAT-00266,3976,3976,0
ALC-0003805,WO-2025-000638,MAT-00170,268,268,0
ALC-0003806,WO-2025-000638,MAT-00989,500,500,0
ALC-0003807,WO-2025-000638,MAT-00663,1220,1220,0
ALC-0003808,WO-2025-000638,MAT-00145,921,921,0
ALC-0003809,WO-2025-000638,MAT-00535,613,613,0
ALC-0003810,WO-2025-000639,MAT-01187,2210,2210,0
ALC-0003811,WO-2025-000639,MAT-00787,2211,2211,0
ALC-0003812,WO-2025-000639,MAT-00483,2051,2051,0
ALC-0003813,WO-2025-000639,MAT-00348,1409,1409,0
ALC-0003814,WO-2025-000639,MAT-00892,2905,2905,0
ALC-0003815,WO-2025-000640,MAT-00908,389,389,0
ALC-0003816,WO-2025-000640,MAT-00126,199,199,0
ALC-0003817,WO-2025-000640,MAT-00489,129,129,0
ALC-0003818,WO-2025-000640,MAT-00696,151,151,0
ALC-0003819,WO-2025-000640,MAT-00871,303,303,0
ALC-0003820,WO-2025-000641,MAT-00791,4258,4258,0
ALC-0003821,WO-2025-000641,MAT-00340,3007,3007,0
ALC-0003822,WO-2025-000641,MAT-00778,4763,4763,0
ALC-0003823,WO-2025-000641,MAT-00065,2337,2337,0
ALC-0003824,WO-2025-000642,MAT-00421,100,100,0
ALC-0003825,WO-2025-000642,MAT-00120,169,169,0
ALC-0003826,WO-2025-000642,MAT-00922,481,481,0
ALC-0003827,WO-2025-000642,MAT-00761,234,234,0
ALC-0003828,WO-2025-000642,MAT-00489,368,368,0
ALC-0003829,WO-2025-000642,MAT-00631,119,119,0
ALC-0003830,WO-2025-000642,MAT-00944,377,377,0
ALC-0003831,WO-2025-000643,MAT-00178,207,207,0
ALC-0003832,WO-2025-000643,MAT-00384,123,123,0
ALC-0003833,WO-2025-000643,MAT-01136,246,246,0
ALC-0003834,WO-2025-000643,MAT-00503,240,240,0
ALC-0003835,WO-2025-000643,MAT-00760,158,158,0
ALC-0003836,WO-2025-000643,MAT-00858,225,225,0
ALC-0003837,WO-2025-000643,MAT-00380,157,157,0
ALC-0003838,WO-2025-000643,MAT-00963,131,131,0
ALC-0003839,WO-2025-000644,MAT-00420,1238,1238,0
ALC-0003840,WO-2025-000644,MAT-00492,410,410,0
ALC-0003841,WO-2025-000644,MAT-00496,755,755,0
ALC-0003842,WO-2025-000644,MAT-00461,435,435,0
ALC-0003843,WO-2025-000645,MAT-00566,95,95,0
ALC-0003844,WO-2025-000645,MAT-00349,160,160,0
ALC-0003845,WO-2025-000645,MAT-00656,155,155,0
ALC-0003846,WO-2025-000645,MAT-00397,105,105,0
ALC-0003847,WO-2025-000646,MAT-00115,159,159,0
ALC-0003848,WO-2025-000646,MAT-00988,363,363,0
ALC-0003849,WO-2025-000646,MAT-00593,218,218,0
ALC-0003850,WO-2025-000646,MAT-01129,152,152,0
ALC-0003851,WO-2025-000646,MAT-00347,148,148,0
ALC-0003852,WO-2025-000646,MAT-00033,352,352,0
ALC-0003853,WO-2025-000646,MAT-00495,266,266,0
ALC-0003854,WO-2025-000647,MAT-00300,4385,4385,0
ALC-0003855,WO-2025-000647,MAT-00717,1741,1741,0
ALC-0003856,WO-2025-000647,MAT-01075,1786,1786,0
ALC-0003857,WO-2025-000647,MAT-01019,4324,4324,0
ALC-0003858,WO-2025-000647,MAT-00487,1747,1747,0
ALC-0003859,WO-2025-000647,MAT-00947,1638,1638,0
ALC-0003860,WO-2025-000647,MAT-00464,1898,1898,0
ALC-0003861,WO-2025-000647,MAT-00347,2938,2938,0
ALC-0003862,WO-2025-000648,MAT-00123,232,232,0
ALC-0003863,WO-2025-000648,MAT-01089,61,61,0
ALC-0003864,WO-2025-000648,MAT-00209,199,199,0
ALC-0003865,WO-2025-000648,MAT-01100,54,54,0
ALC-0003866,WO-2025-000648,MAT-00067,228,228,0
ALC-0003867,WO-2025-000648,MAT-00215,223,223,0
ALC-0003868,WO-2025-000649,MAT-00618,3572,3572,0
ALC-0003869,WO-2025-000649,MAT-00547,2812,2812,0
ALC-0003870,WO-2025-000649,MAT-00395,2798,2798,0
ALC-0003871,WO-2025-000649,MAT-00505,3964,3964,0
ALC-0003872,WO-2025-000649,MAT-00626,2106,2106,0
ALC-0003873,WO-2025-000649,MAT-00949,2488,2488,0
ALC-0003874,WO-2025-000650,MAT-00743,801,801,0
ALC-0003875,WO-2025-000650,MAT-00006,1113,1113,0
ALC-0003876,WO-2025-000650,MAT-00451,437,437,0
ALC-0003877,WO-2025-000650,MAT-00688,998,998,0
ALC-0003878,WO-2025-000650,MAT-00820,1139,1139,0
ALC-0003879,WO-2025-000651,MAT-00084,77,77,0
ALC-0003880,WO-2025-000651,MAT-00373,134,134,0
ALC-0003881,WO-2025-000651,MAT-00714,132,132,0
ALC-0003882,WO-2025-000651,MAT-00899,196,196,0
ALC-0003883,WO-2025-000651,MAT-00265,112,112,0
ALC-0003884,WO-2025-000651,MAT-00210,143,143,0
ALC-0003885,WO-2025-000652,MAT-00601,417,417,0
ALC-0003886,WO-2025-000652,MAT-00255,383,383,0
ALC-0003887,WO-2025-000652,MAT-00873,105,105,0
ALC-0003888,WO-2025-000652,MAT-00305,431,431,0
ALC-0003889,WO-2025-000652,MAT-00891,454,454,0
ALC-0003890,WO-2025-000653,MAT-00910,398,398,0
ALC-0003891,WO-2025-000653,MAT-00177,182,182,0
ALC-0003892,WO-2025-000653,MAT-01117,173,173,0
ALC-0003893,WO-2025-000653,MAT-00930,296,296,0
ALC-0003894,WO-2025-000653,MAT-01105,317,317,0
ALC-0003895,WO-2025-000654,MAT-00725,2050,2050,0
ALC-0003896,WO-2025-000654,MAT-00260,1726,1726,0
ALC-0003897,WO-2025-000654,MAT-00178,1629,1629,0
ALC-0003898,WO-2025-000654,MAT-01074,2016,2016,0
ALC-0003899,WO-2025-000655,MAT-01087,366,366,0
ALC-0003900,WO-2025-000655,MAT-00927,370,370,0
ALC-0003901,WO-2025-000655,MAT-00155,748,748,0
ALC-0003902,WO-2025-000655,MAT-00839,1228,1228,0
ALC-0003903,WO-2025-000655,MAT-00073,440,440,0
ALC-0003904,WO-2025-000655,MAT-00237,1244,1244,0
ALC-0003905,WO-2025-000655,MAT-00569,1110,1110,0
ALC-0003906,WO-2025-000655,MAT-00242,364,364,0
ALC-0003907,WO-2025-000656,MAT-01195,448,448,0
ALC-0003908,WO-2025-000656,MAT-00782,1077,1077,0
ALC-0003909,WO-2025-000656,MAT-01109,1193,1193,0
ALC-0003910,WO-2025-000656,MAT-00537,1022,1022,0
ALC-0003911,WO-2025-000656,MAT-00402,321,321,0
ALC-0003912,WO-2025-000656,MAT-01005,615,615,0
ALC-0003913,WO-2025-000657,MAT-00437,459,459,0
ALC-0003914,WO-2025-000657,MAT-00831,125,125,0
ALC-0003915,WO-2025-000657,MAT-00670,253,253,0
ALC-0003916,WO-2025-000657,MAT-00165,198,198,0
ALC-0003917,WO-2025-000657,MAT-00948,235,235,0
ALC-0003918,WO-2025-000657,MAT-01073,484,484,0
ALC-0003919,WO-2025-000658,MAT-00885,213,213,0
ALC-0003920,WO-2025-000658,MAT-00558,103,103,0
ALC-0003921,WO-2025-000658,MAT-00084,219,219,0
ALC-0003922,WO-2025-000658,MAT-01186,108,108,0
ALC-0003923,WO-2025-000658,MAT-00418,217,217,0
ALC-0003924,WO-2025-000658,MAT-00195,55,55,0
ALC-0003925,WO-2025-000658,MAT-01158,191,191,0
ALC-0003926,WO-2025-000659,MAT-00835,1327,1327,0
ALC-0003927,WO-2025-000659,MAT-00238,2266,2266,0
ALC-0003928,WO-2025-000659,MAT-00895,1417,1417,0
ALC-0003929,WO-2025-000659,MAT-00667,1963,1963,0
ALC-0003930,WO-2025-000659,MAT-00364,4782,4782,0
ALC-0003931,WO-2025-000659,MAT-00419,4774,4774,0
ALC-0003932,WO-2025-000659,MAT-01000,1718,1718,0
ALC-0003933,WO-2025-000659,MAT-00889,4915,4915,0
ALC-0003934,WO-2025-000660,MAT-00904,150,150,0
ALC-0003935,WO-2025-000660,MAT-01039,106,106,0
ALC-0003936,WO-2025-000660,MAT-00403,61,61,0
ALC-0003937,WO-2025-000660,MAT-00561,130,130,0
ALC-0003938,WO-2025-000660,MAT-00369,241,241,0
ALC-0003939,WO-2025-000660,MAT-00795,144,144,0
ALC-0003940,WO-2025-000660,MAT-01128,121,121,0
ALC-0003941,WO-2025-000660,MAT-00590,60,60,0
ALC-0003942,WO-2025-000661,MAT-00332,2288,2288,0
ALC-0003943,WO-2025-000661,MAT-00104,2669,2669,0
ALC-0003944,WO-2025-000661,MAT-00168,2347,2347,0
ALC-0003945,WO-2025-000661,MAT-00191,2172,2172,0
ALC-0003946,WO-2025-000661,MAT-00691,3930,3930,0
ALC-0003947,WO-2025-000662,MAT-00015,2531,2531,0
ALC-0003948,WO-2025-000662,MAT-00730,2846,2846,0
ALC-0003949,WO-2025-000662,MAT-00007,4650,4650,0
ALC-0003950,WO-2025-000662,MAT-00883,4709,4709,0
ALC-0003951,WO-2025-000663,MAT-00376,482,482,0
ALC-0003952,WO-2025-000663,MAT-01172,443,443,0
ALC-0003953,WO-2025-000663,MAT-00116,256,256,0
ALC-0003954,WO-2025-000663,MAT-01127,211,211,0
ALC-0003955,WO-2025-000663,MAT-00820,225,225,0
ALC-0003956,WO-2025-000663,MAT-00240,354,354,0
ALC-0003957,WO-2025-000663,MAT-00516,219,219,0
ALC-0003958,WO-2025-000663,MAT-00120,277,277,0
ALC-0003959,WO-2025-000664,MAT-00538,4047,4047,0
ALC-0003960,WO-2025-000664,MAT-00768,2140,2140,0
ALC-0003961,WO-2025-000664,MAT-00194,1877,1877,0
ALC-0003962,WO-2025-000664,MAT-00291,1981,1981,0
ALC-0003963,WO-2025-000665,MAT-00284,1354,1354,0
ALC-0003964,WO-2025-000665,MAT-00898,1128,1128,0
ALC-0003965,WO-2025-000665,MAT-00519,1582,1582,0
ALC-0003966,WO-2025-000665,MAT-00406,1515,1515,0
ALC-0003967,WO-2025-000666,MAT-01121,246,246,0
ALC-0003968,WO-2025-000666,MAT-00838,248,248,0
ALC-0003969,WO-2025-000666,MAT-00927,376,376,0
ALC-0003970,WO-2025-000666,MAT-00044,172,172,0
ALC-0003971,WO-2025-000667,MAT-00380,50,50,0
ALC-0003972,WO-2025-000667,MAT-00118,155,155,0
ALC-0003973,WO-2025-000667,MAT-00448,52,52,0
ALC-0003974,WO-2025-000667,MAT-01128,94,94,0
ALC-0003975,WO-2025-000667,MAT-00368,175,175,0
ALC-0003976,WO-2025-000667,MAT-00997,232,232,0
ALC-0003977,WO-2025-000667,MAT-00347,119,119,0
ALC-0003978,WO-2025-000668,MAT-00773,1239,1239,0
ALC-0003979,WO-2025-000668,MAT-00573,1186,1186,0
ALC-0003980,WO-2025-000668,MAT-00625,1708,1708,0
ALC-0003981,WO-2025-000668,MAT-00926,4712,4712,0
ALC-0003982,WO-2025-000668,MAT-00160,3158,3158,0
ALC-0003983,WO-2025-000668,MAT-00958,3986,3986,0
ALC-0003984,WO-2025-000669,MAT-00147,1608,1608,0
ALC-0003985,WO-2025-000669,MAT-00154,1740,1740,0
ALC-0003986,WO-2025-000669,MAT-00983,2421,2421,0
ALC-0003987,WO-2025-000669,MAT-00984,4021,4021,0
ALC-0003988,WO-2025-000669,MAT-00505,4712,4712,0
ALC-0003989,WO-2025-000669,MAT-01129,1207,1207,0
ALC-0003990,WO-2025-000669,MAT-00666,4784,4784,0
ALC-0003991,WO-2025-000670,MAT-00024,3979,3979,0
ALC-0003992,WO-2025-000670,MAT-00420,3781,3781,0
ALC-0003993,WO-2025-000670,MAT-00837,2970,2970,0
ALC-0003994,WO-2025-000670,MAT-00937,4410,4410,0
ALC-0003995,WO-2025-000670,MAT-00871,1675,1675,0
ALC-0003996,WO-2025-000670,MAT-00406,4667,4667,0
ALC-0003997,WO-2025-000670,MAT-00747,1587,1587,0
ALC-0003998,WO-2025-000670,MAT-00592,3033,3033,0
ALC-0003999,WO-2025-000671,MAT-00819,784,784,0
ALC-0004000,WO-2025-000671,MAT-01095,388,388,0
ALC-0004001,WO-2025-000671,MAT-00128,1049,1049,0
ALC-0004002,WO-2025-000671,MAT-00769,430,430,0
ALC-0004003,WO-2025-000671,MAT-00453,583,583,0
ALC-0004004,WO-2025-000671,MAT-00927,315,315,0
ALC-0004005,WO-2025-000672,MAT-00424,1015,1015,0
ALC-0004006,WO-2025-000672,MAT-00890,852,852,0
ALC-0004007,WO-2025-000672,MAT-00910,606,606,0
ALC-0004008,WO-2025-000672,MAT-00568,357,357,0
ALC-0004009,WO-2025-000672,MAT-01096,267,267,0
ALC-0004010,WO-2025-000672,MAT-00297,745,745,0
ALC-0004011,WO-2025-000672,MAT-00119,1112,1112,0
ALC-0004012,WO-2025-000673,MAT-00152,1944,1944,0
ALC-0004013,WO-2025-000673,MAT-00370,2989,2989,0
ALC-0004014,WO-2025-000673,MAT-00961,1125,1125,0
ALC-0004015,WO-2025-000673,MAT-00484,2050,2050,0
ALC-0004016,WO-2025-000673,MAT-01142,4697,4697,0
ALC-0004017,WO-2025-000673,MAT-01093,4997,4997,0
ALC-0004018,WO-2025-000674,MAT-00566,3403,3403,0
ALC-0004019,WO-2025-000674,MAT-00796,1304,1304,0
ALC-0004020,WO-2025-000674,MAT-00147,2491,2491,0
ALC-0004021,WO-2025-000674,MAT-00716,4089,4089,0
ALC-0004022,WO-2025-000674,MAT-00481,4985,4985,0
ALC-0004023,WO-2025-000675,MAT-00697,2086,2086,0
ALC-0004024,WO-2025-000675,MAT-00171,722,722,0
ALC-0004025,WO-2025-000675,MAT-00217,1813,1813,0
ALC-0004026,WO-2025-000675,MAT-00304,1470,1470,0
ALC-0004027,WO-2025-000676,MAT-00622,471,471,0
ALC-0004028,WO-2025-000676,MAT-01099,277,277,0
ALC-0004029,WO-2025-000676,MAT-01149,484,484,0
ALC-0004030,WO-2025-000676,MAT-01073,925,925,0
ALC-0004031,WO-2025-000676,MAT-00481,1114,1114,0
ALC-0004032,WO-2025-000676,MAT-00804,1209,1209,0
ALC-0004033,WO-2025-000676,MAT-00562,924,924,0
ALC-0004034,WO-2025-000677,MAT-00741,264,264,0
ALC-0004035,WO-2025-000677,MAT-00797,490,490,0
ALC-0004036,WO-2025-000677,MAT-00096,383,383,0
ALC-0004037,WO-2025-000677,MAT-00661,179,179,0
ALC-0004038,WO-2025-000678,MAT-00565,3860,3860,0
ALC-0004039,WO-2025-000678,MAT-01138,4769,4769,0
ALC-0004040,WO-2025-000678,MAT-00897,2231,2231,0
ALC-0004041,WO-2025-000678,MAT-00342,3977,3977,0
ALC-0004042,WO-2025-000678,MAT-00575,1612,1612,0
ALC-0004043,WO-2025-000678,MAT-01020,2501,2501,0
ALC-0004044,WO-2025-000678,MAT-00927,4154,4154,0
ALC-0004045,WO-2025-000679,MAT-00999,64,64,0
ALC-0004046,WO-2025-000679,MAT-00591,50,50,0
ALC-0004047,WO-2025-000679,MAT-00019,167,167,0
ALC-0004048,WO-2025-000679,MAT-00685,133,133,0
ALC-0004049,WO-2025-000679,MAT-00037,128,128,0
ALC-0004050,WO-2025-000680,MAT-00548,1221,1221,0
ALC-0004051,WO-2025-000680,MAT-01067,1926,1926,0
ALC-0004052,WO-2025-000680,MAT-00367,1936,1936,0
ALC-0004053,WO-2025-000680,MAT-00906,1144,1144,0
ALC-0004054,WO-2025-000680,MAT-00633,692,692,0
ALC-0004055,WO-2025-000680,MAT-01052,1625,1625,0
ALC-0004056,WO-2025-000680,MAT-00755,656,656,0
ALC-0004057,WO-2025-000680,MAT-00911,950,950,0
ALC-0004058,WO-2025-000681,MAT-01009,412,412,0
ALC-0004059,WO-2025-000681,MAT-00959,393,393,0
ALC-0004060,WO-2025-000681,MAT-00483,469,469,0
ALC-0004061,WO-2025-000681,MAT-00370,210,210,0
ALC-0004062,WO-2025-000681,MAT-00931,353,353,0
ALC-0004063,WO-2025-000681,MAT-00905,189,189,0
ALC-0004064,WO-2025-000682,MAT-00885,380,40,340
ALC-0004065,WO-2025-000682,MAT-01170,120,36,84
ALC-0004066,WO-2025-000682,MAT-00839,370,53,317
ALC-0004067,WO-2025-000682,MAT-01085,237,83,154
ALC-0004068,WO-2025-000682,MAT-00763,372,69,303
ALC-0004069,WO-2025-000682,MAT-00893,172,37,135
ALC-0004070,WO-2025-000683,MAT-00323,4641,4641,0
ALC-0004071,WO-2025-000683,MAT-00892,3126,3126,0
ALC-0004072,WO-2025-000683,MAT-00303,2317,2317,0
ALC-0004073,WO-2025-000683,MAT-00791,2830,2830,0
ALC-0004074,WO-2025-000683,MAT-00235,4409,4409,0
ALC-0004075,WO-2025-000684,MAT-00162,142,142,0
ALC-0004076,WO-2025-000684,MAT-01167,236,236,0
ALC-0004077,WO-2025-000684,MAT-00461,466,466,0
ALC-0004078,WO-2025-000684,MAT-01008,126,126,0
ALC-0004079,WO-2025-000684,MAT-01014,359,359,0
ALC-0004080,WO-2025-000685,MAT-00520,942,942,0
ALC-0004081,WO-2025-000685,MAT-01171,1090,1090,0
ALC-0004082,WO-2025-000685,MAT-00098,757,757,0
ALC-0004083,WO-2025-000685,MAT-00787,274,274,0
ALC-0004084,WO-2025-000685,MAT-00553,1135,1135,0
ALC-0004085,WO-2025-000686,MAT-00990,216,216,0
ALC-0004086,WO-2025-000686,MAT-00707,423,423,0
ALC-0004087,WO-2025-000686,MAT-00534,311,311,0
ALC-0004088,WO-2025-000686,MAT-01063,256,256,0
ALC-0004089,WO-2025-000686,MAT-00389,229,229,0
ALC-0004090,WO-2025-000687,MAT-00424,1292,1292,0
ALC-0004091,WO-2025-000687,MAT-00070,822,822,0
ALC-0004092,WO-2025-000687,MAT-00302,1417,1417,0
ALC-0004093,WO-2025-000687,MAT-00796,1813,1813,0
ALC-0004094,WO-2025-000688,MAT-00820,1388,1388,0
ALC-0004095,WO-2025-000688,MAT-00092,1755,1755,0
ALC-0004096,WO-2025-000688,MAT-00816,1397,1397,0
ALC-0004097,WO-2025-000688,MAT-00500,765,765,0
ALC-0004098,WO-2025-000688,MAT-00133,2016,2016,0
ALC-0004099,WO-2025-000688,MAT-00880,2012,2012,0
ALC-0004100,WO-2025-000689,MAT-01081,460,460,0
ALC-0004101,WO-2025-000689,MAT-00446,245,245,0
ALC-0004102,WO-2025-000689,MAT-00920,137,137,0
ALC-0004103,WO-2025-000689,MAT-00648,463,463,0
ALC-0004104,WO-2025-000689,MAT-00716,405,405,0
ALC-0004105,WO-2025-000689,MAT-00452,464,464,0
ALC-0004106,WO-2025-000690,MAT-00104,177,177,0
ALC-0004107,WO-2025-000690,MAT-01107,186,186,0
ALC-0004108,WO-2025-000690,MAT-00522,159,159,0
ALC-0004109,WO-2025-000690,MAT-01023,108,108,0
ALC-0004110,WO-2025-000690,MAT-00333,103,103,0
ALC-0004111,WO-2025-000691,MAT-00791,1352,1352,0
ALC-0004112,WO-2025-000691,MAT-00531,1873,1873,0
ALC-0004113,WO-2025-000691,MAT-00302,1482,1482,0
ALC-0004114,WO-2025-000691,MAT-00818,2151,2151,0
ALC-0004115,WO-2025-000692,MAT-00986,98,98,0
ALC-0004116,WO-2025-000692,MAT-00046,147,147,0
ALC-0004117,WO-2025-000692,MAT-01136,164,164,0
ALC-0004118,WO-2025-000692,MAT-00731,96,96,0
ALC-0004119,WO-2025-000693,MAT-00907,3063,3063,0
ALC-0004120,WO-2025-000693,MAT-00777,4016,4016,0
ALC-0004121,WO-2025-000693,MAT-00353,4635,4635,0
ALC-0004122,WO-2025-000693,MAT-01051,3483,3483,0
ALC-0004123,WO-2025-000693,MAT-01198,2150,2150,0
ALC-0004124,WO-2025-000693,MAT-01103,4404,4404,0
ALC-0004125,WO-2025-000693,MAT-00464,3885,3885,0
ALC-0004126,WO-2025-000694,MAT-00332,395,395,0
ALC-0004127,WO-2025-000694,MAT-00525,649,649,0
ALC-0004128,WO-2025-000694,MAT-00517,793,793,0
ALC-0004129,WO-2025-000694,MAT-00584,320,320,0
ALC-0004130,WO-2025-000694,MAT-00287,558,558,0
ALC-0004131,WO-2025-000694,MAT-00511,1098,1098,0
ALC-0004132,WO-2025-000694,MAT-00214,955,955,0
ALC-0004133,WO-2025-000694,MAT-00979,1207,1207,0
ALC-0004134,WO-2025-000695,MAT-00942,1390,1390,0
ALC-0004135,WO-2025-000695,MAT-00285,2756,2756,0
ALC-0004136,WO-2025-000695,MAT-00046,4672,4672,0
ALC-0004137,WO-2025-000695,MAT-01128,3126,3126,0
ALC-0004138,WO-2025-000695,MAT-00663,1807,1807,0
ALC-0004139,WO-2025-000695,MAT-00890,4704,4704,0
ALC-0004140,WO-2025-000696,MAT-00478,218,218,0
ALC-0004141,WO-2025-000696,MAT-00879,120,120,0
ALC-0004142,WO-2025-000696,MAT-01197,410,410,0
ALC-0004143,WO-2025-000696,MAT-00575,322,322,0
ALC-0004144,WO-2025-000697,MAT-00579,335,335,0
ALC-0004145,WO-2025-000697,MAT-00913,574,574,0
ALC-0004146,WO-2025-000697,MAT-00996,931,931,0
ALC-0004147,WO-2025-000697,MAT-00829,866,866,0
ALC-0004148,WO-2025-000698,MAT-01119,927,927,0
ALC-0004149,WO-2025-000698,MAT-00058,434,434,0
ALC-0004150,WO-2025-000698,MAT-00929,991,991,0
ALC-0004151,WO-2025-000698,MAT-01036,534,534,0
ALC-0004152,WO-2025-000698,MAT-00445,297,297,0
ALC-0004153,WO-2025-000698,MAT-01021,803,803,0
ALC-0004154,WO-2025-000698,MAT-00657,727,727,0
ALC-0004155,WO-2025-000699,MAT-00424,272,272,0
ALC-0004156,WO-2025-000699,MAT-00202,935,935,0
ALC-0004157,WO-2025-000699,MAT-01151,547,547,0
ALC-0004158,WO-2025-000699,MAT-01155,1233,1233,0
ALC-0004159,WO-2025-000699,MAT-00710,837,837,0
ALC-0004160,WO-2025-000700,MAT-00548,2238,2238,0
ALC-0004161,WO-2025-000700,MAT-00849,1242,1242,0
ALC-0004162,WO-2025-000700,MAT-00247,1724,1724,0
ALC-0004163,WO-2025-000700,MAT-00476,540,540,0
ALC-0004164,WO-2025-000700,MAT-00070,557,557,0
ALC-0004165,WO-2025-000700,MAT-01063,2379,2379,0
ALC-0004166,WO-2025-000701,MAT-00147,150,150,0
ALC-0004167,WO-2025-000701,MAT-00120,190,190,0
ALC-0004168,WO-2025-000701,MAT-00229,202,202,0
ALC-0004169,WO-2025-000701,MAT-00245,63,63,0
ALC-0004170,WO-2025-000702,MAT-01190,4136,4136,0
ALC-0004171,WO-2025-000702,MAT-00020,1207,1207,0
ALC-0004172,WO-2025-000702,MAT-00154,4002,4002,0
ALC-0004173,WO-2025-000702,MAT-00601,2822,2822,0
ALC-0004174,WO-2025-000702,MAT-00383,2372,2372,0
ALC-0004175,WO-2025-000702,MAT-00943,3857,3857,0
ALC-0004176,WO-2025-000702,MAT-00952,4298,4298,0
ALC-0004177,WO-2025-000703,MAT-01016,1198,1198,0
ALC-0004178,WO-2025-000703,MAT-00888,1204,1204,0
ALC-0004179,WO-2025-000703,MAT-00561,776,776,0
ALC-0004180,WO-2025-000703,MAT-00558,963,963,0
ALC-0004181,WO-2025-000704,MAT-00476,1081,311,770
ALC-0004182,WO-2025-000704,MAT-00155,799,262,537
ALC-0004183,WO-2025-000704,MAT-00877,989,276,713
ALC-0004184,WO-2025-000704,MAT-00056,546,56,490
ALC-0004185,WO-2025-000704,MAT-00806,1167,206,961
ALC-0004186,WO-2025-000705,MAT-00907,2421,2421,0
ALC-0004187,WO-2025-000705,MAT-00823,1351,1351,0
ALC-0004188,WO-2025-000705,MAT-01063,1960,1960,0
ALC-0004189,WO-2025-000705,MAT-01066,2439,2439,0
ALC-0004190,WO-2025-000705,MAT-01154,859,859,0
ALC-0004191,WO-2025-000706,MAT-00018,235,235,0
ALC-0004192,WO-2025-000706,MAT-01190,157,157,0
ALC-0004193,WO-2025-000706,MAT-00502,171,171,0
ALC-0004194,WO-2025-000706,MAT-01070,182,182,0
ALC-0004195,WO-2025-000706,MAT-01017,57,57,0
ALC-0004196,WO-2025-000706,MAT-00053,191,191,0
ALC-0004197,WO-2025-000706,MAT-00764,142,142,0
ALC-0004198,WO-2025-000706,MAT-00791,78,78,0
ALC-0004199,WO-2025-000707,MAT-00790,483,483,0
ALC-0004200,WO-2025-000707,MAT-00775,1163,1163,0
ALC-0004201,WO-2025-000707,MAT-00455,405,405,0
ALC-0004202,WO-2025-000707,MAT-00770,595,595,0
ALC-0004203,WO-2025-000707,MAT-00678,1010,1010,0
ALC-0004204,WO-2025-000707,MAT-00077,652,652,0
ALC-0004205,WO-2025-000707,MAT-01027,644,644,0
ALC-0004206,WO-2025-000707,MAT-00161,734,734,0
ALC-0004207,WO-2025-000708,MAT-00501,1967,1967,0
ALC-0004208,WO-2025-000708,MAT-00964,655,655,0
ALC-0004209,WO-2025-000708,MAT-00199,1984,1984,0
ALC-0004210,WO-2025-000708,MAT-00261,879,879,0
ALC-0004211,WO-2025-000708,MAT-00295,1722,1722,0
ALC-0004212,WO-2025-000708,MAT-00449,786,786,0
ALC-0004213,WO-2025-000709,MAT-01119,3884,3884,0
ALC-0004214,WO-2025-000709,MAT-00996,1623,1623,0
ALC-0004215,WO-2025-000709,MAT-01138,3624,3624,0
ALC-0004216,WO-2025-000709,MAT-00988,3697,3697,0
ALC-0004217,WO-2025-000709,MAT-01083,3095,3095,0
ALC-0004218,WO-2025-000709,MAT-01161,2553,2553,0
ALC-0004219,WO-2025-000709,MAT-00360,3925,3925,0
ALC-0004220,WO-2025-000710,MAT-00152,1798,1798,0
ALC-0004221,WO-2025-000710,MAT-00515,1193,1193,0
ALC-0004222,WO-2025-000710,MAT-00901,975,975,0
ALC-0004223,WO-2025-000710,MAT-00673,2313,2313,0
ALC-0004224,WO-2025-000711,MAT-00278,968,968,0
ALC-0004225,WO-2025-000711,MAT-00120,2106,2106,0
ALC-0004226,WO-2025-000711,MAT-01057,1567,1567,0
ALC-0004227,WO-2025-000711,MAT-00062,2391,2391,0
ALC-0004228,WO-2025-000712,MAT-00583,337,337,0
ALC-0004229,WO-2025-000712,MAT-00006,859,859,0
ALC-0004230,WO-2025-000712,MAT-00658,1236,1236,0
ALC-0004231,WO-2025-000712,MAT-00192,1028,1028,0
ALC-0004232,WO-2025-000712,MAT-01104,1044,1044,0
ALC-0004233,WO-2025-000712,MAT-00968,930,930,0
ALC-0004234,WO-2025-000713,MAT-00408,133,133,0
ALC-0004235,WO-2025-000713,MAT-00842,167,167,0
ALC-0004236,WO-2025-000713,MAT-00333,67,67,0
ALC-0004237,WO-2025-000713,MAT-00971,88,88,0
ALC-0004238,WO-2025-000713,MAT-00053,118,118,0
ALC-0004239,WO-2025-000713,MAT-01093,103,103,0
ALC-0004240,WO-2025-000713,MAT-00731,72,72,0
ALC-0004241,WO-2025-000713,MAT-00020,204,204,0
ALC-0004242,WO-2025-000714,MAT-01097,224,224,0
ALC-0004243,WO-2025-000714,MAT-00662,456,456,0
ALC-0004244,WO-2025-000714,MAT-00697,313,313,0
ALC-0004245,WO-2025-000714,MAT-00810,362,362,0
ALC-0004246,WO-2025-000715,MAT-00408,1358,1358,0
ALC-0004247,WO-2025-000715,MAT-00558,1209,1209,0
ALC-0004248,WO-2025-000715,MAT-00431,733,733,0
ALC-0004249,WO-2025-000715,MAT-01015,2291,2291,0
ALC-0004250,WO-2025-000715,MAT-00865,1850,1850,0
ALC-0004251,WO-2025-000715,MAT-00823,2380,2380,0
ALC-0004252,WO-2025-000715,MAT-00466,707,707,0
ALC-0004253,WO-2025-000715,MAT-00076,2422,2422,0
ALC-0004254,WO-2025-000716,MAT-01046,3939,3939,0
ALC-0004255,WO-2025-000716,MAT-00314,1552,1552,0
ALC-0004256,WO-2025-000716,MAT-00035,1336,1336,0
ALC-0004257,WO-2025-000716,MAT-00754,1596,1596,0
ALC-0004258,WO-2025-000716,MAT-00182,2071,2071,0
ALC-0004259,WO-2025-000716,MAT-00026,1166,1166,0
ALC-0004260,WO-2025-000716,MAT-00192,3004,3004,0
ALC-0004261,WO-2025-000717,MAT-01094,108,108,0
ALC-0004262,WO-2025-000717,MAT-00195,131,131,0
ALC-0004263,WO-2025-000717,MAT-00379,136,136,0
ALC-0004264,WO-2025-000717,MAT-00651,163,163,0
ALC-0004265,WO-2025-000717,MAT-00112,204,204,0
ALC-0004266,WO-2025-000717,MAT-00366,135,135,0
ALC-0004267,WO-2025-000718,MAT-00385,280,280,0
ALC-0004268,WO-2025-000718,MAT-00706,957,957,0
ALC-0004269,WO-2025-000718,MAT-00025,1144,1144,0
ALC-0004270,WO-2025-000718,MAT-00233,762,762,0
ALC-0004271,WO-2025-000718,MAT-00410,1118,1118,0
ALC-0004272,WO-2025-000719,MAT-00147,2040,2040,0
ALC-0004273,WO-2025-000719,MAT-00390,1385,1385,0
ALC-0004274,WO-2025-000719,MAT-00335,2325,2325,0
ALC-0004275,WO-2025-000719,MAT-00862,2460,2460,0
ALC-0004276,WO-2025-000719,MAT-00307,1625,1625,0
ALC-0004277,WO-2025-000719,MAT-00815,1582,1582,0
ALC-0004278,WO-2025-000720,MAT-00504,275,275,0
ALC-0004279,WO-2025-000720,MAT-00369,238,238,0
ALC-0004280,WO-2025-000720,MAT-00296,412,412,0
ALC-0004281,WO-2025-000720,MAT-00757,388,388,0
ALC-0004282,WO-2025-000720,MAT-00596,383,383,0
ALC-0004283,WO-2025-000720,MAT-00678,395,395,0
ALC-0004284,WO-2025-000720,MAT-01171,191,191,0
ALC-0004285,WO-2025-000721,MAT-01003,736,736,0
ALC-0004286,WO-2025-000721,MAT-00259,599,599,0
ALC-0004287,WO-2025-000721,MAT-01188,606,606,0
ALC-0004288,WO-2025-000721,MAT-00643,2454,2454,0
ALC-0004289,WO-2025-000721,MAT-00373,945,945,0
ALC-0004290,WO-2025-000721,MAT-00382,1839,1839,0
ALC-0004291,WO-2025-000722,MAT-00421,301,301,0
ALC-0004292,WO-2025-000722,MAT-00929,442,442,0
ALC-0004293,WO-2025-000722,MAT-01096,385,385,0
ALC-0004294,WO-2025-000722,MAT-00982,360,360,0
ALC-0004295,WO-2025-000722,MAT-00620,293,293,0
ALC-0004296,WO-2025-000722,MAT-01135,150,150,0
ALC-0004297,WO-2025-000722,MAT-00643,215,215,0
ALC-0004298,WO-2025-000723,MAT-00018,2479,2479,0
ALC-0004299,WO-2025-000723,MAT-00659,1775,1775,0
ALC-0004300,WO-2025-000723,MAT-01004,1132,1132,0
ALC-0004301,WO-2025-000723,MAT-00678,1765,1765,0
ALC-0004302,WO-2025-000724,MAT-00664,473,473,0
ALC-0004303,WO-2025-000724,MAT-00468,449,449,0
ALC-0004304,WO-2025-000724,MAT-00044,158,158,0
ALC-0004305,WO-2025-000724,MAT-00705,490,490,0
ALC-0004306,WO-2025-000724,MAT-00236,168,168,0
ALC-0004307,WO-2025-000724,MAT-01142,196,196,0
ALC-0004308,WO-2025-000724,MAT-00252,200,200,0
ALC-0004309,WO-2025-000725,MAT-00278,407,407,0
ALC-0004310,WO-2025-000725,MAT-00357,288,288,0
ALC-0004311,WO-2025-000725,MAT-00439,366,366,0
ALC-0004312,WO-2025-000725,MAT-00018,385,385,0
ALC-0004313,WO-2025-000725,MAT-00983,169,169,0
ALC-0004314,WO-2025-000725,MAT-00252,125,125,0
ALC-0004315,WO-2025-000725,MAT-01120,116,116,0
ALC-0004316,WO-2025-000726,MAT-00420,4571,4571,0
ALC-0004317,WO-2025-000726,MAT-00586,3666,3666,0
ALC-0004318,WO-2025-000726,MAT-00141,3976,3976,0
ALC-0004319,WO-2025-000726,MAT-00336,1660,1660,0
ALC-0004320,WO-2025-000727,MAT-00051,1849,1849,0
ALC-0004321,WO-2025-000727,MAT-00188,910,910,0
ALC-0004322,WO-2025-000727,MAT-00525,1024,1024,0
ALC-0004323,WO-2025-000727,MAT-00778,604,604,0
ALC-0004324,WO-2025-000727,MAT-01161,2005,2005,0
ALC-0004325,WO-2025-000727,MAT-00366,2461,2461,0
ALC-0004326,WO-2025-000727,MAT-00201,1745,1745,0
ALC-0004327,WO-2025-000727,MAT-00405,597,597,0
ALC-0004328,WO-2025-000728,MAT-00825,732,732,0
ALC-0004329,WO-2025-000728,MAT-00974,574,574,0
ALC-0004330,WO-2025-000728,MAT-00467,992,992,0
ALC-0004331,WO-2025-000728,MAT-00072,754,754,0
ALC-0004332,WO-2025-000729,MAT-00791,113,113,0
ALC-0004333,WO-2025-000729,MAT-01130,201,201,0
ALC-0004334,WO-2025-000729,MAT-00757,208,208,0
ALC-0004335,WO-2025-000729,MAT-00911,71,71,0
ALC-0004336,WO-2025-000729,MAT-00394,83,83,0
ALC-0004337,WO-2025-000729,MAT-01088,193,193,0
ALC-0004338,WO-2025-000729,MAT-00660,219,219,0
ALC-0004339,WO-2025-000729,MAT-00742,202,202,0
ALC-0004340,WO-2025-000730,MAT-00477,1849,1849,0
ALC-0004341,WO-2025-000730,MAT-00963,2123,2123,0
ALC-0004342,WO-2025-000730,MAT-01066,1009,1009,0
ALC-0004343,WO-2025-000730,MAT-00845,999,999,0
ALC-0004344,WO-2025-000730,MAT-00487,540,540,0
ALC-0004345,WO-2025-000730,MAT-00389,2292,2292,0
ALC-0004346,WO-2025-000730,MAT-00854,601,601,0
ALC-0004347,WO-2025-000730,MAT-00916,1119,1119,0
ALC-0004348,WO-2025-000731,MAT-00209,894,894,0
ALC-0004349,WO-2025-000731,MAT-00311,867,867,0
ALC-0004350,WO-2025-000731,MAT-00183,1465,1465,0
ALC-0004351,WO-2025-000731,MAT-00056,1744,1744,0
ALC-0004352,WO-2025-000731,MAT-00647,2313,2313,0
ALC-0004353,WO-2025-000731,MAT-00415,1979,1979,0
ALC-0004354,WO-2025-000732,MAT-00488,4689,4689,0
ALC-0004355,WO-2025-000732,MAT-00260,2854,2854,0
ALC-0004356,WO-2025-000732,MAT-00915,1317,1317,0
ALC-0004357,WO-2025-000732,MAT-00758,1083,1083,0
ALC-0004358,WO-2025-000733,MAT-01013,2278,2278,0
ALC-0004359,WO-2025-000733,MAT-00644,600,600,0
ALC-0004360,WO-2025-000733,MAT-00965,1909,1909,0
ALC-0004361,WO-2025-000733,MAT-00002,1377,1377,0
ALC-0004362,WO-2025-000733,MAT-00945,926,926,0
ALC-0004363,WO-2025-000734,MAT-00520,2086,2086,0
ALC-0004364,WO-2025-000734,MAT-00734,2025,2025,0
ALC-0004365,WO-2025-000734,MAT-00837,1818,1818,0
ALC-0004366,WO-2025-000734,MAT-00147,1329,1329,0
ALC-0004367,WO-2025-000734,MAT-00466,591,591,0
ALC-0004368,WO-2025-000734,MAT-00008,1648,1648,0
ALC-0004369,WO-2025-000734,MAT-00310,1822,1822,0
ALC-0004370,WO-2025-000735,MAT-00608,1148,1148,0
ALC-0004371,WO-2025-000735,MAT-01171,883,883,0
ALC-0004372,WO-2025-000735,MAT-00010,865,865,0
ALC-0004373,WO-2025-000735,MAT-00254,488,488,0
ALC-0004374,WO-2025-000735,MAT-00331,465,465,0
ALC-0004375,WO-2025-000736,MAT-00005,53,53,0
ALC-0004376,WO-2025-000736,MAT-01021,192,192,0
ALC-0004377,WO-2025-000736,MAT-00393,158,158,0
ALC-0004378,WO-2025-000736,MAT-00877,241,241,0
ALC-0004379,WO-2025-000736,MAT-00576,141,141,0
ALC-0004380,WO-2025-000736,MAT-01012,69,69,0
ALC-0004381,WO-2025-000737,MAT-01109,3984,3984,0
ALC-0004382,WO-2025-000737,MAT-00074,2797,2797,0
ALC-0004383,WO-2025-000737,MAT-00451,2039,2039,0
ALC-0004384,WO-2025-000737,MAT-00474,1020,1020,0
ALC-0004385,WO-2025-000738,MAT-01042,112,112,0
ALC-0004386,WO-2025-000738,MAT-00576,161,161,0
ALC-0004387,WO-2025-000738,MAT-00293,203,203,0
ALC-0004388,WO-2025-000738,MAT-00656,107,107,0
ALC-0004389,WO-2025-000738,MAT-00634,242,242,0
ALC-0004390,WO-2025-000738,MAT-00018,219,219,0
ALC-0004391,WO-2025-000739,MAT-01094,219,219,0
ALC-0004392,WO-2025-000739,MAT-00335,230,230,0
ALC-0004393,WO-2025-000739,MAT-00366,134,134,0
ALC-0004394,WO-2025-000739,MAT-00518,133,133,0
ALC-0004395,WO-2025-000740,MAT-00700,2178,2178,0
ALC-0004396,WO-2025-000740,MAT-00743,1173,1173,0
ALC-0004397,WO-2025-000740,MAT-01107,1133,1133,0
ALC-0004398,WO-2025-000740,MAT-00050,1182,1182,0
ALC-0004399,WO-2025-000740,MAT-01018,1853,1853,0
ALC-0004400,WO-2025-000740,MAT-00778,1007,1007,0
ALC-0004401,WO-2025-000740,MAT-01145,2363,2363,0
ALC-0004402,WO-2025-000741,MAT-00034,2028,2028,0
ALC-0004403,WO-2025-000741,MAT-00763,2235,2235,0
ALC-0004404,WO-2025-000741,MAT-00683,1372,1372,0
ALC-0004405,WO-2025-000741,MAT-00256,1665,1665,0
ALC-0004406,WO-2025-000741,MAT-01064,1229,1229,0
ALC-0004407,WO-2025-000741,MAT-00933,563,563,0
ALC-0004408,WO-2025-000741,MAT-00662,2375,2375,0
ALC-0004409,WO-2025-000742,MAT-01078,484,484,0
ALC-0004410,WO-2025-000742,MAT-00774,307,307,0
ALC-0004411,WO-2025-000742,MAT-00127,296,296,0
ALC-0004412,WO-2025-000742,MAT-00714,365,365,0
ALC-0004413,WO-2025-000743,MAT-00495,2659,2659,0
ALC-0004414,WO-2025-000743,MAT-00836,1542,1542,0
ALC-0004415,WO-2025-000743,MAT-00888,2141,2141,0
ALC-0004416,WO-2025-000743,MAT-00237,3369,3369,0
ALC-0004417,WO-2025-000743,MAT-01082,2963,2963,0
ALC-0004418,WO-2025-000743,MAT-00459,1836,1836,0
ALC-0004419,WO-2025-000744,MAT-00837,240,240,0
ALC-0004420,WO-2025-000744,MAT-00634,236,236,0
ALC-0004421,WO-2025-000744,MAT-00348,143,143,0
ALC-0004422,WO-2025-000744,MAT-00507,101,101,0
ALC-0004423,WO-2025-000744,MAT-00829,94,94,0
ALC-0004424,WO-2025-000744,MAT-00567,210,210,0
ALC-0004425,WO-2025-000744,MAT-00367,178,178,0
ALC-0004426,WO-2025-000744,MAT-00290,129,129,0
ALC-0004427,WO-2025-000745,MAT-00392,1724,1724,0
ALC-0004428,WO-2025-000745,MAT-01154,2454,2454,0
ALC-0004429,WO-2025-000745,MAT-00979,2089,2089,0
ALC-0004430,WO-2025-000745,MAT-00513,1942,1942,0
ALC-0004431,WO-2025-000746,MAT-00725,2513,2513,0
ALC-0004432,WO-2025-000746,MAT-00374,3375,3375,0
ALC-0004433,WO-2025-000746,MAT-00898,2948,2948,0
ALC-0004434,WO-2025-000746,MAT-00165,4198,4198,0
ALC-0004435,WO-2025-000746,MAT-01115,3139,3139,0
ALC-0004436,WO-2025-000746,MAT-00229,1621,1621,0
ALC-0004437,WO-2025-000747,MAT-00213,761,761,0
ALC-0004438,WO-2025-000747,MAT-00665,571,571,0
ALC-0004439,WO-2025-000747,MAT-00951,676,676,0
ALC-0004440,WO-2025-000747,MAT-01017,415,415,0
ALC-0004441,WO-2025-000747,MAT-01119,1167,1167,0
ALC-0004442,WO-2025-000747,MAT-01059,438,438,0
ALC-0004443,WO-2025-000747,MAT-00176,629,629,0
ALC-0004444,WO-2025-000748,MAT-01094,2778,2778,0
ALC-0004445,WO-2025-000748,MAT-00819,1361,1361,0
ALC-0004446,WO-2025-000748,MAT-00545,4814,4814,0
ALC-0004447,WO-2025-000748,MAT-00767,2740,2740,0
ALC-0004448,WO-2025-000748,MAT-01122,3079,3079,0
ALC-0004449,WO-2025-000748,MAT-00510,4399,4399,0
ALC-0004450,WO-2025-000748,MAT-01018,3814,3814,0
ALC-0004451,WO-2025-000749,MAT-00247,651,651,0
ALC-0004452,WO-2025-000749,MAT-01131,641,641,0
ALC-0004453,WO-2025-000749,MAT-01027,1333,1333,0
ALC-0004454,WO-2025-000749,MAT-00783,1412,1412,0
ALC-0004455,WO-2025-000749,MAT-00480,1460,1460,0
ALC-0004456,WO-2025-000750,MAT-00430,259,259,0
ALC-0004457,WO-2025-000750,MAT-00953,452,452,0
ALC-0004458,WO-2025-000750,MAT-00466,455,455,0
ALC-0004459,WO-2025-000750,MAT-01009,191,191,0
ALC-0004460,WO-2025-000750,MAT-00596,260,260,0
ALC-0004461,WO-2025-000751,MAT-00086,236,236,0
ALC-0004462,WO-2025-000751,MAT-00562,115,115,0
ALC-0004463,WO-2025-000751,MAT-00361,80,80,0
ALC-0004464,WO-2025-000751,MAT-00691,186,186,0
ALC-0004465,WO-2025-000751,MAT-00326,172,172,0
ALC-0004466,WO-2025-000752,MAT-00664,897,897,0
ALC-0004467,WO-2025-000752,MAT-01142,1069,1069,0
ALC-0004468,WO-2025-000752,MAT-01119,500,500,0
ALC-0004469,WO-2025-000752,MAT-00556,474,474,0
ALC-0004470,WO-2025-000753,MAT-01088,206,206,0
ALC-0004471,WO-2025-000753,MAT-00293,142,142,0
ALC-0004472,WO-2025-000753,MAT-00436,107,107,0
ALC-0004473,WO-2025-000753,MAT-00705,83,83,0
ALC-0004474,WO-2025-000753,MAT-00899,211,211,0
ALC-0004475,WO-2025-000753,MAT-00804,51,51,0
ALC-0004476,WO-2025-000753,MAT-01165,249,249,0
ALC-0004477,WO-2025-000754,MAT-01013,232,232,0
ALC-0004478,WO-2025-000754,MAT-00632,152,152,0
ALC-0004479,WO-2025-000754,MAT-00025,65,65,0
ALC-0004480,WO-2025-000754,MAT-00009,80,80,0
ALC-0004481,WO-2025-000754,MAT-01003,100,100,0
ALC-0004482,WO-2025-000755,MAT-00048,865,865,0
ALC-0004483,WO-2025-000755,MAT-00310,540,540,0
ALC-0004484,WO-2025-000755,MAT-00165,1087,1087,0
ALC-0004485,WO-2025-000755,MAT-00555,692,692,0
ALC-0004486,WO-2025-000755,MAT-00016,671,671,0
ALC-0004487,WO-2025-000755,MAT-00623,959,959,0
ALC-0004488,WO-2025-000755,MAT-00586,616,616,0
ALC-0004489,WO-2025-000756,MAT-00825,476,476,0
ALC-0004490,WO-2025-000756,MAT-00307,258,258,0
ALC-0004491,WO-2025-000756,MAT-00644,374,374,0
ALC-0004492,WO-2025-000756,MAT-00883,295,295,0
ALC-0004493,WO-2025-000756,MAT-01022,1028,1028,0
ALC-0004494,WO-2025-000756,MAT-00177,811,811,0
ALC-0004495,WO-2025-000756,MAT-00916,261,261,0
ALC-0004496,WO-2025-000757,MAT-00556,1020,1020,0
ALC-0004497,WO-2025-000757,MAT-00626,1839,1839,0
ALC-0004498,WO-2025-000757,MAT-00678,1564,1564,0
ALC-0004499,WO-2025-000757,MAT-00161,1493,1493,0
ALC-0004500,WO-2025-000757,MAT-00104,2416,2416,0
ALC-0004501,WO-2025-000757,MAT-00676,1027,1027,0
ALC-0004502,WO-2025-000757,MAT-01194,1047,1047,0
ALC-0004503,WO-2025-000757,MAT-01010,2292,2292,0
ALC-0004504,WO-2025-000758,MAT-00152,407,407,0
ALC-0004505,WO-2025-000758,MAT-01048,363,363,0
ALC-0004506,WO-2025-000758,MAT-00814,284,284,0
ALC-0004507,WO-2025-000758,MAT-00679,149,149,0
ALC-0004508,WO-2025-000758,MAT-00842,307,307,0
ALC-0004509,WO-2025-000758,MAT-00608,458,458,0
ALC-0004510,WO-2025-000758,MAT-00480,258,258,0
ALC-0004511,WO-2025-000759,MAT-00563,3663,3663,0
ALC-0004512,WO-2025-000759,MAT-00267,4170,4170,0
ALC-0004513,WO-2025-000759,MAT-00284,2911,2911,0
ALC-0004514,WO-2025-000759,MAT-00821,1454,1454,0
ALC-0004515,WO-2025-000760,MAT-00819,1275,1275,0
ALC-0004516,WO-2025-000760,MAT-00702,2474,2474,0
ALC-0004517,WO-2025-000760,MAT-00553,1985,1985,0
ALC-0004518,WO-2025-000760,MAT-01004,2417,2417,0
ALC-0004519,WO-2025-000760,MAT-00115,1491,1491,0
ALC-0004520,WO-2025-000760,MAT-00574,2073,2073,0
ALC-0004521,WO-2025-000760,MAT-00716,2248,2248,0
ALC-0004522,WO-2025-000761,MAT-00601,1693,1693,0
ALC-0004523,WO-2025-000761,MAT-00185,840,840,0
ALC-0004524,WO-2025-000761,MAT-00956,1450,1450,0
ALC-0004525,WO-2025-000761,MAT-00364,1354,1354,0
ALC-0004526,WO-2025-000761,MAT-00102,921,921,0
ALC-0004527,WO-2025-000761,MAT-00309,1673,1673,0
ALC-0004528,WO-2025-000761,MAT-00917,1669,1669,0
ALC-0004529,WO-2025-000762,MAT-01081,778,778,0
ALC-0004530,WO-2025-000762,MAT-00520,443,443,0
ALC-0004531,WO-2025-000762,MAT-00058,801,801,0
ALC-0004532,WO-2025-000762,MAT-00388,711,711,0
ALC-0004533,WO-2025-000762,MAT-00225,322,322,0
ALC-0004534,WO-2025-000762,MAT-00173,361,361,0
ALC-0004535,WO-2025-000763,MAT-00104,984,984,0
ALC-0004536,WO-2025-000763,MAT-00816,445,445,0
ALC-0004537,WO-2025-000763,MAT-00042,270,270,0
ALC-0004538,WO-2025-000763,MAT-00123,281,281,0
ALC-0004539,WO-2025-000763,MAT-00509,565,565,0
ALC-0004540,WO-2025-000763,MAT-00618,1081,1081,0
ALC-0004541,WO-2025-000763,MAT-00716,797,797,0
ALC-0004542,WO-2025-000763,MAT-00882,1011,1011,0
ALC-0004543,WO-2025-000764,MAT-00097,797,797,0
ALC-0004544,WO-2025-000764,MAT-01018,596,596,0
ALC-0004545,WO-2025-000764,MAT-00128,455,455,0
ALC-0004546,WO-2025-000764,MAT-00467,319,319,0
ALC-0004547,WO-2025-000764,MAT-00022,325,325,0
ALC-0004548,WO-2025-000764,MAT-01056,1033,1033,0
ALC-0004549,WO-2025-000765,MAT-00406,735,735,0
ALC-0004550,WO-2025-000765,MAT-00108,1306,1306,0
ALC-0004551,WO-2025-000765,MAT-01187,1279,1279,0
ALC-0004552,WO-2025-000765,MAT-01123,530,530,0
ALC-0004553,WO-2025-000765,MAT-01152,853,853,0
ALC-0004554,WO-2025-000765,MAT-01066,2246,2246,0
ALC-0004555,WO-2025-000766,MAT-00376,994,994,0
ALC-0004556,WO-2025-000766,MAT-01091,373,373,0
ALC-0004557,WO-2025-000766,MAT-00075,958,958,0
ALC-0004558,WO-2025-000766,MAT-00808,869,869,0
ALC-0004559,WO-2025-000767,MAT-01082,311,311,0
ALC-0004560,WO-2025-000767,MAT-00629,584,584,0
ALC-0004561,WO-2025-000767,MAT-00563,703,703,0
ALC-0004562,WO-2025-000767,MAT-00757,874,874,0
ALC-0004563,WO-2025-000767,MAT-00457,826,826,0
ALC-0004564,WO-2025-000767,MAT-00033,502,502,0
ALC-0004565,WO-2025-000768,MAT-00983,4761,4761,0
ALC-0004566,WO-2025-000768,MAT-00573,4285,4285,0
ALC-0004567,WO-2025-000768,MAT-00849,1416,1416,0
ALC-0004568,WO-2025-000768,MAT-01017,3322,3322,0
ALC-0004569,WO-2025-000768,MAT-00851,1180,1180,0
ALC-0004570,WO-2025-000769,MAT-00556,1142,1142,0
ALC-0004571,WO-2025-000769,MAT-00699,645,645,0
ALC-0004572,WO-2025-000769,MAT-00148,251,251,0
ALC-0004573,WO-2025-000769,MAT-00604,794,794,0
ALC-0004574,WO-2025-000769,MAT-00981,477,477,0
ALC-0004575,WO-2025-000769,MAT-00570,388,388,0
ALC-0004576,WO-2025-000769,MAT-01045,792,792,0
ALC-0004577,WO-2025-000770,MAT-00723,881,881,0
ALC-0004578,WO-2025-000770,MAT-01099,1406,1406,0
ALC-0004579,WO-2025-000770,MAT-00075,992,992,0
ALC-0004580,WO-2025-000770,MAT-00956,1917,1917,0
ALC-0004581,WO-2025-000770,MAT-00377,2427,2427,0
ALC-0004582,WO-2025-000770,MAT-01051,1680,1680,0
ALC-0004583,WO-2025-000770,MAT-00290,1929,1929,0
ALC-0004584,WO-2025-000771,MAT-00877,589,589,0
ALC-0004585,WO-2025-000771,MAT-00180,1392,1392,0
ALC-0004586,WO-2025-000771,MAT-01121,1286,1286,0
ALC-0004587,WO-2025-000771,MAT-00653,571,571,0
ALC-0004588,WO-2025-000771,MAT-00041,521,521,0
ALC-0004589,WO-2025-000772,MAT-00800,412,412,0
ALC-0004590,WO-2025-000772,MAT-00385,230,230,0
ALC-0004591,WO-2025-000772,MAT-00968,171,171,0
ALC-0004592,WO-2025-000772,MAT-00601,462,462,0
ALC-0004593,WO-2025-000772,MAT-01092,201,201,0
ALC-0004594,WO-2025-000772,MAT-00207,343,343,0
ALC-0004595,WO-2025-000773,MAT-00811,142,142,0
ALC-0004596,WO-2025-000773,MAT-01046,68,68,0
ALC-0004597,WO-2025-000773,MAT-00713,195,195,0
ALC-0004598,WO-2025-000773,MAT-00320,187,187,0
ALC-0004599,WO-2025-000773,MAT-00278,51,51,0
ALC-0004600,WO-2025-000773,MAT-01054,191,191,0
ALC-0004601,WO-2025-000773,MAT-00198,133,133,0
ALC-0004602,WO-2025-000773,MAT-00372,169,169,0
ALC-0004603,WO-2025-000774,MAT-00903,790,790,0
ALC-0004604,WO-2025-000774,MAT-00706,445,445,0
ALC-0004605,WO-2025-000774,MAT-00242,737,737,0
ALC-0004606,WO-2025-000774,MAT-00041,599,599,0
ALC-0004607,WO-2025-000774,MAT-00752,341,341,0
ALC-0004608,WO-2025-000775,MAT-01186,2364,2364,0
ALC-0004609,WO-2025-000775,MAT-00234,2138,2138,0
ALC-0004610,WO-2025-000775,MAT-00231,506,506,0
ALC-0004611,WO-2025-000775,MAT-00853,1270,1270,0
ALC-0004612,WO-2025-000775,MAT-00637,1945,1945,0
ALC-0004613,WO-2025-000775,MAT-00834,865,865,0
ALC-0004614,WO-2025-000775,MAT-00342,678,678,0
ALC-0004615,WO-2025-000776,MAT-00820,486,486,0
ALC-0004616,WO-2025-000776,MAT-00957,136,136,0
ALC-0004617,WO-2025-000776,MAT-01157,300,300,0
ALC-0004618,WO-2025-000776,MAT-00033,348,348,0
ALC-0004619,WO-2025-000776,MAT-00110,337,337,0
ALC-0004620,WO-2025-000776,MAT-00813,433,433,0
ALC-0004621,WO-2025-000776,MAT-00409,303,303,0
ALC-0004622,WO-2025-000776,MAT-00448,487,487,0
ALC-0004623,WO-2025-000777,MAT-00024,2295,2295,0
ALC-0004624,WO-2025-000777,MAT-00836,1200,1200,0
ALC-0004625,WO-2025-000777,MAT-00763,2147,2147,0
ALC-0004626,WO-2025-000777,MAT-00876,1284,1284,0
ALC-0004627,WO-2025-000777,MAT-00887,1887,1887,0
ALC-0004628,WO-2025-000777,MAT-00007,2257,2257,0
ALC-0004629,WO-2025-000778,MAT-00796,318,318,0
ALC-0004630,WO-2025-000778,MAT-00969,240,240,0
ALC-0004631,WO-2025-000778,MAT-00578,158,158,0
ALC-0004632,WO-2025-000778,MAT-00616,261,261,0
ALC-0004633,WO-2025-000778,MAT-00649,307,307,0
ALC-0004634,WO-2025-000778,MAT-00092,467,467,0
ALC-0004635,WO-2025-000778,MAT-01029,154,154,0
ALC-0004636,WO-2025-000779,MAT-00948,443,443,0
ALC-0004637,WO-2025-000779,MAT-00675,621,621,0
ALC-0004638,WO-2025-000779,MAT-00499,393,393,0
ALC-0004639,WO-2025-000779,MAT-00811,1010,1010,0
ALC-0004640,WO-2025-000779,MAT-01056,314,314,0
ALC-0004641,WO-2025-000779,MAT-01107,1191,1191,0
ALC-0004642,WO-2025-000780,MAT-01074,3710,3710,0
ALC-0004643,WO-2025-000780,MAT-00297,1248,1248,0
ALC-0004644,WO-2025-000780,MAT-00409,4258,4258,0
ALC-0004645,WO-2025-000780,MAT-00570,4480,4480,0
ALC-0004646,WO-2025-000780,MAT-00763,4559,4559,0
ALC-0004647,WO-2025-000781,MAT-01126,1690,1690,0
ALC-0004648,WO-2025-000781,MAT-00322,1397,1397,0
ALC-0004649,WO-2025-000781,MAT-00921,842,842,0
ALC-0004650,WO-2025-000781,MAT-01062,1034,1034,0
ALC-0004651,WO-2025-000781,MAT-00472,675,675,0
ALC-0004652,WO-2025-000781,MAT-01070,2370,2370,0
ALC-0004653,WO-2025-000782,MAT-01087,342,342,0
ALC-0004654,WO-2025-000782,MAT-00762,152,152,0
ALC-0004655,WO-2025-000782,MAT-01086,415,415,0
ALC-0004656,WO-2025-000782,MAT-00969,291,291,0
ALC-0004657,WO-2025-000783,MAT-00468,111,111,0
ALC-0004658,WO-2025-000783,MAT-00390,100,100,0
ALC-0004659,WO-2025-000783,MAT-00974,182,182,0
ALC-0004660,WO-2025-000783,MAT-00989,67,67,0
ALC-0004661,WO-2025-000783,MAT-00835,58,58,0
ALC-0004662,WO-2025-000783,MAT-01046,239,239,0
ALC-0004663,WO-2025-000783,MAT-00023,154,154,0
ALC-0004664,WO-2025-000783,MAT-00880,217,217,0
ALC-0004665,WO-2025-000784,MAT-01049,1316,1316,0
ALC-0004666,WO-2025-000784,MAT-00547,1078,1078,0
ALC-0004667,WO-2025-000784,MAT-00005,2371,2371,0
ALC-0004668,WO-2025-000784,MAT-00344,660,660,0
ALC-0004669,WO-2025-000784,MAT-00960,2201,2201,0
ALC-0004670,WO-2025-000785,MAT-00525,399,399,0
ALC-0004671,WO-2025-000785,MAT-00243,403,403,0
ALC-0004672,WO-2025-000785,MAT-00020,331,331,0
ALC-0004673,WO-2025-000785,MAT-00305,188,188,0
ALC-0004674,WO-2025-000786,MAT-00252,1092,1092,0
ALC-0004675,WO-2025-000786,MAT-00275,394,394,0
ALC-0004676,WO-2025-000786,MAT-00424,666,666,0
ALC-0004677,WO-2025-000786,MAT-00760,1027,1027,0
ALC-0004678,WO-2025-000786,MAT-00101,850,850,0
ALC-0004679,WO-2025-000786,MAT-00864,432,432,0
ALC-0004680,WO-2025-000787,MAT-01004,871,871,0
ALC-0004681,WO-2025-000787,MAT-01056,972,972,0
ALC-0004682,WO-2025-000787,MAT-00660,1199,1199,0
ALC-0004683,WO-2025-000787,MAT-01043,1044,1044,0
ALC-0004684,WO-2025-000787,MAT-01117,576,576,0
ALC-0004685,WO-2025-000787,MAT-00066,906,906,0
ALC-0004686,WO-2025-000788,MAT-00156,956,956,0
ALC-0004687,WO-2025-000788,MAT-00279,1860,1860,0
ALC-0004688,WO-2025-000788,MAT-00160,1526,1526,0
ALC-0004689,WO-2025-000788,MAT-00349,1911,1911,0
ALC-0004690,WO-2025-000788,MAT-00976,1055,1055,0
ALC-0004691,WO-2025-000788,MAT-00225,2493,2493,0
ALC-0004692,WO-2025-000788,MAT-00267,2474,2474,0
ALC-0004693,WO-2025-000789,MAT-01067,215,215,0
ALC-0004694,WO-2025-000789,MAT-00102,170,170,0
ALC-0004695,WO-2025-000789,MAT-00591,227,227,0
ALC-0004696,WO-2025-000789,MAT-01195,299,299,0
ALC-0004697,WO-2025-000790,MAT-00093,148,148,0
ALC-0004698,WO-2025-000790,MAT-00878,221,221,0
ALC-0004699,WO-2025-000790,MAT-00865,99,99,0
ALC-0004700,WO-2025-000790,MAT-00200,57,57,0
ALC-0004701,WO-2025-000790,MAT-01035,237,237,0
ALC-0004702,WO-2025-000790,MAT-00362,93,93,0
ALC-0004703,WO-2025-000790,MAT-00108,70,70,0
ALC-0004704,WO-2025-000790,MAT-01116,134,134,0
ALC-0004705,WO-2025-000791,MAT-00601,2019,2019,0
ALC-0004706,WO-2025-000791,MAT-00617,1647,1647,0
ALC-0004707,WO-2025-000791,MAT-00231,801,801,0
ALC-0004708,WO-2025-000791,MAT-00123,2487,2487,0
ALC-0004709,WO-2025-000791,MAT-00742,1066,1066,0
ALC-0004710,WO-2025-000791,MAT-01097,1375,1375,0
ALC-0004711,WO-2025-000791,MAT-01077,1329,1329,0
ALC-0004712,WO-2025-000791,MAT-01170,587,587,0
ALC-0004713,WO-2025-000792,MAT-00385,375,375,0
ALC-0004714,WO-2025-000792,MAT-00790,253,253,0
ALC-0004715,WO-2025-000792,MAT-00368,230,230,0
ALC-0004716,WO-2025-000792,MAT-00529,228,228,0
ALC-0004717,WO-2025-000792,MAT-00450,168,168,0
ALC-0004718,WO-2025-000792,MAT-00782,471,471,0
ALC-0004719,WO-2025-000793,MAT-00124,2925,2925,0
ALC-0004720,WO-2025-000793,MAT-00488,4464,4464,0
ALC-0004721,WO-2025-000793,MAT-00545,3730,3730,0
ALC-0004722,WO-2025-000793,MAT-00265,2953,2953,0
ALC-0004723,WO-2025-000793,MAT-00401,3997,3997,0
ALC-0004724,WO-2025-000794,MAT-00908,146,146,0
ALC-0004725,WO-2025-000794,MAT-00168,211,211,0
ALC-0004726,WO-2025-000794,MAT-01045,101,101,0
ALC-0004727,WO-2025-000794,MAT-00472,223,223,0
ALC-0004728,WO-2025-000794,MAT-01095,88,88,0
ALC-0004729,WO-2025-000794,MAT-00810,169,169,0
ALC-0004730,WO-2025-000794,MAT-00689,155,155,0
ALC-0004731,WO-2025-000795,MAT-01133,142,142,0
ALC-0004732,WO-2025-000795,MAT-01038,221,221,0
ALC-0004733,WO-2025-000795,MAT-01009,162,162,0
ALC-0004734,WO-2025-000795,MAT-00175,220,220,0
ALC-0004735,WO-2025-000795,MAT-00680,169,169,0
ALC-0004736,WO-2025-000795,MAT-00156,222,222,0
ALC-0004737,WO-2025-000796,MAT-00628,893,893,0
ALC-0004738,WO-2025-000796,MAT-01147,1030,1030,0
ALC-0004739,WO-2025-000796,MAT-01024,921,921,0
ALC-0004740,WO-2025-000796,MAT-00499,897,897,0
ALC-0004741,WO-2025-000796,MAT-00710,251,251,0
ALC-0004742,WO-2025-000797,MAT-00697,3613,3613,0
ALC-0004743,WO-2025-000797,MAT-00435,1264,1264,0
ALC-0004744,WO-2025-000797,MAT-00812,3927,3927,0
ALC-0004745,WO-2025-000797,MAT-00150,1715,1715,0
ALC-0004746,WO-2025-000797,MAT-00977,2409,2409,0
ALC-0004747,WO-2025-000797,MAT-01090,2390,2390,0
ALC-0004748,WO-2025-000797,MAT-00155,2408,2408,0
ALC-0004749,WO-2025-000797,MAT-00603,3227,3227,0
ALC-0004750,WO-2025-000798,MAT-01043,865,865,0
ALC-0004751,WO-2025-000798,MAT-00969,1046,1046,0
ALC-0004752,WO-2025-000798,MAT-00264,1161,1161,0
ALC-0004753,WO-2025-000798,MAT-00380,2256,2256,0
ALC-0004754,WO-2025-000798,MAT-00195,2168,2168,0
ALC-0004755,WO-2025-000798,MAT-00132,1815,1815,0
ALC-0004756,WO-2025-000798,MAT-00538,1314,1314,0
ALC-0004757,WO-2025-000799,MAT-00727,1461,1461,0
ALC-0004758,WO-2025-000799,MAT-00161,1153,1153,0
ALC-0004759,WO-2025-000799,MAT-00173,2101,2101,0
ALC-0004760,WO-2025-000799,MAT-00176,1269,1269,0
ALC-0004761,WO-2025-000799,MAT-00759,2122,2122,0
ALC-0004762,WO-2025-000799,MAT-00369,2344,2344,0
ALC-0004763,WO-2025-000799,MAT-00406,2372,2372,0
ALC-0004764,WO-2025-000800,MAT-00191,1094,1094,0
ALC-0004765,WO-2025-000800,MAT-00723,1014,1014,0
ALC-0004766,WO-2025-000800,MAT-00303,1168,1168,0
ALC-0004767,WO-2025-000800,MAT-00564,524,524,0
ALC-0004768,WO-2025-000800,MAT-00836,561,561,0
ALC-0004769,WO-2025-000801,MAT-00152,3076,3076,0
ALC-0004770,WO-2025-000801,MAT-00705,1009,1009,0
ALC-0004771,WO-2025-000801,MAT-00195,4144,4144,0
ALC-0004772,WO-2025-000801,MAT-00955,4055,4055,0
ALC-0004773,WO-2025-000802,MAT-00482,4368,4368,0
ALC-0004774,WO-2025-000802,MAT-00549,2020,2020,0
ALC-0004775,WO-2025-000802,MAT-00004,1000,1000,0
ALC-0004776,WO-2025-000802,MAT-00983,2614,2614,0
ALC-0004777,WO-2025-000802,MAT-00528,2669,2669,0
ALC-0004778,WO-2025-000802,MAT-00062,1149,1149,0
ALC-0004779,WO-2025-000802,MAT-01085,4362,4362,0
ALC-0004780,WO-2025-000802,MAT-00008,3471,3471,0
ALC-0004781,WO-2025-000803,MAT-00478,163,163,0
ALC-0004782,WO-2025-000803,MAT-00180,71,71,0
ALC-0004783,WO-2025-000803,MAT-00056,240,240,0
ALC-0004784,WO-2025-000803,MAT-00794,84,84,0
ALC-0004785,WO-2025-000804,MAT-00548,98,98,0
ALC-0004786,WO-2025-000804,MAT-00263,123,123,0
ALC-0004787,WO-2025-000804,MAT-00399,157,157,0
ALC-0004788,WO-2025-000804,MAT-00098,90,90,0
ALC-0004789,WO-2025-000804,MAT-00170,239,239,0
ALC-0004790,WO-2025-000804,MAT-00690,208,208,0
ALC-0004791,WO-2025-000804,MAT-00430,187,187,0
ALC-0004792,WO-2025-000805,MAT-00910,2175,2175,0
ALC-0004793,WO-2025-000805,MAT-00106,725,725,0
ALC-0004794,WO-2025-000805,MAT-00236,1095,1095,0
ALC-0004795,WO-2025-000805,MAT-00848,2474,2474,0
ALC-0004796,WO-2025-000805,MAT-01159,2336,2336,0
ALC-0004797,WO-2025-000805,MAT-00296,2362,2362,0
ALC-0004798,WO-2025-000805,MAT-00637,1572,1572,0
ALC-0004799,WO-2025-000806,MAT-01096,1095,1095,0
ALC-0004800,WO-2025-000806,MAT-00966,713,713,0
ALC-0004801,WO-2025-000806,MAT-00307,1133,1133,0
ALC-0004802,WO-2025-000806,MAT-00706,451,451,0
ALC-0004803,WO-2025-000806,MAT-00863,622,622,0
ALC-0004804,WO-2025-000807,MAT-00588,3789,3789,0
ALC-0004805,WO-2025-000807,MAT-00030,4240,4240,0
ALC-0004806,WO-2025-000807,MAT-00298,4879,4879,0
ALC-0004807,WO-2025-000807,MAT-00654,1225,1225,0
ALC-0004808,WO-2025-000807,MAT-00791,4896,4896,0
ALC-0004809,WO-2025-000807,MAT-00939,3100,3100,0
ALC-0004810,WO-2025-000807,MAT-00334,3605,3605,0
ALC-0004811,WO-2025-000807,MAT-00451,1818,1818,0
ALC-0004812,WO-2025-000808,MAT-00005,1044,1044,0
ALC-0004813,WO-2025-000808,MAT-00606,338,338,0
ALC-0004814,WO-2025-000808,MAT-00030,990,990,0
ALC-0004815,WO-2025-000808,MAT-00374,976,976,0
ALC-0004816,WO-2025-000808,MAT-00716,779,779,0
ALC-0004817,WO-2025-000808,MAT-00772,461,461,0
ALC-0004818,WO-2025-000809,MAT-00481,134,134,0
ALC-0004819,WO-2025-000809,MAT-00318,86,86,0
ALC-0004820,WO-2025-000809,MAT-00870,199,199,0
ALC-0004821,WO-2025-000809,MAT-00123,133,133,0
ALC-0004822,WO-2025-000809,MAT-00665,178,178,0
ALC-0004823,WO-2025-000809,MAT-00455,88,88,0
ALC-0004824,WO-2025-000810,MAT-00376,759,759,0
ALC-0004825,WO-2025-000810,MAT-00485,424,424,0
ALC-0004826,WO-2025-000810,MAT-00243,1179,1179,0
ALC-0004827,WO-2025-000810,MAT-01174,599,599,0
ALC-0004828,WO-2025-000810,MAT-01072,505,505,0
ALC-0004829,WO-2025-000810,MAT-00326,303,303,0
ALC-0004830,WO-2025-000810,MAT-00766,650,650,0
ALC-0004831,WO-2025-000810,MAT-00168,802,802,0
ALC-0004832,WO-2025-000811,MAT-00654,3238,3238,0
ALC-0004833,WO-2025-000811,MAT-00790,4993,4993,0
ALC-0004834,WO-2025-000811,MAT-00485,2517,2517,0
ALC-0004835,WO-2025-000811,MAT-00502,4537,4537,0
ALC-0004836,WO-2025-000811,MAT-00123,4041,4041,0
ALC-0004837,WO-2025-000811,MAT-00293,2384,2384,0
ALC-0004838,WO-2025-000811,MAT-00771,3093,3093,0
ALC-0004839,WO-2025-000811,MAT-00148,4826,4826,0
ALC-0004840,WO-2025-000812,MAT-00904,1728,1728,0
ALC-0004841,WO-2025-000812,MAT-00731,2066,2066,0
ALC-0004842,WO-2025-000812,MAT-00561,3684,3684,0
ALC-0004843,WO-2025-000812,MAT-00373,3579,3579,0
ALC-0004844,WO-2025-000812,MAT-00453,4107,4107,0
ALC-0004845,WO-2025-000812,MAT-01098,3527,3527,0
ALC-0004846,WO-2025-000812,MAT-01152,4044,4044,0
ALC-0004847,WO-2025-000813,MAT-00200,326,326,0
ALC-0004848,WO-2025-000813,MAT-00725,355,355,0
ALC-0004849,WO-2025-000813,MAT-00235,267,267,0
ALC-0004850,WO-2025-000813,MAT-00512,456,456,0
ALC-0004851,WO-2025-000813,MAT-00838,341,341,0
ALC-0004852,WO-2025-000813,MAT-00946,355,355,0
ALC-0004853,WO-2025-000814,MAT-00588,75,75,0
ALC-0004854,WO-2025-000814,MAT-00313,65,65,0
ALC-0004855,WO-2025-000814,MAT-01165,98,98,0
ALC-0004856,WO-2025-000814,MAT-00987,120,120,0
ALC-0004857,WO-2025-000814,MAT-00481,92,92,0
ALC-0004858,WO-2025-000814,MAT-00672,192,192,0
ALC-0004859,WO-2025-000815,MAT-00115,153,153,0
ALC-0004860,WO-2025-000815,MAT-01112,194,194,0
ALC-0004861,WO-2025-000815,MAT-00609,126,126,0
ALC-0004862,WO-2025-000815,MAT-00783,78,78,0
ALC-0004863,WO-2025-000815,MAT-01045,140,140,0
ALC-0004864,WO-2025-000815,MAT-00774,145,145,0
ALC-0004865,WO-2025-000816,MAT-00018,273,273,0
ALC-0004866,WO-2025-000816,MAT-00582,157,157,0
ALC-0004867,WO-2025-000816,MAT-00423,433,433,0
ALC-0004868,WO-2025-000816,MAT-00141,382,382,0
ALC-0004869,WO-2025-000817,MAT-00655,193,193,0
ALC-0004870,WO-2025-000817,MAT-00069,166,166,0
ALC-0004871,WO-2025-000817,MAT-00088,120,120,0
ALC-0004872,WO-2025-000817,MAT-00774,81,81,0
ALC-0004873,WO-2025-000817,MAT-00419,134,134,0
ALC-0004874,WO-2025-000817,MAT-00740,201,201,0
ALC-0004875,WO-2025-000818,MAT-01127,224,224,0
ALC-0004876,WO-2025-000818,MAT-00186,241,241,0
ALC-0004877,WO-2025-000818,MAT-00178,239,239,0
ALC-0004878,WO-2025-000818,MAT-00133,84,84,0
ALC-0004879,WO-2025-000818,MAT-01190,243,243,0
ALC-0004880,WO-2025-000818,MAT-00246,172,172,0
ALC-0004881,WO-2025-000818,MAT-00859,58,58,0
ALC-0004882,WO-2025-000818,MAT-00096,126,126,0
ALC-0004883,WO-2025-000819,MAT-00543,324,324,0
ALC-0004884,WO-2025-000819,MAT-00946,764,764,0
ALC-0004885,WO-2025-000819,MAT-00547,756,756,0
ALC-0004886,WO-2025-000819,MAT-01190,479,479,0
ALC-0004887,WO-2025-000819,MAT-00408,1174,1174,0
ALC-0004888,WO-2025-000820,MAT-00847,124,124,0
ALC-0004889,WO-2025-000820,MAT-00728,182,182,0
ALC-0004890,WO-2025-000820,MAT-00985,221,221,0
ALC-0004891,WO-2025-000820,MAT-00670,153,153,0
ALC-0004892,WO-2025-000820,MAT-00922,222,222,0
ALC-0004893,WO-2025-000820,MAT-00074,134,134,0
ALC-0004894,WO-2025-000820,MAT-00765,227,227,0
ALC-0004895,WO-2025-000820,MAT-00526,93,93,0
ALC-0004896,WO-2025-000821,MAT-00454,1962,1962,0
ALC-0004897,WO-2025-000821,MAT-00531,2767,2767,0
ALC-0004898,WO-2025-000821,MAT-00908,4354,4354,0
ALC-0004899,WO-2025-000821,MAT-00090,2931,2931,0
ALC-0004900,WO-2025-000821,MAT-01077,3551,3551,0
ALC-0004901,WO-2025-000821,MAT-01008,2878,2878,0
ALC-0004902,WO-2025-000822,MAT-01067,1001,1001,0
ALC-0004903,WO-2025-000822,MAT-00152,651,651,0
ALC-0004904,WO-2025-000822,MAT-00703,773,773,0
ALC-0004905,WO-2025-000822,MAT-01052,523,523,0
ALC-0004906,WO-2025-000822,MAT-00472,824,824,0
ALC-0004907,WO-2025-000822,MAT-00639,474,474,0
ALC-0004908,WO-2025-000822,MAT-00835,1149,1149,0
ALC-0004909,WO-2025-000822,MAT-00521,421,421,0
ALC-0004910,WO-2025-000823,MAT-00969,1213,1213,0
ALC-0004911,WO-2025-000823,MAT-00228,1238,1238,0
ALC-0004912,WO-2025-000823,MAT-00328,556,556,0
ALC-0004913,WO-2025-000823,MAT-00999,718,718,0
ALC-0004914,WO-2025-000823,MAT-00353,2110,2110,0
ALC-0004915,WO-2025-000824,MAT-00519,566,566,0
ALC-0004916,WO-2025-000824,MAT-00739,733,733,0
ALC-0004917,WO-2025-000824,MAT-00110,541,541,0
ALC-0004918,WO-2025-000824,MAT-00461,683,683,0
ALC-0004919,WO-2025-000824,MAT-01172,1183,1183,0
ALC-0004920,WO-2025-000825,MAT-00622,205,205,0
ALC-0004921,WO-2025-000825,MAT-00304,111,111,0
ALC-0004922,WO-2025-000825,MAT-00936,168,168,0
ALC-0004923,WO-2025-000825,MAT-00164,194,194,0
ALC-0004924,WO-2025-000825,MAT-00804,107,107,0
ALC-0004925,WO-2025-000825,MAT-00486,148,148,0
ALC-0004926,WO-2025-000825,MAT-00839,227,227,0
ALC-0004927,WO-2025-000826,MAT-00773,340,340,0
ALC-0004928,WO-2025-000826,MAT-00818,240,240,0
ALC-0004929,WO-2025-000826,MAT-01143,298,298,0
ALC-0004930,WO-2025-000826,MAT-00022,279,279,0
ALC-0004931,WO-2025-000827,MAT-01107,1447,1447,0
ALC-0004932,WO-2025-000827,MAT-00335,964,964,0
ALC-0004933,WO-2025-000827,MAT-00784,961,961,0
ALC-0004934,WO-2025-000827,MAT-00637,1535,1535,0
ALC-0004935,WO-2025-000827,MAT-00700,1488,1488,0
ALC-0004936,WO-2025-000827,MAT-00372,1905,1905,0
ALC-0004937,WO-2025-000827,MAT-00728,1166,1166,0
ALC-0004938,WO-2025-000827,MAT-00401,759,759,0
ALC-0004939,WO-2025-000828,MAT-00907,512,512,0
ALC-0004940,WO-2025-000828,MAT-00383,764,764,0
ALC-0004941,WO-2025-000828,MAT-00854,679,679,0
ALC-0004942,WO-2025-000828,MAT-00288,1124,1124,0
ALC-0004943,WO-2025-000828,MAT-00571,401,401,0
ALC-0004944,WO-2025-000829,MAT-01081,2037,2037,0
ALC-0004945,WO-2025-000829,MAT-00108,1159,1159,0
ALC-0004946,WO-2025-000829,MAT-01152,954,954,0
ALC-0004947,WO-2025-000829,MAT-00836,1951,1951,0
ALC-0004948,WO-2025-000830,MAT-00686,475,475,0
ALC-0004949,WO-2025-000830,MAT-00006,467,467,0
ALC-0004950,WO-2025-000830,MAT-00195,184,184,0
ALC-0004951,WO-2025-000830,MAT-00166,259,259,0
ALC-0004952,WO-2025-000831,MAT-01160,68,68,0
ALC-0004953,WO-2025-000831,MAT-00791,225,225,0
ALC-0004954,WO-2025-000831,MAT-00353,229,229,0
ALC-0004955,WO-2025-000831,MAT-00108,215,215,0
ALC-0004956,WO-2025-000831,MAT-00298,246,246,0
ALC-0004957,WO-2025-000831,MAT-00974,194,194,0
ALC-0004958,WO-2025-000831,MAT-01068,57,57,0
ALC-0004959,WO-2025-000832,MAT-00075,145,145,0
ALC-0004960,WO-2025-000832,MAT-00965,358,358,0
ALC-0004961,WO-2025-000832,MAT-00533,194,194,0
ALC-0004962,WO-2025-000832,MAT-00388,318,318,0
ALC-0004963,WO-2025-000832,MAT-00258,109,109,0
ALC-0004964,WO-2025-000832,MAT-00894,493,493,0
ALC-0004965,WO-2025-000832,MAT-00292,288,288,0
ALC-0004966,WO-2025-000832,MAT-00811,434,434,0
ALC-0004967,WO-2025-000833,MAT-00799,325,325,0
ALC-0004968,WO-2025-000833,MAT-00118,250,250,0
ALC-0004969,WO-2025-000833,MAT-00578,1038,1038,0
ALC-0004970,WO-2025-000833,MAT-00939,1243,1243,0
ALC-0004971,WO-2025-000833,MAT-00099,278,278,0
ALC-0004972,WO-2025-000833,MAT-00539,1073,1073,0
ALC-0004973,WO-2025-000834,MAT-00763,3442,3442,0
ALC-0004974,WO-2025-000834,MAT-00682,1443,1443,0
ALC-0004975,WO-2025-000834,MAT-00264,2085,2085,0
ALC-0004976,WO-2025-000834,MAT-00462,1998,1998,0
ALC-0004977,WO-2025-000834,MAT-00085,2629,2629,0
ALC-0004978,WO-2025-000835,MAT-01067,4740,4740,0
ALC-0004979,WO-2025-000835,MAT-01152,2268,2268,0
ALC-0004980,WO-2025-000835,MAT-00335,4284,4284,0
ALC-0004981,WO-2025-000835,MAT-00126,1221,1221,0
ALC-0004982,WO-2025-000836,MAT-00909,793,793,0
ALC-0004983,WO-2025-000836,MAT-00360,296,296,0
ALC-0004984,WO-2025-000836,MAT-00441,304,304,0
ALC-0004985,WO-2025-000836,MAT-00829,985,985,0
ALC-0004986,WO-2025-000837,MAT-00762,61,61,0
ALC-0004987,WO-2025-000837,MAT-00878,210,210,0
ALC-0004988,WO-2025-000837,MAT-00668,151,151,0
ALC-0004989,WO-2025-000837,MAT-00632,208,208,0
ALC-0004990,WO-2025-000837,MAT-00964,140,140,0
ALC-0004991,WO-2025-000838,MAT-01006,409,144,265
ALC-0004992,WO-2025-000838,MAT-00049,250,91,159
ALC-0004993,WO-2025-000838,MAT-00426,1147,389,758
ALC-0004994,WO-2025-000838,MAT-01052,1207,184,1023
ALC-0004995,WO-2025-000838,MAT-00445,281,37,244
ALC-0004996,WO-2025-000838,MAT-00489,253,55,198
ALC-0004997,WO-2025-000838,MAT-00421,270,33,237
ALC-0004998,WO-2025-000839,MAT-00217,1493,1493,0
ALC-0004999,WO-2025-000839,MAT-00830,1799,1799,0
ALC-0005000,WO-2025-000839,MAT-00653,1627,1627,0
ALC-0005001,WO-2025-000839,MAT-00192,955,955,0
ALC-0005002,WO-2025-000839,MAT-00117,618,618,0
ALC-0005003,WO-2025-000839,MAT-00124,1067,1067,0
ALC-0005004,WO-2025-000840,MAT-00323,1179,1179,0
ALC-0005005,WO-2025-000840,MAT-00799,687,687,0
ALC-0005006,WO-2025-000840,MAT-00405,559,559,0
ALC-0005007,WO-2025-000840,MAT-00469,713,713,0
ALC-0005008,WO-2025-000840,MAT-01156,716,716,0
ALC-0005009,WO-2025-000840,MAT-00963,595,595,0
ALC-0005010,WO-2025-000840,MAT-00198,475,475,0
ALC-0005011,WO-2025-000840,MAT-00273,885,885,0
ALC-0005012,WO-2025-000841,MAT-00998,51,51,0
ALC-0005013,WO-2025-000841,MAT-00405,94,94,0
ALC-0005014,WO-2025-000841,MAT-00213,102,102,0
ALC-0005015,WO-2025-000841,MAT-00714,56,56,0
ALC-0005016,WO-2025-000841,MAT-00640,149,149,0
ALC-0005017,WO-2025-000841,MAT-00905,200,200,0
ALC-0005018,WO-2025-000841,MAT-00576,61,61,0
ALC-0005019,WO-2025-000841,MAT-00324,224,224,0
ALC-0005020,WO-2025-000842,MAT-00790,1439,1439,0
ALC-0005021,WO-2025-000842,MAT-01183,1645,1645,0
ALC-0005022,WO-2025-000842,MAT-00141,3292,3292,0
ALC-0005023,WO-2025-000842,MAT-00875,3945,3945,0
ALC-0005024,WO-2025-000842,MAT-00090,3453,3453,0
ALC-0005025,WO-2025-000842,MAT-00929,4572,4572,0
ALC-0005026,WO-2025-000842,MAT-00506,1134,1134,0
ALC-0005027,WO-2025-000842,MAT-00711,2189,2189,0
ALC-0005028,WO-2025-000843,MAT-00115,121,121,0
ALC-0005029,WO-2025-000843,MAT-00973,233,233,0
ALC-0005030,WO-2025-000843,MAT-00744,115,115,0
ALC-0005031,WO-2025-000843,MAT-00411,175,175,0
ALC-0005032,WO-2025-000843,MAT-01051,207,207,0
ALC-0005033,WO-2025-000843,MAT-00426,94,94,0
ALC-0005034,WO-2025-000844,MAT-00707,2396,2396,0
ALC-0005035,WO-2025-000844,MAT-00628,2073,2073,0
ALC-0005036,WO-2025-000844,MAT-00016,511,511,0
ALC-0005037,WO-2025-000844,MAT-00833,1552,1552,0
ALC-0005038,WO-2025-000844,MAT-00908,1063,1063,0
ALC-0005039,WO-2025-000844,MAT-01060,1995,1995,0
ALC-0005040,WO-2025-000844,MAT-00862,1041,1041,0
ALC-0005041,WO-2025-000844,MAT-00093,1146,1146,0
ALC-0005042,WO-2025-000845,MAT-00889,1461,1461,0
ALC-0005043,WO-2025-000845,MAT-00639,888,888,0
ALC-0005044,WO-2025-000845,MAT-00597,1026,1026,0
ALC-0005045,WO-2025-000845,MAT-00089,1402,1402,0
ALC-0005046,WO-2025-000845,MAT-00401,1259,1259,0
ALC-0005047,WO-2025-000845,MAT-00553,1512,1512,0
ALC-0005048,WO-2025-000845,MAT-00521,635,635,0
ALC-0005049,WO-2025-000845,MAT-01033,2244,2244,0
ALC-0005050,WO-2025-000846,MAT-01018,2081,2081,0
ALC-0005051,WO-2025-000846,MAT-00920,4437,4437,0
ALC-0005052,WO-2025-000846,MAT-01175,4280,4280,0
ALC-0005053,WO-2025-000846,MAT-00208,3592,3592,0
ALC-0005054,WO-2025-000846,MAT-00833,2521,2521,0
ALC-0005055,WO-2025-000846,MAT-00255,2698,2698,0
ALC-0005056,WO-2025-000846,MAT-00454,4013,4013,0
ALC-0005057,WO-2025-000846,MAT-00273,2493,2493,0
ALC-0005058,WO-2025-000847,MAT-01046,51,51,0
ALC-0005059,WO-2025-000847,MAT-00701,139,139,0
ALC-0005060,WO-2025-000847,MAT-00640,218,218,0
ALC-0005061,WO-2025-000847,MAT-01088,117,117,0
ALC-0005062,WO-2025-000847,MAT-00286,116,116,0
ALC-0005063,WO-2025-000847,MAT-00898,184,184,0
ALC-0005064,WO-2025-000847,MAT-00026,217,217,0
ALC-0005065,WO-2025-000848,MAT-00907,988,988,0
ALC-0005066,WO-2025-000848,MAT-01023,682,682,0
ALC-0005067,WO-2025-000848,MAT-00538,1096,1096,0
ALC-0005068,WO-2025-000848,MAT-01080,985,985,0
ALC-0005069,WO-2025-000848,MAT-00453,628,628,0
ALC-0005070,WO-2025-000848,MAT-01073,837,837,0
ALC-0005071,WO-2025-000848,MAT-00947,424,424,0
ALC-0005072,WO-2025-000849,MAT-00252,1394,1394,0
ALC-0005073,WO-2025-000849,MAT-00699,2383,2383,0
ALC-0005074,WO-2025-000849,MAT-00589,1633,1633,0
ALC-0005075,WO-2025-000849,MAT-00177,667,667,0
ALC-0005076,WO-2025-000849,MAT-00263,649,649,0
ALC-0005077,WO-2025-000849,MAT-01109,667,667,0
ALC-0005078,WO-2025-000850,MAT-00069,622,622,0
ALC-0005079,WO-2025-000850,MAT-00483,956,956,0
ALC-0005080,WO-2025-000850,MAT-00667,302,302,0
ALC-0005081,WO-2025-000850,MAT-01045,624,624,0
ALC-0005082,WO-2025-000850,MAT-00260,1032,1032,0
ALC-0005083,WO-2025-000851,MAT-00380,125,125,0
ALC-0005084,WO-2025-000851,MAT-00688,187,187,0
ALC-0005085,WO-2025-000851,MAT-01074,142,142,0
ALC-0005086,WO-2025-000851,MAT-00497,120,120,0
ALC-0005087,WO-2025-000852,MAT-00474,231,231,0
ALC-0005088,WO-2025-000852,MAT-00326,227,227,0
ALC-0005089,WO-2025-000852,MAT-00449,51,51,0
ALC-0005090,WO-2025-000852,MAT-00915,105,105,0
ALC-0005091,WO-2025-000852,MAT-00016,174,174,0
ALC-0005092,WO-2025-000852,MAT-00109,174,174,0
ALC-0005093,WO-2025-000852,MAT-00754,158,158,0
ALC-0005094,WO-2025-000853,MAT-00915,249,249,0
ALC-0005095,WO-2025-000853,MAT-00486,172,172,0
ALC-0005096,WO-2025-000853,MAT-00648,209,209,0
ALC-0005097,WO-2025-000853,MAT-00771,118,118,0
ALC-0005098,WO-2025-000853,MAT-00330,162,162,0
ALC-0005099,WO-2025-000854,MAT-00885,384,384,0
ALC-0005100,WO-2025-000854,MAT-00522,551,551,0
ALC-0005101,WO-2025-000854,MAT-00265,420,420,0
ALC-0005102,WO-2025-000854,MAT-00490,503,503,0
ALC-0005103,WO-2025-000854,MAT-01089,892,892,0
ALC-0005104,WO-2025-000854,MAT-00745,777,777,0
ALC-0005105,WO-2025-000854,MAT-00597,1227,1227,0
ALC-0005106,WO-2025-000855,MAT-00665,850,850,0
ALC-0005107,WO-2025-000855,MAT-00331,660,660,0
ALC-0005108,WO-2025-000855,MAT-00048,1155,1155,0
ALC-0005109,WO-2025-000855,MAT-00817,1027,1027,0
ALC-0005110,WO-2025-000856,MAT-00515,927,927,0
ALC-0005111,WO-2025-000856,MAT-00807,1054,1054,0
ALC-0005112,WO-2025-000856,MAT-00312,1182,1182,0
ALC-0005113,WO-2025-000856,MAT-00555,725,725,0
ALC-0005114,WO-2025-000856,MAT-00146,936,936,0
ALC-0005115,WO-2025-000856,MAT-01085,476,476,0
ALC-0005116,WO-2025-000856,MAT-01130,947,947,0
ALC-0005117,WO-2025-000856,MAT-01176,343,343,0
ALC-0005118,WO-2025-000857,MAT-01190,3005,3005,0
ALC-0005119,WO-2025-000857,MAT-01007,1524,1524,0
ALC-0005120,WO-2025-000857,MAT-01018,2695,2695,0
ALC-0005121,WO-2025-000857,MAT-00511,4752,4752,0
ALC-0005122,WO-2025-000857,MAT-00181,3549,3549,0
ALC-0005123,WO-2025-000857,MAT-00426,4585,4585,0
ALC-0005124,WO-2025-000857,MAT-00298,3044,3044,0
ALC-0005125,WO-2025-000858,MAT-00075,1227,1227,0
ALC-0005126,WO-2025-000858,MAT-01155,375,375,0
ALC-0005127,WO-2025-000858,MAT-00463,1027,1027,0
ALC-0005128,WO-2025-000858,MAT-00851,1231,1231,0
ALC-0005129,WO-2025-000858,MAT-01070,993,993,0
ALC-0005130,WO-2025-000859,MAT-00756,217,217,0
ALC-0005131,WO-2025-000859,MAT-00464,208,208,0
ALC-0005132,WO-2025-000859,MAT-00444,138,138,0
ALC-0005133,WO-2025-000859,MAT-00180,231,231,0
ALC-0005134,WO-2025-000860,MAT-00421,198,198,0
ALC-0005135,WO-2025-000860,MAT-00918,425,425,0
ALC-0005136,WO-2025-000860,MAT-00342,491,491,0
ALC-0005137,WO-2025-000860,MAT-00540,136,136,0
ALC-0005138,WO-2025-000860,MAT-00983,431,431,0
ALC-0005139,WO-2025-000860,MAT-01187,135,135,0
ALC-0005140,WO-2025-000860,MAT-00786,483,483,0
ALC-0005141,WO-2025-000861,MAT-00301,1167,1167,0
ALC-0005142,WO-2025-000861,MAT-00469,1460,1460,0
ALC-0005143,WO-2025-000861,MAT-00481,570,570,0
ALC-0005144,WO-2025-000861,MAT-00688,1096,1096,0
ALC-0005145,WO-2025-000861,MAT-00637,1982,1982,0
ALC-0005146,WO-2025-000861,MAT-00752,1535,1535,0
ALC-0005147,WO-2025-000861,MAT-00541,1952,1952,0
ALC-0005148,WO-2025-000862,MAT-00664,169,169,0
ALC-0005149,WO-2025-000862,MAT-01061,177,177,0
ALC-0005150,WO-2025-000862,MAT-00632,159,159,0
ALC-0005151,WO-2025-000862,MAT-00542,375,375,0
ALC-0005152,WO-2025-000862,MAT-00572,240,240,0
ALC-0005153,WO-2025-000862,MAT-00388,262,262,0
ALC-0005154,WO-2025-000863,MAT-00178,1960,1960,0
ALC-0005155,WO-2025-000863,MAT-00588,1423,1423,0
ALC-0005156,WO-2025-000863,MAT-00815,1195,1195,0
ALC-0005157,WO-2025-000863,MAT-00218,1113,1113,0
ALC-0005158,WO-2025-000863,MAT-00625,1568,1568,0
ALC-0005159,WO-2025-000863,MAT-00742,2361,2361,0
ALC-0005160,WO-2025-000863,MAT-00083,2099,2099,0
ALC-0005161,WO-2025-000864,MAT-00209,149,149,0
ALC-0005162,WO-2025-000864,MAT-00948,180,180,0
ALC-0005163,WO-2025-000864,MAT-00637,155,155,0
ALC-0005164,WO-2025-000864,MAT-00943,191,191,0
ALC-0005165,WO-2025-000865,MAT-00796,4216,4216,0
ALC-0005166,WO-2025-000865,MAT-00120,1689,1689,0
ALC-0005167,WO-2025-000865,MAT-00299,3787,3787,0
ALC-0005168,WO-2025-000865,MAT-00484,3008,3008,0
ALC-0005169,WO-2025-000865,MAT-00576,2792,2792,0
ALC-0005170,WO-2025-000865,MAT-00621,2742,2742,0
ALC-0005171,WO-2025-000865,MAT-00727,2727,2727,0
ALC-0005172,WO-2025-000866,MAT-01097,4223,4223,0
ALC-0005173,WO-2025-000866,MAT-00361,2003,2003,0
ALC-0005174,WO-2025-000866,MAT-01002,2702,2702,0
ALC-0005175,WO-2025-000866,MAT-00349,3738,3738,0
ALC-0005176,WO-2025-000866,MAT-00626,3612,3612,0
ALC-0005177,WO-2025-000867,MAT-01094,4692,4692,0
ALC-0005178,WO-2025-000867,MAT-00259,2283,2283,0
ALC-0005179,WO-2025-000867,MAT-00399,1273,1273,0
ALC-0005180,WO-2025-000867,MAT-00471,1665,1665,0
ALC-0005181,WO-2025-000867,MAT-00245,4242,4242,0
ALC-0005182,WO-2025-000867,MAT-00090,3153,3153,0
ALC-0005183,WO-2025-000867,MAT-00551,4463,4463,0
ALC-0005184,WO-2025-000867,MAT-00546,1089,1089,0
ALC-0005185,WO-2025-000868,MAT-00326,1705,1705,0
ALC-0005186,WO-2025-000868,MAT-01088,4781,4781,0
ALC-0005187,WO-2025-000868,MAT-00410,1144,1144,0
ALC-0005188,WO-2025-000868,MAT-00238,2659,2659,0
ALC-0005189,WO-2025-000868,MAT-00209,2458,2458,0
ALC-0005190,WO-2025-000869,MAT-00948,790,790,0
ALC-0005191,WO-2025-000869,MAT-00414,534,534,0
ALC-0005192,WO-2025-000869,MAT-00589,1353,1353,0
ALC-0005193,WO-2025-000869,MAT-00404,2352,2352,0
ALC-0005194,WO-2025-000869,MAT-00228,849,849,0
ALC-0005195,WO-2025-000869,MAT-00285,1517,1517,0
ALC-0005196,WO-2025-000870,MAT-00040,191,191,0
ALC-0005197,WO-2025-000870,MAT-00109,64,64,0
ALC-0005198,WO-2025-000870,MAT-00181,154,154,0
ALC-0005199,WO-2025-000870,MAT-01189,126,126,0
ALC-0005200,WO-2025-000870,MAT-00034,148,148,0
ALC-0005201,WO-2025-000870,MAT-00364,80,80,0
ALC-0005202,WO-2025-000870,MAT-00469,190,190,0
ALC-0005203,WO-2025-000871,MAT-00219,1634,1634,0
ALC-0005204,WO-2025-000871,MAT-00674,2830,2830,0
ALC-0005205,WO-2025-000871,MAT-00916,1318,1318,0
ALC-0005206,WO-2025-000871,MAT-01044,3199,3199,0
ALC-0005207,WO-2025-000871,MAT-01170,3066,3066,0
ALC-0005208,WO-2025-000871,MAT-00226,1306,1306,0
ALC-0005209,WO-2025-000871,MAT-00156,2725,2725,0
ALC-0005210,WO-2025-000871,MAT-01047,2206,2206,0
ALC-0005211,WO-2025-000872,MAT-00820,2072,2072,0
ALC-0005212,WO-2025-000872,MAT-00762,521,521,0
ALC-0005213,WO-2025-000872,MAT-00644,1253,1253,0
ALC-0005214,WO-2025-000872,MAT-01058,1992,1992,0
ALC-0005215,WO-2025-000872,MAT-00006,1125,1125,0
ALC-0005216,WO-2025-000872,MAT-01059,1238,1238,0
ALC-0005217,WO-2025-000872,MAT-00610,1885,1885,0
ALC-0005218,WO-2025-000873,MAT-00566,1115,1115,0
ALC-0005219,WO-2025-000873,MAT-00103,1240,1240,0
ALC-0005220,WO-2025-000873,MAT-00275,739,739,0
ALC-0005221,WO-2025-000873,MAT-00315,1101,1101,0
ALC-0005222,WO-2025-000873,MAT-00790,960,960,0
ALC-0005223,WO-2025-000873,MAT-00028,1227,1227,0
ALC-0005224,WO-2025-000874,MAT-01087,892,892,0
ALC-0005225,WO-2025-000874,MAT-00813,1407,1407,0
ALC-0005226,WO-2025-000874,MAT-00253,1639,1639,0
ALC-0005227,WO-2025-000874,MAT-00654,2094,2094,0
ALC-0005228,WO-2025-000874,MAT-00168,2422,2422,0
ALC-0005229,WO-2025-000874,MAT-01157,535,535,0
ALC-0005230,WO-2025-000874,MAT-00417,1843,1843,0
ALC-0005231,WO-2025-000875,MAT-00033,606,606,0
ALC-0005232,WO-2025-000875,MAT-00235,279,279,0
ALC-0005233,WO-2025-000875,MAT-00351,580,580,0
ALC-0005234,WO-2025-000875,MAT-00116,733,733,0
ALC-0005235,WO-2025-000875,MAT-00559,898,898,0
ALC-0005236,WO-2025-000875,MAT-00183,723,723,0
ALC-0005237,WO-2025-000876,MAT-00769,4695,4695,0
ALC-0005238,WO-2025-000876,MAT-00209,3305,3305,0
ALC-0005239,WO-2025-000876,MAT-01090,3635,3635,0
ALC-0005240,WO-2025-000876,MAT-00210,2386,2386,0
ALC-0005241,WO-2025-000876,MAT-01051,4342,4342,0
ALC-0005242,WO-2025-000877,MAT-00033,1658,1658,0
ALC-0005243,WO-2025-000877,MAT-00293,1537,1537,0
ALC-0005244,WO-2025-000877,MAT-00376,2294,2294,0
ALC-0005245,WO-2025-000877,MAT-00481,1787,1787,0
ALC-0005246,WO-2025-000877,MAT-00800,1843,1843,0
ALC-0005247,WO-2025-000877,MAT-01023,2141,2141,0
ALC-0005248,WO-2025-000878,MAT-00579,2378,2378,0
ALC-0005249,WO-2025-000878,MAT-01099,972,972,0
ALC-0005250,WO-2025-000878,MAT-00596,1492,1492,0
ALC-0005251,WO-2025-000878,MAT-00710,1410,1410,0
ALC-0005252,WO-2025-000879,MAT-00774,946,946,0
ALC-0005253,WO-2025-000879,MAT-00406,289,289,0
ALC-0005254,WO-2025-000879,MAT-00001,594,594,0
ALC-0005255,WO-2025-000879,MAT-00957,755,755,0
ALC-0005256,WO-2025-000879,MAT-00809,251,251,0
ALC-0005257,WO-2025-000879,MAT-00748,331,331,0
ALC-0005258,WO-2025-000879,MAT-00635,888,888,0
ALC-0005259,WO-2025-000879,MAT-00797,291,291,0
ALC-0005260,WO-2025-000880,MAT-00697,249,249,0
ALC-0005261,WO-2025-000880,MAT-00522,118,118,0
ALC-0005262,WO-2025-000880,MAT-00744,99,99,0
ALC-0005263,WO-2025-000880,MAT-00482,60,60,0
ALC-0005264,WO-2025-000880,MAT-00437,91,91,0
ALC-0005265,WO-2025-000880,MAT-00480,130,130,0
ALC-0005266,WO-2025-000880,MAT-00355,217,217,0
ALC-0005267,WO-2025-000880,MAT-00829,146,146,0
ALC-0005268,WO-2025-000881,MAT-00639,62,62,0
ALC-0005269,WO-2025-000881,MAT-00262,183,183,0
ALC-0005270,WO-2025-000881,MAT-00465,77,77,0
ALC-0005271,WO-2025-000881,MAT-01130,115,115,0
ALC-0005272,WO-2025-000882,MAT-00089,686,686,0
ALC-0005273,WO-2025-000882,MAT-00351,471,471,0
ALC-0005274,WO-2025-000882,MAT-00558,341,341,0
ALC-0005275,WO-2025-000882,MAT-01051,620,620,0
ALC-0005276,WO-2025-000882,MAT-00988,1245,1245,0
ALC-0005277,WO-2025-000882,MAT-00905,420,420,0
ALC-0005278,WO-2025-000883,MAT-00612,2877,2877,0
ALC-0005279,WO-2025-000883,MAT-00875,4806,4806,0
ALC-0005280,WO-2025-000883,MAT-00139,4145,4145,0
ALC-0005281,WO-2025-000883,MAT-00317,1199,1199,0
ALC-0005282,WO-2025-000883,MAT-00815,2445,2445,0
ALC-0005283,WO-2025-000883,MAT-00419,3699,3699,0
ALC-0005284,WO-2025-000884,MAT-01190,480,480,0
ALC-0005285,WO-2025-000884,MAT-00559,489,489,0
ALC-0005286,WO-2025-000884,MAT-00195,447,447,0
ALC-0005287,WO-2025-000884,MAT-00183,276,276,0
ALC-0005288,WO-2025-000885,MAT-00864,247,247,0
ALC-0005289,WO-2025-000885,MAT-00162,212,212,0
ALC-0005290,WO-2025-000885,MAT-00244,167,167,0
ALC-0005291,WO-2025-000885,MAT-00032,166,166,0
ALC-0005292,WO-2025-000885,MAT-00374,201,201,0
ALC-0005293,WO-2025-000885,MAT-01120,212,212,0
ALC-0005294,WO-2025-000885,MAT-00921,200,200,0
ALC-0005295,WO-2025-000886,MAT-01031,2753,2753,0
ALC-0005296,WO-2025-000886,MAT-00182,1913,1913,0
ALC-0005297,WO-2025-000886,MAT-00092,1573,1573,0
ALC-0005298,WO-2025-000886,MAT-00982,1620,1620,0
ALC-0005299,WO-2025-000886,MAT-00012,1041,1041,0
ALC-0005300,WO-2025-000886,MAT-00813,1737,1737,0
ALC-0005301,WO-2025-000887,MAT-00799,3281,3281,0
ALC-0005302,WO-2025-000887,MAT-00490,1090,1090,0
ALC-0005303,WO-2025-000887,MAT-00105,4135,4135,0
ALC-0005304,WO-2025-000887,MAT-00449,1157,1157,0
ALC-0005305,WO-2025-000887,MAT-00572,4661,4661,0
ALC-0005306,WO-2025-000887,MAT-00268,4475,4475,0
ALC-0005307,WO-2025-000887,MAT-00989,4309,4309,0
ALC-0005308,WO-2025-000887,MAT-00333,1497,1497,0
ALC-0005309,WO-2025-000888,MAT-01042,2728,2728,0
ALC-0005310,WO-2025-000888,MAT-00773,2050,2050,0
ALC-0005311,WO-2025-000888,MAT-00736,4242,4242,0
ALC-0005312,WO-2025-000888,MAT-00527,1043,1043,0
ALC-0005313,WO-2025-000889,MAT-01120,452,452,0
ALC-0005314,WO-2025-000889,MAT-01002,156,156,0
ALC-0005315,WO-2025-000889,MAT-01114,289,289,0
ALC-0005316,WO-2025-000889,MAT-00798,469,469,0
ALC-0005317,WO-2025-000890,MAT-00816,1497,1497,0
ALC-0005318,WO-2025-000890,MAT-00535,1020,1020,0
ALC-0005319,WO-2025-000890,MAT-01182,2414,2414,0
ALC-0005320,WO-2025-000890,MAT-00452,987,987,0
ALC-0005321,WO-2025-000890,MAT-01093,819,819,0
ALC-0005322,WO-2025-000890,MAT-00328,2464,2464,0
ALC-0005323,WO-2025-000891,MAT-00695,981,981,0
ALC-0005324,WO-2025-000891,MAT-00863,1233,1233,0
ALC-0005325,WO-2025-000891,MAT-01055,908,908,0
ALC-0005326,WO-2025-000891,MAT-00328,739,739,0
ALC-0005327,WO-2025-000891,MAT-00201,694,694,0
ALC-0005328,WO-2025-000891,MAT-00429,709,709,0
ALC-0005329,WO-2025-000891,MAT-00039,807,807,0
ALC-0005330,WO-2025-000892,MAT-01174,133,133,0
ALC-0005331,WO-2025-000892,MAT-00153,58,58,0
ALC-0005332,WO-2025-000892,MAT-00525,86,86,0
ALC-0005333,WO-2025-000892,MAT-00768,65,65,0
ALC-0005334,WO-2025-000892,MAT-00606,107,107,0
ALC-0005335,WO-2025-000892,MAT-00678,65,65,0
ALC-0005336,WO-2025-000892,MAT-00060,85,85,0
ALC-0005337,WO-2025-000892,MAT-00115,223,223,0
ALC-0005338,WO-2025-000893,MAT-00055,160,160,0
ALC-0005339,WO-2025-000893,MAT-00802,463,463,0
ALC-0005340,WO-2025-000893,MAT-01115,144,144,0
ALC-0005341,WO-2025-000893,MAT-00268,272,272,0
ALC-0005342,WO-2025-000893,MAT-00393,173,173,0
ALC-0005343,WO-2025-000893,MAT-00529,383,383,0
ALC-0005344,WO-2025-000893,MAT-00695,279,279,0
ALC-0005345,WO-2025-000894,MAT-00727,681,681,0
ALC-0005346,WO-2025-000894,MAT-00642,1912,1912,0
ALC-0005347,WO-2025-000894,MAT-00854,2156,2156,0
ALC-0005348,WO-2025-000894,MAT-01174,1495,1495,0
ALC-0005349,WO-2025-000894,MAT-00605,1903,1903,0
ALC-0005350,WO-2025-000894,MAT-01150,1436,1436,0
ALC-0005351,WO-2025-000894,MAT-00715,1947,1947,0
ALC-0005352,WO-2025-000895,MAT-01163,821,821,0
ALC-0005353,WO-2025-000895,MAT-01007,321,321,0
ALC-0005354,WO-2025-000895,MAT-01164,940,940,0
ALC-0005355,WO-2025-000895,MAT-00044,523,523,0
ALC-0005356,WO-2025-000895,MAT-00233,1236,1236,0
ALC-0005357,WO-2025-000895,MAT-00975,1246,1246,0
ALC-0005358,WO-2025-000895,MAT-00190,1140,1140,0
ALC-0005359,WO-2025-000896,MAT-00694,245,245,0
ALC-0005360,WO-2025-000896,MAT-00877,171,171,0
ALC-0005361,WO-2025-000896,MAT-00320,186,186,0
ALC-0005362,WO-2025-000896,MAT-01023,203,203,0
ALC-0005363,WO-2025-000896,MAT-00115,65,65,0
ALC-0005364,WO-2025-000896,MAT-00474,182,182,0
ALC-0005365,WO-2025-000896,MAT-00991,74,74,0
ALC-0005366,WO-2025-000897,MAT-00520,123,123,0
ALC-0005367,WO-2025-000897,MAT-00739,283,283,0
ALC-0005368,WO-2025-000897,MAT-00613,141,141,0
ALC-0005369,WO-2025-000897,MAT-01056,159,159,0
ALC-0005370,WO-2025-000897,MAT-00716,154,154,0
ALC-0005371,WO-2025-000897,MAT-00759,140,140,0
ALC-0005372,WO-2025-000897,MAT-00104,473,473,0
ALC-0005373,WO-2025-000898,MAT-01119,790,790,0
ALC-0005374,WO-2025-000898,MAT-00858,703,703,0
ALC-0005375,WO-2025-000898,MAT-00499,924,924,0
ALC-0005376,WO-2025-000898,MAT-00116,520,520,0
ALC-0005377,WO-2025-000898,MAT-01091,546,546,0
ALC-0005378,WO-2025-000898,MAT-01150,885,885,0
ALC-0005379,WO-2025-000899,MAT-01097,3124,3124,0
ALC-0005380,WO-2025-000899,MAT-00756,3230,3230,0
ALC-0005381,WO-2025-000899,MAT-00102,2316,2316,0
ALC-0005382,WO-2025-000899,MAT-01136,4272,4272,0
ALC-0005383,WO-2025-000899,MAT-00352,1450,1450,0
ALC-0005384,WO-2025-000899,MAT-00387,3566,3566,0
ALC-0005385,WO-2025-000899,MAT-00606,2984,2984,0
ALC-0005386,WO-2025-000900,MAT-00839,460,460,0
ALC-0005387,WO-2025-000900,MAT-00289,281,281,0
ALC-0005388,WO-2025-000900,MAT-00637,384,384,0
ALC-0005389,WO-2025-000900,MAT-00958,179,179,0
ALC-0005390,WO-2025-000900,MAT-00887,485,485,0
ALC-0005391,WO-2025-000900,MAT-00802,274,274,0
ALC-0005392,WO-2025-000900,MAT-00857,331,331,0
ALC-0005393,WO-2025-000901,MAT-01163,1235,1235,0
ALC-0005394,WO-2025-000901,MAT-00930,848,848,0
ALC-0005395,WO-2025-000901,MAT-00519,611,611,0
ALC-0005396,WO-2025-000901,MAT-01195,368,368,0
ALC-0005397,WO-2025-000901,MAT-01125,1153,1153,0
ALC-0005398,WO-2025-000901,MAT-00223,871,871,0
ALC-0005399,WO-2025-000901,MAT-00469,415,415,0
ALC-0005400,WO-2025-000901,MAT-01119,897,897,0
ALC-0005401,WO-2025-000902,MAT-00675,146,146,0
ALC-0005402,WO-2025-000902,MAT-00610,65,65,0
ALC-0005403,WO-2025-000902,MAT-00181,106,106,0
ALC-0005404,WO-2025-000902,MAT-00302,240,240,0
ALC-0005405,WO-2025-000902,MAT-00597,178,178,0
ALC-0005406,WO-2025-000902,MAT-00602,180,180,0
ALC-0005407,WO-2025-000902,MAT-00730,143,143,0
ALC-0005408,WO-2025-000903,MAT-00519,1188,1188,0
ALC-0005409,WO-2025-000903,MAT-00939,1893,1893,0
ALC-0005410,WO-2025-000903,MAT-01130,1699,1699,0
ALC-0005411,WO-2025-000903,MAT-00540,2169,2169,0
ALC-0005412,WO-2025-000904,MAT-00475,170,170,0
ALC-0005413,WO-2025-000904,MAT-00672,117,117,0
ALC-0005414,WO-2025-000904,MAT-00617,149,149,0
ALC-0005415,WO-2025-000904,MAT-00993,110,110,0
ALC-0005416,WO-2025-000905,MAT-00680,529,529,0
ALC-0005417,WO-2025-000905,MAT-00307,2468,2468,0
ALC-0005418,WO-2025-000905,MAT-00322,1615,1615,0
ALC-0005419,WO-2025-000905,MAT-00572,1134,1134,0
ALC-0005420,WO-2025-000905,MAT-00155,2457,2457,0
ALC-0005421,WO-2025-000905,MAT-00188,1157,1157,0
ALC-0005422,WO-2025-000905,MAT-00035,950,950,0
ALC-0005423,WO-2025-000906,MAT-00454,171,171,0
ALC-0005424,WO-2025-000906,MAT-00730,225,225,0
ALC-0005425,WO-2025-000906,MAT-00913,79,79,0
ALC-0005426,WO-2025-000906,MAT-00386,113,113,0
ALC-0005427,WO-2025-000907,MAT-00548,2632,2632,0
ALC-0005428,WO-2025-000907,MAT-00626,1938,1938,0
ALC-0005429,WO-2025-000907,MAT-00953,3989,3989,0
ALC-0005430,WO-2025-000907,MAT-00086,2069,2069,0
ALC-0005431,WO-2025-000907,MAT-00829,3021,3021,0
ALC-0005432,WO-2025-000908,MAT-00420,228,228,0
ALC-0005433,WO-2025-000908,MAT-00488,146,146,0
ALC-0005434,WO-2025-000908,MAT-00054,219,219,0
ALC-0005435,WO-2025-000908,MAT-00114,228,228,0
ALC-0005436,WO-2025-000908,MAT-00496,213,213,0
ALC-0005437,WO-2025-000908,MAT-00799,53,53,0
ALC-0005438,WO-2025-000908,MAT-00987,163,163,0
ALC-0005439,WO-2025-000908,MAT-00931,204,204,0
ALC-0005440,WO-2025-000909,MAT-01050,1616,1616,0
ALC-0005441,WO-2025-000909,MAT-00959,4421,4421,0
ALC-0005442,WO-2025-000909,MAT-00337,1809,1809,0
ALC-0005443,WO-2025-000909,MAT-00048,4319,4319,0
ALC-0005444,WO-2025-000909,MAT-01189,1612,1612,0
ALC-0005445,WO-2025-000909,MAT-00583,1351,1351,0
ALC-0005446,WO-2025-000910,MAT-01158,2824,2824,0
ALC-0005447,WO-2025-000910,MAT-00243,4984,4984,0
ALC-0005448,WO-2025-000910,MAT-00675,3355,3355,0
ALC-0005449,WO-2025-000910,MAT-00800,2834,2834,0
ALC-0005450,WO-2025-000910,MAT-00416,2559,2559,0
ALC-0005451,WO-2025-000910,MAT-00289,2675,2675,0
ALC-0005452,WO-2025-000910,MAT-01133,3480,3480,0
ALC-0005453,WO-2025-000911,MAT-00310,416,416,0
ALC-0005454,WO-2025-000911,MAT-00319,240,240,0
ALC-0005455,WO-2025-000911,MAT-00710,345,345,0
ALC-0005456,WO-2025-000911,MAT-00127,469,469,0
ALC-0005457,WO-2025-000911,MAT-00368,189,189,0
ALC-0005458,WO-2025-000911,MAT-00106,442,442,0
ALC-0005459,WO-2025-000912,MAT-00566,1519,1519,0
ALC-0005460,WO-2025-000912,MAT-01019,2026,2026,0
ALC-0005461,WO-2025-000912,MAT-00168,1325,1325,0
ALC-0005462,WO-2025-000912,MAT-00930,1814,1814,0
ALC-0005463,WO-2025-000913,MAT-00246,196,196,0
ALC-0005464,WO-2025-000913,MAT-00328,183,183,0
ALC-0005465,WO-2025-000913,MAT-00519,446,446,0
ALC-0005466,WO-2025-000913,MAT-00167,111,111,0
ALC-0005467,WO-2025-000913,MAT-00473,463,463,0
ALC-0005468,WO-2025-000913,MAT-00219,164,164,0
ALC-0005469,WO-2025-000913,MAT-00128,285,285,0
ALC-0005470,WO-2025-000913,MAT-00486,185,185,0
ALC-0005471,WO-2025-000914,MAT-00567,178,178,0
ALC-0005472,WO-2025-000914,MAT-00751,55,55,0
ALC-0005473,WO-2025-000914,MAT-00526,125,125,0
ALC-0005474,WO-2025-000914,MAT-00639,72,72,0
ALC-0005475,WO-2025-000914,MAT-00080,239,239,0
ALC-0005476,WO-2025-000915,MAT-00501,87,87,0
ALC-0005477,WO-2025-000915,MAT-00038,210,210,0
ALC-0005478,WO-2025-000915,MAT-00470,143,143,0
ALC-0005479,WO-2025-000915,MAT-00438,147,147,0
ALC-0005480,WO-2025-000915,MAT-00111,99,99,0
ALC-0005481,WO-2025-000915,MAT-01181,140,140,0
ALC-0005482,WO-2025-000915,MAT-00785,227,227,0
ALC-0005483,WO-2025-000915,MAT-00774,203,203,0
ALC-0005484,WO-2025-000916,MAT-00184,285,285,0
ALC-0005485,WO-2025-000916,MAT-00224,196,196,0
ALC-0005486,WO-2025-000916,MAT-00602,435,435,0
ALC-0005487,WO-2025-000916,MAT-00134,315,315,0
ALC-0005488,WO-2025-000916,MAT-00226,234,234,0
ALC-0005489,WO-2025-000916,MAT-01042,368,368,0
ALC-0005490,WO-2025-000916,MAT-00553,365,365,0
ALC-0005491,WO-2025-000916,MAT-00288,179,179,0
ALC-0005492,WO-2025-000917,MAT-00162,144,144,0
ALC-0005493,WO-2025-000917,MAT-00642,242,242,0
ALC-0005494,WO-2025-000917,MAT-00867,157,157,0
ALC-0005495,WO-2025-000917,MAT-00195,238,238,0
ALC-0005496,WO-2025-000917,MAT-00233,119,119,0
ALC-0005497,WO-2025-000917,MAT-00245,50,50,0
ALC-0005498,WO-2025-000917,MAT-00328,74,74,0
ALC-0005499,WO-2025-000918,MAT-00034,1038,1038,0
ALC-0005500,WO-2025-000918,MAT-00686,555,555,0
ALC-0005501,WO-2025-000918,MAT-00867,2457,2457,0
ALC-0005502,WO-2025-000918,MAT-01141,1066,1066,0
ALC-0005503,WO-2025-000918,MAT-00575,2165,2165,0
ALC-0005504,WO-2025-000918,MAT-00685,1831,1831,0
ALC-0005505,WO-2025-000918,MAT-00506,1828,1828,0
ALC-0005506,WO-2025-000919,MAT-00420,1362,1362,0
ALC-0005507,WO-2025-000919,MAT-00462,1622,1622,0
ALC-0005508,WO-2025-000919,MAT-00703,1844,1844,0
ALC-0005509,WO-2025-000919,MAT-00300,1359,1359,0
ALC-0005510,WO-2025-000920,MAT-00051,4553,4553,0
ALC-0005511,WO-2025-000920,MAT-00120,4957,4957,0
ALC-0005512,WO-2025-000920,MAT-00184,4058,4058,0
ALC-0005513,WO-2025-000920,MAT-00405,4121,4121,0
ALC-0005514,WO-2025-000920,MAT-00231,3080,3080,0
ALC-0005515,WO-2025-000920,MAT-00723,4134,4134,0
ALC-0005516,WO-2025-000920,MAT-00518,4581,4581,0
ALC-0005517,WO-2025-000921,MAT-00791,338,338,0
ALC-0005518,WO-2025-000921,MAT-00890,153,153,0
ALC-0005519,WO-2025-000921,MAT-01194,435,435,0
ALC-0005520,WO-2025-000921,MAT-00789,423,423,0
ALC-0005521,WO-2025-000921,MAT-00311,374,374,0
ALC-0005522,WO-2025-000921,MAT-01127,419,419,0
ALC-0005523,WO-2025-000921,MAT-01066,490,490,0
ALC-0005524,WO-2025-000921,MAT-00012,325,325,0
ALC-0005525,WO-2025-000922,MAT-00515,129,129,0
ALC-0005526,WO-2025-000922,MAT-00782,231,231,0
ALC-0005527,WO-2025-000922,MAT-01039,132,132,0
ALC-0005528,WO-2025-000922,MAT-00861,151,151,0
ALC-0005529,WO-2025-000922,MAT-01117,150,150,0
ALC-0005530,WO-2025-000922,MAT-00040,96,96,0
ALC-0005531,WO-2025-000923,MAT-00170,117,117,0
ALC-0005532,WO-2025-000923,MAT-00453,285,285,0
ALC-0005533,WO-2025-000923,MAT-01088,155,155,0
ALC-0005534,WO-2025-000923,MAT-00534,376,376,0
ALC-0005535,WO-2025-000923,MAT-00129,224,224,0
ALC-0005536,WO-2025-000923,MAT-00813,142,142,0
ALC-0005537,WO-2025-000924,MAT-01087,657,657,0
ALC-0005538,WO-2025-000924,MAT-00702,1115,1115,0
ALC-0005539,WO-2025-000924,MAT-00323,767,767,0
ALC-0005540,WO-2025-000924,MAT-00744,1208,1208,0
ALC-0005541,WO-2025-000925,MAT-01189,316,316,0
ALC-0005542,WO-2025-000925,MAT-00262,241,241,0
ALC-0005543,WO-2025-000925,MAT-00515,285,285,0
ALC-0005544,WO-2025-000925,MAT-01085,346,346,0
ALC-0005545,WO-2025-000926,MAT-00759,1233,1233,0
ALC-0005546,WO-2025-000926,MAT-00905,687,687,0
ALC-0005547,WO-2025-000926,MAT-00369,374,374,0
ALC-0005548,WO-2025-000926,MAT-00924,568,568,0
ALC-0005549,WO-2025-000927,MAT-00579,4627,4627,0
ALC-0005550,WO-2025-000927,MAT-00898,4008,4008,0
ALC-0005551,WO-2025-000927,MAT-00825,1144,1144,0
ALC-0005552,WO-2025-000927,MAT-00523,1681,1681,0
ALC-0005553,WO-2025-000927,MAT-00269,3713,3713,0
ALC-0005554,WO-2025-000927,MAT-00662,2868,2868,0
ALC-0005555,WO-2025-000928,MAT-00969,327,327,0
ALC-0005556,WO-2025-000928,MAT-00153,158,158,0
ALC-0005557,WO-2025-000928,MAT-00570,478,478,0
ALC-0005558,WO-2025-000928,MAT-00540,258,258,0
ALC-0005559,WO-2025-000928,MAT-00950,388,388,0
ALC-0005560,WO-2025-000929,MAT-01094,366,366,0
ALC-0005561,WO-2025-000929,MAT-01135,223,223,0
ALC-0005562,WO-2025-000929,MAT-00838,292,292,0
ALC-0005563,WO-2025-000929,MAT-00929,348,348,0
ALC-0005564,WO-2025-000929,MAT-00928,144,144,0
ALC-0005565,WO-2025-000930,MAT-00035,547,547,0
ALC-0005566,WO-2025-000930,MAT-00181,2205,2205,0
ALC-0005567,WO-2025-000930,MAT-00288,1594,1594,0
ALC-0005568,WO-2025-000930,MAT-00880,2065,2065,0
ALC-0005569,WO-2025-000930,MAT-00630,2374,2374,0
ALC-0005570,WO-2025-000930,MAT-00607,1162,1162,0
ALC-0005571,WO-2025-000930,MAT-00391,990,990,0
ALC-0005572,WO-2025-000930,MAT-00550,1580,1580,0
ALC-0005573,WO-2025-000931,MAT-00665,4809,4809,0
ALC-0005574,WO-2025-000931,MAT-01079,2206,2206,0
ALC-0005575,WO-2025-000931,MAT-00013,3997,3997,0
ALC-0005576,WO-2025-000931,MAT-00960,3870,3870,0
ALC-0005577,WO-2025-000931,MAT-00255,4701,4701,0
ALC-0005578,WO-2025-000931,MAT-00403,3898,3898,0
ALC-0005579,WO-2025-000932,MAT-00837,822,822,0
ALC-0005580,WO-2025-000932,MAT-00404,529,529,0
ALC-0005581,WO-2025-000932,MAT-00342,500,500,0
ALC-0005582,WO-2025-000932,MAT-00098,822,822,0
ALC-0005583,WO-2025-000932,MAT-00467,883,883,0
ALC-0005584,WO-2025-000932,MAT-00179,465,465,0
ALC-0005585,WO-2025-000932,MAT-00571,644,644,0
ALC-0005586,WO-2025-000932,MAT-00736,383,383,0
ALC-0005587,WO-2025-000933,MAT-01017,338,338,0
ALC-0005588,WO-2025-000933,MAT-00926,711,711,0
ALC-0005589,WO-2025-000933,MAT-01117,729,729,0
ALC-0005590,WO-2025-000933,MAT-01000,774,774,0
ALC-0005591,WO-2025-000933,MAT-00370,460,460,0
ALC-0005592,WO-2025-000933,MAT-00853,964,964,0
ALC-0005593,WO-2025-000933,MAT-00578,356,356,0
ALC-0005594,WO-2025-000933,MAT-00813,1237,1237,0
ALC-0005595,WO-2025-000934,MAT-00152,366,366,0
ALC-0005596,WO-2025-000934,MAT-00277,267,267,0
ALC-0005597,WO-2025-000934,MAT-00259,330,330,0
ALC-0005598,WO-2025-000934,MAT-00413,375,375,0
ALC-0005599,WO-2025-000934,MAT-00598,212,212,0
ALC-0005600,WO-2025-000935,MAT-01082,1058,1058,0
ALC-0005601,WO-2025-000935,MAT-00554,2739,2739,0
ALC-0005602,WO-2025-000935,MAT-00589,1826,1826,0
ALC-0005603,WO-2025-000935,MAT-01166,2789,2789,0
ALC-0005604,WO-2025-000935,MAT-00894,1015,1015,0
ALC-0005605,WO-2025-000935,MAT-01037,2889,2889,0
ALC-0005606,WO-2025-000935,MAT-00719,4291,4291,0
ALC-0005607,WO-2025-000935,MAT-00205,1030,1030,0
ALC-0005608,WO-2025-000936,MAT-00310,74,74,0
ALC-0005609,WO-2025-000936,MAT-00526,135,135,0
ALC-0005610,WO-2025-000936,MAT-00243,51,51,0
ALC-0005611,WO-2025-000936,MAT-01152,218,218,0
ALC-0005612,WO-2025-000936,MAT-00197,90,90,0
ALC-0005613,WO-2025-000937,MAT-00437,3856,3856,0
ALC-0005614,WO-2025-000937,MAT-01004,1018,1018,0
ALC-0005615,WO-2025-000937,MAT-00356,4120,4120,0
ALC-0005616,WO-2025-000937,MAT-00920,2799,2799,0
ALC-0005617,WO-2025-000937,MAT-00807,3037,3037,0
ALC-0005618,WO-2025-000937,MAT-00217,1377,1377,0
ALC-0005619,WO-2025-000937,MAT-00645,2885,2885,0
ALC-0005620,WO-2025-000938,MAT-01109,239,239,0
ALC-0005621,WO-2025-000938,MAT-00874,331,331,0
ALC-0005622,WO-2025-000938,MAT-00806,142,142,0
ALC-0005623,WO-2025-000938,MAT-00967,478,478,0
ALC-0005624,WO-2025-000938,MAT-00977,375,375,0
ALC-0005625,WO-2025-000938,MAT-00261,295,295,0
ALC-0005626,WO-2025-000939,MAT-00725,1685,1685,0
ALC-0005627,WO-2025-000939,MAT-00207,1686,1686,0
ALC-0005628,WO-2025-000939,MAT-00236,902,902,0
ALC-0005629,WO-2025-000939,MAT-00966,945,945,0
ALC-0005630,WO-2025-000939,MAT-00620,1291,1291,0
ALC-0005631,WO-2025-000939,MAT-01094,634,634,0
ALC-0005632,WO-2025-000940,MAT-00219,550,550,0
ALC-0005633,WO-2025-000940,MAT-00919,695,695,0
ALC-0005634,WO-2025-000940,MAT-00726,2489,2489,0
ALC-0005635,WO-2025-000940,MAT-00582,2446,2446,0
ALC-0005636,WO-2025-000940,MAT-00636,1143,1143,0
ALC-0005637,WO-2025-000940,MAT-00612,700,700,0
ALC-0005638,WO-2025-000941,MAT-00385,1131,1131,0
ALC-0005639,WO-2025-000941,MAT-00556,786,786,0
ALC-0005640,WO-2025-000941,MAT-01123,1029,1029,0
ALC-0005641,WO-2025-000941,MAT-00458,1035,1035,0
ALC-0005642,WO-2025-000941,MAT-00357,1173,1173,0
ALC-0005643,WO-2025-000941,MAT-00546,750,750,0
ALC-0005644,WO-2025-000941,MAT-00086,379,379,0
ALC-0005645,WO-2025-000942,MAT-01158,124,124,0
ALC-0005646,WO-2025-000942,MAT-01164,149,149,0
ALC-0005647,WO-2025-000942,MAT-00922,54,54,0
ALC-0005648,WO-2025-000942,MAT-01157,94,94,0
ALC-0005649,WO-2025-000942,MAT-01047,81,81,0
ALC-0005650,WO-2025-000942,MAT-00321,79,79,0
ALC-0005651,WO-2025-000943,MAT-00953,64,64,0
ALC-0005652,WO-2025-000943,MAT-00165,197,197,0
ALC-0005653,WO-2025-000943,MAT-00971,141,141,0
ALC-0005654,WO-2025-000943,MAT-00304,241,241,0
ALC-0005655,WO-2025-000943,MAT-00964,56,56,0
ALC-0005656,WO-2025-000943,MAT-00008,96,96,0
ALC-0005657,WO-2025-000943,MAT-00998,213,213,0
ALC-0005658,WO-2025-000943,MAT-00312,174,174,0
ALC-0005659,WO-2025-000944,MAT-01013,340,340,0
ALC-0005660,WO-2025-000944,MAT-00203,367,367,0
ALC-0005661,WO-2025-000944,MAT-00581,257,257,0
ALC-0005662,WO-2025-000944,MAT-00993,395,395,0
ALC-0005663,WO-2025-000945,MAT-01137,794,794,0
ALC-0005664,WO-2025-000945,MAT-00116,1729,1729,0
ALC-0005665,WO-2025-000945,MAT-00883,518,518,0
ALC-0005666,WO-2025-000945,MAT-00444,1376,1376,0
ALC-0005667,WO-2025-000945,MAT-00855,2022,2022,0
ALC-0005668,WO-2025-000945,MAT-00507,2185,2185,0
ALC-0005669,WO-2025-000945,MAT-00301,1056,1056,0
ALC-0005670,WO-2025-000946,MAT-00669,142,142,0
ALC-0005671,WO-2025-000946,MAT-00824,99,99,0
ALC-0005672,WO-2025-000946,MAT-00651,234,234,0
ALC-0005673,WO-2025-000946,MAT-00667,188,188,0
ALC-0005674,WO-2025-000946,MAT-00409,78,78,0
ALC-0005675,WO-2025-000946,MAT-00024,117,117,0
ALC-0005676,WO-2025-000946,MAT-00681,194,194,0
ALC-0005677,WO-2025-000947,MAT-00885,287,287,0
ALC-0005678,WO-2025-000947,MAT-00683,206,206,0
ALC-0005679,WO-2025-000947,MAT-00962,463,463,0
ALC-0005680,WO-2025-000947,MAT-01058,280,280,0
ALC-0005681,WO-2025-000947,MAT-00223,123,123,0
ALC-0005682,WO-2025-000947,MAT-00658,128,128,0
ALC-0005683,WO-2025-000947,MAT-00193,318,318,0
ALC-0005684,WO-2025-000947,MAT-00460,148,148,0
ALC-0005685,WO-2025-000948,MAT-00556,715,715,0
ALC-0005686,WO-2025-000948,MAT-00096,1520,1520,0
ALC-0005687,WO-2025-000948,MAT-00988,746,746,0
ALC-0005688,WO-2025-000948,MAT-00767,787,787,0
ALC-0005689,WO-2025-000948,MAT-00793,536,536,0
ALC-0005690,WO-2025-000948,MAT-00744,2299,2299,0
ALC-0005691,WO-2025-000948,MAT-00439,1876,1876,0
ALC-0005692,WO-2025-000948,MAT-00650,1503,1503,0
ALC-0005693,WO-2025-000949,MAT-00889,279,34,245
ALC-0005694,WO-2025-000949,MAT-00408,709,251,458
ALC-0005695,WO-2025-000949,MAT-00459,517,198,319
ALC-0005696,WO-2025-000949,MAT-00907,808,302,506
ALC-0005697,WO-2025-000950,MAT-00575,564,564,0
ALC-0005698,WO-2025-000950,MAT-00576,902,902,0
ALC-0005699,WO-2025-000950,MAT-00385,690,690,0
ALC-0005700,WO-2025-000950,MAT-00086,1581,1581,0
ALC-0005701,WO-2025-000950,MAT-00311,2449,2449,0
ALC-0005702,WO-2025-000950,MAT-01170,2240,2240,0
ALC-0005703,WO-2025-000950,MAT-00550,887,887,0
ALC-0005704,WO-2025-000951,MAT-00464,3444,3444,0
ALC-0005705,WO-2025-000951,MAT-00474,3171,3171,0
ALC-0005706,WO-2025-000951,MAT-01058,2601,2601,0
ALC-0005707,WO-2025-000951,MAT-01035,2552,2552,0
ALC-0005708,WO-2025-000951,MAT-00157,4845,4845,0
ALC-0005709,WO-2025-000952,MAT-00476,3726,3726,0
ALC-0005710,WO-2025-000952,MAT-00773,2551,2551,0
ALC-0005711,WO-2025-000952,MAT-00105,2244,2244,0
ALC-0005712,WO-2025-000952,MAT-00444,2974,2974,0
ALC-0005713,WO-2025-000952,MAT-00990,4471,4471,0
ALC-0005714,WO-2025-000952,MAT-00241,1336,1336,0
ALC-0005715,WO-2025-000952,MAT-00953,3471,3471,0
ALC-0005716,WO-2025-000952,MAT-01113,4314,4314,0
ALC-0005717,WO-2025-000953,MAT-00069,476,476,0
ALC-0005718,WO-2025-000953,MAT-00360,426,426,0
ALC-0005719,WO-2025-000953,MAT-01166,267,267,0
ALC-0005720,WO-2025-000953,MAT-00481,321,321,0
ALC-0005721,WO-2025-000953,MAT-00362,450,450,0
ALC-0005722,WO-2025-000953,MAT-00855,106,106,0
ALC-0005723,WO-2025-000953,MAT-00344,441,441,0
ALC-0005724,WO-2025-000954,MAT-00606,137,137,0
ALC-0005725,WO-2025-000954,MAT-01197,63,63,0
ALC-0005726,WO-2025-000954,MAT-01066,105,105,0
ALC-0005727,WO-2025-000954,MAT-00956,160,160,0
ALC-0005728,WO-2025-000954,MAT-00945,205,205,0
ALC-0005729,WO-2025-000954,MAT-00777,150,150,0
ALC-0005730,WO-2025-000954,MAT-00168,131,131,0
ALC-0005731,WO-2025-000954,MAT-00163,138,138,0
ALC-0005732,WO-2025-000955,MAT-00018,2043,2043,0
ALC-0005733,WO-2025-000955,MAT-00589,2262,2262,0
ALC-0005734,WO-2025-000955,MAT-00922,1528,1528,0
ALC-0005735,WO-2025-000955,MAT-00261,1682,1682,0
ALC-0005736,WO-2025-000956,MAT-00515,166,166,0
ALC-0005737,WO-2025-000956,MAT-00716,159,159,0
ALC-0005738,WO-2025-000956,MAT-00365,195,195,0
ALC-0005739,WO-2025-000956,MAT-00163,70,70,0
ALC-0005740,WO-2025-000956,MAT-01009,221,221,0
ALC-0005741,WO-2025-000956,MAT-00410,171,171,0
ALC-0005742,WO-2025-000957,MAT-00454,117,117,0
ALC-0005743,WO-2025-000957,MAT-00338,134,134,0
ALC-0005744,WO-2025-000957,MAT-00157,201,201,0
ALC-0005745,WO-2025-000957,MAT-00667,126,126,0
ALC-0005746,WO-2025-000957,MAT-00263,113,113,0
ALC-0005747,WO-2025-000958,MAT-00990,415,415,0
ALC-0005748,WO-2025-000958,MAT-00821,304,304,0
ALC-0005749,WO-2025-000958,MAT-00144,328,328,0
ALC-0005750,WO-2025-000958,MAT-00851,183,183,0
ALC-0005751,WO-2025-000958,MAT-00291,216,216,0
ALC-0005752,WO-2025-000958,MAT-00406,405,405,0
ALC-0005753,WO-2025-000958,MAT-00307,481,481,0
ALC-0005754,WO-2025-000959,MAT-00824,3420,3420,0
ALC-0005755,WO-2025-000959,MAT-01051,3111,3111,0
ALC-0005756,WO-2025-000959,MAT-01018,1771,1771,0
ALC-0005757,WO-2025-000959,MAT-01055,2072,2072,0
ALC-0005758,WO-2025-000959,MAT-00494,2103,2103,0
ALC-0005759,WO-2025-000959,MAT-00561,4985,4985,0
ALC-0005760,WO-2025-000959,MAT-00376,4233,4233,0
ALC-0005761,WO-2025-000960,MAT-00115,366,366,0
ALC-0005762,WO-2025-000960,MAT-00044,155,155,0
ALC-0005763,WO-2025-000960,MAT-00725,351,351,0
ALC-0005764,WO-2025-000960,MAT-00645,297,297,0
ALC-0005765,WO-2025-000960,MAT-00782,158,158,0
ALC-0005766,WO-2025-000960,MAT-00772,287,287,0
ALC-0005767,WO-2025-000960,MAT-00459,380,380,0
ALC-0005768,WO-2025-000960,MAT-01152,280,280,0
ALC-0005769,WO-2025-000961,MAT-00165,2146,2146,0
ALC-0005770,WO-2025-000961,MAT-00094,2173,2173,0
ALC-0005771,WO-2025-000961,MAT-00703,1513,1513,0
ALC-0005772,WO-2025-000961,MAT-00570,698,698,0
ALC-0005773,WO-2025-000961,MAT-00031,1946,1946,0
ALC-0005774,WO-2025-000961,MAT-00808,1884,1884,0
ALC-0005775,WO-2025-000961,MAT-00726,1452,1452,0
ALC-0005776,WO-2025-000961,MAT-01041,1725,1725,0
ALC-0005777,WO-2025-000962,MAT-00262,1564,1564,0
ALC-0005778,WO-2025-000962,MAT-01080,1092,1092,0
ALC-0005779,WO-2025-000962,MAT-00455,1509,1509,0
ALC-0005780,WO-2025-000962,MAT-01113,970,970,0
ALC-0005781,WO-2025-000963,MAT-00936,430,430,0
ALC-0005782,WO-2025-000963,MAT-00897,593,593,0
ALC-0005783,WO-2025-000963,MAT-00629,254,254,0
ALC-0005784,WO-2025-000963,MAT-01190,343,343,0
ALC-0005785,WO-2025-000964,MAT-00588,2125,2125,0
ALC-0005786,WO-2025-000964,MAT-00011,2492,2492,0
ALC-0005787,WO-2025-000964,MAT-01079,1451,1451,0
ALC-0005788,WO-2025-000964,MAT-00898,805,805,0
ALC-0005789,WO-2025-000964,MAT-01110,1673,1673,0
ALC-0005790,WO-2025-000964,MAT-00023,1205,1205,0
ALC-0005791,WO-2025-000964,MAT-01000,891,891,0
ALC-0005792,WO-2025-000965,MAT-00271,183,183,0
ALC-0005793,WO-2025-000965,MAT-00031,134,134,0
ALC-0005794,WO-2025-000965,MAT-00671,183,183,0
ALC-0005795,WO-2025-000965,MAT-00823,131,131,0
ALC-0005796,WO-2025-000965,MAT-01174,161,161,0
ALC-0005797,WO-2025-000966,MAT-01031,1122,328,794
ALC-0005798,WO-2025-000966,MAT-00250,1574,534,1040
ALC-0005799,WO-2025-000966,MAT-00397,944,223,721
ALC-0005800,WO-2025-000966,MAT-00631,1882,750,1132
ALC-0005801,WO-2025-000966,MAT-00232,1539,565,974
ALC-0005802,WO-2025-000966,MAT-01097,683,69,614
ALC-0005803,WO-2025-000966,MAT-00326,896,198,698
ALC-0005804,WO-2025-000967,MAT-00889,3631,3631,0
ALC-0005805,WO-2025-000967,MAT-00294,2179,2179,0
ALC-0005806,WO-2025-000967,MAT-00890,3956,3956,0
ALC-0005807,WO-2025-000967,MAT-00472,1974,1974,0
ALC-0005808,WO-2025-000968,MAT-00543,870,870,0
ALC-0005809,WO-2025-000968,MAT-00679,964,964,0
ALC-0005810,WO-2025-000968,MAT-00750,724,724,0
ALC-0005811,WO-2025-000968,MAT-00756,898,898,0
ALC-0005812,WO-2025-000968,MAT-00197,474,474,0
ALC-0005813,WO-2025-000968,MAT-00745,996,996,0
ALC-0005814,WO-2025-000968,MAT-00177,751,751,0
ALC-0005815,WO-2025-000968,MAT-00265,1191,1191,0
ALC-0005816,WO-2025-000969,MAT-00833,222,222,0
ALC-0005817,WO-2025-000969,MAT-00919,219,219,0
ALC-0005818,WO-2025-000969,MAT-00488,205,205,0
ALC-0005819,WO-2025-000969,MAT-01012,247,247,0
ALC-0005820,WO-2025-000969,MAT-00283,240,240,0
ALC-0005821,WO-2025-000970,MAT-00833,1623,1623,0
ALC-0005822,WO-2025-000970,MAT-00063,2029,2029,0
ALC-0005823,WO-2025-000970,MAT-00158,1147,1147,0
ALC-0005824,WO-2025-000970,MAT-00566,1833,1833,0
ALC-0005825,WO-2025-000970,MAT-00057,554,554,0
ALC-0005826,WO-2025-000970,MAT-00812,1566,1566,0
ALC-0005827,WO-2025-000970,MAT-00606,1412,1412,0
ALC-0005828,WO-2025-000970,MAT-00010,1519,1519,0
ALC-0005829,WO-2025-000971,MAT-01126,1154,1154,0
ALC-0005830,WO-2025-000971,MAT-00684,406,406,0
ALC-0005831,WO-2025-000971,MAT-01028,1060,1060,0
ALC-0005832,WO-2025-000971,MAT-00635,627,627,0
ALC-0005833,WO-2025-000971,MAT-00224,1040,1040,0
ALC-0005834,WO-2025-000972,MAT-00089,950,950,0
ALC-0005835,WO-2025-000972,MAT-00806,1091,1091,0
ALC-0005836,WO-2025-000972,MAT-00028,1504,1504,0
ALC-0005837,WO-2025-000972,MAT-00990,1518,1518,0
ALC-0005838,WO-2025-000972,MAT-00802,1087,1087,0
ALC-0005839,WO-2025-000972,MAT-00174,2189,2189,0
ALC-0005840,WO-2025-000972,MAT-01152,1697,1697,0
ALC-0005841,WO-2025-000972,MAT-00647,1418,1418,0
ALC-0005842,WO-2025-000973,MAT-00566,1809,1809,0
ALC-0005843,WO-2025-000973,MAT-00625,1460,1460,0
ALC-0005844,WO-2025-000973,MAT-00438,587,587,0
ALC-0005845,WO-2025-000973,MAT-00837,1501,1501,0
ALC-0005846,WO-2025-000974,MAT-00556,1699,1699,0
ALC-0005847,WO-2025-000974,MAT-01119,2148,2148,0
ALC-0005848,WO-2025-000974,MAT-00736,1209,1209,0
ALC-0005849,WO-2025-000974,MAT-00419,1717,1717,0
ALC-0005850,WO-2025-000974,MAT-00430,3267,3267,0
ALC-0005851,WO-2025-000974,MAT-00931,2328,2328,0
ALC-0005852,WO-2025-000975,MAT-01073,186,186,0
ALC-0005853,WO-2025-000975,MAT-00417,154,154,0
ALC-0005854,WO-2025-000975,MAT-00377,66,66,0
ALC-0005855,WO-2025-000975,MAT-00040,218,218,0
ALC-0005856,WO-2025-000975,MAT-00250,182,182,0
ALC-0005857,WO-2025-000975,MAT-00411,235,235,0
ALC-0005858,WO-2025-000976,MAT-01018,3320,3320,0
ALC-0005859,WO-2025-000976,MAT-00735,1237,1237,0
ALC-0005860,WO-2025-000976,MAT-00255,1096,1096,0
ALC-0005861,WO-2025-000976,MAT-00456,3469,3469,0
ALC-0005862,WO-2025-000976,MAT-00937,1453,1453,0
ALC-0005863,WO-2025-000977,MAT-00904,139,139,0
ALC-0005864,WO-2025-000977,MAT-00257,73,73,0
ALC-0005865,WO-2025-000977,MAT-00121,156,156,0
ALC-0005866,WO-2025-000977,MAT-00979,173,173,0
ALC-0005867,WO-2025-000977,MAT-00239,158,158,0
ALC-0005868,WO-2025-000978,MAT-00814,209,209,0
ALC-0005869,WO-2025-000978,MAT-00467,126,126,0
ALC-0005870,WO-2025-000978,MAT-00849,202,202,0
ALC-0005871,WO-2025-000978,MAT-00323,231,231,0
ALC-0005872,WO-2025-000979,MAT-00592,500,500,0
ALC-0005873,WO-2025-000979,MAT-00027,487,487,0
ALC-0005874,WO-2025-000979,MAT-00261,893,893,0
ALC-0005875,WO-2025-000979,MAT-00024,791,791,0
ALC-0005876,WO-2025-000979,MAT-00931,737,737,0
ALC-0005877,WO-2025-000979,MAT-00182,1113,1113,0
ALC-0005878,WO-2025-000979,MAT-00705,259,259,0
ALC-0005879,WO-2025-000980,MAT-00665,1914,1914,0
ALC-0005880,WO-2025-000980,MAT-00348,1796,1796,0
ALC-0005881,WO-2025-000980,MAT-00862,727,727,0
ALC-0005882,WO-2025-000980,MAT-00269,1784,1784,0
ALC-0005883,WO-2025-000980,MAT-00178,644,644,0
ALC-0005884,WO-2025-000980,MAT-00585,1785,1785,0
ALC-0005885,WO-2025-000980,MAT-01128,694,694,0
ALC-0005886,WO-2025-000980,MAT-01009,556,556,0
ALC-0005887,WO-2025-000981,MAT-00965,1175,1175,0
ALC-0005888,WO-2025-000981,MAT-00210,2289,2289,0
ALC-0005889,WO-2025-000981,MAT-00496,2269,2269,0
ALC-0005890,WO-2025-000981,MAT-00414,1196,1196,0
ALC-0005891,WO-2025-000981,MAT-00005,1741,1741,0
ALC-0005892,WO-2025-000981,MAT-01007,506,506,0
ALC-0005893,WO-2025-000982,MAT-00406,156,156,0
ALC-0005894,WO-2025-000982,MAT-00335,163,163,0
ALC-0005895,WO-2025-000982,MAT-00661,231,231,0
ALC-0005896,WO-2025-000982,MAT-00733,104,104,0
ALC-0005897,WO-2025-000982,MAT-00434,103,103,0
ALC-0005898,WO-2025-000982,MAT-00919,195,195,0
ALC-0005899,WO-2025-000982,MAT-01177,216,216,0
ALC-0005900,WO-2025-000982,MAT-00519,52,52,0
ALC-0005901,WO-2025-000983,MAT-00170,2443,2443,0
ALC-0005902,WO-2025-000983,MAT-00801,2978,2978,0
ALC-0005903,WO-2025-000983,MAT-00245,2314,2314,0
ALC-0005904,WO-2025-000983,MAT-00270,1955,1955,0
ALC-0005905,WO-2025-000983,MAT-00963,4968,4968,0
ALC-0005906,WO-2025-000984,MAT-00567,454,454,0
ALC-0005907,WO-2025-000984,MAT-00433,214,214,0
ALC-0005908,WO-2025-000984,MAT-00211,316,316,0
ALC-0005909,WO-2025-000984,MAT-00676,180,180,0
ALC-0005910,WO-2025-000984,MAT-00530,302,302,0
ALC-0005911,WO-2025-000984,MAT-00028,429,429,0
ALC-0005912,WO-2025-000985,MAT-01130,1519,1519,0
ALC-0005913,WO-2025-000985,MAT-00797,726,726,0
ALC-0005914,WO-2025-000985,MAT-00416,812,812,0
ALC-0005915,WO-2025-000985,MAT-00784,2338,2338,0
ALC-0005916,WO-2025-000985,MAT-00907,681,681,0
ALC-0005917,WO-2025-000985,MAT-00452,1165,1165,0
ALC-0005918,WO-2025-000985,MAT-00288,2441,2441,0
ALC-0005919,WO-2025-000986,MAT-00862,2219,2219,0
ALC-0005920,WO-2025-000986,MAT-00724,4951,4951,0
ALC-0005921,WO-2025-000986,MAT-01194,3425,3425,0
ALC-0005922,WO-2025-000986,MAT-00659,1928,1928,0
ALC-0005923,WO-2025-000986,MAT-00216,2263,2263,0
ALC-0005924,WO-2025-000986,MAT-00213,1657,1657,0
ALC-0005925,WO-2025-000987,MAT-00904,1007,1007,0
ALC-0005926,WO-2025-000987,MAT-00246,1987,1987,0
ALC-0005927,WO-2025-000987,MAT-00103,2135,2135,0
ALC-0005928,WO-2025-000987,MAT-01059,972,972,0
ALC-0005929,WO-2025-000988,MAT-00796,2012,2012,0
ALC-0005930,WO-2025-000988,MAT-00700,1426,1426,0
ALC-0005931,WO-2025-000988,MAT-00713,2151,2151,0
ALC-0005932,WO-2025-000988,MAT-00333,986,986,0
ALC-0005933,WO-2025-000988,MAT-00470,1657,1657,0
ALC-0005934,WO-2025-000989,MAT-00907,2351,2351,0
ALC-0005935,WO-2025-000989,MAT-00004,2012,2012,0
ALC-0005936,WO-2025-000989,MAT-00326,1867,1867,0
ALC-0005937,WO-2025-000989,MAT-00948,2010,2010,0
ALC-0005938,WO-2025-000989,MAT-01013,1473,1473,0
ALC-0005939,WO-2025-000989,MAT-00682,2030,2030,0
ALC-0005940,WO-2025-000989,MAT-00131,1932,1932,0
ALC-0005941,WO-2025-000989,MAT-00739,1058,1058,0
ALC-0005942,WO-2025-000990,MAT-01126,500,500,0
ALC-0005943,WO-2025-000990,MAT-00763,642,642,0
ALC-0005944,WO-2025-000990,MAT-00416,697,697,0
ALC-0005945,WO-2025-000990,MAT-00360,450,450,0
ALC-0005946,WO-2025-000990,MAT-00310,539,539,0
ALC-0005947,WO-2025-000990,MAT-00980,728,728,0
ALC-0005948,WO-2025-000990,MAT-00960,1104,1104,0
ALC-0005949,WO-2025-000990,MAT-00328,1230,1230,0
ALC-0005950,WO-2025-000991,MAT-00796,2004,2004,0
ALC-0005951,WO-2025-000991,MAT-00528,2540,2540,0
ALC-0005952,WO-2025-000991,MAT-00743,2663,2663,0
ALC-0005953,WO-2025-000991,MAT-01167,4082,4082,0
ALC-0005954,WO-2025-000991,MAT-00137,4069,4069,0
ALC-0005955,WO-2025-000991,MAT-00518,2193,2193,0
ALC-0005956,WO-2025-000991,MAT-00822,3768,3768,0
ALC-0005957,WO-2025-000991,MAT-00358,2504,2504,0
ALC-0005958,WO-2025-000992,MAT-01133,151,151,0
ALC-0005959,WO-2025-000992,MAT-00831,122,122,0
ALC-0005960,WO-2025-000992,MAT-00178,131,131,0
ALC-0005961,WO-2025-000992,MAT-01152,199,199,0
ALC-0005962,WO-2025-000993,MAT-00690,1756,1756,0
ALC-0005963,WO-2025-000993,MAT-00839,516,516,0
ALC-0005964,WO-2025-000993,MAT-00016,609,609,0
ALC-0005965,WO-2025-000993,MAT-00400,1037,1037,0
ALC-0005966,WO-2025-000993,MAT-00825,2163,2163,0
ALC-0005967,WO-2025-000993,MAT-00291,1399,1399,0
ALC-0005968,WO-2025-000993,MAT-00710,1190,1190,0
ALC-0005969,WO-2025-000994,MAT-00344,135,135,0
ALC-0005970,WO-2025-000994,MAT-00771,53,53,0
ALC-0005971,WO-2025-000994,MAT-01083,126,126,0
ALC-0005972,WO-2025-000994,MAT-00972,81,81,0
ALC-0005973,WO-2025-000994,MAT-00166,213,213,0
ALC-0005974,WO-2025-000995,MAT-01041,162,162,0
ALC-0005975,WO-2025-000995,MAT-00494,215,215,0
ALC-0005976,WO-2025-000995,MAT-00149,496,496,0
ALC-0005977,WO-2025-000995,MAT-00797,422,422,0
ALC-0005978,WO-2025-000996,MAT-00262,305,305,0
ALC-0005979,WO-2025-000996,MAT-00945,328,328,0
ALC-0005980,WO-2025-000996,MAT-00123,365,365,0
ALC-0005981,WO-2025-000996,MAT-00258,483,483,0
ALC-0005982,WO-2025-000996,MAT-00644,226,226,0
ALC-0005983,WO-2025-000996,MAT-00616,324,324,0
ALC-0005984,WO-2025-000997,MAT-00420,1712,1712,0
ALC-0005985,WO-2025-000997,MAT-00022,3553,3553,0
ALC-0005986,WO-2025-000997,MAT-00861,4060,4060,0
ALC-0005987,WO-2025-000997,MAT-00341,1345,1345,0
ALC-0005988,WO-2025-000997,MAT-00144,4484,4484,0
ALC-0005989,WO-2025-000997,MAT-00468,2299,2299,0
ALC-0005990,WO-2025-000997,MAT-00184,4986,4986,0
ALC-0005991,WO-2025-000997,MAT-00699,1146,1146,0
ALC-0005992,WO-2025-000998,MAT-00421,579,579,0
ALC-0005993,WO-2025-000998,MAT-00699,584,584,0
ALC-0005994,WO-2025-000998,MAT-00208,826,826,0
ALC-0005995,WO-2025-000998,MAT-00615,2244,2244,0
ALC-0005996,WO-2025-000998,MAT-00924,2157,2157,0
ALC-0005997,WO-2025-000998,MAT-00662,1741,1741,0
ALC-0005998,WO-2025-000998,MAT-00733,1218,1218,0
ALC-0005999,WO-2025-000998,MAT-00811,768,768,0
ALC-0006000,WO-2025-000999,MAT-00963,326,326,0
ALC-0006001,WO-2025-000999,MAT-00714,1238,1238,0
ALC-0006002,WO-2025-000999,MAT-00986,1207,1207,0
ALC-0006003,WO-2025-000999,MAT-00366,736,736,0
ALC-0006004,WO-2025-000999,MAT-01141,519,519,0
ALC-0006005,WO-2025-001000,MAT-00089,2484,2484,0
ALC-0006006,WO-2025-001000,MAT-00188,900,900,0
ALC-0006007,WO-2025-001000,MAT-01047,1951,1951,0
ALC-0006008,WO-2025-001000,MAT-01141,678,678,0
ALC-0006009,WO-2025-001000,MAT-00128,1223,1223,0
ALC-0006010,WO-2025-001000,MAT-00886,650,650,0
ALC-0006011,WO-2025-001001,MAT-00205,271,271,0
ALC-0006012,WO-2025-001001,MAT-00250,254,254,0
ALC-0006013,WO-2025-001001,MAT-00525,805,805,0
ALC-0006014,WO-2025-001001,MAT-00757,266,266,0
ALC-0006015,WO-2025-001001,MAT-01161,687,687,0
ALC-0006016,WO-2025-001001,MAT-00360,896,896,0
ALC-0006017,WO-2025-001001,MAT-00904,1089,1089,0
ALC-0006018,WO-2025-001001,MAT-00228,373,373,0
ALC-0006019,WO-2025-001002,MAT-00556,415,415,0
ALC-0006020,WO-2025-001002,MAT-01084,447,447,0
ALC-0006021,WO-2025-001002,MAT-00312,325,325,0
ALC-0006022,WO-2025-001002,MAT-01026,110,110,0
ALC-0006023,WO-2025-001002,MAT-00601,317,317,0
ALC-0006024,WO-2025-001002,MAT-00693,192,192,0
ALC-0006025,WO-2025-001003,MAT-00700,345,345,0
ALC-0006026,WO-2025-001003,MAT-01199,417,417,0
ALC-0006027,WO-2025-001003,MAT-00756,252,252,0
ALC-0006028,WO-2025-001003,MAT-00367,131,131,0
ALC-0006029,WO-2025-001003,MAT-00932,199,199,0
ALC-0006030,WO-2025-001003,MAT-00116,277,277,0
ALC-0006031,WO-2025-001003,MAT-00886,363,363,0
ALC-0006032,WO-2025-001004,MAT-01109,491,491,0
ALC-0006033,WO-2025-001004,MAT-00795,973,973,0
ALC-0006034,WO-2025-001004,MAT-00081,587,587,0
ALC-0006035,WO-2025-001004,MAT-00648,625,625,0
ALC-0006036,WO-2025-001004,MAT-00412,1109,1109,0
ALC-0006037,WO-2025-001004,MAT-01104,1029,1029,0
ALC-0006038,WO-2025-001004,MAT-00961,873,873,0
ALC-0006039,WO-2025-001005,MAT-00225,124,124,0
ALC-0006040,WO-2025-001005,MAT-00554,146,146,0
ALC-0006041,WO-2025-001005,MAT-01106,192,192,0
ALC-0006042,WO-2025-001005,MAT-00497,181,181,0
ALC-0006043,WO-2025-001005,MAT-00235,77,77,0
ALC-0006044,WO-2025-001005,MAT-00568,107,107,0
ALC-0006045,WO-2025-001006,MAT-00965,1066,1066,0
ALC-0006046,WO-2025-001006,MAT-00733,749,749,0
ALC-0006047,WO-2025-001006,MAT-00225,1120,1120,0
ALC-0006048,WO-2025-001006,MAT-00491,861,861,0
ALC-0006049,WO-2025-001006,MAT-00652,453,453,0
ALC-0006050,WO-2025-001006,MAT-00053,498,498,0
ALC-0006051,WO-2025-001007,MAT-00048,977,977,0
ALC-0006052,WO-2025-001007,MAT-01098,608,608,0
ALC-0006053,WO-2025-001007,MAT-00159,1130,1130,0
ALC-0006054,WO-2025-001007,MAT-00426,518,518,0
ALC-0006055,WO-2025-001007,MAT-00441,924,924,0
ALC-0006056,WO-2025-001007,MAT-00810,1221,1221,0
ALC-0006057,WO-2025-001007,MAT-00353,808,808,0
ALC-0006058,WO-2025-001008,MAT-00104,1060,1060,0
ALC-0006059,WO-2025-001008,MAT-00202,1076,1076,0
ALC-0006060,WO-2025-001008,MAT-00271,1361,1361,0
ALC-0006061,WO-2025-001008,MAT-00409,1036,1036,0
ALC-0006062,WO-2025-001008,MAT-00770,722,722,0
ALC-0006063,WO-2025-001008,MAT-00619,2416,2416,0
ALC-0006064,WO-2025-001008,MAT-00300,866,866,0
ALC-0006065,WO-2025-001009,MAT-00556,229,229,0
ALC-0006066,WO-2025-001009,MAT-00385,153,153,0
ALC-0006067,WO-2025-001009,MAT-00604,287,287,0
ALC-0006068,WO-2025-001009,MAT-00023,113,113,0
ALC-0006069,WO-2025-001010,MAT-00908,2305,2305,0
ALC-0006070,WO-2025-001010,MAT-00035,1273,1273,0
ALC-0006071,WO-2025-001010,MAT-00849,1175,1175,0
ALC-0006072,WO-2025-001010,MAT-00225,1636,1636,0
ALC-0006073,WO-2025-001010,MAT-00679,1620,1620,0
ALC-0006074,WO-2025-001011,MAT-01073,310,310,0
ALC-0006075,WO-2025-001011,MAT-00213,491,491,0
ALC-0006076,WO-2025-001011,MAT-00280,342,342,0
ALC-0006077,WO-2025-001011,MAT-00095,278,278,0
ALC-0006078,WO-2025-001011,MAT-00354,343,343,0
ALC-0006079,WO-2025-001012,MAT-01066,354,354,0
ALC-0006080,WO-2025-001012,MAT-00333,177,177,0
ALC-0006081,WO-2025-001012,MAT-00780,163,163,0
ALC-0006082,WO-2025-001012,MAT-00932,252,252,0
ALC-0006083,WO-2025-001012,MAT-00427,326,326,0
ALC-0006084,WO-2025-001012,MAT-00907,377,377,0
ALC-0006085,WO-2025-001012,MAT-00974,245,245,0
ALC-0006086,WO-2025-001013,MAT-00724,400,400,0
ALC-0006087,WO-2025-001013,MAT-01032,408,408,0
ALC-0006088,WO-2025-001013,MAT-00695,266,266,0
ALC-0006089,WO-2025-001013,MAT-00392,153,153,0
ALC-0006090,WO-2025-001013,MAT-00231,194,194,0
ALC-0006091,WO-2025-001013,MAT-00194,365,365,0
ALC-0006092,WO-2025-001013,MAT-00397,395,395,0
ALC-0006093,WO-2025-001014,MAT-00305,821,821,0
ALC-0006094,WO-2025-001014,MAT-00660,665,665,0
ALC-0006095,WO-2025-001014,MAT-00871,2178,2178,0
ALC-0006096,WO-2025-001014,MAT-01063,1530,1530,0
ALC-0006097,WO-2025-001014,MAT-00827,1832,1832,0
ALC-0006098,WO-2025-001015,MAT-00149,200,200,0
ALC-0006099,WO-2025-001015,MAT-00481,229,229,0
ALC-0006100,WO-2025-001015,MAT-00204,89,89,0
ALC-0006101,WO-2025-001015,MAT-00525,144,144,0
ALC-0006102,WO-2025-001015,MAT-00414,160,160,0
ALC-0006103,WO-2025-001015,MAT-00692,62,62,0
ALC-0006104,WO-2025-001015,MAT-00630,141,141,0
ALC-0006105,WO-2025-001015,MAT-00872,138,138,0
ALC-0006106,WO-2025-001016,MAT-00938,188,188,0
ALC-0006107,WO-2025-001016,MAT-00860,388,388,0
ALC-0006108,WO-2025-001016,MAT-00078,361,361,0
ALC-0006109,WO-2025-001016,MAT-00586,479,479,0
ALC-0006110,WO-2025-001017,MAT-01152,3930,3930,0
ALC-0006111,WO-2025-001017,MAT-00172,3949,3949,0
ALC-0006112,WO-2025-001017,MAT-00140,1043,1043,0
ALC-0006113,WO-2025-001017,MAT-00891,1292,1292,0
ALC-0006114,WO-2025-001017,MAT-00902,2190,2190,0
ALC-0006115,WO-2025-001017,MAT-00698,1521,1521,0
ALC-0006116,WO-2025-001018,MAT-00577,567,567,0
ALC-0006117,WO-2025-001018,MAT-00165,378,378,0
ALC-0006118,WO-2025-001018,MAT-00196,423,423,0
ALC-0006119,WO-2025-001018,MAT-00336,321,321,0
ALC-0006120,WO-2025-001018,MAT-00899,741,741,0
ALC-0006121,WO-2025-001019,MAT-00853,3671,3671,0
ALC-0006122,WO-2025-001019,MAT-00155,4506,4506,0
ALC-0006123,WO-2025-001019,MAT-01124,1385,1385,0
ALC-0006124,WO-2025-001019,MAT-00623,1697,1697,0
ALC-0006125,WO-2025-001019,MAT-00192,4042,4042,0
ALC-0006126,WO-2025-001019,MAT-00552,3029,3029,0
ALC-0006127,WO-2025-001019,MAT-00462,3857,3857,0
ALC-0006128,WO-2025-001019,MAT-00098,2621,2621,0
ALC-0006129,WO-2025-001020,MAT-00367,538,538,0
ALC-0006130,WO-2025-001020,MAT-00502,2040,2040,0
ALC-0006131,WO-2025-001020,MAT-00182,1756,1756,0
ALC-0006132,WO-2025-001020,MAT-00297,521,521,0
ALC-0006133,WO-2025-001020,MAT-00717,2180,2180,0
ALC-0006134,WO-2025-001021,MAT-00312,416,416,0
ALC-0006135,WO-2025-001021,MAT-00796,230,230,0
ALC-0006136,WO-2025-001021,MAT-00148,411,411,0
ALC-0006137,WO-2025-001021,MAT-00192,311,311,0
ALC-0006138,WO-2025-001021,MAT-00620,213,213,0
ALC-0006139,WO-2025-001021,MAT-00368,147,147,0
ALC-0006140,WO-2025-001021,MAT-00187,182,182,0
ALC-0006141,WO-2025-001022,MAT-00665,1194,1194,0
ALC-0006142,WO-2025-001022,MAT-00281,601,601,0
ALC-0006143,WO-2025-001022,MAT-00468,373,373,0
ALC-0006144,WO-2025-001022,MAT-00656,371,371,0
ALC-0006145,WO-2025-001023,MAT-01087,358,358,0
ALC-0006146,WO-2025-001023,MAT-00546,764,764,0
ALC-0006147,WO-2025-001023,MAT-00045,434,434,0
ALC-0006148,WO-2025-001023,MAT-01051,290,290,0
ALC-0006149,WO-2025-001023,MAT-00195,970,970,0
ALC-0006150,WO-2025-001023,MAT-01057,287,287,0
ALC-0006151,WO-2025-001023,MAT-00374,831,831,0
ALC-0006152,WO-2025-001024,MAT-00089,2896,2896,0
ALC-0006153,WO-2025-001024,MAT-00693,2946,2946,0
ALC-0006154,WO-2025-001024,MAT-00615,2331,2331,0
ALC-0006155,WO-2025-001024,MAT-00627,3794,3794,0
ALC-0006156,WO-2025-001024,MAT-00082,2416,2416,0
ALC-0006157,WO-2025-001024,MAT-00624,2783,2783,0
ALC-0006158,WO-2025-001024,MAT-00375,2247,2247,0
ALC-0006159,WO-2025-001025,MAT-00162,510,510,0
ALC-0006160,WO-2025-001025,MAT-00901,641,641,0
ALC-0006161,WO-2025-001025,MAT-00013,453,453,0
ALC-0006162,WO-2025-001025,MAT-00271,1227,1227,0
ALC-0006163,WO-2025-001025,MAT-00566,429,429,0
ALC-0006164,WO-2025-001025,MAT-00629,480,480,0
ALC-0006165,WO-2025-001026,MAT-00705,100,100,0
ALC-0006166,WO-2025-001026,MAT-00963,188,188,0
ALC-0006167,WO-2025-001026,MAT-00486,81,81,0
ALC-0006168,WO-2025-001026,MAT-00812,117,117,0
ALC-0006169,WO-2025-001026,MAT-00810,146,146,0
ALC-0006170,WO-2025-001027,MAT-00495,786,786,0
ALC-0006171,WO-2025-001027,MAT-00622,928,928,0
ALC-0006172,WO-2025-001027,MAT-00906,1226,1226,0
ALC-0006173,WO-2025-001027,MAT-00667,351,351,0
ALC-0006174,WO-2025-001027,MAT-00934,341,341,0
ALC-0006175,WO-2025-001027,MAT-00689,323,323,0
ALC-0006176,WO-2025-001027,MAT-00470,748,748,0
ALC-0006177,WO-2025-001027,MAT-00477,1049,1049,0
ALC-0006178,WO-2025-001028,MAT-00486,2040,2040,0
ALC-0006179,WO-2025-001028,MAT-01017,2138,2138,0
ALC-0006180,WO-2025-001028,MAT-00561,1182,1182,0
ALC-0006181,WO-2025-001028,MAT-00468,1543,1543,0
ALC-0006182,WO-2025-001028,MAT-00947,1192,1192,0
ALC-0006183,WO-2025-001028,MAT-00967,1235,1235,0
ALC-0006184,WO-2025-001029,MAT-00431,1871,1871,0
ALC-0006185,WO-2025-001029,MAT-00872,1721,1721,0
ALC-0006186,WO-2025-001029,MAT-00186,1807,1807,0
ALC-0006187,WO-2025-001029,MAT-00325,2156,2156,0
ALC-0006188,WO-2025-001029,MAT-00723,795,795,0
ALC-0006189,WO-2025-001029,MAT-00920,552,552,0
ALC-0006190,WO-2025-001030,MAT-00255,1948,1948,0
ALC-0006191,WO-2025-001030,MAT-00870,1580,1580,0
ALC-0006192,WO-2025-001030,MAT-00544,502,502,0
ALC-0006193,WO-2025-001030,MAT-00243,1954,1954,0
ALC-0006194,WO-2025-001031,MAT-00420,762,762,0
ALC-0006195,WO-2025-001031,MAT-00484,617,617,0
ALC-0006196,WO-2025-001031,MAT-00567,872,872,0
ALC-0006197,WO-2025-001031,MAT-00375,983,983,0
ALC-0006198,WO-2025-001031,MAT-00747,1201,1201,0
ALC-0006199,WO-2025-001032,MAT-00408,1185,1185,0
ALC-0006200,WO-2025-001032,MAT-00152,1035,1035,0
ALC-0006201,WO-2025-001032,MAT-00971,269,269,0
ALC-0006202,WO-2025-001032,MAT-00382,324,324,0
ALC-0006203,WO-2025-001032,MAT-00593,922,922,0
ALC-0006204,WO-2025-001032,MAT-00633,725,725,0
ALC-0006205,WO-2025-001032,MAT-00413,363,363,0
ALC-0006206,WO-2025-001033,MAT-00948,1976,1976,0
ALC-0006207,WO-2025-001033,MAT-00188,1595,1595,0
ALC-0006208,WO-2025-001033,MAT-00939,4775,4775,0
ALC-0006209,WO-2025-001033,MAT-00013,4876,4876,0
ALC-0006210,WO-2025-001034,MAT-00948,2018,2018,0
ALC-0006211,WO-2025-001034,MAT-01020,1601,1601,0
ALC-0006212,WO-2025-001034,MAT-00609,1923,1923,0
ALC-0006213,WO-2025-001034,MAT-00435,729,729,0
ALC-0006214,WO-2025-001034,MAT-00345,1451,1451,0
ALC-0006215,WO-2025-001035,MAT-00140,194,194,0
ALC-0006216,WO-2025-001035,MAT-00385,228,228,0
ALC-0006217,WO-2025-001035,MAT-01113,87,87,0
ALC-0006218,WO-2025-001035,MAT-00846,105,105,0
ALC-0006219,WO-2025-001036,MAT-01013,102,102,0
ALC-0006220,WO-2025-001036,MAT-00194,134,134,0
ALC-0006221,WO-2025-001036,MAT-00873,76,76,0
ALC-0006222,WO-2025-001036,MAT-00162,198,198,0
ALC-0006223,WO-2025-001036,MAT-00641,111,111,0
ALC-0006224,WO-2025-001036,MAT-01046,220,220,0
ALC-0006225,WO-2025-001037,MAT-00816,1076,1076,0
ALC-0006226,WO-2025-001037,MAT-00846,2485,2485,0
ALC-0006227,WO-2025-001037,MAT-00473,1949,1949,0
ALC-0006228,WO-2025-001037,MAT-00161,1511,1511,0
ALC-0006229,WO-2025-001037,MAT-00893,2213,2213,0
ALC-0006230,WO-2025-001037,MAT-00892,574,574,0
ALC-0006231,WO-2025-001037,MAT-00608,1303,1303,0
ALC-0006232,WO-2025-001038,MAT-00533,516,516,0
ALC-0006233,WO-2025-001038,MAT-00191,274,274,0
ALC-0006234,WO-2025-001038,MAT-00806,455,455,0
ALC-0006235,WO-2025-001038,MAT-00513,271,271,0
ALC-0006236,WO-2025-001038,MAT-01129,974,974,0
ALC-0006237,WO-2025-001039,MAT-00734,1516,1516,0
ALC-0006238,WO-2025-001039,MAT-00055,2197,2197,0
ALC-0006239,WO-2025-001039,MAT-01110,758,758,0
ALC-0006240,WO-2025-001039,MAT-00496,632,632,0
ALC-0006241,WO-2025-001039,MAT-01020,989,989,0
ALC-0006242,WO-2025-001039,MAT-00774,2488,2488,0
ALC-0006243,WO-2025-001040,MAT-00519,100,100,0
ALC-0006244,WO-2025-001040,MAT-00679,183,183,0
ALC-0006245,WO-2025-001040,MAT-00883,113,113,0
ALC-0006246,WO-2025-001040,MAT-00544,165,165,0
ALC-0006247,WO-2025-001040,MAT-01190,125,125,0
ALC-0006248,WO-2025-001040,MAT-00937,164,164,0
ALC-0006249,WO-2025-001040,MAT-00933,193,193,0
ALC-0006250,WO-2025-001041,MAT-01158,3719,3719,0
ALC-0006251,WO-2025-001041,MAT-00865,4092,4092,0
ALC-0006252,WO-2025-001041,MAT-00817,4944,4944,0
ALC-0006253,WO-2025-001041,MAT-00597,2000,2000,0
ALC-0006254,WO-2025-001041,MAT-00614,3539,3539,0
ALC-0006255,WO-2025-001041,MAT-01044,2874,2874,0
ALC-0006256,WO-2025-001041,MAT-00780,1422,1422,0
ALC-0006257,WO-2025-001041,MAT-01004,4280,4280,0
ALC-0006258,WO-2025-001042,MAT-00911,1888,1888,0
ALC-0006259,WO-2025-001042,MAT-00980,2096,2096,0
ALC-0006260,WO-2025-001042,MAT-01040,1825,1825,0
ALC-0006261,WO-2025-001042,MAT-01101,2032,2032,0
ALC-0006262,WO-2025-001042,MAT-00085,1028,1028,0
ALC-0006263,WO-2025-001043,MAT-00059,125,125,0
ALC-0006264,WO-2025-001043,MAT-00408,452,452,0
ALC-0006265,WO-2025-001043,MAT-00031,146,146,0
ALC-0006266,WO-2025-001043,MAT-00061,303,303,0
ALC-0006267,WO-2025-001043,MAT-01192,169,169,0
ALC-0006268,WO-2025-001043,MAT-00060,166,166,0
ALC-0006269,WO-2025-001043,MAT-01083,244,244,0
ALC-0006270,WO-2025-001043,MAT-00392,305,305,0
ALC-0006271,WO-2025-001044,MAT-00543,56,56,0
ALC-0006272,WO-2025-001044,MAT-00225,84,84,0
ALC-0006273,WO-2025-001044,MAT-00313,53,53,0
ALC-0006274,WO-2025-001044,MAT-00523,179,179,0
ALC-0006275,WO-2025-001044,MAT-00101,87,87,0
ALC-0006276,WO-2025-001044,MAT-00160,140,140,0
ALC-0006277,WO-2025-001044,MAT-00470,108,108,0
ALC-0006278,WO-2025-001044,MAT-01111,186,186,0
ALC-0006279,WO-2025-001045,MAT-00469,2396,2396,0
ALC-0006280,WO-2025-001045,MAT-00090,3638,3638,0
ALC-0006281,WO-2025-001045,MAT-00427,3148,3148,0
ALC-0006282,WO-2025-001045,MAT-00476,2225,2225,0
ALC-0006283,WO-2025-001045,MAT-01140,2415,2415,0
ALC-0006284,WO-2025-001046,MAT-00126,154,154,0
ALC-0006285,WO-2025-001046,MAT-00294,371,371,0
ALC-0006286,WO-2025-001046,MAT-00667,120,120,0
ALC-0006287,WO-2025-001046,MAT-00907,369,369,0
ALC-0006288,WO-2025-001046,MAT-00806,499,499,0
ALC-0006289,WO-2025-001046,MAT-00974,206,206,0
ALC-0006290,WO-2025-001047,MAT-00310,420,420,0
ALC-0006291,WO-2025-001047,MAT-00135,395,395,0
ALC-0006292,WO-2025-001047,MAT-01167,367,367,0
ALC-0006293,WO-2025-001047,MAT-00918,488,488,0
ALC-0006294,WO-2025-001047,MAT-00930,263,263,0
ALC-0006295,WO-2025-001048,MAT-00310,564,564,0
ALC-0006296,WO-2025-001048,MAT-00822,1113,1113,0
ALC-0006297,WO-2025-001048,MAT-00983,361,361,0
ALC-0006298,WO-2025-001048,MAT-01093,980,980,0
ALC-0006299,WO-2025-001048,MAT-00865,754,754,0
ALC-0006300,WO-2025-001048,MAT-01098,759,759,0
ALC-0006301,WO-2025-001049,MAT-00421,2375,2375,0
ALC-0006302,WO-2025-001049,MAT-00564,703,703,0
ALC-0006303,WO-2025-001049,MAT-01114,2264,2264,0
ALC-0006304,WO-2025-001049,MAT-00679,1255,1255,0
ALC-0006305,WO-2025-001049,MAT-00743,1832,1832,0
ALC-0006306,WO-2025-001050,MAT-00052,169,169,0
ALC-0006307,WO-2025-001050,MAT-00066,152,152,0
ALC-0006308,WO-2025-001050,MAT-00790,238,238,0
ALC-0006309,WO-2025-001050,MAT-01011,54,54,0
ALC-0006310,WO-2025-001050,MAT-00311,58,58,0
ALC-0006311,WO-2025-001050,MAT-00264,185,185,0
ALC-0006312,WO-2025-001051,MAT-00052,591,591,0
ALC-0006313,WO-2025-001051,MAT-00634,473,473,0
ALC-0006314,WO-2025-001051,MAT-00091,498,498,0
ALC-0006315,WO-2025-001051,MAT-00668,858,858,0
ALC-0006316,WO-2025-001051,MAT-00796,731,731,0
ALC-0006317,WO-2025-001051,MAT-00841,1057,1057,0
ALC-0006318,WO-2025-001051,MAT-00315,976,976,0
ALC-0006319,WO-2025-001052,MAT-01013,342,342,0
ALC-0006320,WO-2025-001052,MAT-00921,334,334,0
ALC-0006321,WO-2025-001052,MAT-00132,253,253,0
ALC-0006322,WO-2025-001052,MAT-00741,289,289,0
ALC-0006323,WO-2025-001052,MAT-00387,470,470,0
ALC-0006324,WO-2025-001052,MAT-00115,306,306,0
ALC-0006325,WO-2025-001053,MAT-00929,57,57,0
ALC-0006326,WO-2025-001053,MAT-00940,162,162,0
ALC-0006327,WO-2025-001053,MAT-01059,202,202,0
ALC-0006328,WO-2025-001053,MAT-00857,148,148,0
ALC-0006329,WO-2025-001053,MAT-00350,184,184,0
ALC-0006330,WO-2025-001053,MAT-00814,60,60,0
ALC-0006331,WO-2025-001054,MAT-00051,2228,2228,0
ALC-0006332,WO-2025-001054,MAT-00659,822,822,0
ALC-0006333,WO-2025-001054,MAT-00769,2187,2187,0
ALC-0006334,WO-2025-001054,MAT-00481,1579,1579,0
ALC-0006335,WO-2025-001054,MAT-00183,1759,1759,0
ALC-0006336,WO-2025-001054,MAT-00581,1878,1878,0
ALC-0006337,WO-2025-001054,MAT-00416,1422,1422,0
ALC-0006338,WO-2025-001054,MAT-01153,544,544,0
ALC-0006339,WO-2025-001055,MAT-00421,1250,1250,0
ALC-0006340,WO-2025-001055,MAT-00947,1700,1700,0
ALC-0006341,WO-2025-001055,MAT-00170,4660,4660,0
ALC-0006342,WO-2025-001055,MAT-00576,3095,3095,0
ALC-0006343,WO-2025-001055,MAT-00507,3555,3555,0
ALC-0006344,WO-2025-001055,MAT-00109,2742,2742,0
ALC-0006345,WO-2025-001055,MAT-00711,4144,4144,0
ALC-0006346,WO-2025-001055,MAT-00698,4905,4905,0
ALC-0006347,WO-2025-001056,MAT-00437,1066,1066,0
ALC-0006348,WO-2025-001056,MAT-00479,1954,1954,0
ALC-0006349,WO-2025-001056,MAT-00746,1241,1241,0
ALC-0006350,WO-2025-001056,MAT-01198,870,870,0
ALC-0006351,WO-2025-001057,MAT-00005,1081,1081,0
ALC-0006352,WO-2025-001057,MAT-00412,1191,1191,0
ALC-0006353,WO-2025-001057,MAT-00617,736,736,0
ALC-0006354,WO-2025-001057,MAT-00754,622,622,0
ALC-0006355,WO-2025-001057,MAT-00319,617,617,0
ALC-0006356,WO-2025-001058,MAT-00791,439,439,0
ALC-0006357,WO-2025-001058,MAT-01130,417,417,0
ALC-0006358,WO-2025-001058,MAT-00525,380,380,0
ALC-0006359,WO-2025-001058,MAT-00202,255,255,0
ALC-0006360,WO-2025-001058,MAT-00610,454,454,0
ALC-0006361,WO-2025-001059,MAT-00904,3818,3818,0
ALC-0006362,WO-2025-001059,MAT-00694,4735,4735,0
ALC-0006363,WO-2025-001059,MAT-00727,3810,3810,0
ALC-0006364,WO-2025-001059,MAT-00755,4702,4702,0
ALC-0006365,WO-2025-001059,MAT-00683,1042,1042,0
ALC-0006366,WO-2025-001059,MAT-00642,1431,1431,0
ALC-0006367,WO-2025-001060,MAT-00890,1570,1570,0
ALC-0006368,WO-2025-001060,MAT-00013,2468,2468,0
ALC-0006369,WO-2025-001060,MAT-00119,2698,2698,0
ALC-0006370,WO-2025-001060,MAT-00152,3056,3056,0
ALC-0006371,WO-2025-001060,MAT-00018,4169,4169,0
ALC-0006372,WO-2025-001060,MAT-00086,1024,1024,0
ALC-0006373,WO-2025-001061,MAT-00182,271,271,0
ALC-0006374,WO-2025-001061,MAT-00004,314,314,0
ALC-0006375,WO-2025-001061,MAT-00178,267,267,0
ALC-0006376,WO-2025-001061,MAT-00239,389,389,0
ALC-0006377,WO-2025-001061,MAT-01180,113,113,0
ALC-0006378,WO-2025-001061,MAT-00389,241,241,0
ALC-0006379,WO-2025-001061,MAT-00088,474,474,0
ALC-0006380,WO-2025-001062,MAT-00191,58,58,0
ALC-0006381,WO-2025-001062,MAT-01094,137,137,0
ALC-0006382,WO-2025-001062,MAT-01193,205,205,0
ALC-0006383,WO-2025-001062,MAT-01082,74,74,0
ALC-0006384,WO-2025-001063,MAT-00152,379,379,0
ALC-0006385,WO-2025-001063,MAT-01096,339,339,0
ALC-0006386,WO-2025-001063,MAT-00725,486,486,0
ALC-0006387,WO-2025-001063,MAT-00232,229,229,0
ALC-0006388,WO-2025-001063,MAT-00770,209,209,0
ALC-0006389,WO-2025-001063,MAT-00944,251,251,0
ALC-0006390,WO-2025-001064,MAT-00942,1058,1058,0
ALC-0006391,WO-2025-001064,MAT-00617,959,959,0
ALC-0006392,WO-2025-001064,MAT-00579,780,780,0
ALC-0006393,WO-2025-001064,MAT-01038,510,510,0
ALC-0006394,WO-2025-001064,MAT-00503,1207,1207,0
ALC-0006395,WO-2025-001064,MAT-00494,1038,1038,0
ALC-0006396,WO-2025-001064,MAT-00313,670,670,0
ALC-0006397,WO-2025-001064,MAT-00243,350,350,0
ALC-0006398,WO-2025-001065,MAT-00481,1178,1178,0
ALC-0006399,WO-2025-001065,MAT-00054,413,413,0
ALC-0006400,WO-2025-001065,MAT-00397,739,739,0
ALC-0006401,WO-2025-001065,MAT-00901,818,818,0
ALC-0006402,WO-2025-001065,MAT-00093,740,740,0
ALC-0006403,WO-2025-001065,MAT-01191,1117,1117,0
ALC-0006404,WO-2025-001065,MAT-00450,964,964,0
ALC-0006405,WO-2025-001066,MAT-00520,50,50,0
ALC-0006406,WO-2025-001066,MAT-00667,143,143,0
ALC-0006407,WO-2025-001066,MAT-00666,82,82,0
ALC-0006408,WO-2025-001066,MAT-00636,144,144,0
ALC-0006409,WO-2025-001067,MAT-01050,4403,4403,0
ALC-0006410,WO-2025-001067,MAT-00789,4278,4278,0
ALC-0006411,WO-2025-001067,MAT-00080,1332,1332,0
ALC-0006412,WO-2025-001067,MAT-00440,2439,2439,0
ALC-0006413,WO-2025-001067,MAT-00267,1535,1535,0
ALC-0006414,WO-2025-001067,MAT-01156,2192,2192,0
ALC-0006415,WO-2025-001067,MAT-00389,1675,1675,0
ALC-0006416,WO-2025-001067,MAT-00382,4989,4989,0
ALC-0006417,WO-2025-001068,MAT-00209,174,174,0
ALC-0006418,WO-2025-001068,MAT-00337,220,220,0
ALC-0006419,WO-2025-001068,MAT-01101,375,375,0
ALC-0006420,WO-2025-001068,MAT-00453,304,304,0
ALC-0006421,WO-2025-001068,MAT-01038,416,416,0
ALC-0006422,WO-2025-001068,MAT-00788,219,219,0
ALC-0006423,WO-2025-001068,MAT-00875,272,272,0
ALC-0006424,WO-2025-001069,MAT-01107,1126,1126,0
ALC-0006425,WO-2025-001069,MAT-01155,942,942,0
ALC-0006426,WO-2025-001069,MAT-00950,506,506,0
ALC-0006427,WO-2025-001069,MAT-00873,1245,1245,0
ALC-0006428,WO-2025-001069,MAT-01035,1247,1247,0
ALC-0006429,WO-2025-001069,MAT-00449,968,968,0
ALC-0006430,WO-2025-001070,MAT-00209,142,142,0
ALC-0006431,WO-2025-001070,MAT-00925,78,78,0
ALC-0006432,WO-2025-001070,MAT-00729,102,102,0
ALC-0006433,WO-2025-001070,MAT-00517,178,178,0
ALC-0006434,WO-2025-001071,MAT-00944,2138,2138,0
ALC-0006435,WO-2025-001071,MAT-00608,2670,2670,0
ALC-0006436,WO-2025-001071,MAT-00288,4591,4591,0
ALC-0006437,WO-2025-001071,MAT-00265,2575,2575,0
ALC-0006438,WO-2025-001071,MAT-00062,3195,3195,0
ALC-0006439,WO-2025-001072,MAT-00481,458,458,0
ALC-0006440,WO-2025-001072,MAT-00942,326,326,0
ALC-0006441,WO-2025-001072,MAT-00146,377,377,0
ALC-0006442,WO-2025-001072,MAT-00263,215,215,0
ALC-0006443,WO-2025-001072,MAT-00273,174,174,0
ALC-0006444,WO-2025-001072,MAT-00776,353,353,0
ALC-0006445,WO-2025-001072,MAT-00079,152,152,0
ALC-0006446,WO-2025-001072,MAT-00026,100,100,0
ALC-0006447,WO-2025-001073,MAT-00882,377,377,0
ALC-0006448,WO-2025-001073,MAT-00604,400,400,0
ALC-0006449,WO-2025-001073,MAT-00143,117,117,0
ALC-0006450,WO-2025-001073,MAT-01003,333,333,0
ALC-0006451,WO-2025-001074,MAT-00454,64,64,0
ALC-0006452,WO-2025-001074,MAT-00527,152,152,0
ALC-0006453,WO-2025-001074,MAT-00969,125,125,0
ALC-0006454,WO-2025-001074,MAT-00187,203,203,0
ALC-0006455,WO-2025-001075,MAT-01009,273,273,0
ALC-0006456,WO-2025-001075,MAT-00013,258,258,0
ALC-0006457,WO-2025-001075,MAT-00583,107,107,0
ALC-0006458,WO-2025-001075,MAT-00752,178,178,0
ALC-0006459,WO-2025-001075,MAT-01000,389,389,0
ALC-0006460,WO-2025-001075,MAT-00172,272,272,0
ALC-0006461,WO-2025-001075,MAT-00410,205,205,0
ALC-0006462,WO-2025-001076,MAT-00104,294,294,0
ALC-0006463,WO-2025-001076,MAT-01181,482,482,0
ALC-0006464,WO-2025-001076,MAT-00480,204,204,0
ALC-0006465,WO-2025-001076,MAT-00875,414,414,0
ALC-0006466,WO-2025-001076,MAT-00593,447,447,0
ALC-0006467,WO-2025-001077,MAT-00562,357,357,0
ALC-0006468,WO-2025-001077,MAT-01164,263,263,0
ALC-0006469,WO-2025-001077,MAT-00700,153,153,0
ALC-0006470,WO-2025-001077,MAT-01178,203,203,0
ALC-0006471,WO-2025-001077,MAT-00908,463,463,0
ALC-0006472,WO-2025-001077,MAT-00716,493,493,0
ALC-0006473,WO-2025-001077,MAT-00385,258,258,0
ALC-0006474,WO-2025-001077,MAT-00021,339,339,0
ALC-0006475,WO-2025-001078,MAT-00918,3442,3442,0
ALC-0006476,WO-2025-001078,MAT-00645,4637,4637,0
ALC-0006477,WO-2025-001078,MAT-01138,4442,4442,0
ALC-0006478,WO-2025-001078,MAT-01146,2156,2156,0
ALC-0006479,WO-2025-001078,MAT-00334,2567,2567,0
ALC-0006480,WO-2025-001079,MAT-00310,239,239,0
ALC-0006481,WO-2025-001079,MAT-00225,176,176,0
ALC-0006482,WO-2025-001079,MAT-01052,397,397,0
ALC-0006483,WO-2025-001079,MAT-00557,413,413,0
ALC-0006484,WO-2025-001079,MAT-00461,408,408,0
ALC-0006485,WO-2025-001079,MAT-00919,116,116,0
ALC-0006486,WO-2025-001080,MAT-00046,2040,2040,0
ALC-0006487,WO-2025-001080,MAT-00787,4320,4320,0
ALC-0006488,WO-2025-001080,MAT-01175,3015,3015,0
ALC-0006489,WO-2025-001080,MAT-00971,4120,4120,0
ALC-0006490,WO-2025-001081,MAT-01088,173,173,0
ALC-0006491,WO-2025-001081,MAT-01128,226,226,0
ALC-0006492,WO-2025-001081,MAT-00911,106,106,0
ALC-0006493,WO-2025-001081,MAT-01183,133,133,0
ALC-0006494,WO-2025-001082,MAT-00567,64,64,0
ALC-0006495,WO-2025-001082,MAT-00851,81,81,0
ALC-0006496,WO-2025-001082,MAT-00644,156,156,0
ALC-0006497,WO-2025-001082,MAT-01041,118,118,0
ALC-0006498,WO-2025-001082,MAT-00241,137,137,0
ALC-0006499,WO-2025-001082,MAT-00516,90,90,0
ALC-0006500,WO-2025-001082,MAT-00411,104,104,0
ALC-0006501,WO-2025-001083,MAT-00920,515,515,0
ALC-0006502,WO-2025-001083,MAT-00917,1174,1174,0
ALC-0006503,WO-2025-001083,MAT-00771,543,543,0
ALC-0006504,WO-2025-001083,MAT-00222,719,719,0
ALC-0006505,WO-2025-001083,MAT-01149,883,883,0
ALC-0006506,WO-2025-001083,MAT-00057,802,802,0
ALC-0006507,WO-2025-001083,MAT-00849,1129,1129,0
ALC-0006508,WO-2025-001083,MAT-00538,1215,1215,0
ALC-0006509,WO-2025-001084,MAT-01173,1302,1302,0
ALC-0006510,WO-2025-001084,MAT-00544,700,700,0
ALC-0006511,WO-2025-001084,MAT-00725,778,778,0
ALC-0006512,WO-2025-001084,MAT-00231,2207,2207,0
ALC-0006513,WO-2025-001084,MAT-00748,1056,1056,0
ALC-0006514,WO-2025-001084,MAT-00243,1644,1644,0
ALC-0006515,WO-2025-001084,MAT-00590,2182,2182,0
ALC-0006516,WO-2025-001085,MAT-00054,1429,1429,0
ALC-0006517,WO-2025-001085,MAT-00539,4682,4682,0
ALC-0006518,WO-2025-001085,MAT-00317,1434,1434,0
ALC-0006519,WO-2025-001085,MAT-00059,4350,4350,0
ALC-0006520,WO-2025-001085,MAT-00585,2589,2589,0
ALC-0006521,WO-2025-001085,MAT-00053,2247,2247,0
ALC-0006522,WO-2025-001085,MAT-00453,4802,4802,0
ALC-0006523,WO-2025-001085,MAT-00105,3225,3225,0
ALC-0006524,WO-2025-001086,MAT-00420,448,448,0
ALC-0006525,WO-2025-001086,MAT-00541,197,197,0
ALC-0006526,WO-2025-001086,MAT-00431,359,359,0
ALC-0006527,WO-2025-001086,MAT-00046,338,338,0
ALC-0006528,WO-2025-001087,MAT-00562,355,355,0
ALC-0006529,WO-2025-001087,MAT-01079,415,415,0
ALC-0006530,WO-2025-001087,MAT-01194,388,388,0
ALC-0006531,WO-2025-001087,MAT-00709,403,403,0
ALC-0006532,WO-2025-001088,MAT-00024,190,190,0
ALC-0006533,WO-2025-001088,MAT-00771,244,244,0
ALC-0006534,WO-2025-001088,MAT-00871,367,367,0
ALC-0006535,WO-2025-001088,MAT-00901,257,257,0
ALC-0006536,WO-2025-001088,MAT-00342,194,194,0
ALC-0006537,WO-2025-001089,MAT-00520,234,234,0
ALC-0006538,WO-2025-001089,MAT-00868,249,249,0
ALC-0006539,WO-2025-001089,MAT-00381,210,210,0
ALC-0006540,WO-2025-001089,MAT-00640,208,208,0
ALC-0006541,WO-2025-001089,MAT-00364,113,113,0
ALC-0006542,WO-2025-001089,MAT-00419,72,72,0
ALC-0006543,WO-2025-001089,MAT-00010,171,171,0
ALC-0006544,WO-2025-001090,MAT-00845,146,146,0
ALC-0006545,WO-2025-001090,MAT-00518,210,210,0
ALC-0006546,WO-2025-001090,MAT-00640,197,197,0
ALC-0006547,WO-2025-001090,MAT-00881,204,204,0
ALC-0006548,WO-2025-001091,MAT-00358,768,768,0
ALC-0006549,WO-2025-001091,MAT-00330,2361,2361,0
ALC-0006550,WO-2025-001091,MAT-00506,1050,1050,0
ALC-0006551,WO-2025-001091,MAT-00422,1691,1691,0
ALC-0006552,WO-2025-001091,MAT-00672,1504,1504,0
ALC-0006553,WO-2025-001091,MAT-00994,2195,2195,0
ALC-0006554,WO-2025-001091,MAT-00732,1123,1123,0
ALC-0006555,WO-2025-001092,MAT-00637,4616,4616,0
ALC-0006556,WO-2025-001092,MAT-00218,2763,2763,0
ALC-0006557,WO-2025-001092,MAT-00560,2420,2420,0
ALC-0006558,WO-2025-001092,MAT-00851,1262,1262,0
ALC-0006559,WO-2025-001092,MAT-00895,4120,4120,0
ALC-0006560,WO-2025-001092,MAT-00325,3316,3316,0
ALC-0006561,WO-2025-001092,MAT-00555,3440,3440,0
ALC-0006562,WO-2025-001093,MAT-00380,600,600,0
ALC-0006563,WO-2025-001093,MAT-00201,955,955,0
ALC-0006564,WO-2025-001093,MAT-00498,701,701,0
ALC-0006565,WO-2025-001093,MAT-00401,872,872,0
ALC-0006566,WO-2025-001093,MAT-01151,1119,1119,0
ALC-0006567,WO-2025-001093,MAT-00278,1167,1167,0
ALC-0006568,WO-2025-001094,MAT-01121,2369,2369,0
ALC-0006569,WO-2025-001094,MAT-00110,3193,3193,0
ALC-0006570,WO-2025-001094,MAT-00204,2560,2560,0
ALC-0006571,WO-2025-001094,MAT-00141,1562,1562,0
ALC-0006572,WO-2025-001095,MAT-00191,808,808,0
ALC-0006573,WO-2025-001095,MAT-00187,846,846,0
ALC-0006574,WO-2025-001095,MAT-00547,506,506,0
ALC-0006575,WO-2025-001095,MAT-00686,1056,1056,0
ALC-0006576,WO-2025-001095,MAT-00028,604,604,0
ALC-0006577,WO-2025-001095,MAT-01087,683,683,0
ALC-0006578,WO-2025-001095,MAT-00877,1175,1175,0
ALC-0006579,WO-2025-001095,MAT-00963,639,639,0
ALC-0006580,WO-2025-001096,MAT-00998,143,143,0
ALC-0006581,WO-2025-001096,MAT-00494,164,164,0
ALC-0006582,WO-2025-001096,MAT-00428,137,137,0
ALC-0006583,WO-2025-001096,MAT-00394,228,228,0
ALC-0006584,WO-2025-001096,MAT-00888,132,132,0
ALC-0006585,WO-2025-001096,MAT-00874,215,215,0
ALC-0006586,WO-2025-001097,MAT-00051,404,404,0
ALC-0006587,WO-2025-001097,MAT-00298,921,921,0
ALC-0006588,WO-2025-001097,MAT-00337,472,472,0
ALC-0006589,WO-2025-001097,MAT-00476,1085,1085,0
ALC-0006590,WO-2025-001097,MAT-00335,627,627,0
ALC-0006591,WO-2025-001097,MAT-00973,1247,1247,0
ALC-0006592,WO-2025-001098,MAT-01049,929,929,0
ALC-0006593,WO-2025-001098,MAT-00955,1167,1167,0
ALC-0006594,WO-2025-001098,MAT-00706,603,603,0
ALC-0006595,WO-2025-001098,MAT-00641,759,759,0
ALC-0006596,WO-2025-001098,MAT-00321,549,549,0
ALC-0006597,WO-2025-001098,MAT-00789,1025,1025,0
ALC-0006598,WO-2025-001098,MAT-00414,1398,1398,0
ALC-0006599,WO-2025-001099,MAT-00307,118,118,0
ALC-0006600,WO-2025-001099,MAT-01117,233,233,0
ALC-0006601,WO-2025-001099,MAT-00715,193,193,0
ALC-0006602,WO-2025-001099,MAT-00667,150,150,0
ALC-0006603,WO-2025-001100,MAT-00631,1324,1324,0
ALC-0006604,WO-2025-001100,MAT-00846,4148,4148,0
ALC-0006605,WO-2025-001100,MAT-00356,2166,2166,0
ALC-0006606,WO-2025-001100,MAT-00131,2750,2750,0
ALC-0006607,WO-2025-001100,MAT-00359,2914,2914,0
ALC-0006608,WO-2025-001101,MAT-00543,77,77,0
ALC-0006609,WO-2025-001101,MAT-00415,162,162,0
ALC-0006610,WO-2025-001101,MAT-00114,225,225,0
ALC-0006611,WO-2025-001101,MAT-00791,161,161,0
ALC-0006612,WO-2025-001101,MAT-00653,114,114,0
ALC-0006613,WO-2025-001101,MAT-00362,179,179,0
ALC-0006614,WO-2025-001101,MAT-00540,150,150,0
ALC-0006615,WO-2025-001101,MAT-00818,69,69,0
ALC-0006616,WO-2025-001102,MAT-00909,2024,2024,0
ALC-0006617,WO-2025-001102,MAT-00247,1197,1197,0
ALC-0006618,WO-2025-001102,MAT-01071,1416,1416,0
ALC-0006619,WO-2025-001102,MAT-00743,753,753,0
ALC-0006620,WO-2025-001103,MAT-00316,246,246,0
ALC-0006621,WO-2025-001103,MAT-00926,51,51,0
ALC-0006622,WO-2025-001103,MAT-01171,164,164,0
ALC-0006623,WO-2025-001103,MAT-00497,158,158,0
ALC-0006624,WO-2025-001103,MAT-01135,166,166,0
ALC-0006625,WO-2025-001103,MAT-00248,206,206,0
ALC-0006626,WO-2025-001103,MAT-00254,167,167,0
ALC-0006627,WO-2025-001103,MAT-00697,88,88,0
ALC-0006628,WO-2025-001104,MAT-00491,124,124,0
ALC-0006629,WO-2025-001104,MAT-00609,481,481,0
ALC-0006630,WO-2025-001104,MAT-00209,417,417,0
ALC-0006631,WO-2025-001104,MAT-01144,117,117,0
ALC-0006632,WO-2025-001104,MAT-01199,476,476,0
ALC-0006633,WO-2025-001104,MAT-00635,435,435,0
ALC-0006634,WO-2025-001105,MAT-01060,2942,2942,0
ALC-0006635,WO-2025-001105,MAT-00057,2579,2579,0
ALC-0006636,WO-2025-001105,MAT-00253,2413,2413,0
ALC-0006637,WO-2025-001105,MAT-00791,4222,4222,0
ALC-0006638,WO-2025-001105,MAT-00472,3138,3138,0
ALC-0006639,WO-2025-001105,MAT-00047,2037,2037,0
ALC-0006640,WO-2025-001105,MAT-00738,3557,3557,0
ALC-0006641,WO-2025-001105,MAT-00341,2817,2817,0
ALC-0006642,WO-2025-001106,MAT-00801,617,617,0
ALC-0006643,WO-2025-001106,MAT-00628,403,403,0
ALC-0006644,WO-2025-001106,MAT-00470,857,857,0
ALC-0006645,WO-2025-001106,MAT-00201,253,253,0
ALC-0006646,WO-2025-001106,MAT-00882,301,301,0
ALC-0006647,WO-2025-001106,MAT-00490,736,736,0
ALC-0006648,WO-2025-001106,MAT-00284,986,986,0
ALC-0006649,WO-2025-001106,MAT-01188,542,542,0
ALC-0006650,WO-2025-001107,MAT-00389,2022,2022,0
ALC-0006651,WO-2025-001107,MAT-00616,1284,1284,0
ALC-0006652,WO-2025-001107,MAT-00954,799,799,0
ALC-0006653,WO-2025-001107,MAT-00456,872,872,0
ALC-0006654,WO-2025-001107,MAT-01165,1522,1522,0
ALC-0006655,WO-2025-001107,MAT-00074,763,763,0
ALC-0006656,WO-2025-001107,MAT-00133,1166,1166,0
ALC-0006657,WO-2025-001107,MAT-01156,1924,1924,0
ALC-0006658,WO-2025-001108,MAT-00468,3938,3938,0
ALC-0006659,WO-2025-001108,MAT-01015,3498,3498,0
ALC-0006660,WO-2025-001108,MAT-00152,3693,3693,0
ALC-0006661,WO-2025-001108,MAT-00811,3078,3078,0
ALC-0006662,WO-2025-001108,MAT-00638,4979,4979,0
ALC-0006663,WO-2025-001109,MAT-00178,470,470,0
ALC-0006664,WO-2025-001109,MAT-00034,1125,1125,0
ALC-0006665,WO-2025-001109,MAT-00498,1149,1149,0
ALC-0006666,WO-2025-001109,MAT-00557,1222,1222,0
ALC-0006667,WO-2025-001109,MAT-00139,1001,1001,0
ALC-0006668,WO-2025-001109,MAT-00330,656,656,0
ALC-0006669,WO-2025-001110,MAT-00421,1453,1453,0
ALC-0006670,WO-2025-001110,MAT-00505,750,750,0
ALC-0006671,WO-2025-001110,MAT-00393,1956,1956,0
ALC-0006672,WO-2025-001110,MAT-00205,2098,2098,0
ALC-0006673,WO-2025-001111,MAT-00791,626,626,0
ALC-0006674,WO-2025-001111,MAT-00779,1330,1330,0
ALC-0006675,WO-2025-001111,MAT-00282,759,759,0
ALC-0006676,WO-2025-001111,MAT-00854,794,794,0
ALC-0006677,WO-2025-001112,MAT-00910,4265,4265,0
ALC-0006678,WO-2025-001112,MAT-01078,1912,1912,0
ALC-0006679,WO-2025-001112,MAT-01001,4071,4071,0
ALC-0006680,WO-2025-001112,MAT-00318,4040,4040,0
ALC-0006681,WO-2025-001112,MAT-00708,3024,3024,0
ALC-0006682,WO-2025-001113,MAT-00642,797,797,0
ALC-0006683,WO-2025-001113,MAT-00723,365,365,0
ALC-0006684,WO-2025-001113,MAT-00187,1089,1089,0
ALC-0006685,WO-2025-001113,MAT-00385,714,714,0
ALC-0006686,WO-2025-001114,MAT-00631,1311,1311,0
ALC-0006687,WO-2025-001114,MAT-00900,601,601,0
ALC-0006688,WO-2025-001114,MAT-01017,1735,1735,0
ALC-0006689,WO-2025-001114,MAT-00330,1058,1058,0
ALC-0006690,WO-2025-001115,MAT-00362,65,65,0
ALC-0006691,WO-2025-001115,MAT-00485,149,149,0
ALC-0006692,WO-2025-001115,MAT-00955,100,100,0
ALC-0006693,WO-2025-001115,MAT-00702,103,103,0
ALC-0006694,WO-2025-001115,MAT-01090,187,187,0
ALC-0006695,WO-2025-001115,MAT-00185,233,233,0
ALC-0006696,WO-2025-001115,MAT-01046,165,165,0
ALC-0006697,WO-2025-001116,MAT-00233,1394,1394,0
ALC-0006698,WO-2025-001116,MAT-00270,1167,1167,0
ALC-0006699,WO-2025-001116,MAT-00711,1284,1284,0
ALC-0006700,WO-2025-001116,MAT-00397,1593,1593,0
ALC-0006701,WO-2025-001116,MAT-00746,2486,2486,0
ALC-0006702,WO-2025-001116,MAT-00802,1210,1210,0
ALC-0006703,WO-2025-001116,MAT-00762,911,911,0
ALC-0006704,WO-2025-001117,MAT-00684,89,89,0
ALC-0006705,WO-2025-001117,MAT-00045,223,223,0
ALC-0006706,WO-2025-001117,MAT-00905,51,51,0
ALC-0006707,WO-2025-001117,MAT-00337,83,83,0
ALC-0006708,WO-2025-001117,MAT-00397,97,97,0
ALC-0006709,WO-2025-001117,MAT-01026,200,200,0
ALC-0006710,WO-2025-001118,MAT-00162,363,363,0
ALC-0006711,WO-2025-001118,MAT-00564,312,312,0
ALC-0006712,WO-2025-001118,MAT-00905,392,392,0
ALC-0006713,WO-2025-001118,MAT-00249,467,467,0
ALC-0006714,WO-2025-001118,MAT-00132,180,180,0
ALC-0006715,WO-2025-001118,MAT-01036,377,377,0
ALC-0006716,WO-2025-001118,MAT-00487,463,463,0
ALC-0006717,WO-2025-001118,MAT-00187,367,367,0
ALC-0006718,WO-2025-001119,MAT-00205,183,183,0
ALC-0006719,WO-2025-001119,MAT-00729,113,113,0
ALC-0006720,WO-2025-001119,MAT-00056,157,157,0
ALC-0006721,WO-2025-001119,MAT-00345,253,253,0
ALC-0006722,WO-2025-001119,MAT-00757,466,466,0
ALC-0006723,WO-2025-001120,MAT-01067,656,169,487
ALC-0006724,WO-2025-001120,MAT-00042,2242,596,1646
ALC-0006725,WO-2025-001120,MAT-00025,1813,330,1483
ALC-0006726,WO-2025-001120,MAT-00839,693,165,528
ALC-0006727,WO-2025-001120,MAT-00052,1427,503,924
ALC-0006728,WO-2025-001120,MAT-00506,903,94,809
ALC-0006729,WO-2025-001120,MAT-00163,2115,630,1485
ALC-0006730,WO-2025-001120,MAT-00541,929,130,799
ALC-0006731,WO-2025-001121,MAT-00759,210,210,0
ALC-0006732,WO-2025-001121,MAT-01092,154,154,0
ALC-0006733,WO-2025-001121,MAT-00540,180,180,0
ALC-0006734,WO-2025-001121,MAT-00402,216,216,0
ALC-0006735,WO-2025-001121,MAT-01142,87,87,0
ALC-0006736,WO-2025-001121,MAT-00327,199,199,0
ALC-0006737,WO-2025-001122,MAT-00431,3746,3746,0
ALC-0006738,WO-2025-001122,MAT-00133,2621,2621,0
ALC-0006739,WO-2025-001122,MAT-00602,1262,1262,0
ALC-0006740,WO-2025-001122,MAT-00562,4094,4094,0
ALC-0006741,WO-2025-001122,MAT-00191,3784,3784,0
ALC-0006742,WO-2025-001122,MAT-00334,3673,3673,0
ALC-0006743,WO-2025-001123,MAT-00762,2153,2153,0
ALC-0006744,WO-2025-001123,MAT-00290,726,726,0
ALC-0006745,WO-2025-001123,MAT-01013,594,594,0
ALC-0006746,WO-2025-001123,MAT-00084,1769,1769,0
ALC-0006747,WO-2025-001123,MAT-00555,1402,1402,0
ALC-0006748,WO-2025-001123,MAT-00117,1784,1784,0
ALC-0006749,WO-2025-001123,MAT-00499,1424,1424,0
ALC-0006750,WO-2025-001123,MAT-00407,1422,1422,0
ALC-0006751,WO-2025-001124,MAT-00524,271,271,0
ALC-0006752,WO-2025-001124,MAT-00189,297,297,0
ALC-0006753,WO-2025-001124,MAT-00485,242,242,0
ALC-0006754,WO-2025-001124,MAT-00789,104,104,0
ALC-0006755,WO-2025-001125,MAT-00915,4375,4375,0
ALC-0006756,WO-2025-001125,MAT-01188,4383,4383,0
ALC-0006757,WO-2025-001125,MAT-00505,1297,1297,0
ALC-0006758,WO-2025-001125,MAT-00950,3969,3969,0
ALC-0006759,WO-2025-001126,MAT-01073,2392,2392,0
ALC-0006760,WO-2025-001126,MAT-00421,4729,4729,0
ALC-0006761,WO-2025-001126,MAT-00660,1366,1366,0
ALC-0006762,WO-2025-001126,MAT-00064,4700,4700,0
ALC-0006763,WO-2025-001126,MAT-00269,4864,4864,0
ALC-0006764,WO-2025-001127,MAT-00664,2293,2293,0
ALC-0006765,WO-2025-001127,MAT-00877,3160,3160,0
ALC-0006766,WO-2025-001127,MAT-00975,2977,2977,0
ALC-0006767,WO-2025-001127,MAT-00711,2099,2099,0
ALC-0006768,WO-2025-001127,MAT-01020,4997,4997,0
ALC-0006769,WO-2025-001127,MAT-00603,3413,3413,0
ALC-0006770,WO-2025-001128,MAT-00853,486,486,0
ALC-0006771,WO-2025-001128,MAT-00011,901,901,0
ALC-0006772,WO-2025-001128,MAT-00300,1084,1084,0
ALC-0006773,WO-2025-001128,MAT-00890,849,849,0
ALC-0006774,WO-2025-001128,MAT-00154,876,876,0
ALC-0006775,WO-2025-001129,MAT-00990,1227,1227,0
ALC-0006776,WO-2025-001129,MAT-00710,1847,1847,0
ALC-0006777,WO-2025-001129,MAT-00200,647,647,0
ALC-0006778,WO-2025-001129,MAT-00087,1114,1114,0
ALC-0006779,WO-2025-001129,MAT-00535,1129,1129,0
ALC-0006780,WO-2025-001130,MAT-00481,1262,1262,0
ALC-0006781,WO-2025-001130,MAT-00381,2580,2580,0
ALC-0006782,WO-2025-001130,MAT-00406,3540,3540,0
ALC-0006783,WO-2025-001130,MAT-00218,2167,2167,0
ALC-0006784,WO-2025-001130,MAT-00117,3220,3220,0
ALC-0006785,WO-2025-001131,MAT-00945,814,814,0
ALC-0006786,WO-2025-001131,MAT-00298,597,597,0
ALC-0006787,WO-2025-001131,MAT-00343,1127,1127,0
ALC-0006788,WO-2025-001131,MAT-00640,623,623,0
ALC-0006789,WO-2025-001131,MAT-01157,1154,1154,0
ALC-0006790,WO-2025-001132,MAT-01048,2383,2383,0
ALC-0006791,WO-2025-001132,MAT-00459,1292,1292,0
ALC-0006792,WO-2025-001132,MAT-00669,3108,3108,0
ALC-0006793,WO-2025-001132,MAT-01003,1324,1324,0
ALC-0006794,WO-2025-001132,MAT-00843,3900,3900,0
ALC-0006795,WO-2025-001132,MAT-00419,4897,4897,0
ALC-0006796,WO-2025-001133,MAT-00255,508,508,0
ALC-0006797,WO-2025-001133,MAT-01031,629,629,0
ALC-0006798,WO-2025-001133,MAT-01136,688,688,0
ALC-0006799,WO-2025-001133,MAT-00465,729,729,0
ALC-0006800,WO-2025-001133,MAT-00920,686,686,0
ALC-0006801,WO-2025-001133,MAT-00004,2055,2055,0
ALC-0006802,WO-2025-001133,MAT-00325,1575,1575,0
ALC-0006803,WO-2025-001134,MAT-00571,3467,3467,0
ALC-0006804,WO-2025-001134,MAT-00309,1640,1640,0
ALC-0006805,WO-2025-001134,MAT-00803,2704,2704,0
ALC-0006806,WO-2025-001134,MAT-01059,3083,3083,0
ALC-0006807,WO-2025-001134,MAT-01146,3926,3926,0
ALC-0006808,WO-2025-001134,MAT-00128,2337,2337,0
ALC-0006809,WO-2025-001135,MAT-00048,618,618,0
ALC-0006810,WO-2025-001135,MAT-00562,1090,1090,0
ALC-0006811,WO-2025-001135,MAT-00054,627,627,0
ALC-0006812,WO-2025-001135,MAT-00191,722,722,0
ALC-0006813,WO-2025-001135,MAT-00587,692,692,0
ALC-0006814,WO-2025-001135,MAT-00583,996,996,0
ALC-0006815,WO-2025-001135,MAT-00523,772,772,0
ALC-0006816,WO-2025-001136,MAT-00948,267,267,0
ALC-0006817,WO-2025-001136,MAT-01041,486,486,0
ALC-0006818,WO-2025-001136,MAT-00164,373,373,0
ALC-0006819,WO-2025-001136,MAT-00434,255,255,0
ALC-0006820,WO-2025-001136,MAT-01007,454,454,0
ALC-0006821,WO-2025-001136,MAT-00860,489,489,0
ALC-0006822,WO-2025-001136,MAT-00339,344,344,0
ALC-0006823,WO-2025-001136,MAT-00684,164,164,0
ALC-0006824,WO-2025-001137,MAT-00631,2692,2692,0
ALC-0006825,WO-2025-001137,MAT-00895,1125,1125,0
ALC-0006826,WO-2025-001137,MAT-00116,4279,4279,0
ALC-0006827,WO-2025-001137,MAT-01004,3095,3095,0
ALC-0006828,WO-2025-001138,MAT-00069,163,163,0
ALC-0006829,WO-2025-001138,MAT-00152,193,193,0
ALC-0006830,WO-2025-001138,MAT-00470,178,178,0
ALC-0006831,WO-2025-001138,MAT-00527,68,68,0
ALC-0006832,WO-2025-001138,MAT-00384,124,124,0
ALC-0006833,WO-2025-001139,MAT-00135,3663,3663,0
ALC-0006834,WO-2025-001139,MAT-00533,2015,2015,0
ALC-0006835,WO-2025-001139,MAT-00148,2249,2249,0
ALC-0006836,WO-2025-001139,MAT-01184,2418,2418,0
ALC-0006837,WO-2025-001139,MAT-00874,4034,4034,0
ALC-0006838,WO-2025-001139,MAT-00152,2574,2574,0
ALC-0006839,WO-2025-001140,MAT-00103,1003,1003,0
ALC-0006840,WO-2025-001140,MAT-01082,1137,1137,0
ALC-0006841,WO-2025-001140,MAT-01111,435,435,0
ALC-0006842,WO-2025-001140,MAT-00938,333,333,0
ALC-0006843,WO-2025-001140,MAT-00048,1046,1046,0
ALC-0006844,WO-2025-001140,MAT-00981,900,900,0
ALC-0006845,WO-2025-001140,MAT-00975,655,655,0
ALC-0006846,WO-2025-001140,MAT-00237,813,813,0
ALC-0006847,WO-2025-001141,MAT-00700,3615,3615,0
ALC-0006848,WO-2025-001141,MAT-00948,3504,3504,0
ALC-0006849,WO-2025-001141,MAT-00046,3042,3042,0
ALC-0006850,WO-2025-001141,MAT-01144,4440,4440,0
ALC-0006851,WO-2025-001141,MAT-00801,3896,3896,0
ALC-0006852,WO-2025-001142,MAT-00052,127,127,0
ALC-0006853,WO-2025-001142,MAT-00702,85,85,0
ALC-0006854,WO-2025-001142,MAT-00751,199,199,0
ALC-0006855,WO-2025-001142,MAT-01040,226,226,0
ALC-0006856,WO-2025-001142,MAT-00213,157,157,0
ALC-0006857,WO-2025-001142,MAT-00619,160,160,0
ALC-0006858,WO-2025-001142,MAT-00563,72,72,0
ALC-0006859,WO-2025-001142,MAT-00635,72,72,0
ALC-0006860,WO-2025-001143,MAT-00310,68,68,0
ALC-0006861,WO-2025-001143,MAT-00231,56,56,0
ALC-0006862,WO-2025-001143,MAT-00505,72,72,0
ALC-0006863,WO-2025-001143,MAT-00406,192,192,0
ALC-0006864,WO-2025-001143,MAT-00124,197,197,0
ALC-0006865,WO-2025-001143,MAT-00777,221,221,0
ALC-0006866,WO-2025-001144,MAT-00721,121,121,0
ALC-0006867,WO-2025-001144,MAT-00099,57,57,0
ALC-0006868,WO-2025-001144,MAT-00779,90,90,0
ALC-0006869,WO-2025-001144,MAT-00828,142,142,0
ALC-0006870,WO-2025-001145,MAT-00965,749,749,0
ALC-0006871,WO-2025-001145,MAT-00689,1199,1199,0
ALC-0006872,WO-2025-001145,MAT-00363,1044,1044,0
ALC-0006873,WO-2025-001145,MAT-00229,2470,2470,0
ALC-0006874,WO-2025-001145,MAT-00096,1881,1881,0
ALC-0006875,WO-2025-001146,MAT-00699,186,186,0
ALC-0006876,WO-2025-001146,MAT-00481,141,141,0
ALC-0006877,WO-2025-001146,MAT-01193,244,244,0
ALC-0006878,WO-2025-001146,MAT-01003,117,117,0
ALC-0006879,WO-2025-001146,MAT-00803,77,77,0
ALC-0006880,WO-2025-001146,MAT-00555,123,123,0
ALC-0006881,WO-2025-001147,MAT-00383,2046,2046,0
ALC-0006882,WO-2025-001147,MAT-00272,1241,1241,0
ALC-0006883,WO-2025-001147,MAT-00971,3948,3948,0
ALC-0006884,WO-2025-001147,MAT-01064,1410,1410,0
ALC-0006885,WO-2025-001147,MAT-00802,3908,3908,0
ALC-0006886,WO-2025-001147,MAT-00735,4352,4352,0
ALC-0006887,WO-2025-001147,MAT-00221,4399,4399,0
ALC-0006888,WO-2025-001148,MAT-00908,406,406,0
ALC-0006889,WO-2025-001148,MAT-00550,353,353,0
ALC-0006890,WO-2025-001148,MAT-00918,268,268,0
ALC-0006891,WO-2025-001148,MAT-00048,359,359,0
ALC-0006892,WO-2025-001148,MAT-00406,287,287,0
ALC-0006893,WO-2025-001149,MAT-00476,3684,3684,0
ALC-0006894,WO-2025-001149,MAT-00459,4586,4586,0
ALC-0006895,WO-2025-001149,MAT-00681,2933,2933,0
ALC-0006896,WO-2025-001149,MAT-00755,2799,2799,0
ALC-0006897,WO-2025-001149,MAT-01030,2914,2914,0
ALC-0006898,WO-2025-001149,MAT-00418,4166,4166,0
ALC-0006899,WO-2025-001150,MAT-00801,236,236,0
ALC-0006900,WO-2025-001150,MAT-00214,158,158,0
ALC-0006901,WO-2025-001150,MAT-00250,171,171,0
ALC-0006902,WO-2025-001150,MAT-00223,481,481,0
ALC-0006903,WO-2025-001150,MAT-00420,113,113,0
ALC-0006904,WO-2025-001150,MAT-01174,176,176,0
ALC-0006905,WO-2025-001150,MAT-00760,460,460,0
ALC-0006906,WO-2025-001151,MAT-00599,3391,3391,0
ALC-0006907,WO-2025-001151,MAT-00134,1681,1681,0
ALC-0006908,WO-2025-001151,MAT-00163,2745,2745,0
ALC-0006909,WO-2025-001151,MAT-00164,3665,3665,0
ALC-0006910,WO-2025-001151,MAT-00212,4043,4043,0
ALC-0006911,WO-2025-001151,MAT-00575,4190,4190,0
ALC-0006912,WO-2025-001152,MAT-00601,840,840,0
ALC-0006913,WO-2025-001152,MAT-00770,2351,2351,0
ALC-0006914,WO-2025-001152,MAT-00894,1990,1990,0
ALC-0006915,WO-2025-001152,MAT-00516,2298,2298,0
ALC-0006916,WO-2025-001153,MAT-01171,1004,1004,0
ALC-0006917,WO-2025-001153,MAT-00453,2210,2210,0
ALC-0006918,WO-2025-001153,MAT-00542,1118,1118,0
ALC-0006919,WO-2025-001153,MAT-01031,1198,1198,0
ALC-0006920,WO-2025-001153,MAT-00921,1125,1125,0
ALC-0006921,WO-2025-001154,MAT-00278,466,466,0
ALC-0006922,WO-2025-001154,MAT-00455,352,352,0
ALC-0006923,WO-2025-001154,MAT-00984,143,143,0
ALC-0006924,WO-2025-001154,MAT-00201,371,371,0
ALC-0006925,WO-2025-001154,MAT-01017,262,262,0
ALC-0006926,WO-2025-001154,MAT-01040,166,166,0
ALC-0006927,WO-2025-001155,MAT-00376,851,851,0
ALC-0006928,WO-2025-001155,MAT-00515,1200,1200,0
ALC-0006929,WO-2025-001155,MAT-01087,322,322,0
ALC-0006930,WO-2025-001155,MAT-00596,447,447,0
ALC-0006931,WO-2025-001155,MAT-00988,671,671,0
ALC-0006932,WO-2025-001156,MAT-00447,207,207,0
ALC-0006933,WO-2025-001156,MAT-01163,235,235,0
ALC-0006934,WO-2025-001156,MAT-00615,132,132,0
ALC-0006935,WO-2025-001156,MAT-00098,123,123,0
ALC-0006936,WO-2025-001156,MAT-00023,223,223,0
ALC-0006937,WO-2025-001156,MAT-00504,118,118,0
ALC-0006938,WO-2025-001156,MAT-00213,163,163,0
ALC-0006939,WO-2025-001157,MAT-00047,214,214,0
ALC-0006940,WO-2025-001157,MAT-00212,305,305,0
ALC-0006941,WO-2025-001157,MAT-00546,357,357,0
ALC-0006942,WO-2025-001157,MAT-01155,206,206,0
ALC-0006943,WO-2025-001158,MAT-00824,869,869,0
ALC-0006944,WO-2025-001158,MAT-01016,1015,1015,0
ALC-0006945,WO-2025-001158,MAT-00644,517,517,0
ALC-0006946,WO-2025-001158,MAT-00058,771,771,0
ALC-0006947,WO-2025-001158,MAT-00624,997,997,0
ALC-0006948,WO-2025-001158,MAT-00330,1194,1194,0
ALC-0006949,WO-2025-001158,MAT-00450,442,442,0
ALC-0006950,WO-2025-001159,MAT-01009,4431,4431,0
ALC-0006951,WO-2025-001159,MAT-00829,2103,2103,0
ALC-0006952,WO-2025-001159,MAT-00822,3179,3179,0
ALC-0006953,WO-2025-001159,MAT-00448,2519,2519,0
ALC-0006954,WO-2025-001159,MAT-00113,3426,3426,0
ALC-0006955,WO-2025-001159,MAT-01045,4212,4212,0
ALC-0006956,WO-2025-001159,MAT-00999,2816,2816,0
ALC-0006957,WO-2025-001160,MAT-00374,872,872,0
ALC-0006958,WO-2025-001160,MAT-00826,1221,1221,0
ALC-0006959,WO-2025-001160,MAT-01004,407,407,0
ALC-0006960,WO-2025-001160,MAT-01198,1067,1067,0
ALC-0006961,WO-2025-001160,MAT-00112,938,938,0
ALC-0006962,WO-2025-001161,MAT-00478,1461,1461,0
ALC-0006963,WO-2025-001161,MAT-00746,1014,1014,0
ALC-0006964,WO-2025-001161,MAT-00989,1816,1816,0
ALC-0006965,WO-2025-001161,MAT-00628,949,949,0
ALC-0006966,WO-2025-001161,MAT-01122,1343,1343,0
ALC-0006967,WO-2025-001161,MAT-00914,1977,1977,0
ALC-0006968,WO-2025-001162,MAT-00010,219,219,0
ALC-0006969,WO-2025-001162,MAT-00535,452,452,0
ALC-0006970,WO-2025-001162,MAT-00490,240,240,0
ALC-0006971,WO-2025-001162,MAT-00160,310,310,0
ALC-0006972,WO-2025-001162,MAT-01164,101,101,0
ALC-0006973,WO-2025-001162,MAT-00764,262,262,0
ALC-0006974,WO-2025-001162,MAT-00734,430,430,0
ALC-0006975,WO-2025-001163,MAT-00825,480,480,0
ALC-0006976,WO-2025-001163,MAT-00347,284,284,0
ALC-0006977,WO-2025-001163,MAT-00075,270,270,0
ALC-0006978,WO-2025-001163,MAT-00735,428,428,0
ALC-0006979,WO-2025-001163,MAT-00124,259,259,0
ALC-0006980,WO-2025-001163,MAT-00857,213,213,0
ALC-0006981,WO-2025-001164,MAT-01009,2629,2629,0
ALC-0006982,WO-2025-001164,MAT-00463,4054,4054,0
ALC-0006983,WO-2025-001164,MAT-00549,3330,3330,0
ALC-0006984,WO-2025-001164,MAT-00815,3215,3215,0
ALC-0006985,WO-2025-001164,MAT-00073,2254,2254,0
ALC-0006986,WO-2025-001164,MAT-00003,1484,1484,0
ALC-0006987,WO-2025-001165,MAT-00089,2167,2167,0
ALC-0006988,WO-2025-001165,MAT-00963,715,715,0
ALC-0006989,WO-2025-001165,MAT-00212,897,897,0
ALC-0006990,WO-2025-001165,MAT-00205,1795,1795,0
ALC-0006991,WO-2025-001165,MAT-00622,820,820,0
ALC-0006992,WO-2025-001165,MAT-00301,1883,1883,0
ALC-0006993,WO-2025-001165,MAT-00051,1993,1993,0
ALC-0006994,WO-2025-001165,MAT-00356,1591,1591,0
ALC-0006995,WO-2025-001166,MAT-01133,1046,1046,0
ALC-0006996,WO-2025-001166,MAT-01195,3574,3574,0
ALC-0006997,WO-2025-001166,MAT-01200,1664,1664,0
ALC-0006998,WO-2025-001166,MAT-00379,1071,1071,0
ALC-0006999,WO-2025-001167,MAT-00887,2526,2526,0
ALC-0007000,WO-2025-001167,MAT-00482,4804,4804,0
ALC-0007001,WO-2025-001167,MAT-01123,3642,3642,0
ALC-0007002,WO-2025-001167,MAT-00586,2910,2910,0
ALC-0007003,WO-2025-001167,MAT-01035,2308,2308,0
ALC-0007004,WO-2025-001167,MAT-00127,3846,3846,0
ALC-0007005,WO-2025-001168,MAT-00614,206,206,0
ALC-0007006,WO-2025-001168,MAT-00555,132,132,0
ALC-0007007,WO-2025-001168,MAT-01164,159,159,0
ALC-0007008,WO-2025-001168,MAT-00853,176,176,0
ALC-0007009,WO-2025-001168,MAT-00737,238,238,0
ALC-0007010,WO-2025-001168,MAT-00714,190,190,0
ALC-0007011,WO-2025-001168,MAT-01183,52,52,0
ALC-0007012,WO-2025-001169,MAT-00608,129,129,0
ALC-0007013,WO-2025-001169,MAT-00554,437,437,0
ALC-0007014,WO-2025-001169,MAT-00336,377,377,0
ALC-0007015,WO-2025-001169,MAT-00318,174,174,0
ALC-0007016,WO-2025-001169,MAT-00052,261,261,0
ALC-0007017,WO-2025-001170,MAT-00035,480,480,0
ALC-0007018,WO-2025-001170,MAT-00195,745,745,0
ALC-0007019,WO-2025-001170,MAT-00381,1111,1111,0
ALC-0007020,WO-2025-001170,MAT-00862,961,961,0
ALC-0007021,WO-2025-001170,MAT-00952,1070,1070,0
ALC-0007022,WO-2025-001170,MAT-00016,477,477,0
ALC-0007023,WO-2025-001170,MAT-01009,555,555,0
ALC-0007024,WO-2025-001170,MAT-01197,743,743,0
ALC-0007025,WO-2025-001171,MAT-01133,2768,2768,0
ALC-0007026,WO-2025-001171,MAT-00386,2851,2851,0
ALC-0007027,WO-2025-001171,MAT-00086,1200,1200,0
ALC-0007028,WO-2025-001171,MAT-00966,1192,1192,0
ALC-0007029,WO-2025-001171,MAT-00657,1019,1019,0
ALC-0007030,WO-2025-001171,MAT-00379,2891,2891,0
ALC-0007031,WO-2025-001172,MAT-01121,1628,1628,0
ALC-0007032,WO-2025-001172,MAT-01182,2843,2843,0
ALC-0007033,WO-2025-001172,MAT-00661,4883,4883,0
ALC-0007034,WO-2025-001172,MAT-00349,2793,2793,0
ALC-0007035,WO-2025-001172,MAT-00239,1799,1799,0
ALC-0007036,WO-2025-001172,MAT-00565,3662,3662,0
ALC-0007037,WO-2025-001172,MAT-00663,1044,1044,0
ALC-0007038,WO-2025-001172,MAT-01006,1206,1206,0
ALC-0007039,WO-2025-001173,MAT-00800,2019,2019,0
ALC-0007040,WO-2025-001173,MAT-00435,1527,1527,0
ALC-0007041,WO-2025-001173,MAT-00590,1030,1030,0
ALC-0007042,WO-2025-001173,MAT-00075,1576,1576,0
ALC-0007043,WO-2025-001173,MAT-00272,993,993,0
ALC-0007044,WO-2025-001173,MAT-00722,1717,1717,0
ALC-0007045,WO-2025-001173,MAT-00110,1035,1035,0
ALC-0007046,WO-2025-001174,MAT-00209,1217,1217,0
ALC-0007047,WO-2025-001174,MAT-00492,973,973,0
ALC-0007048,WO-2025-001174,MAT-00880,1154,1154,0
ALC-0007049,WO-2025-001174,MAT-01195,558,558,0
ALC-0007050,WO-2025-001174,MAT-00313,737,737,0
ALC-0007051,WO-2025-001174,MAT-00961,355,355,0
ALC-0007052,WO-2025-001174,MAT-00235,687,687,0
ALC-0007053,WO-2025-001175,MAT-00323,248,248,0
ALC-0007054,WO-2025-001175,MAT-00434,80,80,0
ALC-0007055,WO-2025-001175,MAT-00559,81,81,0
ALC-0007056,WO-2025-001175,MAT-00957,82,82,0
ALC-0007057,WO-2025-001175,MAT-00749,108,108,0
ALC-0007058,WO-2025-001176,MAT-00739,139,139,0
ALC-0007059,WO-2025-001176,MAT-00364,117,117,0
ALC-0007060,WO-2025-001176,MAT-00932,154,154,0
ALC-0007061,WO-2025-001176,MAT-00761,119,119,0
ALC-0007062,WO-2025-001176,MAT-00904,233,233,0
ALC-0007063,WO-2025-001177,MAT-01045,2385,2385,0
ALC-0007064,WO-2025-001177,MAT-00752,1348,1348,0
ALC-0007065,WO-2025-001177,MAT-00615,967,967,0
ALC-0007066,WO-2025-001177,MAT-00943,1722,1722,0
ALC-0007067,WO-2025-001177,MAT-00871,1472,1472,0
ALC-0007068,WO-2025-001177,MAT-00671,1372,1372,0
ALC-0007069,WO-2025-001178,MAT-01158,216,216,0
ALC-0007070,WO-2025-001178,MAT-00955,92,92,0
ALC-0007071,WO-2025-001178,MAT-01156,229,229,0
ALC-0007072,WO-2025-001178,MAT-01195,226,226,0
ALC-0007073,WO-2025-001178,MAT-00896,235,235,0
ALC-0007074,WO-2025-001178,MAT-00034,133,133,0
ALC-0007075,WO-2025-001178,MAT-00354,150,150,0
ALC-0007076,WO-2025-001178,MAT-00786,153,153,0
ALC-0007077,WO-2025-001179,MAT-00005,111,111,0
ALC-0007078,WO-2025-001179,MAT-00347,177,177,0
ALC-0007079,WO-2025-001179,MAT-00676,63,63,0
ALC-0007080,WO-2025-001179,MAT-00530,179,179,0
ALC-0007081,WO-2025-001179,MAT-01104,173,173,0
ALC-0007082,WO-2025-001179,MAT-00233,209,209,0
ALC-0007083,WO-2025-001179,MAT-00036,90,90,0
ALC-0007084,WO-2025-001179,MAT-00245,162,162,0
ALC-0007085,WO-2025-001180,MAT-00147,185,185,0
ALC-0007086,WO-2025-001180,MAT-00403,216,216,0
ALC-0007087,WO-2025-001180,MAT-01059,98,98,0
ALC-0007088,WO-2025-001180,MAT-00615,85,85,0
ALC-0007089,WO-2025-001180,MAT-01138,107,107,0
ALC-0007090,WO-2025-001180,MAT-01131,230,230,0
ALC-0007091,WO-2025-001181,MAT-00825,108,108,0
ALC-0007092,WO-2025-001181,MAT-00725,230,230,0
ALC-0007093,WO-2025-001181,MAT-00830,63,63,0
ALC-0007094,WO-2025-001181,MAT-00674,249,249,0
ALC-0007095,WO-2025-001181,MAT-00186,146,146,0
ALC-0007096,WO-2025-001181,MAT-00007,112,112,0
ALC-0007097,WO-2025-001182,MAT-00639,409,409,0
ALC-0007098,WO-2025-001182,MAT-00656,264,264,0
ALC-0007099,WO-2025-001182,MAT-01106,111,111,0
ALC-0007100,WO-2025-001182,MAT-00002,111,111,0
ALC-0007101,WO-2025-001182,MAT-00248,359,359,0
ALC-0007102,WO-2025-001182,MAT-00713,153,153,0
ALC-0007103,WO-2025-001182,MAT-00233,109,109,0
ALC-0007104,WO-2025-001183,MAT-00420,3655,3655,0
ALC-0007105,WO-2025-001183,MAT-00961,4777,4777,0
ALC-0007106,WO-2025-001183,MAT-00482,3251,3251,0
ALC-0007107,WO-2025-001183,MAT-00921,3519,3519,0
ALC-0007108,WO-2025-001183,MAT-01199,2823,2823,0
ALC-0007109,WO-2025-001183,MAT-01183,3030,3030,0
ALC-0007110,WO-2025-001183,MAT-00217,3693,3693,0
ALC-0007111,WO-2025-001183,MAT-00960,1398,1398,0
ALC-0007112,WO-2025-001184,MAT-00824,213,213,0
ALC-0007113,WO-2025-001184,MAT-01063,315,315,0
ALC-0007114,WO-2025-001184,MAT-00789,366,366,0
ALC-0007115,WO-2025-001184,MAT-00708,327,327,0
ALC-0007116,WO-2025-001185,MAT-01011,148,148,0
ALC-0007117,WO-2025-001185,MAT-00087,161,161,0
ALC-0007118,WO-2025-001185,MAT-00424,201,201,0
ALC-0007119,WO-2025-001185,MAT-00658,222,222,0
ALC-0007120,WO-2025-001185,MAT-01049,100,100,0
ALC-0007121,WO-2025-001185,MAT-01116,60,60,0
ALC-0007122,WO-2025-001185,MAT-01125,66,66,0
ALC-0007123,WO-2025-001186,MAT-00727,1453,1453,0
ALC-0007124,WO-2025-001186,MAT-00643,2455,2455,0
ALC-0007125,WO-2025-001186,MAT-00545,1478,1478,0
ALC-0007126,WO-2025-001186,MAT-00345,709,709,0
ALC-0007127,WO-2025-001187,MAT-01087,303,303,0
ALC-0007128,WO-2025-001187,MAT-00327,300,300,0
ALC-0007129,WO-2025-001187,MAT-00402,373,373,0
ALC-0007130,WO-2025-001187,MAT-00713,449,449,0
ALC-0007131,WO-2025-001187,MAT-00444,233,233,0
ALC-0007132,WO-2025-001187,MAT-00348,353,353,0
ALC-0007133,WO-2025-001187,MAT-01054,286,286,0
ALC-0007134,WO-2025-001187,MAT-00439,243,243,0
ALC-0007135,WO-2025-001188,MAT-01126,289,289,0
ALC-0007136,WO-2025-001188,MAT-01019,901,901,0
ALC-0007137,WO-2025-001188,MAT-00386,807,807,0
ALC-0007138,WO-2025-001188,MAT-00941,706,706,0
ALC-0007139,WO-2025-001188,MAT-00137,661,661,0
ALC-0007140,WO-2025-001188,MAT-00945,472,472,0
ALC-0007141,WO-2025-001189,MAT-00108,763,763,0
ALC-0007142,WO-2025-001189,MAT-00038,868,868,0
ALC-0007143,WO-2025-001189,MAT-00853,356,356,0
ALC-0007144,WO-2025-001189,MAT-00660,1211,1211,0
ALC-0007145,WO-2025-001189,MAT-00557,1179,1179,0
ALC-0007146,WO-2025-001189,MAT-00995,269,269,0
ALC-0007147,WO-2025-001189,MAT-01170,1115,1115,0
ALC-0007148,WO-2025-001190,MAT-01004,2150,2150,0
ALC-0007149,WO-2025-001190,MAT-00501,812,812,0
ALC-0007150,WO-2025-001190,MAT-01067,1633,1633,0
ALC-0007151,WO-2025-001190,MAT-00374,1393,1393,0
ALC-0007152,WO-2025-001190,MAT-00585,841,841,0
ALC-0007153,WO-2025-001190,MAT-00085,1802,1802,0
ALC-0007154,WO-2025-001191,MAT-00936,3000,3000,0
ALC-0007155,WO-2025-001191,MAT-00083,1314,1314,0
ALC-0007156,WO-2025-001191,MAT-00376,2420,2420,0
ALC-0007157,WO-2025-001191,MAT-00558,2589,2589,0
ALC-0007158,WO-2025-001191,MAT-00224,2817,2817,0
ALC-0007159,WO-2025-001191,MAT-00799,1899,1899,0
ALC-0007160,WO-2025-001191,MAT-00557,1905,1905,0
ALC-0007161,WO-2025-001192,MAT-00639,630,630,0
ALC-0007162,WO-2025-001192,MAT-00615,300,300,0
ALC-0007163,WO-2025-001192,MAT-00191,1048,1048,0
ALC-0007164,WO-2025-001192,MAT-00306,459,459,0
ALC-0007165,WO-2025-001192,MAT-00531,745,745,0
ALC-0007166,WO-2025-001192,MAT-00957,292,292,0
ALC-0007167,WO-2025-001192,MAT-00782,596,596,0
ALC-0007168,WO-2025-001192,MAT-00906,305,305,0
ALC-0007169,WO-2025-001193,MAT-00005,3701,3701,0
ALC-0007170,WO-2025-001193,MAT-01134,4828,4828,0
ALC-0007171,WO-2025-001193,MAT-00162,4052,4052,0
ALC-0007172,WO-2025-001193,MAT-00861,3410,3410,0
ALC-0007173,WO-2025-001193,MAT-00849,2852,2852,0
ALC-0007174,WO-2025-001194,MAT-00104,1043,1043,0
ALC-0007175,WO-2025-001194,MAT-01074,1885,1885,0
ALC-0007176,WO-2025-001194,MAT-00864,833,833,0
ALC-0007177,WO-2025-001194,MAT-00315,1470,1470,0
ALC-0007178,WO-2025-001194,MAT-01078,585,585,0
ALC-0007179,WO-2025-001194,MAT-01085,1076,1076,0
ALC-0007180,WO-2025-001194,MAT-00565,2254,2254,0
ALC-0007181,WO-2025-001195,MAT-00686,67,67,0
ALC-0007182,WO-2025-001195,MAT-00644,215,215,0
ALC-0007183,WO-2025-001195,MAT-00386,219,219,0
ALC-0007184,WO-2025-001195,MAT-00490,148,148,0
ALC-0007185,WO-2025-001195,MAT-00685,245,245,0
ALC-0007186,WO-2025-001195,MAT-01025,185,185,0
ALC-0007187,WO-2025-001195,MAT-00783,52,52,0
ALC-0007188,WO-2025-001196,MAT-00089,129,129,0
ALC-0007189,WO-2025-001196,MAT-00122,82,82,0
ALC-0007190,WO-2025-001196,MAT-00011,81,81,0
ALC-0007191,WO-2025-001196,MAT-00185,156,156,0
ALC-0007192,WO-2025-001196,MAT-00040,152,152,0
ALC-0007193,WO-2025-001196,MAT-00737,55,55,0
ALC-0007194,WO-2025-001197,MAT-00789,657,657,0
ALC-0007195,WO-2025-001197,MAT-00008,1228,1228,0
ALC-0007196,WO-2025-001197,MAT-00549,864,864,0
ALC-0007197,WO-2025-001197,MAT-00884,1154,1154,0
ALC-0007198,WO-2025-001198,MAT-00948,625,625,0
ALC-0007199,WO-2025-001198,MAT-00753,991,991,0
ALC-0007200,WO-2025-001198,MAT-00590,1184,1184,0
ALC-0007201,WO-2025-001198,MAT-00746,462,462,0
ALC-0007202,WO-2025-001198,MAT-00335,640,640,0
ALC-0007203,WO-2025-001198,MAT-00023,310,310,0
ALC-0007204,WO-2025-001198,MAT-00245,761,761,0
ALC-0007205,WO-2025-001199,MAT-01026,1937,1937,0
ALC-0007206,WO-2025-001199,MAT-01027,3129,3129,0
ALC-0007207,WO-2025-001199,MAT-00767,1176,1176,0
ALC-0007208,WO-2025-001199,MAT-00553,4119,4119,0
ALC-0007209,WO-2025-001199,MAT-00676,2968,2968,0
ALC-0007210,WO-2025-001199,MAT-00118,1224,1224,0
ALC-0007211,WO-2025-001199,MAT-01156,1057,1057,0
ALC-0007212,WO-2025-001200,MAT-00147,134,134,0
ALC-0007213,WO-2025-001200,MAT-00883,132,132,0
ALC-0007214,WO-2025-001200,MAT-00121,107,107,0
ALC-0007215,WO-2025-001200,MAT-00595,184,184,0
ALC-0007216,WO-2025-001200,MAT-00262,189,189,0
ALC-0007217,WO-2025-001201,MAT-00069,876,876,0
ALC-0007218,WO-2025-001201,MAT-00843,679,679,0
ALC-0007219,WO-2025-001201,MAT-00755,757,757,0
ALC-0007220,WO-2025-001201,MAT-00243,662,662,0
ALC-0007221,WO-2025-001202,MAT-00018,489,489,0
ALC-0007222,WO-2025-001202,MAT-00112,477,477,0
ALC-0007223,WO-2025-001202,MAT-01071,219,219,0
ALC-0007224,WO-2025-001202,MAT-00966,273,273,0
ALC-0007225,WO-2025-001202,MAT-00469,247,247,0
ALC-0007226,WO-2025-001202,MAT-00071,209,209,0
ALC-0007227,WO-2025-001203,MAT-00913,976,976,0
ALC-0007228,WO-2025-001203,MAT-00033,941,941,0
ALC-0007229,WO-2025-001203,MAT-00447,1031,1031,0
ALC-0007230,WO-2025-001203,MAT-00365,579,579,0
ALC-0007231,WO-2025-001203,MAT-01146,708,708,0
ALC-0007232,WO-2025-001203,MAT-01103,580,580,0
ALC-0007233,WO-2025-001204,MAT-00077,87,87,0
ALC-0007234,WO-2025-001204,MAT-00822,228,228,0
ALC-0007235,WO-2025-001204,MAT-00564,141,141,0
ALC-0007236,WO-2025-001204,MAT-01154,152,152,0
ALC-0007237,WO-2025-001204,MAT-00859,238,238,0
ALC-0007238,WO-2025-001205,MAT-00566,603,603,0
ALC-0007239,WO-2025-001205,MAT-00735,1055,1055,0
ALC-0007240,WO-2025-001205,MAT-00568,1226,1226,0
ALC-0007241,WO-2025-001205,MAT-00841,529,529,0
ALC-0007242,WO-2025-001205,MAT-00920,735,735,0
ALC-0007243,WO-2025-001205,MAT-01190,565,565,0
ALC-0007244,WO-2025-001206,MAT-00255,4111,4111,0
ALC-0007245,WO-2025-001206,MAT-00709,2544,2544,0
ALC-0007246,WO-2025-001206,MAT-01173,2783,2783,0
ALC-0007247,WO-2025-001206,MAT-00357,1350,1350,0
ALC-0007248,WO-2025-001206,MAT-00898,1291,1291,0
ALC-0007249,WO-2025-001206,MAT-00209,1464,1464,0
ALC-0007250,WO-2025-001206,MAT-00252,3766,3766,0
ALC-0007251,WO-2025-001206,MAT-00223,2951,2951,0
ALC-0007252,WO-2025-001207,MAT-00459,362,362,0
ALC-0007253,WO-2025-001207,MAT-00403,939,939,0
ALC-0007254,WO-2025-001207,MAT-00104,1067,1067,0
ALC-0007255,WO-2025-001207,MAT-01189,759,759,0
ALC-0007256,WO-2025-001207,MAT-00802,873,873,0
ALC-0007257,WO-2025-001207,MAT-00827,847,847,0
ALC-0007258,WO-2025-001208,MAT-00234,526,526,0
ALC-0007259,WO-2025-001208,MAT-00916,731,731,0
ALC-0007260,WO-2025-001208,MAT-00501,720,720,0
ALC-0007261,WO-2025-001208,MAT-01057,413,413,0
ALC-0007262,WO-2025-001208,MAT-00753,273,273,0
ALC-0007263,WO-2025-001209,MAT-00104,399,399,0
ALC-0007264,WO-2025-001209,MAT-00627,357,357,0
ALC-0007265,WO-2025-001209,MAT-00439,419,419,0
ALC-0007266,WO-2025-001209,MAT-00914,339,339,0
ALC-0007267,WO-2025-001209,MAT-00845,309,309,0
ALC-0007268,WO-2025-001209,MAT-01190,310,310,0
ALC-0007269,WO-2025-001210,MAT-01082,429,429,0
ALC-0007270,WO-2025-001210,MAT-00506,118,118,0
ALC-0007271,WO-2025-001210,MAT-00052,487,487,0
ALC-0007272,WO-2025-001210,MAT-00990,113,113,0
ALC-0007273,WO-2025-001210,MAT-00244,204,204,0
ALC-0007274,WO-2025-001210,MAT-01116,333,333,0
ALC-0007275,WO-2025-001211,MAT-00543,447,447,0
ALC-0007276,WO-2025-001211,MAT-00201,293,293,0
ALC-0007277,WO-2025-001211,MAT-01147,373,373,0
ALC-0007278,WO-2025-001211,MAT-00581,469,469,0
ALC-0007279,WO-2025-001211,MAT-00446,106,106,0
ALC-0007280,WO-2025-001212,MAT-00941,1051,1051,0
ALC-0007281,WO-2025-001212,MAT-00522,1744,1744,0
ALC-0007282,WO-2025-001212,MAT-00979,642,642,0
ALC-0007283,WO-2025-001212,MAT-00006,691,691,0
ALC-0007284,WO-2025-001213,MAT-00363,1883,1883,0
ALC-0007285,WO-2025-001213,MAT-00366,1600,1600,0
ALC-0007286,WO-2025-001213,MAT-00245,926,926,0
ALC-0007287,WO-2025-001213,MAT-01055,1391,1391,0
ALC-0007288,WO-2025-001213,MAT-00304,1941,1941,0
ALC-0007289,WO-2025-001214,MAT-01031,3142,3142,0
ALC-0007290,WO-2025-001214,MAT-00398,4635,4635,0
ALC-0007291,WO-2025-001214,MAT-00357,1865,1865,0
ALC-0007292,WO-2025-001214,MAT-01039,2326,2326,0
ALC-0007293,WO-2025-001215,MAT-00315,532,532,0
ALC-0007294,WO-2025-001215,MAT-00053,1038,1038,0
ALC-0007295,WO-2025-001215,MAT-00707,265,265,0
ALC-0007296,WO-2025-001215,MAT-00561,436,436,0
ALC-0007297,WO-2025-001215,MAT-00921,479,479,0
ALC-0007298,WO-2025-001215,MAT-00541,775,775,0
ALC-0007299,WO-2025-001215,MAT-00060,760,760,0
ALC-0007300,WO-2025-001216,MAT-00147,3256,3256,0
ALC-0007301,WO-2025-001216,MAT-01078,3662,3662,0
ALC-0007302,WO-2025-001216,MAT-01115,4863,4863,0
ALC-0007303,WO-2025-001216,MAT-01084,2099,2099,0
ALC-0007304,WO-2025-001217,MAT-00332,409,409,0
ALC-0007305,WO-2025-001217,MAT-00291,1060,1060,0
ALC-0007306,WO-2025-001217,MAT-00675,564,564,0
ALC-0007307,WO-2025-001217,MAT-00149,424,424,0
ALC-0007308,WO-2025-001218,MAT-00837,175,175,0
ALC-0007309,WO-2025-001218,MAT-01130,128,128,0
ALC-0007310,WO-2025-001218,MAT-00890,143,143,0
ALC-0007311,WO-2025-001218,MAT-00036,248,248,0
ALC-0007312,WO-2025-001218,MAT-00172,236,236,0
ALC-0007313,WO-2025-001218,MAT-00275,172,172,0
ALC-0007314,WO-2025-001218,MAT-00099,143,143,0
ALC-0007315,WO-2025-001219,MAT-00599,1155,1155,0
ALC-0007316,WO-2025-001219,MAT-00144,1621,1621,0
ALC-0007317,WO-2025-001219,MAT-00822,774,774,0
ALC-0007318,WO-2025-001219,MAT-00978,1091,1091,0
ALC-0007319,WO-2025-001219,MAT-00486,2268,2268,0
ALC-0007320,WO-2025-001219,MAT-00738,579,579,0
ALC-0007321,WO-2025-001219,MAT-00891,911,911,0
ALC-0007322,WO-2025-001219,MAT-00520,2252,2252,0
ALC-0007323,WO-2025-001220,MAT-01158,4329,4329,0
ALC-0007324,WO-2025-001220,MAT-00333,1264,1264,0
ALC-0007325,WO-2025-001220,MAT-00353,3976,3976,0
ALC-0007326,WO-2025-001220,MAT-00511,1367,1367,0
ALC-0007327,WO-2025-001220,MAT-00229,1031,1031,0
ALC-0007328,WO-2025-001220,MAT-01118,3093,3093,0
ALC-0007329,WO-2025-001221,MAT-00481,867,151,716
ALC-0007330,WO-2025-001221,MAT-00837,762,168,594
ALC-0007331,WO-2025-001221,MAT-00817,409,108,301
ALC-0007332,WO-2025-001221,MAT-00080,1246,186,1060
ALC-0007333,WO-2025-001221,MAT-00730,894,166,728
ALC-0007334,WO-2025-001221,MAT-00651,913,235,678
ALC-0007335,WO-2025-001221,MAT-00196,1050,368,682
ALC-0007336,WO-2025-001221,MAT-00950,1105,121,984
ALC-0007337,WO-2025-001222,MAT-00001,4716,4716,0
ALC-0007338,WO-2025-001222,MAT-00874,2940,2940,0
ALC-0007339,WO-2025-001222,MAT-00491,2893,2893,0
ALC-0007340,WO-2025-001222,MAT-00242,3320,3320,0
ALC-0007341,WO-2025-001222,MAT-00891,4391,4391,0
ALC-0007342,WO-2025-001222,MAT-00390,3754,3754,0
ALC-0007343,WO-2025-001222,MAT-00294,1639,1639,0
ALC-0007344,WO-2025-001222,MAT-00412,3543,3543,0
ALC-0007345,WO-2025-001223,MAT-00510,284,284,0
ALC-0007346,WO-2025-001223,MAT-00043,266,266,0
ALC-0007347,WO-2025-001223,MAT-00162,129,129,0
ALC-0007348,WO-2025-001223,MAT-00823,253,253,0
ALC-0007349,WO-2025-001223,MAT-00759,438,438,0
ALC-0007350,WO-2025-001223,MAT-01036,317,317,0
ALC-0007351,WO-2025-001224,MAT-01006,427,427,0
ALC-0007352,WO-2025-001224,MAT-00338,315,315,0
ALC-0007353,WO-2025-001224,MAT-00707,426,426,0
ALC-0007354,WO-2025-001224,MAT-00787,203,203,0
ALC-0007355,WO-2025-001224,MAT-00241,207,207,0
ALC-0007356,WO-2025-001224,MAT-00640,360,360,0
ALC-0007357,WO-2025-001224,MAT-00233,463,463,0
ALC-0007358,WO-2025-001225,MAT-00017,158,158,0
ALC-0007359,WO-2025-001225,MAT-00254,181,181,0
ALC-0007360,WO-2025-001225,MAT-00643,206,206,0
ALC-0007361,WO-2025-001225,MAT-00033,54,54,0
ALC-0007362,WO-2025-001225,MAT-00550,115,115,0
ALC-0007363,WO-2025-001225,MAT-01184,60,60,0
ALC-0007364,WO-2025-001225,MAT-01162,143,143,0
ALC-0007365,WO-2025-001226,MAT-00284,94,94,0
ALC-0007366,WO-2025-001226,MAT-00197,115,115,0
ALC-0007367,WO-2025-001226,MAT-00461,87,87,0
ALC-0007368,WO-2025-001226,MAT-00971,123,123,0
ALC-0007369,WO-2025-001226,MAT-00901,58,58,0
ALC-0007370,WO-2025-001226,MAT-00096,205,205,0
ALC-0007371,WO-2025-001226,MAT-00072,226,226,0
ALC-0007372,WO-2025-001226,MAT-00098,156,156,0
ALC-0007373,WO-2025-001227,MAT-00839,859,859,0
ALC-0007374,WO-2025-001227,MAT-00881,509,509,0
ALC-0007375,WO-2025-001227,MAT-00463,862,862,0
ALC-0007376,WO-2025-001227,MAT-00033,340,340,0
ALC-0007377,WO-2025-001228,MAT-00557,228,228,0
ALC-0007378,WO-2025-001228,MAT-00030,458,458,0
ALC-0007379,WO-2025-001228,MAT-00519,271,271,0
ALC-0007380,WO-2025-001228,MAT-00263,445,445,0
ALC-0007381,WO-2025-001228,MAT-00695,162,162,0
ALC-0007382,WO-2025-001228,MAT-00589,301,301,0
ALC-0007383,WO-2025-001228,MAT-00253,329,329,0
ALC-0007384,WO-2025-001229,MAT-00824,1630,1630,0
ALC-0007385,WO-2025-001229,MAT-00624,943,943,0
ALC-0007386,WO-2025-001229,MAT-00897,645,645,0
ALC-0007387,WO-2025-001229,MAT-01003,1174,1174,0
ALC-0007388,WO-2025-001229,MAT-01130,586,586,0
ALC-0007389,WO-2025-001230,MAT-00907,1190,1190,0
ALC-0007390,WO-2025-001230,MAT-00454,3580,3580,0
ALC-0007391,WO-2025-001230,MAT-00015,1903,1903,0
ALC-0007392,WO-2025-001230,MAT-00120,3710,3710,0
ALC-0007393,WO-2025-001230,MAT-00325,2973,2973,0
ALC-0007394,WO-2025-001230,MAT-00533,4541,4541,0
ALC-0007395,WO-2025-001230,MAT-00081,3010,3010,0
ALC-0007396,WO-2025-001230,MAT-00996,3455,3455,0
ALC-0007397,WO-2025-001231,MAT-01126,3914,3914,0
ALC-0007398,WO-2025-001231,MAT-00555,4932,4932,0
ALC-0007399,WO-2025-001231,MAT-01103,2886,2886,0
ALC-0007400,WO-2025-001231,MAT-00531,4172,4172,0
ALC-0007401,WO-2025-001231,MAT-00281,1296,1296,0
ALC-0007402,WO-2025-001232,MAT-00053,458,458,0
ALC-0007403,WO-2025-001232,MAT-00011,458,458,0
ALC-0007404,WO-2025-001232,MAT-00087,304,304,0
ALC-0007405,WO-2025-001232,MAT-00392,275,275,0
ALC-0007406,WO-2025-001233,MAT-01082,329,329,0
ALC-0007407,WO-2025-001233,MAT-00551,994,994,0
ALC-0007408,WO-2025-001233,MAT-01141,937,937,0
ALC-0007409,WO-2025-001233,MAT-01035,797,797,0
ALC-0007410,WO-2025-001233,MAT-00407,631,631,0
ALC-0007411,WO-2025-001233,MAT-00714,1178,1178,0
ALC-0007412,WO-2025-001233,MAT-00645,317,317,0
ALC-0007413,WO-2025-001234,MAT-00156,153,153,0
ALC-0007414,WO-2025-001234,MAT-00687,234,234,0
ALC-0007415,WO-2025-001234,MAT-00313,121,121,0
ALC-0007416,WO-2025-001234,MAT-00575,200,200,0
ALC-0007417,WO-2025-001234,MAT-00659,175,175,0
ALC-0007418,WO-2025-001234,MAT-01061,142,142,0
ALC-0007419,WO-2025-001234,MAT-01200,68,68,0
ALC-0007420,WO-2025-001235,MAT-00907,364,364,0
ALC-0007421,WO-2025-001235,MAT-00663,427,427,0
ALC-0007422,WO-2025-001235,MAT-00196,284,284,0
ALC-0007423,WO-2025-001235,MAT-00658,498,498,0
ALC-0007424,WO-2025-001235,MAT-00586,206,206,0
ALC-0007425,WO-2025-001235,MAT-00117,349,349,0
ALC-0007426,WO-2025-001235,MAT-00737,190,190,0
ALC-0007427,WO-2025-001235,MAT-00708,321,321,0
ALC-0007428,WO-2025-001236,MAT-01081,178,178,0
ALC-0007429,WO-2025-001236,MAT-00860,57,57,0
ALC-0007430,WO-2025-001236,MAT-01157,194,194,0
ALC-0007431,WO-2025-001236,MAT-00472,101,101,0
ALC-0007432,WO-2025-001237,MAT-00900,227,227,0
ALC-0007433,WO-2025-001237,MAT-00596,110,110,0
ALC-0007434,WO-2025-001237,MAT-00680,102,102,0
ALC-0007435,WO-2025-001237,MAT-00190,196,196,0
ALC-0007436,WO-2025-001237,MAT-00790,119,119,0
ALC-0007437,WO-2025-001238,MAT-00838,453,453,0
ALC-0007438,WO-2025-001238,MAT-00809,199,199,0
ALC-0007439,WO-2025-001238,MAT-00198,362,362,0
ALC-0007440,WO-2025-001238,MAT-00287,291,291,0
ALC-0007441,WO-2025-001238,MAT-00613,367,367,0
ALC-0007442,WO-2025-001238,MAT-00398,203,203,0
ALC-0007443,WO-2025-001239,MAT-00588,4698,4698,0
ALC-0007444,WO-2025-001239,MAT-00428,2774,2774,0
ALC-0007445,WO-2025-001239,MAT-00722,1837,1837,0
ALC-0007446,WO-2025-001239,MAT-00622,3772,3772,0
ALC-0007447,WO-2025-001239,MAT-01120,2385,2385,0
ALC-0007448,WO-2025-001239,MAT-00891,1118,1118,0
ALC-0007449,WO-2025-001239,MAT-00002,4489,4489,0
ALC-0007450,WO-2025-001239,MAT-00294,4534,4534,0
ALC-0007451,WO-2025-001240,MAT-00725,195,195,0
ALC-0007452,WO-2025-001240,MAT-00470,240,240,0
ALC-0007453,WO-2025-001240,MAT-00909,119,119,0
ALC-0007454,WO-2025-001240,MAT-01080,214,214,0
ALC-0007455,WO-2025-001240,MAT-00828,154,154,0
ALC-0007456,WO-2025-001241,MAT-00406,1052,1052,0
ALC-0007457,WO-2025-001241,MAT-00656,2692,2692,0
ALC-0007458,WO-2025-001241,MAT-00495,3473,3473,0
ALC-0007459,WO-2025-001241,MAT-00092,2833,2833,0
ALC-0007460,WO-2025-001241,MAT-00374,4129,4129,0
ALC-0007461,WO-2025-001242,MAT-00018,492,492,0
ALC-0007462,WO-2025-001242,MAT-00028,255,255,0
ALC-0007463,WO-2025-001242,MAT-01026,264,264,0
ALC-0007464,WO-2025-001242,MAT-00711,251,251,0
ALC-0007465,WO-2025-001242,MAT-00974,231,231,0
ALC-0007466,WO-2025-001243,MAT-01011,3690,3690,0
ALC-0007467,WO-2025-001243,MAT-00436,2421,2421,0
ALC-0007468,WO-2025-001243,MAT-00426,1553,1553,0
ALC-0007469,WO-2025-001243,MAT-01154,1222,1222,0
ALC-0007470,WO-2025-001243,MAT-01169,2935,2935,0
ALC-0007471,WO-2025-001244,MAT-00089,1108,1108,0
ALC-0007472,WO-2025-001244,MAT-00896,627,627,0
ALC-0007473,WO-2025-001244,MAT-00753,983,983,0
ALC-0007474,WO-2025-001244,MAT-00546,1947,1947,0
ALC-0007475,WO-2025-001244,MAT-00448,605,605,0
ALC-0007476,WO-2025-001244,MAT-01099,2044,2044,0
ALC-0007477,WO-2025-001244,MAT-00224,1074,1074,0
ALC-0007478,WO-2025-001245,MAT-00837,868,868,0
ALC-0007479,WO-2025-001245,MAT-00367,539,539,0
ALC-0007480,WO-2025-001245,MAT-00786,824,824,0
ALC-0007481,WO-2025-001245,MAT-00776,668,668,0
ALC-0007482,WO-2025-001245,MAT-00228,731,731,0
ALC-0007483,WO-2025-001245,MAT-00546,1067,1067,0
ALC-0007484,WO-2025-001246,MAT-00759,2350,2350,0
ALC-0007485,WO-2025-001246,MAT-00230,1236,1236,0
ALC-0007486,WO-2025-001246,MAT-00854,1048,1048,0
ALC-0007487,WO-2025-001246,MAT-00860,2333,2333,0
ALC-0007488,WO-2025-001247,MAT-00615,95,95,0
ALC-0007489,WO-2025-001247,MAT-00502,154,154,0
ALC-0007490,WO-2025-001247,MAT-00247,119,119,0
ALC-0007491,WO-2025-001247,MAT-00862,126,126,0
ALC-0007492,WO-2025-001247,MAT-00461,236,236,0
ALC-0007493,WO-2025-001247,MAT-00322,230,230,0
ALC-0007494,WO-2025-001247,MAT-01198,51,51,0
ALC-0007495,WO-2025-001248,MAT-01126,1372,1372,0
ALC-0007496,WO-2025-001248,MAT-00092,2646,2646,0
ALC-0007497,WO-2025-001248,MAT-00533,3156,3156,0
ALC-0007498,WO-2025-001248,MAT-00577,4993,4993,0
ALC-0007499,WO-2025-001248,MAT-00400,2872,2872,0
ALC-0007500,WO-2025-001248,MAT-00343,3696,3696,0
ALC-0007501,WO-2025-001249,MAT-00468,304,304,0
ALC-0007502,WO-2025-001249,MAT-00157,1153,1153,0
ALC-0007503,WO-2025-001249,MAT-00477,751,751,0
ALC-0007504,WO-2025-001249,MAT-00877,567,567,0
ALC-0007505,WO-2025-001249,MAT-00179,1177,1177,0
ALC-0007506,WO-2025-001249,MAT-00770,560,560,0
ALC-0007507,WO-2025-001250,MAT-00156,623,623,0
ALC-0007508,WO-2025-001250,MAT-00564,570,570,0
ALC-0007509,WO-2025-001250,MAT-00951,489,489,0
ALC-0007510,WO-2025-001250,MAT-00842,946,946,0
ALC-0007511,WO-2025-001250,MAT-00409,469,469,0
ALC-0007512,WO-2025-001250,MAT-00100,285,285,0
ALC-0007513,WO-2025-001250,MAT-00857,850,850,0
ALC-0007514,WO-2025-001251,MAT-00612,982,982,0
ALC-0007515,WO-2025-001251,MAT-00701,1007,1007,0
ALC-0007516,WO-2025-001251,MAT-01071,974,974,0
ALC-0007517,WO-2025-001251,MAT-00269,1131,1131,0
ALC-0007518,WO-2025-001251,MAT-00015,554,554,0
ALC-0007519,WO-2025-001251,MAT-00475,512,512,0
ALC-0007520,WO-2025-001251,MAT-00985,370,370,0
ALC-0007521,WO-2025-001252,MAT-00333,395,395,0
ALC-0007522,WO-2025-001252,MAT-00050,399,399,0
ALC-0007523,WO-2025-001252,MAT-00652,348,348,0
ALC-0007524,WO-2025-001252,MAT-00165,247,247,0
ALC-0007525,WO-2025-001252,MAT-00866,113,113,0
ALC-0007526,WO-2025-001252,MAT-00521,199,199,0
ALC-0007527,WO-2025-001253,MAT-00519,698,698,0
ALC-0007528,WO-2025-001253,MAT-00372,584,584,0
ALC-0007529,WO-2025-001253,MAT-01012,791,791,0
ALC-0007530,WO-2025-001253,MAT-01142,651,651,0
ALC-0007531,WO-2025-001254,MAT-00252,510,510,0
ALC-0007532,WO-2025-001254,MAT-00913,534,534,0
ALC-0007533,WO-2025-001254,MAT-00605,1356,1356,0
ALC-0007534,WO-2025-001254,MAT-00873,809,809,0
ALC-0007535,WO-2025-001255,MAT-00421,2828,2828,0
ALC-0007536,WO-2025-001255,MAT-00502,4227,4227,0
ALC-0007537,WO-2025-001255,MAT-00112,4425,4425,0
ALC-0007538,WO-2025-001255,MAT-00029,1754,1754,0
ALC-0007539,WO-2025-001255,MAT-00581,2215,2215,0
ALC-0007540,WO-2025-001255,MAT-00154,4499,4499,0
ALC-0007541,WO-2025-001256,MAT-00476,345,345,0
ALC-0007542,WO-2025-001256,MAT-00368,1102,1102,0
ALC-0007543,WO-2025-001256,MAT-00555,522,522,0
ALC-0007544,WO-2025-001256,MAT-00211,1182,1182,0
ALC-0007545,WO-2025-001256,MAT-00280,504,504,0
ALC-0007546,WO-2025-001257,MAT-01004,1503,1503,0
ALC-0007547,WO-2025-001257,MAT-00552,3027,3027,0
ALC-0007548,WO-2025-001257,MAT-00062,3344,3344,0
ALC-0007549,WO-2025-001257,MAT-00889,4771,4771,0
ALC-0007550,WO-2025-001257,MAT-01130,2521,2521,0
ALC-0007551,WO-2025-001257,MAT-00826,1725,1725,0
ALC-0007552,WO-2025-001257,MAT-00354,4497,4497,0
ALC-0007553,WO-2025-001258,MAT-00069,4690,1034,3656
ALC-0007554,WO-2025-001258,MAT-00095,3087,862,2225
ALC-0007555,WO-2025-001258,MAT-00694,1059,377,682
ALC-0007556,WO-2025-001258,MAT-01112,4003,644,3359
ALC-0007557,WO-2025-001258,MAT-00912,4525,1465,3060
ALC-0007558,WO-2025-001259,MAT-01163,366,366,0
ALC-0007559,WO-2025-001259,MAT-00719,384,384,0
ALC-0007560,WO-2025-001259,MAT-00759,255,255,0
ALC-0007561,WO-2025-001259,MAT-00553,388,388,0
ALC-0007562,WO-2025-001259,MAT-00427,234,234,0
ALC-0007563,WO-2025-001259,MAT-00067,392,392,0
ALC-0007564,WO-2025-001260,MAT-00854,578,578,0
ALC-0007565,WO-2025-001260,MAT-00142,670,670,0
ALC-0007566,WO-2025-001260,MAT-00009,761,761,0
ALC-0007567,WO-2025-001260,MAT-00723,504,504,0
ALC-0007568,WO-2025-001260,MAT-00636,547,547,0
ALC-0007569,WO-2025-001260,MAT-00161,1205,1205,0
ALC-0007570,WO-2025-001260,MAT-00830,860,860,0
ALC-0007571,WO-2025-001260,MAT-00995,625,625,0
ALC-0007572,WO-2025-001261,MAT-00362,1087,1087,0
ALC-0007573,WO-2025-001261,MAT-01111,787,787,0
ALC-0007574,WO-2025-001261,MAT-01083,382,382,0
ALC-0007575,WO-2025-001261,MAT-00816,780,780,0
ALC-0007576,WO-2025-001261,MAT-00760,830,830,0
ALC-0007577,WO-2025-001261,MAT-00305,1158,1158,0
ALC-0007578,WO-2025-001262,MAT-01086,1342,1342,0
ALC-0007579,WO-2025-001262,MAT-00791,2470,2470,0
ALC-0007580,WO-2025-001262,MAT-00505,826,826,0
ALC-0007581,WO-2025-001262,MAT-00543,1463,1463,0
ALC-0007582,WO-2025-001262,MAT-01021,1569,1569,0
ALC-0007583,WO-2025-001262,MAT-01032,1051,1051,0
ALC-0007584,WO-2025-001262,MAT-00712,1180,1180,0
ALC-0007585,WO-2025-001262,MAT-01101,1573,1573,0
ALC-0007586,WO-2025-001263,MAT-00567,639,639,0
ALC-0007587,WO-2025-001263,MAT-01081,1071,1071,0
ALC-0007588,WO-2025-001263,MAT-00357,517,517,0
ALC-0007589,WO-2025-001263,MAT-00235,1495,1495,0
ALC-0007590,WO-2025-001264,MAT-00665,732,732,0
ALC-0007591,WO-2025-001264,MAT-00008,383,383,0
ALC-0007592,WO-2025-001264,MAT-00674,487,487,0
ALC-0007593,WO-2025-001264,MAT-00699,309,309,0
ALC-0007594,WO-2025-001264,MAT-01067,1168,1168,0
ALC-0007595,WO-2025-001264,MAT-00977,655,655,0
ALC-0007596,WO-2025-001264,MAT-01087,439,439,0
ALC-0007597,WO-2025-001265,MAT-00601,331,331,0
ALC-0007598,WO-2025-001265,MAT-00026,1226,1226,0
ALC-0007599,WO-2025-001265,MAT-01041,549,549,0
ALC-0007600,WO-2025-001265,MAT-00329,884,884,0
ALC-0007601,WO-2025-001265,MAT-00104,636,636,0
ALC-0007602,WO-2025-001266,MAT-00533,1231,1231,0
ALC-0007603,WO-2025-001266,MAT-00096,2231,2231,0
ALC-0007604,WO-2025-001266,MAT-00935,4687,4687,0
ALC-0007605,WO-2025-001266,MAT-00433,2039,2039,0
ALC-0007606,WO-2025-001266,MAT-00974,1040,1040,0
ALC-0007607,WO-2025-001266,MAT-00616,1875,1875,0
ALC-0007608,WO-2025-001267,MAT-00561,2054,758,1296
ALC-0007609,WO-2025-001267,MAT-00494,1501,437,1064
ALC-0007610,WO-2025-001267,MAT-00433,780,236,544
ALC-0007611,WO-2025-001267,MAT-00452,2202,300,1902
ALC-0007612,WO-2025-001268,MAT-00476,958,958,0
ALC-0007613,WO-2025-001268,MAT-00231,1750,1750,0
ALC-0007614,WO-2025-001268,MAT-00252,1211,1211,0
ALC-0007615,WO-2025-001268,MAT-00259,1026,1026,0
ALC-0007616,WO-2025-001269,MAT-00437,133,133,0
ALC-0007617,WO-2025-001269,MAT-00883,337,337,0
ALC-0007618,WO-2025-001269,MAT-00852,188,188,0
ALC-0007619,WO-2025-001269,MAT-00862,136,136,0
ALC-0007620,WO-2025-001269,MAT-00254,453,453,0
ALC-0007621,WO-2025-001269,MAT-00923,164,164,0
ALC-0007622,WO-2025-001270,MAT-00477,77,77,0
ALC-0007623,WO-2025-001270,MAT-01046,196,196,0
ALC-0007624,WO-2025-001270,MAT-01147,62,62,0
ALC-0007625,WO-2025-001270,MAT-01080,68,68,0
ALC-0007626,WO-2025-001270,MAT-00192,68,68,0
ALC-0007627,WO-2025-001270,MAT-01187,237,237,0
ALC-0007628,WO-2025-001270,MAT-01099,101,101,0
ALC-0007629,WO-2025-001270,MAT-00730,227,227,0
ALC-0007630,WO-2025-001271,MAT-00310,760,760,0
ALC-0007631,WO-2025-001271,MAT-00866,2480,2480,0
ALC-0007632,WO-2025-001271,MAT-00669,1778,1778,0
ALC-0007633,WO-2025-001271,MAT-00710,629,629,0
ALC-0007634,WO-2025-001271,MAT-00321,627,627,0
ALC-0007635,WO-2025-001272,MAT-00252,1062,1062,0
ALC-0007636,WO-2025-001272,MAT-00164,1017,1017,0
ALC-0007637,WO-2025-001272,MAT-00679,2369,2369,0
ALC-0007638,WO-2025-001272,MAT-00017,1947,1947,0
ALC-0007639,WO-2025-001272,MAT-00681,2032,2032,0
ALC-0007640,WO-2025-001272,MAT-00491,2319,2319,0
ALC-0007641,WO-2025-001273,MAT-00824,50,50,0
ALC-0007642,WO-2025-001273,MAT-00444,78,78,0
ALC-0007643,WO-2025-001273,MAT-00876,128,128,0
ALC-0007644,WO-2025-001273,MAT-00435,186,186,0
ALC-0007645,WO-2025-001273,MAT-01130,86,86,0
ALC-0007646,WO-2025-001273,MAT-00152,249,249,0
ALC-0007647,WO-2025-001273,MAT-00744,239,239,0
ALC-0007648,WO-2025-001273,MAT-00964,104,104,0
ALC-0007649,WO-2025-001274,MAT-00310,284,284,0
ALC-0007650,WO-2025-001274,MAT-01096,165,165,0
ALC-0007651,WO-2025-001274,MAT-01170,215,215,0
ALC-0007652,WO-2025-001274,MAT-00477,444,444,0
ALC-0007653,WO-2025-001275,MAT-00665,1556,1556,0
ALC-0007654,WO-2025-001275,MAT-00741,1250,1250,0
ALC-0007655,WO-2025-001275,MAT-00131,581,581,0
ALC-0007656,WO-2025-001275,MAT-00203,1196,1196,0
ALC-0007657,WO-2025-001275,MAT-00696,2492,2492,0
ALC-0007658,WO-2025-001276,MAT-00113,107,107,0
ALC-0007659,WO-2025-001276,MAT-01138,103,103,0
ALC-0007660,WO-2025-001276,MAT-00445,149,149,0
ALC-0007661,WO-2025-001276,MAT-00106,174,174,0
ALC-0007662,WO-2025-001276,MAT-00502,72,72,0
ALC-0007663,WO-2025-001276,MAT-00800,67,67,0
ALC-0007664,WO-2025-001276,MAT-01183,151,151,0
ALC-0007665,WO-2025-001276,MAT-00678,141,141,0
ALC-0007666,WO-2025-001277,MAT-01011,2889,2889,0
ALC-0007667,WO-2025-001277,MAT-01191,4204,4204,0
ALC-0007668,WO-2025-001277,MAT-00992,4307,4307,0
ALC-0007669,WO-2025-001277,MAT-00674,2999,2999,0
ALC-0007670,WO-2025-001277,MAT-00265,3805,3805,0
ALC-0007671,WO-2025-001277,MAT-01033,2855,2855,0
ALC-0007672,WO-2025-001277,MAT-01184,1891,1891,0
ALC-0007673,WO-2025-001277,MAT-00792,4503,4503,0
ALC-0007674,WO-2025-001278,MAT-01020,310,310,0
ALC-0007675,WO-2025-001278,MAT-00901,232,232,0
ALC-0007676,WO-2025-001278,MAT-00084,320,320,0
ALC-0007677,WO-2025-001278,MAT-00782,369,369,0
ALC-0007678,WO-2025-001278,MAT-00892,176,176,0
ALC-0007679,WO-2025-001278,MAT-00522,391,391,0
ALC-0007680,WO-2025-001279,MAT-00050,454,454,0
ALC-0007681,WO-2025-001279,MAT-00978,172,172,0
ALC-0007682,WO-2025-001279,MAT-00753,277,277,0
ALC-0007683,WO-2025-001279,MAT-00236,230,230,0
ALC-0007684,WO-2025-001279,MAT-00215,326,326,0
ALC-0007685,WO-2025-001280,MAT-00936,995,995,0
ALC-0007686,WO-2025-001280,MAT-00635,2142,2142,0
ALC-0007687,WO-2025-001280,MAT-00697,1977,1977,0
ALC-0007688,WO-2025-001280,MAT-00064,2214,2214,0
ALC-0007689,WO-2025-001280,MAT-00034,2093,2093,0
ALC-0007690,WO-2025-001281,MAT-00473,4778,4778,0
ALC-0007691,WO-2025-001281,MAT-00712,1122,1122,0
ALC-0007692,WO-2025-001281,MAT-01145,4945,4945,0
ALC-0007693,WO-2025-001281,MAT-00437,1471,1471,0
ALC-0007694,WO-2025-001281,MAT-00076,2315,2315,0
ALC-0007695,WO-2025-001282,MAT-00501,255,255,0
ALC-0007696,WO-2025-001282,MAT-01031,176,176,0
ALC-0007697,WO-2025-001282,MAT-00427,321,321,0
ALC-0007698,WO-2025-001282,MAT-00578,144,144,0
ALC-0007699,WO-2025-001282,MAT-00556,221,221,0
ALC-0007700,WO-2025-001282,MAT-00920,221,221,0
ALC-0007701,WO-2025-001282,MAT-01151,421,421,0
ALC-0007702,WO-2025-001283,MAT-00886,975,975,0
ALC-0007703,WO-2025-001283,MAT-01178,999,999,0
ALC-0007704,WO-2025-001283,MAT-00533,1127,1127,0
ALC-0007705,WO-2025-001283,MAT-01094,580,580,0
ALC-0007706,WO-2025-001284,MAT-01036,2415,2415,0
ALC-0007707,WO-2025-001284,MAT-00289,1247,1247,0
ALC-0007708,WO-2025-001284,MAT-00021,1181,1181,0
ALC-0007709,WO-2025-001284,MAT-00611,2491,2491,0
ALC-0007710,WO-2025-001284,MAT-00055,2361,2361,0
ALC-0007711,WO-2025-001284,MAT-00416,814,814,0
ALC-0007712,WO-2025-001284,MAT-00878,690,690,0
ALC-0007713,WO-2025-001284,MAT-01157,1456,1456,0
ALC-0007714,WO-2025-001285,MAT-00845,911,911,0
ALC-0007715,WO-2025-001285,MAT-00190,766,766,0
ALC-0007716,WO-2025-001285,MAT-00473,981,981,0
ALC-0007717,WO-2025-001285,MAT-00246,1249,1249,0
ALC-0007718,WO-2025-001285,MAT-01073,463,463,0
ALC-0007719,WO-2025-001285,MAT-00306,380,380,0
ALC-0007720,WO-2025-001286,MAT-00655,553,553,0
ALC-0007721,WO-2025-001286,MAT-00106,1666,1666,0
ALC-0007722,WO-2025-001286,MAT-00122,1875,1875,0
ALC-0007723,WO-2025-001286,MAT-01059,824,824,0
ALC-0007724,WO-2025-001286,MAT-00959,717,717,0
ALC-0007725,WO-2025-001287,MAT-00491,131,131,0
ALC-0007726,WO-2025-001287,MAT-01152,106,106,0
ALC-0007727,WO-2025-001287,MAT-00447,142,142,0
ALC-0007728,WO-2025-001287,MAT-00891,153,153,0
ALC-0007729,WO-2025-001288,MAT-00156,905,905,0
ALC-0007730,WO-2025-001288,MAT-00869,2229,2229,0
ALC-0007731,WO-2025-001288,MAT-01153,2411,2411,0
ALC-0007732,WO-2025-001288,MAT-00589,1346,1346,0
ALC-0007733,WO-2025-001288,MAT-00097,1441,1441,0
ALC-0007734,WO-2025-001288,MAT-00069,2272,2272,0
ALC-0007735,WO-2025-001288,MAT-00913,2427,2427,0
ALC-0007736,WO-2025-001289,MAT-00229,1684,1684,0
ALC-0007737,WO-2025-001289,MAT-00892,1580,1580,0
ALC-0007738,WO-2025-001289,MAT-00937,1349,1349,0
ALC-0007739,WO-2025-001289,MAT-00952,1241,1241,0
ALC-0007740,WO-2025-001289,MAT-00672,1447,1447,0
ALC-0007741,WO-2025-001289,MAT-00871,2188,2188,0
ALC-0007742,WO-2025-001289,MAT-00734,1058,1058,0
ALC-0007743,WO-2025-001289,MAT-00854,2499,2499,0
ALC-0007744,WO-2025-001290,MAT-00368,468,468,0
ALC-0007745,WO-2025-001290,MAT-01102,463,463,0
ALC-0007746,WO-2025-001290,MAT-00427,486,486,0
ALC-0007747,WO-2025-001290,MAT-00564,245,245,0
ALC-0007748,WO-2025-001290,MAT-00773,322,322,0
ALC-0007749,WO-2025-001290,MAT-00017,274,274,0
ALC-0007750,WO-2025-001291,MAT-00930,964,964,0
ALC-0007751,WO-2025-001291,MAT-00951,646,646,0
ALC-0007752,WO-2025-001291,MAT-00034,758,758,0
ALC-0007753,WO-2025-001291,MAT-00369,845,845,0
ALC-0007754,WO-2025-001291,MAT-00990,666,666,0
ALC-0007755,WO-2025-001292,MAT-00024,1774,1774,0
ALC-0007756,WO-2025-001292,MAT-00126,1667,1667,0
ALC-0007757,WO-2025-001292,MAT-00457,1696,1696,0
ALC-0007758,WO-2025-001292,MAT-00739,1336,1336,0
ALC-0007759,WO-2025-001292,MAT-00296,778,778,0
ALC-0007760,WO-2025-001292,MAT-00467,2360,2360,0
ALC-0007761,WO-2025-001293,MAT-00147,654,654,0
ALC-0007762,WO-2025-001293,MAT-00397,1226,1226,0
ALC-0007763,WO-2025-001293,MAT-00359,947,947,0
ALC-0007764,WO-2025-001293,MAT-00118,874,874,0
ALC-0007765,WO-2025-001293,MAT-00339,407,407,0
ALC-0007766,WO-2025-001294,MAT-00965,1153,1153,0
ALC-0007767,WO-2025-001294,MAT-00031,1041,1041,0
ALC-0007768,WO-2025-001294,MAT-00912,1306,1306,0
ALC-0007769,WO-2025-001294,MAT-01179,1617,1617,0
ALC-0007770,WO-2025-001294,MAT-00620,986,986,0
ALC-0007771,WO-2025-001294,MAT-00205,2270,2270,0
ALC-0007772,WO-2025-001294,MAT-01097,2364,2364,0
ALC-0007773,WO-2025-001295,MAT-00599,1289,1289,0
ALC-0007774,WO-2025-001295,MAT-00963,804,804,0
ALC-0007775,WO-2025-001295,MAT-00775,2358,2358,0
ALC-0007776,WO-2025-001295,MAT-00618,842,842,0
ALC-0007777,WO-2025-001295,MAT-00220,2337,2337,0
ALC-0007778,WO-2025-001295,MAT-00299,1692,1692,0
ALC-0007779,WO-2025-001295,MAT-00826,1264,1264,0
ALC-0007780,WO-2025-001296,MAT-00941,4837,4837,0
ALC-0007781,WO-2025-001296,MAT-00949,1976,1976,0
ALC-0007782,WO-2025-001296,MAT-00154,4325,4325,0
ALC-0007783,WO-2025-001296,MAT-00297,1964,1964,0
ALC-0007784,WO-2025-001297,MAT-00162,102,102,0
ALC-0007785,WO-2025-001297,MAT-00477,89,89,0
ALC-0007786,WO-2025-001297,MAT-00966,249,249,0
ALC-0007787,WO-2025-001297,MAT-01198,118,118,0
ALC-0007788,WO-2025-001298,MAT-00424,3441,3441,0
ALC-0007789,WO-2025-001298,MAT-00850,4404,4404,0
ALC-0007790,WO-2025-001298,MAT-01162,1716,1716,0
ALC-0007791,WO-2025-001298,MAT-00782,1029,1029,0
ALC-0007792,WO-2025-001298,MAT-00613,1695,1695,0
ALC-0007793,WO-2025-001299,MAT-00908,148,148,0
ALC-0007794,WO-2025-001299,MAT-00836,81,81,0
ALC-0007795,WO-2025-001299,MAT-00145,236,236,0
ALC-0007796,WO-2025-001299,MAT-00589,233,233,0
ALC-0007797,WO-2025-001299,MAT-00492,187,187,0
ALC-0007798,WO-2025-001299,MAT-00649,84,84,0
ALC-0007799,WO-2025-001300,MAT-00145,1105,1105,0
ALC-0007800,WO-2025-001300,MAT-00797,4990,4990,0
ALC-0007801,WO-2025-001300,MAT-00614,2431,2431,0
ALC-0007802,WO-2025-001300,MAT-00867,3663,3663,0
ALC-0007803,WO-2025-001300,MAT-00826,3436,3436,0
ALC-0007804,WO-2025-001300,MAT-01023,3521,3521,0
ALC-0007805,WO-2025-001301,MAT-00170,3357,3357,0
ALC-0007806,WO-2025-001301,MAT-00989,3044,3044,0
ALC-0007807,WO-2025-001301,MAT-00336,2048,2048,0
ALC-0007808,WO-2025-001301,MAT-00508,1891,1891,0
ALC-0007809,WO-2025-001301,MAT-00555,3338,3338,0
ALC-0007810,WO-2025-001302,MAT-01133,246,246,0
ALC-0007811,WO-2025-001302,MAT-00998,215,215,0
ALC-0007812,WO-2025-001302,MAT-00742,203,203,0
ALC-0007813,WO-2025-001302,MAT-00107,62,62,0
ALC-0007814,WO-2025-001302,MAT-00957,58,58,0
ALC-0007815,WO-2025-001302,MAT-01056,111,111,0
ALC-0007816,WO-2025-001302,MAT-00132,148,148,0
ALC-0007817,WO-2025-001303,MAT-00224,1013,1013,0
ALC-0007818,WO-2025-001303,MAT-00668,971,971,0
ALC-0007819,WO-2025-001303,MAT-00088,270,270,0
ALC-0007820,WO-2025-001303,MAT-00044,872,872,0
ALC-0007821,WO-2025-001303,MAT-00275,648,648,0
ALC-0007822,WO-2025-001303,MAT-00971,486,486,0
ALC-0007823,WO-2025-001303,MAT-00894,528,528,0
ALC-0007824,WO-2025-001304,MAT-01050,4498,4498,0
ALC-0007825,WO-2025-001304,MAT-00799,2456,2456,0
ALC-0007826,WO-2025-001304,MAT-00485,2072,2072,0
ALC-0007827,WO-2025-001304,MAT-01003,4319,4319,0
ALC-0007828,WO-2025-001304,MAT-01138,2552,2552,0
ALC-0007829,WO-2025-001304,MAT-00418,2214,2214,0
ALC-0007830,WO-2025-001304,MAT-00729,2233,2233,0
ALC-0007831,WO-2025-001304,MAT-00963,2951,2951,0
ALC-0007832,WO-2025-001305,MAT-00997,79,79,0
ALC-0007833,WO-2025-001305,MAT-00704,151,151,0
ALC-0007834,WO-2025-001305,MAT-00156,216,216,0
ALC-0007835,WO-2025-001305,MAT-00416,123,123,0
ALC-0007836,WO-2025-001305,MAT-00818,85,85,0
ALC-0007837,WO-2025-001305,MAT-01022,71,71,0
ALC-0007838,WO-2025-001306,MAT-01194,2354,2354,0
ALC-0007839,WO-2025-001306,MAT-00899,1023,1023,0
ALC-0007840,WO-2025-001306,MAT-00995,1431,1431,0
ALC-0007841,WO-2025-001306,MAT-01147,850,850,0
ALC-0007842,WO-2025-001307,MAT-01074,75,75,0
ALC-0007843,WO-2025-001307,MAT-00835,72,72,0
ALC-0007844,WO-2025-001307,MAT-00731,119,119,0
ALC-0007845,WO-2025-001307,MAT-00151,140,140,0
ALC-0007846,WO-2025-001307,MAT-00945,204,204,0
ALC-0007847,WO-2025-001308,MAT-00895,738,738,0
ALC-0007848,WO-2025-001308,MAT-00689,560,560,0
ALC-0007849,WO-2025-001308,MAT-00700,550,550,0
ALC-0007850,WO-2025-001308,MAT-00124,731,731,0
ALC-0007851,WO-2025-001309,MAT-01121,239,239,0
ALC-0007852,WO-2025-001309,MAT-00531,101,101,0
ALC-0007853,WO-2025-001309,MAT-01066,400,400,0
ALC-0007854,WO-2025-001309,MAT-01053,488,488,0
ALC-0007855,WO-2025-001309,MAT-00536,231,231,0
ALC-0007856,WO-2025-001310,MAT-00147,244,244,0
ALC-0007857,WO-2025-001310,MAT-01123,148,148,0
ALC-0007858,WO-2025-001310,MAT-01154,209,209,0
ALC-0007859,WO-2025-001310,MAT-00676,127,127,0
ALC-0007860,WO-2025-001310,MAT-00445,222,222,0
ALC-0007861,WO-2025-001310,MAT-01141,116,116,0
ALC-0007862,WO-2025-001310,MAT-01016,84,84,0
ALC-0007863,WO-2025-001310,MAT-00358,235,235,0
ALC-0007864,WO-2025-001311,MAT-00567,623,623,0
ALC-0007865,WO-2025-001311,MAT-00398,2304,2304,0
ALC-0007866,WO-2025-001311,MAT-01063,2435,2435,0
ALC-0007867,WO-2025-001311,MAT-00541,1570,1570,0
ALC-0007868,WO-2025-001311,MAT-00091,995,995,0
ALC-0007869,WO-2025-001311,MAT-00821,1371,1371,0
ALC-0007870,WO-2025-001312,MAT-00469,444,444,0
ALC-0007871,WO-2025-001312,MAT-00246,211,211,0
ALC-0007872,WO-2025-001312,MAT-00139,178,178,0
ALC-0007873,WO-2025-001312,MAT-00017,345,345,0
ALC-0007874,WO-2025-001312,MAT-00185,446,446,0
ALC-0007875,WO-2025-001313,MAT-01130,134,134,0
ALC-0007876,WO-2025-001313,MAT-00734,229,229,0
ALC-0007877,WO-2025-001313,MAT-00610,56,56,0
ALC-0007878,WO-2025-001313,MAT-01086,133,133,0
ALC-0007879,WO-2025-001313,MAT-00063,198,198,0
ALC-0007880,WO-2025-001313,MAT-00413,60,60,0
ALC-0007881,WO-2025-001313,MAT-00276,181,181,0
ALC-0007882,WO-2025-001313,MAT-00188,155,155,0
ALC-0007883,WO-2025-001314,MAT-00420,1293,1293,0
ALC-0007884,WO-2025-001314,MAT-00081,565,565,0
ALC-0007885,WO-2025-001314,MAT-00487,2203,2203,0
ALC-0007886,WO-2025-001314,MAT-01052,2194,2194,0
ALC-0007887,WO-2025-001314,MAT-00437,2146,2146,0
ALC-0007888,WO-2025-001314,MAT-01023,912,912,0
ALC-0007889,WO-2025-001314,MAT-00973,1627,1627,0
ALC-0007890,WO-2025-001314,MAT-00182,509,509,0
ALC-0007891,WO-2025-001315,MAT-01121,756,756,0
ALC-0007892,WO-2025-001315,MAT-01025,896,896,0
ALC-0007893,WO-2025-001315,MAT-00203,639,639,0
ALC-0007894,WO-2025-001315,MAT-00381,897,897,0
ALC-0007895,WO-2025-001315,MAT-00187,937,937,0
ALC-0007896,WO-2025-001316,MAT-01133,3819,3819,0
ALC-0007897,WO-2025-001316,MAT-00257,1044,1044,0
ALC-0007898,WO-2025-001316,MAT-00157,4120,4120,0
ALC-0007899,WO-2025-001316,MAT-00232,2379,2379,0
ALC-0007900,WO-2025-001316,MAT-00298,4986,4986,0
ALC-0007901,WO-2025-001317,MAT-00077,1523,1523,0
ALC-0007902,WO-2025-001317,MAT-00467,1255,1255,0
ALC-0007903,WO-2025-001317,MAT-01030,2397,2397,0
ALC-0007904,WO-2025-001317,MAT-00127,2331,2331,0
ALC-0007905,WO-2025-001317,MAT-00444,510,510,0
ALC-0007906,WO-2025-001317,MAT-00348,2127,2127,0
ALC-0007907,WO-2025-001317,MAT-00789,2000,2000,0
ALC-0007908,WO-2025-001318,MAT-00773,145,145,0
ALC-0007909,WO-2025-001318,MAT-00338,70,70,0
ALC-0007910,WO-2025-001318,MAT-00263,52,52,0
ALC-0007911,WO-2025-001318,MAT-00787,247,247,0
ALC-0007912,WO-2025-001318,MAT-00876,91,91,0
ALC-0007913,WO-2025-001318,MAT-00756,58,58,0
ALC-0007914,WO-2025-001318,MAT-00536,172,172,0
ALC-0007915,WO-2025-001319,MAT-00481,178,178,0
ALC-0007916,WO-2025-001319,MAT-00152,213,213,0
ALC-0007917,WO-2025-001319,MAT-00638,491,491,0
ALC-0007918,WO-2025-001319,MAT-00096,449,449,0
ALC-0007919,WO-2025-001319,MAT-00726,187,187,0
ALC-0007920,WO-2025-001319,MAT-00497,166,166,0
ALC-0007921,WO-2025-001320,MAT-00206,154,154,0
ALC-0007922,WO-2025-001320,MAT-00436,233,233,0
ALC-0007923,WO-2025-001320,MAT-00010,464,464,0
ALC-0007924,WO-2025-001320,MAT-00870,293,293,0
ALC-0007925,WO-2025-001320,MAT-00926,296,296,0
ALC-0007926,WO-2025-001320,MAT-00461,232,232,0
ALC-0007927,WO-2025-001320,MAT-00582,106,106,0
ALC-0007928,WO-2025-001320,MAT-00329,475,475,0
ALC-0007929,WO-2025-001321,MAT-01011,1335,1335,0
ALC-0007930,WO-2025-001321,MAT-00831,4508,4508,0
ALC-0007931,WO-2025-001321,MAT-00301,2827,2827,0
ALC-0007932,WO-2025-001321,MAT-00407,1794,1794,0
ALC-0007933,WO-2025-001321,MAT-00320,3220,3220,0
ALC-0007934,WO-2025-001321,MAT-00623,4464,4464,0
ALC-0007935,WO-2025-001321,MAT-00737,2969,2969,0
ALC-0007936,WO-2025-001321,MAT-00524,3299,3299,0
ALC-0007937,WO-2025-001322,MAT-00419,1185,1185,0
ALC-0007938,WO-2025-001322,MAT-00629,3418,3418,0
ALC-0007939,WO-2025-001322,MAT-00895,1356,1356,0
ALC-0007940,WO-2025-001322,MAT-00357,4167,4167,0
ALC-0007941,WO-2025-001322,MAT-00741,2610,2610,0
ALC-0007942,WO-2025-001322,MAT-00901,1385,1385,0
ALC-0007943,WO-2025-001322,MAT-00236,4947,4947,0
ALC-0007944,WO-2025-001323,MAT-00079,3270,3270,0
ALC-0007945,WO-2025-001323,MAT-00348,1099,1099,0
ALC-0007946,WO-2025-001323,MAT-01071,2118,2118,0
ALC-0007947,WO-2025-001323,MAT-00485,4298,4298,0
ALC-0007948,WO-2025-001323,MAT-00554,3946,3946,0
ALC-0007949,WO-2025-001323,MAT-00804,4600,4600,0
ALC-0007950,WO-2025-001324,MAT-00323,1870,1870,0
ALC-0007951,WO-2025-001324,MAT-01102,1855,1855,0
ALC-0007952,WO-2025-001324,MAT-00230,1326,1326,0
ALC-0007953,WO-2025-001324,MAT-00051,737,737,0
ALC-0007954,WO-2025-001324,MAT-00324,617,617,0
ALC-0007955,WO-2025-001324,MAT-00347,1441,1441,0
ALC-0007956,WO-2025-001325,MAT-00458,912,912,0
ALC-0007957,WO-2025-001325,MAT-00472,477,477,0
ALC-0007958,WO-2025-001325,MAT-00689,1086,1086,0
ALC-0007959,WO-2025-001325,MAT-01162,817,817,0
ALC-0007960,WO-2025-001325,MAT-00811,427,427,0
ALC-0007961,WO-2025-001325,MAT-00232,864,864,0
ALC-0007962,WO-2025-001326,MAT-00252,861,861,0
ALC-0007963,WO-2025-001326,MAT-00008,914,914,0
ALC-0007964,WO-2025-001326,MAT-01121,556,556,0
ALC-0007965,WO-2025-001326,MAT-01020,567,567,0
ALC-0007966,WO-2025-001326,MAT-01159,1040,1040,0
ALC-0007967,WO-2025-001326,MAT-00154,1181,1181,0
ALC-0007968,WO-2025-001327,MAT-00501,4905,4905,0
ALC-0007969,WO-2025-001327,MAT-00487,3898,3898,0
ALC-0007970,WO-2025-001327,MAT-00342,1518,1518,0
ALC-0007971,WO-2025-001327,MAT-00648,3360,3360,0
ALC-0007972,WO-2025-001327,MAT-00894,1953,1953,0
ALC-0007973,WO-2025-001328,MAT-00539,126,126,0
ALC-0007974,WO-2025-001328,MAT-00480,109,109,0
ALC-0007975,WO-2025-001328,MAT-00385,309,309,0
ALC-0007976,WO-2025-001328,MAT-00363,300,300,0
ALC-0007977,WO-2025-001328,MAT-00018,411,411,0
ALC-0007978,WO-2025-001329,MAT-00847,704,704,0
ALC-0007979,WO-2025-001329,MAT-00756,259,259,0
ALC-0007980,WO-2025-001329,MAT-00723,869,869,0
ALC-0007981,WO-2025-001329,MAT-00078,391,391,0
ALC-0007982,WO-2025-001329,MAT-00087,288,288,0
ALC-0007983,WO-2025-001330,MAT-01125,941,119,822
ALC-0007984,WO-2025-001330,MAT-00864,645,110,535
ALC-0007985,WO-2025-001330,MAT-00868,1014,126,888
ALC-0007986,WO-2025-001330,MAT-00716,973,349,624
ALC-0007987,WO-2025-001330,MAT-00493,284,46,238
ALC-0007988,WO-2025-001330,MAT-00178,948,328,620
ALC-0007989,WO-2025-001330,MAT-00655,449,99,350
ALC-0007990,WO-2025-001330,MAT-01003,949,224,725
ALC-0007991,WO-2025-001331,MAT-00796,228,228,0
ALC-0007992,WO-2025-001331,MAT-00700,161,161,0
ALC-0007993,WO-2025-001331,MAT-00904,88,88,0
ALC-0007994,WO-2025-001331,MAT-00436,175,175,0
ALC-0007995,WO-2025-001331,MAT-00048,144,144,0
ALC-0007996,WO-2025-001331,MAT-00672,68,68,0
ALC-0007997,WO-2025-001332,MAT-00725,197,197,0
ALC-0007998,WO-2025-001332,MAT-00267,86,86,0
ALC-0007999,WO-2025-001332,MAT-00135,217,217,0
ALC-0008000,WO-2025-001332,MAT-00824,243,243,0
ALC-0008001,WO-2025-001332,MAT-01047,136,136,0
ALC-0008002,WO-2025-001332,MAT-01170,185,185,0
ALC-0008003,WO-2025-001332,MAT-00823,65,65,0
ALC-0008004,WO-2025-001333,MAT-01190,443,443,0
ALC-0008005,WO-2025-001333,MAT-00758,573,573,0
ALC-0008006,WO-2025-001333,MAT-00617,913,913,0
ALC-0008007,WO-2025-001333,MAT-00501,1226,1226,0
ALC-0008008,WO-2025-001333,MAT-01007,828,828,0
ALC-0008009,WO-2025-001333,MAT-00701,789,789,0
ALC-0008010,WO-2025-001333,MAT-00686,535,535,0
ALC-0008011,WO-2025-001333,MAT-01067,1198,1198,0
ALC-0008012,WO-2025-001334,MAT-00344,3848,3848,0
ALC-0008013,WO-2025-001334,MAT-00277,2042,2042,0
ALC-0008014,WO-2025-001334,MAT-00038,1139,1139,0
ALC-0008015,WO-2025-001334,MAT-00127,3948,3948,0
ALC-0008016,WO-2025-001334,MAT-00517,2621,2621,0
ALC-0008017,WO-2025-001334,MAT-00469,3148,3148,0
ALC-0008018,WO-2025-001334,MAT-01149,3867,3867,0
ALC-0008019,WO-2025-001335,MAT-00306,493,493,0
ALC-0008020,WO-2025-001335,MAT-00384,490,490,0
ALC-0008021,WO-2025-001335,MAT-00016,397,397,0
ALC-0008022,WO-2025-001335,MAT-00742,439,439,0
ALC-0008023,WO-2025-001335,MAT-00393,345,345,0
ALC-0008024,WO-2025-001335,MAT-00942,476,476,0
ALC-0008025,WO-2025-001335,MAT-00308,475,475,0
ALC-0008026,WO-2025-001336,MAT-01013,1564,1564,0
ALC-0008027,WO-2025-001336,MAT-00353,4679,4679,0
ALC-0008028,WO-2025-001336,MAT-01104,1717,1717,0
ALC-0008029,WO-2025-001336,MAT-00309,4825,4825,0
ALC-0008030,WO-2025-001336,MAT-00934,2741,2741,0
ALC-0008031,WO-2025-001336,MAT-00992,2998,2998,0
ALC-0008032,WO-2025-001336,MAT-00505,3511,3511,0
ALC-0008033,WO-2025-001336,MAT-00008,2607,2607,0
ALC-0008034,WO-2025-001337,MAT-00326,291,291,0
ALC-0008035,WO-2025-001337,MAT-00577,258,258,0
ALC-0008036,WO-2025-001337,MAT-01133,1176,1176,0
ALC-0008037,WO-2025-001337,MAT-00772,1090,1090,0
ALC-0008038,WO-2025-001337,MAT-00752,1110,1110,0
ALC-0008039,WO-2025-001337,MAT-00104,613,613,0
ALC-0008040,WO-2025-001338,MAT-00477,727,727,0
ALC-0008041,WO-2025-001338,MAT-00825,1021,1021,0
ALC-0008042,WO-2025-001338,MAT-00849,513,513,0
ALC-0008043,WO-2025-001338,MAT-00470,378,378,0
ALC-0008044,WO-2025-001338,MAT-00355,320,320,0
ALC-0008045,WO-2025-001338,MAT-00729,1125,1125,0
ALC-0008046,WO-2025-001339,MAT-00612,1560,1560,0
ALC-0008047,WO-2025-001339,MAT-00843,939,939,0
ALC-0008048,WO-2025-001339,MAT-00038,1878,1878,0
ALC-0008049,WO-2025-001339,MAT-00643,1665,1665,0
ALC-0008050,WO-2025-001339,MAT-00105,840,840,0
ALC-0008051,WO-2025-001339,MAT-00221,2031,2031,0
ALC-0008052,WO-2025-001339,MAT-00463,1014,1014,0
ALC-0008053,WO-2025-001340,MAT-00614,3108,3108,0
ALC-0008054,WO-2025-001340,MAT-00855,1128,1128,0
ALC-0008055,WO-2025-001340,MAT-00243,3778,3778,0
ALC-0008056,WO-2025-001340,MAT-00635,4805,4805,0
ALC-0008057,WO-2025-001341,MAT-00115,141,141,0
ALC-0008058,WO-2025-001341,MAT-00735,166,166,0
ALC-0008059,WO-2025-001341,MAT-01094,123,123,0
ALC-0008060,WO-2025-001341,MAT-00729,224,224,0
ALC-0008061,WO-2025-001341,MAT-00164,226,226,0
ALC-0008062,WO-2025-001341,MAT-00571,132,132,0
ALC-0008063,WO-2025-001342,MAT-00376,690,690,0
ALC-0008064,WO-2025-001342,MAT-00409,1291,1291,0
ALC-0008065,WO-2025-001342,MAT-00358,1155,1155,0
ALC-0008066,WO-2025-001342,MAT-01116,1174,1174,0
ALC-0008067,WO-2025-001342,MAT-01154,665,665,0
ALC-0008068,WO-2025-001342,MAT-00028,1985,1985,0
ALC-0008069,WO-2025-001342,MAT-00210,877,877,0
ALC-0008070,WO-2025-001342,MAT-00503,1068,1068,0
ALC-0008071,WO-2025-001343,MAT-01158,187,187,0
ALC-0008072,WO-2025-001343,MAT-00537,138,138,0
ALC-0008073,WO-2025-001343,MAT-01100,88,88,0
ALC-0008074,WO-2025-001343,MAT-00506,191,191,0
ALC-0008075,WO-2025-001343,MAT-00370,122,122,0
ALC-0008076,WO-2025-001343,MAT-00609,102,102,0
ALC-0008077,WO-2025-001344,MAT-00100,1002,1002,0
ALC-0008078,WO-2025-001344,MAT-00716,1029,1029,0
ALC-0008079,WO-2025-001344,MAT-01008,1059,1059,0
ALC-0008080,WO-2025-001344,MAT-00729,1073,1073,0
ALC-0008081,WO-2025-001344,MAT-00996,1048,1048,0
ALC-0008082,WO-2025-001344,MAT-00398,815,815,0
ALC-0008083,WO-2025-001344,MAT-01005,1093,1093,0
ALC-0008084,WO-2025-001344,MAT-00369,630,630,0
ALC-0008085,WO-2025-001345,MAT-01031,1033,1033,0
ALC-0008086,WO-2025-001345,MAT-00228,2371,2371,0
ALC-0008087,WO-2025-001345,MAT-01155,1669,1669,0
ALC-0008088,WO-2025-001345,MAT-00153,1581,1581,0
ALC-0008089,WO-2025-001345,MAT-00607,824,824,0
ALC-0008090,WO-2025-001345,MAT-00963,1622,1622,0
ALC-0008091,WO-2025-001346,MAT-00548,109,109,0
ALC-0008092,WO-2025-001346,MAT-01172,113,113,0
ALC-0008093,WO-2025-001346,MAT-00951,83,83,0
ALC-0008094,WO-2025-001346,MAT-00183,124,124,0
ALC-0008095,WO-2025-001346,MAT-00646,76,76,0
ALC-0008096,WO-2025-001346,MAT-00502,144,144,0
ALC-0008097,WO-2025-001346,MAT-00149,207,207,0
ALC-0008098,WO-2025-001347,MAT-00776,1336,1336,0
ALC-0008099,WO-2025-001347,MAT-00605,1487,1487,0
ALC-0008100,WO-2025-001347,MAT-01153,1531,1531,0
ALC-0008101,WO-2025-001347,MAT-00022,1451,1451,0
ALC-0008102,WO-2025-001347,MAT-01069,2473,2473,0
ALC-0008103,WO-2025-001348,MAT-00618,887,887,0
ALC-0008104,WO-2025-001348,MAT-01179,2298,2298,0
ALC-0008105,WO-2025-001348,MAT-00397,1323,1323,0
ALC-0008106,WO-2025-001348,MAT-00493,2076,2076,0
ALC-0008107,WO-2025-001348,MAT-00387,2220,2220,0
ALC-0008108,WO-2025-001349,MAT-00579,135,135,0
ALC-0008109,WO-2025-001349,MAT-00031,447,447,0
ALC-0008110,WO-2025-001349,MAT-00467,202,202,0
ALC-0008111,WO-2025-001349,MAT-00002,478,478,0
ALC-0008112,WO-2025-001350,MAT-00104,1492,1492,0
ALC-0008113,WO-2025-001350,MAT-00870,2103,2103,0
ALC-0008114,WO-2025-001350,MAT-00396,2460,2460,0
ALC-0008115,WO-2025-001350,MAT-00328,4055,4055,0
ALC-0008116,WO-2025-001350,MAT-00645,3189,3189,0
ALC-0008117,WO-2025-001350,MAT-01126,3995,3995,0
ALC-0008118,WO-2025-001350,MAT-00862,4402,4402,0
ALC-0008119,WO-2025-001351,MAT-00174,193,193,0
ALC-0008120,WO-2025-001351,MAT-00521,143,143,0
ALC-0008121,WO-2025-001351,MAT-01122,223,223,0
ALC-0008122,WO-2025-001351,MAT-00033,202,202,0
ALC-0008123,WO-2025-001351,MAT-00776,148,148,0
ALC-0008124,WO-2025-001351,MAT-01119,217,217,0
ALC-0008125,WO-2025-001352,MAT-00489,108,108,0
ALC-0008126,WO-2025-001352,MAT-01070,371,371,0
ALC-0008127,WO-2025-001352,MAT-00583,470,470,0
ALC-0008128,WO-2025-001352,MAT-00553,302,302,0
ALC-0008129,WO-2025-001352,MAT-01057,193,193,0
ALC-0008130,WO-2025-001352,MAT-00677,115,115,0
ALC-0008131,WO-2025-001352,MAT-00811,447,447,0
ALC-0008132,WO-2025-001353,MAT-00406,676,676,0
ALC-0008133,WO-2025-001353,MAT-00774,698,698,0
ALC-0008134,WO-2025-001353,MAT-00949,1087,1087,0
ALC-0008135,WO-2025-001353,MAT-01127,623,623,0
ALC-0008136,WO-2025-001353,MAT-01143,296,296,0
ALC-0008137,WO-2025-001353,MAT-00136,541,541,0
ALC-0008138,WO-2025-001353,MAT-00428,1165,1165,0
ALC-0008139,WO-2025-001354,MAT-00065,377,377,0
ALC-0008140,WO-2025-001354,MAT-00282,788,788,0
ALC-0008141,WO-2025-001354,MAT-00535,348,348,0
ALC-0008142,WO-2025-001354,MAT-00256,412,412,0
ALC-0008143,WO-2025-001354,MAT-01155,1085,1085,0
ALC-0008144,WO-2025-001355,MAT-01109,772,772,0
ALC-0008145,WO-2025-001355,MAT-00867,1026,1026,0
ALC-0008146,WO-2025-001355,MAT-01030,626,626,0
ALC-0008147,WO-2025-001355,MAT-00545,384,384,0
ALC-0008148,WO-2025-001355,MAT-01116,781,781,0
ALC-0008149,WO-2025-001355,MAT-01067,617,617,0
ALC-0008150,WO-2025-001355,MAT-00210,797,797,0
ALC-0008151,WO-2025-001356,MAT-00213,4213,4213,0
ALC-0008152,WO-2025-001356,MAT-00225,2790,2790,0
ALC-0008153,WO-2025-001356,MAT-00505,2399,2399,0
ALC-0008154,WO-2025-001356,MAT-01000,4096,4096,0
ALC-0008155,WO-2025-001356,MAT-00657,3615,3615,0
ALC-0008156,WO-2025-001357,MAT-00503,1683,1683,0
ALC-0008157,WO-2025-001357,MAT-00651,1043,1043,0
ALC-0008158,WO-2025-001357,MAT-00281,1779,1779,0
ALC-0008159,WO-2025-001357,MAT-00427,1694,1694,0
ALC-0008160,WO-2025-001357,MAT-00652,1761,1761,0
ALC-0008161,WO-2025-001358,MAT-00910,803,803,0
ALC-0008162,WO-2025-001358,MAT-00149,693,693,0
ALC-0008163,WO-2025-001358,MAT-00344,1927,1927,0
ALC-0008164,WO-2025-001358,MAT-00941,2325,2325,0
ALC-0008165,WO-2025-001358,MAT-01068,2325,2325,0
ALC-0008166,WO-2025-001358,MAT-00439,1809,1809,0
ALC-0008167,WO-2025-001358,MAT-00880,2232,2232,0
ALC-0008168,WO-2025-001358,MAT-00128,1632,1632,0
ALC-0008169,WO-2025-001359,MAT-00725,823,823,0
ALC-0008170,WO-2025-001359,MAT-00538,553,553,0
ALC-0008171,WO-2025-001359,MAT-01038,1071,1071,0
ALC-0008172,WO-2025-001359,MAT-00553,764,764,0
ALC-0008173,WO-2025-001359,MAT-01122,979,979,0
ALC-0008174,WO-2025-001359,MAT-01109,357,357,0
ALC-0008175,WO-2025-001359,MAT-00281,1038,1038,0
ALC-0008176,WO-2025-001359,MAT-00893,285,285,0
ALC-0008177,WO-2025-001360,MAT-00454,51,51,0
ALC-0008178,WO-2025-001360,MAT-01133,184,184,0
ALC-0008179,WO-2025-001360,MAT-01064,121,121,0
ALC-0008180,WO-2025-001360,MAT-01025,128,128,0
ALC-0008181,WO-2025-001360,MAT-00299,69,69,0
ALC-0008182,WO-2025-001360,MAT-01188,142,142,0
ALC-0008183,WO-2025-001360,MAT-00257,72,72,0
ALC-0008184,WO-2025-001361,MAT-00173,4300,4300,0
ALC-0008185,WO-2025-001361,MAT-01015,1150,1150,0
ALC-0008186,WO-2025-001361,MAT-00910,3577,3577,0
ALC-0008187,WO-2025-001361,MAT-00744,4623,4623,0
ALC-0008188,WO-2025-001361,MAT-01114,2860,2860,0
ALC-0008189,WO-2025-001361,MAT-00115,4029,4029,0
ALC-0008190,WO-2025-001361,MAT-00468,2110,2110,0
ALC-0008191,WO-2025-001362,MAT-00942,1023,1023,0
ALC-0008192,WO-2025-001362,MAT-00557,1084,1084,0
ALC-0008193,WO-2025-001362,MAT-00565,535,535,0
ALC-0008194,WO-2025-001362,MAT-00146,612,612,0
ALC-0008195,WO-2025-001363,MAT-00601,72,72,0
ALC-0008196,WO-2025-001363,MAT-01152,125,125,0
ALC-0008197,WO-2025-001363,MAT-00399,178,178,0
ALC-0008198,WO-2025-001363,MAT-00779,131,131,0
ALC-0008199,WO-2025-001364,MAT-00853,274,274,0
ALC-0008200,WO-2025-001364,MAT-00856,1005,1005,0
ALC-0008201,WO-2025-001364,MAT-00115,322,322,0
ALC-0008202,WO-2025-001364,MAT-00652,879,879,0
ALC-0008203,WO-2025-001364,MAT-01165,604,604,0
ALC-0008204,WO-2025-001365,MAT-00068,762,762,0
ALC-0008205,WO-2025-001365,MAT-00162,799,799,0
ALC-0008206,WO-2025-001365,MAT-00786,812,812,0
ALC-0008207,WO-2025-001365,MAT-00339,352,352,0
ALC-0008208,WO-2025-001365,MAT-00313,1049,1049,0
ALC-0008209,WO-2025-001365,MAT-00993,598,598,0
ALC-0008210,WO-2025-001365,MAT-00857,874,874,0
ALC-0008211,WO-2025-001366,MAT-00908,497,497,0
ALC-0008212,WO-2025-001366,MAT-00588,279,279,0
ALC-0008213,WO-2025-001366,MAT-00328,248,248,0
ALC-0008214,WO-2025-001366,MAT-00863,168,168,0
ALC-0008215,WO-2025-001366,MAT-00858,137,137,0
ALC-0008216,WO-2025-001366,MAT-00487,200,200,0
ALC-0008217,WO-2025-001367,MAT-01119,1010,1010,0
ALC-0008218,WO-2025-001367,MAT-00007,466,466,0
ALC-0008219,WO-2025-001367,MAT-00177,1086,1086,0
ALC-0008220,WO-2025-001367,MAT-00554,885,885,0
ALC-0008221,WO-2025-001368,MAT-00299,244,244,0
ALC-0008222,WO-2025-001368,MAT-00944,232,232,0
ALC-0008223,WO-2025-001368,MAT-00230,176,176,0
ALC-0008224,WO-2025-001368,MAT-00939,142,142,0
ALC-0008225,WO-2025-001368,MAT-00168,177,177,0
ALC-0008226,WO-2025-001368,MAT-01109,54,54,0
ALC-0008227,WO-2025-001368,MAT-00286,152,152,0
ALC-0008228,WO-2025-001369,MAT-00686,933,933,0
ALC-0008229,WO-2025-001369,MAT-00657,921,921,0
ALC-0008230,WO-2025-001369,MAT-00981,1172,1172,0
ALC-0008231,WO-2025-001369,MAT-00225,1213,1213,0
ALC-0008232,WO-2025-001370,MAT-00631,408,408,0
ALC-0008233,WO-2025-001370,MAT-00817,371,371,0
ALC-0008234,WO-2025-001370,MAT-00535,294,294,0
ALC-0008235,WO-2025-001370,MAT-01136,430,430,0
ALC-0008236,WO-2025-001370,MAT-00978,439,439,0
ALC-0008237,WO-2025-001370,MAT-00253,479,479,0
ALC-0008238,WO-2025-001370,MAT-00275,345,345,0
ALC-0008239,WO-2025-001370,MAT-00413,390,390,0
ALC-0008240,WO-2025-001371,MAT-00941,312,312,0
ALC-0008241,WO-2025-001371,MAT-00477,266,266,0
ALC-0008242,WO-2025-001371,MAT-00130,320,320,0
ALC-0008243,WO-2025-001371,MAT-00758,1243,1243,0
ALC-0008244,WO-2025-001371,MAT-00394,1226,1226,0
ALC-0008245,WO-2025-001371,MAT-00866,1087,1087,0
ALC-0008246,WO-2025-001371,MAT-00192,581,581,0
ALC-0008247,WO-2025-001371,MAT-00248,620,620,0
ALC-0008248,WO-2025-001372,MAT-00025,322,322,0
ALC-0008249,WO-2025-001372,MAT-00285,1200,1200,0
ALC-0008250,WO-2025-001372,MAT-00227,1110,1110,0
ALC-0008251,WO-2025-001372,MAT-01129,741,741,0
ALC-0008252,WO-2025-001372,MAT-00013,869,869,0
ALC-0008253,WO-2025-001372,MAT-00492,1035,1035,0
ALC-0008254,WO-2025-001372,MAT-00021,758,758,0
ALC-0008255,WO-2025-001373,MAT-00406,216,216,0
ALC-0008256,WO-2025-001373,MAT-00027,239,239,0
ALC-0008257,WO-2025-001373,MAT-00591,138,138,0
ALC-0008258,WO-2025-001373,MAT-00320,59,59,0
ALC-0008259,WO-2025-001374,MAT-00639,101,101,0
ALC-0008260,WO-2025-001374,MAT-00997,104,104,0
ALC-0008261,WO-2025-001374,MAT-00613,53,53,0
ALC-0008262,WO-2025-001374,MAT-00797,223,223,0
ALC-0008263,WO-2025-001374,MAT-00067,243,243,0
ALC-0008264,WO-2025-001374,MAT-00948,191,191,0
ALC-0008265,WO-2025-001375,MAT-00686,179,179,0
ALC-0008266,WO-2025-001375,MAT-00476,235,235,0
ALC-0008267,WO-2025-001375,MAT-00804,50,50,0
ALC-0008268,WO-2025-001375,MAT-00133,142,142,0
ALC-0008269,WO-2025-001375,MAT-01199,242,242,0
ALC-0008270,WO-2025-001375,MAT-00326,186,186,0
ALC-0008271,WO-2025-001376,MAT-00206,919,919,0
ALC-0008272,WO-2025-001376,MAT-00798,742,742,0
ALC-0008273,WO-2025-001376,MAT-00324,951,951,0
ALC-0008274,WO-2025-001376,MAT-00037,1118,1118,0
ALC-0008275,WO-2025-001376,MAT-00139,626,626,0
ALC-0008276,WO-2025-001376,MAT-01016,776,776,0
ALC-0008277,WO-2025-001376,MAT-00164,485,485,0
ALC-0008278,WO-2025-001376,MAT-00398,757,757,0
ALC-0008279,WO-2025-001377,MAT-00122,259,259,0
ALC-0008280,WO-2025-001377,MAT-00989,593,593,0
ALC-0008281,WO-2025-001377,MAT-00404,381,381,0
ALC-0008282,WO-2025-001377,MAT-00769,368,368,0
ALC-0008283,WO-2025-001377,MAT-00055,1145,1145,0
ALC-0008284,WO-2025-001377,MAT-00983,910,910,0
ALC-0008285,WO-2025-001377,MAT-00043,689,689,0
ALC-0008286,WO-2025-001378,MAT-00156,117,117,0
ALC-0008287,WO-2025-001378,MAT-01045,79,79,0
ALC-0008288,WO-2025-001378,MAT-00142,152,152,0
ALC-0008289,WO-2025-001378,MAT-00497,186,186,0
ALC-0008290,WO-2025-001378,MAT-00294,145,145,0
ALC-0008291,WO-2025-001378,MAT-00570,106,106,0
ALC-0008292,WO-2025-001378,MAT-00547,79,79,0
ALC-0008293,WO-2025-001378,MAT-01159,228,228,0
ALC-0008294,WO-2025-001379,MAT-00990,150,150,0
ALC-0008295,WO-2025-001379,MAT-00399,166,166,0
ALC-0008296,WO-2025-001379,MAT-00527,183,183,0
ALC-0008297,WO-2025-001379,MAT-00865,138,138,0
ALC-0008298,WO-2025-001379,MAT-00236,301,301,0
ALC-0008299,WO-2025-001379,MAT-00867,200,200,0
ALC-0008300,WO-2025-001380,MAT-00725,71,71,0
ALC-0008301,WO-2025-001380,MAT-00932,212,212,0
ALC-0008302,WO-2025-001380,MAT-00660,141,141,0
ALC-0008303,WO-2025-001380,MAT-00532,123,123,0
ALC-0008304,WO-2025-001380,MAT-01000,111,111,0
ALC-0008305,WO-2025-001380,MAT-00745,121,121,0
ALC-0008306,WO-2025-001381,MAT-00972,406,406,0
ALC-0008307,WO-2025-001381,MAT-00041,228,228,0
ALC-0008308,WO-2025-001381,MAT-00736,125,125,0
ALC-0008309,WO-2025-001381,MAT-01143,336,336,0
ALC-0008310,WO-2025-001381,MAT-00587,101,101,0
ALC-0008311,WO-2025-001382,MAT-00152,4979,4979,0
ALC-0008312,WO-2025-001382,MAT-00195,4301,4301,0
ALC-0008313,WO-2025-001382,MAT-00751,3905,3905,0
ALC-0008314,WO-2025-001382,MAT-00238,2247,2247,0
ALC-0008315,WO-2025-001382,MAT-00415,1731,1731,0
ALC-0008316,WO-2025-001382,MAT-00703,3777,3777,0
ALC-0008317,WO-2025-001382,MAT-00518,2414,2414,0
ALC-0008318,WO-2025-001383,MAT-01097,1042,1042,0
ALC-0008319,WO-2025-001383,MAT-00878,1513,1513,0
ALC-0008320,WO-2025-001383,MAT-00484,1065,1065,0
ALC-0008321,WO-2025-001383,MAT-00947,928,928,0
ALC-0008322,WO-2025-001383,MAT-00582,1342,1342,0
ALC-0008323,WO-2025-001383,MAT-00768,1226,1226,0
ALC-0008324,WO-2025-001384,MAT-00548,3163,3163,0
ALC-0008325,WO-2025-001384,MAT-00429,2564,2564,0
ALC-0008326,WO-2025-001384,MAT-00217,3105,3105,0
ALC-0008327,WO-2025-001384,MAT-00043,3410,3410,0
ALC-0008328,WO-2025-001384,MAT-00682,2550,2550,0
ALC-0008329,WO-2025-001384,MAT-00442,3916,3916,0
ALC-0008330,WO-2025-001384,MAT-00628,2729,2729,0
ALC-0008331,WO-2025-001385,MAT-00437,2980,2980,0
ALC-0008332,WO-2025-001385,MAT-00058,2013,2013,0
ALC-0008333,WO-2025-001385,MAT-01113,2963,2963,0
ALC-0008334,WO-2025-001385,MAT-00695,3281,3281,0
ALC-0008335,WO-2025-001385,MAT-01072,2548,2548,0
ALC-0008336,WO-2025-001385,MAT-00385,2392,2392,0
ALC-0008337,WO-2025-001386,MAT-00835,1244,1244,0
ALC-0008338,WO-2025-001386,MAT-00406,720,720,0
ALC-0008339,WO-2025-001386,MAT-00113,720,720,0
ALC-0008340,WO-2025-001386,MAT-00680,962,962,0
ALC-0008341,WO-2025-001386,MAT-00638,1025,1025,0
ALC-0008342,WO-2025-001386,MAT-00917,454,454,0
ALC-0008343,WO-2025-001386,MAT-00759,577,577,0
ALC-0008344,WO-2025-001386,MAT-01085,1041,1041,0
ALC-0008345,WO-2025-001387,MAT-00791,164,164,0
ALC-0008346,WO-2025-001387,MAT-00230,300,300,0
ALC-0008347,WO-2025-001387,MAT-01150,155,155,0
ALC-0008348,WO-2025-001387,MAT-00692,307,307,0
ALC-0008349,WO-2025-001388,MAT-00429,395,395,0
ALC-0008350,WO-2025-001388,MAT-01048,454,454,0
ALC-0008351,WO-2025-001388,MAT-00750,289,289,0
ALC-0008352,WO-2025-001388,MAT-00741,157,157,0
ALC-0008353,WO-2025-001388,MAT-00376,374,374,0
ALC-0008354,WO-2025-001389,MAT-00431,2291,2291,0
ALC-0008355,WO-2025-001389,MAT-00601,1263,1263,0
ALC-0008356,WO-2025-001389,MAT-00390,2350,2350,0
ALC-0008357,WO-2025-001389,MAT-00217,2380,2380,0
ALC-0008358,WO-2025-001389,MAT-00875,514,514,0
ALC-0008359,WO-2025-001389,MAT-00451,1403,1403,0
ALC-0008360,WO-2025-001389,MAT-00825,786,786,0
ALC-0008361,WO-2025-001390,MAT-00316,1893,1893,0
ALC-0008362,WO-2025-001390,MAT-00314,3509,3509,0
ALC-0008363,WO-2025-001390,MAT-00235,3852,3852,0
ALC-0008364,WO-2025-001390,MAT-00448,3603,3603,0
ALC-0008365,WO-2025-001390,MAT-00504,1172,1172,0
ALC-0008366,WO-2025-001390,MAT-00458,1540,1540,0
ALC-0008367,WO-2025-001391,MAT-00816,4264,4264,0
ALC-0008368,WO-2025-001391,MAT-00765,4743,4743,0
ALC-0008369,WO-2025-001391,MAT-00681,3172,3172,0
ALC-0008370,WO-2025-001391,MAT-00145,4455,4455,0
ALC-0008371,WO-2025-001391,MAT-01177,4293,4293,0
ALC-0008372,WO-2025-001392,MAT-00900,984,984,0
ALC-0008373,WO-2025-001392,MAT-00344,835,835,0
ALC-0008374,WO-2025-001392,MAT-00371,1680,1680,0
ALC-0008375,WO-2025-001392,MAT-00550,2150,2150,0
ALC-0008376,WO-2025-001392,MAT-00709,1485,1485,0
ALC-0008377,WO-2025-001392,MAT-00591,1685,1685,0
ALC-0008378,WO-2025-001393,MAT-00395,960,960,0
ALC-0008379,WO-2025-001393,MAT-01103,1750,1750,0
ALC-0008380,WO-2025-001393,MAT-01058,1240,1240,0
ALC-0008381,WO-2025-001393,MAT-00353,1302,1302,0
ALC-0008382,WO-2025-001393,MAT-00586,1007,1007,0
ALC-0008383,WO-2025-001393,MAT-01153,2344,2344,0
ALC-0008384,WO-2025-001394,MAT-00889,235,235,0
ALC-0008385,WO-2025-001394,MAT-01033,405,405,0
ALC-0008386,WO-2025-001394,MAT-00470,473,473,0
ALC-0008387,WO-2025-001394,MAT-00641,198,198,0
ALC-0008388,WO-2025-001394,MAT-00607,205,205,0
ALC-0008389,WO-2025-001394,MAT-00295,393,393,0
ALC-0008390,WO-2025-001394,MAT-00355,224,224,0
ALC-0008391,WO-2025-001394,MAT-00588,389,389,0
ALC-0008392,WO-2025-001395,MAT-00162,848,848,0
ALC-0008393,WO-2025-001395,MAT-00154,745,745,0
ALC-0008394,WO-2025-001395,MAT-00420,1199,1199,0
ALC-0008395,WO-2025-001395,MAT-00862,416,416,0
ALC-0008396,WO-2025-001395,MAT-00831,1142,1142,0
ALC-0008397,WO-2025-001395,MAT-00863,795,795,0
ALC-0008398,WO-2025-001395,MAT-00459,525,525,0
ALC-0008399,WO-2025-001395,MAT-00024,860,860,0
ALC-0008400,WO-2025-001396,MAT-00323,782,782,0
ALC-0008401,WO-2025-001396,MAT-00691,1013,1013,0
ALC-0008402,WO-2025-001396,MAT-00502,312,312,0
ALC-0008403,WO-2025-001396,MAT-00699,968,968,0
ALC-0008404,WO-2025-001396,MAT-00645,948,948,0
ALC-0008405,WO-2025-001396,MAT-00536,522,522,0
ALC-0008406,WO-2025-001396,MAT-00873,1119,1119,0
ALC-0008407,WO-2025-001397,MAT-00344,1382,1382,0
ALC-0008408,WO-2025-001397,MAT-00412,636,636,0
ALC-0008409,WO-2025-001397,MAT-00885,918,918,0
ALC-0008410,WO-2025-001397,MAT-00827,2184,2184,0
ALC-0008411,WO-2025-001397,MAT-00692,1518,1518,0
ALC-0008412,WO-2025-001397,MAT-00434,742,742,0
ALC-0008413,WO-2025-001398,MAT-00690,2346,2346,0
ALC-0008414,WO-2025-001398,MAT-00328,988,988,0
ALC-0008415,WO-2025-001398,MAT-00057,952,952,0
ALC-0008416,WO-2025-001398,MAT-00973,2422,2422,0
ALC-0008417,WO-2025-001398,MAT-00547,663,663,0
ALC-0008418,WO-2025-001398,MAT-00672,774,774,0
ALC-0008419,WO-2025-001398,MAT-00221,1322,1322,0
ALC-0008420,WO-2025-001398,MAT-00364,610,610,0
ALC-0008421,WO-2025-001399,MAT-01149,469,469,0
ALC-0008422,WO-2025-001399,MAT-00662,340,340,0
ALC-0008423,WO-2025-001399,MAT-00214,343,343,0
ALC-0008424,WO-2025-001399,MAT-01112,358,358,0
ALC-0008425,WO-2025-001400,MAT-00680,949,949,0
ALC-0008426,WO-2025-001400,MAT-00559,1455,1455,0
ALC-0008427,WO-2025-001400,MAT-01141,2024,2024,0
ALC-0008428,WO-2025-001400,MAT-00455,1294,1294,0
ALC-0008429,WO-2025-001400,MAT-00494,1703,1703,0
ALC-0008430,WO-2025-001400,MAT-00661,1872,1872,0
ALC-0008431,WO-2025-001401,MAT-00622,119,119,0
ALC-0008432,WO-2025-001401,MAT-00053,174,174,0
ALC-0008433,WO-2025-001401,MAT-00946,128,128,0
ALC-0008434,WO-2025-001401,MAT-00341,120,120,0
ALC-0008435,WO-2025-001401,MAT-00997,159,159,0
ALC-0008436,WO-2025-001401,MAT-00356,182,182,0
ALC-0008437,WO-2025-001401,MAT-00522,89,89,0
ALC-0008438,WO-2025-001402,MAT-00659,1512,1512,0
ALC-0008439,WO-2025-001402,MAT-00138,2270,2270,0
ALC-0008440,WO-2025-001402,MAT-00559,2076,2076,0
ALC-0008441,WO-2025-001402,MAT-00240,1758,1758,0
ALC-0008442,WO-2025-001402,MAT-00717,878,878,0
ALC-0008443,WO-2025-001402,MAT-00435,1933,1933,0
ALC-0008444,WO-2025-001402,MAT-00532,2169,2169,0
ALC-0008445,WO-2025-001403,MAT-00406,4270,4270,0
ALC-0008446,WO-2025-001403,MAT-00026,2888,2888,0
ALC-0008447,WO-2025-001403,MAT-01168,1194,1194,0
ALC-0008448,WO-2025-001403,MAT-01001,2305,2305,0
ALC-0008449,WO-2025-001403,MAT-00853,3839,3839,0
ALC-0008450,WO-2025-001403,MAT-00276,2075,2075,0
ALC-0008451,WO-2025-001403,MAT-00382,1870,1870,0
ALC-0008452,WO-2025-001403,MAT-00505,3642,3642,0
ALC-0008453,WO-2025-001404,MAT-00971,385,385,0
ALC-0008454,WO-2025-001404,MAT-00066,218,218,0
ALC-0008455,WO-2025-001404,MAT-00993,334,334,0
ALC-0008456,WO-2025-001404,MAT-00735,430,430,0
ALC-0008457,WO-2025-001404,MAT-00727,489,489,0
ALC-0008458,WO-2025-001404,MAT-01073,165,165,0
ALC-0008459,WO-2025-001404,MAT-00660,221,221,0
ALC-0008460,WO-2025-001404,MAT-00347,464,464,0
ALC-0008461,WO-2025-001405,MAT-00588,4137,4137,0
ALC-0008462,WO-2025-001405,MAT-00616,4089,4089,0
ALC-0008463,WO-2025-001405,MAT-00546,1040,1040,0
ALC-0008464,WO-2025-001405,MAT-00586,4473,4473,0
ALC-0008465,WO-2025-001405,MAT-01120,3731,3731,0
ALC-0008466,WO-2025-001405,MAT-00321,2110,2110,0
ALC-0008467,WO-2025-001405,MAT-00011,1610,1610,0
ALC-0008468,WO-2025-001406,MAT-00815,1758,1758,0
ALC-0008469,WO-2025-001406,MAT-00904,2291,2291,0
ALC-0008470,WO-2025-001406,MAT-01110,2174,2174,0
ALC-0008471,WO-2025-001406,MAT-00250,3098,3098,0
ALC-0008472,WO-2025-001407,MAT-00686,4635,4635,0
ALC-0008473,WO-2025-001407,MAT-01175,2435,2435,0
ALC-0008474,WO-2025-001407,MAT-00945,3693,3693,0
ALC-0008475,WO-2025-001407,MAT-00652,3601,3601,0
ALC-0008476,WO-2025-001407,MAT-00176,4345,4345,0
ALC-0008477,WO-2025-001407,MAT-00480,2571,2571,0
ALC-0008478,WO-2025-001407,MAT-00018,2448,2448,0
ALC-0008479,WO-2025-001407,MAT-00866,2147,2147,0
ALC-0008480,WO-2025-001408,MAT-00556,52,52,0
ALC-0008481,WO-2025-001408,MAT-00460,125,125,0
ALC-0008482,WO-2025-001408,MAT-00853,103,103,0
ALC-0008483,WO-2025-001408,MAT-00675,135,135,0
ALC-0008484,WO-2025-001408,MAT-00704,94,94,0
ALC-0008485,WO-2025-001408,MAT-00999,136,136,0
ALC-0008486,WO-2025-001408,MAT-00058,120,120,0
ALC-0008487,WO-2025-001408,MAT-01128,186,186,0
ALC-0008488,WO-2025-001409,MAT-00942,2154,2154,0
ALC-0008489,WO-2025-001409,MAT-00716,2426,2426,0
ALC-0008490,WO-2025-001409,MAT-00554,2331,2331,0
ALC-0008491,WO-2025-001409,MAT-00765,2300,2300,0
ALC-0008492,WO-2025-001409,MAT-00999,1043,1043,0
ALC-0008493,WO-2025-001409,MAT-00205,2427,2427,0
ALC-0008494,WO-2025-001410,MAT-01094,54,54,0
ALC-0008495,WO-2025-001410,MAT-00577,202,202,0
ALC-0008496,WO-2025-001410,MAT-00236,173,173,0
ALC-0008497,WO-2025-001410,MAT-00636,76,76,0
ALC-0008498,WO-2025-001410,MAT-01068,154,154,0
ALC-0008499,WO-2025-001411,MAT-00664,2514,2514,0
ALC-0008500,WO-2025-001411,MAT-00402,1788,1788,0
ALC-0008501,WO-2025-001411,MAT-00389,1582,1582,0
ALC-0008502,WO-2025-001411,MAT-00703,1893,1893,0
ALC-0008503,WO-2025-001411,MAT-00894,1176,1176,0
ALC-0008504,WO-2025-001412,MAT-01040,425,425,0
ALC-0008505,WO-2025-001412,MAT-00898,155,155,0
ALC-0008506,WO-2025-001412,MAT-00952,133,133,0
ALC-0008507,WO-2025-001412,MAT-00226,364,364,0
ALC-0008508,WO-2025-001412,MAT-01007,201,201,0
ALC-0008509,WO-2025-001413,MAT-00796,4187,4187,0
ALC-0008510,WO-2025-001413,MAT-00989,3519,3519,0
ALC-0008511,WO-2025-001413,MAT-01061,1326,1326,0
ALC-0008512,WO-2025-001413,MAT-00564,1840,1840,0
ALC-0008513,WO-2025-001413,MAT-00082,3706,3706,0
ALC-0008514,WO-2025-001413,MAT-00013,1339,1339,0
ALC-0008515,WO-2025-001414,MAT-01161,1150,1150,0
ALC-0008516,WO-2025-001414,MAT-01064,362,362,0
ALC-0008517,WO-2025-001414,MAT-00317,498,498,0
ALC-0008518,WO-2025-001414,MAT-01163,1019,1019,0
ALC-0008519,WO-2025-001415,MAT-00773,4781,4781,0
ALC-0008520,WO-2025-001415,MAT-00915,3565,3565,0
ALC-0008521,WO-2025-001415,MAT-00015,3724,3724,0
ALC-0008522,WO-2025-001415,MAT-00192,3816,3816,0
ALC-0008523,WO-2025-001416,MAT-00050,175,175,0
ALC-0008524,WO-2025-001416,MAT-00860,452,452,0
ALC-0008525,WO-2025-001416,MAT-00535,101,101,0
ALC-0008526,WO-2025-001416,MAT-00681,413,413,0
ALC-0008527,WO-2025-001417,MAT-01011,2446,2446,0
ALC-0008528,WO-2025-001417,MAT-00831,830,830,0
ALC-0008529,WO-2025-001417,MAT-00471,1994,1994,0
ALC-0008530,WO-2025-001417,MAT-01122,2314,2314,0
ALC-0008531,WO-2025-001417,MAT-00564,1033,1033,0
ALC-0008532,WO-2025-001417,MAT-00947,1976,1976,0
ALC-0008533,WO-2025-001417,MAT-00251,537,537,0
ALC-0008534,WO-2025-001417,MAT-01153,2239,2239,0
ALC-0008535,WO-2025-001418,MAT-00583,338,338,0
ALC-0008536,WO-2025-001418,MAT-01132,219,219,0
ALC-0008537,WO-2025-001418,MAT-00566,184,184,0
ALC-0008538,WO-2025-001418,MAT-00483,135,135,0
ALC-0008539,WO-2025-001418,MAT-00454,488,488,0
ALC-0008540,WO-2025-001419,MAT-01013,1360,1360,0
ALC-0008541,WO-2025-001419,MAT-00539,3275,3275,0
ALC-0008542,WO-2025-001419,MAT-00123,4395,4395,0
ALC-0008543,WO-2025-001419,MAT-00687,1907,1907,0
ALC-0008544,WO-2025-001419,MAT-01174,1024,1024,0
ALC-0008545,WO-2025-001419,MAT-00320,3390,3390,0
ALC-0008546,WO-2025-001419,MAT-00600,1661,1661,0
ALC-0008547,WO-2025-001420,MAT-00380,1109,1109,0
ALC-0008548,WO-2025-001420,MAT-00807,2360,2360,0
ALC-0008549,WO-2025-001420,MAT-00081,2397,2397,0
ALC-0008550,WO-2025-001420,MAT-01153,4703,4703,0
ALC-0008551,WO-2025-001420,MAT-00289,3398,3398,0
ALC-0008552,WO-2025-001420,MAT-00275,2818,2818,0
ALC-0008553,WO-2025-001420,MAT-01061,1084,1084,0
ALC-0008554,WO-2025-001420,MAT-00148,1182,1182,0
ALC-0008555,WO-2025-001421,MAT-00894,224,224,0
ALC-0008556,WO-2025-001421,MAT-00930,114,114,0
ALC-0008557,WO-2025-001421,MAT-00583,103,103,0
ALC-0008558,WO-2025-001421,MAT-00062,107,107,0
ALC-0008559,WO-2025-001422,MAT-00050,1157,1157,0
ALC-0008560,WO-2025-001422,MAT-01019,1031,1031,0
ALC-0008561,WO-2025-001422,MAT-01077,384,384,0
ALC-0008562,WO-2025-001422,MAT-00627,668,668,0
ALC-0008563,WO-2025-001423,MAT-00566,1281,1281,0
ALC-0008564,WO-2025-001423,MAT-00324,4016,4016,0
ALC-0008565,WO-2025-001423,MAT-00842,4663,4663,0
ALC-0008566,WO-2025-001423,MAT-00399,4302,4302,0
ALC-0008567,WO-2025-001423,MAT-00970,4136,4136,0
ALC-0008568,WO-2025-001424,MAT-00884,4429,4429,0
ALC-0008569,WO-2025-001424,MAT-00116,4828,4828,0
ALC-0008570,WO-2025-001424,MAT-00965,1721,1721,0
ALC-0008571,WO-2025-001424,MAT-00038,1342,1342,0
ALC-0008572,WO-2025-001424,MAT-00302,2529,2529,0
ALC-0008573,WO-2025-001425,MAT-00913,402,402,0
ALC-0008574,WO-2025-001425,MAT-00108,191,191,0
ALC-0008575,WO-2025-001425,MAT-00477,270,270,0
ALC-0008576,WO-2025-001425,MAT-00360,247,247,0
ALC-0008577,WO-2025-001425,MAT-01032,204,204,0
ALC-0008578,WO-2025-001426,MAT-00899,603,603,0
ALC-0008579,WO-2025-001426,MAT-00524,455,455,0
ALC-0008580,WO-2025-001426,MAT-00378,661,661,0
ALC-0008581,WO-2025-001426,MAT-00206,651,651,0
ALC-0008582,WO-2025-001427,MAT-01133,191,191,0
ALC-0008583,WO-2025-001427,MAT-00962,154,154,0
ALC-0008584,WO-2025-001427,MAT-00419,205,205,0
ALC-0008585,WO-2025-001427,MAT-00983,225,225,0
ALC-0008586,WO-2025-001427,MAT-01121,207,207,0
ALC-0008587,WO-2025-001427,MAT-00249,180,180,0
ALC-0008588,WO-2025-001427,MAT-00189,208,208,0
ALC-0008589,WO-2025-001428,MAT-00958,1216,1216,0
ALC-0008590,WO-2025-001428,MAT-00978,2717,2717,0
ALC-0008591,WO-2025-001428,MAT-00143,3244,3244,0
ALC-0008592,WO-2025-001428,MAT-00829,1129,1129,0
ALC-0008593,WO-2025-001428,MAT-01054,2493,2493,0
ALC-0008594,WO-2025-001429,MAT-00476,342,342,0
ALC-0008595,WO-2025-001429,MAT-00244,165,165,0
ALC-0008596,WO-2025-001429,MAT-00847,256,256,0
ALC-0008597,WO-2025-001429,MAT-00707,282,282,0
ALC-0008598,WO-2025-001429,MAT-00749,329,329,0
ALC-0008599,WO-2025-001429,MAT-00599,332,332,0
ALC-0008600,WO-2025-001429,MAT-00294,323,323,0
ALC-0008601,WO-2025-001429,MAT-00990,405,405,0
ALC-0008602,WO-2025-001430,MAT-00756,418,418,0
ALC-0008603,WO-2025-001430,MAT-01076,435,435,0
ALC-0008604,WO-2025-001430,MAT-00811,170,170,0
ALC-0008605,WO-2025-001430,MAT-00640,327,327,0
ALC-0008606,WO-2025-001430,MAT-00078,223,223,0
ALC-0008607,WO-2025-001430,MAT-00096,239,239,0
ALC-0008608,WO-2025-001430,MAT-00112,386,386,0
ALC-0008609,WO-2025-001430,MAT-00079,439,439,0
ALC-0008610,WO-2025-001431,MAT-01186,3568,3568,0
ALC-0008611,WO-2025-001431,MAT-00416,3986,3986,0
ALC-0008612,WO-2025-001431,MAT-00703,4057,4057,0
ALC-0008613,WO-2025-001431,MAT-00199,3673,3673,0
ALC-0008614,WO-2025-001431,MAT-00252,3015,3015,0
ALC-0008615,WO-2025-001431,MAT-01198,1219,1219,0
ALC-0008616,WO-2025-001432,MAT-00024,139,139,0
ALC-0008617,WO-2025-001432,MAT-00738,187,187,0
ALC-0008618,WO-2025-001432,MAT-01164,188,188,0
ALC-0008619,WO-2025-001432,MAT-00134,162,162,0
ALC-0008620,WO-2025-001432,MAT-00696,140,140,0
ALC-0008621,WO-2025-001432,MAT-00519,130,130,0
ALC-0008622,WO-2025-001432,MAT-00219,219,219,0
ALC-0008623,WO-2025-001432,MAT-00544,152,152,0
ALC-0008624,WO-2025-001433,MAT-00400,2224,2224,0
ALC-0008625,WO-2025-001433,MAT-00089,2496,2496,0
ALC-0008626,WO-2025-001433,MAT-00859,1491,1491,0
ALC-0008627,WO-2025-001433,MAT-00657,2308,2308,0
ALC-0008628,WO-2025-001434,MAT-00556,1892,1892,0
ALC-0008629,WO-2025-001434,MAT-00178,4147,4147,0
ALC-0008630,WO-2025-001434,MAT-00360,4913,4913,0
ALC-0008631,WO-2025-001434,MAT-00408,2915,2915,0
ALC-0008632,WO-2025-001434,MAT-00548,2801,2801,0
ALC-0008633,WO-2025-001435,MAT-01065,927,927,0
ALC-0008634,WO-2025-001435,MAT-00488,479,479,0
ALC-0008635,WO-2025-001435,MAT-00937,859,859,0
ALC-0008636,WO-2025-001435,MAT-00349,1151,1151,0
ALC-0008637,WO-2025-001436,MAT-00104,815,815,0
ALC-0008638,WO-2025-001436,MAT-00955,1000,1000,0
ALC-0008639,WO-2025-001436,MAT-00393,1029,1029,0
ALC-0008640,WO-2025-001436,MAT-00218,611,611,0
ALC-0008641,WO-2025-001437,MAT-00178,88,88,0
ALC-0008642,WO-2025-001437,MAT-00097,137,137,0
ALC-0008643,WO-2025-001437,MAT-00643,143,143,0
ALC-0008644,WO-2025-001437,MAT-01136,178,178,0
ALC-0008645,WO-2025-001437,MAT-00272,245,245,0
ALC-0008646,WO-2025-001438,MAT-00018,177,177,0
ALC-0008647,WO-2025-001438,MAT-00155,132,132,0
ALC-0008648,WO-2025-001438,MAT-01127,221,221,0
ALC-0008649,WO-2025-001438,MAT-00269,208,208,0
ALC-0008650,WO-2025-001439,MAT-01082,718,718,0
ALC-0008651,WO-2025-001439,MAT-00276,941,941,0
ALC-0008652,WO-2025-001439,MAT-01081,698,698,0
ALC-0008653,WO-2025-001439,MAT-00983,600,600,0
ALC-0008654,WO-2025-001439,MAT-00341,721,721,0
ALC-0008655,WO-2025-001440,MAT-00580,409,409,0
ALC-0008656,WO-2025-001440,MAT-00856,368,368,0
ALC-0008657,WO-2025-001440,MAT-00084,481,481,0
ALC-0008658,WO-2025-001440,MAT-00860,375,375,0
ALC-0008659,WO-2025-001440,MAT-00719,211,211,0
ALC-0008660,WO-2025-001440,MAT-00058,376,376,0
ALC-0008661,WO-2025-001441,MAT-00172,134,134,0
ALC-0008662,WO-2025-001441,MAT-00793,99,99,0
ALC-0008663,WO-2025-001441,MAT-01021,173,173,0
ALC-0008664,WO-2025-001441,MAT-00383,135,135,0
ALC-0008665,WO-2025-001441,MAT-00699,78,78,0
ALC-0008666,WO-2025-001442,MAT-01050,331,331,0
ALC-0008667,WO-2025-001442,MAT-00480,315,315,0
ALC-0008668,WO-2025-001442,MAT-00917,214,214,0
ALC-0008669,WO-2025-001442,MAT-00412,442,442,0
ALC-0008670,WO-2025-001442,MAT-00760,121,121,0
ALC-0008671,WO-2025-001443,MAT-00033,4512,4512,0
ALC-0008672,WO-2025-001443,MAT-01098,4023,4023,0
ALC-0008673,WO-2025-001443,MAT-00453,2885,2885,0
ALC-0008674,WO-2025-001443,MAT-00249,3060,3060,0
ALC-0008675,WO-2025-001443,MAT-00085,2694,2694,0
ALC-0008676,WO-2025-001443,MAT-00157,3970,3970,0
ALC-0008677,WO-2025-001443,MAT-00641,3798,3798,0
ALC-0008678,WO-2025-001444,MAT-00845,3128,3128,0
ALC-0008679,WO-2025-001444,MAT-00283,1818,1818,0
ALC-0008680,WO-2025-001444,MAT-00201,4408,4408,0
ALC-0008681,WO-2025-001444,MAT-00896,2885,2885,0
ALC-0008682,WO-2025-001444,MAT-01091,1651,1651,0
ALC-0008683,WO-2025-001444,MAT-00962,4660,4660,0
ALC-0008684,WO-2025-001445,MAT-01031,2426,2426,0
ALC-0008685,WO-2025-001445,MAT-01181,1081,1081,0
ALC-0008686,WO-2025-001445,MAT-00208,3582,3582,0
ALC-0008687,WO-2025-001445,MAT-00360,2541,2541,0
ALC-0008688,WO-2025-001445,MAT-00756,4746,4746,0
ALC-0008689,WO-2025-001445,MAT-00841,1264,1264,0
ALC-0008690,WO-2025-001445,MAT-00473,4508,4508,0
ALC-0008691,WO-2025-001446,MAT-00824,683,683,0
ALC-0008692,WO-2025-001446,MAT-00452,831,831,0
ALC-0008693,WO-2025-001446,MAT-00069,956,956,0
ALC-0008694,WO-2025-001446,MAT-00609,1145,1145,0
ALC-0008695,WO-2025-001446,MAT-00617,1011,1011,0
ALC-0008696,WO-2025-001446,MAT-01025,765,765,0
ALC-0008697,WO-2025-001446,MAT-00147,730,730,0
ALC-0008698,WO-2025-001447,MAT-00700,1788,1788,0
ALC-0008699,WO-2025-001447,MAT-01086,1644,1644,0
ALC-0008700,WO-2025-001447,MAT-00470,1068,1068,0
ALC-0008701,WO-2025-001447,MAT-00935,3059,3059,0
ALC-0008702,WO-2025-001448,MAT-00908,1171,1171,0
ALC-0008703,WO-2025-001448,MAT-00299,596,596,0
ALC-0008704,WO-2025-001448,MAT-00883,466,466,0
ALC-0008705,WO-2025-001448,MAT-00518,1199,1199,0
ALC-0008706,WO-2025-001449,MAT-00631,155,155,0
ALC-0008707,WO-2025-001449,MAT-00854,220,220,0
ALC-0008708,WO-2025-001449,MAT-00799,122,122,0
ALC-0008709,WO-2025-001449,MAT-00110,69,69,0
ALC-0008710,WO-2025-001449,MAT-00732,67,67,0
ALC-0008711,WO-2025-001449,MAT-00103,239,239,0
ALC-0008712,WO-2025-001449,MAT-00061,163,163,0
ALC-0008713,WO-2025-001449,MAT-00586,108,108,0
ALC-0008714,WO-2025-001450,MAT-00454,660,660,0
ALC-0008715,WO-2025-001450,MAT-00314,1157,1157,0
ALC-0008716,WO-2025-001450,MAT-00404,689,689,0
ALC-0008717,WO-2025-001450,MAT-00563,877,877,0
ALC-0008718,WO-2025-001450,MAT-00842,402,402,0
ALC-0008719,WO-2025-001450,MAT-00836,694,694,0
ALC-0008720,WO-2025-001451,MAT-00255,115,115,0
ALC-0008721,WO-2025-001451,MAT-00726,216,216,0
ALC-0008722,WO-2025-001451,MAT-00131,96,96,0
ALC-0008723,WO-2025-001451,MAT-00977,98,98,0
ALC-0008724,WO-2025-001451,MAT-00847,109,109,0
ALC-0008725,WO-2025-001451,MAT-00293,99,99,0
ALC-0008726,WO-2025-001451,MAT-01190,51,51,0
ALC-0008727,WO-2025-001451,MAT-01050,112,112,0
ALC-0008728,WO-2025-001452,MAT-00799,176,176,0
ALC-0008729,WO-2025-001452,MAT-00869,141,141,0
ALC-0008730,WO-2025-001452,MAT-00074,56,56,0
ALC-0008731,WO-2025-001452,MAT-00753,192,192,0
ALC-0008732,WO-2025-001452,MAT-00581,140,140,0
ALC-0008733,WO-2025-001452,MAT-00886,95,95,0
ALC-0008734,WO-2025-001453,MAT-00599,364,364,0
ALC-0008735,WO-2025-001453,MAT-00393,606,606,0
ALC-0008736,WO-2025-001453,MAT-00973,1046,1046,0
ALC-0008737,WO-2025-001453,MAT-01150,545,545,0
ALC-0008738,WO-2025-001453,MAT-00693,1049,1049,0
ALC-0008739,WO-2025-001453,MAT-00173,583,583,0
ALC-0008740,WO-2025-001453,MAT-00539,375,375,0
ALC-0008741,WO-2025-001454,MAT-00437,268,268,0
ALC-0008742,WO-2025-001454,MAT-00203,260,260,0
ALC-0008743,WO-2025-001454,MAT-00081,662,662,0
ALC-0008744,WO-2025-001454,MAT-00766,568,568,0
ALC-0008745,WO-2025-001454,MAT-00554,757,757,0
ALC-0008746,WO-2025-001455,MAT-00765,1207,1207,0
ALC-0008747,WO-2025-001455,MAT-00181,763,763,0
ALC-0008748,WO-2025-001455,MAT-00542,834,834,0
ALC-0008749,WO-2025-001455,MAT-00340,443,443,0
ALC-0008750,WO-2025-001456,MAT-01163,118,118,0
ALC-0008751,WO-2025-001456,MAT-00151,412,412,0
ALC-0008752,WO-2025-001456,MAT-00613,145,145,0
ALC-0008753,WO-2025-001456,MAT-00687,128,128,0
ALC-0008754,WO-2025-001457,MAT-01094,818,818,0
ALC-0008755,WO-2025-001457,MAT-00800,967,967,0
ALC-0008756,WO-2025-001457,MAT-00625,1041,1041,0
ALC-0008757,WO-2025-001457,MAT-00931,1121,1121,0
ALC-0008758,WO-2025-001457,MAT-00447,620,620,0
ALC-0008759,WO-2025-001457,MAT-00794,741,741,0
ALC-0008760,WO-2025-001458,MAT-00094,458,458,0
ALC-0008761,WO-2025-001458,MAT-00984,424,424,0
ALC-0008762,WO-2025-001458,MAT-00980,188,188,0
ALC-0008763,WO-2025-001458,MAT-00451,375,375,0
ALC-0008764,WO-2025-001458,MAT-00373,301,301,0
ALC-0008765,WO-2025-001459,MAT-00639,3085,3085,0
ALC-0008766,WO-2025-001459,MAT-00596,4034,4034,0
ALC-0008767,WO-2025-001459,MAT-00764,3675,3675,0
ALC-0008768,WO-2025-001459,MAT-00122,3868,3868,0
ALC-0008769,WO-2025-001459,MAT-00118,4580,4580,0
ALC-0008770,WO-2025-001459,MAT-00255,3498,3498,0
ALC-0008771,WO-2025-001459,MAT-01110,3091,3091,0
ALC-0008772,WO-2025-001459,MAT-01052,3234,3234,0
ALC-0008773,WO-2025-001460,MAT-00777,65,65,0
ALC-0008774,WO-2025-001460,MAT-00338,105,105,0
ALC-0008775,WO-2025-001460,MAT-01067,157,157,0
ALC-0008776,WO-2025-001460,MAT-00934,61,61,0
ALC-0008777,WO-2025-001460,MAT-00705,115,115,0
ALC-0008778,WO-2025-001461,MAT-00885,249,249,0
ALC-0008779,WO-2025-001461,MAT-01137,106,106,0
ALC-0008780,WO-2025-001461,MAT-00458,74,74,0
ALC-0008781,WO-2025-001461,MAT-00009,244,244,0
ALC-0008782,WO-2025-001461,MAT-00849,142,142,0
ALC-0008783,WO-2025-001461,MAT-00608,116,116,0
ALC-0008784,WO-2025-001462,MAT-00157,216,216,0
ALC-0008785,WO-2025-001462,MAT-00598,151,151,0
ALC-0008786,WO-2025-001462,MAT-00922,55,55,0
ALC-0008787,WO-2025-001462,MAT-01176,132,132,0
ALC-0008788,WO-2025-001462,MAT-00577,140,140,0
ALC-0008789,WO-2025-001462,MAT-00259,56,56,0
ALC-0008790,WO-2025-001463,MAT-00835,1725,1725,0
ALC-0008791,WO-2025-001463,MAT-00003,2055,2055,0
ALC-0008792,WO-2025-001463,MAT-00222,2067,2067,0
ALC-0008793,WO-2025-001463,MAT-01178,1431,1431,0
ALC-0008794,WO-2025-001463,MAT-00747,1759,1759,0
ALC-0008795,WO-2025-001463,MAT-00811,2092,2092,0
ALC-0008796,WO-2025-001463,MAT-00332,2482,2482,0
ALC-0008797,WO-2025-001463,MAT-00858,2107,2107,0
ALC-0008798,WO-2025-001464,MAT-00936,4527,4527,0
ALC-0008799,WO-2025-001464,MAT-01043,2753,2753,0
ALC-0008800,WO-2025-001464,MAT-00222,2968,2968,0
ALC-0008801,WO-2025-001464,MAT-01093,2047,2047,0
ALC-0008802,WO-2025-001464,MAT-00425,1314,1314,0
ALC-0008803,WO-2025-001464,MAT-00503,4512,4512,0
ALC-0008804,WO-2025-001465,MAT-01073,827,827,0
ALC-0008805,WO-2025-001465,MAT-00826,1148,1148,0
ALC-0008806,WO-2025-001465,MAT-00746,841,841,0
ALC-0008807,WO-2025-001465,MAT-00235,696,696,0
ALC-0008808,WO-2025-001465,MAT-00999,412,412,0
ALC-0008809,WO-2025-001465,MAT-00247,783,783,0
ALC-0008810,WO-2025-001465,MAT-00346,919,919,0
ALC-0008811,WO-2025-001466,MAT-00077,405,405,0
ALC-0008812,WO-2025-001466,MAT-00221,105,105,0
ALC-0008813,WO-2025-001466,MAT-00267,143,143,0
ALC-0008814,WO-2025-001466,MAT-01063,388,388,0
ALC-0008815,WO-2025-001466,MAT-01144,229,229,0
ALC-0008816,WO-2025-001466,MAT-00560,134,134,0
ALC-0008817,WO-2025-001466,MAT-00945,149,149,0
ALC-0008818,WO-2025-001467,MAT-00562,429,429,0
ALC-0008819,WO-2025-001467,MAT-00509,464,464,0
ALC-0008820,WO-2025-001467,MAT-00559,410,410,0
ALC-0008821,WO-2025-001467,MAT-01076,426,426,0
ALC-0008822,WO-2025-001467,MAT-00551,262,262,0
ALC-0008823,WO-2025-001467,MAT-01035,494,494,0
ALC-0008824,WO-2025-001468,MAT-01134,53,53,0
ALC-0008825,WO-2025-001468,MAT-00401,89,89,0
ALC-0008826,WO-2025-001468,MAT-00466,143,143,0
ALC-0008827,WO-2025-001468,MAT-00371,121,121,0
ALC-0008828,WO-2025-001468,MAT-00318,104,104,0
ALC-0008829,WO-2025-001468,MAT-01180,67,67,0
ALC-0008830,WO-2025-001468,MAT-00837,244,244,0
ALC-0008831,WO-2025-001469,MAT-00681,224,224,0
ALC-0008832,WO-2025-001469,MAT-01046,137,137,0
ALC-0008833,WO-2025-001469,MAT-00324,180,180,0
ALC-0008834,WO-2025-001469,MAT-00169,111,111,0
ALC-0008835,WO-2025-001469,MAT-00967,230,230,0
ALC-0008836,WO-2025-001470,MAT-01143,848,848,0
ALC-0008837,WO-2025-001470,MAT-00767,733,733,0
ALC-0008838,WO-2025-001470,MAT-00768,933,933,0
ALC-0008839,WO-2025-001470,MAT-00746,289,289,0
ALC-0008840,WO-2025-001470,MAT-00664,807,807,0
ALC-0008841,WO-2025-001470,MAT-00504,1069,1069,0
ALC-0008842,WO-2025-001471,MAT-00776,102,102,0
ALC-0008843,WO-2025-001471,MAT-00507,139,139,0
ALC-0008844,WO-2025-001471,MAT-01129,398,398,0
ALC-0008845,WO-2025-001471,MAT-00780,328,328,0
ALC-0008846,WO-2025-001471,MAT-00626,407,407,0
ALC-0008847,WO-2025-001471,MAT-00797,438,438,0
ALC-0008848,WO-2025-001471,MAT-00672,315,315,0
ALC-0008849,WO-2025-001472,MAT-00469,417,417,0
ALC-0008850,WO-2025-001472,MAT-00790,1100,1100,0
ALC-0008851,WO-2025-001472,MAT-00884,295,295,0
ALC-0008852,WO-2025-001472,MAT-00443,267,267,0
ALC-0008853,WO-2025-001472,MAT-00719,308,308,0
ALC-0008854,WO-2025-001472,MAT-00032,1139,1139,0
ALC-0008855,WO-2025-001472,MAT-00532,1144,1144,0
ALC-0008856,WO-2025-001473,MAT-00476,2053,2053,0
ALC-0008857,WO-2025-001473,MAT-00552,1485,1485,0
ALC-0008858,WO-2025-001473,MAT-01014,1963,1963,0
ALC-0008859,WO-2025-001473,MAT-00514,2312,2312,0
ALC-0008860,WO-2025-001473,MAT-00395,1068,1068,0
ALC-0008861,WO-2025-001473,MAT-01100,1122,1122,0
ALC-0008862,WO-2025-001474,MAT-00725,787,787,0
ALC-0008863,WO-2025-001474,MAT-00250,1129,1129,0
ALC-0008864,WO-2025-001474,MAT-00899,1092,1092,0
ALC-0008865,WO-2025-001474,MAT-00388,1257,1257,0
ALC-0008866,WO-2025-001474,MAT-00544,2009,2009,0
ALC-0008867,WO-2025-001474,MAT-00306,1052,1052,0
ALC-0008868,WO-2025-001474,MAT-00613,1105,1105,0
ALC-0008869,WO-2025-001475,MAT-00220,2339,2339,0
ALC-0008870,WO-2025-001475,MAT-00279,2890,2890,0
ALC-0008871,WO-2025-001475,MAT-00111,2707,2707,0
ALC-0008872,WO-2025-001475,MAT-01048,2877,2877,0
ALC-0008873,WO-2025-001475,MAT-01019,2917,2917,0
ALC-0008874,WO-2025-001475,MAT-00875,4975,4975,0
ALC-0008875,WO-2025-001475,MAT-00740,1470,1470,0
ALC-0008876,WO-2025-001475,MAT-00325,2041,2041,0
ALC-0008877,WO-2025-001476,MAT-00608,1172,1172,0
ALC-0008878,WO-2025-001476,MAT-01070,962,962,0
ALC-0008879,WO-2025-001476,MAT-00183,1085,1085,0
ALC-0008880,WO-2025-001476,MAT-00591,754,754,0
ALC-0008881,WO-2025-001476,MAT-01179,461,461,0
ALC-0008882,WO-2025-001476,MAT-00438,574,574,0
ALC-0008883,WO-2025-001477,MAT-00839,237,237,0
ALC-0008884,WO-2025-001477,MAT-00669,214,214,0
ALC-0008885,WO-2025-001477,MAT-00719,92,92,0
ALC-0008886,WO-2025-001477,MAT-00916,136,136,0
ALC-0008887,WO-2025-001477,MAT-00446,202,202,0
ALC-0008888,WO-2025-001477,MAT-00043,89,89,0
ALC-0008889,WO-2025-001477,MAT-00072,196,196,0
ALC-0008890,WO-2025-001478,MAT-00520,2799,2799,0
ALC-0008891,WO-2025-001478,MAT-00241,2892,2892,0
ALC-0008892,WO-2025-001478,MAT-00106,1688,1688,0
ALC-0008893,WO-2025-001478,MAT-00007,3062,3062,0
ALC-0008894,WO-2025-001478,MAT-00731,2502,2502,0
ALC-0008895,WO-2025-001478,MAT-01060,3388,3388,0
ALC-0008896,WO-2025-001478,MAT-00015,3281,3281,0
ALC-0008897,WO-2025-001478,MAT-00061,3809,3809,0
ALC-0008898,WO-2025-001479,MAT-00664,3005,3005,0
ALC-0008899,WO-2025-001479,MAT-00887,3087,3087,0
ALC-0008900,WO-2025-001479,MAT-00422,1610,1610,0
ALC-0008901,WO-2025-001479,MAT-00427,4830,4830,0
ALC-0008902,WO-2025-001479,MAT-00963,4193,4193,0
ALC-0008903,WO-2025-001480,MAT-00796,1982,1982,0
ALC-0008904,WO-2025-001480,MAT-00288,1493,1493,0
ALC-0008905,WO-2025-001480,MAT-01079,2094,2094,0
ALC-0008906,WO-2025-001480,MAT-00272,957,957,0
ALC-0008907,WO-2025-001480,MAT-00734,2145,2145,0
ALC-0008908,WO-2025-001480,MAT-00814,1347,1347,0
ALC-0008909,WO-2025-001480,MAT-00512,957,957,0
ALC-0008910,WO-2025-001481,MAT-00283,412,412,0
ALC-0008911,WO-2025-001481,MAT-00424,123,123,0
ALC-0008912,WO-2025-001481,MAT-00513,292,292,0
ALC-0008913,WO-2025-001481,MAT-01142,301,301,0
ALC-0008914,WO-2025-001482,MAT-00297,244,244,0
ALC-0008915,WO-2025-001482,MAT-00922,77,77,0
ALC-0008916,WO-2025-001482,MAT-00329,176,176,0
ALC-0008917,WO-2025-001482,MAT-00177,97,97,0
ALC-0008918,WO-2025-001482,MAT-00321,59,59,0
ALC-0008919,WO-2025-001482,MAT-00906,179,179,0
ALC-0008920,WO-2025-001482,MAT-00253,93,93,0
ALC-0008921,WO-2025-001483,MAT-00997,772,772,0
ALC-0008922,WO-2025-001483,MAT-00844,521,521,0
ALC-0008923,WO-2025-001483,MAT-00955,1019,1019,0
ALC-0008924,WO-2025-001483,MAT-00398,731,731,0
ALC-0008925,WO-2025-001483,MAT-01190,413,413,0
ALC-0008926,WO-2025-001484,MAT-00086,1391,1391,0
ALC-0008927,WO-2025-001484,MAT-01124,828,828,0
ALC-0008928,WO-2025-001484,MAT-00694,1496,1496,0
ALC-0008929,WO-2025-001484,MAT-00053,1032,1032,0
ALC-0008930,WO-2025-001485,MAT-00585,3823,3823,0
ALC-0008931,WO-2025-001485,MAT-00998,3218,3218,0
ALC-0008932,WO-2025-001485,MAT-00654,3124,3124,0
ALC-0008933,WO-2025-001485,MAT-00123,2499,2499,0
ALC-0008934,WO-2025-001486,MAT-00550,804,804,0
ALC-0008935,WO-2025-001486,MAT-01135,1100,1100,0
ALC-0008936,WO-2025-001486,MAT-00802,252,252,0
ALC-0008937,WO-2025-001486,MAT-00927,897,897,0
ALC-0008938,WO-2025-001486,MAT-00533,370,370,0
ALC-0008939,WO-2025-001486,MAT-00821,257,257,0
ALC-0008940,WO-2025-001486,MAT-00465,725,725,0
ALC-0008941,WO-2025-001487,MAT-00477,2331,2331,0
ALC-0008942,WO-2025-001487,MAT-00602,4496,4496,0
ALC-0008943,WO-2025-001487,MAT-00412,3385,3385,0
ALC-0008944,WO-2025-001487,MAT-00839,4410,4410,0
ALC-0008945,WO-2025-001487,MAT-00023,1692,1692,0
ALC-0008946,WO-2025-001488,MAT-01119,1207,348,859
ALC-0008947,WO-2025-001488,MAT-00002,286,34,252
ALC-0008948,WO-2025-001488,MAT-00102,641,190,451
ALC-0008949,WO-2025-001488,MAT-00577,1131,166,965
ALC-0008950,WO-2025-001489,MAT-00048,3032,3032,0
ALC-0008951,WO-2025-001489,MAT-00022,3384,3384,0
ALC-0008952,WO-2025-001489,MAT-00267,2409,2409,0
ALC-0008953,WO-2025-001489,MAT-00616,2616,2616,0
ALC-0008954,WO-2025-001490,MAT-00419,274,274,0
ALC-0008955,WO-2025-001490,MAT-01016,141,141,0
ALC-0008956,WO-2025-001490,MAT-00486,289,289,0
ALC-0008957,WO-2025-001490,MAT-00424,483,483,0
ALC-0008958,WO-2025-001490,MAT-00983,223,223,0
ALC-0008959,WO-2025-001490,MAT-00468,276,276,0
ALC-0008960,WO-2025-001490,MAT-00319,364,364,0
ALC-0008961,WO-2025-001491,MAT-00824,2070,2070,0
ALC-0008962,WO-2025-001491,MAT-00036,523,523,0
ALC-0008963,WO-2025-001491,MAT-00270,1842,1842,0
ALC-0008964,WO-2025-001491,MAT-00260,1180,1180,0
ALC-0008965,WO-2025-001491,MAT-01160,844,844,0
ALC-0008966,WO-2025-001491,MAT-01014,2107,2107,0
ALC-0008967,WO-2025-001491,MAT-01117,1890,1890,0
ALC-0008968,WO-2025-001491,MAT-00857,768,768,0
ALC-0008969,WO-2025-001492,MAT-01074,152,152,0
ALC-0008970,WO-2025-001492,MAT-00576,226,226,0
ALC-0008971,WO-2025-001492,MAT-00423,52,52,0
ALC-0008972,WO-2025-001492,MAT-00965,180,180,0
ALC-0008973,WO-2025-001492,MAT-00470,204,204,0
ALC-0008974,WO-2025-001493,MAT-00178,85,85,0
ALC-0008975,WO-2025-001493,MAT-00521,173,173,0
ALC-0008976,WO-2025-001493,MAT-00035,193,193,0
ALC-0008977,WO-2025-001493,MAT-00007,171,171,0
ALC-0008978,WO-2025-001493,MAT-00092,84,84,0
ALC-0008979,WO-2025-001493,MAT-00714,137,137,0
ALC-0008980,WO-2025-001494,MAT-00829,244,244,0
ALC-0008981,WO-2025-001494,MAT-00305,234,234,0
ALC-0008982,WO-2025-001494,MAT-00093,138,138,0
ALC-0008983,WO-2025-001494,MAT-00152,180,180,0
ALC-0008984,WO-2025-001494,MAT-00249,141,141,0
ALC-0008985,WO-2025-001494,MAT-00549,212,212,0
ALC-0008986,WO-2025-001494,MAT-01018,179,179,0
ALC-0008987,WO-2025-001494,MAT-01100,169,169,0
ALC-0008988,WO-2025-001495,MAT-01004,196,196,0
ALC-0008989,WO-2025-001495,MAT-00908,171,171,0
ALC-0008990,WO-2025-001495,MAT-00525,162,162,0
ALC-0008991,WO-2025-001495,MAT-00020,400,400,0
ALC-0008992,WO-2025-001495,MAT-00403,190,190,0
ALC-0008993,WO-2025-001496,MAT-00560,506,506,0
ALC-0008994,WO-2025-001496,MAT-00319,886,886,0
ALC-0008995,WO-2025-001496,MAT-01086,1035,1035,0
ALC-0008996,WO-2025-001496,MAT-01174,1314,1314,0
ALC-0008997,WO-2025-001496,MAT-00909,681,681,0
ALC-0008998,WO-2025-001496,MAT-00391,1871,1871,0
ALC-0008999,WO-2025-001497,MAT-00835,2287,2287,0
ALC-0009000,WO-2025-001497,MAT-00945,2195,2195,0
ALC-0009001,WO-2025-001497,MAT-00620,3508,3508,0
ALC-0009002,WO-2025-001497,MAT-00665,1672,1672,0
ALC-0009003,WO-2025-001497,MAT-00889,1988,1988,0
ALC-0009004,WO-2025-001497,MAT-00501,3648,3648,0
ALC-0009005,WO-2025-001498,MAT-00476,2441,2441,0
ALC-0009006,WO-2025-001498,MAT-00038,899,899,0
ALC-0009007,WO-2025-001498,MAT-00302,1108,1108,0
ALC-0009008,WO-2025-001498,MAT-00080,2032,2032,0
ALC-0009009,WO-2025-001498,MAT-00608,1976,1976,0
ALC-0009010,WO-2025-001498,MAT-00249,2352,2352,0
ALC-0009011,WO-2025-001498,MAT-00206,1505,1505,0
ALC-0009012,WO-2025-001499,MAT-00889,4896,4896,0
ALC-0009013,WO-2025-001499,MAT-00060,2835,2835,0
ALC-0009014,WO-2025-001499,MAT-00129,3680,3680,0
ALC-0009015,WO-2025-001499,MAT-00558,3944,3944,0
ALC-0009016,WO-2025-001500,MAT-00885,1927,1927,0
ALC-0009017,WO-2025-001500,MAT-00233,1538,1538,0
ALC-0009018,WO-2025-001500,MAT-00048,2229,2229,0
ALC-0009019,WO-2025-001500,MAT-01129,945,945,0
ALC-0009020,WO-2025-001500,MAT-00296,1054,1054,0
ALC-0009021,WO-2025-001500,MAT-00732,1802,1802,0
ALC-0009022,WO-2025-001500,MAT-01043,2405,2405,0
ALC-0009023,WO-2025-001500,MAT-00325,1272,1272,0
