material_id,sku,name,category,unit_of_measure,standard_cost,current_unit_price,safety_stock_level,reorder_point,target_stock_level,min_order_qty,lead_time_days,is_critical,primary_supplier_id,secondary_supplier_id,created_at
MAT-00001,SKU-MEC-00001,Gears Grade-MilSpec-001,Mechanical & Machining,LITER,42.37,43.14,1127,4592,6622,50,45,False,SUP-0093,SUP-0042,2025-01-01T00:00:00
MAT-00002,SKU-PAC-00002,Corrugated Heavy Boxes Grade-A-002,Packaging & Hardware,METER,21.07,21.88,507,1899,3436,100,24,False,SUP-0078,SUP-0057,2025-01-01T00:00:00
MAT-00003,SKU-POL-00003,ABS Resin Pellets Grade-Industrial-003,Polymers & Chemical,BOX,50.02,54.31,87,297,558,25,21,False,SUP-0086,SUP-0040,2025-01-01T00:00:00
MAT-00004,SKU-MEC-00004,Shafts Grade-B-004,Mechanical & Machining,KG,131.02,144.49,815,3127,5328,1000,34,False,SUP-0016,SUP-0001,2025-01-01T00:00:00
MAT-00005,SKU-MEC-00005,Bearings Grade-Commercial-005,Mechanical & Machining,BOX,18.96,21.07,145,397,829,500,36,True,SUP-0006,SUP-0056,2025-01-01T00:00:00
MAT-00006,SKU-POL-00006,Epoxy Adhesives Grade-MilSpec-006,Polymers & Chemical,BOX,18.96,20.44,422,1204,2280,1000,17,False,SUP-0052,SUP-0003,2025-01-01T00:00:00
MAT-00007,SKU-RAW-00007,Aluminum Billets 6061 Grade-MilSpec-007,Raw Metallurgy,PCS,139.37,139.18,748,2178,3435,50,26,False,SUP-0068,SUP-0011,2025-01-01T00:00:00
MAT-00008,SKU-ELE-00008,Connectors Grade-A-008,Electronic Components,SET,57.06,60.03,167,673,1080,50,22,False,SUP-0045,,2025-01-01T00:00:00
MAT-00009,SKU-PAC-00009,Hex Flange Bolts M8 Grade-A-009,Packaging & Hardware,KG,14.64,16.69,1472,4860,10397,500,44,False,SUP-0060,SUP-0097,2025-01-01T00:00:00
MAT-00010,SKU-PAC-00010,Vibration Dampers Grade-Industrial-010,Packaging & Hardware,KG,44.56,46.25,557,2317,4184,100,44,False,SUP-0081,SUP-0039,2025-01-01T00:00:00
MAT-00011,SKU-POL-00011,Industrial Lubricants Grade-A-011,Polymers & Chemical,PCS,14.74,15.09,325,1045,1849,500,45,False,SUP-0083,SUP-0111,2025-01-01T00:00:00
MAT-00012,SKU-ELE-00012,PCBs Grade-Commercial-012,Electronic Components,BOX,14.7,14.52,139,559,1184,100,35,False,SUP-0065,SUP-0020,2025-01-01T00:00:00
MAT-00013,SKU-ELE-00013,Connectors Grade-B-013,Electronic Components,PCS,32.01,32.0,493,1700,3628,250,17,False,SUP-0057,SUP-0068,2025-01-01T00:00:00
MAT-00014,SKU-POL-00014,Silicone Gaskets Grade-Commercial-014,Polymers & Chemical,PCS,2.99,3.31,359,1073,1746,1000,42,False,SUP-0009,SUP-0043,2025-01-01T00:00:00
MAT-00015,SKU-PAC-00015,Hex Flange Bolts M8 Grade-Industrial-015,Packaging & Hardware,PCS,3.68,3.92,394,1219,2621,100,15,False,SUP-0045,SUP-0040,2025-01-01T00:00:00
MAT-00016,SKU-PAC-00016,Antistatic Foam Grade-Industrial-016,Packaging & Hardware,KG,13.22,14.33,426,1290,2242,100,12,False,SUP-0095,SUP-0088,2025-01-01T00:00:00
MAT-00017,SKU-ELE-00017,Sensors Grade-Industrial-017,Electronic Components,KG,8.05,9.18,365,974,1484,100,21,False,SUP-0099,SUP-0063,2025-01-01T00:00:00
MAT-00018,SKU-ELE-00018,Connectors Grade-Commercial-018,Electronic Components,BOX,34.66,39.05,295,1143,2360,500,16,True,SUP-0019,,2025-01-01T00:00:00
MAT-00019,SKU-MEC-00019,Gears Grade-A-019,Mechanical & Machining,LITER,9.04,9.25,531,1966,3128,250,35,False,SUP-0057,SUP-0079,2025-01-01T00:00:00
MAT-00020,SKU-MEC-00020,Shafts Grade-Commercial-020,Mechanical & Machining,LITER,5.19,5.41,1401,3777,7756,500,33,False,SUP-0049,SUP-0065,2025-01-01T00:00:00
MAT-00021,SKU-MEC-00021,Shafts Grade-A-021,Mechanical & Machining,BOX,123.0,128.67,383,1377,2768,100,14,False,SUP-0120,SUP-0014,2025-01-01T00:00:00
MAT-00022,SKU-POL-00022,Epoxy Adhesives Grade-B-022,Polymers & Chemical,LITER,19.14,18.53,166,558,958,100,8,False,SUP-0105,SUP-0058,2025-01-01T00:00:00
MAT-00023,SKU-MEC-00023,Gears Grade-A-023,Mechanical & Machining,METER,26.42,26.29,256,1008,1642,250,16,False,SUP-0013,SUP-0108,2025-01-01T00:00:00
MAT-00024,SKU-MEC-00024,Gears Grade-MilSpec-024,Mechanical & Machining,SET,5.12,4.87,1546,4921,7327,100,45,True,SUP-0019,,2025-01-01T00:00:00
MAT-00025,SKU-MEC-00025,Shafts Grade-A-025,Mechanical & Machining,PCS,13.48,13.45,100,282,507,500,14,False,SUP-0080,SUP-0059,2025-01-01T00:00:00
MAT-00026,SKU-ELE-00026,Connectors Grade-Commercial-026,Electronic Components,KG,27.72,30.32,518,1618,2507,1000,22,False,SUP-0001,SUP-0079,2025-01-01T00:00:00
MAT-00027,SKU-ELE-00027,Connectors Grade-Industrial-027,Electronic Components,PCS,6.92,7.89,250,850,1509,1000,8,False,SUP-0101,SUP-0065,2025-01-01T00:00:00
MAT-00028,SKU-POL-00028,Silicone Gaskets Grade-Industrial-028,Polymers & Chemical,BOX,37.09,35.36,412,1204,2005,25,44,False,SUP-0045,SUP-0031,2025-01-01T00:00:00
MAT-00029,SKU-RAW-00029,Titanium Plates Grade-Industrial-029,Raw Metallurgy,BOX,12.67,12.48,645,1833,2658,250,18,False,SUP-0060,SUP-0090,2025-01-01T00:00:00
MAT-00030,SKU-ELE-00030,Sensors Grade-B-030,Electronic Components,PCS,17.8,19.73,719,2435,4997,250,39,False,SUP-0041,SUP-0120,2025-01-01T00:00:00
MAT-00031,SKU-RAW-00031,Aluminum Billets 6061 Grade-B-031,Raw Metallurgy,METER,12.66,12.93,380,1508,2555,250,24,False,SUP-0111,SUP-0084,2025-01-01T00:00:00
MAT-00032,SKU-POL-00032,Industrial Lubricants Grade-Industrial-032,Polymers & Chemical,KG,188.2,197.47,920,2624,5199,25,24,False,SUP-0119,SUP-0103,2025-01-01T00:00:00
MAT-00033,SKU-POL-00033,Epoxy Adhesives Grade-B-033,Polymers & Chemical,SET,24.17,24.38,740,2280,3969,1000,35,True,SUP-0082,,2025-01-01T00:00:00
MAT-00034,SKU-POL-00034,Silicone Gaskets Grade-MilSpec-034,Polymers & Chemical,PCS,7.66,8.39,129,529,1010,100,10,False,SUP-0079,SUP-0056,2025-01-01T00:00:00
MAT-00035,SKU-PAC-00035,Hex Flange Bolts M8 Grade-A-035,Packaging & Hardware,KG,60.63,67.89,85,316,605,100,11,False,SUP-0057,SUP-0005,2025-01-01T00:00:00
MAT-00036,SKU-POL-00036,Epoxy Adhesives Grade-A-036,Polymers & Chemical,SET,6.4,6.28,316,987,1799,250,11,False,SUP-0048,,2025-01-01T00:00:00
MAT-00037,SKU-RAW-00037,Carbon Steel Bars Grade-B-037,Raw Metallurgy,PCS,30.87,29.49,402,1466,2357,250,14,False,SUP-0067,SUP-0050,2025-01-01T00:00:00
MAT-00038,SKU-MEC-00038,Bearings Grade-Industrial-038,Mechanical & Machining,BOX,2.84,3.22,172,662,1304,25,35,False,SUP-0016,SUP-0018,2025-01-01T00:00:00
MAT-00039,SKU-RAW-00039,Carbon Steel Bars Grade-A-039,Raw Metallurgy,SET,5.69,6.02,366,1176,1760,50,30,False,SUP-0109,SUP-0021,2025-01-01T00:00:00
MAT-00040,SKU-MEC-00040,Hydraulic Valves Grade-MilSpec-040,Mechanical & Machining,PCS,30.46,31.14,544,1669,2451,100,15,False,SUP-0060,SUP-0103,2025-01-01T00:00:00
MAT-00041,SKU-POL-00041,Industrial Lubricants Grade-Commercial-041,Polymers & Chemical,LITER,55.27,61.01,215,710,1380,100,11,False,SUP-0010,SUP-0017,2025-01-01T00:00:00
MAT-00042,SKU-MEC-00042,Bearings Grade-Commercial-042,Mechanical & Machining,KG,29.62,32.69,76,244,400,50,14,False,SUP-0065,SUP-0117,2025-01-01T00:00:00
MAT-00043,SKU-RAW-00043,Sheet Metal Stainless 304 Grade-Industrial-043,Raw Metallurgy,SET,21.6,24.39,607,2407,3952,500,24,False,SUP-0033,SUP-0026,2025-01-01T00:00:00
MAT-00044,SKU-ELE-00044,Connectors Grade-B-044,Electronic Components,SET,17.62,20.06,644,2708,5662,25,43,False,SUP-0085,SUP-0080,2025-01-01T00:00:00
MAT-00045,SKU-ELE-00045,Connectors Grade-Industrial-045,Electronic Components,BOX,4.82,4.78,172,476,874,1000,38,False,SUP-0080,SUP-0082,2025-01-01T00:00:00
MAT-00046,SKU-RAW-00046,Copper Rods Grade-B-046,Raw Metallurgy,BOX,11.11,11.46,371,1246,2207,100,35,False,SUP-0089,SUP-0008,2025-01-01T00:00:00
MAT-00047,SKU-PAC-00047,Hex Flange Bolts M8 Grade-Industrial-047,Packaging & Hardware,BOX,14.78,14.98,286,916,1360,50,30,False,SUP-0045,SUP-0052,2025-01-01T00:00:00
MAT-00048,SKU-POL-00048,ABS Resin Pellets Grade-Industrial-048,Polymers & Chemical,LITER,78.48,78.45,751,2027,4300,100,22,True,SUP-0012,,2025-01-01T00:00:00
MAT-00049,SKU-PAC-00049,Vibration Dampers Grade-B-049,Packaging & Hardware,KG,35.8,37.58,513,2185,4711,500,38,False,SUP-0064,SUP-0113,2025-01-01T00:00:00
MAT-00050,SKU-POL-00050,Polycarbonate Sheets Grade-B-050,Polymers & Chemical,SET,3.53,3.6,508,2189,3252,50,41,True,SUP-0096,,2025-01-01T00:00:00
MAT-00051,SKU-RAW-00051,Carbon Steel Bars Grade-MilSpec-051,Raw Metallurgy,METER,35.04,33.61,187,638,1123,500,11,True,SUP-0047,SUP-0071,2025-01-01T00:00:00
MAT-00052,SKU-RAW-00052,Titanium Plates Grade-Commercial-052,Raw Metallurgy,PCS,16.06,15.67,1200,3480,5426,500,30,True,SUP-0004,,2025-01-01T00:00:00
MAT-00053,SKU-POL-00053,Epoxy Adhesives Grade-A-053,Polymers & Chemical,PCS,11.65,11.16,881,3437,7267,50,36,False,SUP-0103,SUP-0061,2025-01-01T00:00:00
MAT-00054,SKU-RAW-00054,Titanium Plates Grade-Industrial-054,Raw Metallurgy,KG,48.08,49.45,1012,3252,5878,250,28,False,SUP-0108,SUP-0039,2025-01-01T00:00:00
MAT-00055,SKU-PAC-00055,Vibration Dampers Grade-MilSpec-055,Packaging & Hardware,PCS,76.26,78.07,168,520,838,1000,8,False,SUP-0054,SUP-0075,2025-01-01T00:00:00
MAT-00056,SKU-PAC-00056,Thermal Pallet Wraps Grade-B-056,Packaging & Hardware,BOX,68.33,65.62,463,1311,2089,500,16,False,SUP-0068,SUP-0081,2025-01-01T00:00:00
MAT-00057,SKU-ELE-00057,Capacitors Grade-A-057,Electronic Components,LITER,9.75,9.87,1183,3406,7276,1000,39,False,SUP-0089,SUP-0027,2025-01-01T00:00:00
MAT-00058,SKU-ELE-00058,Capacitors Grade-Commercial-058,Electronic Components,KG,17.46,18.55,840,2271,4014,500,27,False,SUP-0062,SUP-0068,2025-01-01T00:00:00
MAT-00059,SKU-RAW-00059,Titanium Plates Grade-Industrial-059,Raw Metallurgy,BOX,35.32,39.01,502,1908,3047,500,37,False,SUP-0083,SUP-0103,2025-01-01T00:00:00
MAT-00060,SKU-RAW-00060,Sheet Metal Stainless 304 Grade-Industrial-060,Raw Metallurgy,METER,71.74,78.27,896,2810,6034,1000,29,False,SUP-0063,SUP-0041,2025-01-01T00:00:00
MAT-00061,SKU-RAW-00061,Carbon Steel Bars Grade-A-061,Raw Metallurgy,SET,14.48,15.72,303,1087,1771,1000,16,False,SUP-0051,SUP-0105,2025-01-01T00:00:00
MAT-00062,SKU-ELE-00062,Sensors Grade-MilSpec-062,Electronic Components,BOX,20.0,20.03,1015,2767,5414,50,24,False,SUP-0026,SUP-0106,2025-01-01T00:00:00
MAT-00063,SKU-ELE-00063,Connectors Grade-Commercial-063,Electronic Components,KG,7.26,7.25,112,452,752,250,10,False,SUP-0068,SUP-0029,2025-01-01T00:00:00
MAT-00064,SKU-ELE-00064,Capacitors Grade-A-064,Electronic Components,SET,6.58,7.54,1190,3595,7207,100,37,False,SUP-0084,SUP-0120,2025-01-01T00:00:00
MAT-00065,SKU-RAW-00065,Carbon Steel Bars Grade-A-065,Raw Metallurgy,PCS,59.97,64.8,68,230,476,25,18,False,SUP-0095,SUP-0093,2025-01-01T00:00:00
MAT-00066,SKU-POL-00066,Industrial Lubricants Grade-B-066,Polymers & Chemical,BOX,109.06,124.59,73,229,340,100,26,False,SUP-0113,SUP-0005,2025-01-01T00:00:00
MAT-00067,SKU-RAW-00067,Copper Rods Grade-Commercial-067,Raw Metallurgy,SET,22.66,23.77,549,2085,3106,50,24,False,SUP-0109,SUP-0065,2025-01-01T00:00:00
MAT-00068,SKU-POL-00068,Silicone Gaskets Grade-B-068,Polymers & Chemical,PCS,73.99,81.19,252,774,1479,250,18,False,SUP-0073,SUP-0087,2025-01-01T00:00:00
MAT-00069,SKU-POL-00069,Epoxy Adhesives Grade-Industrial-069,Polymers & Chemical,PCS,36.52,37.62,95,347,551,100,7,True,SUP-0062,SUP-0042,2025-01-01T00:00:00
MAT-00070,SKU-RAW-00070,Carbon Steel Bars Grade-Commercial-070,Raw Metallurgy,BOX,12.07,12.85,175,525,930,50,10,False,SUP-0047,SUP-0089,2025-01-01T00:00:00
MAT-00071,SKU-POL-00071,Epoxy Adhesives Grade-Industrial-071,Polymers & Chemical,BOX,36.51,35.54,406,1099,1959,250,21,False,SUP-0038,SUP-0048,2025-01-01T00:00:00
MAT-00072,SKU-PAC-00072,Vibration Dampers Grade-MilSpec-072,Packaging & Hardware,BOX,133.2,141.17,354,1058,1985,25,22,False,SUP-0069,SUP-0103,2025-01-01T00:00:00
MAT-00073,SKU-PAC-00073,Antistatic Foam Grade-Commercial-073,Packaging & Hardware,BOX,23.58,24.11,1054,3979,7278,50,39,False,SUP-0015,SUP-0008,2025-01-01T00:00:00
MAT-00074,SKU-RAW-00074,Titanium Plates Grade-MilSpec-074,Raw Metallurgy,PCS,137.15,148.95,1329,3779,6661,500,35,False,SUP-0063,SUP-0012,2025-01-01T00:00:00
MAT-00075,SKU-POL-00075,Industrial Lubricants Grade-Commercial-075,Polymers & Chemical,PCS,1.5,1.59,84,308,431,50,32,False,SUP-0040,SUP-0093,2025-01-01T00:00:00
MAT-00076,SKU-PAC-00076,Corrugated Heavy Boxes Grade-A-076,Packaging & Hardware,LITER,60.59,61.74,148,629,1086,50,37,True,SUP-0120,SUP-0115,2025-01-01T00:00:00
MAT-00077,SKU-POL-00077,Silicone Gaskets Grade-MilSpec-077,Polymers & Chemical,LITER,27.0,30.35,550,1660,2785,50,15,False,SUP-0049,SUP-0011,2025-01-01T00:00:00
MAT-00078,SKU-PAC-00078,Antistatic Foam Grade-Commercial-078,Packaging & Hardware,KG,17.66,19.35,79,261,515,250,26,False,SUP-0001,SUP-0097,2025-01-01T00:00:00
MAT-00079,SKU-PAC-00079,Antistatic Foam Grade-B-079,Packaging & Hardware,KG,27.14,28.28,92,263,456,25,9,False,SUP-0025,SUP-0120,2025-01-01T00:00:00
MAT-00080,SKU-MEC-00080,Hydraulic Valves Grade-A-080,Mechanical & Machining,PCS,2.76,2.95,126,368,633,50,22,False,SUP-0087,SUP-0091,2025-01-01T00:00:00
MAT-00081,SKU-PAC-00081,Hex Flange Bolts M8 Grade-A-081,Packaging & Hardware,KG,19.27,20.25,996,3102,6259,100,27,False,SUP-0105,SUP-0118,2025-01-01T00:00:00
MAT-00082,SKU-MEC-00082,Shafts Grade-B-082,Mechanical & Machining,BOX,36.34,38.31,1885,5229,11133,1000,44,False,SUP-0036,SUP-0008,2025-01-01T00:00:00
MAT-00083,SKU-POL-00083,Epoxy Adhesives Grade-MilSpec-083,Polymers & Chemical,PCS,124.67,142.68,989,2933,5064,100,27,False,SUP-0086,SUP-0049,2025-01-01T00:00:00
MAT-00084,SKU-POL-00084,Polycarbonate Sheets Grade-Commercial-084,Polymers & Chemical,LITER,13.87,13.84,475,1303,2410,250,36,False,SUP-0110,SUP-0091,2025-01-01T00:00:00
MAT-00085,SKU-PAC-00085,Thermal Pallet Wraps Grade-B-085,Packaging & Hardware,LITER,10.08,10.07,609,2469,4887,50,30,False,SUP-0083,SUP-0011,2025-01-01T00:00:00
MAT-00086,SKU-ELE-00086,Sensors Grade-MilSpec-086,Electronic Components,BOX,14.13,15.13,429,1613,3428,100,37,True,SUP-0068,,2025-01-01T00:00:00
MAT-00087,SKU-ELE-00087,Capacitors Grade-B-087,Electronic Components,BOX,67.15,65.37,828,2448,4203,50,45,False,SUP-0062,SUP-0118,2025-01-01T00:00:00
MAT-00088,SKU-PAC-00088,Vibration Dampers Grade-Industrial-088,Packaging & Hardware,LITER,35.22,36.74,1123,3112,5516,1000,39,False,SUP-0040,SUP-0034,2025-01-01T00:00:00
MAT-00089,SKU-POL-00089,Silicone Gaskets Grade-B-089,Polymers & Chemical,METER,13.7,13.87,75,236,440,1000,23,True,SUP-0095,SUP-0019,2025-01-01T00:00:00
MAT-00090,SKU-POL-00090,Silicone Gaskets Grade-B-090,Polymers & Chemical,KG,43.15,43.84,1417,4273,8323,100,42,False,SUP-0107,SUP-0032,2025-01-01T00:00:00
MAT-00091,SKU-POL-00091,Industrial Lubricants Grade-MilSpec-091,Polymers & Chemical,KG,27.3,29.94,998,3810,8044,1000,38,False,SUP-0018,SUP-0093,2025-01-01T00:00:00
MAT-00092,SKU-ELE-00092,Connectors Grade-A-092,Electronic Components,PCS,71.2,81.1,472,1327,2103,1000,15,False,SUP-0098,SUP-0001,2025-01-01T00:00:00
MAT-00093,SKU-MEC-00093,CNC Castings Grade-B-093,Mechanical & Machining,SET,11.33,11.8,764,3272,5973,250,38,True,SUP-0120,SUP-0079,2025-01-01T00:00:00
MAT-00094,SKU-ELE-00094,Microcontrollers Grade-Commercial-094,Electronic Components,BOX,17.11,17.19,358,1438,2123,50,18,False,SUP-0003,SUP-0065,2025-01-01T00:00:00
MAT-00095,SKU-MEC-00095,Hydraulic Valves Grade-Commercial-095,Mechanical & Machining,SET,15.94,15.95,264,714,1261,50,30,False,SUP-0102,SUP-0051,2025-01-01T00:00:00
MAT-00096,SKU-MEC-00096,Shafts Grade-A-096,Mechanical & Machining,BOX,4.9,5.63,717,2453,4368,1000,31,False,SUP-0005,SUP-0012,2025-01-01T00:00:00
MAT-00097,SKU-ELE-00097,Capacitors Grade-A-097,Electronic Components,LITER,33.98,38.03,391,1071,1696,1000,40,False,SUP-0043,SUP-0073,2025-01-01T00:00:00
MAT-00098,SKU-PAC-00098,Antistatic Foam Grade-Industrial-098,Packaging & Hardware,PCS,32.69,37.1,1582,4764,7353,100,43,False,SUP-0036,SUP-0116,2025-01-01T00:00:00
MAT-00099,SKU-ELE-00099,Capacitors Grade-Commercial-099,Electronic Components,KG,24.67,27.15,126,490,780,250,26,False,SUP-0051,SUP-0119,2025-01-01T00:00:00
MAT-00100,SKU-PAC-00100,Vibration Dampers Grade-MilSpec-100,Packaging & Hardware,BOX,18.95,18.53,632,2633,4606,25,29,False,SUP-0093,SUP-0011,2025-01-01T00:00:00
MAT-00101,SKU-RAW-00101,Titanium Plates Grade-Commercial-101,Raw Metallurgy,SET,5.17,5.32,610,1975,3327,250,35,False,SUP-0004,SUP-0082,2025-01-01T00:00:00
MAT-00102,SKU-POL-00102,Polycarbonate Sheets Grade-Commercial-102,Polymers & Chemical,BOX,15.45,15.85,128,524,798,1000,11,False,SUP-0038,SUP-0103,2025-01-01T00:00:00
MAT-00103,SKU-MEC-00103,Gears Grade-Industrial-103,Mechanical & Machining,METER,16.83,16.35,172,679,1052,250,13,True,SUP-0004,,2025-01-01T00:00:00
MAT-00104,SKU-PAC-00104,Thermal Pallet Wraps Grade-Commercial-104,Packaging & Hardware,LITER,10.15,9.85,433,1859,3218,25,31,True,SUP-0077,,2025-01-01T00:00:00
MAT-00105,SKU-PAC-00105,Hex Flange Bolts M8 Grade-Commercial-105,Packaging & Hardware,SET,20.54,20.21,462,1494,2167,250,24,False,SUP-0018,SUP-0035,2025-01-01T00:00:00
MAT-00106,SKU-RAW-00106,Copper Rods Grade-Industrial-106,Raw Metallurgy,LITER,38.26,42.34,1484,4544,8026,50,45,False,SUP-0032,SUP-0093,2025-01-01T00:00:00
MAT-00107,SKU-RAW-00107,Aluminum Billets 6061 Grade-MilSpec-107,Raw Metallurgy,METER,195.35,218.46,733,2441,5025,1000,28,False,SUP-0111,SUP-0043,2025-01-01T00:00:00
MAT-00108,SKU-PAC-00108,Hex Flange Bolts M8 Grade-Industrial-108,Packaging & Hardware,METER,29.73,31.83,510,1374,2243,1000,32,False,SUP-0062,SUP-0041,2025-01-01T00:00:00
MAT-00109,SKU-POL-00109,Epoxy Adhesives Grade-B-109,Polymers & Chemical,METER,32.57,33.39,294,1111,2441,50,43,False,SUP-0051,SUP-0047,2025-01-01T00:00:00
MAT-00110,SKU-PAC-00110,Corrugated Heavy Boxes Grade-MilSpec-110,Packaging & Hardware,BOX,22.6,22.42,215,644,973,100,33,False,SUP-0107,SUP-0089,2025-01-01T00:00:00
MAT-00111,SKU-MEC-00111,Shafts Grade-B-111,Mechanical & Machining,BOX,2.97,3.07,1220,4124,7445,1000,44,False,SUP-0058,SUP-0077,2025-01-01T00:00:00
MAT-00112,SKU-POL-00112,Epoxy Adhesives Grade-A-112,Polymers & Chemical,METER,23.83,25.98,103,298,573,100,13,False,SUP-0077,SUP-0082,2025-01-01T00:00:00
MAT-00113,SKU-MEC-00113,Bearings Grade-A-113,Mechanical & Machining,SET,26.21,30.06,530,2128,3147,50,34,False,SUP-0052,SUP-0097,2025-01-01T00:00:00
MAT-00114,SKU-PAC-00114,Thermal Pallet Wraps Grade-Commercial-114,Packaging & Hardware,SET,368.55,400.81,1428,4244,6453,25,44,False,SUP-0048,SUP-0051,2025-01-01T00:00:00
MAT-00115,SKU-POL-00115,ABS Resin Pellets Grade-Industrial-115,Polymers & Chemical,LITER,19.85,22.51,513,1787,3622,500,26,True,SUP-0094,SUP-0019,2025-01-01T00:00:00
MAT-00116,SKU-POL-00116,Silicone Gaskets Grade-MilSpec-116,Polymers & Chemical,PCS,34.18,35.47,210,597,890,100,9,False,SUP-0041,SUP-0009,2025-01-01T00:00:00
MAT-00117,SKU-ELE-00117,Capacitors Grade-B-117,Electronic Components,SET,23.61,23.25,724,2068,3937,50,21,False,SUP-0072,SUP-0055,2025-01-01T00:00:00
MAT-00118,SKU-POL-00118,Industrial Lubricants Grade-A-118,Polymers & Chemical,BOX,6.78,7.27,193,571,893,1000,7,False,SUP-0076,SUP-0055,2025-01-01T00:00:00
MAT-00119,SKU-ELE-00119,Connectors Grade-A-119,Electronic Components,SET,86.24,85.15,661,2105,4023,500,38,False,SUP-0059,SUP-0015,2025-01-01T00:00:00
MAT-00120,SKU-POL-00120,Epoxy Adhesives Grade-MilSpec-120,Polymers & Chemical,SET,56.1,54.58,404,1106,2070,1000,26,False,SUP-0059,SUP-0080,2025-01-01T00:00:00
MAT-00121,SKU-MEC-00121,Shafts Grade-A-121,Mechanical & Machining,KG,58.56,59.21,923,3093,4671,250,31,False,SUP-0089,SUP-0019,2025-01-01T00:00:00
MAT-00122,SKU-POL-00122,Polycarbonate Sheets Grade-MilSpec-122,Polymers & Chemical,BOX,9.02,9.54,577,1869,2826,100,17,False,SUP-0120,SUP-0023,2025-01-01T00:00:00
MAT-00123,SKU-POL-00123,Epoxy Adhesives Grade-A-123,Polymers & Chemical,METER,114.79,130.9,1024,3292,5912,1000,42,False,SUP-0025,SUP-0105,2025-01-01T00:00:00
MAT-00124,SKU-POL-00124,Industrial Lubricants Grade-MilSpec-124,Polymers & Chemical,LITER,5.25,5.16,255,1080,1706,100,25,False,SUP-0102,SUP-0098,2025-01-01T00:00:00
MAT-00125,SKU-MEC-00125,Gears Grade-Commercial-125,Mechanical & Machining,BOX,46.78,51.67,415,1507,2764,100,14,False,SUP-0066,SUP-0015,2025-01-01T00:00:00
MAT-00126,SKU-PAC-00126,Corrugated Heavy Boxes Grade-MilSpec-126,Packaging & Hardware,SET,273.01,271.29,526,1462,2084,100,26,False,SUP-0095,SUP-0107,2025-01-01T00:00:00
MAT-00127,SKU-RAW-00127,Aluminum Billets 6061 Grade-MilSpec-127,Raw Metallurgy,PCS,8.25,9.12,1295,3615,6825,250,29,False,SUP-0104,SUP-0095,2025-01-01T00:00:00
MAT-00128,SKU-MEC-00128,Bearings Grade-B-128,Mechanical & Machining,KG,13.16,14.64,839,2591,3976,1000,24,False,SUP-0073,SUP-0045,2025-01-01T00:00:00
MAT-00129,SKU-RAW-00129,Carbon Steel Bars Grade-Commercial-129,Raw Metallurgy,METER,27.37,31.21,150,405,821,25,15,False,SUP-0116,SUP-0087,2025-01-01T00:00:00
MAT-00130,SKU-RAW-00130,Sheet Metal Stainless 304 Grade-B-130,Raw Metallurgy,KG,14.1,13.81,716,2806,5348,1000,38,False,SUP-0032,SUP-0098,2025-01-01T00:00:00
MAT-00131,SKU-POL-00131,Industrial Lubricants Grade-MilSpec-131,Polymers & Chemical,PCS,4.46,4.8,854,2534,5326,250,24,False,SUP-0012,SUP-0052,2025-01-01T00:00:00
MAT-00132,SKU-POL-00132,Silicone Gaskets Grade-Commercial-132,Polymers & Chemical,PCS,26.45,29.72,1014,2841,5785,250,29,False,SUP-0012,SUP-0094,2025-01-01T00:00:00
MAT-00133,SKU-MEC-00133,Gears Grade-B-133,Mechanical & Machining,LITER,7.63,7.66,549,1719,3074,100,15,False,SUP-0044,SUP-0071,2025-01-01T00:00:00
MAT-00134,SKU-ELE-00134,Microcontrollers Grade-A-134,Electronic Components,BOX,41.3,45.71,382,1257,2757,250,35,False,SUP-0016,SUP-0119,2025-01-01T00:00:00
MAT-00135,SKU-MEC-00135,Hydraulic Valves Grade-Industrial-135,Mechanical & Machining,KG,8.92,10.03,380,1553,2999,1000,23,False,SUP-0012,SUP-0084,2025-01-01T00:00:00
MAT-00136,SKU-MEC-00136,CNC Castings Grade-MilSpec-136,Mechanical & Machining,BOX,134.95,136.45,62,270,480,50,13,False,SUP-0030,SUP-0055,2025-01-01T00:00:00
MAT-00137,SKU-PAC-00137,Hex Flange Bolts M8 Grade-Commercial-137,Packaging & Hardware,BOX,10.36,10.76,392,1277,2021,25,15,True,SUP-0009,,2025-01-01T00:00:00
MAT-00138,SKU-ELE-00138,Microcontrollers Grade-Industrial-138,Electronic Components,METER,17.21,19.38,112,464,858,500,16,False,SUP-0100,SUP-0105,2025-01-01T00:00:00
MAT-00139,SKU-MEC-00139,Gears Grade-Industrial-139,Mechanical & Machining,BOX,60.03,59.59,397,1617,2393,25,20,False,SUP-0118,SUP-0053,2025-01-01T00:00:00
MAT-00140,SKU-PAC-00140,Antistatic Foam Grade-Industrial-140,Packaging & Hardware,LITER,6.33,6.41,153,483,908,500,22,False,SUP-0036,SUP-0083,2025-01-01T00:00:00
MAT-00141,SKU-RAW-00141,Aluminum Billets 6061 Grade-Industrial-141,Raw Metallurgy,KG,31.51,33.2,224,644,1310,50,10,False,SUP-0096,SUP-0051,2025-01-01T00:00:00
MAT-00142,SKU-POL-00142,Industrial Lubricants Grade-A-142,Polymers & Chemical,KG,103.32,108.48,104,284,427,500,30,False,SUP-0068,SUP-0114,2025-01-01T00:00:00
MAT-00143,SKU-POL-00143,Silicone Gaskets Grade-Commercial-143,Polymers & Chemical,BOX,4.19,4.13,98,406,653,25,44,False,SUP-0099,SUP-0010,2025-01-01T00:00:00
MAT-00144,SKU-ELE-00144,PCBs Grade-Commercial-144,Electronic Components,METER,30.06,32.34,330,1002,1833,50,12,False,SUP-0054,SUP-0055,2025-01-01T00:00:00
MAT-00145,SKU-RAW-00145,Aluminum Billets 6061 Grade-Industrial-145,Raw Metallurgy,PCS,32.65,34.36,822,2793,5327,1000,27,False,SUP-0104,SUP-0020,2025-01-01T00:00:00
MAT-00146,SKU-ELE-00146,Sensors Grade-MilSpec-146,Electronic Components,BOX,57.97,66.13,366,1206,2275,100,14,False,SUP-0032,SUP-0012,2025-01-01T00:00:00
MAT-00147,SKU-MEC-00147,CNC Castings Grade-A-147,Mechanical & Machining,BOX,6.29,6.15,1519,4359,8616,50,40,True,SUP-0004,,2025-01-01T00:00:00
MAT-00148,SKU-RAW-00148,Sheet Metal Stainless 304 Grade-Industrial-148,Raw Metallurgy,BOX,5.74,6.47,647,2063,3322,500,24,False,SUP-0004,SUP-0043,2025-01-01T00:00:00
MAT-00149,SKU-ELE-00149,PCBs Grade-MilSpec-149,Electronic Components,SET,43.56,44.52,332,1216,1802,500,17,False,SUP-0073,SUP-0022,2025-01-01T00:00:00
MAT-00150,SKU-ELE-00150,Capacitors Grade-Commercial-150,Electronic Components,PCS,34.01,32.61,809,2759,4193,25,30,False,SUP-0032,SUP-0006,2025-01-01T00:00:00
MAT-00151,SKU-PAC-00151,Antistatic Foam Grade-B-151,Packaging & Hardware,METER,32.32,32.31,247,849,1529,25,43,False,SUP-0041,SUP-0035,2025-01-01T00:00:00
MAT-00152,SKU-MEC-00152,Hydraulic Valves Grade-Commercial-152,Mechanical & Machining,PCS,35.91,40.97,387,1575,2780,100,27,True,SUP-0082,,2025-01-01T00:00:00
MAT-00153,SKU-MEC-00153,Shafts Grade-Commercial-153,Mechanical & Machining,METER,11.61,12.75,671,1963,3606,50,19,False,SUP-0048,SUP-0076,2025-01-01T00:00:00
MAT-00154,SKU-MEC-00154,CNC Castings Grade-MilSpec-154,Mechanical & Machining,PCS,31.67,31.56,50,218,419,1000,28,False,SUP-0108,SUP-0089,2025-01-01T00:00:00
MAT-00155,SKU-RAW-00155,Aluminum Billets 6061 Grade-B-155,Raw Metallurgy,SET,33.86,38.82,150,630,998,500,12,False,SUP-0008,SUP-0019,2025-01-01T00:00:00
MAT-00156,SKU-POL-00156,Silicone Gaskets Grade-MilSpec-156,Polymers & Chemical,BOX,11.18,10.81,289,905,1581,50,44,True,SUP-0012,,2025-01-01T00:00:00
MAT-00157,SKU-MEC-00157,Shafts Grade-Industrial-157,Mechanical & Machining,METER,191.02,216.85,541,1783,2829,50,27,False,SUP-0107,SUP-0095,2025-01-01T00:00:00
MAT-00158,SKU-MEC-00158,Bearings Grade-A-158,Mechanical & Machining,KG,41.31,40.12,334,1154,2326,250,41,False,SUP-0041,SUP-0053,2025-01-01T00:00:00
MAT-00159,SKU-RAW-00159,Copper Rods Grade-Industrial-159,Raw Metallurgy,PCS,6.62,6.41,110,310,515,25,20,False,SUP-0039,SUP-0106,2025-01-01T00:00:00
MAT-00160,SKU-MEC-00160,Shafts Grade-MilSpec-160,Mechanical & Machining,SET,50.51,48.48,142,398,734,500,32,False,SUP-0105,SUP-0023,2025-01-01T00:00:00
MAT-00161,SKU-MEC-00161,CNC Castings Grade-MilSpec-161,Mechanical & Machining,PCS,8.4,9.33,177,672,1156,1000,15,False,SUP-0002,SUP-0008,2025-01-01T00:00:00
MAT-00162,SKU-ELE-00162,Connectors Grade-Commercial-162,Electronic Components,METER,58.31,66.09,299,1214,2522,100,15,True,SUP-0026,SUP-0116,2025-01-01T00:00:00
MAT-00163,SKU-ELE-00163,Microcontrollers Grade-MilSpec-163,Electronic Components,PCS,87.75,86.31,645,2735,5323,50,38,False,SUP-0106,SUP-0093,2025-01-01T00:00:00
MAT-00164,SKU-RAW-00164,Sheet Metal Stainless 304 Grade-B-164,Raw Metallurgy,METER,9.95,10.01,404,1304,2746,250,25,False,SUP-0005,SUP-0079,2025-01-01T00:00:00
MAT-00165,SKU-ELE-00165,Microcontrollers Grade-Industrial-165,Electronic Components,LITER,70.79,69.19,774,2358,4814,25,22,False,SUP-0114,SUP-0103,2025-01-01T00:00:00
MAT-00166,SKU-POL-00166,Silicone Gaskets Grade-MilSpec-166,Polymers & Chemical,SET,38.63,42.74,543,1969,2797,500,31,False,SUP-0073,SUP-0065,2025-01-01T00:00:00
MAT-00167,SKU-MEC-00167,CNC Castings Grade-Industrial-167,Mechanical & Machining,PCS,60.6,67.37,982,2641,3908,1000,21,False,SUP-0046,SUP-0099,2025-01-01T00:00:00
MAT-00168,SKU-MEC-00168,Shafts Grade-Commercial-168,Mechanical & Machining,BOX,197.64,189.97,909,2475,5428,50,29,False,SUP-0029,SUP-0074,2025-01-01T00:00:00
MAT-00169,SKU-MEC-00169,Hydraulic Valves Grade-Commercial-169,Mechanical & Machining,METER,18.73,20.81,135,367,679,500,29,False,SUP-0117,SUP-0076,2025-01-01T00:00:00
MAT-00170,SKU-MEC-00170,Gears Grade-Commercial-170,Mechanical & Machining,METER,10.71,10.55,124,404,672,500,40,True,SUP-0095,,2025-01-01T00:00:00
MAT-00171,SKU-MEC-00171,Hydraulic Valves Grade-Industrial-171,Mechanical & Machining,BOX,9.22,9.09,33,129,253,50,8,False,SUP-0112,SUP-0042,2025-01-01T00:00:00
MAT-00172,SKU-ELE-00172,Connectors Grade-Industrial-172,Electronic Components,PCS,10.0,10.25,185,661,997,50,28,False,SUP-0051,SUP-0076,2025-01-01T00:00:00
MAT-00173,SKU-POL-00173,Industrial Lubricants Grade-Industrial-173,Polymers & Chemical,KG,22.54,24.6,524,1574,3229,250,21,False,SUP-0114,SUP-0119,2025-01-01T00:00:00
MAT-00174,SKU-RAW-00174,Carbon Steel Bars Grade-B-174,Raw Metallurgy,KG,35.7,39.12,245,938,1551,500,9,False,SUP-0074,SUP-0051,2025-01-01T00:00:00
MAT-00175,SKU-MEC-00175,Bearings Grade-A-175,Mechanical & Machining,LITER,33.26,32.53,375,1140,2474,1000,17,False,SUP-0031,SUP-0045,2025-01-01T00:00:00
MAT-00176,SKU-RAW-00176,Copper Rods Grade-A-176,Raw Metallurgy,METER,60.94,60.45,39,165,288,250,7,False,SUP-0045,SUP-0033,2025-01-01T00:00:00
MAT-00177,SKU-MEC-00177,Gears Grade-MilSpec-177,Mechanical & Machining,LITER,24.89,25.39,571,2209,3222,25,21,False,SUP-0107,SUP-0062,2025-01-01T00:00:00
MAT-00178,SKU-RAW-00178,Aluminum Billets 6061 Grade-Industrial-178,Raw Metallurgy,METER,121.38,138.41,127,402,851,25,11,True,SUP-0012,,2025-01-01T00:00:00
MAT-00179,SKU-RAW-00179,Titanium Plates Grade-Commercial-179,Raw Metallurgy,LITER,18.34,20.01,322,1342,2234,50,17,False,SUP-0084,SUP-0022,2025-01-01T00:00:00
MAT-00180,SKU-POL-00180,Epoxy Adhesives Grade-Commercial-180,Polymers & Chemical,METER,488.91,529.06,1099,3464,6210,25,43,False,SUP-0013,SUP-0007,2025-01-01T00:00:00
MAT-00181,SKU-RAW-00181,Aluminum Billets 6061 Grade-MilSpec-181,Raw Metallurgy,PCS,48.82,49.25,120,510,783,100,13,False,SUP-0077,SUP-0062,2025-01-01T00:00:00
MAT-00182,SKU-ELE-00182,PCBs Grade-A-182,Electronic Components,METER,9.56,10.58,224,680,1162,100,12,False,SUP-0115,SUP-0085,2025-01-01T00:00:00
MAT-00183,SKU-POL-00183,Silicone Gaskets Grade-B-183,Polymers & Chemical,LITER,7.55,7.24,534,2211,4425,1000,43,False,SUP-0034,SUP-0029,2025-01-01T00:00:00
MAT-00184,SKU-ELE-00184,Microcontrollers Grade-Industrial-184,Electronic Components,SET,41.71,43.08,202,574,995,500,31,False,SUP-0030,SUP-0071,2025-01-01T00:00:00
MAT-00185,SKU-POL-00185,Epoxy Adhesives Grade-B-185,Polymers & Chemical,LITER,19.19,19.38,165,516,935,500,39,False,SUP-0110,SUP-0092,2025-01-01T00:00:00
MAT-00186,SKU-PAC-00186,Hex Flange Bolts M8 Grade-A-186,Packaging & Hardware,LITER,53.81,52.98,136,571,835,1000,15,False,SUP-0028,SUP-0104,2025-01-01T00:00:00
MAT-00187,SKU-POL-00187,Polycarbonate Sheets Grade-B-187,Polymers & Chemical,SET,41.29,41.36,64,220,377,100,12,False,SUP-0118,SUP-0104,2025-01-01T00:00:00
MAT-00188,SKU-RAW-00188,Titanium Plates Grade-MilSpec-188,Raw Metallurgy,PCS,22.64,25.07,344,1156,1755,500,14,False,SUP-0067,SUP-0101,2025-01-01T00:00:00
MAT-00189,SKU-PAC-00189,Corrugated Heavy Boxes Grade-A-189,Packaging & Hardware,SET,9.67,10.69,613,2230,4290,500,33,False,SUP-0112,SUP-0069,2025-01-01T00:00:00
MAT-00190,SKU-PAC-00190,Antistatic Foam Grade-A-190,Packaging & Hardware,KG,4.64,4.66,211,715,1503,1000,9,False,SUP-0078,SUP-0088,2025-01-01T00:00:00
MAT-00191,SKU-MEC-00191,CNC Castings Grade-MilSpec-191,Mechanical & Machining,METER,15.01,16.95,847,2367,4610,50,38,True,SUP-0039,SUP-0040,2025-01-01T00:00:00
MAT-00192,SKU-MEC-00192,Shafts Grade-MilSpec-192,Mechanical & Machining,METER,62.93,63.17,368,1383,2847,1000,35,False,SUP-0083,SUP-0012,2025-01-01T00:00:00
MAT-00193,SKU-POL-00193,Epoxy Adhesives Grade-Industrial-193,Polymers & Chemical,PCS,31.05,32.7,752,2960,6159,500,32,False,SUP-0040,SUP-0091,2025-01-01T00:00:00
MAT-00194,SKU-ELE-00194,Capacitors Grade-B-194,Electronic Components,KG,6.23,6.96,370,1339,2756,500,19,False,SUP-0059,SUP-0007,2025-01-01T00:00:00
MAT-00195,SKU-POL-00195,ABS Resin Pellets Grade-A-195,Polymers & Chemical,KG,29.68,30.41,1331,4191,7021,100,44,False,SUP-0023,SUP-0112,2025-01-01T00:00:00
MAT-00196,SKU-ELE-00196,Sensors Grade-A-196,Electronic Components,LITER,37.48,35.98,348,1041,1681,250,21,False,SUP-0100,SUP-0028,2025-01-01T00:00:00
MAT-00197,SKU-PAC-00197,Corrugated Heavy Boxes Grade-A-197,Packaging & Hardware,LITER,9.28,10.51,47,173,353,100,21,False,SUP-0077,SUP-0103,2025-01-01T00:00:00
MAT-00198,SKU-RAW-00198,Copper Rods Grade-MilSpec-198,Raw Metallurgy,METER,29.05,30.26,1079,3351,4711,1000,32,False,SUP-0039,SUP-0087,2025-01-01T00:00:00
MAT-00199,SKU-RAW-00199,Titanium Plates Grade-Commercial-199,Raw Metallurgy,SET,26.15,26.32,566,1718,3589,100,24,False,SUP-0062,SUP-0009,2025-01-01T00:00:00
MAT-00200,SKU-RAW-00200,Sheet Metal Stainless 304 Grade-B-200,Raw Metallurgy,SET,6.98,7.7,762,2274,4495,1000,27,False,SUP-0104,SUP-0110,2025-01-01T00:00:00
MAT-00201,SKU-POL-00201,Silicone Gaskets Grade-Industrial-201,Polymers & Chemical,LITER,36.36,37.48,597,2079,4097,1000,19,False,SUP-0075,SUP-0091,2025-01-01T00:00:00
MAT-00202,SKU-PAC-00202,Antistatic Foam Grade-Industrial-202,Packaging & Hardware,SET,45.46,45.92,530,1898,3372,1000,18,False,SUP-0085,SUP-0113,2025-01-01T00:00:00
MAT-00203,SKU-RAW-00203,Titanium Plates Grade-B-203,Raw Metallurgy,BOX,80.75,91.24,365,1223,2579,100,26,False,SUP-0029,SUP-0046,2025-01-01T00:00:00
MAT-00204,SKU-RAW-00204,Titanium Plates Grade-Industrial-204,Raw Metallurgy,LITER,78.19,87.59,2027,5503,8017,50,44,False,SUP-0111,SUP-0082,2025-01-01T00:00:00
MAT-00205,SKU-PAC-00205,Corrugated Heavy Boxes Grade-MilSpec-205,Packaging & Hardware,SET,5.39,5.44,944,2528,5344,250,33,True,SUP-0018,SUP-0026,2025-01-01T00:00:00
MAT-00206,SKU-MEC-00206,Shafts Grade-B-206,Mechanical & Machining,PCS,8.74,9.16,36,120,188,50,7,False,SUP-0023,SUP-0041,2025-01-01T00:00:00
MAT-00207,SKU-PAC-00207,Hex Flange Bolts M8 Grade-MilSpec-207,Packaging & Hardware,PCS,43.23,42.19,905,3088,4416,50,37,False,SUP-0055,SUP-0052,2025-01-01T00:00:00
MAT-00208,SKU-RAW-00208,Aluminum Billets 6061 Grade-Industrial-208,Raw Metallurgy,SET,43.17,42.66,384,1140,1910,50,21,False,SUP-0081,SUP-0094,2025-01-01T00:00:00
MAT-00209,SKU-ELE-00209,PCBs Grade-Commercial-209,Electronic Components,SET,43.23,43.72,1206,3726,6223,1000,40,True,SUP-0082,,2025-01-01T00:00:00
MAT-00210,SKU-MEC-00210,Shafts Grade-MilSpec-210,Mechanical & Machining,METER,1699.36,1869.34,165,613,1214,50,8,False,SUP-0117,SUP-0118,2025-01-01T00:00:00
MAT-00211,SKU-MEC-00211,CNC Castings Grade-Commercial-211,Mechanical & Machining,SET,45.97,45.23,157,436,699,500,31,False,SUP-0084,SUP-0102,2025-01-01T00:00:00
MAT-00212,SKU-PAC-00212,Corrugated Heavy Boxes Grade-Commercial-212,Packaging & Hardware,PCS,85.55,92.6,271,898,1345,100,33,False,SUP-0003,SUP-0007,2025-01-01T00:00:00
MAT-00213,SKU-POL-00213,Polycarbonate Sheets Grade-B-213,Polymers & Chemical,BOX,70.06,76.17,829,2533,4966,250,24,True,SUP-0009,,2025-01-01T00:00:00
MAT-00214,SKU-ELE-00214,Connectors Grade-Commercial-214,Electronic Components,PCS,50.23,50.56,379,1069,2328,100,23,False,SUP-0064,SUP-0026,2025-01-01T00:00:00
MAT-00215,SKU-POL-00215,Silicone Gaskets Grade-B-215,Polymers & Chemical,PCS,17.34,18.37,684,2532,3570,25,28,False,SUP-0089,SUP-0120,2025-01-01T00:00:00
MAT-00216,SKU-ELE-00216,Connectors Grade-MilSpec-216,Electronic Components,KG,56.54,64.45,192,583,1029,100,23,False,SUP-0010,SUP-0093,2025-01-01T00:00:00
MAT-00217,SKU-RAW-00217,Copper Rods Grade-A-217,Raw Metallurgy,PCS,10.48,11.66,589,1966,2934,25,27,False,SUP-0110,SUP-0038,2025-01-01T00:00:00
MAT-00218,SKU-ELE-00218,Capacitors Grade-B-218,Electronic Components,METER,18.91,19.32,261,741,1145,250,30,False,SUP-0080,SUP-0035,2025-01-01T00:00:00
MAT-00219,SKU-POL-00219,Industrial Lubricants Grade-Industrial-219,Polymers & Chemical,LITER,14.38,15.65,123,487,964,50,14,False,SUP-0054,SUP-0084,2025-01-01T00:00:00
MAT-00220,SKU-ELE-00220,PCBs Grade-Commercial-220,Electronic Components,LITER,26.84,29.8,742,2279,4763,1000,29,False,SUP-0024,SUP-0079,2025-01-01T00:00:00
MAT-00221,SKU-MEC-00221,Gears Grade-MilSpec-221,Mechanical & Machining,PCS,312.98,352.89,161,476,924,1000,7,False,SUP-0009,SUP-0034,2025-01-01T00:00:00
MAT-00222,SKU-PAC-00222,Thermal Pallet Wraps Grade-B-222,Packaging & Hardware,BOX,3.15,3.54,288,866,1384,100,34,False,SUP-0089,SUP-0090,2025-01-01T00:00:00
MAT-00223,SKU-POL-00223,Polycarbonate Sheets Grade-Commercial-223,Polymers & Chemical,SET,52.19,50.15,1385,3855,5627,250,38,False,SUP-0021,SUP-0065,2025-01-01T00:00:00
MAT-00224,SKU-RAW-00224,Sheet Metal Stainless 304 Grade-Industrial-224,Raw Metallurgy,METER,4.16,3.99,398,1630,2861,500,22,False,SUP-0083,SUP-0049,2025-01-01T00:00:00
MAT-00225,SKU-POL-00225,ABS Resin Pellets Grade-MilSpec-225,Polymers & Chemical,LITER,14.6,14.79,38,129,184,500,13,False,SUP-0096,SUP-0084,2025-01-01T00:00:00
MAT-00226,SKU-ELE-00226,Microcontrollers Grade-Commercial-226,Electronic Components,SET,81.28,87.58,721,2485,3586,50,28,False,SUP-0072,SUP-0027,2025-01-01T00:00:00
MAT-00227,SKU-POL-00227,Silicone Gaskets Grade-Commercial-227,Polymers & Chemical,SET,26.33,28.17,285,1153,2221,25,14,False,SUP-0047,SUP-0092,2025-01-01T00:00:00
MAT-00228,SKU-RAW-00228,Carbon Steel Bars Grade-Industrial-228,Raw Metallurgy,SET,7.5,7.91,338,1326,2616,1000,38,False,SUP-0006,SUP-0115,2025-01-01T00:00:00
MAT-00229,SKU-POL-00229,ABS Resin Pellets Grade-Industrial-229,Polymers & Chemical,SET,11.17,11.05,630,1782,2766,100,36,False,SUP-0110,SUP-0051,2025-01-01T00:00:00
MAT-00230,SKU-ELE-00230,PCBs Grade-A-230,Electronic Components,BOX,51.81,57.9,1110,3342,7235,50,36,False,SUP-0099,SUP-0115,2025-01-01T00:00:00
MAT-00231,SKU-POL-00231,ABS Resin Pellets Grade-Commercial-231,Polymers & Chemical,BOX,10.99,10.55,1375,3949,8404,1000,39,False,SUP-0108,SUP-0075,2025-01-01T00:00:00
MAT-00232,SKU-PAC-00232,Hex Flange Bolts M8 Grade-B-232,Packaging & Hardware,PCS,31.13,31.99,910,3049,5754,1000,31,False,SUP-0113,SUP-0042,2025-01-01T00:00:00
MAT-00233,SKU-MEC-00233,Shafts Grade-MilSpec-233,Mechanical & Machining,METER,25.79,29.51,1308,3873,7741,100,45,False,SUP-0018,,2025-01-01T00:00:00
MAT-00234,SKU-PAC-00234,Vibration Dampers Grade-Commercial-234,Packaging & Hardware,BOX,11.98,11.9,436,1171,2248,50,15,False,SUP-0092,SUP-0038,2025-01-01T00:00:00
MAT-00235,SKU-PAC-00235,Thermal Pallet Wraps Grade-Industrial-235,Packaging & Hardware,BOX,259.39,252.41,1292,3866,8176,500,33,False,SUP-0062,SUP-0075,2025-01-01T00:00:00
MAT-00236,SKU-RAW-00236,Copper Rods Grade-A-236,Raw Metallurgy,SET,49.27,47.86,86,314,636,100,19,False,SUP-0007,SUP-0086,2025-01-01T00:00:00
MAT-00237,SKU-RAW-00237,Sheet Metal Stainless 304 Grade-A-237,Raw Metallurgy,BOX,2.64,2.92,578,2328,4875,1000,35,False,SUP-0070,SUP-0005,2025-01-01T00:00:00
MAT-00238,SKU-PAC-00238,Hex Flange Bolts M8 Grade-Commercial-238,Packaging & Hardware,LITER,30.12,30.05,236,646,1104,1000,10,False,SUP-0103,SUP-0090,2025-01-01T00:00:00
MAT-00239,SKU-RAW-00239,Titanium Plates Grade-A-239,Raw Metallurgy,PCS,11.85,13.02,734,2015,3956,1000,21,False,SUP-0112,SUP-0100,2025-01-01T00:00:00
MAT-00240,SKU-RAW-00240,Titanium Plates Grade-Commercial-240,Raw Metallurgy,BOX,62.66,67.09,664,1780,2598,50,18,False,SUP-0025,SUP-0038,2025-01-01T00:00:00
MAT-00241,SKU-PAC-00241,Corrugated Heavy Boxes Grade-MilSpec-241,Packaging & Hardware,PCS,10.26,10.63,548,2365,4193,50,23,False,SUP-0017,SUP-0021,2025-01-01T00:00:00
MAT-00242,SKU-ELE-00242,Capacitors Grade-Industrial-242,Electronic Components,SET,21.62,20.76,877,2511,4620,25,38,False,SUP-0079,SUP-0108,2025-01-01T00:00:00
MAT-00243,SKU-RAW-00243,Titanium Plates Grade-B-243,Raw Metallurgy,KG,42.75,45.06,1277,4311,7240,50,41,False,SUP-0021,SUP-0054,2025-01-01T00:00:00
MAT-00244,SKU-RAW-00244,Carbon Steel Bars Grade-Industrial-244,Raw Metallurgy,METER,63.58,63.18,177,709,1188,50,7,False,SUP-0068,SUP-0061,2025-01-01T00:00:00
MAT-00245,SKU-PAC-00245,Thermal Pallet Wraps Grade-B-245,Packaging & Hardware,PCS,6.55,7.12,222,811,1605,25,31,False,SUP-0118,SUP-0102,2025-01-01T00:00:00
MAT-00246,SKU-PAC-00246,Vibration Dampers Grade-Commercial-246,Packaging & Hardware,SET,16.98,17.64,490,1330,2040,500,12,True,SUP-0025,SUP-0042,2025-01-01T00:00:00
MAT-00247,SKU-PAC-00247,Corrugated Heavy Boxes Grade-A-247,Packaging & Hardware,KG,14.55,15.77,277,1044,2153,1000,13,False,SUP-0111,SUP-0088,2025-01-01T00:00:00
MAT-00248,SKU-POL-00248,ABS Resin Pellets Grade-B-248,Polymers & Chemical,PCS,11.96,12.46,106,304,561,500,18,False,SUP-0012,SUP-0010,2025-01-01T00:00:00
MAT-00249,SKU-MEC-00249,Shafts Grade-MilSpec-249,Mechanical & Machining,LITER,171.06,177.94,348,1104,2112,500,14,False,SUP-0041,SUP-0003,2025-01-01T00:00:00
MAT-00250,SKU-ELE-00250,Connectors Grade-A-250,Electronic Components,BOX,38.3,42.88,526,1618,2629,250,26,False,SUP-0065,SUP-0014,2025-01-01T00:00:00
MAT-00251,SKU-POL-00251,Industrial Lubricants Grade-A-251,Polymers & Chemical,LITER,6.13,6.02,1087,2937,4450,1000,25,False,SUP-0096,SUP-0051,2025-01-01T00:00:00
MAT-00252,SKU-RAW-00252,Aluminum Billets 6061 Grade-Commercial-252,Raw Metallurgy,SET,67.33,65.87,352,1252,2502,1000,12,True,SUP-0051,SUP-0069,2025-01-01T00:00:00
MAT-00253,SKU-RAW-00253,Sheet Metal Stainless 304 Grade-MilSpec-253,Raw Metallurgy,BOX,253.25,283.71,235,938,1816,500,19,False,SUP-0024,SUP-0029,2025-01-01T00:00:00
MAT-00254,SKU-ELE-00254,Connectors Grade-MilSpec-254,Electronic Components,BOX,76.38,80.96,167,490,876,100,19,False,SUP-0009,SUP-0033,2025-01-01T00:00:00
MAT-00255,SKU-RAW-00255,Sheet Metal Stainless 304 Grade-B-255,Raw Metallurgy,PCS,4.61,4.64,841,2577,4237,500,28,True,SUP-0096,,2025-01-01T00:00:00
MAT-00256,SKU-MEC-00256,Bearings Grade-Commercial-256,Mechanical & Machining,METER,14.4,16.01,530,1520,2994,1000,22,False,SUP-0022,SUP-0001,2025-01-01T00:00:00
MAT-00257,SKU-POL-00257,Silicone Gaskets Grade-Industrial-257,Polymers & Chemical,KG,98.85,107.34,957,2755,4930,25,29,False,SUP-0062,SUP-0060,2025-01-01T00:00:00
MAT-00258,SKU-MEC-00258,Bearings Grade-A-258,Mechanical & Machining,METER,11.26,12.63,216,634,1340,500,11,False,SUP-0069,SUP-0026,2025-01-01T00:00:00
MAT-00259,SKU-ELE-00259,Connectors Grade-Commercial-259,Electronic Components,LITER,39.97,44.12,885,2443,4474,1000,41,False,SUP-0005,SUP-0071,2025-01-01T00:00:00
MAT-00260,SKU-MEC-00260,Shafts Grade-MilSpec-260,Mechanical & Machining,KG,57.52,64.9,356,1148,1690,100,36,False,SUP-0110,SUP-0038,2025-01-01T00:00:00
MAT-00261,SKU-PAC-00261,Corrugated Heavy Boxes Grade-B-261,Packaging & Hardware,SET,8.85,9.62,211,661,1224,50,18,False,SUP-0018,SUP-0058,2025-01-01T00:00:00
MAT-00262,SKU-POL-00262,Silicone Gaskets Grade-A-262,Polymers & Chemical,KG,22.98,25.33,153,459,832,100,9,False,SUP-0034,SUP-0048,2025-01-01T00:00:00
MAT-00263,SKU-POL-00263,Industrial Lubricants Grade-MilSpec-263,Polymers & Chemical,PCS,1.5,1.44,937,2641,4253,500,24,False,SUP-0014,SUP-0091,2025-01-01T00:00:00
MAT-00264,SKU-PAC-00264,Hex Flange Bolts M8 Grade-MilSpec-264,Packaging & Hardware,BOX,7.95,8.15,210,770,1677,50,40,False,SUP-0115,SUP-0107,2025-01-01T00:00:00
MAT-00265,SKU-PAC-00265,Antistatic Foam Grade-Industrial-265,Packaging & Hardware,METER,18.58,19.46,447,1482,2347,500,15,False,SUP-0078,SUP-0001,2025-01-01T00:00:00
MAT-00266,SKU-RAW-00266,Sheet Metal Stainless 304 Grade-B-266,Raw Metallurgy,KG,6.22,6.1,609,1731,3420,250,33,False,SUP-0105,SUP-0016,2025-01-01T00:00:00
MAT-00267,SKU-POL-00267,Industrial Lubricants Grade-B-267,Polymers & Chemical,SET,147.77,145.15,70,220,336,1000,15,False,SUP-0003,SUP-0032,2025-01-01T00:00:00
MAT-00268,SKU-PAC-00268,Corrugated Heavy Boxes Grade-Commercial-268,Packaging & Hardware,KG,5.09,4.89,1488,4008,7655,1000,45,False,SUP-0024,SUP-0067,2025-01-01T00:00:00
MAT-00269,SKU-RAW-00269,Aluminum Billets 6061 Grade-B-269,Raw Metallurgy,LITER,15.12,16.2,522,1611,3279,50,33,False,SUP-0062,SUP-0022,2025-01-01T00:00:00
MAT-00270,SKU-PAC-00270,Thermal Pallet Wraps Grade-Industrial-270,Packaging & Hardware,KG,28.33,31.02,324,1204,2056,25,11,False,SUP-0059,SUP-0077,2025-01-01T00:00:00
MAT-00271,SKU-ELE-00271,Capacitors Grade-Commercial-271,Electronic Components,SET,119.75,130.15,569,1568,2947,500,37,False,SUP-0078,SUP-0013,2025-01-01T00:00:00
MAT-00272,SKU-PAC-00272,Corrugated Heavy Boxes Grade-A-272,Packaging & Hardware,LITER,5.06,5.47,77,247,418,25,34,False,SUP-0070,SUP-0106,2025-01-01T00:00:00
MAT-00273,SKU-PAC-00273,Antistatic Foam Grade-B-273,Packaging & Hardware,LITER,88.19,97.71,433,1447,2320,50,13,False,SUP-0076,SUP-0103,2025-01-01T00:00:00
MAT-00274,SKU-ELE-00274,Sensors Grade-Commercial-274,Electronic Components,SET,24.81,25.6,98,313,568,250,43,False,SUP-0091,SUP-0096,2025-01-01T00:00:00
MAT-00275,SKU-MEC-00275,Shafts Grade-MilSpec-275,Mechanical & Machining,METER,8.33,8.09,665,2223,3762,100,41,False,SUP-0075,SUP-0033,2025-01-01T00:00:00
MAT-00276,SKU-POL-00276,Polycarbonate Sheets Grade-MilSpec-276,Polymers & Chemical,SET,40.78,45.13,1057,3869,6365,100,37,False,SUP-0048,SUP-0072,2025-01-01T00:00:00
MAT-00277,SKU-POL-00277,Polycarbonate Sheets Grade-A-277,Polymers & Chemical,BOX,30.54,30.42,524,1772,2960,500,39,False,SUP-0021,SUP-0013,2025-01-01T00:00:00
MAT-00278,SKU-PAC-00278,Corrugated Heavy Boxes Grade-B-278,Packaging & Hardware,LITER,12.68,14.49,1259,4184,6072,50,45,True,SUP-0019,,2025-01-01T00:00:00
MAT-00279,SKU-RAW-00279,Aluminum Billets 6061 Grade-Commercial-279,Raw Metallurgy,PCS,26.49,29.0,911,2686,5044,50,25,False,SUP-0052,SUP-0079,2025-01-01T00:00:00
MAT-00280,SKU-POL-00280,Industrial Lubricants Grade-A-280,Polymers & Chemical,KG,16.06,17.99,139,400,723,1000,9,False,SUP-0067,SUP-0037,2025-01-01T00:00:00
MAT-00281,SKU-MEC-00281,Bearings Grade-B-281,Mechanical & Machining,BOX,27.8,26.61,205,589,990,250,24,False,SUP-0001,SUP-0021,2025-01-01T00:00:00
MAT-00282,SKU-POL-00282,Epoxy Adhesives Grade-B-282,Polymers & Chemical,SET,50.82,48.44,970,2845,5255,500,25,False,SUP-0118,SUP-0012,2025-01-01T00:00:00
MAT-00283,SKU-RAW-00283,Carbon Steel Bars Grade-Industrial-283,Raw Metallurgy,KG,140.42,150.43,206,752,1297,25,7,False,SUP-0120,SUP-0052,2025-01-01T00:00:00
MAT-00284,SKU-PAC-00284,Corrugated Heavy Boxes Grade-Commercial-284,Packaging & Hardware,METER,6.29,6.4,1177,4316,7571,250,43,True,SUP-0033,SUP-0113,2025-01-01T00:00:00
MAT-00285,SKU-PAC-00285,Antistatic Foam Grade-B-285,Packaging & Hardware,METER,256.3,292.76,284,924,1484,250,8,False,SUP-0059,SUP-0115,2025-01-01T00:00:00
MAT-00286,SKU-MEC-00286,Hydraulic Valves Grade-Industrial-286,Mechanical & Machining,LITER,2.87,3.27,322,1158,1990,1000,22,False,SUP-0002,SUP-0090,2025-01-01T00:00:00
MAT-00287,SKU-RAW-00287,Aluminum Billets 6061 Grade-Commercial-287,Raw Metallurgy,KG,20.76,21.7,410,1112,2164,50,18,False,SUP-0115,SUP-0074,2025-01-01T00:00:00
MAT-00288,SKU-POL-00288,Polycarbonate Sheets Grade-B-288,Polymers & Chemical,BOX,46.86,46.79,362,1406,2088,25,29,False,SUP-0030,SUP-0026,2025-01-01T00:00:00
MAT-00289,SKU-POL-00289,Epoxy Adhesives Grade-A-289,Polymers & Chemical,SET,33.42,38.15,973,2683,5647,500,38,False,SUP-0048,SUP-0080,2025-01-01T00:00:00
MAT-00290,SKU-RAW-00290,Copper Rods Grade-B-290,Raw Metallurgy,SET,12.37,12.44,237,677,1206,500,40,False,SUP-0074,SUP-0017,2025-01-01T00:00:00
MAT-00291,SKU-ELE-00291,Connectors Grade-Industrial-291,Electronic Components,LITER,19.51,21.89,1008,3564,5013,1000,36,False,SUP-0059,SUP-0016,2025-01-01T00:00:00
MAT-00292,SKU-MEC-00292,Gears Grade-Commercial-292,Mechanical & Machining,PCS,14.26,14.48,640,2365,4202,500,23,False,SUP-0034,SUP-0024,2025-01-01T00:00:00
MAT-00293,SKU-RAW-00293,Carbon Steel Bars Grade-B-293,Raw Metallurgy,LITER,12.83,13.28,626,2258,3486,50,32,False,SUP-0097,SUP-0048,2025-01-01T00:00:00
MAT-00294,SKU-PAC-00294,Hex Flange Bolts M8 Grade-A-294,Packaging & Hardware,BOX,62.46,62.71,346,1353,2932,50,19,False,SUP-0056,SUP-0110,2025-01-01T00:00:00
MAT-00295,SKU-POL-00295,ABS Resin Pellets Grade-B-295,Polymers & Chemical,LITER,36.33,38.14,1502,4413,8950,100,41,False,SUP-0109,SUP-0081,2025-01-01T00:00:00
MAT-00296,SKU-RAW-00296,Titanium Plates Grade-Commercial-296,Raw Metallurgy,PCS,11.45,11.79,755,2124,3137,1000,37,False,SUP-0008,SUP-0028,2025-01-01T00:00:00
MAT-00297,SKU-RAW-00297,Carbon Steel Bars Grade-Industrial-297,Raw Metallurgy,METER,65.99,70.09,77,308,644,500,33,False,SUP-0033,SUP-0045,2025-01-01T00:00:00
MAT-00298,SKU-MEC-00298,Bearings Grade-Commercial-298,Mechanical & Machining,BOX,34.4,37.15,677,2027,3628,1000,27,False,SUP-0100,SUP-0037,2025-01-01T00:00:00
MAT-00299,SKU-POL-00299,ABS Resin Pellets Grade-MilSpec-299,Polymers & Chemical,SET,59.99,60.43,310,1038,1961,250,28,False,SUP-0019,SUP-0112,2025-01-01T00:00:00
MAT-00300,SKU-ELE-00300,Microcontrollers Grade-B-300,Electronic Components,METER,49.04,48.83,865,2620,4236,250,45,False,SUP-0038,SUP-0091,2025-01-01T00:00:00
MAT-00301,SKU-RAW-00301,Titanium Plates Grade-Commercial-301,Raw Metallurgy,LITER,9.86,10.18,468,1273,2495,25,23,False,SUP-0003,SUP-0017,2025-01-01T00:00:00
MAT-00302,SKU-MEC-00302,Hydraulic Valves Grade-MilSpec-302,Mechanical & Machining,PCS,13.25,12.84,46,134,243,25,8,False,SUP-0061,SUP-0071,2025-01-01T00:00:00
MAT-00303,SKU-ELE-00303,Sensors Grade-Commercial-303,Electronic Components,KG,55.81,53.96,389,1137,1994,50,22,False,SUP-0050,SUP-0040,2025-01-01T00:00:00
MAT-00304,SKU-MEC-00304,Bearings Grade-B-304,Mechanical & Machining,PCS,48.01,45.95,1386,3726,6827,100,36,False,SUP-0118,SUP-0042,2025-01-01T00:00:00
MAT-00305,SKU-PAC-00305,Antistatic Foam Grade-B-305,Packaging & Hardware,BOX,23.97,25.36,1196,3814,7290,100,34,False,SUP-0059,SUP-0081,2025-01-01T00:00:00
MAT-00306,SKU-RAW-00306,Copper Rods Grade-Commercial-306,Raw Metallurgy,KG,27.91,31.01,237,845,1183,50,16,False,SUP-0047,SUP-0053,2025-01-01T00:00:00
MAT-00307,SKU-RAW-00307,Carbon Steel Bars Grade-MilSpec-307,Raw Metallurgy,SET,100.03,95.19,159,460,937,500,7,False,SUP-0097,SUP-0062,2025-01-01T00:00:00
MAT-00308,SKU-MEC-00308,CNC Castings Grade-Commercial-308,Mechanical & Machining,METER,12.8,12.64,314,926,1774,250,17,False,SUP-0056,SUP-0051,2025-01-01T00:00:00
MAT-00309,SKU-MEC-00309,Shafts Grade-A-309,Mechanical & Machining,LITER,44.78,48.14,482,1457,2659,100,25,False,SUP-0103,SUP-0117,2025-01-01T00:00:00
MAT-00310,SKU-POL-00310,Polycarbonate Sheets Grade-A-310,Polymers & Chemical,KG,19.64,19.19,528,2010,2845,25,38,True,SUP-0096,,2025-01-01T00:00:00
MAT-00311,SKU-PAC-00311,Corrugated Heavy Boxes Grade-B-311,Packaging & Hardware,PCS,19.31,19.43,41,167,235,50,21,False,SUP-0057,SUP-0094,2025-01-01T00:00:00
MAT-00312,SKU-RAW-00312,Copper Rods Grade-Industrial-312,Raw Metallurgy,LITER,82.16,94.45,311,875,1891,25,12,False,SUP-0102,SUP-0005,2025-01-01T00:00:00
MAT-00313,SKU-RAW-00313,Copper Rods Grade-A-313,Raw Metallurgy,SET,60.82,63.5,124,495,997,50,7,False,SUP-0108,SUP-0033,2025-01-01T00:00:00
MAT-00314,SKU-POL-00314,Industrial Lubricants Grade-B-314,Polymers & Chemical,BOX,60.03,68.97,339,1019,1596,250,40,False,SUP-0095,SUP-0099,2025-01-01T00:00:00
MAT-00315,SKU-RAW-00315,Carbon Steel Bars Grade-B-315,Raw Metallurgy,BOX,103.13,112.99,204,664,1088,100,23,False,SUP-0071,SUP-0067,2025-01-01T00:00:00
MAT-00316,SKU-ELE-00316,Capacitors Grade-A-316,Electronic Components,KG,25.11,27.03,591,2351,4775,25,44,False,SUP-0022,SUP-0102,2025-01-01T00:00:00
MAT-00317,SKU-ELE-00317,Connectors Grade-MilSpec-317,Electronic Components,BOX,51.94,55.54,311,1261,2389,1000,38,False,SUP-0012,SUP-0032,2025-01-01T00:00:00
MAT-00318,SKU-ELE-00318,Microcontrollers Grade-Industrial-318,Electronic Components,BOX,17.44,17.1,555,1962,3623,1000,21,False,SUP-0014,SUP-0017,2025-01-01T00:00:00
MAT-00319,SKU-RAW-00319,Copper Rods Grade-B-319,Raw Metallurgy,PCS,35.04,38.12,194,574,1060,500,38,False,SUP-0018,SUP-0033,2025-01-01T00:00:00
MAT-00320,SKU-POL-00320,Polycarbonate Sheets Grade-Commercial-320,Polymers & Chemical,KG,21.26,22.51,408,1683,2564,100,17,False,SUP-0060,SUP-0036,2025-01-01T00:00:00
MAT-00321,SKU-RAW-00321,Titanium Plates Grade-Industrial-321,Raw Metallurgy,LITER,27.29,25.93,108,332,561,500,8,False,SUP-0049,SUP-0094,2025-01-01T00:00:00
MAT-00322,SKU-MEC-00322,Shafts Grade-A-322,Mechanical & Machining,BOX,47.21,53.98,988,3844,6252,250,42,False,SUP-0025,SUP-0068,2025-01-01T00:00:00
MAT-00323,SKU-RAW-00323,Aluminum Billets 6061 Grade-A-323,Raw Metallurgy,SET,9.97,10.79,56,227,352,25,19,True,SUP-0023,SUP-0112,2025-01-01T00:00:00
MAT-00324,SKU-PAC-00324,Antistatic Foam Grade-MilSpec-324,Packaging & Hardware,SET,245.09,263.42,765,2250,3173,50,45,False,SUP-0007,SUP-0047,2025-01-01T00:00:00
MAT-00325,SKU-POL-00325,ABS Resin Pellets Grade-MilSpec-325,Polymers & Chemical,BOX,8.11,7.8,284,804,1296,25,10,False,SUP-0114,SUP-0054,2025-01-01T00:00:00
MAT-00326,SKU-ELE-00326,Sensors Grade-A-326,Electronic Components,KG,6.45,7.37,252,803,1284,1000,19,True,SUP-0069,SUP-0050,2025-01-01T00:00:00
MAT-00327,SKU-MEC-00327,Bearings Grade-Commercial-327,Mechanical & Machining,LITER,87.7,96.4,1209,3351,5138,50,34,False,SUP-0074,SUP-0046,2025-01-01T00:00:00
MAT-00328,SKU-PAC-00328,Antistatic Foam Grade-Commercial-328,Packaging & Hardware,METER,58.61,63.39,627,1977,4344,100,27,False,SUP-0077,SUP-0057,2025-01-01T00:00:00
MAT-00329,SKU-POL-00329,Industrial Lubricants Grade-Industrial-329,Polymers & Chemical,SET,48.74,48.65,703,2428,4277,250,23,False,SUP-0049,SUP-0099,2025-01-01T00:00:00
MAT-00330,SKU-ELE-00330,Microcontrollers Grade-Industrial-330,Electronic Components,SET,48.97,46.68,77,207,325,100,26,False,SUP-0114,SUP-0039,2025-01-01T00:00:00
MAT-00331,SKU-ELE-00331,Sensors Grade-Commercial-331,Electronic Components,SET,24.2,25.68,131,455,687,100,36,False,SUP-0020,SUP-0013,2025-01-01T00:00:00
MAT-00332,SKU-PAC-00332,Hex Flange Bolts M8 Grade-B-332,Packaging & Hardware,METER,9.14,10.17,203,581,893,1000,27,True,SUP-0095,,2025-01-01T00:00:00
MAT-00333,SKU-PAC-00333,Corrugated Heavy Boxes Grade-Commercial-333,Packaging & Hardware,BOX,26.67,26.94,86,236,393,250,10,False,SUP-0074,SUP-0049,2025-01-01T00:00:00
MAT-00334,SKU-POL-00334,ABS Resin Pellets Grade-B-334,Polymers & Chemical,BOX,11.65,12.59,207,737,1056,500,10,False,SUP-0002,SUP-0082,2025-01-01T00:00:00
MAT-00335,SKU-PAC-00335,Hex Flange Bolts M8 Grade-Industrial-335,Packaging & Hardware,SET,71.71,78.13,1012,2937,5463,25,35,False,SUP-0087,SUP-0094,2025-01-01T00:00:00
MAT-00336,SKU-MEC-00336,Gears Grade-Industrial-336,Mechanical & Machining,LITER,20.87,20.44,193,655,961,500,42,False,SUP-0061,SUP-0074,2025-01-01T00:00:00
MAT-00337,SKU-POL-00337,Polycarbonate Sheets Grade-B-337,Polymers & Chemical,LITER,9.89,10.5,610,1870,3718,50,42,False,SUP-0084,SUP-0074,2025-01-01T00:00:00
MAT-00338,SKU-MEC-00338,CNC Castings Grade-Industrial-338,Mechanical & Machining,LITER,17.23,17.48,793,2731,4239,100,34,False,SUP-0012,SUP-0015,2025-01-01T00:00:00
MAT-00339,SKU-PAC-00339,Corrugated Heavy Boxes Grade-Industrial-339,Packaging & Hardware,KG,38.64,44.34,252,1057,2171,50,35,False,SUP-0103,SUP-0057,2025-01-01T00:00:00
MAT-00340,SKU-RAW-00340,Sheet Metal Stainless 304 Grade-A-340,Raw Metallurgy,PCS,13.2,14.49,174,749,1464,25,25,False,SUP-0080,SUP-0119,2025-01-01T00:00:00
MAT-00341,SKU-RAW-00341,Copper Rods Grade-MilSpec-341,Raw Metallurgy,PCS,9.93,10.09,1554,4514,8301,500,40,False,SUP-0028,SUP-0027,2025-01-01T00:00:00
MAT-00342,SKU-MEC-00342,CNC Castings Grade-MilSpec-342,Mechanical & Machining,SET,32.07,36.28,108,408,798,100,25,False,SUP-0033,SUP-0022,2025-01-01T00:00:00
MAT-00343,SKU-ELE-00343,PCBs Grade-A-343,Electronic Components,PCS,32.12,33.01,202,865,1811,1000,13,False,SUP-0110,SUP-0117,2025-01-01T00:00:00
MAT-00344,SKU-POL-00344,Polycarbonate Sheets Grade-MilSpec-344,Polymers & Chemical,SET,14.05,16.09,103,391,849,500,18,True,SUP-0068,,2025-01-01T00:00:00
MAT-00345,SKU-ELE-00345,Microcontrollers Grade-B-345,Electronic Components,SET,14.61,14.77,102,305,513,100,29,False,SUP-0096,SUP-0021,2025-01-01T00:00:00
MAT-00346,SKU-MEC-00346,Bearings Grade-Industrial-346,Mechanical & Machining,PCS,31.67,34.05,196,532,840,100,42,False,SUP-0114,SUP-0105,2025-01-01T00:00:00
MAT-00347,SKU-POL-00347,Polycarbonate Sheets Grade-A-347,Polymers & Chemical,BOX,4.99,5.12,417,1539,2342,100,33,False,SUP-0079,SUP-0112,2025-01-01T00:00:00
MAT-00348,SKU-PAC-00348,Vibration Dampers Grade-MilSpec-348,Packaging & Hardware,SET,5.22,5.1,176,626,1229,500,15,False,SUP-0075,SUP-0070,2025-01-01T00:00:00
MAT-00349,SKU-MEC-00349,Gears Grade-B-349,Mechanical & Machining,BOX,11.13,12.65,1821,4937,7379,100,41,False,SUP-0041,SUP-0009,2025-01-01T00:00:00
MAT-00350,SKU-MEC-00350,CNC Castings Grade-Industrial-350,Mechanical & Machining,LITER,19.4,22.16,341,981,1457,50,16,False,SUP-0096,SUP-0120,2025-01-01T00:00:00
MAT-00351,SKU-ELE-00351,Connectors Grade-Commercial-351,Electronic Components,METER,34.54,37.0,110,382,745,250,8,False,SUP-0077,SUP-0030,2025-01-01T00:00:00
MAT-00352,SKU-MEC-00352,Bearings Grade-Commercial-352,Mechanical & Machining,LITER,124.32,135.81,845,3324,5167,25,37,False,SUP-0110,SUP-0050,2025-01-01T00:00:00
MAT-00353,SKU-POL-00353,ABS Resin Pellets Grade-Industrial-353,Polymers & Chemical,LITER,63.02,62.67,120,461,997,250,11,False,SUP-0026,SUP-0097,2025-01-01T00:00:00
MAT-00354,SKU-PAC-00354,Antistatic Foam Grade-Industrial-354,Packaging & Hardware,LITER,20.57,23.19,598,2029,4365,500,27,False,SUP-0100,SUP-0006,2025-01-01T00:00:00
MAT-00355,SKU-PAC-00355,Thermal Pallet Wraps Grade-Commercial-355,Packaging & Hardware,BOX,24.02,27.03,1223,3455,4954,50,36,False,SUP-0067,SUP-0014,2025-01-01T00:00:00
MAT-00356,SKU-PAC-00356,Thermal Pallet Wraps Grade-MilSpec-356,Packaging & Hardware,BOX,8.14,7.8,80,289,496,100,19,False,SUP-0098,SUP-0081,2025-01-01T00:00:00
MAT-00357,SKU-RAW-00357,Copper Rods Grade-B-357,Raw Metallurgy,LITER,24.04,24.25,454,1282,2258,1000,36,False,SUP-0089,SUP-0067,2025-01-01T00:00:00
MAT-00358,SKU-PAC-00358,Corrugated Heavy Boxes Grade-B-358,Packaging & Hardware,SET,17.86,20.32,669,2208,3407,500,27,False,SUP-0018,SUP-0051,2025-01-01T00:00:00
MAT-00359,SKU-MEC-00359,Gears Grade-A-359,Mechanical & Machining,METER,34.99,35.51,114,464,911,1000,14,False,SUP-0092,SUP-0102,2025-01-01T00:00:00
MAT-00360,SKU-RAW-00360,Aluminum Billets 6061 Grade-Commercial-360,Raw Metallurgy,BOX,9.88,10.14,360,1135,1628,50,31,False,SUP-0066,SUP-0079,2025-01-01T00:00:00
MAT-00361,SKU-RAW-00361,Titanium Plates Grade-B-361,Raw Metallurgy,KG,43.44,48.82,592,2100,4231,250,26,False,SUP-0092,SUP-0007,2025-01-01T00:00:00
MAT-00362,SKU-RAW-00362,Sheet Metal Stainless 304 Grade-A-362,Raw Metallurgy,KG,132.42,151.24,1196,3780,5309,250,38,True,SUP-0002,SUP-0059,2025-01-01T00:00:00
MAT-00363,SKU-MEC-00363,Hydraulic Valves Grade-Commercial-363,Mechanical & Machining,BOX,21.77,22.75,62,172,279,1000,22,False,SUP-0011,SUP-0077,2025-01-01T00:00:00
MAT-00364,SKU-PAC-00364,Hex Flange Bolts M8 Grade-A-364,Packaging & Hardware,KG,38.16,37.38,213,600,983,25,43,False,SUP-0005,SUP-0019,2025-01-01T00:00:00
MAT-00365,SKU-ELE-00365,Microcontrollers Grade-MilSpec-365,Electronic Components,KG,52.41,51.48,1157,4433,7821,500,42,False,SUP-0085,SUP-0089,2025-01-01T00:00:00
MAT-00366,SKU-RAW-00366,Aluminum Billets 6061 Grade-A-366,Raw Metallurgy,METER,15.78,16.01,791,3269,5807,25,42,False,SUP-0105,SUP-0009,2025-01-01T00:00:00
MAT-00367,SKU-RAW-00367,Carbon Steel Bars Grade-Commercial-367,Raw Metallurgy,LITER,31.39,33.11,401,1175,2236,25,43,False,SUP-0079,SUP-0008,2025-01-01T00:00:00
MAT-00368,SKU-POL-00368,Epoxy Adhesives Grade-Industrial-368,Polymers & Chemical,LITER,24.87,26.65,363,1113,2000,1000,15,False,SUP-0068,SUP-0074,2025-01-01T00:00:00
MAT-00369,SKU-POL-00369,Industrial Lubricants Grade-B-369,Polymers & Chemical,SET,27.32,27.23,70,230,468,1000,8,False,SUP-0025,SUP-0001,2025-01-01T00:00:00
MAT-00370,SKU-MEC-00370,Bearings Grade-MilSpec-370,Mechanical & Machining,LITER,10.48,10.05,110,334,651,100,7,False,SUP-0104,SUP-0082,2025-01-01T00:00:00
MAT-00371,SKU-ELE-00371,Sensors Grade-Industrial-371,Electronic Components,SET,25.2,26.71,551,1867,3463,25,28,False,SUP-0015,SUP-0088,2025-01-01T00:00:00
MAT-00372,SKU-MEC-00372,Hydraulic Valves Grade-Industrial-372,Mechanical & Machining,METER,42.43,48.13,60,195,370,500,15,False,SUP-0061,SUP-0103,2025-01-01T00:00:00
MAT-00373,SKU-RAW-00373,Copper Rods Grade-MilSpec-373,Raw Metallurgy,BOX,121.06,116.36,870,2760,4323,1000,42,False,SUP-0073,SUP-0093,2025-01-01T00:00:00
MAT-00374,SKU-RAW-00374,Carbon Steel Bars Grade-A-374,Raw Metallurgy,KG,70.47,70.9,538,1656,2566,25,43,True,SUP-0081,SUP-0069,2025-01-01T00:00:00
MAT-00375,SKU-RAW-00375,Carbon Steel Bars Grade-A-375,Raw Metallurgy,METER,262.04,270.63,588,2200,3612,25,26,False,SUP-0031,SUP-0048,2025-01-01T00:00:00
MAT-00376,SKU-RAW-00376,Aluminum Billets 6061 Grade-B-376,Raw Metallurgy,PCS,10.55,10.96,183,639,1141,500,19,True,SUP-0068,,2025-01-01T00:00:00
MAT-00377,SKU-RAW-00377,Carbon Steel Bars Grade-B-377,Raw Metallurgy,PCS,64.04,71.37,122,401,790,500,9,False,SUP-0087,SUP-0017,2025-01-01T00:00:00
MAT-00378,SKU-ELE-00378,Microcontrollers Grade-Industrial-378,Electronic Components,PCS,30.01,32.63,190,766,1541,1000,9,False,SUP-0012,SUP-0043,2025-01-01T00:00:00
MAT-00379,SKU-RAW-00379,Aluminum Billets 6061 Grade-Commercial-379,Raw Metallurgy,METER,272.81,294.03,452,1436,2898,1000,24,False,SUP-0026,SUP-0025,2025-01-01T00:00:00
MAT-00380,SKU-ELE-00380,Sensors Grade-B-380,Electronic Components,KG,10.08,10.13,514,1785,2953,50,41,True,SUP-0066,SUP-0014,2025-01-01T00:00:00
MAT-00381,SKU-RAW-00381,Titanium Plates Grade-B-381,Raw Metallurgy,KG,9.74,9.39,206,816,1449,1000,10,False,SUP-0044,SUP-0070,2025-01-01T00:00:00
MAT-00382,SKU-ELE-00382,Microcontrollers Grade-MilSpec-382,Electronic Components,PCS,12.69,12.27,1357,4157,6858,50,35,False,SUP-0091,SUP-0077,2025-01-01T00:00:00
MAT-00383,SKU-PAC-00383,Corrugated Heavy Boxes Grade-MilSpec-383,Packaging & Hardware,SET,2.37,2.31,363,1195,2327,1000,13,False,SUP-0118,SUP-0090,2025-01-01T00:00:00
MAT-00384,SKU-POL-00384,Industrial Lubricants Grade-B-384,Polymers & Chemical,KG,13.76,13.47,579,2211,4717,100,32,False,SUP-0034,SUP-0117,2025-01-01T00:00:00
MAT-00385,SKU-RAW-00385,Copper Rods Grade-MilSpec-385,Raw Metallurgy,PCS,10.64,10.25,572,1761,2644,25,29,True,SUP-0019,,2025-01-01T00:00:00
MAT-00386,SKU-POL-00386,ABS Resin Pellets Grade-Industrial-386,Polymers & Chemical,SET,28.95,31.26,1044,3508,6653,500,44,False,SUP-0069,SUP-0060,2025-01-01T00:00:00
MAT-00387,SKU-MEC-00387,Gears Grade-MilSpec-387,Mechanical & Machining,PCS,35.73,36.38,1383,3963,7274,50,43,False,SUP-0076,SUP-0056,2025-01-01T00:00:00
MAT-00388,SKU-MEC-00388,CNC Castings Grade-Commercial-388,Mechanical & Machining,LITER,193.21,187.97,209,804,1740,25,35,False,SUP-0042,SUP-0072,2025-01-01T00:00:00
MAT-00389,SKU-PAC-00389,Corrugated Heavy Boxes Grade-Commercial-389,Packaging & Hardware,LITER,69.79,70.87,271,751,1594,1000,15,False,SUP-0008,SUP-0012,2025-01-01T00:00:00
MAT-00390,SKU-ELE-00390,Capacitors Grade-B-390,Electronic Components,LITER,13.01,13.74,302,902,1491,500,20,False,SUP-0074,SUP-0058,2025-01-01T00:00:00
MAT-00391,SKU-RAW-00391,Copper Rods Grade-Industrial-391,Raw Metallurgy,PCS,9.13,9.74,167,692,1467,25,25,False,SUP-0066,SUP-0052,2025-01-01T00:00:00
MAT-00392,SKU-ELE-00392,Connectors Grade-Industrial-392,Electronic Components,PCS,42.14,47.29,1248,3808,7499,250,32,False,SUP-0031,SUP-0056,2025-01-01T00:00:00
MAT-00393,SKU-POL-00393,Industrial Lubricants Grade-Commercial-393,Polymers & Chemical,KG,5.74,6.21,894,2514,3829,1000,30,False,SUP-0025,SUP-0072,2025-01-01T00:00:00
MAT-00394,SKU-MEC-00394,Hydraulic Valves Grade-A-394,Mechanical & Machining,PCS,183.94,198.6,292,1192,2281,250,15,False,SUP-0114,SUP-0063,2025-01-01T00:00:00
MAT-00395,SKU-POL-00395,Epoxy Adhesives Grade-MilSpec-395,Polymers & Chemical,SET,89.78,88.52,781,2703,4185,500,31,False,SUP-0071,SUP-0105,2025-01-01T00:00:00
MAT-00396,SKU-ELE-00396,Connectors Grade-MilSpec-396,Electronic Components,BOX,14.64,14.6,1304,4486,9791,500,43,False,SUP-0053,SUP-0119,2025-01-01T00:00:00
MAT-00397,SKU-POL-00397,Silicone Gaskets Grade-A-397,Polymers & Chemical,SET,3.73,3.9,759,2487,3637,500,24,False,SUP-0019,SUP-0094,2025-01-01T00:00:00
MAT-00398,SKU-ELE-00398,Capacitors Grade-MilSpec-398,Electronic Components,BOX,108.77,119.47,1282,4538,6544,100,44,False,SUP-0010,SUP-0088,2025-01-01T00:00:00
MAT-00399,SKU-PAC-00399,Corrugated Heavy Boxes Grade-MilSpec-399,Packaging & Hardware,LITER,21.63,22.77,989,2671,5445,100,29,False,SUP-0094,SUP-0043,2025-01-01T00:00:00
MAT-00400,SKU-MEC-00400,CNC Castings Grade-Commercial-400,Mechanical & Machining,BOX,95.74,96.78,1003,3863,5567,100,44,False,SUP-0034,SUP-0008,2025-01-01T00:00:00
MAT-00401,SKU-PAC-00401,Corrugated Heavy Boxes Grade-Industrial-401,Packaging & Hardware,LITER,4.25,4.11,312,1232,2001,100,23,False,SUP-0109,SUP-0101,2025-01-01T00:00:00
MAT-00402,SKU-ELE-00402,Microcontrollers Grade-Commercial-402,Electronic Components,KG,12.69,14.37,354,1290,2529,250,18,False,SUP-0085,SUP-0058,2025-01-01T00:00:00
MAT-00403,SKU-MEC-00403,Bearings Grade-A-403,Mechanical & Machining,METER,24.67,28.29,479,1391,2406,250,38,False,SUP-0077,SUP-0120,2025-01-01T00:00:00
MAT-00404,SKU-MEC-00404,Gears Grade-B-404,Mechanical & Machining,KG,25.83,27.52,167,699,1238,250,14,False,SUP-0007,SUP-0083,2025-01-01T00:00:00
MAT-00405,SKU-RAW-00405,Copper Rods Grade-Commercial-405,Raw Metallurgy,KG,14.95,15.34,516,1436,2024,250,40,False,SUP-0061,SUP-0034,2025-01-01T00:00:00
MAT-00406,SKU-POL-00406,Silicone Gaskets Grade-Commercial-406,Polymers & Chemical,BOX,48.67,55.54,576,2016,3253,25,24,True,SUP-0046,SUP-0109,2025-01-01T00:00:00
MAT-00407,SKU-RAW-00407,Titanium Plates Grade-MilSpec-407,Raw Metallurgy,LITER,7.58,8.37,693,2213,4298,50,19,False,SUP-0094,SUP-0087,2025-01-01T00:00:00
MAT-00408,SKU-RAW-00408,Titanium Plates Grade-A-408,Raw Metallurgy,BOX,20.98,19.97,255,885,1752,100,35,True,SUP-0068,,2025-01-01T00:00:00
MAT-00409,SKU-MEC-00409,CNC Castings Grade-A-409,Mechanical & Machining,SET,28.0,27.11,707,2147,4221,25,45,False,SUP-0085,SUP-0115,2025-01-01T00:00:00
MAT-00410,SKU-ELE-00410,Connectors Grade-B-410,Electronic Components,LITER,43.2,46.71,199,591,947,250,14,False,SUP-0073,SUP-0103,2025-01-01T00:00:00
MAT-00411,SKU-ELE-00411,PCBs Grade-Industrial-411,Electronic Components,LITER,53.67,58.42,336,965,1565,25,17,False,SUP-0099,SUP-0042,2025-01-01T00:00:00
MAT-00412,SKU-POL-00412,Industrial Lubricants Grade-Industrial-412,Polymers & Chemical,PCS,7.12,7.13,293,787,1228,250,38,False,SUP-0023,SUP-0057,2025-01-01T00:00:00
MAT-00413,SKU-MEC-00413,Gears Grade-A-413,Mechanical & Machining,KG,4.54,4.8,324,954,1414,25,35,False,SUP-0079,SUP-0083,2025-01-01T00:00:00
MAT-00414,SKU-ELE-00414,Connectors Grade-Industrial-414,Electronic Components,LITER,100.03,95.4,22,67,108,1000,9,False,SUP-0084,SUP-0082,2025-01-01T00:00:00
MAT-00415,SKU-RAW-00415,Copper Rods Grade-Commercial-415,Raw Metallurgy,PCS,35.36,37.24,1062,2982,6037,25,32,False,SUP-0063,SUP-0062,2025-01-01T00:00:00
MAT-00416,SKU-PAC-00416,Hex Flange Bolts M8 Grade-A-416,Packaging & Hardware,LITER,10.77,12.29,1832,4989,8417,1000,41,False,SUP-0062,SUP-0016,2025-01-01T00:00:00
MAT-00417,SKU-RAW-00417,Copper Rods Grade-A-417,Raw Metallurgy,BOX,135.13,155.32,318,894,1795,100,12,False,SUP-0047,SUP-0069,2025-01-01T00:00:00
MAT-00418,SKU-MEC-00418,Hydraulic Valves Grade-Commercial-418,Mechanical & Machining,PCS,27.86,31.86,343,1045,1763,25,13,False,SUP-0039,SUP-0090,2025-01-01T00:00:00
MAT-00419,SKU-POL-00419,Polycarbonate Sheets Grade-B-419,Polymers & Chemical,PCS,89.77,88.75,662,2739,5019,100,31,False,SUP-0076,SUP-0031,2025-01-01T00:00:00
MAT-00420,SKU-POL-00420,Epoxy Adhesives Grade-MilSpec-420,Polymers & Chemical,PCS,26.42,25.29,216,616,1191,250,20,True,SUP-0006,SUP-0052,2025-01-01T00:00:00
MAT-00421,SKU-PAC-00421,Hex Flange Bolts M8 Grade-Commercial-421,Packaging & Hardware,KG,236.71,268.66,218,803,1540,25,9,True,SUP-0052,,2025-01-01T00:00:00
MAT-00422,SKU-MEC-00422,CNC Castings Grade-Industrial-422,Mechanical & Machining,PCS,169.17,176.15,113,365,744,50,14,False,SUP-0076,SUP-0009,2025-01-01T00:00:00
MAT-00423,SKU-ELE-00423,Capacitors Grade-MilSpec-423,Electronic Components,METER,18.66,20.76,381,1025,1907,50,14,False,SUP-0087,SUP-0052,2025-01-01T00:00:00
MAT-00424,SKU-RAW-00424,Sheet Metal Stainless 304 Grade-A-424,Raw Metallurgy,SET,71.43,70.34,363,1143,2001,500,30,True,SUP-0012,,2025-01-01T00:00:00
MAT-00425,SKU-ELE-00425,Capacitors Grade-A-425,Electronic Components,BOX,49.89,53.51,242,1046,1614,25,12,False,SUP-0003,SUP-0113,2025-01-01T00:00:00
MAT-00426,SKU-PAC-00426,Vibration Dampers Grade-MilSpec-426,Packaging & Hardware,BOX,110.55,122.87,244,740,1345,250,16,False,SUP-0089,SUP-0017,2025-01-01T00:00:00
MAT-00427,SKU-MEC-00427,Hydraulic Valves Grade-Commercial-427,Mechanical & Machining,BOX,8.49,8.13,168,584,819,50,26,False,SUP-0064,SUP-0079,2025-01-01T00:00:00
MAT-00428,SKU-MEC-00428,CNC Castings Grade-Commercial-428,Mechanical & Machining,PCS,52.18,56.03,630,1818,3504,100,36,False,SUP-0070,SUP-0065,2025-01-01T00:00:00
MAT-00429,SKU-ELE-00429,Capacitors Grade-A-429,Electronic Components,KG,78.59,85.43,229,688,986,1000,17,False,SUP-0061,SUP-0064,2025-01-01T00:00:00
MAT-00430,SKU-RAW-00430,Carbon Steel Bars Grade-B-430,Raw Metallurgy,LITER,3.54,3.54,187,754,1087,500,9,False,SUP-0114,SUP-0098,2025-01-01T00:00:00
MAT-00431,SKU-MEC-00431,Hydraulic Valves Grade-A-431,Mechanical & Machining,LITER,6.68,7.03,1400,4920,7670,1000,44,True,SUP-0096,,2025-01-01T00:00:00
MAT-00432,SKU-RAW-00432,Sheet Metal Stainless 304 Grade-A-432,Raw Metallurgy,METER,2.6,2.59,527,1457,2125,500,31,False,SUP-0053,SUP-0112,2025-01-01T00:00:00
MAT-00433,SKU-POL-00433,ABS Resin Pellets Grade-MilSpec-433,Polymers & Chemical,KG,18.24,18.12,341,1121,1743,100,15,False,SUP-0023,SUP-0050,2025-01-01T00:00:00
MAT-00434,SKU-RAW-00434,Sheet Metal Stainless 304 Grade-Industrial-434,Raw Metallurgy,KG,54.02,51.67,299,983,1510,100,36,False,SUP-0036,SUP-0018,2025-01-01T00:00:00
MAT-00435,SKU-MEC-00435,Shafts Grade-Commercial-435,Mechanical & Machining,KG,128.07,141.89,660,1778,3705,25,43,False,SUP-0079,SUP-0116,2025-01-01T00:00:00
MAT-00436,SKU-POL-00436,Epoxy Adhesives Grade-MilSpec-436,Polymers & Chemical,KG,26.62,28.44,485,1783,3115,50,22,False,SUP-0036,SUP-0002,2025-01-01T00:00:00
MAT-00437,SKU-PAC-00437,Hex Flange Bolts M8 Grade-Commercial-437,Packaging & Hardware,PCS,147.15,152.09,265,886,1519,1000,9,True,SUP-0094,SUP-0099,2025-01-01T00:00:00
MAT-00438,SKU-ELE-00438,PCBs Grade-MilSpec-438,Electronic Components,KG,5.38,5.2,387,1527,2499,1000,20,False,SUP-0089,SUP-0094,2025-01-01T00:00:00
MAT-00439,SKU-ELE-00439,Microcontrollers Grade-MilSpec-439,Electronic Components,BOX,3.77,3.81,374,1006,1781,50,8,False,SUP-0110,SUP-0074,2025-01-01T00:00:00
MAT-00440,SKU-POL-00440,Polycarbonate Sheets Grade-Industrial-440,Polymers & Chemical,BOX,23.08,24.07,246,680,1133,25,31,False,SUP-0111,SUP-0081,2025-01-01T00:00:00
MAT-00441,SKU-RAW-00441,Copper Rods Grade-Industrial-441,Raw Metallurgy,BOX,37.43,42.64,218,638,921,1000,28,False,SUP-0102,SUP-0027,2025-01-01T00:00:00
MAT-00442,SKU-RAW-00442,Aluminum Billets 6061 Grade-A-442,Raw Metallurgy,LITER,23.67,24.22,579,1713,3166,50,42,False,SUP-0047,,2025-01-01T00:00:00
MAT-00443,SKU-MEC-00443,Shafts Grade-B-443,Mechanical & Machining,SET,2.52,2.45,257,908,1923,500,21,False,SUP-0097,SUP-0075,2025-01-01T00:00:00
MAT-00444,SKU-POL-00444,Silicone Gaskets Grade-A-444,Polymers & Chemical,PCS,22.24,22.79,379,1119,2173,500,37,False,SUP-0065,SUP-0068,2025-01-01T00:00:00
MAT-00445,SKU-RAW-00445,Copper Rods Grade-Commercial-445,Raw Metallurgy,METER,5.84,6.48,140,387,683,25,19,False,SUP-0104,SUP-0114,2025-01-01T00:00:00
MAT-00446,SKU-POL-00446,Polycarbonate Sheets Grade-Industrial-446,Polymers & Chemical,PCS,51.25,49.81,611,1699,3086,1000,16,False,SUP-0090,SUP-0019,2025-01-01T00:00:00
MAT-00447,SKU-ELE-00447,Sensors Grade-MilSpec-447,Electronic Components,BOX,36.72,38.86,189,677,981,50,8,False,SUP-0045,SUP-0054,2025-01-01T00:00:00
MAT-00448,SKU-PAC-00448,Vibration Dampers Grade-MilSpec-448,Packaging & Hardware,SET,8.72,8.88,1768,4968,8724,100,40,False,SUP-0042,SUP-0063,2025-01-01T00:00:00
MAT-00449,SKU-PAC-00449,Hex Flange Bolts M8 Grade-Industrial-449,Packaging & Hardware,KG,13.94,15.44,71,247,435,50,16,False,SUP-0048,SUP-0037,2025-01-01T00:00:00
MAT-00450,SKU-PAC-00450,Hex Flange Bolts M8 Grade-Commercial-450,Packaging & Hardware,METER,7.65,7.55,151,559,801,100,17,False,SUP-0091,SUP-0089,2025-01-01T00:00:00
MAT-00451,SKU-PAC-00451,Hex Flange Bolts M8 Grade-MilSpec-451,Packaging & Hardware,METER,22.9,23.45,449,1754,3084,50,29,False,SUP-0091,SUP-0005,2025-01-01T00:00:00
MAT-00452,SKU-PAC-00452,Vibration Dampers Grade-A-452,Packaging & Hardware,PCS,70.15,72.32,216,936,1863,500,16,False,SUP-0019,SUP-0059,2025-01-01T00:00:00
MAT-00453,SKU-RAW-00453,Carbon Steel Bars Grade-MilSpec-453,Raw Metallurgy,METER,8.3,9.49,512,1501,3208,100,43,False,SUP-0074,SUP-0086,2025-01-01T00:00:00
MAT-00454,SKU-ELE-00454,PCBs Grade-A-454,Electronic Components,KG,42.71,46.37,589,2387,3446,1000,29,True,SUP-0095,,2025-01-01T00:00:00
MAT-00455,SKU-MEC-00455,Bearings Grade-Commercial-455,Mechanical & Machining,KG,13.69,15.14,341,956,1856,25,41,False,SUP-0026,SUP-0003,2025-01-01T00:00:00
MAT-00456,SKU-PAC-00456,Antistatic Foam Grade-B-456,Packaging & Hardware,LITER,10.26,10.4,562,2194,4570,100,32,False,SUP-0008,SUP-0117,2025-01-01T00:00:00
MAT-00457,SKU-POL-00457,Silicone Gaskets Grade-A-457,Polymers & Chemical,METER,21.81,22.22,332,1244,2625,1000,12,False,SUP-0058,SUP-0112,2025-01-01T00:00:00
MAT-00458,SKU-POL-00458,Industrial Lubricants Grade-Industrial-458,Polymers & Chemical,KG,7.86,8.73,479,1349,2533,50,15,False,SUP-0055,SUP-0094,2025-01-01T00:00:00
MAT-00459,SKU-MEC-00459,Shafts Grade-MilSpec-459,Mechanical & Machining,SET,13.34,15.31,47,159,338,250,7,True,SUP-0097,SUP-0049,2025-01-01T00:00:00
MAT-00460,SKU-MEC-00460,Bearings Grade-MilSpec-460,Mechanical & Machining,BOX,6.57,6.99,617,1942,2784,100,25,False,SUP-0026,SUP-0024,2025-01-01T00:00:00
MAT-00461,SKU-PAC-00461,Vibration Dampers Grade-MilSpec-461,Packaging & Hardware,SET,212.98,233.85,215,767,1466,1000,23,False,SUP-0102,SUP-0001,2025-01-01T00:00:00
MAT-00462,SKU-POL-00462,ABS Resin Pellets Grade-Industrial-462,Polymers & Chemical,LITER,25.5,25.14,59,171,306,25,14,False,SUP-0083,SUP-0032,2025-01-01T00:00:00
MAT-00463,SKU-PAC-00463,Vibration Dampers Grade-Commercial-463,Packaging & Hardware,LITER,11.36,12.08,374,1284,2550,25,14,False,SUP-0081,SUP-0088,2025-01-01T00:00:00
MAT-00464,SKU-RAW-00464,Sheet Metal Stainless 304 Grade-Commercial-464,Raw Metallurgy,PCS,31.04,30.4,268,1118,1888,1000,17,False,SUP-0089,SUP-0018,2025-01-01T00:00:00
MAT-00465,SKU-RAW-00465,Aluminum Billets 6061 Grade-Industrial-465,Raw Metallurgy,METER,21.68,22.89,174,538,825,100,13,False,SUP-0066,SUP-0025,2025-01-01T00:00:00
MAT-00466,SKU-RAW-00466,Carbon Steel Bars Grade-Industrial-466,Raw Metallurgy,BOX,19.24,20.96,243,1043,1892,100,16,False,SUP-0069,SUP-0075,2025-01-01T00:00:00
MAT-00467,SKU-POL-00467,Industrial Lubricants Grade-Industrial-467,Polymers & Chemical,KG,48.21,46.79,589,1807,3731,500,42,False,SUP-0029,SUP-0107,2025-01-01T00:00:00
MAT-00468,SKU-PAC-00468,Thermal Pallet Wraps Grade-A-468,Packaging & Hardware,LITER,56.44,58.82,753,2667,4507,250,29,True,SUP-0119,SUP-0003,2025-01-01T00:00:00
MAT-00469,SKU-PAC-00469,Thermal Pallet Wraps Grade-Industrial-469,Packaging & Hardware,KG,13.69,14.95,189,672,1053,25,21,True,SUP-0029,SUP-0017,2025-01-01T00:00:00
MAT-00470,SKU-POL-00470,ABS Resin Pellets Grade-A-470,Polymers & Chemical,PCS,13.02,14.39,87,249,450,25,9,False,SUP-0006,SUP-0026,2025-01-01T00:00:00
MAT-00471,SKU-POL-00471,ABS Resin Pellets Grade-Industrial-471,Polymers & Chemical,PCS,18.13,17.46,325,1225,2598,50,45,False,SUP-0097,SUP-0013,2025-01-01T00:00:00
MAT-00472,SKU-RAW-00472,Aluminum Billets 6061 Grade-A-472,Raw Metallurgy,KG,1.95,2.18,473,1323,2678,500,17,False,SUP-0075,SUP-0045,2025-01-01T00:00:00
MAT-00473,SKU-MEC-00473,Bearings Grade-Commercial-473,Mechanical & Machining,PCS,4.63,4.49,358,966,1485,500,19,False,SUP-0002,SUP-0068,2025-01-01T00:00:00
MAT-00474,SKU-ELE-00474,Microcontrollers Grade-B-474,Electronic Components,SET,110.34,123.61,492,1472,2187,100,35,False,SUP-0090,SUP-0076,2025-01-01T00:00:00
MAT-00475,SKU-POL-00475,Industrial Lubricants Grade-B-475,Polymers & Chemical,SET,149.82,149.15,258,1018,2045,1000,40,True,SUP-0016,SUP-0060,2025-01-01T00:00:00
MAT-00476,SKU-RAW-00476,Titanium Plates Grade-A-476,Raw Metallurgy,PCS,18.65,18.94,597,1878,3065,250,21,True,SUP-0082,,2025-01-01T00:00:00
MAT-00477,SKU-MEC-00477,CNC Castings Grade-MilSpec-477,Mechanical & Machining,BOX,46.26,47.35,879,2804,5443,25,35,True,SUP-0087,SUP-0014,2025-01-01T00:00:00
MAT-00478,SKU-MEC-00478,Gears Grade-MilSpec-478,Mechanical & Machining,BOX,34.55,36.9,389,1358,2547,250,19,True,SUP-0022,SUP-0009,2025-01-01T00:00:00
MAT-00479,SKU-ELE-00479,Capacitors Grade-MilSpec-479,Electronic Components,BOX,725.43,761.57,1011,2931,5981,250,24,False,SUP-0099,SUP-0075,2025-01-01T00:00:00
MAT-00480,SKU-RAW-00480,Copper Rods Grade-Commercial-480,Raw Metallurgy,LITER,84.06,96.46,275,1094,1959,50,13,False,SUP-0019,SUP-0099,2025-01-01T00:00:00
MAT-00481,SKU-MEC-00481,CNC Castings Grade-A-481,Mechanical & Machining,BOX,21.31,20.47,287,1023,1942,25,16,True,SUP-0023,SUP-0049,2025-01-01T00:00:00
MAT-00482,SKU-PAC-00482,Antistatic Foam Grade-MilSpec-482,Packaging & Hardware,KG,8.58,8.65,1124,3196,5856,25,28,False,SUP-0065,SUP-0034,2025-01-01T00:00:00
MAT-00483,SKU-ELE-00483,PCBs Grade-A-483,Electronic Components,LITER,4.19,4.36,28,109,210,100,9,False,SUP-0057,SUP-0059,2025-01-01T00:00:00
MAT-00484,SKU-MEC-00484,Gears Grade-MilSpec-484,Mechanical & Machining,KG,30.69,31.07,1457,4383,8539,500,38,False,SUP-0098,SUP-0015,2025-01-01T00:00:00
MAT-00485,SKU-POL-00485,Industrial Lubricants Grade-Commercial-485,Polymers & Chemical,KG,10.68,11.23,814,2351,3826,25,29,False,SUP-0064,SUP-0076,2025-01-01T00:00:00
MAT-00486,SKU-ELE-00486,Connectors Grade-A-486,Electronic Components,KG,5.13,5.73,92,316,550,100,28,False,SUP-0095,SUP-0075,2025-01-01T00:00:00
MAT-00487,SKU-POL-00487,Silicone Gaskets Grade-A-487,Polymers & Chemical,BOX,12.05,12.04,92,257,383,50,11,False,SUP-0040,SUP-0076,2025-01-01T00:00:00
MAT-00488,SKU-ELE-00488,Connectors Grade-Industrial-488,Electronic Components,PCS,7.47,7.79,426,1818,3228,25,24,False,SUP-0073,SUP-0066,2025-01-01T00:00:00
MAT-00489,SKU-RAW-00489,Copper Rods Grade-Commercial-489,Raw Metallurgy,LITER,156.94,159.21,822,2646,5323,100,38,True,SUP-0095,,2025-01-01T00:00:00
MAT-00490,SKU-MEC-00490,Bearings Grade-Industrial-490,Mechanical & Machining,METER,64.7,74.01,209,783,1262,100,41,False,SUP-0082,SUP-0109,2025-01-01T00:00:00
MAT-00491,SKU-PAC-00491,Antistatic Foam Grade-B-491,Packaging & Hardware,SET,24.32,26.72,368,1520,3102,250,24,True,SUP-0013,SUP-0076,2025-01-01T00:00:00
MAT-00492,SKU-POL-00492,Polycarbonate Sheets Grade-Industrial-492,Polymers & Chemical,PCS,124.95,134.98,969,3429,5937,100,41,False,SUP-0103,SUP-0039,2025-01-01T00:00:00
MAT-00493,SKU-PAC-00493,Thermal Pallet Wraps Grade-MilSpec-493,Packaging & Hardware,BOX,26.71,29.45,604,1882,2955,1000,18,False,SUP-0003,SUP-0081,2025-01-01T00:00:00
MAT-00494,SKU-POL-00494,Silicone Gaskets Grade-Commercial-494,Polymers & Chemical,SET,9.51,10.66,172,652,1154,50,40,False,SUP-0120,SUP-0073,2025-01-01T00:00:00
MAT-00495,SKU-MEC-00495,Shafts Grade-MilSpec-495,Mechanical & Machining,LITER,131.03,132.83,388,1411,2299,50,33,False,SUP-0009,SUP-0082,2025-01-01T00:00:00
MAT-00496,SKU-RAW-00496,Titanium Plates Grade-B-496,Raw Metallurgy,LITER,44.38,44.28,705,2289,5019,250,36,False,SUP-0004,SUP-0032,2025-01-01T00:00:00
MAT-00497,SKU-ELE-00497,Capacitors Grade-B-497,Electronic Components,METER,7.84,7.66,665,2015,2889,1000,18,False,SUP-0103,SUP-0036,2025-01-01T00:00:00
MAT-00498,SKU-POL-00498,ABS Resin Pellets Grade-A-498,Polymers & Chemical,PCS,19.9,20.15,857,2567,5412,250,30,False,SUP-0009,SUP-0116,2025-01-01T00:00:00
MAT-00499,SKU-MEC-00499,Hydraulic Valves Grade-A-499,Mechanical & Machining,SET,9.36,10.27,1186,4346,9159,50,40,False,SUP-0067,SUP-0086,2025-01-01T00:00:00
MAT-00500,SKU-PAC-00500,Corrugated Heavy Boxes Grade-Industrial-500,Packaging & Hardware,METER,5.36,5.98,434,1624,2412,50,34,False,SUP-0104,SUP-0096,2025-01-01T00:00:00
MAT-00501,SKU-RAW-00501,Copper Rods Grade-MilSpec-501,Raw Metallurgy,METER,67.95,76.28,788,2633,5124,100,41,True,SUP-0090,SUP-0015,2025-01-01T00:00:00
MAT-00502,SKU-MEC-00502,Shafts Grade-MilSpec-502,Mechanical & Machining,BOX,200.41,205.13,45,135,274,50,10,False,SUP-0083,SUP-0116,2025-01-01T00:00:00
MAT-00503,SKU-RAW-00503,Titanium Plates Grade-MilSpec-503,Raw Metallurgy,METER,5.27,5.68,459,1279,2668,250,41,False,SUP-0116,SUP-0104,2025-01-01T00:00:00
MAT-00504,SKU-ELE-00504,PCBs Grade-Industrial-504,Electronic Components,METER,45.57,44.11,302,829,1579,1000,17,False,SUP-0031,SUP-0039,2025-01-01T00:00:00
MAT-00505,SKU-POL-00505,ABS Resin Pellets Grade-Industrial-505,Polymers & Chemical,PCS,11.99,13.36,822,2418,5081,25,28,False,SUP-0061,SUP-0095,2025-01-01T00:00:00
MAT-00506,SKU-MEC-00506,Shafts Grade-Commercial-506,Mechanical & Machining,PCS,14.36,14.65,842,2498,5019,1000,36,False,SUP-0105,SUP-0071,2025-01-01T00:00:00
MAT-00507,SKU-MEC-00507,Gears Grade-B-507,Mechanical & Machining,PCS,12.79,13.18,72,282,511,1000,14,False,SUP-0041,SUP-0074,2025-01-01T00:00:00
MAT-00508,SKU-MEC-00508,Bearings Grade-MilSpec-508,Mechanical & Machining,METER,9.48,9.86,651,1839,3750,50,44,False,SUP-0018,SUP-0034,2025-01-01T00:00:00
MAT-00509,SKU-ELE-00509,PCBs Grade-Industrial-509,Electronic Components,KG,25.88,26.62,501,2139,3033,500,21,False,SUP-0107,SUP-0114,2025-01-01T00:00:00
MAT-00510,SKU-PAC-00510,Hex Flange Bolts M8 Grade-A-510,Packaging & Hardware,LITER,9.84,9.74,914,2818,4281,100,34,False,SUP-0022,SUP-0007,2025-01-01T00:00:00
MAT-00511,SKU-MEC-00511,Bearings Grade-A-511,Mechanical & Machining,PCS,33.03,36.13,803,3197,6300,50,38,False,SUP-0118,SUP-0119,2025-01-01T00:00:00
MAT-00512,SKU-RAW-00512,Carbon Steel Bars Grade-MilSpec-512,Raw Metallurgy,LITER,23.21,22.65,331,1110,1916,50,19,False,SUP-0077,SUP-0028,2025-01-01T00:00:00
MAT-00513,SKU-ELE-00513,Sensors Grade-Industrial-513,Electronic Components,KG,18.86,20.25,229,985,1483,100,12,False,SUP-0048,SUP-0075,2025-01-01T00:00:00
MAT-00514,SKU-POL-00514,Polycarbonate Sheets Grade-MilSpec-514,Polymers & Chemical,BOX,9.04,9.35,239,999,2142,250,10,False,SUP-0010,SUP-0013,2025-01-01T00:00:00
MAT-00515,SKU-RAW-00515,Titanium Plates Grade-Commercial-515,Raw Metallurgy,BOX,13.01,14.31,689,2065,3109,500,32,True,SUP-0012,,2025-01-01T00:00:00
MAT-00516,SKU-ELE-00516,Connectors Grade-B-516,Electronic Components,METER,56.31,55.41,313,1273,2505,250,15,False,SUP-0044,SUP-0113,2025-01-01T00:00:00
MAT-00517,SKU-MEC-00517,Shafts Grade-A-517,Mechanical & Machining,METER,42.56,40.81,693,1893,3078,100,30,False,SUP-0112,SUP-0107,2025-01-01T00:00:00
MAT-00518,SKU-PAC-00518,Vibration Dampers Grade-Commercial-518,Packaging & Hardware,METER,8.37,8.68,560,1568,3019,250,42,False,SUP-0095,SUP-0063,2025-01-01T00:00:00
MAT-00519,SKU-ELE-00519,Capacitors Grade-B-519,Electronic Components,PCS,27.37,27.26,502,1342,2874,25,14,True,SUP-0096,,2025-01-01T00:00:00
MAT-00520,SKU-POL-00520,Silicone Gaskets Grade-Commercial-520,Polymers & Chemical,LITER,56.07,58.4,212,800,1301,50,12,True,SUP-0019,SUP-0016,2025-01-01T00:00:00
MAT-00521,SKU-PAC-00521,Vibration Dampers Grade-Commercial-521,Packaging & Hardware,BOX,3.91,4.17,596,2000,2922,250,18,False,SUP-0001,SUP-0068,2025-01-01T00:00:00
MAT-00522,SKU-ELE-00522,Sensors Grade-A-522,Electronic Components,METER,44.6,48.45,573,1613,2456,25,13,False,SUP-0051,SUP-0048,2025-01-01T00:00:00
MAT-00523,SKU-POL-00523,Industrial Lubricants Grade-MilSpec-523,Polymers & Chemical,BOX,11.84,13.51,139,489,970,1000,35,False,SUP-0001,SUP-0043,2025-01-01T00:00:00
MAT-00524,SKU-PAC-00524,Hex Flange Bolts M8 Grade-B-524,Packaging & Hardware,PCS,45.95,51.02,344,932,1589,250,42,False,SUP-0103,SUP-0008,2025-01-01T00:00:00
MAT-00525,SKU-RAW-00525,Sheet Metal Stainless 304 Grade-B-525,Raw Metallurgy,LITER,10.6,10.26,691,2091,4523,50,25,False,SUP-0021,SUP-0050,2025-01-01T00:00:00
MAT-00526,SKU-ELE-00526,Sensors Grade-MilSpec-526,Electronic Components,LITER,3.37,3.7,304,913,1885,500,29,False,SUP-0116,SUP-0088,2025-01-01T00:00:00
MAT-00527,SKU-MEC-00527,Gears Grade-MilSpec-527,Mechanical & Machining,LITER,4.09,4.28,856,2626,4588,250,30,False,SUP-0055,SUP-0012,2025-01-01T00:00:00
MAT-00528,SKU-ELE-00528,Microcontrollers Grade-Commercial-528,Electronic Components,METER,25.87,29.61,417,1329,2548,25,38,False,SUP-0083,SUP-0088,2025-01-01T00:00:00
MAT-00529,SKU-RAW-00529,Copper Rods Grade-MilSpec-529,Raw Metallurgy,PCS,32.65,36.94,432,1378,2254,25,22,False,SUP-0020,SUP-0017,2025-01-01T00:00:00
MAT-00530,SKU-PAC-00530,Corrugated Heavy Boxes Grade-A-530,Packaging & Hardware,SET,9.07,8.81,720,2491,4654,500,23,False,SUP-0013,SUP-0060,2025-01-01T00:00:00
MAT-00531,SKU-ELE-00531,Microcontrollers Grade-MilSpec-531,Electronic Components,KG,49.52,54.83,594,2102,4160,1000,26,False,SUP-0006,SUP-0011,2025-01-01T00:00:00
MAT-00532,SKU-POL-00532,Epoxy Adhesives Grade-Industrial-532,Polymers & Chemical,METER,3.94,4.5,176,512,964,1000,12,False,SUP-0024,SUP-0028,2025-01-01T00:00:00
MAT-00533,SKU-ELE-00533,PCBs Grade-Commercial-533,Electronic Components,PCS,22.81,21.7,1130,3146,6835,500,32,True,SUP-0096,,2025-01-01T00:00:00
MAT-00534,SKU-POL-00534,Silicone Gaskets Grade-Commercial-534,Polymers & Chemical,SET,6.47,6.61,466,1896,2859,50,26,False,SUP-0089,SUP-0087,2025-01-01T00:00:00
MAT-00535,SKU-ELE-00535,Microcontrollers Grade-B-535,Electronic Components,PCS,11.98,11.88,878,3338,5476,250,41,False,SUP-0084,SUP-0031,2025-01-01T00:00:00
MAT-00536,SKU-MEC-00536,Gears Grade-MilSpec-536,Mechanical & Machining,PCS,25.85,25.16,1023,3341,6975,500,38,False,SUP-0095,SUP-0090,2025-01-01T00:00:00
MAT-00537,SKU-MEC-00537,Hydraulic Valves Grade-Industrial-537,Mechanical & Machining,SET,9.52,10.62,363,975,2026,1000,34,False,SUP-0043,SUP-0002,2025-01-01T00:00:00
MAT-00538,SKU-PAC-00538,Thermal Pallet Wraps Grade-Commercial-538,Packaging & Hardware,METER,16.07,15.39,723,2130,3882,250,21,False,SUP-0066,SUP-0076,2025-01-01T00:00:00
MAT-00539,SKU-PAC-00539,Vibration Dampers Grade-Commercial-539,Packaging & Hardware,PCS,74.21,74.47,351,1073,2056,250,38,False,SUP-0114,SUP-0061,2025-01-01T00:00:00
MAT-00540,SKU-POL-00540,ABS Resin Pellets Grade-B-540,Polymers & Chemical,METER,13.01,14.25,690,2139,4166,500,21,False,SUP-0057,SUP-0030,2025-01-01T00:00:00
MAT-00541,SKU-POL-00541,Polycarbonate Sheets Grade-Industrial-541,Polymers & Chemical,BOX,61.51,67.19,1018,2905,6029,500,37,False,SUP-0107,SUP-0087,2025-01-01T00:00:00
MAT-00542,SKU-MEC-00542,Shafts Grade-A-542,Mechanical & Machining,BOX,7.08,7.41,468,1339,2884,250,13,False,SUP-0021,SUP-0078,2025-01-01T00:00:00
MAT-00543,SKU-RAW-00543,Sheet Metal Stainless 304 Grade-B-543,Raw Metallurgy,SET,43.94,42.16,246,696,1472,25,18,True,SUP-0046,SUP-0087,2025-01-01T00:00:00
MAT-00544,SKU-ELE-00544,Sensors Grade-MilSpec-544,Electronic Components,PCS,119.79,128.6,569,1633,3291,500,28,False,SUP-0029,SUP-0063,2025-01-01T00:00:00
MAT-00545,SKU-RAW-00545,Sheet Metal Stainless 304 Grade-Commercial-545,Raw Metallurgy,SET,1.62,1.76,522,1404,2843,500,14,False,SUP-0119,SUP-0057,2025-01-01T00:00:00
MAT-00546,SKU-ELE-00546,Connectors Grade-A-546,Electronic Components,SET,10.21,9.91,449,1316,2587,500,17,False,SUP-0112,SUP-0027,2025-01-01T00:00:00
MAT-00547,SKU-POL-00547,ABS Resin Pellets Grade-B-547,Polymers & Chemical,BOX,46.28,47.33,620,1670,3365,25,35,False,SUP-0016,SUP-0109,2025-01-01T00:00:00
MAT-00548,SKU-MEC-00548,Gears Grade-Industrial-548,Mechanical & Machining,METER,19.62,20.62,387,1509,3022,250,22,True,SUP-0012,,2025-01-01T00:00:00
MAT-00549,SKU-MEC-00549,Hydraulic Valves Grade-MilSpec-549,Mechanical & Machining,LITER,36.9,41.83,176,584,1177,1000,8,False,SUP-0110,SUP-0067,2025-01-01T00:00:00
MAT-00550,SKU-PAC-00550,Corrugated Heavy Boxes Grade-A-550,Packaging & Hardware,METER,12.62,12.78,202,586,1129,1000,32,False,SUP-0022,SUP-0056,2025-01-01T00:00:00
MAT-00551,SKU-MEC-00551,Bearings Grade-A-551,Mechanical & Machining,BOX,26.98,30.92,582,1968,3827,500,33,False,SUP-0113,SUP-0067,2025-01-01T00:00:00
MAT-00552,SKU-RAW-00552,Carbon Steel Bars Grade-Industrial-552,Raw Metallurgy,PCS,20.67,23.06,319,1055,1650,500,32,False,SUP-0079,SUP-0118,2025-01-01T00:00:00
MAT-00553,SKU-PAC-00553,Thermal Pallet Wraps Grade-MilSpec-553,Packaging & Hardware,BOX,88.64,90.33,253,1033,1890,250,26,False,SUP-0084,SUP-0052,2025-01-01T00:00:00
MAT-00554,SKU-MEC-00554,Bearings Grade-Commercial-554,Mechanical & Machining,METER,32.46,32.22,250,1066,2251,500,17,False,SUP-0040,SUP-0067,2025-01-01T00:00:00
MAT-00555,SKU-PAC-00555,Vibration Dampers Grade-B-555,Packaging & Hardware,METER,35.57,38.96,136,496,895,25,30,False,SUP-0015,SUP-0094,2025-01-01T00:00:00
MAT-00556,SKU-ELE-00556,Microcontrollers Grade-MilSpec-556,Electronic Components,METER,15.59,16.6,1747,5144,11059,1000,43,True,SUP-0095,,2025-01-01T00:00:00
MAT-00557,SKU-PAC-00557,Thermal Pallet Wraps Grade-B-557,Packaging & Hardware,METER,14.35,14.49,601,1771,3215,50,15,False,SUP-0105,SUP-0092,2025-01-01T00:00:00
MAT-00558,SKU-ELE-00558,Sensors Grade-Commercial-558,Electronic Components,SET,15.24,15.06,428,1210,1773,25,34,False,SUP-0059,SUP-0013,2025-01-01T00:00:00
MAT-00559,SKU-POL-00559,Polycarbonate Sheets Grade-MilSpec-559,Polymers & Chemical,KG,37.86,39.35,1531,4891,8392,100,42,False,SUP-0068,SUP-0052,2025-01-01T00:00:00
MAT-00560,SKU-PAC-00560,Antistatic Foam Grade-MilSpec-560,Packaging & Hardware,LITER,15.44,16.8,180,580,1036,250,16,False,SUP-0094,SUP-0054,2025-01-01T00:00:00
MAT-00561,SKU-MEC-00561,Bearings Grade-Commercial-561,Mechanical & Machining,PCS,33.74,36.74,431,1481,3201,500,42,False,SUP-0005,SUP-0096,2025-01-01T00:00:00
MAT-00562,SKU-POL-00562,ABS Resin Pellets Grade-A-562,Polymers & Chemical,METER,240.55,256.03,516,1836,3284,50,30,True,SUP-0004,,2025-01-01T00:00:00
MAT-00563,SKU-MEC-00563,Bearings Grade-MilSpec-563,Mechanical & Machining,PCS,63.96,72.75,319,1383,2541,25,38,False,SUP-0037,SUP-0028,2025-01-01T00:00:00
MAT-00564,SKU-ELE-00564,PCBs Grade-MilSpec-564,Electronic Components,SET,17.14,17.34,1079,3040,6283,50,37,False,SUP-0044,SUP-0101,2025-01-01T00:00:00
MAT-00565,SKU-MEC-00565,Bearings Grade-MilSpec-565,Mechanical & Machining,LITER,91.96,99.63,219,747,1583,100,33,False,SUP-0094,SUP-0042,2025-01-01T00:00:00
MAT-00566,SKU-PAC-00566,Corrugated Heavy Boxes Grade-MilSpec-566,Packaging & Hardware,BOX,15.66,15.75,949,2977,4462,500,26,True,SUP-0052,,2025-01-01T00:00:00
MAT-00567,SKU-ELE-00567,Capacitors Grade-Commercial-567,Electronic Components,SET,2.61,2.78,1442,3977,5950,500,39,True,SUP-0025,SUP-0097,2025-01-01T00:00:00
MAT-00568,SKU-MEC-00568,CNC Castings Grade-Industrial-568,Mechanical & Machining,KG,8.09,8.08,396,1128,2126,250,12,False,SUP-0114,SUP-0075,2025-01-01T00:00:00
MAT-00569,SKU-PAC-00569,Corrugated Heavy Boxes Grade-MilSpec-569,Packaging & Hardware,PCS,3.13,3.19,805,2749,4048,25,27,False,SUP-0004,SUP-0111,2025-01-01T00:00:00
MAT-00570,SKU-PAC-00570,Hex Flange Bolts M8 Grade-Industrial-570,Packaging & Hardware,KG,16.67,16.45,307,1276,2767,50,17,False,SUP-0020,SUP-0040,2025-01-01T00:00:00
MAT-00571,SKU-ELE-00571,Microcontrollers Grade-Industrial-571,Electronic Components,LITER,25.03,24.27,686,1864,3950,25,31,False,SUP-0115,SUP-0042,2025-01-01T00:00:00
MAT-00572,SKU-MEC-00572,Hydraulic Valves Grade-Commercial-572,Mechanical & Machining,SET,155.1,154.68,145,601,1064,250,24,False,SUP-0065,SUP-0050,2025-01-01T00:00:00
MAT-00573,SKU-ELE-00573,PCBs Grade-A-573,Electronic Components,LITER,35.15,37.85,1658,4958,7918,500,44,False,SUP-0003,SUP-0035,2025-01-01T00:00:00
MAT-00574,SKU-MEC-00574,Shafts Grade-Commercial-574,Mechanical & Machining,LITER,19.28,20.04,318,1008,1546,50,30,False,SUP-0065,SUP-0027,2025-01-01T00:00:00
MAT-00575,SKU-PAC-00575,Antistatic Foam Grade-Commercial-575,Packaging & Hardware,LITER,61.09,58.55,214,928,1992,250,17,False,SUP-0107,SUP-0080,2025-01-01T00:00:00
MAT-00576,SKU-RAW-00576,Titanium Plates Grade-Industrial-576,Raw Metallurgy,BOX,2.15,2.21,1184,4265,6521,500,39,False,SUP-0081,SUP-0028,2025-01-01T00:00:00
MAT-00577,SKU-PAC-00577,Corrugated Heavy Boxes Grade-Industrial-577,Packaging & Hardware,PCS,31.79,32.71,1027,2851,4472,500,24,False,SUP-0018,SUP-0093,2025-01-01T00:00:00
MAT-00578,SKU-RAW-00578,Carbon Steel Bars Grade-Industrial-578,Raw Metallurgy,BOX,57.28,59.6,655,1771,2944,1000,36,False,SUP-0042,SUP-0044,2025-01-01T00:00:00
MAT-00579,SKU-MEC-00579,CNC Castings Grade-Commercial-579,Mechanical & Machining,LITER,4.82,4.58,989,3133,6359,1000,32,True,SUP-0068,,2025-01-01T00:00:00
MAT-00580,SKU-ELE-00580,Connectors Grade-A-580,Electronic Components,BOX,86.33,89.7,547,2097,4224,1000,31,False,SUP-0105,SUP-0049,2025-01-01T00:00:00
MAT-00581,SKU-ELE-00581,Microcontrollers Grade-MilSpec-581,Electronic Components,METER,35.6,40.49,84,252,495,50,24,False,SUP-0029,SUP-0096,2025-01-01T00:00:00
MAT-00582,SKU-ELE-00582,Connectors Grade-Industrial-582,Electronic Components,BOX,15.54,15.45,868,2388,4693,50,38,False,SUP-0047,SUP-0005,2025-01-01T00:00:00
MAT-00583,SKU-ELE-00583,Capacitors Grade-MilSpec-583,Electronic Components,PCS,49.21,55.31,709,2134,3953,1000,19,False,SUP-0064,SUP-0022,2025-01-01T00:00:00
MAT-00584,SKU-PAC-00584,Thermal Pallet Wraps Grade-B-584,Packaging & Hardware,PCS,298.2,318.37,912,2529,5015,100,21,False,SUP-0017,SUP-0034,2025-01-01T00:00:00
MAT-00585,SKU-MEC-00585,CNC Castings Grade-Commercial-585,Mechanical & Machining,SET,29.97,29.99,328,918,1522,250,10,False,SUP-0059,SUP-0001,2025-01-01T00:00:00
MAT-00586,SKU-RAW-00586,Aluminum Billets 6061 Grade-Commercial-586,Raw Metallurgy,LITER,32.23,33.81,126,456,791,250,10,False,SUP-0006,SUP-0114,2025-01-01T00:00:00
MAT-00587,SKU-RAW-00587,Aluminum Billets 6061 Grade-MilSpec-587,Raw Metallurgy,KG,14.8,15.05,658,1780,3797,50,34,False,SUP-0104,SUP-0004,2025-01-01T00:00:00
MAT-00588,SKU-MEC-00588,Shafts Grade-Industrial-588,Mechanical & Machining,PCS,9.63,10.35,1236,3476,5553,250,28,True,SUP-0052,,2025-01-01T00:00:00
MAT-00589,SKU-MEC-00589,Shafts Grade-A-589,Mechanical & Machining,METER,61.15,64.45,386,1179,2196,25,13,False,SUP-0010,SUP-0100,2025-01-01T00:00:00
MAT-00590,SKU-ELE-00590,Microcontrollers Grade-MilSpec-590,Electronic Components,METER,9.57,10.8,132,552,1042,250,35,False,SUP-0101,SUP-0017,2025-01-01T00:00:00
MAT-00591,SKU-ELE-00591,Microcontrollers Grade-A-591,Electronic Components,SET,26.54,25.49,669,1866,3787,500,21,False,SUP-0052,SUP-0013,2025-01-01T00:00:00
MAT-00592,SKU-ELE-00592,PCBs Grade-MilSpec-592,Electronic Components,LITER,14.51,16.09,167,551,916,50,8,False,SUP-0080,SUP-0013,2025-01-01T00:00:00
MAT-00593,SKU-ELE-00593,Microcontrollers Grade-A-593,Electronic Components,SET,41.55,45.4,574,1744,2799,250,15,False,SUP-0108,SUP-0025,2025-01-01T00:00:00
MAT-00594,SKU-POL-00594,Epoxy Adhesives Grade-MilSpec-594,Polymers & Chemical,KG,35.41,35.36,833,2769,6002,100,44,False,SUP-0008,SUP-0017,2025-01-01T00:00:00
MAT-00595,SKU-RAW-00595,Titanium Plates Grade-Commercial-595,Raw Metallurgy,KG,76.81,75.23,165,529,1018,50,7,False,SUP-0044,SUP-0038,2025-01-01T00:00:00
MAT-00596,SKU-ELE-00596,Capacitors Grade-Commercial-596,Electronic Components,SET,14.0,15.7,132,462,893,1000,11,False,SUP-0026,,2025-01-01T00:00:00
MAT-00597,SKU-POL-00597,Epoxy Adhesives Grade-Industrial-597,Polymers & Chemical,SET,18.23,19.38,264,1063,2233,25,17,False,SUP-0039,SUP-0054,2025-01-01T00:00:00
MAT-00598,SKU-POL-00598,Polycarbonate Sheets Grade-A-598,Polymers & Chemical,BOX,8.36,8.31,673,1968,4254,100,37,False,SUP-0080,SUP-0028,2025-01-01T00:00:00
MAT-00599,SKU-POL-00599,Polycarbonate Sheets Grade-MilSpec-599,Polymers & Chemical,KG,15.05,16.78,112,448,731,50,42,True,SUP-0004,,2025-01-01T00:00:00
MAT-00600,SKU-PAC-00600,Vibration Dampers Grade-A-600,Packaging & Hardware,PCS,37.15,36.77,274,958,1766,50,18,False,SUP-0029,SUP-0114,2025-01-01T00:00:00
MAT-00601,SKU-MEC-00601,CNC Castings Grade-B-601,Mechanical & Machining,METER,56.41,63.86,309,841,1382,50,28,True,SUP-0049,SUP-0084,2025-01-01T00:00:00
MAT-00602,SKU-RAW-00602,Carbon Steel Bars Grade-B-602,Raw Metallurgy,SET,8.9,10.19,62,244,521,50,14,False,SUP-0113,SUP-0056,2025-01-01T00:00:00
MAT-00603,SKU-MEC-00603,Bearings Grade-MilSpec-603,Mechanical & Machining,BOX,63.85,65.44,156,596,1089,50,44,False,SUP-0082,SUP-0032,2025-01-01T00:00:00
MAT-00604,SKU-RAW-00604,Sheet Metal Stainless 304 Grade-A-604,Raw Metallurgy,BOX,108.98,120.87,1089,4091,5993,250,38,False,SUP-0109,SUP-0066,2025-01-01T00:00:00
MAT-00605,SKU-PAC-00605,Corrugated Heavy Boxes Grade-B-605,Packaging & Hardware,SET,38.66,39.73,900,2876,4438,1000,38,False,SUP-0097,SUP-0066,2025-01-01T00:00:00
MAT-00606,SKU-RAW-00606,Titanium Plates Grade-MilSpec-606,Raw Metallurgy,BOX,193.34,220.63,257,968,2048,250,9,False,SUP-0075,SUP-0052,2025-01-01T00:00:00
MAT-00607,SKU-MEC-00607,Gears Grade-B-607,Mechanical & Machining,METER,10.47,10.84,556,1752,2641,25,23,False,SUP-0021,SUP-0120,2025-01-01T00:00:00
MAT-00608,SKU-RAW-00608,Copper Rods Grade-Commercial-608,Raw Metallurgy,METER,6.24,6.22,959,3191,5405,250,36,True,SUP-0044,SUP-0055,2025-01-01T00:00:00
MAT-00609,SKU-RAW-00609,Carbon Steel Bars Grade-MilSpec-609,Raw Metallurgy,PCS,3.47,3.42,233,833,1500,500,12,False,SUP-0083,SUP-0010,2025-01-01T00:00:00
MAT-00610,SKU-ELE-00610,Sensors Grade-B-610,Electronic Components,PCS,127.19,123.85,448,1341,2145,1000,19,False,SUP-0070,SUP-0026,2025-01-01T00:00:00
MAT-00611,SKU-RAW-00611,Sheet Metal Stainless 304 Grade-Commercial-611,Raw Metallurgy,KG,50.39,57.93,141,407,661,100,7,False,SUP-0095,SUP-0070,2025-01-01T00:00:00
MAT-00612,SKU-POL-00612,Industrial Lubricants Grade-Commercial-612,Polymers & Chemical,BOX,23.08,21.98,425,1580,3158,250,21,False,SUP-0098,SUP-0020,2025-01-01T00:00:00
MAT-00613,SKU-MEC-00613,Bearings Grade-Commercial-613,Mechanical & Machining,SET,33.38,36.77,224,629,1096,1000,27,False,SUP-0060,SUP-0044,2025-01-01T00:00:00
MAT-00614,SKU-POL-00614,Polycarbonate Sheets Grade-MilSpec-614,Polymers & Chemical,LITER,7.11,7.97,138,446,859,100,7,True,SUP-0019,,2025-01-01T00:00:00
MAT-00615,SKU-RAW-00615,Sheet Metal Stainless 304 Grade-MilSpec-615,Raw Metallurgy,LITER,361.52,393.03,755,2653,3763,25,26,False,SUP-0100,SUP-0089,2025-01-01T00:00:00
MAT-00616,SKU-MEC-00616,Hydraulic Valves Grade-Industrial-616,Mechanical & Machining,SET,28.28,30.43,615,2320,3973,500,31,False,SUP-0078,SUP-0074,2025-01-01T00:00:00
MAT-00617,SKU-POL-00617,Polycarbonate Sheets Grade-MilSpec-617,Polymers & Chemical,PCS,27.67,28.11,181,697,1352,50,12,False,SUP-0082,SUP-0115,2025-01-01T00:00:00
MAT-00618,SKU-ELE-00618,Connectors Grade-MilSpec-618,Electronic Components,PCS,54.51,53.82,423,1273,1853,25,25,True,SUP-0037,SUP-0027,2025-01-01T00:00:00
MAT-00619,SKU-RAW-00619,Titanium Plates Grade-A-619,Raw Metallurgy,KG,41.64,42.28,131,416,741,25,15,False,SUP-0051,SUP-0021,2025-01-01T00:00:00
MAT-00620,SKU-POL-00620,Polycarbonate Sheets Grade-B-620,Polymers & Chemical,KG,31.38,31.76,531,1656,2729,50,45,False,SUP-0086,SUP-0061,2025-01-01T00:00:00
MAT-00621,SKU-PAC-00621,Antistatic Foam Grade-Industrial-621,Packaging & Hardware,KG,10.28,9.78,1366,3886,7075,500,45,False,SUP-0009,SUP-0106,2025-01-01T00:00:00
MAT-00622,SKU-POL-00622,Industrial Lubricants Grade-MilSpec-622,Polymers & Chemical,SET,41.21,39.47,531,1805,3716,50,26,True,SUP-0118,SUP-0059,2025-01-01T00:00:00
MAT-00623,SKU-POL-00623,Polycarbonate Sheets Grade-B-623,Polymers & Chemical,SET,194.46,213.25,395,1599,3132,25,43,False,SUP-0117,SUP-0085,2025-01-01T00:00:00
MAT-00624,SKU-MEC-00624,Hydraulic Valves Grade-Industrial-624,Mechanical & Machining,BOX,107.77,113.97,514,1730,3476,25,38,False,SUP-0009,SUP-0090,2025-01-01T00:00:00
MAT-00625,SKU-RAW-00625,Aluminum Billets 6061 Grade-A-625,Raw Metallurgy,SET,141.53,156.15,334,1074,1900,25,20,False,SUP-0058,SUP-0022,2025-01-01T00:00:00
MAT-00626,SKU-POL-00626,Industrial Lubricants Grade-Industrial-626,Polymers & Chemical,BOX,13.98,14.4,265,783,1181,1000,14,False,SUP-0005,SUP-0002,2025-01-01T00:00:00
MAT-00627,SKU-POL-00627,Industrial Lubricants Grade-MilSpec-627,Polymers & Chemical,PCS,8.26,7.98,444,1258,2608,50,37,False,SUP-0092,SUP-0057,2025-01-01T00:00:00
MAT-00628,SKU-ELE-00628,Connectors Grade-A-628,Electronic Components,KG,21.36,21.55,49,147,223,100,7,False,SUP-0051,SUP-0022,2025-01-01T00:00:00
MAT-00629,SKU-MEC-00629,Hydraulic Valves Grade-A-629,Mechanical & Machining,BOX,26.08,27.55,385,1308,2153,25,13,False,SUP-0007,SUP-0108,2025-01-01T00:00:00
MAT-00630,SKU-PAC-00630,Corrugated Heavy Boxes Grade-A-630,Packaging & Hardware,LITER,81.75,90.2,217,882,1532,25,19,False,SUP-0048,SUP-0117,2025-01-01T00:00:00
MAT-00631,SKU-RAW-00631,Sheet Metal Stainless 304 Grade-A-631,Raw Metallurgy,KG,3.81,4.35,99,333,494,100,9,True,SUP-0086,SUP-0022,2025-01-01T00:00:00
MAT-00632,SKU-RAW-00632,Titanium Plates Grade-B-632,Raw Metallurgy,SET,131.96,130.83,225,905,1501,25,20,False,SUP-0055,SUP-0016,2025-01-01T00:00:00
MAT-00633,SKU-POL-00633,Silicone Gaskets Grade-A-633,Polymers & Chemical,LITER,20.62,20.47,375,1575,3320,250,30,False,SUP-0085,SUP-0105,2025-01-01T00:00:00
MAT-00634,SKU-RAW-00634,Titanium Plates Grade-MilSpec-634,Raw Metallurgy,PCS,15.34,16.76,491,1800,2656,100,17,False,SUP-0119,SUP-0109,2025-01-01T00:00:00
MAT-00635,SKU-POL-00635,Polycarbonate Sheets Grade-Industrial-635,Polymers & Chemical,KG,8.06,8.68,290,1016,1917,500,11,False,SUP-0041,SUP-0109,2025-01-01T00:00:00
MAT-00636,SKU-POL-00636,Industrial Lubricants Grade-Commercial-636,Polymers & Chemical,BOX,3.97,4.36,131,403,853,100,8,False,SUP-0091,SUP-0002,2025-01-01T00:00:00
MAT-00637,SKU-MEC-00637,Gears Grade-B-637,Mechanical & Machining,SET,60.67,58.6,198,678,1297,50,16,False,SUP-0064,SUP-0038,2025-01-01T00:00:00
MAT-00638,SKU-PAC-00638,Antistatic Foam Grade-Industrial-638,Packaging & Hardware,KG,26.59,26.74,1158,3501,5709,25,33,False,SUP-0098,SUP-0006,2025-01-01T00:00:00
MAT-00639,SKU-MEC-00639,Shafts Grade-Industrial-639,Mechanical & Machining,KG,5.94,5.89,834,2319,4214,50,45,True,SUP-0032,SUP-0103,2025-01-01T00:00:00
MAT-00640,SKU-POL-00640,ABS Resin Pellets Grade-A-640,Polymers & Chemical,LITER,5.9,5.69,152,617,1156,50,15,False,SUP-0082,SUP-0019,2025-01-01T00:00:00
MAT-00641,SKU-MEC-00641,Bearings Grade-A-641,Mechanical & Machining,LITER,16.96,18.57,431,1655,2646,100,34,False,SUP-0093,SUP-0026,2025-01-01T00:00:00
MAT-00642,SKU-PAC-00642,Antistatic Foam Grade-B-642,Packaging & Hardware,METER,153.84,172.68,397,1298,2256,500,17,False,SUP-0047,SUP-0051,2025-01-01T00:00:00
MAT-00643,SKU-POL-00643,Polycarbonate Sheets Grade-MilSpec-643,Polymers & Chemical,PCS,18.44,20.33,892,2827,5208,50,45,False,SUP-0011,SUP-0098,2025-01-01T00:00:00
MAT-00644,SKU-RAW-00644,Copper Rods Grade-MilSpec-644,Raw Metallurgy,METER,4.7,4.89,133,525,932,50,28,False,SUP-0078,SUP-0062,2025-01-01T00:00:00
MAT-00645,SKU-MEC-00645,CNC Castings Grade-A-645,Mechanical & Machining,SET,18.72,20.52,1097,2953,5015,250,32,False,SUP-0052,SUP-0119,2025-01-01T00:00:00
MAT-00646,SKU-RAW-00646,Titanium Plates Grade-A-646,Raw Metallurgy,LITER,18.17,20.48,468,1777,3108,100,17,False,SUP-0016,SUP-0050,2025-01-01T00:00:00
MAT-00647,SKU-RAW-00647,Titanium Plates Grade-MilSpec-647,Raw Metallurgy,BOX,1.5,1.63,483,1781,2542,100,22,False,SUP-0084,SUP-0050,2025-01-01T00:00:00
MAT-00648,SKU-ELE-00648,Capacitors Grade-Industrial-648,Electronic Components,SET,23.11,24.06,407,1750,3529,1000,17,False,SUP-0033,SUP-0032,2025-01-01T00:00:00
MAT-00649,SKU-POL-00649,Industrial Lubricants Grade-Commercial-649,Polymers & Chemical,PCS,19.03,20.05,688,2045,3682,500,23,False,SUP-0055,SUP-0022,2025-01-01T00:00:00
MAT-00650,SKU-POL-00650,Epoxy Adhesives Grade-Industrial-650,Polymers & Chemical,BOX,52.76,54.47,102,310,626,100,13,False,SUP-0094,SUP-0112,2025-01-01T00:00:00
MAT-00651,SKU-MEC-00651,Shafts Grade-B-651,Mechanical & Machining,BOX,187.51,193.06,154,623,1257,250,7,False,SUP-0022,SUP-0105,2025-01-01T00:00:00
MAT-00652,SKU-PAC-00652,Antistatic Foam Grade-Industrial-652,Packaging & Hardware,BOX,84.71,87.78,186,604,1088,25,19,False,SUP-0024,SUP-0091,2025-01-01T00:00:00
MAT-00653,SKU-POL-00653,Epoxy Adhesives Grade-B-653,Polymers & Chemical,KG,18.25,18.07,396,1063,2229,250,23,False,SUP-0104,SUP-0098,2025-01-01T00:00:00
MAT-00654,SKU-PAC-00654,Corrugated Heavy Boxes Grade-B-654,Packaging & Hardware,PCS,7.26,7.32,182,566,1008,1000,8,False,SUP-0036,SUP-0009,2025-01-01T00:00:00
MAT-00655,SKU-ELE-00655,Microcontrollers Grade-A-655,Electronic Components,METER,416.0,457.75,688,1968,3346,500,40,True,SUP-0006,SUP-0013,2025-01-01T00:00:00
MAT-00656,SKU-RAW-00656,Copper Rods Grade-MilSpec-656,Raw Metallurgy,METER,26.18,28.04,706,2002,4309,1000,27,False,SUP-0088,SUP-0114,2025-01-01T00:00:00
MAT-00657,SKU-POL-00657,Industrial Lubricants Grade-Commercial-657,Polymers & Chemical,PCS,24.91,28.52,101,281,483,50,36,False,SUP-0104,SUP-0013,2025-01-01T00:00:00
MAT-00658,SKU-ELE-00658,Connectors Grade-A-658,Electronic Components,SET,23.89,24.03,883,2703,5208,250,35,False,SUP-0105,SUP-0032,2025-01-01T00:00:00
MAT-00659,SKU-PAC-00659,Antistatic Foam Grade-B-659,Packaging & Hardware,PCS,30.51,35.0,118,328,713,1000,30,False,SUP-0105,SUP-0042,2025-01-01T00:00:00
MAT-00660,SKU-RAW-00660,Copper Rods Grade-B-660,Raw Metallurgy,SET,20.93,21.91,969,2635,5673,250,34,False,SUP-0102,SUP-0011,2025-01-01T00:00:00
MAT-00661,SKU-ELE-00661,PCBs Grade-Industrial-661,Electronic Components,SET,13.05,12.91,941,3983,7162,25,39,False,SUP-0067,SUP-0113,2025-01-01T00:00:00
MAT-00662,SKU-RAW-00662,Titanium Plates Grade-MilSpec-662,Raw Metallurgy,KG,13.44,15.18,607,2235,3433,1000,22,False,SUP-0062,SUP-0085,2025-01-01T00:00:00
MAT-00663,SKU-ELE-00663,Microcontrollers Grade-MilSpec-663,Electronic Components,BOX,23.66,22.62,474,1770,2842,250,24,False,SUP-0042,SUP-0116,2025-01-01T00:00:00
MAT-00664,SKU-ELE-00664,Capacitors Grade-Commercial-664,Electronic Components,BOX,13.49,14.77,1121,4631,7754,1000,45,True,SUP-0112,SUP-0029,2025-01-01T00:00:00
MAT-00665,SKU-POL-00665,Epoxy Adhesives Grade-MilSpec-665,Polymers & Chemical,KG,11.2,11.14,1227,3339,6663,25,44,True,SUP-0009,,2025-01-01T00:00:00
MAT-00666,SKU-PAC-00666,Vibration Dampers Grade-B-666,Packaging & Hardware,METER,27.58,31.46,243,771,1601,250,44,False,SUP-0001,SUP-0040,2025-01-01T00:00:00
MAT-00667,SKU-RAW-00667,Carbon Steel Bars Grade-B-667,Raw Metallurgy,SET,18.53,20.06,136,382,631,100,41,False,SUP-0014,SUP-0051,2025-01-01T00:00:00
MAT-00668,SKU-MEC-00668,Gears Grade-MilSpec-668,Mechanical & Machining,KG,128.3,137.32,160,565,1018,1000,45,False,SUP-0086,SUP-0109,2025-01-01T00:00:00
MAT-00669,SKU-ELE-00669,Sensors Grade-Commercial-669,Electronic Components,LITER,1.5,1.61,315,845,1408,1000,10,False,SUP-0038,SUP-0091,2025-01-01T00:00:00
MAT-00670,SKU-MEC-00670,Hydraulic Valves Grade-A-670,Mechanical & Machining,KG,81.5,91.39,92,292,487,1000,8,False,SUP-0039,SUP-0105,2025-01-01T00:00:00
MAT-00671,SKU-POL-00671,Silicone Gaskets Grade-MilSpec-671,Polymers & Chemical,LITER,96.61,93.17,509,1727,2598,500,42,False,SUP-0037,SUP-0090,2025-01-01T00:00:00
MAT-00672,SKU-ELE-00672,Sensors Grade-MilSpec-672,Electronic Components,BOX,2.51,2.47,243,915,1869,50,16,False,SUP-0090,SUP-0062,2025-01-01T00:00:00
MAT-00673,SKU-ELE-00673,Sensors Grade-Commercial-673,Electronic Components,PCS,16.83,18.27,579,1582,2336,250,17,False,SUP-0019,SUP-0049,2025-01-01T00:00:00
MAT-00674,SKU-MEC-00674,CNC Castings Grade-A-674,Mechanical & Machining,SET,16.3,17.6,382,1614,2570,250,22,False,SUP-0020,SUP-0081,2025-01-01T00:00:00
MAT-00675,SKU-RAW-00675,Titanium Plates Grade-B-675,Raw Metallurgy,BOX,5.22,5.74,322,898,1724,100,36,False,SUP-0102,SUP-0086,2025-01-01T00:00:00
MAT-00676,SKU-POL-00676,Silicone Gaskets Grade-A-676,Polymers & Chemical,PCS,10.43,10.15,451,1921,3569,500,21,False,SUP-0083,SUP-0086,2025-01-01T00:00:00
MAT-00677,SKU-POL-00677,Silicone Gaskets Grade-A-677,Polymers & Chemical,SET,7.23,7.13,735,2295,3395,25,26,False,SUP-0083,SUP-0090,2025-01-01T00:00:00
MAT-00678,SKU-PAC-00678,Hex Flange Bolts M8 Grade-MilSpec-678,Packaging & Hardware,BOX,168.59,160.83,873,3609,7469,500,38,False,SUP-0069,SUP-0101,2025-01-01T00:00:00
MAT-00679,SKU-ELE-00679,Capacitors Grade-A-679,Electronic Components,KG,68.67,77.08,563,2237,3362,50,27,False,SUP-0001,SUP-0072,2025-01-01T00:00:00
MAT-00680,SKU-MEC-00680,CNC Castings Grade-Commercial-680,Mechanical & Machining,METER,99.36,111.31,734,2825,6163,1000,41,True,SUP-0065,SUP-0039,2025-01-01T00:00:00
MAT-00681,SKU-ELE-00681,Capacitors Grade-Industrial-681,Electronic Components,PCS,54.26,61.82,873,3428,6144,100,35,False,SUP-0101,SUP-0038,2025-01-01T00:00:00
MAT-00682,SKU-PAC-00682,Vibration Dampers Grade-Commercial-682,Packaging & Hardware,SET,7.09,7.46,68,288,435,50,22,False,SUP-0085,SUP-0105,2025-01-01T00:00:00
MAT-00683,SKU-MEC-00683,Bearings Grade-Commercial-683,Mechanical & Machining,KG,13.78,14.72,301,950,1528,1000,11,False,SUP-0094,SUP-0080,2025-01-01T00:00:00
MAT-00684,SKU-MEC-00684,Gears Grade-MilSpec-684,Mechanical & Machining,PCS,42.03,47.87,468,1928,3829,1000,20,False,SUP-0089,SUP-0019,2025-01-01T00:00:00
MAT-00685,SKU-MEC-00685,Shafts Grade-Commercial-685,Mechanical & Machining,BOX,6.4,6.91,387,1035,1808,25,27,False,SUP-0021,SUP-0054,2025-01-01T00:00:00
MAT-00686,SKU-PAC-00686,Hex Flange Bolts M8 Grade-A-686,Packaging & Hardware,METER,53.75,52.4,274,754,1524,50,30,True,SUP-0009,SUP-0043,2025-01-01T00:00:00
MAT-00687,SKU-MEC-00687,Shafts Grade-A-687,Mechanical & Machining,PCS,18.83,19.31,164,524,1100,500,18,False,SUP-0049,SUP-0014,2025-01-01T00:00:00
MAT-00688,SKU-POL-00688,ABS Resin Pellets Grade-Commercial-688,Polymers & Chemical,METER,16.24,17.7,59,229,494,250,10,False,SUP-0071,SUP-0035,2025-01-01T00:00:00
MAT-00689,SKU-MEC-00689,Shafts Grade-Commercial-689,Mechanical & Machining,SET,53.63,57.33,146,629,1139,50,23,False,SUP-0062,SUP-0076,2025-01-01T00:00:00
MAT-00690,SKU-MEC-00690,Hydraulic Valves Grade-MilSpec-690,Mechanical & Machining,SET,39.99,43.87,689,2309,4078,250,45,True,SUP-0048,SUP-0091,2025-01-01T00:00:00
MAT-00691,SKU-RAW-00691,Copper Rods Grade-Commercial-691,Raw Metallurgy,METER,16.49,16.58,433,1317,1935,100,26,False,SUP-0092,SUP-0113,2025-01-01T00:00:00
MAT-00692,SKU-POL-00692,Silicone Gaskets Grade-A-692,Polymers & Chemical,BOX,87.82,84.82,253,1033,1682,250,10,False,SUP-0012,SUP-0022,2025-01-01T00:00:00
MAT-00693,SKU-ELE-00693,PCBs Grade-Commercial-693,Electronic Components,BOX,7.47,7.3,430,1452,2748,1000,14,False,SUP-0088,SUP-0087,2025-01-01T00:00:00
MAT-00694,SKU-ELE-00694,PCBs Grade-Commercial-694,Electronic Components,BOX,48.3,49.22,1013,4253,7480,50,45,False,SUP-0085,SUP-0118,2025-01-01T00:00:00
MAT-00695,SKU-PAC-00695,Hex Flange Bolts M8 Grade-B-695,Packaging & Hardware,PCS,47.11,48.21,927,3169,5382,25,38,False,SUP-0046,SUP-0007,2025-01-01T00:00:00
MAT-00696,SKU-RAW-00696,Sheet Metal Stainless 304 Grade-Commercial-696,Raw Metallurgy,PCS,17.45,17.59,89,304,650,1000,43,False,SUP-0034,SUP-0028,2025-01-01T00:00:00
MAT-00697,SKU-PAC-00697,Corrugated Heavy Boxes Grade-MilSpec-697,Packaging & Hardware,SET,35.12,39.32,496,1718,2412,1000,26,True,SUP-0096,,2025-01-01T00:00:00
MAT-00698,SKU-MEC-00698,Gears Grade-Industrial-698,Mechanical & Machining,PCS,6.2,6.02,474,1594,3395,25,16,False,SUP-0011,SUP-0068,2025-01-01T00:00:00
MAT-00699,SKU-MEC-00699,Shafts Grade-B-699,Mechanical & Machining,LITER,67.79,69.76,623,1771,2633,250,41,False,SUP-0055,SUP-0115,2025-01-01T00:00:00
MAT-00700,SKU-POL-00700,Polycarbonate Sheets Grade-B-700,Polymers & Chemical,METER,20.02,22.01,139,500,753,250,19,True,SUP-0091,SUP-0026,2025-01-01T00:00:00
MAT-00701,SKU-RAW-00701,Aluminum Billets 6061 Grade-B-701,Raw Metallurgy,BOX,13.8,13.66,294,954,1713,1000,33,False,SUP-0086,SUP-0035,2025-01-01T00:00:00
MAT-00702,SKU-MEC-00702,Shafts Grade-MilSpec-702,Mechanical & Machining,SET,77.78,85.18,172,466,947,50,14,False,SUP-0106,SUP-0050,2025-01-01T00:00:00
MAT-00703,SKU-MEC-00703,Shafts Grade-Commercial-703,Mechanical & Machining,PCS,11.3,12.47,967,2599,5171,250,34,False,SUP-0087,SUP-0107,2025-01-01T00:00:00
MAT-00704,SKU-POL-00704,Silicone Gaskets Grade-Industrial-704,Polymers & Chemical,LITER,5.21,5.04,472,1732,3487,100,18,False,SUP-0080,SUP-0020,2025-01-01T00:00:00
MAT-00705,SKU-MEC-00705,Gears Grade-B-705,Mechanical & Machining,LITER,4.43,4.83,442,1684,3509,1000,18,False,SUP-0090,SUP-0094,2025-01-01T00:00:00
MAT-00706,SKU-MEC-00706,Hydraulic Valves Grade-A-706,Mechanical & Machining,KG,47.78,49.23,238,1020,1590,25,34,False,SUP-0025,SUP-0119,2025-01-01T00:00:00
MAT-00707,SKU-POL-00707,Industrial Lubricants Grade-Commercial-707,Polymers & Chemical,METER,6.0,6.54,695,2878,5012,25,37,False,SUP-0029,SUP-0044,2025-01-01T00:00:00
MAT-00708,SKU-RAW-00708,Aluminum Billets 6061 Grade-Industrial-708,Raw Metallurgy,METER,169.06,170.09,159,609,852,1000,10,False,SUP-0054,SUP-0032,2025-01-01T00:00:00
MAT-00709,SKU-RAW-00709,Sheet Metal Stainless 304 Grade-Industrial-709,Raw Metallurgy,LITER,2.48,2.49,575,1981,3255,25,38,False,SUP-0056,SUP-0024,2025-01-01T00:00:00
MAT-00710,SKU-ELE-00710,Connectors Grade-B-710,Electronic Components,METER,158.56,162.07,1540,4740,7539,100,40,False,SUP-0096,SUP-0100,2025-01-01T00:00:00
MAT-00711,SKU-MEC-00711,Bearings Grade-MilSpec-711,Mechanical & Machining,PCS,30.94,34.88,85,265,564,1000,9,False,SUP-0096,SUP-0078,2025-01-01T00:00:00
MAT-00712,SKU-MEC-00712,Hydraulic Valves Grade-MilSpec-712,Mechanical & Machining,PCS,22.06,21.29,568,1803,2745,50,19,False,SUP-0044,SUP-0039,2025-01-01T00:00:00
MAT-00713,SKU-MEC-00713,Gears Grade-Commercial-713,Mechanical & Machining,BOX,13.47,13.48,1252,3456,6078,1000,29,False,SUP-0110,SUP-0109,2025-01-01T00:00:00
MAT-00714,SKU-ELE-00714,PCBs Grade-A-714,Electronic Components,LITER,38.06,39.35,57,176,344,50,17,False,SUP-0065,SUP-0102,2025-01-01T00:00:00
MAT-00715,SKU-RAW-00715,Aluminum Billets 6061 Grade-Commercial-715,Raw Metallurgy,PCS,23.54,26.1,1056,3146,6594,25,38,False,SUP-0095,SUP-0105,2025-01-01T00:00:00
MAT-00716,SKU-MEC-00716,Gears Grade-Commercial-716,Mechanical & Machining,LITER,82.57,87.73,168,726,1348,500,18,False,SUP-0078,SUP-0035,2025-01-01T00:00:00
MAT-00717,SKU-ELE-00717,Connectors Grade-MilSpec-717,Electronic Components,SET,27.82,30.37,422,1247,2296,50,25,False,SUP-0039,SUP-0110,2025-01-01T00:00:00
MAT-00718,SKU-MEC-00718,CNC Castings Grade-Commercial-718,Mechanical & Machining,KG,28.94,29.18,296,824,1187,50,24,False,SUP-0114,SUP-0036,2025-01-01T00:00:00
MAT-00719,SKU-MEC-00719,Bearings Grade-A-719,Mechanical & Machining,PCS,16.45,17.76,238,868,1307,500,42,False,SUP-0048,SUP-0042,2025-01-01T00:00:00
MAT-00720,SKU-RAW-00720,Carbon Steel Bars Grade-A-720,Raw Metallurgy,BOX,23.04,25.65,271,991,1399,1000,18,False,SUP-0029,SUP-0094,2025-01-01T00:00:00
MAT-00721,SKU-PAC-00721,Corrugated Heavy Boxes Grade-MilSpec-721,Packaging & Hardware,BOX,34.42,34.47,397,1482,2393,500,35,False,SUP-0078,SUP-0071,2025-01-01T00:00:00
MAT-00722,SKU-POL-00722,Polycarbonate Sheets Grade-MilSpec-722,Polymers & Chemical,KG,3.74,4.1,355,1147,2027,50,12,False,SUP-0019,SUP-0116,2025-01-01T00:00:00
MAT-00723,SKU-MEC-00723,Bearings Grade-MilSpec-723,Mechanical & Machining,BOX,5.57,5.49,437,1301,2016,50,32,False,SUP-0040,SUP-0021,2025-01-01T00:00:00
MAT-00724,SKU-ELE-00724,PCBs Grade-B-724,Electronic Components,LITER,55.57,62.9,559,1639,3354,500,15,False,SUP-0013,SUP-0093,2025-01-01T00:00:00
MAT-00725,SKU-ELE-00725,PCBs Grade-MilSpec-725,Electronic Components,PCS,29.61,28.78,245,707,1141,1000,22,True,SUP-0120,SUP-0006,2025-01-01T00:00:00
MAT-00726,SKU-PAC-00726,Corrugated Heavy Boxes Grade-A-726,Packaging & Hardware,PCS,20.04,21.21,97,382,766,250,19,False,SUP-0110,SUP-0091,2025-01-01T00:00:00
MAT-00727,SKU-MEC-00727,Shafts Grade-Industrial-727,Mechanical & Machining,LITER,25.04,24.56,87,247,366,100,8,True,SUP-0081,SUP-0070,2025-01-01T00:00:00
MAT-00728,SKU-ELE-00728,Connectors Grade-MilSpec-728,Electronic Components,KG,35.96,34.17,350,1214,1978,1000,16,False,SUP-0030,SUP-0055,2025-01-01T00:00:00
MAT-00729,SKU-POL-00729,ABS Resin Pellets Grade-MilSpec-729,Polymers & Chemical,KG,13.55,15.56,131,523,1118,25,28,False,SUP-0037,SUP-0046,2025-01-01T00:00:00
MAT-00730,SKU-ELE-00730,Connectors Grade-B-730,Electronic Components,KG,10.42,10.79,536,1480,2885,500,16,False,SUP-0024,SUP-0087,2025-01-01T00:00:00
MAT-00731,SKU-RAW-00731,Carbon Steel Bars Grade-A-731,Raw Metallurgy,METER,30.43,34.48,54,152,331,1000,7,False,SUP-0120,SUP-0034,2025-01-01T00:00:00
MAT-00732,SKU-MEC-00732,Shafts Grade-B-732,Mechanical & Machining,LITER,8.36,8.69,86,268,580,100,14,False,SUP-0062,SUP-0105,2025-01-01T00:00:00
MAT-00733,SKU-MEC-00733,CNC Castings Grade-Industrial-733,Mechanical & Machining,KG,38.44,37.92,1109,3292,5698,1000,37,False,SUP-0041,SUP-0064,2025-01-01T00:00:00
MAT-00734,SKU-RAW-00734,Sheet Metal Stainless 304 Grade-B-734,Raw Metallurgy,LITER,3.77,3.9,1635,4628,7903,500,41,False,SUP-0069,SUP-0064,2025-01-01T00:00:00
MAT-00735,SKU-POL-00735,Epoxy Adhesives Grade-Commercial-735,Polymers & Chemical,BOX,76.1,84.64,128,485,1009,100,7,False,SUP-0012,SUP-0031,2025-01-01T00:00:00
MAT-00736,SKU-PAC-00736,Antistatic Foam Grade-B-736,Packaging & Hardware,PCS,41.26,39.69,240,790,1633,500,25,False,SUP-0109,,2025-01-01T00:00:00
MAT-00737,SKU-POL-00737,Polycarbonate Sheets Grade-B-737,Polymers & Chemical,KG,32.51,31.25,370,1083,2119,250,31,False,SUP-0090,SUP-0091,2025-01-01T00:00:00
MAT-00738,SKU-RAW-00738,Aluminum Billets 6061 Grade-A-738,Raw Metallurgy,BOX,72.31,77.11,68,268,405,50,8,False,SUP-0077,SUP-0112,2025-01-01T00:00:00
MAT-00739,SKU-ELE-00739,Microcontrollers Grade-Commercial-739,Electronic Components,LITER,153.24,150.17,825,2697,5334,250,26,False,SUP-0096,SUP-0018,2025-01-01T00:00:00
MAT-00740,SKU-ELE-00740,Sensors Grade-A-740,Electronic Components,KG,74.87,72.02,366,1419,2436,250,39,False,SUP-0078,SUP-0097,2025-01-01T00:00:00
MAT-00741,SKU-POL-00741,Epoxy Adhesives Grade-Industrial-741,Polymers & Chemical,SET,3.24,3.4,355,955,1735,50,24,False,SUP-0055,SUP-0120,2025-01-01T00:00:00
MAT-00742,SKU-MEC-00742,Gears Grade-Commercial-742,Mechanical & Machining,PCS,6.0,5.96,223,727,1397,250,36,False,SUP-0096,SUP-0072,2025-01-01T00:00:00
MAT-00743,SKU-POL-00743,Polycarbonate Sheets Grade-A-743,Polymers & Chemical,METER,12.34,13.32,202,622,1292,25,30,False,SUP-0014,,2025-01-01T00:00:00
MAT-00744,SKU-MEC-00744,Shafts Grade-B-744,Mechanical & Machining,SET,25.25,24.53,389,1225,2340,25,19,False,SUP-0002,SUP-0097,2025-01-01T00:00:00
MAT-00745,SKU-MEC-00745,Shafts Grade-A-745,Mechanical & Machining,SET,43.36,46.09,39,139,299,25,10,False,SUP-0102,SUP-0062,2025-01-01T00:00:00
MAT-00746,SKU-RAW-00746,Carbon Steel Bars Grade-MilSpec-746,Raw Metallurgy,SET,11.04,10.92,109,382,808,500,13,False,SUP-0093,SUP-0046,2025-01-01T00:00:00
MAT-00747,SKU-ELE-00747,Connectors Grade-B-747,Electronic Components,PCS,30.13,32.16,78,303,589,25,25,False,SUP-0076,SUP-0112,2025-01-01T00:00:00
MAT-00748,SKU-ELE-00748,Capacitors Grade-B-748,Electronic Components,BOX,10.69,11.55,1582,4777,10242,100,45,False,SUP-0021,SUP-0065,2025-01-01T00:00:00
MAT-00749,SKU-POL-00749,Polycarbonate Sheets Grade-Industrial-749,Polymers & Chemical,METER,12.52,12.8,430,1618,3055,25,22,False,SUP-0056,SUP-0006,2025-01-01T00:00:00
MAT-00750,SKU-MEC-00750,Bearings Grade-MilSpec-750,Mechanical & Machining,PCS,5.22,5.8,404,1304,2300,50,12,False,SUP-0112,SUP-0040,2025-01-01T00:00:00
MAT-00751,SKU-RAW-00751,Sheet Metal Stainless 304 Grade-A-751,Raw Metallurgy,METER,8.89,9.47,863,2312,5046,250,23,False,SUP-0010,SUP-0023,2025-01-01T00:00:00
MAT-00752,SKU-MEC-00752,CNC Castings Grade-Commercial-752,Mechanical & Machining,LITER,5.55,5.32,301,1036,2150,100,35,False,SUP-0052,SUP-0053,2025-01-01T00:00:00
MAT-00753,SKU-RAW-00753,Aluminum Billets 6061 Grade-MilSpec-753,Raw Metallurgy,SET,8.39,8.73,134,398,735,50,22,False,SUP-0088,SUP-0006,2025-01-01T00:00:00
MAT-00754,SKU-ELE-00754,Sensors Grade-MilSpec-754,Electronic Components,KG,78.18,83.19,310,1078,1913,500,12,False,SUP-0029,SUP-0050,2025-01-01T00:00:00
MAT-00755,SKU-POL-00755,ABS Resin Pellets Grade-A-755,Polymers & Chemical,KG,8.63,9.46,479,1619,2350,100,19,False,SUP-0119,SUP-0051,2025-01-01T00:00:00
MAT-00756,SKU-PAC-00756,Antistatic Foam Grade-B-756,Packaging & Hardware,BOX,443.91,487.53,305,1193,1873,500,37,True,SUP-0068,,2025-01-01T00:00:00
MAT-00757,SKU-ELE-00757,Connectors Grade-MilSpec-757,Electronic Components,PCS,42.21,48.01,116,436,618,1000,10,False,SUP-0056,SUP-0061,2025-01-01T00:00:00
MAT-00758,SKU-POL-00758,Silicone Gaskets Grade-Industrial-758,Polymers & Chemical,BOX,30.06,29.62,219,609,1072,250,26,False,SUP-0036,SUP-0052,2025-01-01T00:00:00
MAT-00759,SKU-PAC-00759,Hex Flange Bolts M8 Grade-Industrial-759,Packaging & Hardware,KG,9.54,10.65,262,993,2138,250,17,True,SUP-0044,SUP-0097,2025-01-01T00:00:00
MAT-00760,SKU-POL-00760,Epoxy Adhesives Grade-B-760,Polymers & Chemical,BOX,53.0,54.98,134,386,724,25,42,False,SUP-0074,SUP-0050,2025-01-01T00:00:00
MAT-00761,SKU-PAC-00761,Thermal Pallet Wraps Grade-B-761,Packaging & Hardware,METER,13.02,14.1,108,423,747,50,7,False,SUP-0094,SUP-0096,2025-01-01T00:00:00
MAT-00762,SKU-POL-00762,Silicone Gaskets Grade-A-762,Polymers & Chemical,BOX,28.06,28.94,361,1096,2041,25,35,False,SUP-0001,SUP-0058,2025-01-01T00:00:00
MAT-00763,SKU-MEC-00763,Hydraulic Valves Grade-MilSpec-763,Mechanical & Machining,BOX,409.97,434.25,573,1553,3381,500,20,False,SUP-0049,SUP-0028,2025-01-01T00:00:00
MAT-00764,SKU-ELE-00764,Sensors Grade-Industrial-764,Electronic Components,PCS,22.07,22.3,375,1135,2003,250,38,False,SUP-0105,SUP-0112,2025-01-01T00:00:00
MAT-00765,SKU-RAW-00765,Carbon Steel Bars Grade-Commercial-765,Raw Metallurgy,LITER,86.85,91.59,416,1388,2139,500,36,False,SUP-0015,SUP-0119,2025-01-01T00:00:00
MAT-00766,SKU-MEC-00766,Bearings Grade-MilSpec-766,Mechanical & Machining,LITER,11.32,11.4,319,852,1742,25,13,False,SUP-0088,SUP-0056,2025-01-01T00:00:00
MAT-00767,SKU-ELE-00767,Microcontrollers Grade-Commercial-767,Electronic Components,LITER,23.61,22.92,471,1433,2583,25,13,False,SUP-0080,SUP-0119,2025-01-01T00:00:00
MAT-00768,SKU-RAW-00768,Copper Rods Grade-B-768,Raw Metallurgy,KG,172.07,190.2,368,1278,2600,250,14,False,SUP-0015,SUP-0026,2025-01-01T00:00:00
MAT-00769,SKU-POL-00769,Industrial Lubricants Grade-A-769,Polymers & Chemical,METER,12.31,13.62,544,1532,3119,250,26,False,SUP-0035,SUP-0113,2025-01-01T00:00:00
MAT-00770,SKU-MEC-00770,CNC Castings Grade-MilSpec-770,Mechanical & Machining,PCS,180.13,171.68,1262,4457,6847,500,45,False,SUP-0048,SUP-0108,2025-01-01T00:00:00
MAT-00771,SKU-POL-00771,Polycarbonate Sheets Grade-Commercial-771,Polymers & Chemical,LITER,53.44,52.83,898,3550,6777,1000,34,False,SUP-0107,SUP-0007,2025-01-01T00:00:00
MAT-00772,SKU-MEC-00772,Gears Grade-Industrial-772,Mechanical & Machining,SET,13.21,12.97,274,1093,2034,250,39,False,SUP-0091,SUP-0103,2025-01-01T00:00:00
MAT-00773,SKU-RAW-00773,Titanium Plates Grade-B-773,Raw Metallurgy,METER,49.19,48.74,188,516,754,250,41,True,SUP-0019,,2025-01-01T00:00:00
MAT-00774,SKU-ELE-00774,Capacitors Grade-MilSpec-774,Electronic Components,BOX,71.51,76.97,307,1165,2414,1000,26,False,SUP-0031,SUP-0084,2025-01-01T00:00:00
MAT-00775,SKU-POL-00775,Silicone Gaskets Grade-A-775,Polymers & Chemical,METER,48.62,47.0,342,1369,2932,25,13,False,SUP-0003,SUP-0082,2025-01-01T00:00:00
MAT-00776,SKU-ELE-00776,Capacitors Grade-Industrial-776,Electronic Components,METER,4.36,4.92,327,1319,2685,250,32,True,SUP-0004,,2025-01-01T00:00:00
MAT-00777,SKU-ELE-00777,PCBs Grade-A-777,Electronic Components,KG,11.02,11.98,373,1427,2009,50,17,False,SUP-0041,SUP-0082,2025-01-01T00:00:00
MAT-00778,SKU-PAC-00778,Thermal Pallet Wraps Grade-A-778,Packaging & Hardware,PCS,18.69,21.4,180,698,1391,25,7,False,SUP-0062,SUP-0079,2025-01-01T00:00:00
MAT-00779,SKU-MEC-00779,Bearings Grade-A-779,Mechanical & Machining,SET,22.6,21.57,406,1120,1594,50,14,False,SUP-0020,SUP-0028,2025-01-01T00:00:00
MAT-00780,SKU-MEC-00780,CNC Castings Grade-B-780,Mechanical & Machining,METER,48.56,48.79,825,2700,5527,250,25,False,SUP-0012,SUP-0045,2025-01-01T00:00:00
MAT-00781,SKU-PAC-00781,Antistatic Foam Grade-B-781,Packaging & Hardware,METER,29.83,29.37,423,1703,3464,500,32,False,SUP-0114,SUP-0092,2025-01-01T00:00:00
MAT-00782,SKU-RAW-00782,Sheet Metal Stainless 304 Grade-B-782,Raw Metallurgy,BOX,5.65,5.92,512,1565,2951,250,27,False,SUP-0055,SUP-0077,2025-01-01T00:00:00
MAT-00783,SKU-MEC-00783,Bearings Grade-Industrial-783,Mechanical & Machining,METER,37.27,42.1,131,482,832,500,39,False,SUP-0058,SUP-0022,2025-01-01T00:00:00
MAT-00784,SKU-PAC-00784,Vibration Dampers Grade-MilSpec-784,Packaging & Hardware,PCS,48.02,46.72,303,1115,1752,100,29,False,SUP-0055,SUP-0102,2025-01-01T00:00:00
MAT-00785,SKU-RAW-00785,Sheet Metal Stainless 304 Grade-Industrial-785,Raw Metallurgy,PCS,45.41,43.23,541,1693,2805,50,36,False,SUP-0092,SUP-0043,2025-01-01T00:00:00
MAT-00786,SKU-PAC-00786,Corrugated Heavy Boxes Grade-MilSpec-786,Packaging & Hardware,METER,80.55,86.22,1050,2850,5830,1000,45,False,SUP-0014,SUP-0072,2025-01-01T00:00:00
MAT-00787,SKU-ELE-00787,Connectors Grade-MilSpec-787,Electronic Components,BOX,61.39,67.61,162,462,831,100,10,False,SUP-0041,SUP-0026,2025-01-01T00:00:00
MAT-00788,SKU-POL-00788,ABS Resin Pellets Grade-A-788,Polymers & Chemical,LITER,40.65,40.01,240,864,1654,500,8,False,SUP-0050,SUP-0031,2025-01-01T00:00:00
MAT-00789,SKU-ELE-00789,PCBs Grade-Industrial-789,Electronic Components,KG,22.71,25.4,259,907,1281,250,9,False,SUP-0115,SUP-0069,2025-01-01T00:00:00
MAT-00790,SKU-ELE-00790,PCBs Grade-Industrial-790,Electronic Components,METER,3.95,4.0,827,2537,4350,1000,38,False,SUP-0011,SUP-0072,2025-01-01T00:00:00
MAT-00791,SKU-POL-00791,Industrial Lubricants Grade-A-791,Polymers & Chemical,METER,39.35,44.76,171,457,954,1000,13,True,SUP-0052,,2025-01-01T00:00:00
MAT-00792,SKU-POL-00792,Polycarbonate Sheets Grade-B-792,Polymers & Chemical,PCS,30.83,30.47,296,807,1690,100,7,False,SUP-0048,SUP-0105,2025-01-01T00:00:00
MAT-00793,SKU-ELE-00793,Microcontrollers Grade-A-793,Electronic Components,METER,33.07,31.91,648,1920,4108,500,24,False,SUP-0079,SUP-0102,2025-01-01T00:00:00
MAT-00794,SKU-POL-00794,ABS Resin Pellets Grade-B-794,Polymers & Chemical,METER,6.02,6.76,998,2993,5439,50,35,False,SUP-0114,SUP-0109,2025-01-01T00:00:00
MAT-00795,SKU-PAC-00795,Antistatic Foam Grade-MilSpec-795,Packaging & Hardware,METER,7.47,7.58,487,1437,2417,50,25,False,SUP-0029,SUP-0012,2025-01-01T00:00:00
MAT-00796,SKU-MEC-00796,CNC Castings Grade-A-796,Mechanical & Machining,LITER,78.14,75.17,365,1467,2298,500,38,True,SUP-0012,,2025-01-01T00:00:00
MAT-00797,SKU-PAC-00797,Thermal Pallet Wraps Grade-Industrial-797,Packaging & Hardware,METER,23.49,25.64,98,368,622,250,15,False,SUP-0109,SUP-0065,2025-01-01T00:00:00
MAT-00798,SKU-PAC-00798,Thermal Pallet Wraps Grade-B-798,Packaging & Hardware,LITER,51.92,51.28,935,2827,4290,25,43,False,SUP-0022,SUP-0088,2025-01-01T00:00:00
MAT-00799,SKU-ELE-00799,Capacitors Grade-A-799,Electronic Components,LITER,25.31,24.99,307,839,1231,250,14,True,SUP-0058,SUP-0046,2025-01-01T00:00:00
MAT-00800,SKU-MEC-00800,Hydraulic Valves Grade-MilSpec-800,Mechanical & Machining,SET,25.35,26.27,212,888,1514,250,13,False,SUP-0057,SUP-0035,2025-01-01T00:00:00
MAT-00801,SKU-MEC-00801,Shafts Grade-B-801,Mechanical & Machining,LITER,68.86,67.85,803,3217,4632,50,34,False,SUP-0078,SUP-0064,2025-01-01T00:00:00
MAT-00802,SKU-ELE-00802,Capacitors Grade-A-802,Electronic Components,PCS,13.91,15.7,363,1312,2763,1000,13,False,SUP-0031,SUP-0009,2025-01-01T00:00:00
MAT-00803,SKU-POL-00803,Industrial Lubricants Grade-MilSpec-803,Polymers & Chemical,PCS,27.27,27.11,477,1837,2870,1000,20,False,SUP-0089,SUP-0035,2025-01-01T00:00:00
MAT-00804,SKU-RAW-00804,Titanium Plates Grade-Industrial-804,Raw Metallurgy,BOX,14.75,14.02,953,2669,5205,50,26,False,SUP-0117,SUP-0090,2025-01-01T00:00:00
MAT-00805,SKU-RAW-00805,Aluminum Billets 6061 Grade-B-805,Raw Metallurgy,KG,15.21,15.46,884,3094,4770,100,34,False,SUP-0002,SUP-0086,2025-01-01T00:00:00
MAT-00806,SKU-ELE-00806,Capacitors Grade-A-806,Electronic Components,SET,17.46,17.82,443,1775,3647,500,37,False,SUP-0001,SUP-0063,2025-01-01T00:00:00
MAT-00807,SKU-RAW-00807,Sheet Metal Stainless 304 Grade-Commercial-807,Raw Metallurgy,SET,31.32,30.8,524,1728,3435,500,28,False,SUP-0013,,2025-01-01T00:00:00
MAT-00808,SKU-RAW-00808,Copper Rods Grade-Industrial-808,Raw Metallurgy,METER,14.49,15.09,1000,2880,6006,500,40,False,SUP-0039,SUP-0091,2025-01-01T00:00:00
MAT-00809,SKU-POL-00809,ABS Resin Pellets Grade-Industrial-809,Polymers & Chemical,BOX,97.64,102.9,214,742,1057,500,16,False,SUP-0019,SUP-0053,2025-01-01T00:00:00
MAT-00810,SKU-POL-00810,Silicone Gaskets Grade-B-810,Polymers & Chemical,BOX,9.17,8.88,243,675,1311,250,24,False,SUP-0049,SUP-0082,2025-01-01T00:00:00
MAT-00811,SKU-PAC-00811,Hex Flange Bolts M8 Grade-Industrial-811,Packaging & Hardware,BOX,19.97,20.36,371,1411,2629,1000,26,False,SUP-0076,SUP-0054,2025-01-01T00:00:00
MAT-00812,SKU-RAW-00812,Titanium Plates Grade-A-812,Raw Metallurgy,LITER,15.12,16.77,407,1632,2295,1000,25,False,SUP-0102,,2025-01-01T00:00:00
MAT-00813,SKU-MEC-00813,Gears Grade-B-813,Mechanical & Machining,SET,120.5,137.77,631,2265,4620,25,38,False,SUP-0086,SUP-0021,2025-01-01T00:00:00
MAT-00814,SKU-POL-00814,ABS Resin Pellets Grade-B-814,Polymers & Chemical,METER,30.45,33.95,68,238,492,25,34,False,SUP-0063,SUP-0040,2025-01-01T00:00:00
MAT-00815,SKU-RAW-00815,Sheet Metal Stainless 304 Grade-Industrial-815,Raw Metallurgy,METER,76.33,84.5,148,436,660,1000,12,False,SUP-0099,SUP-0072,2025-01-01T00:00:00
MAT-00816,SKU-MEC-00816,Gears Grade-Commercial-816,Mechanical & Machining,PCS,4.79,4.83,770,2606,5533,100,34,True,SUP-0032,SUP-0104,2025-01-01T00:00:00
MAT-00817,SKU-RAW-00817,Titanium Plates Grade-Industrial-817,Raw Metallurgy,KG,32.91,34.98,598,1783,2780,50,15,False,SUP-0042,SUP-0103,2025-01-01T00:00:00
MAT-00818,SKU-POL-00818,Epoxy Adhesives Grade-B-818,Polymers & Chemical,METER,65.27,65.99,931,3555,7202,250,41,False,SUP-0119,SUP-0081,2025-01-01T00:00:00
MAT-00819,SKU-ELE-00819,Capacitors Grade-Commercial-819,Electronic Components,LITER,26.86,29.25,731,2531,4488,250,36,False,SUP-0088,SUP-0092,2025-01-01T00:00:00
MAT-00820,SKU-POL-00820,ABS Resin Pellets Grade-Commercial-820,Polymers & Chemical,PCS,79.2,90.41,448,1394,2367,500,22,False,SUP-0097,SUP-0018,2025-01-01T00:00:00
MAT-00821,SKU-PAC-00821,Thermal Pallet Wraps Grade-Industrial-821,Packaging & Hardware,PCS,13.89,15.29,97,277,581,250,36,False,SUP-0052,SUP-0086,2025-01-01T00:00:00
MAT-00822,SKU-ELE-00822,Microcontrollers Grade-A-822,Electronic Components,METER,115.62,129.03,199,624,1218,25,25,False,SUP-0043,SUP-0077,2025-01-01T00:00:00
MAT-00823,SKU-ELE-00823,Connectors Grade-Commercial-823,Electronic Components,BOX,307.6,336.33,984,3872,8193,1000,38,False,SUP-0067,SUP-0019,2025-01-01T00:00:00
MAT-00824,SKU-MEC-00824,Shafts Grade-Industrial-824,Mechanical & Machining,BOX,16.46,18.89,62,271,510,25,11,True,SUP-0095,,2025-01-01T00:00:00
MAT-00825,SKU-PAC-00825,Corrugated Heavy Boxes Grade-B-825,Packaging & Hardware,KG,15.03,14.59,219,739,1615,50,26,True,SUP-0051,SUP-0008,2025-01-01T00:00:00
MAT-00826,SKU-PAC-00826,Vibration Dampers Grade-Commercial-826,Packaging & Hardware,BOX,121.36,125.95,65,249,511,1000,8,False,SUP-0016,SUP-0056,2025-01-01T00:00:00
MAT-00827,SKU-MEC-00827,Hydraulic Valves Grade-Commercial-827,Mechanical & Machining,BOX,139.43,151.97,320,866,1553,1000,13,False,SUP-0062,SUP-0038,2025-01-01T00:00:00
MAT-00828,SKU-RAW-00828,Copper Rods Grade-MilSpec-828,Raw Metallurgy,BOX,13.8,15.32,70,254,380,250,8,False,SUP-0105,SUP-0055,2025-01-01T00:00:00
MAT-00829,SKU-ELE-00829,Connectors Grade-Industrial-829,Electronic Components,PCS,15.45,16.67,170,460,816,1000,29,False,SUP-0080,SUP-0057,2025-01-01T00:00:00
MAT-00830,SKU-POL-00830,Silicone Gaskets Grade-A-830,Polymers & Chemical,KG,17.99,18.38,817,2777,4027,1000,40,False,SUP-0065,SUP-0027,2025-01-01T00:00:00
MAT-00831,SKU-MEC-00831,Shafts Grade-Commercial-831,Mechanical & Machining,METER,5.59,5.82,440,1816,3761,250,32,False,SUP-0018,SUP-0036,2025-01-01T00:00:00
MAT-00832,SKU-POL-00832,Industrial Lubricants Grade-Commercial-832,Polymers & Chemical,BOX,8.93,8.81,561,2217,3678,500,23,False,SUP-0065,SUP-0100,2025-01-01T00:00:00
MAT-00833,SKU-RAW-00833,Titanium Plates Grade-Commercial-833,Raw Metallurgy,LITER,8.13,7.83,396,1080,1923,50,38,True,SUP-0030,SUP-0013,2025-01-01T00:00:00
MAT-00834,SKU-MEC-00834,CNC Castings Grade-B-834,Mechanical & Machining,BOX,10.54,11.89,62,192,286,1000,10,False,SUP-0054,SUP-0119,2025-01-01T00:00:00
MAT-00835,SKU-ELE-00835,PCBs Grade-Industrial-835,Electronic Components,SET,23.61,25.41,653,2575,4918,500,31,True,SUP-0009,,2025-01-01T00:00:00
MAT-00836,SKU-MEC-00836,Hydraulic Valves Grade-Industrial-836,Mechanical & Machining,LITER,31.74,32.93,462,1312,2685,50,34,False,SUP-0026,SUP-0095,2025-01-01T00:00:00
MAT-00837,SKU-ELE-00837,Connectors Grade-A-837,Electronic Components,BOX,135.04,154.21,79,229,424,25,30,True,SUP-0019,,2025-01-01T00:00:00
MAT-00838,SKU-RAW-00838,Sheet Metal Stainless 304 Grade-Commercial-838,Raw Metallurgy,LITER,8.18,8.08,814,2815,5967,50,29,False,SUP-0106,SUP-0061,2025-01-01T00:00:00
MAT-00839,SKU-ELE-00839,PCBs Grade-MilSpec-839,Electronic Components,BOX,72.44,74.27,187,746,1182,500,13,True,SUP-0068,,2025-01-01T00:00:00
MAT-00840,SKU-PAC-00840,Vibration Dampers Grade-A-840,Packaging & Hardware,KG,19.39,21.61,501,2067,4334,100,29,False,SUP-0107,SUP-0033,2025-01-01T00:00:00
MAT-00841,SKU-ELE-00841,Connectors Grade-Commercial-841,Electronic Components,KG,23.23,26.03,259,819,1730,500,10,False,SUP-0065,SUP-0040,2025-01-01T00:00:00
MAT-00842,SKU-POL-00842,Silicone Gaskets Grade-A-842,Polymers & Chemical,PCS,51.54,52.45,65,245,503,100,15,False,SUP-0043,SUP-0114,2025-01-01T00:00:00
MAT-00843,SKU-ELE-00843,Capacitors Grade-MilSpec-843,Electronic Components,PCS,7.13,7.92,155,416,898,500,29,False,SUP-0079,SUP-0090,2025-01-01T00:00:00
MAT-00844,SKU-PAC-00844,Corrugated Heavy Boxes Grade-Commercial-844,Packaging & Hardware,LITER,37.36,42.57,154,496,952,250,38,False,SUP-0006,SUP-0014,2025-01-01T00:00:00
MAT-00845,SKU-POL-00845,Silicone Gaskets Grade-B-845,Polymers & Chemical,PCS,29.46,33.47,197,621,895,250,8,True,SUP-0026,SUP-0069,2025-01-01T00:00:00
MAT-00846,SKU-MEC-00846,Gears Grade-MilSpec-846,Mechanical & Machining,SET,42.17,41.22,540,2048,3582,25,29,False,SUP-0115,SUP-0079,2025-01-01T00:00:00
MAT-00847,SKU-MEC-00847,Hydraulic Valves Grade-A-847,Mechanical & Machining,SET,33.72,32.1,984,4123,8416,1000,43,False,SUP-0097,SUP-0114,2025-01-01T00:00:00
MAT-00848,SKU-MEC-00848,CNC Castings Grade-A-848,Mechanical & Machining,PCS,365.34,356.33,1094,3299,5263,100,45,False,SUP-0006,SUP-0041,2025-01-01T00:00:00
MAT-00849,SKU-MEC-00849,Bearings Grade-MilSpec-849,Mechanical & Machining,LITER,12.16,13.15,663,2143,4260,100,20,False,SUP-0010,SUP-0033,2025-01-01T00:00:00
MAT-00850,SKU-MEC-00850,Gears Grade-Industrial-850,Mechanical & Machining,METER,13.68,15.13,683,2411,4419,25,24,False,SUP-0084,SUP-0032,2025-01-01T00:00:00
MAT-00851,SKU-ELE-00851,Sensors Grade-MilSpec-851,Electronic Components,BOX,12.36,14.09,324,1204,2400,50,40,False,SUP-0011,SUP-0027,2025-01-01T00:00:00
MAT-00852,SKU-ELE-00852,Sensors Grade-B-852,Electronic Components,PCS,13.32,15.26,270,1152,2383,100,14,False,SUP-0084,SUP-0098,2025-01-01T00:00:00
MAT-00853,SKU-RAW-00853,Titanium Plates Grade-MilSpec-853,Raw Metallurgy,METER,12.17,13.57,304,848,1448,25,8,True,SUP-0012,,2025-01-01T00:00:00
MAT-00854,SKU-MEC-00854,Hydraulic Valves Grade-MilSpec-854,Mechanical & Machining,KG,90.73,98.17,195,564,1212,500,41,False,SUP-0085,SUP-0040,2025-01-01T00:00:00
MAT-00855,SKU-RAW-00855,Carbon Steel Bars Grade-Commercial-855,Raw Metallurgy,KG,117.04,128.91,1090,3130,6707,25,34,False,SUP-0107,SUP-0080,2025-01-01T00:00:00
MAT-00856,SKU-ELE-00856,Connectors Grade-MilSpec-856,Electronic Components,BOX,13.09,14.88,1308,3845,7748,100,43,False,SUP-0069,SUP-0060,2025-01-01T00:00:00
MAT-00857,SKU-MEC-00857,Gears Grade-MilSpec-857,Mechanical & Machining,BOX,9.82,11.28,312,1272,2035,500,24,False,SUP-0117,SUP-0002,2025-01-01T00:00:00
MAT-00858,SKU-RAW-00858,Carbon Steel Bars Grade-Commercial-858,Raw Metallurgy,LITER,41.2,39.46,505,2170,3570,1000,45,False,SUP-0035,SUP-0085,2025-01-01T00:00:00
MAT-00859,SKU-RAW-00859,Carbon Steel Bars Grade-B-859,Raw Metallurgy,LITER,13.36,13.93,908,2758,5089,250,37,False,SUP-0060,SUP-0005,2025-01-01T00:00:00
MAT-00860,SKU-ELE-00860,Connectors Grade-A-860,Electronic Components,METER,49.22,55.59,341,985,1596,250,23,False,SUP-0009,SUP-0057,2025-01-01T00:00:00
MAT-00861,SKU-MEC-00861,Hydraulic Valves Grade-B-861,Mechanical & Machining,KG,30.67,34.48,81,243,507,500,18,False,SUP-0030,SUP-0015,2025-01-01T00:00:00
MAT-00862,SKU-RAW-00862,Aluminum Billets 6061 Grade-Commercial-862,Raw Metallurgy,BOX,4.63,4.61,93,296,424,50,29,False,SUP-0034,SUP-0033,2025-01-01T00:00:00
MAT-00863,SKU-RAW-00863,Aluminum Billets 6061 Grade-A-863,Raw Metallurgy,SET,134.59,139.81,813,2791,5744,250,43,False,SUP-0031,SUP-0027,2025-01-01T00:00:00
MAT-00864,SKU-ELE-00864,PCBs Grade-Industrial-864,Electronic Components,KG,176.88,168.91,754,2464,5368,500,30,False,SUP-0047,SUP-0043,2025-01-01T00:00:00
MAT-00865,SKU-ELE-00865,Capacitors Grade-Industrial-865,Electronic Components,PCS,12.5,12.6,294,1104,1822,1000,45,False,SUP-0076,SUP-0004,2025-01-01T00:00:00
MAT-00866,SKU-PAC-00866,Thermal Pallet Wraps Grade-Industrial-866,Packaging & Hardware,KG,16.02,16.43,393,1137,2182,25,31,False,SUP-0085,SUP-0093,2025-01-01T00:00:00
MAT-00867,SKU-MEC-00867,Bearings Grade-Commercial-867,Mechanical & Machining,SET,33.6,36.16,431,1231,2321,1000,40,False,SUP-0069,SUP-0094,2025-01-01T00:00:00
MAT-00868,SKU-PAC-00868,Thermal Pallet Wraps Grade-MilSpec-868,Packaging & Hardware,METER,35.44,35.58,375,1383,2785,100,28,False,SUP-0038,SUP-0117,2025-01-01T00:00:00
MAT-00869,SKU-MEC-00869,Gears Grade-Industrial-869,Mechanical & Machining,BOX,50.62,57.93,553,2263,4182,25,30,False,SUP-0057,SUP-0094,2025-01-01T00:00:00
MAT-00870,SKU-RAW-00870,Copper Rods Grade-Commercial-870,Raw Metallurgy,KG,223.91,232.82,321,1182,2514,1000,41,False,SUP-0073,SUP-0106,2025-01-01T00:00:00
MAT-00871,SKU-PAC-00871,Hex Flange Bolts M8 Grade-Commercial-871,Packaging & Hardware,METER,20.19,22.39,849,2730,4146,250,33,False,SUP-0016,SUP-0011,2025-01-01T00:00:00
MAT-00872,SKU-MEC-00872,Hydraulic Valves Grade-MilSpec-872,Mechanical & Machining,PCS,10.19,10.02,285,1130,1612,250,13,False,SUP-0098,SUP-0071,2025-01-01T00:00:00
MAT-00873,SKU-ELE-00873,Capacitors Grade-A-873,Electronic Components,KG,5.38,5.67,578,2289,4480,50,29,False,SUP-0050,SUP-0116,2025-01-01T00:00:00
MAT-00874,SKU-RAW-00874,Aluminum Billets 6061 Grade-Industrial-874,Raw Metallurgy,METER,10.98,11.73,237,643,1368,1000,29,False,SUP-0093,SUP-0006,2025-01-01T00:00:00
MAT-00875,SKU-POL-00875,Industrial Lubricants Grade-Industrial-875,Polymers & Chemical,LITER,23.65,25.78,1014,4134,8749,500,39,False,SUP-0093,SUP-0099,2025-01-01T00:00:00
MAT-00876,SKU-PAC-00876,Vibration Dampers Grade-MilSpec-876,Packaging & Hardware,LITER,176.62,179.11,192,712,1277,25,13,False,SUP-0093,SUP-0076,2025-01-01T00:00:00
MAT-00877,SKU-PAC-00877,Thermal Pallet Wraps Grade-Commercial-877,Packaging & Hardware,SET,13.88,14.6,768,2226,4814,25,27,False,SUP-0037,SUP-0042,2025-01-01T00:00:00
MAT-00878,SKU-MEC-00878,Gears Grade-Commercial-878,Mechanical & Machining,METER,31.38,33.42,233,930,1505,250,17,False,SUP-0013,SUP-0045,2025-01-01T00:00:00
MAT-00879,SKU-MEC-00879,Hydraulic Valves Grade-Industrial-879,Mechanical & Machining,METER,24.09,27.65,210,850,1565,500,16,False,SUP-0119,SUP-0030,2025-01-01T00:00:00
MAT-00880,SKU-MEC-00880,CNC Castings Grade-Commercial-880,Mechanical & Machining,PCS,90.67,103.54,104,294,417,50,38,False,SUP-0103,SUP-0025,2025-01-01T00:00:00
MAT-00881,SKU-RAW-00881,Titanium Plates Grade-MilSpec-881,Raw Metallurgy,BOX,395.29,410.69,115,381,665,100,14,False,SUP-0059,SUP-0038,2025-01-01T00:00:00
MAT-00882,SKU-ELE-00882,Capacitors Grade-Industrial-882,Electronic Components,BOX,13.68,14.83,144,507,915,100,11,False,SUP-0103,SUP-0011,2025-01-01T00:00:00
MAT-00883,SKU-POL-00883,Epoxy Adhesives Grade-A-883,Polymers & Chemical,BOX,14.32,15.57,268,948,1965,1000,40,False,SUP-0005,SUP-0056,2025-01-01T00:00:00
MAT-00884,SKU-ELE-00884,Microcontrollers Grade-B-884,Electronic Components,KG,77.37,82.57,304,994,1776,50,23,False,SUP-0029,SUP-0087,2025-01-01T00:00:00
MAT-00885,SKU-POL-00885,Silicone Gaskets Grade-B-885,Polymers & Chemical,KG,51.94,55.94,96,320,573,500,7,True,SUP-0093,SUP-0096,2025-01-01T00:00:00
MAT-00886,SKU-MEC-00886,Hydraulic Valves Grade-A-886,Mechanical & Machining,LITER,187.05,203.43,451,1466,2822,50,29,False,SUP-0081,SUP-0075,2025-01-01T00:00:00
MAT-00887,SKU-RAW-00887,Sheet Metal Stainless 304 Grade-Industrial-887,Raw Metallurgy,BOX,46.63,48.82,910,2960,4372,25,41,False,SUP-0051,SUP-0077,2025-01-01T00:00:00
MAT-00888,SKU-RAW-00888,Copper Rods Grade-MilSpec-888,Raw Metallurgy,METER,16.52,16.51,254,884,1519,50,14,False,SUP-0023,SUP-0060,2025-01-01T00:00:00
MAT-00889,SKU-POL-00889,Industrial Lubricants Grade-Commercial-889,Polymers & Chemical,LITER,46.98,51.09,267,837,1388,1000,10,True,SUP-0095,,2025-01-01T00:00:00
MAT-00890,SKU-RAW-00890,Copper Rods Grade-MilSpec-890,Raw Metallurgy,LITER,83.06,85.97,565,1972,4052,100,21,False,SUP-0007,SUP-0035,2025-01-01T00:00:00
MAT-00891,SKU-POL-00891,Industrial Lubricants Grade-B-891,Polymers & Chemical,SET,60.49,68.06,180,712,1304,1000,28,False,SUP-0100,SUP-0081,2025-01-01T00:00:00
MAT-00892,SKU-ELE-00892,PCBs Grade-A-892,Electronic Components,BOX,42.86,43.57,59,189,319,50,10,False,SUP-0099,SUP-0071,2025-01-01T00:00:00
MAT-00893,SKU-MEC-00893,Bearings Grade-MilSpec-893,Mechanical & Machining,BOX,79.31,78.98,565,2116,4203,25,33,False,SUP-0117,SUP-0048,2025-01-01T00:00:00
MAT-00894,SKU-ELE-00894,Microcontrollers Grade-Commercial-894,Electronic Components,PCS,88.79,93.26,327,1393,2654,1000,26,False,SUP-0006,SUP-0021,2025-01-01T00:00:00
MAT-00895,SKU-MEC-00895,CNC Castings Grade-Industrial-895,Mechanical & Machining,BOX,112.21,109.37,281,785,1147,500,24,False,SUP-0084,SUP-0052,2025-01-01T00:00:00
MAT-00896,SKU-POL-00896,ABS Resin Pellets Grade-A-896,Polymers & Chemical,BOX,50.08,55.89,917,3477,6552,100,32,False,SUP-0020,SUP-0013,2025-01-01T00:00:00
MAT-00897,SKU-RAW-00897,Copper Rods Grade-Commercial-897,Raw Metallurgy,BOX,20.41,19.49,721,2355,3845,25,43,False,SUP-0026,SUP-0013,2025-01-01T00:00:00
MAT-00898,SKU-MEC-00898,Gears Grade-Commercial-898,Mechanical & Machining,METER,28.83,30.18,340,1456,2617,250,31,False,SUP-0069,SUP-0065,2025-01-01T00:00:00
MAT-00899,SKU-RAW-00899,Titanium Plates Grade-A-899,Raw Metallurgy,LITER,92.5,92.02,489,1679,3107,1000,35,False,SUP-0051,SUP-0099,2025-01-01T00:00:00
MAT-00900,SKU-RAW-00900,Carbon Steel Bars Grade-B-900,Raw Metallurgy,BOX,9.99,11.44,572,2332,4017,250,22,True,SUP-0096,,2025-01-01T00:00:00
MAT-00901,SKU-PAC-00901,Thermal Pallet Wraps Grade-B-901,Packaging & Hardware,PCS,36.8,40.61,238,1006,1962,500,16,False,SUP-0040,SUP-0095,2025-01-01T00:00:00
MAT-00902,SKU-POL-00902,ABS Resin Pellets Grade-Industrial-902,Polymers & Chemical,BOX,15.92,15.79,1079,2915,4630,250,27,False,SUP-0063,SUP-0070,2025-01-01T00:00:00
MAT-00903,SKU-POL-00903,Epoxy Adhesives Grade-Commercial-903,Polymers & Chemical,BOX,25.32,29.08,419,1214,1857,1000,15,True,SUP-0009,,2025-01-01T00:00:00
MAT-00904,SKU-ELE-00904,Capacitors Grade-B-904,Electronic Components,LITER,100.11,112.52,935,3671,7706,250,38,True,SUP-0064,SUP-0022,2025-01-01T00:00:00
MAT-00905,SKU-POL-00905,ABS Resin Pellets Grade-Industrial-905,Polymers & Chemical,PCS,30.27,31.39,618,2178,4599,500,40,False,SUP-0119,SUP-0113,2025-01-01T00:00:00
MAT-00906,SKU-MEC-00906,Hydraulic Valves Grade-Industrial-906,Mechanical & Machining,SET,25.82,28.07,1199,4394,7778,100,45,False,SUP-0092,SUP-0048,2025-01-01T00:00:00
MAT-00907,SKU-MEC-00907,Hydraulic Valves Grade-Commercial-907,Mechanical & Machining,BOX,5.5,6.14,427,1142,1603,1000,11,True,SUP-0019,,2025-01-01T00:00:00
MAT-00908,SKU-MEC-00908,Hydraulic Valves Grade-A-908,Mechanical & Machining,SET,55.75,58.08,185,562,1183,100,29,True,SUP-0077,SUP-0021,2025-01-01T00:00:00
MAT-00909,SKU-ELE-00909,Capacitors Grade-Industrial-909,Electronic Components,METER,49.9,55.6,643,1963,3381,100,30,False,SUP-0075,SUP-0094,2025-01-01T00:00:00
MAT-00910,SKU-PAC-00910,Thermal Pallet Wraps Grade-B-910,Packaging & Hardware,PCS,264.96,283.12,540,2174,4429,500,43,True,SUP-0019,,2025-01-01T00:00:00
MAT-00911,SKU-POL-00911,Silicone Gaskets Grade-Commercial-911,Polymers & Chemical,SET,17.49,18.73,455,1755,3556,50,20,False,SUP-0095,SUP-0112,2025-01-01T00:00:00
MAT-00912,SKU-ELE-00912,Connectors Grade-B-912,Electronic Components,KG,31.22,30.69,74,239,418,1000,15,False,SUP-0042,SUP-0010,2025-01-01T00:00:00
MAT-00913,SKU-POL-00913,Silicone Gaskets Grade-Industrial-913,Polymers & Chemical,SET,32.28,35.57,812,2810,5819,100,37,False,SUP-0051,SUP-0049,2025-01-01T00:00:00
MAT-00914,SKU-PAC-00914,Corrugated Heavy Boxes Grade-Commercial-914,Packaging & Hardware,KG,139.1,158.72,366,1148,2057,100,34,False,SUP-0107,SUP-0036,2025-01-01T00:00:00
MAT-00915,SKU-ELE-00915,Connectors Grade-MilSpec-915,Electronic Components,BOX,22.09,22.52,606,2272,4198,50,34,True,SUP-0096,,2025-01-01T00:00:00
MAT-00916,SKU-POL-00916,Silicone Gaskets Grade-B-916,Polymers & Chemical,BOX,33.35,38.32,96,299,497,100,7,False,SUP-0047,SUP-0068,2025-01-01T00:00:00
MAT-00917,SKU-RAW-00917,Titanium Plates Grade-A-917,Raw Metallurgy,SET,47.88,48.1,296,791,1553,100,9,False,SUP-0083,SUP-0062,2025-01-01T00:00:00
MAT-00918,SKU-ELE-00918,Connectors Grade-A-918,Electronic Components,BOX,30.12,34.2,533,1739,3651,500,18,False,SUP-0081,SUP-0059,2025-01-01T00:00:00
MAT-00919,SKU-ELE-00919,Microcontrollers Grade-Industrial-919,Electronic Components,PCS,15.01,16.1,131,536,1108,25,15,False,SUP-0091,SUP-0095,2025-01-01T00:00:00
MAT-00920,SKU-ELE-00920,PCBs Grade-A-920,Electronic Components,METER,30.37,29.44,108,304,631,100,28,False,SUP-0110,SUP-0025,2025-01-01T00:00:00
MAT-00921,SKU-MEC-00921,Bearings Grade-Industrial-921,Mechanical & Machining,SET,79.92,76.15,47,179,359,50,11,False,SUP-0054,SUP-0108,2025-01-01T00:00:00
MAT-00922,SKU-RAW-00922,Aluminum Billets 6061 Grade-B-922,Raw Metallurgy,LITER,7.93,7.6,503,1529,3170,25,18,False,SUP-0089,SUP-0065,2025-01-01T00:00:00
MAT-00923,SKU-RAW-00923,Carbon Steel Bars Grade-Commercial-923,Raw Metallurgy,METER,28.4,27.65,398,1086,1596,25,43,False,SUP-0108,SUP-0090,2025-01-01T00:00:00
MAT-00924,SKU-MEC-00924,CNC Castings Grade-B-924,Mechanical & Machining,METER,11.36,12.14,58,178,314,1000,20,False,SUP-0099,SUP-0022,2025-01-01T00:00:00
MAT-00925,SKU-MEC-00925,Shafts Grade-B-925,Mechanical & Machining,BOX,91.34,100.58,283,1021,1890,250,18,False,SUP-0007,SUP-0049,2025-01-01T00:00:00
MAT-00926,SKU-MEC-00926,Hydraulic Valves Grade-Industrial-926,Mechanical & Machining,KG,4.59,4.52,203,659,1227,100,12,False,SUP-0090,SUP-0057,2025-01-01T00:00:00
MAT-00927,SKU-PAC-00927,Antistatic Foam Grade-B-927,Packaging & Hardware,PCS,13.27,15.13,921,2461,4299,1000,20,False,SUP-0020,SUP-0069,2025-01-01T00:00:00
MAT-00928,SKU-RAW-00928,Sheet Metal Stainless 304 Grade-Industrial-928,Raw Metallurgy,BOX,37.15,42.49,212,680,1066,50,12,False,SUP-0096,SUP-0102,2025-01-01T00:00:00
MAT-00929,SKU-POL-00929,Silicone Gaskets Grade-A-929,Polymers & Chemical,PCS,137.29,144.62,1117,3933,7280,1000,44,False,SUP-0061,SUP-0018,2025-01-01T00:00:00
MAT-00930,SKU-PAC-00930,Corrugated Heavy Boxes Grade-Industrial-930,Packaging & Hardware,BOX,22.82,22.16,365,1190,1986,25,33,False,SUP-0116,SUP-0002,2025-01-01T00:00:00
MAT-00931,SKU-MEC-00931,Shafts Grade-Industrial-931,Mechanical & Machining,KG,13.32,13.9,1310,4082,7135,250,44,False,SUP-0003,SUP-0057,2025-01-01T00:00:00
MAT-00932,SKU-POL-00932,Polycarbonate Sheets Grade-Industrial-932,Polymers & Chemical,BOX,194.27,199.06,228,615,1292,500,9,False,SUP-0087,SUP-0052,2025-01-01T00:00:00
MAT-00933,SKU-ELE-00933,PCBs Grade-MilSpec-933,Electronic Components,METER,4.99,5.69,686,1876,3957,1000,17,False,SUP-0004,SUP-0021,2025-01-01T00:00:00
MAT-00934,SKU-PAC-00934,Hex Flange Bolts M8 Grade-Commercial-934,Packaging & Hardware,KG,2.18,2.13,380,1084,1915,50,16,False,SUP-0007,SUP-0012,2025-01-01T00:00:00
MAT-00935,SKU-POL-00935,ABS Resin Pellets Grade-B-935,Polymers & Chemical,KG,39.81,44.85,301,1001,1981,50,20,False,SUP-0011,SUP-0024,2025-01-01T00:00:00
MAT-00936,SKU-PAC-00936,Vibration Dampers Grade-A-936,Packaging & Hardware,LITER,14.12,13.86,592,1776,3667,1000,37,True,SUP-0051,SUP-0090,2025-01-01T00:00:00
MAT-00937,SKU-MEC-00937,CNC Castings Grade-MilSpec-937,Mechanical & Machining,KG,7.98,8.09,627,1777,3526,250,25,False,SUP-0052,SUP-0099,2025-01-01T00:00:00
MAT-00938,SKU-PAC-00938,Antistatic Foam Grade-Commercial-938,Packaging & Hardware,PCS,53.47,54.51,524,2009,3190,100,45,False,SUP-0076,SUP-0004,2025-01-01T00:00:00
MAT-00939,SKU-RAW-00939,Titanium Plates Grade-A-939,Raw Metallurgy,SET,32.08,34.32,229,739,1060,100,15,False,SUP-0010,SUP-0083,2025-01-01T00:00:00
MAT-00940,SKU-POL-00940,ABS Resin Pellets Grade-Industrial-940,Polymers & Chemical,LITER,13.19,14.26,620,2618,5672,250,37,False,SUP-0037,SUP-0040,2025-01-01T00:00:00
MAT-00941,SKU-MEC-00941,Hydraulic Valves Grade-MilSpec-941,Mechanical & Machining,BOX,6.0,6.32,294,838,1181,100,32,True,SUP-0045,SUP-0088,2025-01-01T00:00:00
MAT-00942,SKU-MEC-00942,Bearings Grade-Commercial-942,Mechanical & Machining,LITER,64.05,69.64,230,820,1317,1000,10,True,SUP-0086,SUP-0052,2025-01-01T00:00:00
MAT-00943,SKU-ELE-00943,Connectors Grade-MilSpec-943,Electronic Components,SET,50.16,51.39,730,2920,4505,250,30,False,SUP-0043,SUP-0109,2025-01-01T00:00:00
MAT-00944,SKU-PAC-00944,Antistatic Foam Grade-A-944,Packaging & Hardware,KG,22.0,20.93,328,1050,1986,250,19,False,SUP-0091,SUP-0076,2025-01-01T00:00:00
MAT-00945,SKU-POL-00945,ABS Resin Pellets Grade-MilSpec-945,Polymers & Chemical,METER,187.04,179.18,250,745,1193,100,45,False,SUP-0059,SUP-0047,2025-01-01T00:00:00
MAT-00946,SKU-RAW-00946,Aluminum Billets 6061 Grade-Commercial-946,Raw Metallurgy,METER,7.56,7.45,586,1782,3344,100,26,False,SUP-0003,SUP-0058,2025-01-01T00:00:00
MAT-00947,SKU-ELE-00947,Connectors Grade-MilSpec-947,Electronic Components,KG,4.58,4.51,375,1249,2023,250,38,False,SUP-0017,SUP-0094,2025-01-01T00:00:00
MAT-00948,SKU-PAC-00948,Hex Flange Bolts M8 Grade-Commercial-948,Packaging & Hardware,SET,11.46,11.94,239,766,1516,100,31,True,SUP-0019,,2025-01-01T00:00:00
MAT-00949,SKU-RAW-00949,Copper Rods Grade-MilSpec-949,Raw Metallurgy,PCS,23.33,23.02,300,810,1648,500,34,False,SUP-0093,SUP-0084,2025-01-01T00:00:00
MAT-00950,SKU-RAW-00950,Carbon Steel Bars Grade-Commercial-950,Raw Metallurgy,SET,32.06,33.91,155,485,762,250,30,False,SUP-0089,SUP-0103,2025-01-01T00:00:00
MAT-00951,SKU-RAW-00951,Sheet Metal Stainless 304 Grade-Industrial-951,Raw Metallurgy,SET,18.81,20.4,296,1280,2004,250,24,False,SUP-0117,SUP-0024,2025-01-01T00:00:00
MAT-00952,SKU-MEC-00952,Shafts Grade-Industrial-952,Mechanical & Machining,LITER,36.13,38.65,211,904,1500,25,21,False,SUP-0041,SUP-0013,2025-01-01T00:00:00
MAT-00953,SKU-PAC-00953,Vibration Dampers Grade-Commercial-953,Packaging & Hardware,LITER,6.19,6.61,1156,3154,4447,100,37,False,SUP-0043,SUP-0070,2025-01-01T00:00:00
MAT-00954,SKU-RAW-00954,Carbon Steel Bars Grade-MilSpec-954,Raw Metallurgy,KG,120.08,125.17,303,1109,1581,500,31,False,SUP-0027,SUP-0069,2025-01-01T00:00:00
MAT-00955,SKU-ELE-00955,PCBs Grade-Commercial-955,Electronic Components,METER,22.41,21.66,564,1639,2886,250,25,False,SUP-0068,SUP-0048,2025-01-01T00:00:00
MAT-00956,SKU-ELE-00956,Capacitors Grade-Commercial-956,Electronic Components,SET,83.85,82.45,81,256,458,50,25,False,SUP-0056,SUP-0054,2025-01-01T00:00:00
MAT-00957,SKU-POL-00957,Epoxy Adhesives Grade-B-957,Polymers & Chemical,LITER,35.77,38.32,382,1022,1897,50,20,False,SUP-0013,SUP-0051,2025-01-01T00:00:00
MAT-00958,SKU-MEC-00958,Gears Grade-Commercial-958,Mechanical & Machining,LITER,40.55,41.38,573,1653,3147,1000,27,False,SUP-0116,SUP-0077,2025-01-01T00:00:00
MAT-00959,SKU-RAW-00959,Titanium Plates Grade-Commercial-959,Raw Metallurgy,SET,45.91,47.22,876,2476,4356,50,25,False,SUP-0064,SUP-0097,2025-01-01T00:00:00
MAT-00960,SKU-POL-00960,Silicone Gaskets Grade-A-960,Polymers & Chemical,SET,40.14,44.8,249,776,1345,250,31,False,SUP-0084,SUP-0023,2025-01-01T00:00:00
MAT-00961,SKU-POL-00961,Polycarbonate Sheets Grade-A-961,Polymers & Chemical,SET,49.75,49.49,1502,4076,6766,50,33,False,SUP-0065,SUP-0011,2025-01-01T00:00:00
MAT-00962,SKU-MEC-00962,Bearings Grade-MilSpec-962,Mechanical & Machining,BOX,105.85,102.48,1028,3296,5123,50,42,False,SUP-0096,SUP-0077,2025-01-01T00:00:00
MAT-00963,SKU-POL-00963,Silicone Gaskets Grade-B-963,Polymers & Chemical,KG,30.45,31.8,167,692,985,500,25,False,SUP-0026,SUP-0042,2025-01-01T00:00:00
MAT-00964,SKU-POL-00964,Industrial Lubricants Grade-B-964,Polymers & Chemical,BOX,53.51,57.29,1229,3725,7609,100,39,False,SUP-0102,SUP-0023,2025-01-01T00:00:00
MAT-00965,SKU-MEC-00965,Hydraulic Valves Grade-MilSpec-965,Mechanical & Machining,BOX,22.23,25.4,1467,4094,5962,250,37,True,SUP-0012,,2025-01-01T00:00:00
MAT-00966,SKU-RAW-00966,Titanium Plates Grade-A-966,Raw Metallurgy,BOX,119.6,132.2,124,404,800,100,35,False,SUP-0069,SUP-0092,2025-01-01T00:00:00
MAT-00967,SKU-POL-00967,ABS Resin Pellets Grade-Industrial-967,Polymers & Chemical,LITER,11.66,12.75,273,1099,2283,500,14,False,SUP-0084,SUP-0057,2025-01-01T00:00:00
MAT-00968,SKU-ELE-00968,Capacitors Grade-Industrial-968,Electronic Components,LITER,177.87,192.33,500,1820,3028,1000,20,False,SUP-0032,SUP-0102,2025-01-01T00:00:00
MAT-00969,SKU-ELE-00969,PCBs Grade-MilSpec-969,Electronic Components,KG,23.47,25.85,838,2483,4604,500,35,False,SUP-0089,SUP-0057,2025-01-01T00:00:00
MAT-00970,SKU-ELE-00970,Capacitors Grade-B-970,Electronic Components,SET,5.08,5.12,499,1774,3499,500,25,False,SUP-0048,SUP-0073,2025-01-01T00:00:00
MAT-00971,SKU-RAW-00971,Copper Rods Grade-MilSpec-971,Raw Metallurgy,BOX,28.24,28.49,401,1436,2451,1000,45,False,SUP-0089,SUP-0017,2025-01-01T00:00:00
MAT-00972,SKU-MEC-00972,CNC Castings Grade-B-972,Mechanical & Machining,SET,11.6,11.72,1180,3980,7541,50,40,False,SUP-0034,SUP-0047,2025-01-01T00:00:00
MAT-00973,SKU-RAW-00973,Sheet Metal Stainless 304 Grade-Commercial-973,Raw Metallurgy,SET,61.85,62.65,639,1778,3174,250,17,False,SUP-0111,SUP-0119,2025-01-01T00:00:00
MAT-00974,SKU-POL-00974,ABS Resin Pellets Grade-A-974,Polymers & Chemical,METER,11.97,11.91,154,534,943,1000,19,False,SUP-0020,SUP-0036,2025-01-01T00:00:00
MAT-00975,SKU-ELE-00975,Connectors Grade-B-975,Electronic Components,BOX,15.02,14.88,215,691,1117,500,28,False,SUP-0052,SUP-0081,2025-01-01T00:00:00
MAT-00976,SKU-PAC-00976,Corrugated Heavy Boxes Grade-A-976,Packaging & Hardware,LITER,3.07,3.26,226,842,1662,50,22,False,SUP-0033,SUP-0103,2025-01-01T00:00:00
MAT-00977,SKU-ELE-00977,Connectors Grade-Industrial-977,Electronic Components,SET,14.92,15.0,89,284,411,50,15,False,SUP-0094,SUP-0107,2025-01-01T00:00:00
MAT-00978,SKU-MEC-00978,Bearings Grade-Commercial-978,Mechanical & Machining,LITER,1.71,1.78,177,672,1003,25,11,False,SUP-0101,SUP-0007,2025-01-01T00:00:00
MAT-00979,SKU-POL-00979,Polycarbonate Sheets Grade-A-979,Polymers & Chemical,SET,4.3,4.59,113,377,800,1000,44,False,SUP-0039,SUP-0073,2025-01-01T00:00:00
MAT-00980,SKU-POL-00980,Polycarbonate Sheets Grade-Commercial-980,Polymers & Chemical,BOX,56.63,60.76,977,3542,6747,100,45,False,SUP-0001,SUP-0033,2025-01-01T00:00:00
MAT-00981,SKU-PAC-00981,Antistatic Foam Grade-Commercial-981,Packaging & Hardware,METER,58.23,66.4,385,1393,2575,100,28,False,SUP-0112,SUP-0069,2025-01-01T00:00:00
MAT-00982,SKU-POL-00982,ABS Resin Pellets Grade-B-982,Polymers & Chemical,LITER,39.17,37.26,408,1564,3141,1000,17,False,SUP-0066,SUP-0061,2025-01-01T00:00:00
MAT-00983,SKU-RAW-00983,Aluminum Billets 6061 Grade-MilSpec-983,Raw Metallurgy,METER,8.47,9.13,137,515,927,100,21,False,SUP-0024,SUP-0025,2025-01-01T00:00:00
MAT-00984,SKU-PAC-00984,Antistatic Foam Grade-A-984,Packaging & Hardware,BOX,23.28,23.51,224,872,1755,50,27,False,SUP-0074,SUP-0087,2025-01-01T00:00:00
MAT-00985,SKU-MEC-00985,Bearings Grade-B-985,Mechanical & Machining,METER,24.44,27.89,513,1905,3067,100,24,False,SUP-0084,SUP-0077,2025-01-01T00:00:00
MAT-00986,SKU-RAW-00986,Sheet Metal Stainless 304 Grade-Industrial-986,Raw Metallurgy,METER,6.86,7.51,701,2197,4416,25,34,False,SUP-0041,SUP-0058,2025-01-01T00:00:00
MAT-00987,SKU-POL-00987,ABS Resin Pellets Grade-MilSpec-987,Polymers & Chemical,METER,128.22,138.37,174,494,771,1000,8,False,SUP-0059,SUP-0099,2025-01-01T00:00:00
MAT-00988,SKU-RAW-00988,Carbon Steel Bars Grade-Industrial-988,Raw Metallurgy,PCS,64.4,65.33,778,2222,4208,250,19,False,SUP-0042,SUP-0072,2025-01-01T00:00:00
MAT-00989,SKU-RAW-00989,Aluminum Billets 6061 Grade-A-989,Raw Metallurgy,KG,19.24,18.9,312,897,1535,1000,9,False,SUP-0093,SUP-0076,2025-01-01T00:00:00
MAT-00990,SKU-POL-00990,Polycarbonate Sheets Grade-Industrial-990,Polymers & Chemical,SET,25.27,26.97,673,2313,4947,25,41,True,SUP-0004,,2025-01-01T00:00:00
MAT-00991,SKU-POL-00991,Polycarbonate Sheets Grade-A-991,Polymers & Chemical,METER,30.85,35.34,411,1467,2288,25,44,False,SUP-0106,SUP-0020,2025-01-01T00:00:00
MAT-00992,SKU-POL-00992,Polycarbonate Sheets Grade-Industrial-992,Polymers & Chemical,SET,2.6,2.75,114,450,907,1000,8,False,SUP-0072,SUP-0068,2025-01-01T00:00:00
MAT-00993,SKU-RAW-00993,Carbon Steel Bars Grade-MilSpec-993,Raw Metallurgy,BOX,18.69,21.06,755,2645,5136,1000,30,False,SUP-0060,SUP-0030,2025-01-01T00:00:00
MAT-00994,SKU-RAW-00994,Carbon Steel Bars Grade-Commercial-994,Raw Metallurgy,BOX,11.59,13.17,1022,2910,5931,500,32,False,SUP-0083,SUP-0053,2025-01-01T00:00:00
MAT-00995,SKU-ELE-00995,Connectors Grade-Industrial-995,Electronic Components,PCS,8.15,8.66,844,2730,5077,1000,41,False,SUP-0065,SUP-0112,2025-01-01T00:00:00
MAT-00996,SKU-ELE-00996,Microcontrollers Grade-Commercial-996,Electronic Components,PCS,18.01,20.62,396,1236,2193,1000,12,False,SUP-0069,SUP-0021,2025-01-01T00:00:00
MAT-00997,SKU-MEC-00997,CNC Castings Grade-MilSpec-997,Mechanical & Machining,METER,177.23,184.88,183,700,1302,250,11,False,SUP-0095,SUP-0020,2025-01-01T00:00:00
MAT-00998,SKU-PAC-00998,Antistatic Foam Grade-A-998,Packaging & Hardware,LITER,49.65,52.87,381,1272,2044,50,27,True,SUP-0003,SUP-0002,2025-01-01T00:00:00
MAT-00999,SKU-PAC-00999,Vibration Dampers Grade-Commercial-999,Packaging & Hardware,LITER,13.09,14.15,743,2893,5839,50,43,False,SUP-0106,SUP-0074,2025-01-01T00:00:00
MAT-01000,SKU-RAW-01000,Sheet Metal Stainless 304 Grade-A-1000,Raw Metallurgy,PCS,46.06,48.67,348,1209,1759,100,41,False,SUP-0006,SUP-0100,2025-01-01T00:00:00
MAT-01001,SKU-MEC-01001,Hydraulic Valves Grade-B-1001,Mechanical & Machining,METER,114.35,112.37,285,1213,2549,250,29,False,SUP-0030,SUP-0120,2025-01-01T00:00:00
MAT-01002,SKU-ELE-01002,PCBs Grade-A-1002,Electronic Components,LITER,67.84,76.22,166,551,858,250,35,False,SUP-0027,SUP-0049,2025-01-01T00:00:00
MAT-01003,SKU-PAC-01003,Corrugated Heavy Boxes Grade-A-1003,Packaging & Hardware,KG,26.2,27.55,168,668,1196,500,20,False,SUP-0067,SUP-0016,2025-01-01T00:00:00
MAT-01004,SKU-RAW-01004,Carbon Steel Bars Grade-MilSpec-1004,Raw Metallurgy,KG,12.04,11.94,571,1551,2191,250,14,True,SUP-0062,SUP-0033,2025-01-01T00:00:00
MAT-01005,SKU-POL-01005,Industrial Lubricants Grade-A-1005,Polymers & Chemical,METER,52.88,54.05,541,1444,2119,1000,21,False,SUP-0009,SUP-0056,2025-01-01T00:00:00
MAT-01006,SKU-POL-01006,Industrial Lubricants Grade-A-1006,Polymers & Chemical,METER,37.82,41.45,304,952,1430,50,18,False,SUP-0006,SUP-0019,2025-01-01T00:00:00
MAT-01007,SKU-MEC-01007,Gears Grade-A-1007,Mechanical & Machining,PCS,65.67,70.22,611,1871,3851,250,30,False,SUP-0095,SUP-0085,2025-01-01T00:00:00
MAT-01008,SKU-MEC-01008,Hydraulic Valves Grade-Commercial-1008,Mechanical & Machining,KG,49.34,54.19,99,422,659,250,17,False,SUP-0024,SUP-0047,2025-01-01T00:00:00
MAT-01009,SKU-RAW-01009,Carbon Steel Bars Grade-Commercial-1009,Raw Metallurgy,METER,77.83,74.38,82,226,324,250,16,True,SUP-0096,,2025-01-01T00:00:00
MAT-01010,SKU-PAC-01010,Thermal Pallet Wraps Grade-B-1010,Packaging & Hardware,KG,13.62,13.21,212,850,1513,250,11,False,SUP-0029,SUP-0012,2025-01-01T00:00:00
MAT-01011,SKU-PAC-01011,Antistatic Foam Grade-B-1011,Packaging & Hardware,SET,104.49,116.18,281,848,1435,500,27,True,SUP-0082,,2025-01-01T00:00:00
MAT-01012,SKU-ELE-01012,PCBs Grade-MilSpec-1012,Electronic Components,BOX,30.49,34.03,568,1618,2449,1000,15,False,SUP-0017,SUP-0029,2025-01-01T00:00:00
MAT-01013,SKU-ELE-01013,Microcontrollers Grade-MilSpec-1013,Electronic Components,METER,240.52,271.16,617,1821,3222,500,28,True,SUP-0019,,2025-01-01T00:00:00
MAT-01014,SKU-PAC-01014,Thermal Pallet Wraps Grade-Commercial-1014,Packaging & Hardware,METER,11.49,12.66,527,1539,3202,1000,44,False,SUP-0055,SUP-0048,2025-01-01T00:00:00
MAT-01015,SKU-POL-01015,ABS Resin Pellets Grade-B-1015,Polymers & Chemical,KG,165.6,157.79,249,844,1189,250,17,False,SUP-0107,SUP-0102,2025-01-01T00:00:00
MAT-01016,SKU-POL-01016,Silicone Gaskets Grade-B-1016,Polymers & Chemical,BOX,30.5,34.28,560,1712,3144,25,36,False,SUP-0052,SUP-0058,2025-01-01T00:00:00
MAT-01017,SKU-RAW-01017,Titanium Plates Grade-Industrial-1017,Raw Metallurgy,METER,11.98,13.77,1229,4043,5972,100,42,False,SUP-0044,SUP-0104,2025-01-01T00:00:00
MAT-01018,SKU-PAC-01018,Vibration Dampers Grade-A-1018,Packaging & Hardware,METER,14.41,14.92,296,1178,2320,50,14,True,SUP-0013,SUP-0030,2025-01-01T00:00:00
MAT-01019,SKU-RAW-01019,Carbon Steel Bars Grade-MilSpec-1019,Raw Metallurgy,LITER,17.25,18.3,489,1385,2920,500,32,False,SUP-0111,SUP-0065,2025-01-01T00:00:00
MAT-01020,SKU-MEC-01020,Hydraulic Valves Grade-B-1020,Mechanical & Machining,PCS,39.12,38.72,575,1607,2924,500,43,False,SUP-0068,SUP-0077,2025-01-01T00:00:00
MAT-01021,SKU-RAW-01021,Titanium Plates Grade-B-1021,Raw Metallurgy,BOX,43.6,49.68,141,430,897,50,17,False,SUP-0048,SUP-0021,2025-01-01T00:00:00
MAT-01022,SKU-MEC-01022,Bearings Grade-Commercial-1022,Mechanical & Machining,LITER,13.05,14.64,1277,3437,7269,250,40,False,SUP-0052,SUP-0038,2025-01-01T00:00:00
MAT-01023,SKU-RAW-01023,Sheet Metal Stainless 304 Grade-Industrial-1023,Raw Metallurgy,PCS,23.88,23.04,819,2214,3204,250,45,False,SUP-0086,SUP-0040,2025-01-01T00:00:00
MAT-01024,SKU-MEC-01024,Hydraulic Valves Grade-MilSpec-1024,Mechanical & Machining,KG,258.91,285.56,344,1169,1817,100,33,False,SUP-0032,SUP-0051,2025-01-01T00:00:00
MAT-01025,SKU-ELE-01025,Capacitors Grade-Industrial-1025,Electronic Components,KG,164.07,185.16,207,687,1331,100,20,False,SUP-0095,SUP-0075,2025-01-01T00:00:00
MAT-01026,SKU-ELE-01026,Microcontrollers Grade-Commercial-1026,Electronic Components,METER,39.64,41.81,463,1653,2479,1000,35,False,SUP-0077,SUP-0061,2025-01-01T00:00:00
MAT-01027,SKU-PAC-01027,Antistatic Foam Grade-B-1027,Packaging & Hardware,PCS,25.58,28.8,145,496,1047,25,9,False,SUP-0093,SUP-0044,2025-01-01T00:00:00
MAT-01028,SKU-POL-01028,Industrial Lubricants Grade-Commercial-1028,Polymers & Chemical,KG,28.0,31.51,402,1284,1888,1000,21,False,SUP-0102,SUP-0063,2025-01-01T00:00:00
MAT-01029,SKU-PAC-01029,Thermal Pallet Wraps Grade-Industrial-1029,Packaging & Hardware,KG,48.18,54.15,627,2607,3869,100,33,False,SUP-0108,SUP-0090,2025-01-01T00:00:00
MAT-01030,SKU-RAW-01030,Carbon Steel Bars Grade-Commercial-1030,Raw Metallurgy,METER,7.96,8.23,40,118,211,500,13,False,SUP-0046,SUP-0011,2025-01-01T00:00:00
MAT-01031,SKU-POL-01031,Polycarbonate Sheets Grade-Commercial-1031,Polymers & Chemical,LITER,18.48,20.02,1885,5305,9021,500,45,True,SUP-0091,SUP-0063,2025-01-01T00:00:00
MAT-01032,SKU-POL-01032,ABS Resin Pellets Grade-Commercial-1032,Polymers & Chemical,PCS,3.91,4.18,140,378,601,500,14,False,SUP-0013,SUP-0074,2025-01-01T00:00:00
MAT-01033,SKU-PAC-01033,Antistatic Foam Grade-MilSpec-1033,Packaging & Hardware,BOX,38.06,41.82,1514,4223,6038,250,43,False,SUP-0101,SUP-0057,2025-01-01T00:00:00
MAT-01034,SKU-POL-01034,ABS Resin Pellets Grade-B-1034,Polymers & Chemical,SET,49.99,49.3,749,2135,4234,100,33,False,SUP-0043,SUP-0013,2025-01-01T00:00:00
MAT-01035,SKU-RAW-01035,Carbon Steel Bars Grade-Industrial-1035,Raw Metallurgy,KG,14.42,14.5,234,880,1774,500,17,False,SUP-0042,SUP-0059,2025-01-01T00:00:00
MAT-01036,SKU-RAW-01036,Copper Rods Grade-Industrial-1036,Raw Metallurgy,KG,138.57,155.05,605,2138,3516,1000,21,False,SUP-0043,SUP-0046,2025-01-01T00:00:00
MAT-01037,SKU-ELE-01037,PCBs Grade-Industrial-1037,Electronic Components,SET,6.37,6.68,585,2029,4148,100,38,False,SUP-0049,SUP-0026,2025-01-01T00:00:00
MAT-01038,SKU-MEC-01038,Hydraulic Valves Grade-Industrial-1038,Mechanical & Machining,PCS,4.9,4.76,1001,2901,5310,250,25,False,SUP-0117,SUP-0065,2025-01-01T00:00:00
MAT-01039,SKU-PAC-01039,Corrugated Heavy Boxes Grade-B-1039,Packaging & Hardware,PCS,31.4,30.4,442,1730,2892,100,23,False,SUP-0113,SUP-0085,2025-01-01T00:00:00
MAT-01040,SKU-POL-01040,Polycarbonate Sheets Grade-MilSpec-1040,Polymers & Chemical,PCS,77.62,86.86,1067,2873,4766,50,43,False,SUP-0113,SUP-0114,2025-01-01T00:00:00
MAT-01041,SKU-POL-01041,ABS Resin Pellets Grade-B-1041,Polymers & Chemical,SET,156.38,153.41,258,951,1503,1000,21,False,SUP-0004,SUP-0064,2025-01-01T00:00:00
MAT-01042,SKU-MEC-01042,Hydraulic Valves Grade-A-1042,Mechanical & Machining,METER,14.81,14.79,1133,3569,6618,250,42,True,SUP-0108,SUP-0057,2025-01-01T00:00:00
MAT-01043,SKU-MEC-01043,Bearings Grade-Commercial-1043,Mechanical & Machining,LITER,80.36,86.42,616,1756,2828,100,30,False,SUP-0050,SUP-0096,2025-01-01T00:00:00
MAT-01044,SKU-RAW-01044,Sheet Metal Stainless 304 Grade-Industrial-1044,Raw Metallurgy,SET,23.52,24.02,699,2175,3213,500,41,False,SUP-0018,SUP-0042,2025-01-01T00:00:00
MAT-01045,SKU-POL-01045,Epoxy Adhesives Grade-Industrial-1045,Polymers & Chemical,PCS,20.29,22.55,692,2267,4215,25,21,False,SUP-0093,SUP-0045,2025-01-01T00:00:00
MAT-01046,SKU-POL-01046,Epoxy Adhesives Grade-MilSpec-1046,Polymers & Chemical,LITER,64.85,69.27,1289,3893,8240,250,42,True,SUP-0003,SUP-0072,2025-01-01T00:00:00
MAT-01047,SKU-MEC-01047,CNC Castings Grade-Industrial-1047,Mechanical & Machining,PCS,50.28,57.37,161,521,1022,50,45,False,SUP-0033,SUP-0115,2025-01-01T00:00:00
MAT-01048,SKU-POL-01048,Polycarbonate Sheets Grade-MilSpec-1048,Polymers & Chemical,METER,4.33,4.58,1753,4756,7207,500,39,False,SUP-0043,SUP-0030,2025-01-01T00:00:00
MAT-01049,SKU-PAC-01049,Vibration Dampers Grade-A-1049,Packaging & Hardware,SET,124.49,119.58,70,224,444,1000,11,False,SUP-0076,SUP-0016,2025-01-01T00:00:00
MAT-01050,SKU-MEC-01050,Hydraulic Valves Grade-Commercial-1050,Mechanical & Machining,KG,111.96,125.08,185,749,1290,1000,12,True,SUP-0094,SUP-0016,2025-01-01T00:00:00
MAT-01051,SKU-POL-01051,Industrial Lubricants Grade-MilSpec-1051,Polymers & Chemical,BOX,12.33,12.88,450,1726,3010,100,29,False,SUP-0024,SUP-0013,2025-01-01T00:00:00
MAT-01052,SKU-POL-01052,ABS Resin Pellets Grade-B-1052,Polymers & Chemical,METER,37.92,39.07,182,602,888,100,28,False,SUP-0083,SUP-0082,2025-01-01T00:00:00
MAT-01053,SKU-ELE-01053,Connectors Grade-A-1053,Electronic Components,SET,42.24,40.63,151,655,1118,25,7,False,SUP-0022,SUP-0001,2025-01-01T00:00:00
MAT-01054,SKU-PAC-01054,Thermal Pallet Wraps Grade-Industrial-1054,Packaging & Hardware,PCS,32.68,37.29,419,1567,2626,1000,41,False,SUP-0080,SUP-0064,2025-01-01T00:00:00
MAT-01055,SKU-MEC-01055,Bearings Grade-Industrial-1055,Mechanical & Machining,SET,13.39,13.19,362,1415,2908,25,39,False,SUP-0109,SUP-0113,2025-01-01T00:00:00
MAT-01056,SKU-PAC-01056,Corrugated Heavy Boxes Grade-Commercial-1056,Packaging & Hardware,PCS,11.72,13.03,420,1302,1997,25,18,False,SUP-0038,SUP-0014,2025-01-01T00:00:00
MAT-01057,SKU-POL-01057,Polycarbonate Sheets Grade-Commercial-1057,Polymers & Chemical,KG,23.85,27.41,1244,3569,7691,1000,31,False,SUP-0059,SUP-0119,2025-01-01T00:00:00
MAT-01058,SKU-PAC-01058,Corrugated Heavy Boxes Grade-Industrial-1058,Packaging & Hardware,KG,89.12,91.18,289,1217,1760,250,32,False,SUP-0105,SUP-0063,2025-01-01T00:00:00
MAT-01059,SKU-PAC-01059,Corrugated Heavy Boxes Grade-Commercial-1059,Packaging & Hardware,PCS,44.61,48.3,1459,4657,9339,1000,41,False,SUP-0068,SUP-0073,2025-01-01T00:00:00
MAT-01060,SKU-MEC-01060,Shafts Grade-Industrial-1060,Mechanical & Machining,KG,16.32,16.97,786,2690,4821,250,34,False,SUP-0081,SUP-0055,2025-01-01T00:00:00
MAT-01061,SKU-ELE-01061,Sensors Grade-Commercial-1061,Electronic Components,LITER,57.33,61.45,187,597,855,25,10,False,SUP-0101,SUP-0099,2025-01-01T00:00:00
MAT-01062,SKU-RAW-01062,Titanium Plates Grade-Commercial-1062,Raw Metallurgy,SET,1.5,1.48,47,127,216,100,10,False,SUP-0007,SUP-0069,2025-01-01T00:00:00
MAT-01063,SKU-PAC-01063,Corrugated Heavy Boxes Grade-MilSpec-1063,Packaging & Hardware,BOX,86.8,91.29,65,265,572,50,20,False,SUP-0066,SUP-0048,2025-01-01T00:00:00
MAT-01064,SKU-RAW-01064,Aluminum Billets 6061 Grade-B-1064,Raw Metallurgy,LITER,3.62,3.59,604,1664,2484,100,20,False,SUP-0002,SUP-0006,2025-01-01T00:00:00
MAT-01065,SKU-ELE-01065,Capacitors Grade-Industrial-1065,Electronic Components,KG,16.47,18.9,174,678,1273,500,9,False,SUP-0048,SUP-0118,2025-01-01T00:00:00
MAT-01066,SKU-RAW-01066,Copper Rods Grade-Commercial-1066,Raw Metallurgy,BOX,7.16,8.04,652,1939,3359,250,33,False,SUP-0027,SUP-0113,2025-01-01T00:00:00
MAT-01067,SKU-POL-01067,Silicone Gaskets Grade-B-1067,Polymers & Chemical,LITER,5.91,5.91,463,1393,2198,1000,15,True,SUP-0006,SUP-0090,2025-01-01T00:00:00
MAT-01068,SKU-ELE-01068,Microcontrollers Grade-B-1068,Electronic Components,LITER,87.96,84.73,456,1640,2671,500,32,False,SUP-0022,SUP-0095,2025-01-01T00:00:00
MAT-01069,SKU-RAW-01069,Aluminum Billets 6061 Grade-A-1069,Raw Metallurgy,LITER,14.67,16.35,436,1728,3795,250,19,False,SUP-0012,SUP-0072,2025-01-01T00:00:00
MAT-01070,SKU-POL-01070,ABS Resin Pellets Grade-A-1070,Polymers & Chemical,KG,35.91,34.39,123,409,693,1000,22,False,SUP-0011,SUP-0098,2025-01-01T00:00:00
MAT-01071,SKU-MEC-01071,Gears Grade-Commercial-1071,Mechanical & Machining,PCS,23.3,25.22,262,1099,1551,50,27,False,SUP-0025,SUP-0099,2025-01-01T00:00:00
MAT-01072,SKU-RAW-01072,Carbon Steel Bars Grade-B-1072,Raw Metallurgy,METER,41.46,43.22,495,1343,2423,50,16,False,SUP-0008,SUP-0051,2025-01-01T00:00:00
MAT-01073,SKU-MEC-01073,Hydraulic Valves Grade-Industrial-1073,Mechanical & Machining,BOX,26.7,29.22,840,2640,3998,100,25,True,SUP-0095,,2025-01-01T00:00:00
MAT-01074,SKU-ELE-01074,Microcontrollers Grade-A-1074,Electronic Components,LITER,5.98,6.3,429,1809,3837,1000,30,True,SUP-0093,SUP-0120,2025-01-01T00:00:00
MAT-01075,SKU-MEC-01075,CNC Castings Grade-MilSpec-1075,Mechanical & Machining,PCS,73.4,77.99,222,642,916,500,21,False,SUP-0099,SUP-0073,2025-01-01T00:00:00
MAT-01076,SKU-ELE-01076,Microcontrollers Grade-MilSpec-1076,Electronic Components,SET,14.25,15.38,688,2052,3878,100,22,False,SUP-0079,SUP-0050,2025-01-01T00:00:00
MAT-01077,SKU-POL-01077,Industrial Lubricants Grade-B-1077,Polymers & Chemical,LITER,4.43,4.68,501,1338,2817,100,31,False,SUP-0019,SUP-0037,2025-01-01T00:00:00
MAT-01078,SKU-ELE-01078,PCBs Grade-Industrial-1078,Electronic Components,KG,15.32,14.68,367,1455,2766,50,32,False,SUP-0113,SUP-0070,2025-01-01T00:00:00
MAT-01079,SKU-POL-01079,Industrial Lubricants Grade-MilSpec-1079,Polymers & Chemical,LITER,127.85,140.21,568,1996,3431,1000,28,False,SUP-0050,SUP-0060,2025-01-01T00:00:00
MAT-01080,SKU-PAC-01080,Hex Flange Bolts M8 Grade-B-1080,Packaging & Hardware,KG,62.5,68.28,852,2688,5406,250,36,False,SUP-0112,SUP-0094,2025-01-01T00:00:00
MAT-01081,SKU-RAW-01081,Carbon Steel Bars Grade-B-1081,Raw Metallurgy,LITER,16.72,16.36,205,775,1294,50,10,True,SUP-0039,SUP-0116,2025-01-01T00:00:00
MAT-01082,SKU-POL-01082,Epoxy Adhesives Grade-MilSpec-1082,Polymers & Chemical,KG,16.71,19.03,890,2567,4910,500,43,True,SUP-0019,,2025-01-01T00:00:00
MAT-01083,SKU-MEC-01083,Hydraulic Valves Grade-MilSpec-1083,Mechanical & Machining,METER,17.22,17.97,873,2682,5392,500,27,False,SUP-0017,SUP-0098,2025-01-01T00:00:00
MAT-01084,SKU-ELE-01084,Microcontrollers Grade-A-1084,Electronic Components,PCS,240.91,229.9,222,786,1667,50,12,False,SUP-0112,SUP-0007,2025-01-01T00:00:00
MAT-01085,SKU-MEC-01085,Hydraulic Valves Grade-Industrial-1085,Mechanical & Machining,PCS,37.34,38.18,921,3215,4951,100,37,False,SUP-0075,SUP-0116,2025-01-01T00:00:00
MAT-01086,SKU-ELE-01086,Connectors Grade-B-1086,Electronic Components,KG,39.37,38.69,1559,4751,9311,100,42,True,SUP-0053,SUP-0021,2025-01-01T00:00:00
MAT-01087,SKU-MEC-01087,CNC Castings Grade-B-1087,Mechanical & Machining,LITER,76.2,73.87,594,1716,3207,100,17,True,SUP-0061,SUP-0049,2025-01-01T00:00:00
MAT-01088,SKU-POL-01088,Epoxy Adhesives Grade-Commercial-1088,Polymers & Chemical,KG,31.9,33.16,325,901,1311,50,12,True,SUP-0004,,2025-01-01T00:00:00
MAT-01089,SKU-PAC-01089,Vibration Dampers Grade-MilSpec-1089,Packaging & Hardware,KG,18.45,17.94,590,1740,3756,25,25,False,SUP-0086,SUP-0026,2025-01-01T00:00:00
MAT-01090,SKU-RAW-01090,Titanium Plates Grade-MilSpec-1090,Raw Metallurgy,PCS,19.77,21.24,319,1022,2233,25,19,False,SUP-0022,SUP-0047,2025-01-01T00:00:00
MAT-01091,SKU-POL-01091,Silicone Gaskets Grade-B-1091,Polymers & Chemical,PCS,22.67,24.48,524,2204,4407,1000,28,False,SUP-0034,SUP-0058,2025-01-01T00:00:00
MAT-01092,SKU-POL-01092,ABS Resin Pellets Grade-Industrial-1092,Polymers & Chemical,SET,23.55,22.52,78,336,572,250,43,False,SUP-0119,SUP-0080,2025-01-01T00:00:00
MAT-01093,SKU-POL-01093,Industrial Lubricants Grade-A-1093,Polymers & Chemical,BOX,54.62,59.23,1004,3384,5663,100,34,False,SUP-0043,SUP-0047,2025-01-01T00:00:00
MAT-01094,SKU-RAW-01094,Titanium Plates Grade-B-1094,Raw Metallurgy,LITER,25.98,26.14,998,2753,3904,50,39,True,SUP-0009,,2025-01-01T00:00:00
MAT-01095,SKU-ELE-01095,Capacitors Grade-A-1095,Electronic Components,KG,54.92,56.28,53,229,323,100,11,False,SUP-0103,SUP-0031,2025-01-01T00:00:00
MAT-01096,SKU-PAC-01096,Corrugated Heavy Boxes Grade-B-1096,Packaging & Hardware,SET,22.45,24.14,295,906,1309,50,13,False,SUP-0059,SUP-0081,2025-01-01T00:00:00
MAT-01097,SKU-MEC-01097,CNC Castings Grade-B-1097,Mechanical & Machining,PCS,26.75,29.26,159,469,801,1000,10,True,SUP-0095,,2025-01-01T00:00:00
MAT-01098,SKU-PAC-01098,Hex Flange Bolts M8 Grade-MilSpec-1098,Packaging & Hardware,KG,2.72,2.97,844,2469,4625,25,25,False,SUP-0091,SUP-0024,2025-01-01T00:00:00
MAT-01099,SKU-POL-01099,Polycarbonate Sheets Grade-Commercial-1099,Polymers & Chemical,PCS,67.22,64.93,1883,5065,9927,1000,43,False,SUP-0034,SUP-0019,2025-01-01T00:00:00
MAT-01100,SKU-ELE-01100,Capacitors Grade-B-1100,Electronic Components,METER,35.91,39.55,960,2960,5343,100,25,False,SUP-0051,SUP-0082,2025-01-01T00:00:00
MAT-01101,SKU-MEC-01101,Gears Grade-Industrial-1101,Mechanical & Machining,METER,73.54,80.68,486,1411,2048,25,25,False,SUP-0084,SUP-0114,2025-01-01T00:00:00
MAT-01102,SKU-POL-01102,Silicone Gaskets Grade-A-1102,Polymers & Chemical,SET,1.5,1.65,257,691,1340,100,7,False,SUP-0087,SUP-0098,2025-01-01T00:00:00
MAT-01103,SKU-PAC-01103,Vibration Dampers Grade-Commercial-1103,Packaging & Hardware,BOX,244.01,278.63,641,2216,4540,100,35,False,SUP-0094,SUP-0108,2025-01-01T00:00:00
MAT-01104,SKU-POL-01104,Silicone Gaskets Grade-MilSpec-1104,Polymers & Chemical,METER,21.04,22.29,118,352,608,250,9,False,SUP-0030,SUP-0076,2025-01-01T00:00:00
MAT-01105,SKU-RAW-01105,Copper Rods Grade-MilSpec-1105,Raw Metallurgy,LITER,83.01,86.37,260,724,1470,250,8,False,SUP-0097,SUP-0050,2025-01-01T00:00:00
MAT-01106,SKU-MEC-01106,Gears Grade-Industrial-1106,Mechanical & Machining,PCS,7.82,8.11,616,1672,2631,25,44,False,SUP-0116,SUP-0023,2025-01-01T00:00:00
MAT-01107,SKU-POL-01107,Industrial Lubricants Grade-B-1107,Polymers & Chemical,METER,48.14,48.98,662,2462,4405,1000,24,True,SUP-0082,,2025-01-01T00:00:00
MAT-01108,SKU-POL-01108,Industrial Lubricants Grade-MilSpec-1108,Polymers & Chemical,KG,7.7,8.07,179,530,999,50,27,False,SUP-0046,SUP-0014,2025-01-01T00:00:00
MAT-01109,SKU-MEC-01109,Bearings Grade-MilSpec-1109,Mechanical & Machining,KG,12.35,12.76,630,1878,3273,25,26,True,SUP-0019,,2025-01-01T00:00:00
MAT-01110,SKU-PAC-01110,Hex Flange Bolts M8 Grade-Commercial-1110,Packaging & Hardware,METER,201.43,205.1,295,925,1645,25,30,False,SUP-0089,SUP-0111,2025-01-01T00:00:00
MAT-01111,SKU-POL-01111,Silicone Gaskets Grade-MilSpec-1111,Polymers & Chemical,KG,19.89,19.73,892,2557,4715,500,37,False,SUP-0030,SUP-0117,2025-01-01T00:00:00
MAT-01112,SKU-RAW-01112,Sheet Metal Stainless 304 Grade-B-1112,Raw Metallurgy,METER,31.16,34.47,957,2717,4345,500,22,False,SUP-0117,SUP-0030,2025-01-01T00:00:00
MAT-01113,SKU-POL-01113,ABS Resin Pellets Grade-Industrial-1113,Polymers & Chemical,SET,63.88,71.94,253,805,1424,1000,12,False,SUP-0019,SUP-0080,2025-01-01T00:00:00
MAT-01114,SKU-RAW-01114,Aluminum Billets 6061 Grade-MilSpec-1114,Raw Metallurgy,LITER,42.32,46.78,382,1072,1551,50,30,False,SUP-0036,SUP-0092,2025-01-01T00:00:00
MAT-01115,SKU-MEC-01115,CNC Castings Grade-Industrial-1115,Mechanical & Machining,METER,28.95,32.28,469,1522,2513,500,27,False,SUP-0019,SUP-0101,2025-01-01T00:00:00
MAT-01116,SKU-MEC-01116,Hydraulic Valves Grade-Commercial-1116,Mechanical & Machining,SET,36.65,35.7,625,1785,2902,250,40,False,SUP-0095,SUP-0114,2025-01-01T00:00:00
MAT-01117,SKU-POL-01117,ABS Resin Pellets Grade-Industrial-1117,Polymers & Chemical,METER,345.07,341.91,285,981,1982,50,12,False,SUP-0004,SUP-0084,2025-01-01T00:00:00
MAT-01118,SKU-POL-01118,Industrial Lubricants Grade-Commercial-1118,Polymers & Chemical,KG,23.03,24.61,551,1991,3912,250,36,False,SUP-0014,SUP-0120,2025-01-01T00:00:00
MAT-01119,SKU-RAW-01119,Sheet Metal Stainless 304 Grade-Commercial-1119,Raw Metallurgy,KG,30.61,31.06,1139,3914,6466,1000,37,True,SUP-0004,,2025-01-01T00:00:00
MAT-01120,SKU-POL-01120,Epoxy Adhesives Grade-A-1120,Polymers & Chemical,BOX,77.92,80.79,89,314,629,25,25,False,SUP-0023,SUP-0042,2025-01-01T00:00:00
MAT-01121,SKU-PAC-01121,Corrugated Heavy Boxes Grade-B-1121,Packaging & Hardware,LITER,82.77,79.69,180,730,1232,100,22,True,SUP-0068,,2025-01-01T00:00:00
MAT-01122,SKU-RAW-01122,Aluminum Billets 6061 Grade-MilSpec-1122,Raw Metallurgy,METER,90.53,99.6,1170,3546,6087,50,33,False,SUP-0070,SUP-0008,2025-01-01T00:00:00
MAT-01123,SKU-PAC-01123,Corrugated Heavy Boxes Grade-B-1123,Packaging & Hardware,LITER,49.53,48.63,237,985,1917,25,22,False,SUP-0112,SUP-0034,2025-01-01T00:00:00
MAT-01124,SKU-ELE-01124,Capacitors Grade-MilSpec-1124,Electronic Components,PCS,6.98,6.69,339,1197,2046,1000,39,False,SUP-0020,SUP-0112,2025-01-01T00:00:00
MAT-01125,SKU-POL-01125,ABS Resin Pellets Grade-Commercial-1125,Polymers & Chemical,METER,147.94,155.11,257,1082,2025,50,11,False,SUP-0090,SUP-0054,2025-01-01T00:00:00
MAT-01126,SKU-MEC-01126,Bearings Grade-MilSpec-1126,Mechanical & Machining,PCS,6.95,7.09,302,1134,2074,1000,32,True,SUP-0066,SUP-0116,2025-01-01T00:00:00
MAT-01127,SKU-PAC-01127,Vibration Dampers Grade-Industrial-1127,Packaging & Hardware,SET,34.22,35.07,371,1407,2980,250,28,False,SUP-0107,SUP-0026,2025-01-01T00:00:00
MAT-01128,SKU-ELE-01128,Sensors Grade-MilSpec-1128,Electronic Components,PCS,10.7,11.12,398,1518,2175,25,20,False,SUP-0086,SUP-0066,2025-01-01T00:00:00
MAT-01129,SKU-MEC-01129,Hydraulic Valves Grade-Commercial-1129,Mechanical & Machining,BOX,22.86,25.13,849,2929,4227,1000,26,False,SUP-0087,SUP-0028,2025-01-01T00:00:00
MAT-01130,SKU-MEC-01130,Bearings Grade-Industrial-1130,Mechanical & Machining,KG,35.22,37.06,283,1067,2301,250,28,False,SUP-0028,SUP-0107,2025-01-01T00:00:00
MAT-01131,SKU-RAW-01131,Copper Rods Grade-MilSpec-1131,Raw Metallurgy,SET,34.94,38.46,291,1193,1772,25,22,False,SUP-0062,SUP-0072,2025-01-01T00:00:00
MAT-01132,SKU-ELE-01132,Connectors Grade-A-1132,Electronic Components,PCS,39.02,44.46,1340,3619,5348,100,43,False,SUP-0039,SUP-0057,2025-01-01T00:00:00
MAT-01133,SKU-MEC-01133,Hydraulic Valves Grade-MilSpec-1133,Mechanical & Machining,BOX,144.76,162.9,220,607,996,100,9,True,SUP-0052,,2025-01-01T00:00:00
MAT-01134,SKU-POL-01134,Polycarbonate Sheets Grade-A-1134,Polymers & Chemical,BOX,40.4,44.39,356,1526,2241,50,18,False,SUP-0004,SUP-0113,2025-01-01T00:00:00
MAT-01135,SKU-POL-01135,Epoxy Adhesives Grade-Commercial-1135,Polymers & Chemical,METER,18.75,18.83,153,633,1229,25,20,False,SUP-0062,SUP-0009,2025-01-01T00:00:00
MAT-01136,SKU-ELE-01136,PCBs Grade-MilSpec-1136,Electronic Components,LITER,70.85,73.15,64,174,365,1000,11,False,SUP-0074,SUP-0115,2025-01-01T00:00:00
MAT-01137,SKU-RAW-01137,Copper Rods Grade-B-1137,Raw Metallurgy,METER,90.78,86.68,665,1890,4151,25,35,False,SUP-0112,SUP-0025,2025-01-01T00:00:00
MAT-01138,SKU-PAC-01138,Antistatic Foam Grade-Commercial-1138,Packaging & Hardware,BOX,6.36,6.66,112,387,726,250,25,False,SUP-0109,SUP-0096,2025-01-01T00:00:00
MAT-01139,SKU-POL-01139,Epoxy Adhesives Grade-B-1139,Polymers & Chemical,METER,47.33,51.2,323,944,1583,50,27,False,SUP-0071,SUP-0070,2025-01-01T00:00:00
MAT-01140,SKU-PAC-01140,Antistatic Foam Grade-Industrial-1140,Packaging & Hardware,LITER,53.05,60.83,1177,3965,8600,25,41,False,SUP-0019,SUP-0105,2025-01-01T00:00:00
MAT-01141,SKU-PAC-01141,Vibration Dampers Grade-B-1141,Packaging & Hardware,METER,17.68,20.07,713,1971,3300,1000,17,False,SUP-0058,SUP-0097,2025-01-01T00:00:00
MAT-01142,SKU-MEC-01142,Bearings Grade-Industrial-1142,Mechanical & Machining,SET,111.42,119.95,694,1864,3791,1000,15,False,SUP-0109,SUP-0103,2025-01-01T00:00:00
MAT-01143,SKU-POL-01143,ABS Resin Pellets Grade-MilSpec-1143,Polymers & Chemical,PCS,20.8,23.88,205,751,1382,50,7,False,SUP-0067,SUP-0014,2025-01-01T00:00:00
MAT-01144,SKU-MEC-01144,Shafts Grade-MilSpec-1144,Mechanical & Machining,PCS,28.17,28.6,1093,3293,5644,500,40,False,SUP-0048,SUP-0071,2025-01-01T00:00:00
MAT-01145,SKU-RAW-01145,Copper Rods Grade-A-1145,Raw Metallurgy,KG,20.28,21.86,115,318,691,25,7,False,SUP-0107,SUP-0089,2025-01-01T00:00:00
MAT-01146,SKU-POL-01146,Polycarbonate Sheets Grade-A-1146,Polymers & Chemical,BOX,24.96,28.45,624,1895,4095,50,41,False,SUP-0052,SUP-0039,2025-01-01T00:00:00
MAT-01147,SKU-ELE-01147,Microcontrollers Grade-A-1147,Electronic Components,METER,7.35,7.16,57,211,455,250,11,False,SUP-0100,SUP-0088,2025-01-01T00:00:00
MAT-01148,SKU-RAW-01148,Copper Rods Grade-A-1148,Raw Metallurgy,BOX,5.03,5.38,710,2172,4638,1000,34,False,SUP-0048,SUP-0027,2025-01-01T00:00:00
MAT-01149,SKU-PAC-01149,Thermal Pallet Wraps Grade-A-1149,Packaging & Hardware,BOX,141.73,148.57,764,2133,3641,500,37,True,SUP-0052,,2025-01-01T00:00:00
MAT-01150,SKU-ELE-01150,PCBs Grade-Commercial-1150,Electronic Components,SET,9.66,10.88,77,325,581,25,31,False,SUP-0088,SUP-0063,2025-01-01T00:00:00
MAT-01151,SKU-POL-01151,Silicone Gaskets Grade-Commercial-1151,Polymers & Chemical,PCS,8.24,7.96,253,865,1444,500,36,False,SUP-0092,SUP-0081,2025-01-01T00:00:00
MAT-01152,SKU-POL-01152,ABS Resin Pellets Grade-Industrial-1152,Polymers & Chemical,METER,2.3,2.44,224,965,1450,1000,13,False,SUP-0058,SUP-0028,2025-01-01T00:00:00
MAT-01153,SKU-ELE-01153,Connectors Grade-MilSpec-1153,Electronic Components,PCS,12.15,12.76,1098,3312,4765,500,41,False,SUP-0090,SUP-0073,2025-01-01T00:00:00
MAT-01154,SKU-ELE-01154,Connectors Grade-MilSpec-1154,Electronic Components,KG,5.72,6.47,754,2644,3933,50,45,False,SUP-0021,SUP-0006,2025-01-01T00:00:00
MAT-01155,SKU-ELE-01155,Capacitors Grade-MilSpec-1155,Electronic Components,LITER,149.34,149.31,262,1099,1699,100,31,False,SUP-0096,SUP-0104,2025-01-01T00:00:00
MAT-01156,SKU-PAC-01156,Antistatic Foam Grade-B-1156,Packaging & Hardware,BOX,74.5,77.4,98,387,771,500,17,False,SUP-0117,SUP-0015,2025-01-01T00:00:00
MAT-01157,SKU-PAC-01157,Corrugated Heavy Boxes Grade-MilSpec-1157,Packaging & Hardware,LITER,11.51,11.78,1059,3219,4780,250,30,False,SUP-0003,SUP-0091,2025-01-01T00:00:00
MAT-01158,SKU-ELE-01158,Sensors Grade-MilSpec-1158,Electronic Components,SET,292.27,318.69,940,3020,4815,50,32,True,SUP-0004,,2025-01-01T00:00:00
MAT-01159,SKU-ELE-01159,Microcontrollers Grade-B-1159,Electronic Components,PCS,72.24,76.87,1037,3257,5804,1000,30,False,SUP-0058,SUP-0085,2025-01-01T00:00:00
MAT-01160,SKU-MEC-01160,Bearings Grade-MilSpec-1160,Mechanical & Machining,PCS,17.16,18.22,213,917,1327,25,32,False,SUP-0019,SUP-0039,2025-01-01T00:00:00
MAT-01161,SKU-ELE-01161,Connectors Grade-Industrial-1161,Electronic Components,SET,1.57,1.66,552,1542,3147,50,22,False,SUP-0104,SUP-0018,2025-01-01T00:00:00
MAT-01162,SKU-POL-01162,Industrial Lubricants Grade-MilSpec-1162,Polymers & Chemical,KG,304.92,295.71,279,1093,1641,500,11,False,SUP-0082,SUP-0081,2025-01-01T00:00:00
MAT-01163,SKU-MEC-01163,CNC Castings Grade-MilSpec-1163,Mechanical & Machining,SET,5.32,6.11,587,1658,2860,250,21,True,SUP-0012,,2025-01-01T00:00:00
MAT-01164,SKU-ELE-01164,Sensors Grade-MilSpec-1164,Electronic Components,PCS,4.02,3.97,1537,4327,6835,50,45,False,SUP-0048,SUP-0051,2025-01-01T00:00:00
MAT-01165,SKU-POL-01165,Epoxy Adhesives Grade-Commercial-1165,Polymers & Chemical,LITER,75.55,81.53,797,2572,3755,500,25,False,SUP-0021,SUP-0031,2025-01-01T00:00:00
MAT-01166,SKU-ELE-01166,PCBs Grade-A-1166,Electronic Components,SET,359.15,347.29,114,414,672,1000,30,False,SUP-0019,SUP-0099,2025-01-01T00:00:00
MAT-01167,SKU-RAW-01167,Carbon Steel Bars Grade-Commercial-1167,Raw Metallurgy,SET,112.47,114.2,1095,3172,6571,500,31,False,SUP-0061,SUP-0066,2025-01-01T00:00:00
MAT-01168,SKU-PAC-01168,Thermal Pallet Wraps Grade-Commercial-1168,Packaging & Hardware,BOX,45.62,50.51,862,2738,5183,25,28,False,SUP-0044,SUP-0012,2025-01-01T00:00:00
MAT-01169,SKU-RAW-01169,Carbon Steel Bars Grade-Industrial-1169,Raw Metallurgy,METER,47.19,50.44,475,1487,2496,100,22,False,SUP-0119,SUP-0116,2025-01-01T00:00:00
MAT-01170,SKU-MEC-01170,Shafts Grade-Commercial-1170,Mechanical & Machining,BOX,62.72,64.75,235,670,1306,50,15,False,SUP-0055,SUP-0086,2025-01-01T00:00:00
MAT-01171,SKU-RAW-01171,Titanium Plates Grade-Commercial-1171,Raw Metallurgy,METER,56.53,56.02,245,745,1165,1000,25,False,SUP-0067,SUP-0023,2025-01-01T00:00:00
MAT-01172,SKU-RAW-01172,Sheet Metal Stainless 304 Grade-MilSpec-1172,Raw Metallurgy,METER,33.43,33.4,1278,4050,6144,500,36,False,SUP-0035,SUP-0120,2025-01-01T00:00:00
MAT-01173,SKU-ELE-01173,Sensors Grade-A-1173,Electronic Components,LITER,27.51,30.61,385,1052,1855,500,23,False,SUP-0001,SUP-0009,2025-01-01T00:00:00
MAT-01174,SKU-PAC-01174,Vibration Dampers Grade-Commercial-1174,Packaging & Hardware,SET,22.9,23.68,1002,4017,7028,100,45,False,SUP-0055,SUP-0081,2025-01-01T00:00:00
MAT-01175,SKU-ELE-01175,Capacitors Grade-B-1175,Electronic Components,PCS,10.7,10.94,103,415,758,50,24,False,SUP-0007,SUP-0006,2025-01-01T00:00:00
MAT-01176,SKU-ELE-01176,PCBs Grade-B-1176,Electronic Components,PCS,18.02,20.33,443,1595,2540,50,24,False,SUP-0002,SUP-0015,2025-01-01T00:00:00
MAT-01177,SKU-PAC-01177,Thermal Pallet Wraps Grade-Commercial-1177,Packaging & Hardware,METER,3.81,4.33,139,433,870,50,42,False,SUP-0031,SUP-0020,2025-01-01T00:00:00
MAT-01178,SKU-POL-01178,Polycarbonate Sheets Grade-Commercial-1178,Polymers & Chemical,SET,22.02,21.0,499,1981,3163,250,38,False,SUP-0074,SUP-0095,2025-01-01T00:00:00
MAT-01179,SKU-MEC-01179,Hydraulic Valves Grade-MilSpec-1179,Mechanical & Machining,SET,8.27,8.13,46,172,283,500,7,False,SUP-0029,SUP-0036,2025-01-01T00:00:00
MAT-01180,SKU-PAC-01180,Antistatic Foam Grade-MilSpec-1180,Packaging & Hardware,KG,7.29,7.26,736,2871,6059,500,35,False,SUP-0053,SUP-0092,2025-01-01T00:00:00
MAT-01181,SKU-POL-01181,ABS Resin Pellets Grade-Commercial-1181,Polymers & Chemical,METER,29.9,29.63,799,2815,5064,500,28,False,SUP-0056,SUP-0102,2025-01-01T00:00:00
MAT-01182,SKU-POL-01182,Industrial Lubricants Grade-Commercial-1182,Polymers & Chemical,KG,113.43,116.22,483,1384,2166,100,17,False,SUP-0077,SUP-0108,2025-01-01T00:00:00
MAT-01183,SKU-RAW-01183,Copper Rods Grade-Industrial-1183,Raw Metallurgy,KG,67.37,73.63,263,783,1449,1000,8,False,SUP-0049,SUP-0077,2025-01-01T00:00:00
MAT-01184,SKU-ELE-01184,PCBs Grade-A-1184,Electronic Components,LITER,4.36,4.64,1202,3302,4859,100,35,False,SUP-0003,SUP-0063,2025-01-01T00:00:00
MAT-01185,SKU-RAW-01185,Sheet Metal Stainless 304 Grade-Industrial-1185,Raw Metallurgy,METER,8.26,9.35,716,2168,4074,50,44,False,SUP-0021,SUP-0022,2025-01-01T00:00:00
MAT-01186,SKU-ELE-01186,PCBs Grade-Industrial-1186,Electronic Components,PCS,69.05,76.1,281,1031,1876,100,10,True,SUP-0012,SUP-0079,2025-01-01T00:00:00
MAT-01187,SKU-POL-01187,Polycarbonate Sheets Grade-Industrial-1187,Polymers & Chemical,KG,8.33,9.34,441,1563,2839,50,33,False,SUP-0118,SUP-0024,2025-01-01T00:00:00
MAT-01188,SKU-ELE-01188,Connectors Grade-A-1188,Electronic Components,SET,19.16,20.71,313,988,2127,50,25,False,SUP-0111,SUP-0095,2025-01-01T00:00:00
MAT-01189,SKU-MEC-01189,CNC Castings Grade-B-1189,Mechanical & Machining,SET,44.93,49.09,545,1567,2887,100,14,True,SUP-0019,,2025-01-01T00:00:00
MAT-01190,SKU-MEC-01190,Hydraulic Valves Grade-Commercial-1190,Mechanical & Machining,KG,8.46,8.45,252,812,1718,250,8,True,SUP-0099,SUP-0035,2025-01-01T00:00:00
MAT-01191,SKU-MEC-01191,Hydraulic Valves Grade-A-1191,Mechanical & Machining,LITER,27.55,27.03,1196,3432,6074,250,43,False,SUP-0111,SUP-0078,2025-01-01T00:00:00
MAT-01192,SKU-MEC-01192,CNC Castings Grade-B-1192,Mechanical & Machining,KG,5.66,6.1,59,213,388,250,7,False,SUP-0009,SUP-0049,2025-01-01T00:00:00
MAT-01193,SKU-POL-01193,Epoxy Adhesives Grade-Commercial-1193,Polymers & Chemical,BOX,12.66,13.05,1064,3314,6860,250,45,False,SUP-0083,SUP-0067,2025-01-01T00:00:00
MAT-01194,SKU-RAW-01194,Titanium Plates Grade-MilSpec-1194,Raw Metallurgy,KG,34.87,36.64,163,504,853,100,11,False,SUP-0104,SUP-0005,2025-01-01T00:00:00
MAT-01195,SKU-ELE-01195,Connectors Grade-MilSpec-1195,Electronic Components,LITER,4.25,4.36,87,327,660,50,8,False,SUP-0041,SUP-0063,2025-01-01T00:00:00
MAT-01196,SKU-POL-01196,Epoxy Adhesives Grade-B-1196,Polymers & Chemical,BOX,39.83,44.16,447,1637,2814,1000,35,False,SUP-0019,SUP-0003,2025-01-01T00:00:00
MAT-01197,SKU-POL-01197,Silicone Gaskets Grade-B-1197,Polymers & Chemical,LITER,24.01,23.44,175,600,1008,250,25,False,SUP-0032,SUP-0019,2025-01-01T00:00:00
MAT-01198,SKU-POL-01198,ABS Resin Pellets Grade-Commercial-1198,Polymers & Chemical,METER,45.05,45.99,294,1020,1585,500,11,False,SUP-0062,SUP-0006,2025-01-01T00:00:00
MAT-01199,SKU-MEC-01199,CNC Castings Grade-A-1199,Mechanical & Machining,KG,31.38,34.48,684,2084,3536,250,20,False,SUP-0008,SUP-0004,2025-01-01T00:00:00
MAT-01200,SKU-POL-01200,Silicone Gaskets Grade-Commercial-1200,Polymers & Chemical,LITER,110.01,112.14,1052,4176,7310,250,44,False,SUP-0048,SUP-0007,2025-01-01T00:00:00
