work_order_id,product_sku,factory_id,planned_quantity,completed_quantity,start_date,end_date,status,priority
WO-2025-000001,FG-AUTOSYS-079,FAC-EU-01,1000,1000,2025-03-10,2025-03-18,COMPLETED,CRITICAL
WO-2025-000002,FG-AUTOSYS-004,FAC-APAC-01,250,250,2025-08-18,2025-08-24,COMPLETED,HIGH
WO-2025-000003,FG-AUTOSYS-026,FAC-APAC-01,50,50,2025-06-12,2025-06-17,COMPLETED,STANDARD
WO-2025-000004,FG-AUTOSYS-004,FAC-US-01,100,100,2025-02-24,2025-03-08,COMPLETED,STANDARD
WO-2025-000005,FG-AUTOSYS-064,FAC-US-01,250,250,2025-11-06,2025-11-09,COMPLETED,HIGH
WO-2025-000006,FG-AUTOSYS-083,FAC-MX-01,250,250,2025-09-07,2025-09-14,COMPLETED,STANDARD
WO-2025-000007,FG-AUTOSYS-069,FAC-MX-01,500,500,2025-04-12,2025-04-17,COMPLETED,STANDARD
WO-2025-000008,FG-AUTOSYS-091,FAC-EU-01,1000,1000,2025-02-17,2025-03-01,COMPLETED,CRITICAL
WO-2025-000009,FG-AUTOSYS-067,FAC-APAC-01,100,100,2025-02-22,2025-02-27,COMPLETED,HIGH
WO-2025-000010,FG-AUTOSYS-042,FAC-EU-01,500,500,2025-09-02,2025-09-14,COMPLETED,STANDARD
WO-2025-000011,FG-AUTOSYS-024,FAC-MX-01,1000,1000,2025-04-10,2025-04-18,COMPLETED,STANDARD
WO-2025-000012,FG-AUTOSYS-097,FAC-US-01,50,50,2025-05-03,2025-05-13,COMPLETED,CRITICAL
WO-2025-000013,FG-AUTOSYS-034,FAC-EU-01,500,500,2025-06-11,2025-06-14,COMPLETED,STANDARD
WO-2025-000014,FG-AUTOSYS-022,FAC-APAC-01,250,250,2025-11-03,2025-11-14,COMPLETED,HIGH
WO-2025-000015,FG-AUTOSYS-094,FAC-US-01,50,50,2025-05-08,2025-05-11,COMPLETED,HIGH
WO-2025-000016,FG-AUTOSYS-017,FAC-US-01,500,500,2025-08-05,2025-08-18,COMPLETED,STANDARD
WO-2025-000017,FG-AUTOSYS-082,FAC-MX-01,100,0,2026-04-18,2026-04-26,PLANNED,STANDARD
WO-2025-000018,FG-AUTOSYS-009,FAC-MX-01,500,0,2026-05-04,2026-05-14,PLANNED,CRITICAL
WO-2025-000019,FG-AUTOSYS-027,FAC-APAC-01,500,500,2025-05-23,2025-06-06,COMPLETED,HIGH
WO-2025-000020,FG-AUTOSYS-038,FAC-MX-01,50,50,2025-06-12,2025-06-16,COMPLETED,CRITICAL
WO-2025-000021,FG-AUTOSYS-065,FAC-US-01,500,500,2026-03-06,2026-03-20,COMPLETED,STANDARD
WO-2025-000022,FG-AUTOSYS-030,FAC-EU-01,1000,1000,2025-11-01,2025-11-09,COMPLETED,CRITICAL
WO-2025-000023,FG-AUTOSYS-077,FAC-US-01,500,500,2025-06-10,2025-06-18,COMPLETED,HIGH
WO-2025-000024,FG-AUTOSYS-015,FAC-EU-01,500,0,2026-04-22,2026-05-03,PLANNED,STANDARD
WO-2025-000025,FG-AUTOSYS-073,FAC-MX-01,500,0,2026-04-21,2026-05-01,PLANNED,HIGH
WO-2025-000026,FG-AUTOSYS-013,FAC-US-01,500,500,2025-08-30,2025-09-12,COMPLETED,HIGH
WO-2025-000027,FG-AUTOSYS-027,FAC-MX-01,100,100,2026-02-01,2026-02-12,COMPLETED,STANDARD
WO-2025-000028,FG-AUTOSYS-098,FAC-EU-01,1000,1000,2025-09-16,2025-09-26,COMPLETED,STANDARD
WO-2025-000029,FG-AUTOSYS-012,FAC-APAC-01,100,100,2026-02-24,2026-03-08,COMPLETED,STANDARD
WO-2025-000030,FG-AUTOSYS-078,FAC-US-01,1000,1000,2025-03-17,2025-03-24,COMPLETED,STANDARD
WO-2025-000031,FG-AUTOSYS-052,FAC-EU-01,1000,1000,2025-06-18,2025-06-25,COMPLETED,CRITICAL
WO-2025-000032,FG-AUTOSYS-003,FAC-MX-01,500,500,2026-01-25,2026-02-07,COMPLETED,CRITICAL
WO-2025-000033,FG-AUTOSYS-057,FAC-EU-01,50,0,2026-05-15,2026-05-20,PLANNED,HIGH
WO-2025-000034,FG-AUTOSYS-068,FAC-US-01,50,50,2025-03-10,2025-03-23,COMPLETED,STANDARD
WO-2025-000035,FG-AUTOSYS-038,FAC-EU-01,1000,1000,2025-06-09,2025-06-12,COMPLETED,CRITICAL
WO-2025-000036,FG-AUTOSYS-010,FAC-APAC-01,500,500,2026-02-14,2026-02-21,COMPLETED,HIGH
WO-2025-000037,FG-AUTOSYS-025,FAC-APAC-01,500,500,2025-06-07,2025-06-10,COMPLETED,CRITICAL
WO-2025-000038,FG-AUTOSYS-084,FAC-APAC-01,100,100,2025-02-23,2025-03-04,COMPLETED,STANDARD
WO-2025-000039,FG-AUTOSYS-033,FAC-EU-01,1000,1000,2025-11-29,2025-12-04,COMPLETED,CRITICAL
WO-2025-000040,FG-AUTOSYS-047,FAC-MX-01,500,500,2026-03-09,2026-03-14,COMPLETED,HIGH
WO-2025-000041,FG-AUTOSYS-078,FAC-EU-01,50,50,2025-01-27,2025-02-03,COMPLETED,HIGH
WO-2025-000042,FG-AUTOSYS-027,FAC-MX-01,1000,1000,2026-02-25,2026-03-03,COMPLETED,HIGH
WO-2025-000043,FG-AUTOSYS-010,FAC-EU-01,50,50,2025-10-14,2025-10-24,COMPLETED,STANDARD
WO-2025-000044,FG-AUTOSYS-042,FAC-MX-01,50,50,2025-02-17,2025-02-25,COMPLETED,STANDARD
WO-2025-000045,FG-AUTOSYS-072,FAC-EU-01,50,50,2025-09-11,2025-09-18,COMPLETED,CRITICAL
WO-2025-000046,FG-AUTOSYS-034,FAC-US-01,250,250,2026-03-19,2026-03-26,COMPLETED,STANDARD
WO-2025-000047,FG-AUTOSYS-091,FAC-MX-01,1000,1000,2025-09-17,2025-09-26,COMPLETED,CRITICAL
WO-2025-000048,FG-AUTOSYS-041,FAC-MX-01,1000,1000,2025-01-18,2025-02-01,COMPLETED,STANDARD
WO-2025-000049,FG-AUTOSYS-075,FAC-APAC-01,500,500,2026-03-20,2026-03-28,COMPLETED,CRITICAL
WO-2025-000050,FG-AUTOSYS-065,FAC-EU-01,250,250,2025-04-17,2025-05-01,COMPLETED,STANDARD
WO-2025-000051,FG-AUTOSYS-027,FAC-APAC-01,50,50,2025-04-07,2025-04-15,COMPLETED,HIGH
WO-2025-000052,FG-AUTOSYS-008,FAC-US-01,50,50,2026-01-21,2026-01-28,COMPLETED,CRITICAL
WO-2025-000053,FG-AUTOSYS-013,FAC-APAC-01,1000,1000,2025-04-22,2025-04-28,COMPLETED,CRITICAL
WO-2025-000054,FG-AUTOSYS-026,FAC-MX-01,250,250,2025-07-26,2025-08-01,COMPLETED,CRITICAL
WO-2025-000055,FG-AUTOSYS-003,FAC-APAC-01,100,100,2025-04-15,2025-04-22,COMPLETED,STANDARD
WO-2025-000056,FG-AUTOSYS-009,FAC-APAC-01,500,500,2025-05-01,2025-05-07,COMPLETED,CRITICAL
WO-2025-000057,FG-AUTOSYS-029,FAC-MX-01,1000,1000,2025-01-25,2025-02-01,COMPLETED,STANDARD
WO-2025-000058,FG-AUTOSYS-078,FAC-EU-01,50,50,2025-03-29,2025-04-03,COMPLETED,CRITICAL
WO-2025-000059,FG-AUTOSYS-033,FAC-MX-01,1000,0,2026-05-31,2026-06-08,PLANNED,CRITICAL
WO-2025-000060,FG-AUTOSYS-074,FAC-APAC-01,1000,1000,2025-09-08,2025-09-11,COMPLETED,STANDARD
WO-2025-000061,FG-AUTOSYS-066,FAC-APAC-01,250,250,2025-09-06,2025-09-15,COMPLETED,STANDARD
WO-2025-000062,FG-AUTOSYS-057,FAC-EU-01,500,500,2025-11-11,2025-11-14,COMPLETED,CRITICAL
WO-2025-000063,FG-AUTOSYS-019,FAC-US-01,500,500,2025-08-05,2025-08-11,COMPLETED,HIGH
WO-2025-000064,FG-AUTOSYS-053,FAC-APAC-01,500,500,2025-06-24,2025-07-05,COMPLETED,CRITICAL
WO-2025-000065,FG-AUTOSYS-045,FAC-MX-01,250,250,2025-08-12,2025-08-26,COMPLETED,HIGH
WO-2025-000066,FG-AUTOSYS-089,FAC-APAC-01,250,250,2026-04-07,2026-04-14,COMPLETED,HIGH
WO-2025-000067,FG-AUTOSYS-027,FAC-US-01,250,250,2025-12-05,2025-12-10,COMPLETED,STANDARD
WO-2025-000068,FG-AUTOSYS-068,FAC-EU-01,50,50,2025-08-12,2025-08-22,COMPLETED,HIGH
WO-2025-000069,FG-AUTOSYS-013,FAC-EU-01,1000,1000,2025-03-23,2025-03-26,COMPLETED,CRITICAL
WO-2025-000070,FG-AUTOSYS-088,FAC-EU-01,50,50,2025-07-24,2025-08-04,COMPLETED,STANDARD
WO-2025-000071,FG-AUTOSYS-051,FAC-EU-01,500,500,2026-03-13,2026-03-18,COMPLETED,STANDARD
WO-2025-000072,FG-AUTOSYS-032,FAC-EU-01,1000,0,2026-04-17,2026-04-25,PLANNED,CRITICAL
WO-2025-000073,FG-AUTOSYS-059,FAC-US-01,1000,1000,2025-12-26,2026-01-05,COMPLETED,STANDARD
WO-2025-000074,FG-AUTOSYS-038,FAC-EU-01,100,100,2026-01-12,2026-01-19,COMPLETED,HIGH
WO-2025-000075,FG-AUTOSYS-072,FAC-APAC-01,50,50,2025-12-03,2025-12-09,COMPLETED,HIGH
WO-2025-000076,FG-AUTOSYS-015,FAC-APAC-01,1000,1000,2025-11-12,2025-11-26,COMPLETED,STANDARD
WO-2025-000077,FG-AUTOSYS-086,FAC-MX-01,500,500,2025-11-19,2025-12-03,COMPLETED,HIGH
WO-2025-000078,FG-AUTOSYS-093,FAC-APAC-01,1000,1000,2025-03-21,2025-04-01,COMPLETED,STANDARD
WO-2025-000079,FG-AUTOSYS-035,FAC-APAC-01,50,50,2025-07-25,2025-08-03,COMPLETED,CRITICAL
WO-2025-000080,FG-AUTOSYS-027,FAC-US-01,250,250,2025-06-23,2025-07-07,COMPLETED,HIGH
WO-2025-000081,FG-AUTOSYS-055,FAC-EU-01,500,500,2025-02-24,2025-03-01,COMPLETED,HIGH
WO-2025-000082,FG-AUTOSYS-100,FAC-US-01,100,100,2025-10-15,2025-10-23,COMPLETED,HIGH
WO-2025-000083,FG-AUTOSYS-065,FAC-US-01,500,500,2025-08-03,2025-08-07,COMPLETED,HIGH
WO-2025-000084,FG-AUTOSYS-021,FAC-MX-01,500,0,2026-04-28,2026-05-10,PLANNED,CRITICAL
WO-2025-000085,FG-AUTOSYS-060,FAC-APAC-01,250,250,2025-07-01,2025-07-08,COMPLETED,CRITICAL
WO-2025-000086,FG-AUTOSYS-085,FAC-MX-01,250,250,2025-01-24,2025-01-28,COMPLETED,HIGH
WO-2025-000087,FG-AUTOSYS-084,FAC-MX-01,500,500,2025-11-05,2025-11-16,COMPLETED,HIGH
WO-2025-000088,FG-AUTOSYS-097,FAC-US-01,50,50,2025-02-13,2025-02-25,COMPLETED,STANDARD
WO-2025-000089,FG-AUTOSYS-058,FAC-US-01,50,50,2025-05-23,2025-05-29,COMPLETED,HIGH
WO-2025-000090,FG-AUTOSYS-014,FAC-US-01,50,50,2025-02-16,2025-03-01,COMPLETED,CRITICAL
WO-2025-000091,FG-AUTOSYS-094,FAC-APAC-01,500,500,2025-05-20,2025-05-29,COMPLETED,HIGH
WO-2025-000092,FG-AUTOSYS-044,FAC-US-01,50,50,2025-01-17,2025-01-26,COMPLETED,CRITICAL
WO-2025-000093,FG-AUTOSYS-067,FAC-EU-01,1000,1000,2025-05-21,2025-05-29,COMPLETED,CRITICAL
WO-2025-000094,FG-AUTOSYS-055,FAC-APAC-01,250,250,2025-07-09,2025-07-12,COMPLETED,HIGH
WO-2025-000095,FG-AUTOSYS-023,FAC-MX-01,250,250,2025-02-07,2025-02-21,COMPLETED,CRITICAL
WO-2025-000096,FG-AUTOSYS-068,FAC-APAC-01,100,100,2026-02-03,2026-02-10,COMPLETED,HIGH
WO-2025-000097,FG-AUTOSYS-022,FAC-MX-01,100,100,2025-10-02,2025-10-13,COMPLETED,CRITICAL
WO-2025-000098,FG-AUTOSYS-091,FAC-APAC-01,1000,1000,2026-03-01,2026-03-14,COMPLETED,CRITICAL
WO-2025-000099,FG-AUTOSYS-013,FAC-US-01,250,250,2025-11-30,2025-12-14,COMPLETED,CRITICAL
WO-2025-000100,FG-AUTOSYS-055,FAC-EU-01,1000,1000,2025-12-18,2025-12-26,COMPLETED,HIGH
WO-2025-000101,FG-AUTOSYS-076,FAC-MX-01,100,100,2025-11-28,2025-12-12,COMPLETED,HIGH
WO-2025-000102,FG-AUTOSYS-026,FAC-MX-01,50,50,2026-01-24,2026-02-07,COMPLETED,HIGH
WO-2025-000103,FG-AUTOSYS-052,FAC-MX-01,100,100,2026-01-25,2026-02-04,COMPLETED,STANDARD
WO-2025-000104,FG-AUTOSYS-019,FAC-US-01,1000,1000,2025-11-05,2025-11-09,COMPLETED,CRITICAL
WO-2025-000105,FG-AUTOSYS-014,FAC-US-01,100,100,2025-07-31,2025-08-05,COMPLETED,CRITICAL
WO-2025-000106,FG-AUTOSYS-020,FAC-EU-01,50,50,2025-12-01,2025-12-13,COMPLETED,STANDARD
WO-2025-000107,FG-AUTOSYS-055,FAC-APAC-01,100,100,2025-01-31,2025-02-14,COMPLETED,HIGH
WO-2025-000108,FG-AUTOSYS-018,FAC-APAC-01,1000,1000,2025-12-10,2025-12-18,COMPLETED,HIGH
WO-2025-000109,FG-AUTOSYS-016,FAC-US-01,50,50,2025-07-26,2025-08-03,COMPLETED,STANDARD
WO-2025-000110,FG-AUTOSYS-098,FAC-MX-01,50,50,2026-01-12,2026-01-16,COMPLETED,STANDARD
WO-2025-000111,FG-AUTOSYS-034,FAC-APAC-01,500,0,2026-04-27,2026-05-02,PLANNED,HIGH
WO-2025-000112,FG-AUTOSYS-099,FAC-APAC-01,1000,1000,2025-05-17,2025-05-25,COMPLETED,CRITICAL
WO-2025-000113,FG-AUTOSYS-080,FAC-MX-01,1000,1000,2025-04-19,2025-04-30,COMPLETED,HIGH
WO-2025-000114,FG-AUTOSYS-053,FAC-EU-01,50,50,2025-10-17,2025-10-22,COMPLETED,CRITICAL
WO-2025-000115,FG-AUTOSYS-099,FAC-EU-01,50,50,2025-09-28,2025-10-08,COMPLETED,HIGH
WO-2025-000116,FG-AUTOSYS-006,FAC-APAC-01,250,250,2025-09-24,2025-10-07,COMPLETED,CRITICAL
WO-2025-000117,FG-AUTOSYS-059,FAC-APAC-01,100,100,2026-03-16,2026-03-23,COMPLETED,HIGH
WO-2025-000118,FG-AUTOSYS-004,FAC-MX-01,1000,0,2026-05-27,2026-06-01,PLANNED,STANDARD
WO-2025-000119,FG-AUTOSYS-045,FAC-EU-01,50,50,2025-11-12,2025-11-22,COMPLETED,STANDARD
WO-2025-000120,FG-AUTOSYS-067,FAC-APAC-01,100,41,2026-04-15,2026-04-28,IN_PROGRESS,STANDARD
WO-2025-000121,FG-AUTOSYS-054,FAC-EU-01,1000,1000,2025-06-27,2025-07-06,COMPLETED,CRITICAL
WO-2025-000122,FG-AUTOSYS-041,FAC-APAC-01,100,100,2026-01-28,2026-02-05,COMPLETED,HIGH
WO-2025-000123,FG-AUTOSYS-044,FAC-US-01,500,500,2025-03-08,2025-03-12,COMPLETED,HIGH
WO-2025-000124,FG-AUTOSYS-048,FAC-EU-01,50,50,2025-03-11,2025-03-22,COMPLETED,STANDARD
WO-2025-000125,FG-AUTOSYS-050,FAC-EU-01,500,500,2025-03-01,2025-03-07,COMPLETED,CRITICAL
WO-2025-000126,FG-AUTOSYS-014,FAC-US-01,100,100,2025-05-20,2025-06-02,COMPLETED,CRITICAL
WO-2025-000127,FG-AUTOSYS-089,FAC-EU-01,100,0,2026-05-24,2026-06-03,BLOCKED_SHORTAGE,STANDARD
WO-2025-000128,FG-AUTOSYS-066,FAC-MX-01,1000,0,2026-04-28,2026-05-10,PLANNED,STANDARD
WO-2025-000129,FG-AUTOSYS-010,FAC-MX-01,250,250,2025-08-09,2025-08-20,COMPLETED,STANDARD
WO-2025-000130,FG-AUTOSYS-044,FAC-EU-01,250,250,2026-03-12,2026-03-24,COMPLETED,CRITICAL
WO-2025-000131,FG-AUTOSYS-015,FAC-APAC-01,1000,1000,2025-03-12,2025-03-25,COMPLETED,HIGH
WO-2025-000132,FG-AUTOSYS-074,FAC-EU-01,250,250,2025-05-19,2025-05-30,COMPLETED,HIGH
WO-2025-000133,FG-AUTOSYS-060,FAC-MX-01,250,250,2026-04-02,2026-04-12,COMPLETED,CRITICAL
WO-2025-000134,FG-AUTOSYS-041,FAC-EU-01,250,250,2025-11-21,2025-11-24,COMPLETED,HIGH
WO-2025-000135,FG-AUTOSYS-084,FAC-MX-01,250,250,2025-09-12,2025-09-15,COMPLETED,CRITICAL
WO-2025-000136,FG-AUTOSYS-036,FAC-APAC-01,500,500,2025-11-07,2025-11-18,COMPLETED,CRITICAL
WO-2025-000137,FG-AUTOSYS-009,FAC-US-01,1000,1000,2025-02-18,2025-02-23,COMPLETED,CRITICAL
WO-2025-000138,FG-AUTOSYS-028,FAC-EU-01,250,250,2025-07-11,2025-07-15,COMPLETED,STANDARD
WO-2025-000139,FG-AUTOSYS-056,FAC-US-01,250,250,2025-04-06,2025-04-20,COMPLETED,HIGH
WO-2025-000140,FG-AUTOSYS-075,FAC-US-01,1000,1000,2026-03-13,2026-03-18,COMPLETED,STANDARD
WO-2025-000141,FG-AUTOSYS-058,FAC-APAC-01,250,250,2025-11-11,2025-11-16,COMPLETED,CRITICAL
WO-2025-000142,FG-AUTOSYS-089,FAC-APAC-01,50,50,2026-01-29,2026-02-11,COMPLETED,CRITICAL
WO-2025-000143,FG-AUTOSYS-037,FAC-US-01,100,100,2025-05-04,2025-05-09,COMPLETED,CRITICAL
WO-2025-000144,FG-AUTOSYS-028,FAC-MX-01,100,100,2026-03-12,2026-03-15,COMPLETED,HIGH
WO-2025-000145,FG-AUTOSYS-073,FAC-EU-01,250,250,2025-05-23,2025-06-01,COMPLETED,STANDARD
WO-2025-000146,FG-AUTOSYS-035,FAC-US-01,50,50,2025-10-02,2025-10-11,COMPLETED,STANDARD
WO-2025-000147,FG-AUTOSYS-078,FAC-US-01,50,50,2025-04-25,2025-05-09,COMPLETED,STANDARD
WO-2025-000148,FG-AUTOSYS-029,FAC-US-01,250,250,2025-06-25,2025-07-08,COMPLETED,STANDARD
WO-2025-000149,FG-AUTOSYS-008,FAC-US-01,100,0,2026-04-18,2026-05-01,PLANNED,STANDARD
WO-2025-000150,FG-AUTOSYS-085,FAC-EU-01,250,250,2026-01-31,2026-02-06,COMPLETED,CRITICAL
WO-2025-000151,FG-AUTOSYS-061,FAC-US-01,50,50,2026-01-10,2026-01-21,COMPLETED,STANDARD
WO-2025-000152,FG-AUTOSYS-028,FAC-US-01,100,100,2025-08-20,2025-08-23,COMPLETED,STANDARD
WO-2025-000153,FG-AUTOSYS-081,FAC-MX-01,50,50,2026-01-27,2026-02-09,COMPLETED,CRITICAL
WO-2025-000154,FG-AUTOSYS-052,FAC-US-01,250,250,2025-04-19,2025-04-24,COMPLETED,HIGH
WO-2025-000155,FG-AUTOSYS-013,FAC-US-01,100,100,2025-04-23,2025-04-28,COMPLETED,CRITICAL
WO-2025-000156,FG-AUTOSYS-068,FAC-APAC-01,100,100,2026-03-25,2026-04-02,COMPLETED,HIGH
WO-2025-000157,FG-AUTOSYS-093,FAC-US-01,1000,1000,2025-03-02,2025-03-09,COMPLETED,STANDARD
WO-2025-000158,FG-AUTOSYS-048,FAC-MX-01,50,50,2025-07-11,2025-07-21,COMPLETED,HIGH
WO-2025-000159,FG-AUTOSYS-031,FAC-APAC-01,1000,1000,2025-11-29,2025-12-05,COMPLETED,STANDARD
WO-2025-000160,FG-AUTOSYS-055,FAC-US-01,500,500,2025-02-11,2025-02-22,COMPLETED,CRITICAL
WO-2025-000161,FG-AUTOSYS-007,FAC-MX-01,1000,0,2026-05-26,2026-06-05,PLANNED,STANDARD
WO-2025-000162,FG-AUTOSYS-091,FAC-MX-01,250,250,2025-07-03,2025-07-06,COMPLETED,CRITICAL
WO-2025-000163,FG-AUTOSYS-040,FAC-US-01,50,50,2026-03-03,2026-03-09,COMPLETED,HIGH
WO-2025-000164,FG-AUTOSYS-082,FAC-MX-01,1000,1000,2026-02-15,2026-02-18,COMPLETED,HIGH
WO-2025-000165,FG-AUTOSYS-073,FAC-US-01,1000,1000,2025-06-29,2025-07-09,COMPLETED,HIGH
WO-2025-000166,FG-AUTOSYS-060,FAC-EU-01,250,250,2025-12-23,2026-01-06,COMPLETED,STANDARD
WO-2025-000167,FG-AUTOSYS-014,FAC-US-01,50,50,2026-03-01,2026-03-09,COMPLETED,HIGH
WO-2025-000168,FG-AUTOSYS-066,FAC-APAC-01,250,250,2026-02-16,2026-02-24,COMPLETED,STANDARD
WO-2025-000169,FG-AUTOSYS-014,FAC-MX-01,500,500,2025-12-20,2025-12-31,COMPLETED,HIGH
WO-2025-000170,FG-AUTOSYS-008,FAC-MX-01,1000,1000,2025-04-20,2025-05-01,COMPLETED,CRITICAL
WO-2025-000171,FG-AUTOSYS-053,FAC-MX-01,50,50,2026-03-09,2026-03-13,COMPLETED,STANDARD
WO-2025-000172,FG-AUTOSYS-094,FAC-MX-01,500,500,2025-07-07,2025-07-12,COMPLETED,STANDARD
WO-2025-000173,FG-AUTOSYS-007,FAC-US-01,50,50,2025-12-07,2025-12-19,COMPLETED,CRITICAL
WO-2025-000174,FG-AUTOSYS-019,FAC-MX-01,250,0,2026-05-24,2026-06-01,PLANNED,CRITICAL
WO-2025-000175,FG-AUTOSYS-033,FAC-US-01,250,250,2025-08-27,2025-09-09,COMPLETED,HIGH
WO-2025-000176,FG-AUTOSYS-017,FAC-US-01,1000,1000,2025-09-11,2025-09-19,COMPLETED,STANDARD
WO-2025-000177,FG-AUTOSYS-055,FAC-US-01,1000,1000,2025-04-19,2025-04-24,COMPLETED,CRITICAL
WO-2025-000178,FG-AUTOSYS-066,FAC-EU-01,1000,1000,2025-11-27,2025-12-07,COMPLETED,STANDARD
WO-2025-000179,FG-AUTOSYS-033,FAC-APAC-01,1000,1000,2026-02-21,2026-02-27,COMPLETED,STANDARD
WO-2025-000180,FG-AUTOSYS-048,FAC-EU-01,500,500,2025-11-19,2025-11-29,COMPLETED,STANDARD
WO-2025-000181,FG-AUTOSYS-022,FAC-EU-01,500,500,2025-12-15,2025-12-24,COMPLETED,HIGH
WO-2025-000182,FG-AUTOSYS-009,FAC-EU-01,1000,1000,2025-09-02,2025-09-06,COMPLETED,STANDARD
WO-2025-000183,FG-AUTOSYS-044,FAC-MX-01,250,250,2025-07-11,2025-07-23,COMPLETED,STANDARD
WO-2025-000184,FG-AUTOSYS-094,FAC-EU-01,500,500,2025-07-05,2025-07-17,COMPLETED,CRITICAL
WO-2025-000185,FG-AUTOSYS-087,FAC-MX-01,100,100,2025-06-10,2025-06-24,COMPLETED,CRITICAL
WO-2025-000186,FG-AUTOSYS-014,FAC-APAC-01,1000,1000,2025-01-22,2025-01-29,COMPLETED,HIGH
WO-2025-000187,FG-AUTOSYS-031,FAC-MX-01,250,174,2026-04-13,2026-04-22,IN_PROGRESS,HIGH
WO-2025-000188,FG-AUTOSYS-015,FAC-EU-01,500,500,2025-01-24,2025-01-27,COMPLETED,STANDARD
WO-2025-000189,FG-AUTOSYS-070,FAC-APAC-01,500,0,2026-04-16,2026-04-22,PLANNED,HIGH
WO-2025-000190,FG-AUTOSYS-036,FAC-US-01,500,500,2025-01-30,2025-02-06,COMPLETED,HIGH
WO-2025-000191,FG-AUTOSYS-051,FAC-EU-01,250,250,2025-07-12,2025-07-18,COMPLETED,STANDARD
WO-2025-000192,FG-AUTOSYS-019,FAC-MX-01,250,250,2025-10-27,2025-11-08,COMPLETED,HIGH
WO-2025-000193,FG-AUTOSYS-094,FAC-EU-01,250,250,2026-01-23,2026-01-27,COMPLETED,STANDARD
WO-2025-000194,FG-AUTOSYS-071,FAC-APAC-01,50,50,2025-11-26,2025-12-09,COMPLETED,STANDARD
WO-2025-000195,FG-AUTOSYS-099,FAC-US-01,50,50,2026-02-07,2026-02-14,COMPLETED,HIGH
WO-2025-000196,FG-AUTOSYS-072,FAC-MX-01,100,100,2025-02-09,2025-02-13,COMPLETED,STANDARD
WO-2025-000197,FG-AUTOSYS-045,FAC-US-01,250,250,2025-08-25,2025-09-08,COMPLETED,STANDARD
WO-2025-000198,FG-AUTOSYS-056,FAC-APAC-01,250,250,2025-06-19,2025-06-24,COMPLETED,HIGH
WO-2025-000199,FG-AUTOSYS-063,FAC-APAC-01,50,50,2026-01-06,2026-01-16,COMPLETED,STANDARD
WO-2025-000200,FG-AUTOSYS-068,FAC-APAC-01,1000,1000,2025-01-16,2025-01-21,COMPLETED,STANDARD
WO-2025-000201,FG-AUTOSYS-046,FAC-MX-01,100,100,2025-03-04,2025-03-18,COMPLETED,CRITICAL
WO-2025-000202,FG-AUTOSYS-039,FAC-US-01,50,50,2026-01-21,2026-01-28,COMPLETED,HIGH
WO-2025-000203,FG-AUTOSYS-004,FAC-US-01,250,250,2026-02-25,2026-03-10,COMPLETED,HIGH
WO-2025-000204,FG-AUTOSYS-070,FAC-EU-01,250,250,2025-08-17,2025-08-26,COMPLETED,STANDARD
WO-2025-000205,FG-AUTOSYS-061,FAC-APAC-01,50,0,2026-04-25,2026-05-07,PLANNED,STANDARD
WO-2025-000206,FG-AUTOSYS-056,FAC-US-01,100,0,2026-05-12,2026-05-18,PLANNED,STANDARD
WO-2025-000207,FG-AUTOSYS-039,FAC-US-01,250,250,2025-11-22,2025-12-02,COMPLETED,STANDARD
WO-2025-000208,FG-AUTOSYS-055,FAC-EU-01,100,100,2025-02-13,2025-02-21,COMPLETED,CRITICAL
WO-2025-000209,FG-AUTOSYS-074,FAC-US-01,250,0,2026-05-09,2026-05-17,PLANNED,HIGH
WO-2025-000210,FG-AUTOSYS-028,FAC-MX-01,500,500,2025-02-25,2025-03-03,COMPLETED,HIGH
WO-2025-000211,FG-AUTOSYS-015,FAC-EU-01,1000,1000,2025-09-13,2025-09-17,COMPLETED,CRITICAL
WO-2025-000212,FG-AUTOSYS-043,FAC-APAC-01,1000,1000,2025-09-18,2025-09-26,COMPLETED,STANDARD
WO-2025-000213,FG-AUTOSYS-075,FAC-APAC-01,1000,1000,2025-05-29,2025-06-08,COMPLETED,CRITICAL
WO-2025-000214,FG-AUTOSYS-045,FAC-MX-01,100,100,2026-03-24,2026-03-29,COMPLETED,STANDARD
WO-2025-000215,FG-AUTOSYS-087,FAC-US-01,1000,1000,2025-02-20,2025-03-05,COMPLETED,HIGH
WO-2025-000216,FG-AUTOSYS-035,FAC-MX-01,1000,1000,2025-01-17,2025-01-29,COMPLETED,HIGH
WO-2025-000217,FG-AUTOSYS-018,FAC-APAC-01,1000,1000,2025-02-05,2025-02-12,COMPLETED,HIGH
WO-2025-000218,FG-AUTOSYS-069,FAC-EU-01,1000,1000,2025-06-25,2025-07-04,COMPLETED,HIGH
WO-2025-000219,FG-AUTOSYS-001,FAC-US-01,1000,1000,2025-08-03,2025-08-09,COMPLETED,CRITICAL
WO-2025-000220,FG-AUTOSYS-016,FAC-EU-01,1000,1000,2026-03-27,2026-04-06,COMPLETED,STANDARD
WO-2025-000221,FG-AUTOSYS-046,FAC-EU-01,1000,1000,2026-01-16,2026-01-20,COMPLETED,STANDARD
WO-2025-000222,FG-AUTOSYS-081,FAC-EU-01,100,100,2025-07-22,2025-07-29,COMPLETED,HIGH
WO-2025-000223,FG-AUTOSYS-061,FAC-US-01,500,500,2025-07-07,2025-07-16,COMPLETED,STANDARD
WO-2025-000224,FG-AUTOSYS-098,FAC-US-01,50,50,2025-10-26,2025-10-30,COMPLETED,HIGH
WO-2025-000225,FG-AUTOSYS-035,FAC-APAC-01,50,50,2025-09-21,2025-10-01,COMPLETED,HIGH
WO-2025-000226,FG-AUTOSYS-085,FAC-EU-01,500,500,2025-08-28,2025-09-11,COMPLETED,HIGH
WO-2025-000227,FG-AUTOSYS-098,FAC-EU-01,1000,1000,2026-01-05,2026-01-15,COMPLETED,CRITICAL
WO-2025-000228,FG-AUTOSYS-017,FAC-APAC-01,500,500,2026-03-17,2026-03-27,COMPLETED,STANDARD
WO-2025-000229,FG-AUTOSYS-001,FAC-EU-01,1000,1000,2026-03-23,2026-04-01,COMPLETED,HIGH
WO-2025-000230,FG-AUTOSYS-029,FAC-APAC-01,50,50,2025-03-10,2025-03-17,COMPLETED,CRITICAL
WO-2025-000231,FG-AUTOSYS-044,FAC-MX-01,1000,1000,2025-11-20,2025-12-02,COMPLETED,HIGH
WO-2025-000232,FG-AUTOSYS-069,FAC-EU-01,500,500,2025-03-15,2025-03-29,COMPLETED,STANDARD
WO-2025-000233,FG-AUTOSYS-080,FAC-MX-01,50,50,2026-03-14,2026-03-26,COMPLETED,CRITICAL
WO-2025-000234,FG-AUTOSYS-098,FAC-EU-01,100,100,2026-01-10,2026-01-20,COMPLETED,STANDARD
WO-2025-000235,FG-AUTOSYS-013,FAC-US-01,250,250,2025-03-21,2025-04-01,COMPLETED,CRITICAL
WO-2025-000236,FG-AUTOSYS-032,FAC-MX-01,250,250,2025-10-04,2025-10-18,COMPLETED,STANDARD
WO-2025-000237,FG-AUTOSYS-091,FAC-EU-01,100,100,2025-03-05,2025-03-14,COMPLETED,HIGH
WO-2025-000238,FG-AUTOSYS-030,FAC-MX-01,500,500,2026-02-24,2026-03-03,COMPLETED,STANDARD
WO-2025-000239,FG-AUTOSYS-068,FAC-APAC-01,250,250,2025-04-08,2025-04-18,COMPLETED,CRITICAL
WO-2025-000240,FG-AUTOSYS-092,FAC-APAC-01,250,250,2025-05-06,2025-05-12,COMPLETED,STANDARD
WO-2025-000241,FG-AUTOSYS-027,FAC-APAC-01,250,250,2025-06-18,2025-07-01,COMPLETED,STANDARD
WO-2025-000242,FG-AUTOSYS-081,FAC-US-01,100,100,2025-06-18,2025-07-01,COMPLETED,STANDARD
WO-2025-000243,FG-AUTOSYS-100,FAC-MX-01,50,50,2025-02-09,2025-02-18,COMPLETED,STANDARD
WO-2025-000244,FG-AUTOSYS-017,FAC-MX-01,1000,1000,2025-04-28,2025-05-12,COMPLETED,HIGH
WO-2025-000245,FG-AUTOSYS-082,FAC-MX-01,50,50,2025-12-12,2025-12-19,COMPLETED,CRITICAL
WO-2025-000246,FG-AUTOSYS-038,FAC-APAC-01,1000,1000,2025-08-24,2025-08-28,COMPLETED,STANDARD
WO-2025-000247,FG-AUTOSYS-047,FAC-US-01,1000,1000,2025-03-26,2025-03-30,COMPLETED,CRITICAL
WO-2025-000248,FG-AUTOSYS-028,FAC-APAC-01,100,100,2026-02-26,2026-03-01,COMPLETED,HIGH
WO-2025-000249,FG-AUTOSYS-081,FAC-MX-01,1000,1000,2026-03-12,2026-03-26,COMPLETED,HIGH
WO-2025-000250,FG-AUTOSYS-007,FAC-APAC-01,50,0,2026-04-25,2026-05-05,PLANNED,STANDARD
WO-2025-000251,FG-AUTOSYS-046,FAC-MX-01,500,500,2025-07-09,2025-07-18,COMPLETED,CRITICAL
WO-2025-000252,FG-AUTOSYS-080,FAC-APAC-01,500,500,2026-01-20,2026-02-01,COMPLETED,HIGH
WO-2025-000253,FG-AUTOSYS-043,FAC-MX-01,1000,1000,2025-12-13,2025-12-17,COMPLETED,CRITICAL
WO-2025-000254,FG-AUTOSYS-002,FAC-EU-01,1000,1000,2025-02-21,2025-03-07,COMPLETED,CRITICAL
WO-2025-000255,FG-AUTOSYS-046,FAC-APAC-01,250,250,2025-12-21,2025-12-27,COMPLETED,CRITICAL
WO-2025-000256,FG-AUTOSYS-079,FAC-US-01,50,50,2025-09-27,2025-10-04,COMPLETED,STANDARD
WO-2025-000257,FG-AUTOSYS-011,FAC-US-01,1000,1000,2025-09-11,2025-09-22,COMPLETED,HIGH
WO-2025-000258,FG-AUTOSYS-073,FAC-APAC-01,250,250,2025-06-03,2025-06-13,COMPLETED,CRITICAL
WO-2025-000259,FG-AUTOSYS-020,FAC-US-01,250,250,2026-01-02,2026-01-06,COMPLETED,CRITICAL
WO-2025-000260,FG-AUTOSYS-033,FAC-US-01,50,50,2025-03-24,2025-04-01,COMPLETED,CRITICAL
WO-2025-000261,FG-AUTOSYS-058,FAC-MX-01,50,50,2025-04-27,2025-05-04,COMPLETED,HIGH
WO-2025-000262,FG-AUTOSYS-094,FAC-US-01,250,250,2025-05-20,2025-05-25,COMPLETED,CRITICAL
WO-2025-000263,FG-AUTOSYS-023,FAC-EU-01,100,100,2025-07-15,2025-07-28,COMPLETED,HIGH
WO-2025-000264,FG-AUTOSYS-073,FAC-US-01,100,100,2025-01-20,2025-01-24,COMPLETED,CRITICAL
WO-2025-000265,FG-AUTOSYS-003,FAC-EU-01,250,250,2025-09-30,2025-10-08,COMPLETED,HIGH
WO-2025-000266,FG-AUTOSYS-095,FAC-US-01,500,0,2026-05-19,2026-05-28,PLANNED,CRITICAL
WO-2025-000267,FG-AUTOSYS-057,FAC-EU-01,1000,1000,2025-05-17,2025-05-20,COMPLETED,HIGH
WO-2025-000268,FG-AUTOSYS-055,FAC-US-01,100,100,2026-02-22,2026-02-27,COMPLETED,HIGH
WO-2025-000269,FG-AUTOSYS-056,FAC-US-01,50,50,2025-02-27,2025-03-08,COMPLETED,STANDARD
WO-2025-000270,FG-AUTOSYS-050,FAC-EU-01,250,250,2025-04-26,2025-05-06,COMPLETED,STANDARD
WO-2025-000271,FG-AUTOSYS-064,FAC-MX-01,100,100,2025-07-15,2025-07-24,COMPLETED,STANDARD
WO-2025-000272,FG-AUTOSYS-044,FAC-MX-01,250,250,2026-02-07,2026-02-16,COMPLETED,HIGH
WO-2025-000273,FG-AUTOSYS-084,FAC-MX-01,250,0,2026-05-04,2026-05-14,PLANNED,HIGH
WO-2025-000274,FG-AUTOSYS-054,FAC-EU-01,1000,1000,2025-11-26,2025-12-08,COMPLETED,STANDARD
WO-2025-000275,FG-AUTOSYS-054,FAC-EU-01,1000,1000,2025-03-04,2025-03-17,COMPLETED,HIGH
WO-2025-000276,FG-AUTOSYS-092,FAC-MX-01,1000,1000,2025-09-26,2025-10-04,COMPLETED,CRITICAL
WO-2025-000277,FG-AUTOSYS-015,FAC-APAC-01,1000,1000,2026-03-26,2026-03-31,COMPLETED,STANDARD
WO-2025-000278,FG-AUTOSYS-071,FAC-APAC-01,1000,1000,2025-07-03,2025-07-11,COMPLETED,STANDARD
WO-2025-000279,FG-AUTOSYS-081,FAC-EU-01,1000,1000,2025-02-20,2025-02-26,COMPLETED,STANDARD
WO-2025-000280,FG-AUTOSYS-095,FAC-US-01,250,250,2026-03-12,2026-03-22,COMPLETED,HIGH
WO-2025-000281,FG-AUTOSYS-011,FAC-MX-01,500,500,2025-06-05,2025-06-17,COMPLETED,STANDARD
WO-2025-000282,FG-AUTOSYS-030,FAC-APAC-01,100,100,2025-07-03,2025-07-07,COMPLETED,CRITICAL
WO-2025-000283,FG-AUTOSYS-043,FAC-US-01,50,50,2026-02-01,2026-02-07,COMPLETED,HIGH
WO-2025-000284,FG-AUTOSYS-096,FAC-APAC-01,250,250,2025-05-08,2025-05-21,COMPLETED,HIGH
WO-2025-000285,FG-AUTOSYS-036,FAC-APAC-01,50,50,2026-04-03,2026-04-06,COMPLETED,HIGH
WO-2025-000286,FG-AUTOSYS-044,FAC-US-01,100,100,2025-07-18,2025-07-26,COMPLETED,CRITICAL
WO-2025-000287,FG-AUTOSYS-074,FAC-APAC-01,100,100,2025-08-27,2025-09-04,COMPLETED,STANDARD
WO-2025-000288,FG-AUTOSYS-018,FAC-MX-01,100,100,2025-05-03,2025-05-12,COMPLETED,HIGH
WO-2025-000289,FG-AUTOSYS-003,FAC-MX-01,250,250,2025-07-14,2025-07-24,COMPLETED,STANDARD
WO-2025-000290,FG-AUTOSYS-051,FAC-APAC-01,1000,1000,2025-06-12,2025-06-17,COMPLETED,CRITICAL
WO-2025-000291,FG-AUTOSYS-066,FAC-US-01,50,50,2025-06-08,2025-06-16,COMPLETED,CRITICAL
WO-2025-000292,FG-AUTOSYS-079,FAC-EU-01,500,500,2025-05-13,2025-05-23,COMPLETED,HIGH
WO-2025-000293,FG-AUTOSYS-026,FAC-EU-01,50,50,2025-03-27,2025-04-05,COMPLETED,HIGH
WO-2025-000294,FG-AUTOSYS-084,FAC-APAC-01,250,250,2025-01-21,2025-01-24,COMPLETED,CRITICAL
WO-2025-000295,FG-AUTOSYS-079,FAC-MX-01,50,50,2025-11-26,2025-12-05,COMPLETED,STANDARD
WO-2025-000296,FG-AUTOSYS-025,FAC-MX-01,500,500,2025-02-17,2025-02-21,COMPLETED,CRITICAL
WO-2025-000297,FG-AUTOSYS-086,FAC-APAC-01,50,50,2025-05-30,2025-06-04,COMPLETED,HIGH
WO-2025-000298,FG-AUTOSYS-041,FAC-MX-01,100,100,2025-08-01,2025-08-08,COMPLETED,HIGH
WO-2025-000299,FG-AUTOSYS-026,FAC-US-01,1000,1000,2025-05-09,2025-05-18,COMPLETED,STANDARD
WO-2025-000300,FG-AUTOSYS-064,FAC-APAC-01,250,250,2026-01-05,2026-01-15,COMPLETED,HIGH
WO-2025-000301,FG-AUTOSYS-081,FAC-US-01,100,100,2026-02-09,2026-02-20,COMPLETED,STANDARD
WO-2025-000302,FG-AUTOSYS-025,FAC-US-01,250,250,2025-02-22,2025-03-03,COMPLETED,HIGH
WO-2025-000303,FG-AUTOSYS-087,FAC-MX-01,250,250,2025-03-01,2025-03-11,COMPLETED,HIGH
WO-2025-000304,FG-AUTOSYS-059,FAC-US-01,500,500,2025-02-26,2025-03-05,COMPLETED,CRITICAL
WO-2025-000305,FG-AUTOSYS-066,FAC-US-01,1000,1000,2025-07-26,2025-07-30,COMPLETED,CRITICAL
WO-2025-000306,FG-AUTOSYS-081,FAC-APAC-01,50,50,2025-05-11,2025-05-23,COMPLETED,CRITICAL
WO-2025-000307,FG-AUTOSYS-097,FAC-APAC-01,1000,1000,2025-05-31,2025-06-06,COMPLETED,STANDARD
WO-2025-000308,FG-AUTOSYS-004,FAC-APAC-01,500,500,2025-12-07,2025-12-12,COMPLETED,CRITICAL
WO-2025-000309,FG-AUTOSYS-062,FAC-EU-01,500,500,2025-02-01,2025-02-09,COMPLETED,STANDARD
WO-2025-000310,FG-AUTOSYS-075,FAC-EU-01,250,250,2025-07-18,2025-07-28,COMPLETED,STANDARD
WO-2025-000311,FG-AUTOSYS-084,FAC-EU-01,100,52,2026-04-10,2026-04-16,IN_PROGRESS,STANDARD
WO-2025-000312,FG-AUTOSYS-082,FAC-MX-01,100,100,2026-01-01,2026-01-05,COMPLETED,CRITICAL
WO-2025-000313,FG-AUTOSYS-082,FAC-MX-01,1000,1000,2025-04-11,2025-04-16,COMPLETED,CRITICAL
WO-2025-000314,FG-AUTOSYS-042,FAC-APAC-01,250,250,2025-04-03,2025-04-13,COMPLETED,HIGH
WO-2025-000315,FG-AUTOSYS-006,FAC-APAC-01,500,500,2025-07-24,2025-07-28,COMPLETED,HIGH
WO-2025-000316,FG-AUTOSYS-038,FAC-APAC-01,250,250,2025-09-28,2025-10-10,COMPLETED,STANDARD
WO-2025-000317,FG-AUTOSYS-001,FAC-EU-01,1000,1000,2025-11-27,2025-12-09,COMPLETED,STANDARD
WO-2025-000318,FG-AUTOSYS-055,FAC-US-01,250,250,2026-01-11,2026-01-21,COMPLETED,CRITICAL
WO-2025-000319,FG-AUTOSYS-010,FAC-US-01,1000,1000,2025-11-23,2025-11-29,COMPLETED,CRITICAL
WO-2025-000320,FG-AUTOSYS-045,FAC-MX-01,1000,1000,2026-04-09,2026-04-14,COMPLETED,STANDARD
WO-2025-000321,FG-AUTOSYS-007,FAC-APAC-01,50,50,2025-05-05,2025-05-09,COMPLETED,STANDARD
WO-2025-000322,FG-AUTOSYS-026,FAC-MX-01,250,250,2025-07-16,2025-07-21,COMPLETED,CRITICAL
WO-2025-000323,FG-AUTOSYS-019,FAC-APAC-01,100,100,2025-06-05,2025-06-08,COMPLETED,STANDARD
WO-2025-000324,FG-AUTOSYS-036,FAC-MX-01,100,100,2025-02-28,2025-03-09,COMPLETED,CRITICAL
WO-2025-000325,FG-AUTOSYS-037,FAC-APAC-01,50,50,2025-06-22,2025-07-05,COMPLETED,HIGH
WO-2025-000326,FG-AUTOSYS-046,FAC-MX-01,500,500,2025-06-10,2025-06-18,COMPLETED,HIGH
WO-2025-000327,FG-AUTOSYS-043,FAC-EU-01,500,500,2025-05-26,2025-06-04,COMPLETED,CRITICAL
WO-2025-000328,FG-AUTOSYS-096,FAC-APAC-01,500,500,2025-11-08,2025-11-19,COMPLETED,CRITICAL
WO-2025-000329,FG-AUTOSYS-071,FAC-EU-01,50,50,2026-03-14,2026-03-24,COMPLETED,CRITICAL
WO-2025-000330,FG-AUTOSYS-050,FAC-MX-01,100,100,2025-06-16,2025-06-28,COMPLETED,STANDARD
WO-2025-000331,FG-AUTOSYS-073,FAC-APAC-01,500,500,2025-01-23,2025-02-03,COMPLETED,CRITICAL
WO-2025-000332,FG-AUTOSYS-065,FAC-US-01,1000,1000,2025-06-07,2025-06-18,COMPLETED,HIGH
WO-2025-000333,FG-AUTOSYS-078,FAC-EU-01,1000,1000,2025-05-01,2025-05-12,COMPLETED,CRITICAL
WO-2025-000334,FG-AUTOSYS-087,FAC-APAC-01,50,50,2025-02-09,2025-02-22,COMPLETED,STANDARD
WO-2025-000335,FG-AUTOSYS-076,FAC-EU-01,250,250,2025-12-11,2025-12-14,COMPLETED,CRITICAL
WO-2025-000336,FG-AUTOSYS-069,FAC-US-01,250,250,2025-04-23,2025-05-05,COMPLETED,HIGH
WO-2025-000337,FG-AUTOSYS-086,FAC-APAC-01,50,50,2026-02-20,2026-02-26,COMPLETED,STANDARD
WO-2025-000338,FG-AUTOSYS-005,FAC-US-01,250,250,2026-01-04,2026-01-13,COMPLETED,HIGH
WO-2025-000339,FG-AUTOSYS-024,FAC-US-01,250,250,2026-01-25,2026-02-07,COMPLETED,CRITICAL
WO-2025-000340,FG-AUTOSYS-011,FAC-EU-01,1000,1000,2025-11-01,2025-11-07,COMPLETED,HIGH
WO-2025-000341,FG-AUTOSYS-023,FAC-MX-01,500,500,2025-04-22,2025-05-03,COMPLETED,STANDARD
WO-2025-000342,FG-AUTOSYS-023,FAC-EU-01,50,50,2025-09-07,2025-09-17,COMPLETED,STANDARD
WO-2025-000343,FG-AUTOSYS-006,FAC-MX-01,500,500,2025-06-24,2025-06-28,COMPLETED,HIGH
WO-2025-000344,FG-AUTOSYS-063,FAC-MX-01,1000,1000,2025-05-05,2025-05-12,COMPLETED,CRITICAL
WO-2025-000345,FG-AUTOSYS-048,FAC-EU-01,50,50,2026-04-07,2026-04-14,COMPLETED,STANDARD
WO-2025-000346,FG-AUTOSYS-037,FAC-MX-01,100,100,2025-11-03,2025-11-06,COMPLETED,HIGH
WO-2025-000347,FG-AUTOSYS-057,FAC-APAC-01,250,250,2025-10-05,2025-10-10,COMPLETED,HIGH
WO-2025-000348,FG-AUTOSYS-094,FAC-EU-01,1000,1000,2025-04-17,2025-04-21,COMPLETED,HIGH
WO-2025-000349,FG-AUTOSYS-097,FAC-APAC-01,50,50,2026-03-30,2026-04-05,COMPLETED,STANDARD
WO-2025-000350,FG-AUTOSYS-059,FAC-EU-01,100,100,2025-02-13,2025-02-16,COMPLETED,CRITICAL
WO-2025-000351,FG-AUTOSYS-016,FAC-APAC-01,500,500,2026-03-03,2026-03-07,COMPLETED,CRITICAL
WO-2025-000352,FG-AUTOSYS-061,FAC-US-01,100,100,2025-05-23,2025-06-01,COMPLETED,HIGH
WO-2025-000353,FG-AUTOSYS-036,FAC-APAC-01,100,100,2025-05-20,2025-05-26,COMPLETED,STANDARD
WO-2025-000354,FG-AUTOSYS-032,FAC-EU-01,100,100,2025-07-01,2025-07-14,COMPLETED,STANDARD
WO-2025-000355,FG-AUTOSYS-088,FAC-EU-01,1000,1000,2026-03-21,2026-04-03,COMPLETED,CRITICAL
WO-2025-000356,FG-AUTOSYS-010,FAC-EU-01,50,50,2025-10-05,2025-10-19,COMPLETED,STANDARD
WO-2025-000357,FG-AUTOSYS-048,FAC-US-01,100,100,2025-05-07,2025-05-21,COMPLETED,HIGH
WO-2025-000358,FG-AUTOSYS-018,FAC-APAC-01,50,50,2026-01-13,2026-01-24,COMPLETED,CRITICAL
WO-2025-000359,FG-AUTOSYS-041,FAC-APAC-01,50,50,2026-03-26,2026-03-31,COMPLETED,CRITICAL
WO-2025-000360,FG-AUTOSYS-053,FAC-MX-01,50,50,2025-06-24,2025-06-29,COMPLETED,STANDARD
WO-2025-000361,FG-AUTOSYS-015,FAC-MX-01,500,500,2025-10-21,2025-10-31,COMPLETED,CRITICAL
WO-2025-000362,FG-AUTOSYS-058,FAC-APAC-01,250,250,2026-02-04,2026-02-17,COMPLETED,STANDARD
WO-2025-000363,FG-AUTOSYS-003,FAC-US-01,500,0,2026-05-10,2026-05-23,PLANNED,STANDARD
WO-2025-000364,FG-AUTOSYS-037,FAC-APAC-01,500,500,2025-02-04,2025-02-14,COMPLETED,CRITICAL
WO-2025-000365,FG-AUTOSYS-012,FAC-EU-01,50,50,2025-05-06,2025-05-13,COMPLETED,HIGH
WO-2025-000366,FG-AUTOSYS-040,FAC-US-01,100,100,2025-11-10,2025-11-18,COMPLETED,CRITICAL
WO-2025-000367,FG-AUTOSYS-057,FAC-US-01,50,50,2025-10-31,2025-11-12,COMPLETED,STANDARD
WO-2025-000368,FG-AUTOSYS-092,FAC-EU-01,500,500,2025-04-26,2025-05-04,COMPLETED,STANDARD
WO-2025-000369,FG-AUTOSYS-083,FAC-EU-01,1000,0,2026-04-23,2026-04-29,PLANNED,CRITICAL
WO-2025-000370,FG-AUTOSYS-056,FAC-EU-01,250,250,2026-03-24,2026-03-30,COMPLETED,STANDARD
WO-2025-000371,FG-AUTOSYS-085,FAC-APAC-01,1000,1000,2026-03-12,2026-03-19,COMPLETED,HIGH
WO-2025-000372,FG-AUTOSYS-066,FAC-EU-01,50,50,2025-05-11,2025-05-25,COMPLETED,STANDARD
WO-2025-000373,FG-AUTOSYS-098,FAC-MX-01,100,100,2025-11-11,2025-11-22,COMPLETED,CRITICAL
WO-2025-000374,FG-AUTOSYS-053,FAC-EU-01,250,250,2025-05-16,2025-05-29,COMPLETED,STANDARD
WO-2025-000375,FG-AUTOSYS-065,FAC-MX-01,50,50,2025-08-26,2025-09-06,COMPLETED,STANDARD
WO-2025-000376,FG-AUTOSYS-040,FAC-APAC-01,50,50,2025-03-18,2025-03-30,COMPLETED,CRITICAL
WO-2025-000377,FG-AUTOSYS-026,FAC-APAC-01,250,250,2026-01-20,2026-01-25,COMPLETED,CRITICAL
WO-2025-000378,FG-AUTOSYS-097,FAC-US-01,1000,1000,2025-08-30,2025-09-05,COMPLETED,CRITICAL
WO-2025-000379,FG-AUTOSYS-046,FAC-EU-01,1000,317,2026-04-13,2026-04-19,IN_PROGRESS,STANDARD
WO-2025-000380,FG-AUTOSYS-013,FAC-EU-01,100,100,2025-08-13,2025-08-16,COMPLETED,HIGH
WO-2025-000381,FG-AUTOSYS-049,FAC-APAC-01,100,100,2025-06-17,2025-07-01,COMPLETED,CRITICAL
WO-2025-000382,FG-AUTOSYS-047,FAC-MX-01,1000,1000,2025-05-28,2025-05-31,COMPLETED,STANDARD
WO-2025-000383,FG-AUTOSYS-024,FAC-EU-01,100,100,2026-02-11,2026-02-21,COMPLETED,CRITICAL
WO-2025-000384,FG-AUTOSYS-090,FAC-EU-01,1000,1000,2025-09-03,2025-09-06,COMPLETED,CRITICAL
WO-2025-000385,FG-AUTOSYS-097,FAC-APAC-01,500,500,2025-02-28,2025-03-07,COMPLETED,STANDARD
WO-2025-000386,FG-AUTOSYS-081,FAC-US-01,1000,0,2026-05-26,2026-06-09,PLANNED,CRITICAL
WO-2025-000387,FG-AUTOSYS-048,FAC-US-01,1000,1000,2026-01-19,2026-01-23,COMPLETED,HIGH
WO-2025-000388,FG-AUTOSYS-073,FAC-US-01,50,50,2025-07-14,2025-07-28,COMPLETED,STANDARD
WO-2025-000389,FG-AUTOSYS-071,FAC-US-01,50,50,2025-06-02,2025-06-14,COMPLETED,STANDARD
WO-2025-000390,FG-AUTOSYS-025,FAC-US-01,50,50,2025-11-08,2025-11-21,COMPLETED,HIGH
WO-2025-000391,FG-AUTOSYS-045,FAC-MX-01,50,50,2025-10-05,2025-10-14,COMPLETED,CRITICAL
WO-2025-000392,FG-AUTOSYS-022,FAC-APAC-01,100,100,2026-02-27,2026-03-09,COMPLETED,CRITICAL
WO-2025-000393,FG-AUTOSYS-093,FAC-EU-01,50,50,2025-09-13,2025-09-22,COMPLETED,HIGH
WO-2025-000394,FG-AUTOSYS-026,FAC-EU-01,250,250,2025-08-26,2025-09-09,COMPLETED,HIGH
WO-2025-000395,FG-AUTOSYS-046,FAC-APAC-01,250,250,2025-02-02,2025-02-12,COMPLETED,HIGH
WO-2025-000396,FG-AUTOSYS-050,FAC-EU-01,500,500,2026-01-25,2026-02-06,COMPLETED,CRITICAL
WO-2025-000397,FG-AUTOSYS-100,FAC-MX-01,1000,1000,2025-12-24,2026-01-01,COMPLETED,STANDARD
WO-2025-000398,FG-AUTOSYS-051,FAC-APAC-01,250,250,2026-03-23,2026-04-04,COMPLETED,STANDARD
WO-2025-000399,FG-AUTOSYS-054,FAC-APAC-01,250,0,2026-05-28,2026-06-05,PLANNED,HIGH
WO-2025-000400,FG-AUTOSYS-034,FAC-MX-01,500,500,2025-02-09,2025-02-23,COMPLETED,STANDARD
WO-2025-000401,FG-AUTOSYS-019,FAC-APAC-01,50,50,2025-05-23,2025-05-29,COMPLETED,CRITICAL
WO-2025-000402,FG-AUTOSYS-065,FAC-EU-01,250,250,2025-03-21,2025-03-28,COMPLETED,CRITICAL
WO-2025-000403,FG-AUTOSYS-015,FAC-US-01,500,500,2025-06-04,2025-06-16,COMPLETED,STANDARD
WO-2025-000404,FG-AUTOSYS-068,FAC-US-01,500,500,2025-09-03,2025-09-16,COMPLETED,CRITICAL
WO-2025-000405,FG-AUTOSYS-059,FAC-EU-01,500,0,2026-05-27,2026-06-04,PLANNED,HIGH
WO-2025-000406,FG-AUTOSYS-024,FAC-EU-01,50,50,2025-12-04,2025-12-07,COMPLETED,HIGH
WO-2025-000407,FG-AUTOSYS-025,FAC-MX-01,500,500,2025-07-22,2025-07-29,COMPLETED,CRITICAL
WO-2025-000408,FG-AUTOSYS-065,FAC-MX-01,100,100,2026-02-21,2026-03-05,COMPLETED,STANDARD
WO-2025-000409,FG-AUTOSYS-037,FAC-MX-01,1000,483,2026-04-10,2026-04-24,IN_PROGRESS,HIGH
WO-2025-000410,FG-AUTOSYS-029,FAC-US-01,1000,1000,2025-06-07,2025-06-10,COMPLETED,STANDARD
WO-2025-000411,FG-AUTOSYS-033,FAC-APAC-01,500,500,2025-01-16,2025-01-20,COMPLETED,CRITICAL
WO-2025-000412,FG-AUTOSYS-030,FAC-APAC-01,500,500,2025-12-08,2025-12-14,COMPLETED,HIGH
WO-2025-000413,FG-AUTOSYS-033,FAC-EU-01,500,500,2025-12-22,2025-12-28,COMPLETED,CRITICAL
WO-2025-000414,FG-AUTOSYS-055,FAC-EU-01,100,100,2025-12-01,2025-12-15,COMPLETED,CRITICAL
WO-2025-000415,FG-AUTOSYS-090,FAC-EU-01,50,50,2025-09-24,2025-09-28,COMPLETED,CRITICAL
WO-2025-000416,FG-AUTOSYS-009,FAC-EU-01,1000,1000,2026-01-22,2026-01-26,COMPLETED,STANDARD
WO-2025-000417,FG-AUTOSYS-058,FAC-US-01,1000,1000,2025-06-05,2025-06-17,COMPLETED,CRITICAL
WO-2025-000418,FG-AUTOSYS-100,FAC-APAC-01,100,100,2025-10-14,2025-10-23,COMPLETED,CRITICAL
WO-2025-000419,FG-AUTOSYS-006,FAC-APAC-01,500,500,2025-08-28,2025-09-10,COMPLETED,STANDARD
WO-2025-000420,FG-AUTOSYS-095,FAC-MX-01,100,100,2025-04-10,2025-04-13,COMPLETED,STANDARD
WO-2025-000421,FG-AUTOSYS-041,FAC-APAC-01,100,100,2025-05-19,2025-05-31,COMPLETED,HIGH
WO-2025-000422,FG-AUTOSYS-014,FAC-MX-01,100,100,2025-03-13,2025-03-22,COMPLETED,STANDARD
WO-2025-000423,FG-AUTOSYS-064,FAC-EU-01,250,250,2026-02-09,2026-02-17,COMPLETED,CRITICAL
WO-2025-000424,FG-AUTOSYS-007,FAC-MX-01,250,250,2026-03-15,2026-03-27,COMPLETED,CRITICAL
WO-2025-000425,FG-AUTOSYS-034,FAC-EU-01,100,100,2025-07-02,2025-07-14,COMPLETED,HIGH
WO-2025-000426,FG-AUTOSYS-080,FAC-APAC-01,50,50,2025-06-28,2025-07-02,COMPLETED,STANDARD
WO-2025-000427,FG-AUTOSYS-022,FAC-EU-01,1000,0,2026-05-24,2026-06-03,BLOCKED_SHORTAGE,STANDARD
WO-2025-000428,FG-AUTOSYS-055,FAC-MX-01,500,500,2025-08-25,2025-09-03,COMPLETED,CRITICAL
WO-2025-000429,FG-AUTOSYS-094,FAC-MX-01,250,250,2026-02-12,2026-02-25,COMPLETED,CRITICAL
WO-2025-000430,FG-AUTOSYS-070,FAC-MX-01,500,500,2025-05-04,2025-05-10,COMPLETED,HIGH
WO-2025-000431,FG-AUTOSYS-073,FAC-US-01,500,500,2025-09-12,2025-09-21,COMPLETED,STANDARD
WO-2025-000432,FG-AUTOSYS-097,FAC-APAC-01,250,250,2026-02-12,2026-02-15,COMPLETED,HIGH
WO-2025-000433,FG-AUTOSYS-064,FAC-US-01,100,100,2026-03-14,2026-03-24,COMPLETED,CRITICAL
WO-2025-000434,FG-AUTOSYS-006,FAC-APAC-01,500,500,2025-07-31,2025-08-13,COMPLETED,CRITICAL
WO-2025-000435,FG-AUTOSYS-007,FAC-MX-01,100,100,2025-10-13,2025-10-17,COMPLETED,STANDARD
WO-2025-000436,FG-AUTOSYS-033,FAC-EU-01,500,500,2026-02-03,2026-02-15,COMPLETED,CRITICAL
WO-2025-000437,FG-AUTOSYS-018,FAC-US-01,500,500,2025-04-12,2025-04-15,COMPLETED,CRITICAL
WO-2025-000438,FG-AUTOSYS-045,FAC-MX-01,100,100,2025-05-11,2025-05-23,COMPLETED,STANDARD
WO-2025-000439,FG-AUTOSYS-017,FAC-APAC-01,1000,1000,2026-01-02,2026-01-16,COMPLETED,HIGH
WO-2025-000440,FG-AUTOSYS-033,FAC-APAC-01,500,500,2026-04-05,2026-04-12,COMPLETED,STANDARD
WO-2025-000441,FG-AUTOSYS-004,FAC-US-01,100,100,2026-02-01,2026-02-07,COMPLETED,CRITICAL
WO-2025-000442,FG-AUTOSYS-060,FAC-MX-01,50,50,2025-08-11,2025-08-21,COMPLETED,STANDARD
WO-2025-000443,FG-AUTOSYS-062,FAC-EU-01,1000,1000,2025-08-11,2025-08-22,COMPLETED,STANDARD
WO-2025-000444,FG-AUTOSYS-043,FAC-APAC-01,100,100,2026-01-29,2026-02-03,COMPLETED,CRITICAL
WO-2025-000445,FG-AUTOSYS-029,FAC-US-01,500,500,2025-04-25,2025-05-08,COMPLETED,HIGH
WO-2025-000446,FG-AUTOSYS-029,FAC-MX-01,250,250,2025-08-23,2025-08-28,COMPLETED,CRITICAL
WO-2025-000447,FG-AUTOSYS-005,FAC-EU-01,1000,1000,2025-11-18,2025-11-27,COMPLETED,HIGH
WO-2025-000448,FG-AUTOSYS-039,FAC-MX-01,250,250,2025-02-06,2025-02-18,COMPLETED,STANDARD
WO-2025-000449,FG-AUTOSYS-091,FAC-US-01,1000,1000,2025-05-11,2025-05-20,COMPLETED,CRITICAL
WO-2025-000450,FG-AUTOSYS-073,FAC-US-01,250,0,2026-05-11,2026-05-22,PLANNED,STANDARD
WO-2025-000451,FG-AUTOSYS-004,FAC-EU-01,1000,1000,2026-03-08,2026-03-18,COMPLETED,STANDARD
WO-2025-000452,FG-AUTOSYS-048,FAC-APAC-01,100,100,2025-08-18,2025-08-29,COMPLETED,CRITICAL
WO-2025-000453,FG-AUTOSYS-053,FAC-US-01,1000,1000,2025-06-02,2025-06-14,COMPLETED,CRITICAL
WO-2025-000454,FG-AUTOSYS-074,FAC-US-01,50,50,2025-03-23,2025-04-01,COMPLETED,HIGH
WO-2025-000455,FG-AUTOSYS-059,FAC-US-01,100,100,2025-02-14,2025-02-18,COMPLETED,HIGH
WO-2025-000456,FG-AUTOSYS-047,FAC-MX-01,250,250,2026-01-10,2026-01-17,COMPLETED,CRITICAL
WO-2025-000457,FG-AUTOSYS-064,FAC-EU-01,50,50,2026-03-13,2026-03-22,COMPLETED,CRITICAL
WO-2025-000458,FG-AUTOSYS-036,FAC-MX-01,1000,1000,2026-01-10,2026-01-15,COMPLETED,HIGH
WO-2025-000459,FG-AUTOSYS-055,FAC-US-01,500,500,2025-04-02,2025-04-07,COMPLETED,CRITICAL
WO-2025-000460,FG-AUTOSYS-015,FAC-EU-01,100,100,2025-07-05,2025-07-15,COMPLETED,STANDARD
WO-2025-000461,FG-AUTOSYS-035,FAC-US-01,50,50,2026-02-06,2026-02-16,COMPLETED,CRITICAL
WO-2025-000462,FG-AUTOSYS-023,FAC-APAC-01,250,250,2025-09-28,2025-10-11,COMPLETED,CRITICAL
WO-2025-000463,FG-AUTOSYS-011,FAC-APAC-01,250,250,2026-03-16,2026-03-22,COMPLETED,HIGH
WO-2025-000464,FG-AUTOSYS-082,FAC-EU-01,500,500,2025-08-01,2025-08-13,COMPLETED,CRITICAL
WO-2025-000465,FG-AUTOSYS-023,FAC-APAC-01,1000,1000,2025-03-23,2025-04-03,COMPLETED,HIGH
WO-2025-000466,FG-AUTOSYS-055,FAC-APAC-01,500,500,2025-05-30,2025-06-02,COMPLETED,STANDARD
WO-2025-000467,FG-AUTOSYS-068,FAC-APAC-01,100,100,2025-08-29,2025-09-10,COMPLETED,STANDARD
WO-2025-000468,FG-AUTOSYS-015,FAC-MX-01,250,250,2025-05-14,2025-05-22,COMPLETED,CRITICAL
WO-2025-000469,FG-AUTOSYS-018,FAC-APAC-01,250,250,2025-09-27,2025-10-07,COMPLETED,STANDARD
WO-2025-000470,FG-AUTOSYS-076,FAC-US-01,1000,1000,2026-03-01,2026-03-14,COMPLETED,STANDARD
WO-2025-000471,FG-AUTOSYS-057,FAC-US-01,100,100,2026-03-26,2026-04-01,COMPLETED,STANDARD
WO-2025-000472,FG-AUTOSYS-052,FAC-APAC-01,1000,1000,2025-04-17,2025-04-28,COMPLETED,CRITICAL
WO-2025-000473,FG-AUTOSYS-006,FAC-EU-01,100,100,2025-12-27,2026-01-10,COMPLETED,STANDARD
WO-2025-000474,FG-AUTOSYS-093,FAC-US-01,100,100,2025-12-04,2025-12-08,COMPLETED,HIGH
WO-2025-000475,FG-AUTOSYS-093,FAC-EU-01,500,0,2026-04-17,2026-04-27,PLANNED,STANDARD
WO-2025-000476,FG-AUTOSYS-013,FAC-EU-01,250,250,2025-12-08,2025-12-13,COMPLETED,HIGH
WO-2025-000477,FG-AUTOSYS-020,FAC-EU-01,1000,1000,2025-10-11,2025-10-18,COMPLETED,CRITICAL
WO-2025-000478,FG-AUTOSYS-008,FAC-EU-01,500,500,2025-12-14,2025-12-24,COMPLETED,CRITICAL
WO-2025-000479,FG-AUTOSYS-095,FAC-US-01,100,100,2025-11-15,2025-11-23,COMPLETED,CRITICAL
WO-2025-000480,FG-AUTOSYS-077,FAC-US-01,500,500,2025-07-12,2025-07-23,COMPLETED,CRITICAL
WO-2025-000481,FG-AUTOSYS-033,FAC-US-01,100,100,2025-09-16,2025-09-25,COMPLETED,STANDARD
WO-2025-000482,FG-AUTOSYS-023,FAC-MX-01,100,100,2025-07-23,2025-08-01,COMPLETED,STANDARD
WO-2025-000483,FG-AUTOSYS-076,FAC-EU-01,500,0,2026-05-18,2026-05-26,PLANNED,CRITICAL
WO-2025-000484,FG-AUTOSYS-058,FAC-APAC-01,500,0,2026-05-04,2026-05-15,PLANNED,HIGH
WO-2025-000485,FG-AUTOSYS-041,FAC-APAC-01,500,500,2025-12-16,2025-12-29,COMPLETED,HIGH
WO-2025-000486,FG-AUTOSYS-051,FAC-EU-01,50,50,2025-06-11,2025-06-16,COMPLETED,CRITICAL
WO-2025-000487,FG-AUTOSYS-080,FAC-APAC-01,50,50,2025-11-25,2025-11-30,COMPLETED,STANDARD
WO-2025-000488,FG-AUTOSYS-057,FAC-US-01,250,250,2025-12-12,2025-12-20,COMPLETED,STANDARD
WO-2025-000489,FG-AUTOSYS-097,FAC-MX-01,50,50,2025-06-02,2025-06-13,COMPLETED,STANDARD
WO-2025-000490,FG-AUTOSYS-064,FAC-US-01,100,100,2025-12-19,2025-12-29,COMPLETED,STANDARD
WO-2025-000491,FG-AUTOSYS-074,FAC-US-01,1000,1000,2025-10-03,2025-10-08,COMPLETED,HIGH
WO-2025-000492,FG-AUTOSYS-002,FAC-EU-01,50,50,2025-05-30,2025-06-06,COMPLETED,STANDARD
WO-2025-000493,FG-AUTOSYS-089,FAC-US-01,100,100,2025-05-28,2025-06-06,COMPLETED,HIGH
WO-2025-000494,FG-AUTOSYS-034,FAC-EU-01,1000,1000,2025-09-01,2025-09-07,COMPLETED,STANDARD
WO-2025-000495,FG-AUTOSYS-068,FAC-US-01,250,250,2025-03-05,2025-03-14,COMPLETED,HIGH
WO-2025-000496,FG-AUTOSYS-035,FAC-EU-01,100,100,2025-07-08,2025-07-13,COMPLETED,STANDARD
WO-2025-000497,FG-AUTOSYS-038,FAC-APAC-01,1000,1000,2026-01-08,2026-01-18,COMPLETED,STANDARD
WO-2025-000498,FG-AUTOSYS-003,FAC-EU-01,250,0,2026-05-25,2026-06-05,BLOCKED_SHORTAGE,CRITICAL
WO-2025-000499,FG-AUTOSYS-043,FAC-APAC-01,100,100,2025-05-18,2025-05-25,COMPLETED,STANDARD
WO-2025-000500,FG-AUTOSYS-074,FAC-APAC-01,50,50,2025-08-01,2025-08-04,COMPLETED,CRITICAL
WO-2025-000501,FG-AUTOSYS-070,FAC-APAC-01,50,50,2025-09-18,2025-10-01,COMPLETED,STANDARD
WO-2025-000502,FG-AUTOSYS-017,FAC-APAC-01,100,100,2025-08-06,2025-08-12,COMPLETED,HIGH
WO-2025-000503,FG-AUTOSYS-098,FAC-US-01,50,50,2025-02-08,2025-02-20,COMPLETED,STANDARD
WO-2025-000504,FG-AUTOSYS-045,FAC-APAC-01,500,500,2025-06-10,2025-06-24,COMPLETED,STANDARD
WO-2025-000505,FG-AUTOSYS-079,FAC-EU-01,250,250,2026-03-01,2026-03-10,COMPLETED,HIGH
WO-2025-000506,FG-AUTOSYS-019,FAC-MX-01,1000,1000,2025-07-28,2025-08-01,COMPLETED,HIGH
WO-2025-000507,FG-AUTOSYS-094,FAC-APAC-01,50,50,2026-01-12,2026-01-22,COMPLETED,CRITICAL
WO-2025-000508,FG-AUTOSYS-092,FAC-EU-01,1000,1000,2026-02-19,2026-03-01,COMPLETED,CRITICAL
WO-2025-000509,FG-AUTOSYS-016,FAC-US-01,100,100,2025-10-27,2025-11-09,COMPLETED,STANDARD
WO-2025-000510,FG-AUTOSYS-072,FAC-MX-01,250,250,2025-06-11,2025-06-22,COMPLETED,CRITICAL
WO-2025-000511,FG-AUTOSYS-011,FAC-APAC-01,100,100,2025-03-22,2025-03-31,COMPLETED,CRITICAL
WO-2025-000512,FG-AUTOSYS-050,FAC-US-01,1000,1000,2025-05-06,2025-05-10,COMPLETED,CRITICAL
WO-2025-000513,FG-AUTOSYS-040,FAC-APAC-01,50,0,2026-05-10,2026-05-15,PLANNED,HIGH
WO-2025-000514,FG-AUTOSYS-055,FAC-MX-01,100,100,2025-08-04,2025-08-12,COMPLETED,CRITICAL
WO-2025-000515,FG-AUTOSYS-038,FAC-EU-01,500,162,2026-04-12,2026-04-18,IN_PROGRESS,CRITICAL
WO-2025-000516,FG-AUTOSYS-022,FAC-US-01,100,100,2025-06-05,2025-06-15,COMPLETED,CRITICAL
WO-2025-000517,FG-AUTOSYS-030,FAC-APAC-01,100,100,2025-10-15,2025-10-28,COMPLETED,HIGH
WO-2025-000518,FG-AUTOSYS-016,FAC-US-01,250,250,2026-01-28,2026-02-09,COMPLETED,STANDARD
WO-2025-000519,FG-AUTOSYS-019,FAC-APAC-01,1000,1000,2025-05-21,2025-06-01,COMPLETED,HIGH
WO-2025-000520,FG-AUTOSYS-068,FAC-EU-01,1000,0,2026-05-02,2026-05-10,PLANNED,CRITICAL
WO-2025-000521,FG-AUTOSYS-064,FAC-MX-01,1000,1000,2025-12-26,2026-01-02,COMPLETED,HIGH
WO-2025-000522,FG-AUTOSYS-072,FAC-MX-01,500,500,2025-03-03,2025-03-11,COMPLETED,STANDARD
WO-2025-000523,FG-AUTOSYS-063,FAC-US-01,250,250,2026-01-03,2026-01-17,COMPLETED,STANDARD
WO-2025-000524,FG-AUTOSYS-039,FAC-EU-01,100,100,2025-07-25,2025-08-03,COMPLETED,CRITICAL
WO-2025-000525,FG-AUTOSYS-026,FAC-EU-01,250,250,2026-04-06,2026-04-12,COMPLETED,HIGH
WO-2025-000526,FG-AUTOSYS-037,FAC-MX-01,500,500,2025-06-21,2025-06-28,COMPLETED,HIGH
WO-2025-000527,FG-AUTOSYS-090,FAC-US-01,1000,1000,2026-02-19,2026-02-23,COMPLETED,HIGH
WO-2025-000528,FG-AUTOSYS-029,FAC-US-01,100,100,2026-02-19,2026-03-05,COMPLETED,HIGH
WO-2025-000529,FG-AUTOSYS-002,FAC-MX-01,1000,1000,2025-06-20,2025-07-01,COMPLETED,HIGH
WO-2025-000530,FG-AUTOSYS-044,FAC-EU-01,100,0,2026-05-01,2026-05-04,PLANNED,STANDARD
WO-2025-000531,FG-AUTOSYS-055,FAC-MX-01,250,250,2025-09-16,2025-09-20,COMPLETED,STANDARD
WO-2025-000532,FG-AUTOSYS-054,FAC-US-01,1000,1000,2026-04-08,2026-04-11,COMPLETED,CRITICAL
WO-2025-000533,FG-AUTOSYS-071,FAC-US-01,500,500,2025-07-04,2025-07-14,COMPLETED,CRITICAL
WO-2025-000534,FG-AUTOSYS-017,FAC-US-01,1000,1000,2025-10-08,2025-10-18,COMPLETED,HIGH
WO-2025-000535,FG-AUTOSYS-039,FAC-APAC-01,500,500,2025-03-19,2025-03-24,COMPLETED,CRITICAL
WO-2025-000536,FG-AUTOSYS-099,FAC-US-01,250,250,2025-05-28,2025-06-11,COMPLETED,HIGH
WO-2025-000537,FG-AUTOSYS-099,FAC-APAC-01,1000,0,2026-04-27,2026-05-08,PLANNED,STANDARD
WO-2025-000538,FG-AUTOSYS-001,FAC-MX-01,50,50,2025-12-11,2025-12-23,COMPLETED,HIGH
WO-2025-000539,FG-AUTOSYS-071,FAC-US-01,100,100,2026-03-26,2026-04-06,COMPLETED,HIGH
WO-2025-000540,FG-AUTOSYS-039,FAC-MX-01,100,100,2026-03-05,2026-03-09,COMPLETED,CRITICAL
WO-2025-000541,FG-AUTOSYS-078,FAC-EU-01,250,250,2025-06-02,2025-06-15,COMPLETED,HIGH
WO-2025-000542,FG-AUTOSYS-070,FAC-EU-01,500,500,2025-09-29,2025-10-07,COMPLETED,CRITICAL
WO-2025-000543,FG-AUTOSYS-047,FAC-APAC-01,250,250,2025-05-08,2025-05-20,COMPLETED,HIGH
WO-2025-000544,FG-AUTOSYS-086,FAC-US-01,500,500,2026-02-14,2026-02-19,COMPLETED,CRITICAL
WO-2025-000545,FG-AUTOSYS-065,FAC-US-01,100,100,2025-07-31,2025-08-09,COMPLETED,STANDARD
WO-2025-000546,FG-AUTOSYS-027,FAC-EU-01,100,100,2026-02-17,2026-02-28,COMPLETED,HIGH
WO-2025-000547,FG-AUTOSYS-056,FAC-MX-01,50,50,2026-01-19,2026-01-29,COMPLETED,STANDARD
WO-2025-000548,FG-AUTOSYS-073,FAC-EU-01,250,250,2025-12-17,2025-12-29,COMPLETED,STANDARD
WO-2025-000549,FG-AUTOSYS-037,FAC-APAC-01,500,500,2025-04-02,2025-04-05,COMPLETED,CRITICAL
WO-2025-000550,FG-AUTOSYS-034,FAC-EU-01,100,100,2026-03-25,2026-04-07,COMPLETED,CRITICAL
WO-2025-000551,FG-AUTOSYS-061,FAC-APAC-01,100,100,2025-01-30,2025-02-03,COMPLETED,STANDARD
WO-2025-000552,FG-AUTOSYS-042,FAC-APAC-01,50,50,2026-02-12,2026-02-17,COMPLETED,STANDARD
WO-2025-000553,FG-AUTOSYS-064,FAC-EU-01,100,100,2025-07-19,2025-07-25,COMPLETED,STANDARD
WO-2025-000554,FG-AUTOSYS-046,FAC-US-01,100,100,2025-12-26,2025-12-31,COMPLETED,CRITICAL
WO-2025-000555,FG-AUTOSYS-072,FAC-EU-01,50,50,2025-07-01,2025-07-10,COMPLETED,CRITICAL
WO-2025-000556,FG-AUTOSYS-055,FAC-MX-01,100,100,2025-07-12,2025-07-23,COMPLETED,STANDARD
WO-2025-000557,FG-AUTOSYS-082,FAC-US-01,1000,1000,2026-01-15,2026-01-22,COMPLETED,CRITICAL
WO-2025-000558,FG-AUTOSYS-051,FAC-MX-01,250,250,2026-01-30,2026-02-02,COMPLETED,STANDARD
WO-2025-000559,FG-AUTOSYS-089,FAC-US-01,50,50,2026-01-07,2026-01-13,COMPLETED,HIGH
WO-2025-000560,FG-AUTOSYS-013,FAC-APAC-01,100,100,2025-12-01,2025-12-06,COMPLETED,HIGH
WO-2025-000561,FG-AUTOSYS-084,FAC-APAC-01,250,250,2025-03-21,2025-03-25,COMPLETED,STANDARD
WO-2025-000562,FG-AUTOSYS-055,FAC-US-01,100,100,2025-10-24,2025-10-29,COMPLETED,STANDARD
WO-2025-000563,FG-AUTOSYS-064,FAC-EU-01,100,100,2025-12-16,2025-12-19,COMPLETED,CRITICAL
WO-2025-000564,FG-AUTOSYS-008,FAC-US-01,500,500,2025-08-10,2025-08-13,COMPLETED,STANDARD
WO-2025-000565,FG-AUTOSYS-077,FAC-EU-01,250,250,2026-03-09,2026-03-21,COMPLETED,HIGH
WO-2025-000566,FG-AUTOSYS-020,FAC-US-01,500,500,2025-12-03,2025-12-10,COMPLETED,STANDARD
WO-2025-000567,FG-AUTOSYS-054,FAC-EU-01,100,100,2025-08-30,2025-09-04,COMPLETED,HIGH
WO-2025-000568,FG-AUTOSYS-007,FAC-US-01,500,500,2025-10-20,2025-10-25,COMPLETED,STANDARD
WO-2025-000569,FG-AUTOSYS-077,FAC-APAC-01,250,250,2025-12-22,2025-12-30,COMPLETED,CRITICAL
WO-2025-000570,FG-AUTOSYS-025,FAC-APAC-01,1000,1000,2025-11-16,2025-11-29,COMPLETED,STANDARD
WO-2025-000571,FG-AUTOSYS-037,FAC-MX-01,1000,1000,2025-11-03,2025-11-13,COMPLETED,STANDARD
WO-2025-000572,FG-AUTOSYS-068,FAC-EU-01,100,100,2026-03-08,2026-03-17,COMPLETED,STANDARD
WO-2025-000573,FG-AUTOSYS-088,FAC-APAC-01,50,0,2026-05-03,2026-05-10,PLANNED,HIGH
WO-2025-000574,FG-AUTOSYS-036,FAC-US-01,250,250,2026-01-23,2026-02-05,COMPLETED,STANDARD
WO-2025-000575,FG-AUTOSYS-094,FAC-APAC-01,250,250,2026-03-09,2026-03-21,COMPLETED,CRITICAL
WO-2025-000576,FG-AUTOSYS-021,FAC-US-01,1000,1000,2025-11-09,2025-11-20,COMPLETED,CRITICAL
WO-2025-000577,FG-AUTOSYS-032,FAC-US-01,1000,1000,2025-12-21,2026-01-02,COMPLETED,STANDARD
WO-2025-000578,FG-AUTOSYS-093,FAC-MX-01,50,50,2025-03-04,2025-03-16,COMPLETED,CRITICAL
WO-2025-000579,FG-AUTOSYS-050,FAC-APAC-01,1000,1000,2025-12-20,2025-12-28,COMPLETED,HIGH
WO-2025-000580,FG-AUTOSYS-079,FAC-MX-01,250,250,2025-07-21,2025-07-31,COMPLETED,CRITICAL
WO-2025-000581,FG-AUTOSYS-035,FAC-MX-01,50,50,2025-03-19,2025-04-02,COMPLETED,STANDARD
WO-2025-000582,FG-AUTOSYS-033,FAC-US-01,500,500,2025-02-01,2025-02-11,COMPLETED,HIGH
WO-2025-000583,FG-AUTOSYS-074,FAC-EU-01,100,100,2025-01-23,2025-01-30,COMPLETED,CRITICAL
WO-2025-000584,FG-AUTOSYS-007,FAC-US-01,100,100,2026-03-01,2026-03-13,COMPLETED,HIGH
WO-2025-000585,FG-AUTOSYS-013,FAC-APAC-01,500,500,2025-06-02,2025-06-11,COMPLETED,HIGH
WO-2025-000586,FG-AUTOSYS-050,FAC-MX-01,500,500,2025-12-02,2025-12-13,COMPLETED,STANDARD
WO-2025-000587,FG-AUTOSYS-073,FAC-EU-01,100,100,2025-08-27,2025-09-09,COMPLETED,CRITICAL
WO-2025-000588,FG-AUTOSYS-035,FAC-EU-01,100,100,2025-07-13,2025-07-21,COMPLETED,STANDARD
WO-2025-000589,FG-AUTOSYS-057,FAC-MX-01,500,500,2025-07-11,2025-07-15,COMPLETED,STANDARD
WO-2025-000590,FG-AUTOSYS-036,FAC-MX-01,1000,1000,2025-04-27,2025-05-03,COMPLETED,CRITICAL
WO-2025-000591,FG-AUTOSYS-006,FAC-MX-01,100,100,2025-03-16,2025-03-28,COMPLETED,HIGH
WO-2025-000592,FG-AUTOSYS-099,FAC-US-01,100,100,2025-08-23,2025-08-27,COMPLETED,STANDARD
WO-2025-000593,FG-AUTOSYS-086,FAC-US-01,250,250,2025-05-20,2025-06-03,COMPLETED,STANDARD
WO-2025-000594,FG-AUTOSYS-027,FAC-US-01,1000,1000,2025-08-29,2025-09-08,COMPLETED,HIGH
WO-2025-000595,FG-AUTOSYS-038,FAC-EU-01,50,50,2025-04-12,2025-04-26,COMPLETED,STANDARD
WO-2025-000596,FG-AUTOSYS-030,FAC-MX-01,250,0,2026-05-08,2026-05-14,PLANNED,CRITICAL
WO-2025-000597,FG-AUTOSYS-022,FAC-MX-01,1000,1000,2025-11-21,2025-11-24,COMPLETED,CRITICAL
WO-2025-000598,FG-AUTOSYS-084,FAC-MX-01,500,500,2026-02-25,2026-03-04,COMPLETED,HIGH
WO-2025-000599,FG-AUTOSYS-060,FAC-EU-01,1000,1000,2025-07-03,2025-07-15,COMPLETED,HIGH
WO-2025-000600,FG-AUTOSYS-003,FAC-MX-01,250,250,2026-01-07,2026-01-14,COMPLETED,HIGH
WO-2025-000601,FG-AUTOSYS-017,FAC-APAC-01,50,50,2025-01-29,2025-02-03,COMPLETED,CRITICAL
WO-2025-000602,FG-AUTOSYS-040,FAC-US-01,500,500,2026-04-04,2026-04-11,COMPLETED,STANDARD
WO-2025-000603,FG-AUTOSYS-060,FAC-US-01,1000,1000,2026-01-09,2026-01-21,COMPLETED,STANDARD
WO-2025-000604,FG-AUTOSYS-097,FAC-MX-01,100,100,2025-01-20,2025-01-28,COMPLETED,CRITICAL
WO-2025-000605,FG-AUTOSYS-031,FAC-APAC-01,50,50,2025-05-14,2025-05-24,COMPLETED,STANDARD
WO-2025-000606,FG-AUTOSYS-039,FAC-MX-01,250,0,2026-04-30,2026-05-03,PLANNED,HIGH
WO-2025-000607,FG-AUTOSYS-047,FAC-MX-01,500,500,2025-04-20,2025-04-27,COMPLETED,HIGH
WO-2025-000608,FG-AUTOSYS-069,FAC-APAC-01,250,250,2025-07-31,2025-08-07,COMPLETED,HIGH
WO-2025-000609,FG-AUTOSYS-017,FAC-APAC-01,50,50,2025-03-31,2025-04-06,COMPLETED,CRITICAL
WO-2025-000610,FG-AUTOSYS-060,FAC-EU-01,50,50,2025-03-22,2025-03-30,COMPLETED,CRITICAL
WO-2025-000611,FG-AUTOSYS-061,FAC-EU-01,50,50,2026-04-04,2026-04-07,COMPLETED,CRITICAL
WO-2025-000612,FG-AUTOSYS-064,FAC-US-01,100,100,2025-04-13,2025-04-18,COMPLETED,STANDARD
WO-2025-000613,FG-AUTOSYS-059,FAC-APAC-01,100,100,2025-11-04,2025-11-15,COMPLETED,STANDARD
WO-2025-000614,FG-AUTOSYS-010,FAC-APAC-01,50,50,2025-05-30,2025-06-12,COMPLETED,STANDARD
WO-2025-000615,FG-AUTOSYS-022,FAC-US-01,1000,1000,2025-02-23,2025-02-27,COMPLETED,STANDARD
WO-2025-000616,FG-AUTOSYS-052,FAC-APAC-01,250,250,2025-09-22,2025-09-25,COMPLETED,CRITICAL
WO-2025-000617,FG-AUTOSYS-079,FAC-MX-01,500,500,2025-10-01,2025-10-09,COMPLETED,HIGH
WO-2025-000618,FG-AUTOSYS-018,FAC-MX-01,1000,1000,2025-09-09,2025-09-13,COMPLETED,STANDARD
WO-2025-000619,FG-AUTOSYS-032,FAC-EU-01,1000,1000,2025-12-19,2025-12-23,COMPLETED,CRITICAL
WO-2025-000620,FG-AUTOSYS-013,FAC-US-01,1000,1000,2025-02-28,2025-03-14,COMPLETED,HIGH
WO-2025-000621,FG-AUTOSYS-078,FAC-APAC-01,100,100,2026-01-15,2026-01-25,COMPLETED,STANDARD
WO-2025-000622,FG-AUTOSYS-074,FAC-US-01,1000,1000,2025-10-26,2025-10-29,COMPLETED,CRITICAL
WO-2025-000623,FG-AUTOSYS-088,FAC-EU-01,1000,1000,2025-12-31,2026-01-14,COMPLETED,CRITICAL
WO-2025-000624,FG-AUTOSYS-006,FAC-APAC-01,250,250,2025-04-08,2025-04-13,COMPLETED,CRITICAL
WO-2025-000625,FG-AUTOSYS-002,FAC-MX-01,50,50,2025-12-14,2025-12-23,COMPLETED,STANDARD
WO-2025-000626,FG-AUTOSYS-093,FAC-US-01,500,500,2025-04-25,2025-05-06,COMPLETED,CRITICAL
WO-2025-000627,FG-AUTOSYS-003,FAC-US-01,1000,1000,2025-09-04,2025-09-15,COMPLETED,HIGH
WO-2025-000628,FG-AUTOSYS-071,FAC-MX-01,500,500,2025-05-23,2025-06-01,COMPLETED,CRITICAL
WO-2025-000629,FG-AUTOSYS-093,FAC-EU-01,100,100,2025-06-23,2025-07-07,COMPLETED,STANDARD
WO-2025-000630,FG-AUTOSYS-031,FAC-MX-01,500,500,2025-09-20,2025-09-23,COMPLETED,CRITICAL
WO-2025-000631,FG-AUTOSYS-003,FAC-MX-01,100,100,2025-10-29,2025-11-04,COMPLETED,HIGH
WO-2025-000632,FG-AUTOSYS-062,FAC-US-01,100,100,2025-01-31,2025-02-09,COMPLETED,STANDARD
WO-2025-000633,FG-AUTOSYS-062,FAC-APAC-01,250,250,2025-10-11,2025-10-24,COMPLETED,HIGH
WO-2025-000634,FG-AUTOSYS-033,FAC-US-01,50,50,2025-10-23,2025-11-02,COMPLETED,STANDARD
WO-2025-000635,FG-AUTOSYS-080,FAC-APAC-01,500,500,2025-04-14,2025-04-28,COMPLETED,CRITICAL
WO-2025-000636,FG-AUTOSYS-036,FAC-US-01,500,500,2025-05-08,2025-05-21,COMPLETED,HIGH
WO-2025-000637,FG-AUTOSYS-043,FAC-US-01,1000,1000,2025-03-03,2025-03-10,COMPLETED,CRITICAL
WO-2025-000638,FG-AUTOSYS-044,FAC-MX-01,250,250,2025-11-27,2025-12-02,COMPLETED,HIGH
WO-2025-000639,FG-AUTOSYS-012,FAC-EU-01,1000,1000,2025-08-15,2025-08-27,COMPLETED,STANDARD
WO-2025-000640,FG-AUTOSYS-037,FAC-US-01,100,100,2025-04-15,2025-04-27,COMPLETED,CRITICAL
WO-2025-000641,FG-AUTOSYS-040,FAC-MX-01,1000,1000,2025-11-07,2025-11-20,COMPLETED,HIGH
WO-2025-000642,FG-AUTOSYS-054,FAC-US-01,100,100,2025-11-25,2025-11-30,COMPLETED,CRITICAL
WO-2025-000643,FG-AUTOSYS-024,FAC-EU-01,50,50,2025-03-04,2025-03-09,COMPLETED,STANDARD
WO-2025-000644,FG-AUTOSYS-091,FAC-US-01,250,250,2025-08-02,2025-08-05,COMPLETED,CRITICAL
WO-2025-000645,FG-AUTOSYS-039,FAC-MX-01,50,50,2025-06-17,2025-06-21,COMPLETED,CRITICAL
WO-2025-000646,FG-AUTOSYS-001,FAC-APAC-01,100,100,2025-11-02,2025-11-14,COMPLETED,CRITICAL
WO-2025-000647,FG-AUTOSYS-048,FAC-APAC-01,1000,538,2026-04-09,2026-04-18,IN_PROGRESS,CRITICAL
WO-2025-000648,FG-AUTOSYS-038,FAC-US-01,50,50,2025-09-29,2025-10-11,COMPLETED,HIGH
WO-2025-000649,FG-AUTOSYS-043,FAC-EU-01,1000,1000,2025-12-31,2026-01-12,COMPLETED,CRITICAL
WO-2025-000650,FG-AUTOSYS-005,FAC-APAC-01,250,250,2026-01-23,2026-01-27,COMPLETED,CRITICAL
WO-2025-000651,FG-AUTOSYS-074,FAC-MX-01,50,0,2026-05-01,2026-05-14,PLANNED,HIGH
WO-2025-000652,FG-AUTOSYS-075,FAC-US-01,100,100,2025-05-08,2025-05-13,COMPLETED,STANDARD
WO-2025-000653,FG-AUTOSYS-095,FAC-APAC-01,100,100,2025-10-08,2025-10-18,COMPLETED,CRITICAL
WO-2025-000654,FG-AUTOSYS-033,FAC-US-01,500,500,2026-03-18,2026-03-21,COMPLETED,STANDARD
WO-2025-000655,FG-AUTOSYS-030,FAC-US-01,250,250,2025-04-08,2025-04-17,COMPLETED,STANDARD
WO-2025-000656,FG-AUTOSYS-034,FAC-APAC-01,250,250,2025-05-11,2025-05-16,COMPLETED,CRITICAL
WO-2025-000657,FG-AUTOSYS-050,FAC-EU-01,100,100,2026-01-23,2026-02-01,COMPLETED,CRITICAL
WO-2025-000658,FG-AUTOSYS-092,FAC-US-01,50,0,2026-05-24,2026-06-04,PLANNED,CRITICAL
WO-2025-000659,FG-AUTOSYS-063,FAC-US-01,1000,1000,2026-03-10,2026-03-16,COMPLETED,HIGH
WO-2025-000660,FG-AUTOSYS-095,FAC-EU-01,50,50,2025-10-13,2025-10-23,COMPLETED,HIGH
WO-2025-000661,FG-AUTOSYS-005,FAC-APAC-01,1000,1000,2025-06-05,2025-06-18,COMPLETED,HIGH
WO-2025-000662,FG-AUTOSYS-012,FAC-EU-01,1000,1000,2025-06-06,2025-06-20,COMPLETED,HIGH
WO-2025-000663,FG-AUTOSYS-056,FAC-US-01,100,100,2025-08-05,2025-08-19,COMPLETED,STANDARD
WO-2025-000664,FG-AUTOSYS-061,FAC-US-01,1000,1000,2026-01-17,2026-01-26,COMPLETED,CRITICAL
WO-2025-000665,FG-AUTOSYS-017,FAC-EU-01,500,500,2026-03-02,2026-03-16,COMPLETED,HIGH
WO-2025-000666,FG-AUTOSYS-093,FAC-APAC-01,100,100,2025-05-10,2025-05-24,COMPLETED,STANDARD
WO-2025-000667,FG-AUTOSYS-067,FAC-US-01,50,0,2026-04-25,2026-05-09,PLANNED,STANDARD
WO-2025-000668,FG-AUTOSYS-031,FAC-MX-01,1000,1000,2025-09-17,2025-09-24,COMPLETED,CRITICAL
WO-2025-000669,FG-AUTOSYS-035,FAC-EU-01,1000,1000,2025-04-12,2025-04-20,COMPLETED,CRITICAL
WO-2025-000670,FG-AUTOSYS-047,FAC-US-01,1000,1000,2025-05-30,2025-06-05,COMPLETED,STANDARD
WO-2025-000671,FG-AUTOSYS-079,FAC-MX-01,250,250,2025-12-29,2026-01-04,COMPLETED,STANDARD
WO-2025-000672,FG-AUTOSYS-090,FAC-MX-01,250,250,2025-02-06,2025-02-16,COMPLETED,HIGH
WO-2025-000673,FG-AUTOSYS-003,FAC-EU-01,1000,1000,2025-03-05,2025-03-11,COMPLETED,CRITICAL
WO-2025-000674,FG-AUTOSYS-071,FAC-MX-01,1000,1000,2025-01-17,2025-01-23,COMPLETED,HIGH
WO-2025-000675,FG-AUTOSYS-078,FAC-APAC-01,500,500,2025-02-03,2025-02-10,COMPLETED,CRITICAL
WO-2025-000676,FG-AUTOSYS-004,FAC-APAC-01,250,250,2025-06-15,2025-06-20,COMPLETED,HIGH
WO-2025-000677,FG-AUTOSYS-015,FAC-APAC-01,100,0,2026-05-03,2026-05-09,PLANNED,STANDARD
WO-2025-000678,FG-AUTOSYS-038,FAC-US-01,1000,1000,2025-08-28,2025-09-08,COMPLETED,HIGH
WO-2025-000679,FG-AUTOSYS-081,FAC-APAC-01,50,50,2025-07-22,2025-07-30,COMPLETED,HIGH
WO-2025-000680,FG-AUTOSYS-082,FAC-US-01,500,500,2025-06-29,2025-07-09,COMPLETED,STANDARD
WO-2025-000681,FG-AUTOSYS-035,FAC-MX-01,100,100,2025-11-08,2025-11-18,COMPLETED,STANDARD
WO-2025-000682,FG-AUTOSYS-083,FAC-US-01,100,0,2026-05-13,2026-05-18,BLOCKED_SHORTAGE,HIGH
WO-2025-000683,FG-AUTOSYS-060,FAC-MX-01,1000,1000,2025-06-01,2025-06-10,COMPLETED,CRITICAL
WO-2025-000684,FG-AUTOSYS-043,FAC-APAC-01,100,100,2025-08-05,2025-08-11,COMPLETED,CRITICAL
WO-2025-000685,FG-AUTOSYS-039,FAC-EU-01,250,250,2025-07-24,2025-07-30,COMPLETED,HIGH
WO-2025-000686,FG-AUTOSYS-015,FAC-APAC-01,100,100,2026-03-05,2026-03-15,COMPLETED,CRITICAL
WO-2025-000687,FG-AUTOSYS-067,FAC-EU-01,500,500,2025-02-16,2025-02-22,COMPLETED,HIGH
WO-2025-000688,FG-AUTOSYS-016,FAC-US-01,500,0,2026-04-24,2026-04-27,PLANNED,CRITICAL
WO-2025-000689,FG-AUTOSYS-050,FAC-MX-01,100,100,2026-03-03,2026-03-17,COMPLETED,HIGH
WO-2025-000690,FG-AUTOSYS-100,FAC-APAC-01,50,50,2026-03-30,2026-04-13,COMPLETED,CRITICAL
WO-2025-000691,FG-AUTOSYS-082,FAC-EU-01,500,500,2025-09-13,2025-09-16,COMPLETED,STANDARD
WO-2025-000692,FG-AUTOSYS-077,FAC-US-01,50,50,2025-03-09,2025-03-18,COMPLETED,HIGH
WO-2025-000693,FG-AUTOSYS-069,FAC-MX-01,1000,1000,2025-02-07,2025-02-13,COMPLETED,CRITICAL
WO-2025-000694,FG-AUTOSYS-007,FAC-US-01,250,250,2025-12-20,2025-12-28,COMPLETED,STANDARD
WO-2025-000695,FG-AUTOSYS-053,FAC-EU-01,1000,1000,2026-02-07,2026-02-12,COMPLETED,HIGH
WO-2025-000696,FG-AUTOSYS-052,FAC-EU-01,100,48,2026-04-04,2026-04-15,IN_PROGRESS,STANDARD
WO-2025-000697,FG-AUTOSYS-070,FAC-MX-01,250,0,2026-04-25,2026-05-08,PLANNED,STANDARD
WO-2025-000698,FG-AUTOSYS-065,FAC-MX-01,250,250,2025-11-27,2025-12-01,COMPLETED,STANDARD
WO-2025-000699,FG-AUTOSYS-012,FAC-MX-01,250,250,2025-11-20,2025-11-30,COMPLETED,CRITICAL
WO-2025-000700,FG-AUTOSYS-067,FAC-US-01,500,500,2025-06-03,2025-06-12,COMPLETED,HIGH
WO-2025-000701,FG-AUTOSYS-047,FAC-US-01,50,50,2025-08-06,2025-08-18,COMPLETED,CRITICAL
WO-2025-000702,FG-AUTOSYS-049,FAC-EU-01,1000,1000,2025-11-01,2025-11-13,COMPLETED,STANDARD
WO-2025-000703,FG-AUTOSYS-081,FAC-MX-01,250,250,2025-03-24,2025-04-05,COMPLETED,HIGH
WO-2025-000704,FG-AUTOSYS-005,FAC-APAC-01,250,0,2026-05-04,2026-05-13,BLOCKED_SHORTAGE,STANDARD
WO-2025-000705,FG-AUTOSYS-082,FAC-APAC-01,500,500,2026-02-20,2026-02-23,COMPLETED,CRITICAL
WO-2025-000706,FG-AUTOSYS-052,FAC-EU-01,50,50,2026-03-21,2026-03-28,COMPLETED,STANDARD
WO-2025-000707,FG-AUTOSYS-043,FAC-APAC-01,250,250,2025-12-14,2025-12-17,COMPLETED,CRITICAL
WO-2025-000708,FG-AUTOSYS-045,FAC-US-01,500,500,2025-03-09,2025-03-19,COMPLETED,CRITICAL
WO-2025-000709,FG-AUTOSYS-098,FAC-MX-01,1000,1000,2026-02-11,2026-02-20,COMPLETED,HIGH
WO-2025-000710,FG-AUTOSYS-067,FAC-MX-01,500,500,2026-04-05,2026-04-11,COMPLETED,CRITICAL
WO-2025-000711,FG-AUTOSYS-070,FAC-APAC-01,500,500,2025-04-10,2025-04-23,COMPLETED,HIGH
WO-2025-000712,FG-AUTOSYS-013,FAC-APAC-01,250,250,2025-06-10,2025-06-22,COMPLETED,STANDARD
WO-2025-000713,FG-AUTOSYS-005,FAC-APAC-01,50,50,2025-09-23,2025-10-01,COMPLETED,STANDARD
WO-2025-000714,FG-AUTOSYS-074,FAC-MX-01,100,100,2025-06-26,2025-07-09,COMPLETED,STANDARD
WO-2025-000715,FG-AUTOSYS-043,FAC-MX-01,500,500,2025-12-15,2025-12-19,COMPLETED,CRITICAL
WO-2025-000716,FG-AUTOSYS-079,FAC-APAC-01,1000,1000,2025-09-05,2025-09-11,COMPLETED,STANDARD
WO-2025-000717,FG-AUTOSYS-069,FAC-US-01,50,50,2025-09-19,2025-09-24,COMPLETED,HIGH
WO-2025-000718,FG-AUTOSYS-031,FAC-EU-01,250,250,2025-09-11,2025-09-14,COMPLETED,HIGH
WO-2025-000719,FG-AUTOSYS-062,FAC-EU-01,500,500,2025-05-06,2025-05-18,COMPLETED,CRITICAL
WO-2025-000720,FG-AUTOSYS-019,FAC-EU-01,100,100,2026-03-03,2026-03-08,COMPLETED,CRITICAL
WO-2025-000721,FG-AUTOSYS-093,FAC-US-01,500,500,2026-01-26,2026-01-31,COMPLETED,CRITICAL
WO-2025-000722,FG-AUTOSYS-040,FAC-APAC-01,100,100,2025-11-04,2025-11-12,COMPLETED,STANDARD
WO-2025-000723,FG-AUTOSYS-078,FAC-EU-01,500,500,2025-02-01,2025-02-11,COMPLETED,CRITICAL
WO-2025-000724,FG-AUTOSYS-078,FAC-APAC-01,100,100,2026-03-06,2026-03-18,COMPLETED,HIGH
WO-2025-000725,FG-AUTOSYS-009,FAC-US-01,100,100,2025-08-03,2025-08-13,COMPLETED,HIGH
WO-2025-000726,FG-AUTOSYS-073,FAC-EU-01,1000,264,2026-04-14,2026-04-20,IN_PROGRESS,HIGH
WO-2025-000727,FG-AUTOSYS-057,FAC-APAC-01,500,500,2025-04-10,2025-04-15,COMPLETED,CRITICAL
WO-2025-000728,FG-AUTOSYS-081,FAC-EU-01,250,250,2025-12-01,2025-12-13,COMPLETED,STANDARD
WO-2025-000729,FG-AUTOSYS-085,FAC-MX-01,50,50,2026-02-11,2026-02-22,COMPLETED,CRITICAL
WO-2025-000730,FG-AUTOSYS-040,FAC-EU-01,500,0,2026-05-14,2026-05-24,PLANNED,HIGH
WO-2025-000731,FG-AUTOSYS-060,FAC-APAC-01,500,500,2025-06-11,2025-06-24,COMPLETED,CRITICAL
WO-2025-000732,FG-AUTOSYS-010,FAC-APAC-01,1000,1000,2025-06-07,2025-06-21,COMPLETED,STANDARD
WO-2025-000733,FG-AUTOSYS-013,FAC-EU-01,500,500,2025-03-17,2025-03-21,COMPLETED,HIGH
WO-2025-000734,FG-AUTOSYS-041,FAC-APAC-01,500,500,2025-03-17,2025-03-20,COMPLETED,CRITICAL
WO-2025-000735,FG-AUTOSYS-077,FAC-APAC-01,250,250,2025-12-02,2025-12-15,COMPLETED,HIGH
WO-2025-000736,FG-AUTOSYS-044,FAC-EU-01,50,50,2025-09-02,2025-09-05,COMPLETED,HIGH
WO-2025-000737,FG-AUTOSYS-025,FAC-MX-01,1000,1000,2025-09-21,2025-09-28,COMPLETED,STANDARD
WO-2025-000738,FG-AUTOSYS-046,FAC-APAC-01,50,50,2025-10-28,2025-11-08,COMPLETED,CRITICAL
WO-2025-000739,FG-AUTOSYS-087,FAC-APAC-01,50,50,2025-01-28,2025-02-02,COMPLETED,STANDARD
WO-2025-000740,FG-AUTOSYS-011,FAC-APAC-01,500,500,2025-07-03,2025-07-17,COMPLETED,STANDARD
WO-2025-000741,FG-AUTOSYS-040,FAC-MX-01,500,500,2025-03-28,2025-04-07,COMPLETED,HIGH
WO-2025-000742,FG-AUTOSYS-046,FAC-APAC-01,100,100,2025-06-11,2025-06-25,COMPLETED,STANDARD
WO-2025-000743,FG-AUTOSYS-078,FAC-EU-01,1000,1000,2026-03-21,2026-03-28,COMPLETED,HIGH
WO-2025-000744,FG-AUTOSYS-056,FAC-US-01,50,50,2025-06-07,2025-06-11,COMPLETED,HIGH
WO-2025-000745,FG-AUTOSYS-001,FAC-EU-01,500,500,2025-12-21,2025-12-27,COMPLETED,STANDARD
WO-2025-000746,FG-AUTOSYS-015,FAC-APAC-01,1000,1000,2025-09-04,2025-09-10,COMPLETED,CRITICAL
WO-2025-000747,FG-AUTOSYS-041,FAC-US-01,250,0,2026-04-24,2026-04-27,PLANNED,HIGH
WO-2025-000748,FG-AUTOSYS-100,FAC-US-01,1000,1000,2025-04-17,2025-04-21,COMPLETED,HIGH
WO-2025-000749,FG-AUTOSYS-091,FAC-EU-01,500,500,2026-01-10,2026-01-20,COMPLETED,STANDARD
WO-2025-000750,FG-AUTOSYS-075,FAC-EU-01,100,100,2026-03-23,2026-04-03,COMPLETED,CRITICAL
WO-2025-000751,FG-AUTOSYS-041,FAC-EU-01,50,50,2025-07-24,2025-07-27,COMPLETED,STANDARD
WO-2025-000752,FG-AUTOSYS-099,FAC-US-01,250,250,2025-07-08,2025-07-12,COMPLETED,CRITICAL
WO-2025-000753,FG-AUTOSYS-049,FAC-EU-01,50,50,2025-06-16,2025-06-23,COMPLETED,HIGH
WO-2025-000754,FG-AUTOSYS-080,FAC-EU-01,50,50,2025-09-02,2025-09-10,COMPLETED,STANDARD
WO-2025-000755,FG-AUTOSYS-069,FAC-EU-01,250,250,2025-05-29,2025-06-09,COMPLETED,STANDARD
WO-2025-000756,FG-AUTOSYS-073,FAC-MX-01,250,250,2025-05-09,2025-05-20,COMPLETED,STANDARD
WO-2025-000757,FG-AUTOSYS-091,FAC-EU-01,500,500,2025-10-29,2025-11-02,COMPLETED,CRITICAL
WO-2025-000758,FG-AUTOSYS-074,FAC-APAC-01,100,100,2025-05-10,2025-05-16,COMPLETED,STANDARD
WO-2025-000759,FG-AUTOSYS-023,FAC-EU-01,1000,1000,2025-08-08,2025-08-11,COMPLETED,STANDARD
WO-2025-000760,FG-AUTOSYS-035,FAC-EU-01,500,500,2025-10-24,2025-10-28,COMPLETED,STANDARD
WO-2025-000761,FG-AUTOSYS-037,FAC-APAC-01,500,500,2026-03-16,2026-03-30,COMPLETED,CRITICAL
WO-2025-000762,FG-AUTOSYS-071,FAC-EU-01,250,250,2025-01-25,2025-02-03,COMPLETED,HIGH
WO-2025-000763,FG-AUTOSYS-088,FAC-EU-01,250,250,2025-12-25,2025-12-30,COMPLETED,HIGH
WO-2025-000764,FG-AUTOSYS-038,FAC-APAC-01,250,250,2025-12-21,2026-01-04,COMPLETED,HIGH
WO-2025-000765,FG-AUTOSYS-053,FAC-MX-01,500,500,2025-04-16,2025-04-20,COMPLETED,HIGH
WO-2025-000766,FG-AUTOSYS-039,FAC-EU-01,250,250,2025-06-28,2025-07-08,COMPLETED,HIGH
WO-2025-000767,FG-AUTOSYS-026,FAC-US-01,250,250,2025-05-24,2025-05-30,COMPLETED,STANDARD
WO-2025-000768,FG-AUTOSYS-040,FAC-EU-01,1000,1000,2025-01-29,2025-02-10,COMPLETED,HIGH
WO-2025-000769,FG-AUTOSYS-068,FAC-EU-01,250,250,2025-06-07,2025-06-20,COMPLETED,STANDARD
WO-2025-000770,FG-AUTOSYS-093,FAC-EU-01,500,500,2026-03-23,2026-03-31,COMPLETED,HIGH
WO-2025-000771,FG-AUTOSYS-043,FAC-MX-01,500,500,2025-02-10,2025-02-13,COMPLETED,HIGH
WO-2025-000772,FG-AUTOSYS-030,FAC-EU-01,100,100,2026-01-29,2026-02-10,COMPLETED,STANDARD
WO-2025-000773,FG-AUTOSYS-035,FAC-US-01,50,50,2026-02-16,2026-02-27,COMPLETED,CRITICAL
WO-2025-000774,FG-AUTOSYS-065,FAC-EU-01,250,250,2025-07-25,2025-07-31,COMPLETED,STANDARD
WO-2025-000775,FG-AUTOSYS-046,FAC-APAC-01,500,500,2025-02-02,2025-02-07,COMPLETED,STANDARD
WO-2025-000776,FG-AUTOSYS-019,FAC-MX-01,100,100,2025-07-13,2025-07-23,COMPLETED,HIGH
WO-2025-000777,FG-AUTOSYS-066,FAC-APAC-01,500,500,2026-02-23,2026-02-28,COMPLETED,HIGH
WO-2025-000778,FG-AUTOSYS-096,FAC-EU-01,100,100,2025-06-04,2025-06-09,COMPLETED,HIGH
WO-2025-000779,FG-AUTOSYS-016,FAC-US-01,250,250,2026-03-24,2026-04-07,COMPLETED,CRITICAL
WO-2025-000780,FG-AUTOSYS-097,FAC-MX-01,1000,613,2026-04-15,2026-04-21,IN_PROGRESS,STANDARD
WO-2025-000781,FG-AUTOSYS-022,FAC-EU-01,500,500,2026-04-03,2026-04-10,COMPLETED,STANDARD
WO-2025-000782,FG-AUTOSYS-006,FAC-EU-01,100,100,2025-11-22,2025-11-27,COMPLETED,CRITICAL
WO-2025-000783,FG-AUTOSYS-031,FAC-EU-01,50,50,2025-08-02,2025-08-14,COMPLETED,STANDARD
WO-2025-000784,FG-AUTOSYS-044,FAC-MX-01,500,500,2025-11-07,2025-11-15,COMPLETED,CRITICAL
WO-2025-000785,FG-AUTOSYS-077,FAC-EU-01,100,100,2025-01-24,2025-01-27,COMPLETED,CRITICAL
WO-2025-000786,FG-AUTOSYS-070,FAC-APAC-01,250,250,2025-08-19,2025-08-25,COMPLETED,STANDARD
WO-2025-000787,FG-AUTOSYS-051,FAC-EU-01,250,250,2025-12-24,2026-01-05,COMPLETED,HIGH
WO-2025-000788,FG-AUTOSYS-044,FAC-US-01,500,500,2025-09-29,2025-10-13,COMPLETED,HIGH
WO-2025-000789,FG-AUTOSYS-073,FAC-US-01,100,100,2026-01-04,2026-01-14,COMPLETED,HIGH
WO-2025-000790,FG-AUTOSYS-036,FAC-MX-01,50,50,2026-01-24,2026-01-28,COMPLETED,STANDARD
WO-2025-000791,FG-AUTOSYS-090,FAC-APAC-01,500,0,2026-05-02,2026-05-05,PLANNED,CRITICAL
WO-2025-000792,FG-AUTOSYS-071,FAC-APAC-01,100,100,2025-11-25,2025-12-05,COMPLETED,STANDARD
WO-2025-000793,FG-AUTOSYS-078,FAC-US-01,1000,1000,2025-11-04,2025-11-12,COMPLETED,CRITICAL
WO-2025-000794,FG-AUTOSYS-068,FAC-EU-01,50,50,2025-06-12,2025-06-22,COMPLETED,HIGH
WO-2025-000795,FG-AUTOSYS-074,FAC-EU-01,50,50,2025-05-30,2025-06-11,COMPLETED,HIGH
WO-2025-000796,FG-AUTOSYS-021,FAC-MX-01,250,250,2025-12-23,2025-12-31,COMPLETED,HIGH
WO-2025-000797,FG-AUTOSYS-091,FAC-EU-01,1000,1000,2025-06-16,2025-06-23,COMPLETED,HIGH
WO-2025-000798,FG-AUTOSYS-029,FAC-EU-01,500,500,2025-10-15,2025-10-25,COMPLETED,HIGH
WO-2025-000799,FG-AUTOSYS-001,FAC-EU-01,500,500,2025-10-07,2025-10-15,COMPLETED,CRITICAL
WO-2025-000800,FG-AUTOSYS-030,FAC-MX-01,250,250,2025-07-09,2025-07-21,COMPLETED,CRITICAL
WO-2025-000801,FG-AUTOSYS-034,FAC-US-01,1000,1000,2026-01-24,2026-02-06,COMPLETED,STANDARD
WO-2025-000802,FG-AUTOSYS-005,FAC-EU-01,1000,1000,2025-01-30,2025-02-07,COMPLETED,STANDARD
WO-2025-000803,FG-AUTOSYS-066,FAC-EU-01,50,50,2025-02-16,2025-02-28,COMPLETED,STANDARD
WO-2025-000804,FG-AUTOSYS-090,FAC-US-01,50,50,2025-02-11,2025-02-17,COMPLETED,HIGH
WO-2025-000805,FG-AUTOSYS-008,FAC-APAC-01,500,500,2025-01-28,2025-02-09,COMPLETED,HIGH
WO-2025-000806,FG-AUTOSYS-004,FAC-MX-01,250,250,2025-10-11,2025-10-22,COMPLETED,STANDARD
WO-2025-000807,FG-AUTOSYS-045,FAC-EU-01,1000,1000,2026-04-02,2026-04-05,COMPLETED,CRITICAL
WO-2025-000808,FG-AUTOSYS-100,FAC-EU-01,250,250,2025-12-19,2025-12-26,COMPLETED,HIGH
WO-2025-000809,FG-AUTOSYS-038,FAC-APAC-01,50,50,2025-08-23,2025-08-27,COMPLETED,CRITICAL
WO-2025-000810,FG-AUTOSYS-085,FAC-US-01,250,250,2026-02-22,2026-03-01,COMPLETED,STANDARD
WO-2025-000811,FG-AUTOSYS-028,FAC-US-01,1000,1000,2025-03-14,2025-03-23,COMPLETED,HIGH
WO-2025-000812,FG-AUTOSYS-003,FAC-EU-01,1000,1000,2026-03-04,2026-03-18,COMPLETED,HIGH
WO-2025-000813,FG-AUTOSYS-060,FAC-EU-01,100,100,2026-01-07,2026-01-21,COMPLETED,STANDARD
WO-2025-000814,FG-AUTOSYS-074,FAC-APAC-01,50,50,2026-03-18,2026-03-30,COMPLETED,HIGH
WO-2025-000815,FG-AUTOSYS-066,FAC-APAC-01,50,50,2026-03-07,2026-03-17,COMPLETED,STANDARD
WO-2025-000816,FG-AUTOSYS-001,FAC-MX-01,100,0,2026-04-22,2026-04-27,PLANNED,STANDARD
WO-2025-000817,FG-AUTOSYS-009,FAC-US-01,50,0,2026-05-22,2026-06-05,PLANNED,STANDARD
WO-2025-000818,FG-AUTOSYS-023,FAC-US-01,50,50,2025-06-24,2025-07-04,COMPLETED,STANDARD
WO-2025-000819,FG-AUTOSYS-034,FAC-APAC-01,250,250,2025-02-20,2025-02-24,COMPLETED,STANDARD
WO-2025-000820,FG-AUTOSYS-074,FAC-EU-01,50,50,2025-08-31,2025-09-07,COMPLETED,STANDARD
WO-2025-000821,FG-AUTOSYS-065,FAC-EU-01,1000,1000,2025-10-30,2025-11-03,COMPLETED,HIGH
WO-2025-000822,FG-AUTOSYS-025,FAC-MX-01,250,250,2025-12-04,2025-12-08,COMPLETED,HIGH
WO-2025-000823,FG-AUTOSYS-044,FAC-APAC-01,500,500,2026-01-09,2026-01-16,COMPLETED,HIGH
WO-2025-000824,FG-AUTOSYS-093,FAC-APAC-01,250,250,2025-01-17,2025-01-21,COMPLETED,STANDARD
WO-2025-000825,FG-AUTOSYS-090,FAC-EU-01,50,50,2025-06-25,2025-07-04,COMPLETED,HIGH
WO-2025-000826,FG-AUTOSYS-062,FAC-MX-01,100,100,2025-12-03,2025-12-15,COMPLETED,STANDARD
WO-2025-000827,FG-AUTOSYS-042,FAC-MX-01,500,500,2025-11-07,2025-11-21,COMPLETED,CRITICAL
WO-2025-000828,FG-AUTOSYS-039,FAC-US-01,250,250,2025-12-09,2025-12-17,COMPLETED,CRITICAL
WO-2025-000829,FG-AUTOSYS-091,FAC-EU-01,500,500,2026-02-28,2026-03-06,COMPLETED,STANDARD
WO-2025-000830,FG-AUTOSYS-003,FAC-MX-01,100,100,2025-07-13,2025-07-16,COMPLETED,CRITICAL
WO-2025-000831,FG-AUTOSYS-076,FAC-MX-01,50,50,2026-03-10,2026-03-19,COMPLETED,STANDARD
WO-2025-000832,FG-AUTOSYS-001,FAC-US-01,100,100,2025-09-30,2025-10-07,COMPLETED,CRITICAL
WO-2025-000833,FG-AUTOSYS-032,FAC-US-01,250,250,2026-01-01,2026-01-10,COMPLETED,CRITICAL
WO-2025-000834,FG-AUTOSYS-081,FAC-APAC-01,1000,1000,2025-07-05,2025-07-18,COMPLETED,STANDARD
WO-2025-000835,FG-AUTOSYS-074,FAC-APAC-01,1000,1000,2025-02-25,2025-02-28,COMPLETED,HIGH
WO-2025-000836,FG-AUTOSYS-026,FAC-MX-01,250,250,2025-04-15,2025-04-26,COMPLETED,STANDARD
WO-2025-000837,FG-AUTOSYS-063,FAC-APAC-01,50,50,2025-06-02,2025-06-13,COMPLETED,CRITICAL
WO-2025-000838,FG-AUTOSYS-090,FAC-US-01,250,0,2026-05-27,2026-06-07,BLOCKED_SHORTAGE,CRITICAL
WO-2025-000839,FG-AUTOSYS-021,FAC-EU-01,500,500,2025-06-13,2025-06-24,COMPLETED,CRITICAL
WO-2025-000840,FG-AUTOSYS-038,FAC-MX-01,250,250,2026-04-01,2026-04-13,COMPLETED,CRITICAL
WO-2025-000841,FG-AUTOSYS-050,FAC-EU-01,50,50,2025-08-23,2025-08-31,COMPLETED,HIGH
WO-2025-000842,FG-AUTOSYS-079,FAC-US-01,1000,1000,2025-10-02,2025-10-09,COMPLETED,STANDARD
WO-2025-000843,FG-AUTOSYS-067,FAC-EU-01,50,50,2026-01-31,2026-02-10,COMPLETED,CRITICAL
WO-2025-000844,FG-AUTOSYS-072,FAC-US-01,500,500,2025-02-07,2025-02-14,COMPLETED,STANDARD
WO-2025-000845,FG-AUTOSYS-018,FAC-EU-01,500,500,2025-06-14,2025-06-23,COMPLETED,STANDARD
WO-2025-000846,FG-AUTOSYS-043,FAC-APAC-01,1000,1000,2026-02-02,2026-02-16,COMPLETED,CRITICAL
WO-2025-000847,FG-AUTOSYS-053,FAC-MX-01,50,50,2025-04-02,2025-04-08,COMPLETED,STANDARD
WO-2025-000848,FG-AUTOSYS-040,FAC-EU-01,250,250,2026-02-27,2026-03-08,COMPLETED,CRITICAL
WO-2025-000849,FG-AUTOSYS-022,FAC-US-01,500,500,2025-11-23,2025-12-03,COMPLETED,CRITICAL
WO-2025-000850,FG-AUTOSYS-038,FAC-APAC-01,250,0,2026-05-14,2026-05-19,PLANNED,CRITICAL
WO-2025-000851,FG-AUTOSYS-029,FAC-EU-01,50,50,2026-04-05,2026-04-14,COMPLETED,CRITICAL
WO-2025-000852,FG-AUTOSYS-042,FAC-US-01,50,50,2025-02-12,2025-02-16,COMPLETED,HIGH
WO-2025-000853,FG-AUTOSYS-089,FAC-MX-01,50,50,2025-01-17,2025-01-25,COMPLETED,CRITICAL
WO-2025-000854,FG-AUTOSYS-048,FAC-APAC-01,250,250,2026-03-25,2026-03-30,COMPLETED,CRITICAL
WO-2025-000855,FG-AUTOSYS-052,FAC-EU-01,250,0,2026-05-28,2026-06-01,PLANNED,STANDARD
WO-2025-000856,FG-AUTOSYS-060,FAC-APAC-01,250,250,2025-07-18,2025-07-30,COMPLETED,CRITICAL
WO-2025-000857,FG-AUTOSYS-046,FAC-MX-01,1000,672,2026-04-11,2026-04-19,IN_PROGRESS,HIGH
WO-2025-000858,FG-AUTOSYS-053,FAC-APAC-01,250,250,2025-01-18,2025-01-29,COMPLETED,CRITICAL
WO-2025-000859,FG-AUTOSYS-020,FAC-APAC-01,50,50,2025-08-03,2025-08-07,COMPLETED,CRITICAL
WO-2025-000860,FG-AUTOSYS-040,FAC-EU-01,100,0,2026-04-16,2026-04-21,PLANNED,HIGH
WO-2025-000861,FG-AUTOSYS-094,FAC-US-01,500,500,2025-02-04,2025-02-12,COMPLETED,CRITICAL
WO-2025-000862,FG-AUTOSYS-064,FAC-US-01,100,100,2025-08-20,2025-08-31,COMPLETED,STANDARD
WO-2025-000863,FG-AUTOSYS-001,FAC-EU-01,500,500,2025-12-07,2025-12-18,COMPLETED,HIGH
WO-2025-000864,FG-AUTOSYS-067,FAC-MX-01,50,50,2025-03-28,2025-04-05,COMPLETED,CRITICAL
WO-2025-000865,FG-AUTOSYS-059,FAC-EU-01,1000,1000,2025-09-05,2025-09-09,COMPLETED,CRITICAL
WO-2025-000866,FG-AUTOSYS-028,FAC-US-01,1000,0,2026-05-04,2026-05-18,PLANNED,STANDARD
WO-2025-000867,FG-AUTOSYS-077,FAC-APAC-01,1000,1000,2025-03-20,2025-03-24,COMPLETED,STANDARD
WO-2025-000868,FG-AUTOSYS-082,FAC-US-01,1000,1000,2025-01-27,2025-02-03,COMPLETED,HIGH
WO-2025-000869,FG-AUTOSYS-071,FAC-APAC-01,500,500,2025-09-16,2025-09-25,COMPLETED,STANDARD
WO-2025-000870,FG-AUTOSYS-057,FAC-US-01,50,50,2025-12-04,2025-12-17,COMPLETED,STANDARD
WO-2025-000871,FG-AUTOSYS-013,FAC-EU-01,1000,1000,2025-08-24,2025-08-27,COMPLETED,STANDARD
WO-2025-000872,FG-AUTOSYS-050,FAC-US-01,500,500,2026-03-27,2026-03-31,COMPLETED,STANDARD
WO-2025-000873,FG-AUTOSYS-006,FAC-US-01,250,250,2025-03-29,2025-04-07,COMPLETED,STANDARD
WO-2025-000874,FG-AUTOSYS-040,FAC-MX-01,500,500,2025-01-28,2025-02-10,COMPLETED,CRITICAL
WO-2025-000875,FG-AUTOSYS-079,FAC-MX-01,250,250,2025-09-10,2025-09-24,COMPLETED,HIGH
WO-2025-000876,FG-AUTOSYS-008,FAC-US-01,1000,1000,2025-08-29,2025-09-10,COMPLETED,CRITICAL
WO-2025-000877,FG-AUTOSYS-054,FAC-US-01,500,0,2026-04-21,2026-04-24,PLANNED,CRITICAL
WO-2025-000878,FG-AUTOSYS-099,FAC-EU-01,500,500,2025-05-06,2025-05-10,COMPLETED,CRITICAL
WO-2025-000879,FG-AUTOSYS-020,FAC-MX-01,250,250,2025-02-06,2025-02-13,COMPLETED,STANDARD
WO-2025-000880,FG-AUTOSYS-041,FAC-MX-01,50,50,2026-01-03,2026-01-16,COMPLETED,CRITICAL
WO-2025-000881,FG-AUTOSYS-089,FAC-EU-01,50,50,2025-11-05,2025-11-14,COMPLETED,HIGH
WO-2025-000882,FG-AUTOSYS-052,FAC-MX-01,250,250,2025-08-14,2025-08-21,COMPLETED,CRITICAL
WO-2025-000883,FG-AUTOSYS-089,FAC-APAC-01,1000,410,2026-04-10,2026-04-16,IN_PROGRESS,CRITICAL
WO-2025-000884,FG-AUTOSYS-099,FAC-US-01,100,100,2025-09-16,2025-09-25,COMPLETED,HIGH
WO-2025-000885,FG-AUTOSYS-041,FAC-US-01,50,50,2025-11-29,2025-12-10,COMPLETED,CRITICAL
WO-2025-000886,FG-AUTOSYS-082,FAC-EU-01,1000,1000,2025-12-26,2026-01-07,COMPLETED,STANDARD
WO-2025-000887,FG-AUTOSYS-093,FAC-MX-01,1000,0,2026-05-28,2026-06-07,PLANNED,HIGH
WO-2025-000888,FG-AUTOSYS-090,FAC-APAC-01,1000,1000,2025-07-08,2025-07-19,COMPLETED,HIGH
WO-2025-000889,FG-AUTOSYS-067,FAC-US-01,100,100,2025-06-08,2025-06-14,COMPLETED,STANDARD
WO-2025-000890,FG-AUTOSYS-098,FAC-US-01,500,500,2026-02-21,2026-02-24,COMPLETED,STANDARD
WO-2025-000891,FG-AUTOSYS-015,FAC-EU-01,250,250,2025-06-04,2025-06-16,COMPLETED,HIGH
WO-2025-000892,FG-AUTOSYS-036,FAC-EU-01,50,50,2025-09-06,2025-09-17,COMPLETED,HIGH
WO-2025-000893,FG-AUTOSYS-068,FAC-APAC-01,100,100,2025-07-03,2025-07-06,COMPLETED,CRITICAL
WO-2025-000894,FG-AUTOSYS-092,FAC-EU-01,500,500,2025-06-02,2025-06-11,COMPLETED,CRITICAL
WO-2025-000895,FG-AUTOSYS-063,FAC-MX-01,250,250,2026-03-16,2026-03-28,COMPLETED,CRITICAL
WO-2025-000896,FG-AUTOSYS-014,FAC-MX-01,50,50,2025-09-27,2025-10-11,COMPLETED,STANDARD
WO-2025-000897,FG-AUTOSYS-056,FAC-EU-01,100,100,2026-03-31,2026-04-08,COMPLETED,HIGH
WO-2025-000898,FG-AUTOSYS-097,FAC-US-01,250,250,2025-05-08,2025-05-15,COMPLETED,HIGH
WO-2025-000899,FG-AUTOSYS-044,FAC-US-01,1000,0,2026-05-23,2026-05-28,PLANNED,CRITICAL
WO-2025-000900,FG-AUTOSYS-070,FAC-EU-01,100,0,2026-05-31,2026-06-14,PLANNED,CRITICAL
WO-2025-000901,FG-AUTOSYS-075,FAC-MX-01,250,250,2025-04-14,2025-04-27,COMPLETED,STANDARD
WO-2025-000902,FG-AUTOSYS-085,FAC-APAC-01,50,50,2025-10-01,2025-10-15,COMPLETED,HIGH
WO-2025-000903,FG-AUTOSYS-047,FAC-APAC-01,500,500,2025-07-12,2025-07-21,COMPLETED,HIGH
WO-2025-000904,FG-AUTOSYS-061,FAC-APAC-01,50,50,2025-07-27,2025-08-05,COMPLETED,STANDARD
WO-2025-000905,FG-AUTOSYS-025,FAC-MX-01,500,500,2026-04-04,2026-04-10,COMPLETED,STANDARD
WO-2025-000906,FG-AUTOSYS-079,FAC-US-01,50,50,2026-04-07,2026-04-12,COMPLETED,HIGH
WO-2025-000907,FG-AUTOSYS-032,FAC-EU-01,1000,0,2026-04-16,2026-04-25,PLANNED,CRITICAL
WO-2025-000908,FG-AUTOSYS-060,FAC-MX-01,50,50,2025-06-12,2025-06-25,COMPLETED,CRITICAL
WO-2025-000909,FG-AUTOSYS-060,FAC-EU-01,1000,1000,2025-05-06,2025-05-10,COMPLETED,CRITICAL
WO-2025-000910,FG-AUTOSYS-028,FAC-MX-01,1000,1000,2025-12-15,2025-12-29,COMPLETED,STANDARD
WO-2025-000911,FG-AUTOSYS-002,FAC-MX-01,100,100,2026-02-26,2026-03-12,COMPLETED,CRITICAL
WO-2025-000912,FG-AUTOSYS-084,FAC-APAC-01,500,500,2025-04-13,2025-04-20,COMPLETED,CRITICAL
WO-2025-000913,FG-AUTOSYS-069,FAC-MX-01,100,100,2026-01-10,2026-01-18,COMPLETED,HIGH
WO-2025-000914,FG-AUTOSYS-010,FAC-US-01,50,50,2025-04-26,2025-05-02,COMPLETED,CRITICAL
WO-2025-000915,FG-AUTOSYS-027,FAC-EU-01,50,50,2025-07-01,2025-07-09,COMPLETED,CRITICAL
WO-2025-000916,FG-AUTOSYS-027,FAC-MX-01,100,100,2025-11-05,2025-11-12,COMPLETED,CRITICAL
WO-2025-000917,FG-AUTOSYS-058,FAC-MX-01,50,50,2025-08-24,2025-09-03,COMPLETED,HIGH
WO-2025-000918,FG-AUTOSYS-016,FAC-EU-01,500,0,2026-05-07,2026-05-21,PLANNED,STANDARD
WO-2025-000919,FG-AUTOSYS-011,FAC-EU-01,500,500,2025-05-05,2025-05-08,COMPLETED,CRITICAL
WO-2025-000920,FG-AUTOSYS-071,FAC-APAC-01,1000,1000,2025-01-25,2025-01-29,COMPLETED,CRITICAL
WO-2025-000921,FG-AUTOSYS-056,FAC-EU-01,100,100,2026-02-23,2026-03-07,COMPLETED,HIGH
WO-2025-000922,FG-AUTOSYS-019,FAC-APAC-01,50,0,2026-05-15,2026-05-27,PLANNED,HIGH
WO-2025-000923,FG-AUTOSYS-044,FAC-US-01,100,100,2025-05-25,2025-06-03,COMPLETED,STANDARD
WO-2025-000924,FG-AUTOSYS-067,FAC-APAC-01,250,0,2026-05-02,2026-05-11,PLANNED,STANDARD
WO-2025-000925,FG-AUTOSYS-023,FAC-EU-01,100,100,2026-03-28,2026-04-03,COMPLETED,HIGH
WO-2025-000926,FG-AUTOSYS-063,FAC-APAC-01,250,250,2025-05-08,2025-05-15,COMPLETED,STANDARD
WO-2025-000927,FG-AUTOSYS-067,FAC-US-01,1000,1000,2025-08-13,2025-08-19,COMPLETED,CRITICAL
WO-2025-000928,FG-AUTOSYS-031,FAC-US-01,100,0,2026-05-07,2026-05-14,PLANNED,CRITICAL
WO-2025-000929,FG-AUTOSYS-089,FAC-US-01,100,100,2025-06-10,2025-06-22,COMPLETED,CRITICAL
WO-2025-000930,FG-AUTOSYS-010,FAC-US-01,500,500,2025-08-15,2025-08-23,COMPLETED,HIGH
WO-2025-000931,FG-AUTOSYS-041,FAC-US-01,1000,1000,2025-04-21,2025-05-03,COMPLETED,HIGH
WO-2025-000932,FG-AUTOSYS-086,FAC-US-01,250,250,2026-01-15,2026-01-18,COMPLETED,CRITICAL
WO-2025-000933,FG-AUTOSYS-078,FAC-MX-01,250,250,2025-06-01,2025-06-05,COMPLETED,CRITICAL
WO-2025-000934,FG-AUTOSYS-054,FAC-EU-01,100,100,2025-02-21,2025-03-06,COMPLETED,CRITICAL
WO-2025-000935,FG-AUTOSYS-063,FAC-US-01,1000,1000,2026-03-14,2026-03-26,COMPLETED,CRITICAL
WO-2025-000936,FG-AUTOSYS-099,FAC-EU-01,50,50,2025-02-21,2025-02-25,COMPLETED,CRITICAL
WO-2025-000937,FG-AUTOSYS-047,FAC-US-01,1000,1000,2025-07-09,2025-07-17,COMPLETED,CRITICAL
WO-2025-000938,FG-AUTOSYS-074,FAC-EU-01,100,0,2026-05-09,2026-05-16,PLANNED,STANDARD
WO-2025-000939,FG-AUTOSYS-097,FAC-APAC-01,500,500,2025-09-16,2025-09-28,COMPLETED,HIGH
WO-2025-000940,FG-AUTOSYS-002,FAC-MX-01,500,500,2025-12-17,2025-12-30,COMPLETED,HIGH
WO-2025-000941,FG-AUTOSYS-022,FAC-MX-01,250,0,2026-05-06,2026-05-18,PLANNED,HIGH
WO-2025-000942,FG-AUTOSYS-024,FAC-APAC-01,50,50,2025-08-24,2025-08-27,COMPLETED,STANDARD
WO-2025-000943,FG-AUTOSYS-004,FAC-EU-01,50,50,2025-04-15,2025-04-19,COMPLETED,CRITICAL
WO-2025-000944,FG-AUTOSYS-089,FAC-MX-01,100,100,2025-12-10,2025-12-13,COMPLETED,CRITICAL
WO-2025-000945,FG-AUTOSYS-009,FAC-US-01,500,500,2025-11-18,2025-11-25,COMPLETED,HIGH
WO-2025-000946,FG-AUTOSYS-079,FAC-APAC-01,50,50,2025-12-05,2025-12-08,COMPLETED,HIGH
WO-2025-000947,FG-AUTOSYS-044,FAC-MX-01,100,100,2025-05-26,2025-05-29,COMPLETED,HIGH
WO-2025-000948,FG-AUTOSYS-059,FAC-MX-01,500,500,2025-08-31,2025-09-12,COMPLETED,HIGH
WO-2025-000949,FG-AUTOSYS-005,FAC-US-01,250,0,2026-05-30,2026-06-04,BLOCKED_SHORTAGE,STANDARD
WO-2025-000950,FG-AUTOSYS-066,FAC-US-01,500,500,2025-03-17,2025-03-28,COMPLETED,STANDARD
WO-2025-000951,FG-AUTOSYS-005,FAC-MX-01,1000,1000,2026-02-03,2026-02-16,COMPLETED,HIGH
WO-2025-000952,FG-AUTOSYS-094,FAC-EU-01,1000,1000,2025-05-31,2025-06-05,COMPLETED,HIGH
WO-2025-000953,FG-AUTOSYS-079,FAC-EU-01,100,100,2025-06-07,2025-06-17,COMPLETED,STANDARD
WO-2025-000954,FG-AUTOSYS-096,FAC-APAC-01,50,0,2026-05-05,2026-05-18,PLANNED,STANDARD
WO-2025-000955,FG-AUTOSYS-035,FAC-US-01,500,500,2025-02-27,2025-03-11,COMPLETED,STANDARD
WO-2025-000956,FG-AUTOSYS-040,FAC-EU-01,50,50,2026-01-24,2026-01-29,COMPLETED,STANDARD
WO-2025-000957,FG-AUTOSYS-066,FAC-US-01,50,50,2025-08-21,2025-08-31,COMPLETED,CRITICAL
WO-2025-000958,FG-AUTOSYS-045,FAC-EU-01,100,100,2025-12-20,2025-12-23,COMPLETED,STANDARD
WO-2025-000959,FG-AUTOSYS-044,FAC-EU-01,1000,1000,2025-06-08,2025-06-19,COMPLETED,STANDARD
WO-2025-000960,FG-AUTOSYS-097,FAC-MX-01,100,100,2026-01-16,2026-01-24,COMPLETED,STANDARD
WO-2025-000961,FG-AUTOSYS-069,FAC-MX-01,500,500,2025-03-25,2025-04-01,COMPLETED,HIGH
WO-2025-000962,FG-AUTOSYS-074,FAC-MX-01,500,0,2026-04-18,2026-04-23,PLANNED,STANDARD
WO-2025-000963,FG-AUTOSYS-059,FAC-EU-01,250,0,2026-05-03,2026-05-10,PLANNED,CRITICAL
WO-2025-000964,FG-AUTOSYS-033,FAC-APAC-01,500,500,2025-12-05,2025-12-12,COMPLETED,STANDARD
WO-2025-000965,FG-AUTOSYS-034,FAC-US-01,50,50,2025-12-24,2026-01-03,COMPLETED,STANDARD
WO-2025-000966,FG-AUTOSYS-077,FAC-US-01,500,0,2026-05-20,2026-06-01,BLOCKED_SHORTAGE,STANDARD
WO-2025-000967,FG-AUTOSYS-057,FAC-APAC-01,1000,1000,2025-05-07,2025-05-13,COMPLETED,HIGH
WO-2025-000968,FG-AUTOSYS-083,FAC-EU-01,250,250,2026-02-01,2026-02-04,COMPLETED,CRITICAL
WO-2025-000969,FG-AUTOSYS-018,FAC-APAC-01,50,50,2025-12-22,2026-01-04,COMPLETED,HIGH
WO-2025-000970,FG-AUTOSYS-080,FAC-MX-01,500,500,2025-05-23,2025-06-05,COMPLETED,HIGH
WO-2025-000971,FG-AUTOSYS-060,FAC-EU-01,250,250,2025-08-14,2025-08-26,COMPLETED,STANDARD
WO-2025-000972,FG-AUTOSYS-028,FAC-US-01,500,500,2025-07-20,2025-08-02,COMPLETED,HIGH
WO-2025-000973,FG-AUTOSYS-021,FAC-APAC-01,500,500,2025-02-13,2025-02-21,COMPLETED,CRITICAL
WO-2025-000974,FG-AUTOSYS-093,FAC-US-01,1000,1000,2025-09-21,2025-10-02,COMPLETED,STANDARD
WO-2025-000975,FG-AUTOSYS-008,FAC-APAC-01,50,50,2025-01-29,2025-02-05,COMPLETED,CRITICAL
WO-2025-000976,FG-AUTOSYS-096,FAC-EU-01,1000,1000,2025-07-17,2025-07-26,COMPLETED,HIGH
WO-2025-000977,FG-AUTOSYS-021,FAC-US-01,50,50,2026-03-02,2026-03-14,COMPLETED,STANDARD
WO-2025-000978,FG-AUTOSYS-088,FAC-US-01,50,50,2026-01-21,2026-02-01,COMPLETED,STANDARD
WO-2025-000979,FG-AUTOSYS-069,FAC-US-01,250,250,2025-04-17,2025-04-23,COMPLETED,HIGH
WO-2025-000980,FG-AUTOSYS-079,FAC-US-01,500,500,2025-10-03,2025-10-14,COMPLETED,CRITICAL
WO-2025-000981,FG-AUTOSYS-028,FAC-APAC-01,500,318,2026-04-14,2026-04-28,IN_PROGRESS,HIGH
WO-2025-000982,FG-AUTOSYS-013,FAC-US-01,50,0,2026-04-20,2026-04-27,PLANNED,HIGH
WO-2025-000983,FG-AUTOSYS-078,FAC-EU-01,1000,1000,2025-06-14,2025-06-26,COMPLETED,CRITICAL
WO-2025-000984,FG-AUTOSYS-013,FAC-EU-01,100,100,2025-06-09,2025-06-22,COMPLETED,STANDARD
WO-2025-000985,FG-AUTOSYS-086,FAC-EU-01,500,500,2025-10-30,2025-11-10,COMPLETED,STANDARD
WO-2025-000986,FG-AUTOSYS-074,FAC-US-01,1000,1000,2025-10-09,2025-10-18,COMPLETED,CRITICAL
WO-2025-000987,FG-AUTOSYS-085,FAC-APAC-01,500,500,2025-05-25,2025-05-29,COMPLETED,HIGH
WO-2025-000988,FG-AUTOSYS-078,FAC-MX-01,500,500,2025-06-26,2025-07-09,COMPLETED,STANDARD
WO-2025-000989,FG-AUTOSYS-043,FAC-MX-01,500,500,2026-02-09,2026-02-15,COMPLETED,CRITICAL
WO-2025-000990,FG-AUTOSYS-007,FAC-EU-01,250,250,2026-02-03,2026-02-07,COMPLETED,CRITICAL
WO-2025-000991,FG-AUTOSYS-086,FAC-APAC-01,1000,1000,2025-04-23,2025-05-02,COMPLETED,CRITICAL
WO-2025-000992,FG-AUTOSYS-057,FAC-APAC-01,50,0,2026-04-27,2026-05-01,PLANNED,HIGH
WO-2025-000993,FG-AUTOSYS-027,FAC-APAC-01,500,500,2025-09-17,2025-09-28,COMPLETED,HIGH
WO-2025-000994,FG-AUTOSYS-064,FAC-US-01,50,50,2026-01-27,2026-02-10,COMPLETED,STANDARD
WO-2025-000995,FG-AUTOSYS-034,FAC-EU-01,100,100,2025-04-11,2025-04-18,COMPLETED,STANDARD
WO-2025-000996,FG-AUTOSYS-011,FAC-US-01,100,100,2025-09-20,2025-09-28,COMPLETED,HIGH
WO-2025-000997,FG-AUTOSYS-096,FAC-EU-01,1000,1000,2025-10-13,2025-10-27,COMPLETED,CRITICAL
WO-2025-000998,FG-AUTOSYS-059,FAC-US-01,500,500,2025-11-20,2025-11-28,COMPLETED,HIGH
WO-2025-000999,FG-AUTOSYS-051,FAC-US-01,250,250,2025-10-13,2025-10-24,COMPLETED,CRITICAL
WO-2025-001000,FG-AUTOSYS-093,FAC-US-01,500,500,2025-06-14,2025-06-26,COMPLETED,STANDARD
WO-2025-001001,FG-AUTOSYS-037,FAC-US-01,250,250,2025-10-28,2025-11-03,COMPLETED,CRITICAL
WO-2025-001002,FG-AUTOSYS-004,FAC-MX-01,100,100,2025-07-16,2025-07-20,COMPLETED,CRITICAL
WO-2025-001003,FG-AUTOSYS-090,FAC-APAC-01,100,100,2026-02-13,2026-02-22,COMPLETED,HIGH
WO-2025-001004,FG-AUTOSYS-019,FAC-MX-01,250,250,2026-02-28,2026-03-08,COMPLETED,HIGH
WO-2025-001005,FG-AUTOSYS-027,FAC-US-01,50,50,2025-11-23,2025-12-04,COMPLETED,STANDARD
WO-2025-001006,FG-AUTOSYS-062,FAC-EU-01,250,250,2025-12-27,2026-01-08,COMPLETED,HIGH
WO-2025-001007,FG-AUTOSYS-074,FAC-US-01,250,250,2026-03-08,2026-03-19,COMPLETED,STANDARD
WO-2025-001008,FG-AUTOSYS-059,FAC-MX-01,500,500,2026-03-28,2026-04-08,COMPLETED,CRITICAL
WO-2025-001009,FG-AUTOSYS-079,FAC-EU-01,100,100,2025-02-23,2025-03-08,COMPLETED,HIGH
WO-2025-001010,FG-AUTOSYS-065,FAC-US-01,500,500,2025-09-16,2025-09-24,COMPLETED,CRITICAL
WO-2025-001011,FG-AUTOSYS-001,FAC-MX-01,100,100,2025-11-02,2025-11-12,COMPLETED,CRITICAL
WO-2025-001012,FG-AUTOSYS-079,FAC-EU-01,100,100,2025-06-15,2025-06-28,COMPLETED,HIGH
WO-2025-001013,FG-AUTOSYS-073,FAC-EU-01,100,100,2026-02-24,2026-03-06,COMPLETED,HIGH
WO-2025-001014,FG-AUTOSYS-011,FAC-EU-01,500,500,2025-05-26,2025-05-29,COMPLETED,STANDARD
WO-2025-001015,FG-AUTOSYS-071,FAC-APAC-01,50,50,2025-11-02,2025-11-10,COMPLETED,CRITICAL
WO-2025-001016,FG-AUTOSYS-032,FAC-MX-01,100,100,2026-03-28,2026-04-10,COMPLETED,HIGH
WO-2025-001017,FG-AUTOSYS-052,FAC-MX-01,1000,0,2026-04-29,2026-05-07,PLANNED,HIGH
WO-2025-001018,FG-AUTOSYS-059,FAC-EU-01,250,250,2025-05-05,2025-05-17,COMPLETED,HIGH
WO-2025-001019,FG-AUTOSYS-058,FAC-US-01,1000,0,2026-05-18,2026-05-28,PLANNED,STANDARD
WO-2025-001020,FG-AUTOSYS-059,FAC-EU-01,500,500,2025-08-21,2025-08-27,COMPLETED,CRITICAL
WO-2025-001021,FG-AUTOSYS-079,FAC-EU-01,100,100,2025-11-23,2025-11-30,COMPLETED,STANDARD
WO-2025-001022,FG-AUTOSYS-024,FAC-MX-01,250,250,2025-07-30,2025-08-08,COMPLETED,CRITICAL
WO-2025-001023,FG-AUTOSYS-011,FAC-APAC-01,250,250,2025-01-17,2025-01-24,COMPLETED,STANDARD
WO-2025-001024,FG-AUTOSYS-086,FAC-MX-01,1000,1000,2025-11-03,2025-11-10,COMPLETED,CRITICAL
WO-2025-001025,FG-AUTOSYS-072,FAC-MX-01,250,250,2025-12-30,2026-01-12,COMPLETED,CRITICAL
WO-2025-001026,FG-AUTOSYS-078,FAC-EU-01,50,50,2026-03-28,2026-03-31,COMPLETED,HIGH
WO-2025-001027,FG-AUTOSYS-013,FAC-US-01,250,250,2025-07-14,2025-07-22,COMPLETED,CRITICAL
WO-2025-001028,FG-AUTOSYS-005,FAC-APAC-01,500,500,2025-09-15,2025-09-26,COMPLETED,STANDARD
WO-2025-001029,FG-AUTOSYS-035,FAC-MX-01,500,500,2025-03-27,2025-04-09,COMPLETED,STANDARD
WO-2025-001030,FG-AUTOSYS-023,FAC-MX-01,500,500,2025-07-11,2025-07-14,COMPLETED,CRITICAL
WO-2025-001031,FG-AUTOSYS-081,FAC-EU-01,250,250,2025-10-07,2025-10-16,COMPLETED,CRITICAL
WO-2025-001032,FG-AUTOSYS-020,FAC-MX-01,250,250,2025-09-15,2025-09-24,COMPLETED,STANDARD
WO-2025-001033,FG-AUTOSYS-017,FAC-APAC-01,1000,1000,2025-01-23,2025-01-30,COMPLETED,STANDARD
WO-2025-001034,FG-AUTOSYS-046,FAC-EU-01,500,0,2026-05-27,2026-06-05,PLANNED,HIGH
WO-2025-001035,FG-AUTOSYS-004,FAC-US-01,50,50,2025-03-06,2025-03-10,COMPLETED,CRITICAL
WO-2025-001036,FG-AUTOSYS-036,FAC-APAC-01,50,50,2026-02-17,2026-02-20,COMPLETED,STANDARD
WO-2025-001037,FG-AUTOSYS-015,FAC-US-01,500,0,2026-05-25,2026-06-02,PLANNED,STANDARD
WO-2025-001038,FG-AUTOSYS-088,FAC-US-01,250,250,2025-02-03,2025-02-13,COMPLETED,CRITICAL
WO-2025-001039,FG-AUTOSYS-080,FAC-MX-01,500,500,2025-03-25,2025-04-05,COMPLETED,HIGH
WO-2025-001040,FG-AUTOSYS-042,FAC-APAC-01,50,50,2025-09-18,2025-10-01,COMPLETED,STANDARD
WO-2025-001041,FG-AUTOSYS-050,FAC-APAC-01,1000,1000,2025-03-11,2025-03-17,COMPLETED,CRITICAL
WO-2025-001042,FG-AUTOSYS-016,FAC-EU-01,500,500,2025-06-28,2025-07-02,COMPLETED,STANDARD
WO-2025-001043,FG-AUTOSYS-072,FAC-MX-01,100,0,2026-05-15,2026-05-26,PLANNED,CRITICAL
WO-2025-001044,FG-AUTOSYS-066,FAC-US-01,50,50,2025-08-07,2025-08-13,COMPLETED,HIGH
WO-2025-001045,FG-AUTOSYS-037,FAC-US-01,1000,1000,2025-09-22,2025-10-05,COMPLETED,CRITICAL
WO-2025-001046,FG-AUTOSYS-030,FAC-US-01,100,100,2025-11-25,2025-12-01,COMPLETED,CRITICAL
WO-2025-001047,FG-AUTOSYS-056,FAC-US-01,100,0,2026-05-18,2026-05-31,PLANNED,CRITICAL
WO-2025-001048,FG-AUTOSYS-017,FAC-US-01,250,250,2025-09-05,2025-09-09,COMPLETED,CRITICAL
WO-2025-001049,FG-AUTOSYS-066,FAC-MX-01,500,500,2026-03-17,2026-03-30,COMPLETED,STANDARD
WO-2025-001050,FG-AUTOSYS-076,FAC-MX-01,50,50,2025-12-06,2025-12-19,COMPLETED,HIGH
WO-2025-001051,FG-AUTOSYS-043,FAC-MX-01,250,250,2025-06-01,2025-06-10,COMPLETED,HIGH
WO-2025-001052,FG-AUTOSYS-033,FAC-MX-01,100,0,2026-05-17,2026-05-28,PLANNED,CRITICAL
WO-2025-001053,FG-AUTOSYS-093,FAC-US-01,50,50,2025-12-11,2025-12-25,COMPLETED,HIGH
WO-2025-001054,FG-AUTOSYS-060,FAC-US-01,500,500,2025-08-22,2025-08-31,COMPLETED,HIGH
WO-2025-001055,FG-AUTOSYS-037,FAC-APAC-01,1000,1000,2026-01-22,2026-01-31,COMPLETED,CRITICAL
WO-2025-001056,FG-AUTOSYS-079,FAC-MX-01,500,500,2025-09-28,2025-10-01,COMPLETED,STANDARD
WO-2025-001057,FG-AUTOSYS-072,FAC-APAC-01,250,250,2026-03-25,2026-04-04,COMPLETED,STANDARD
WO-2025-001058,FG-AUTOSYS-044,FAC-APAC-01,100,100,2025-08-02,2025-08-12,COMPLETED,STANDARD
WO-2025-001059,FG-AUTOSYS-062,FAC-MX-01,1000,1000,2026-03-25,2026-04-01,COMPLETED,STANDARD
WO-2025-001060,FG-AUTOSYS-098,FAC-EU-01,1000,1000,2025-05-26,2025-06-08,COMPLETED,STANDARD
WO-2025-001061,FG-AUTOSYS-048,FAC-US-01,100,100,2026-02-03,2026-02-16,COMPLETED,HIGH
WO-2025-001062,FG-AUTOSYS-070,FAC-US-01,50,50,2025-07-12,2025-07-26,COMPLETED,STANDARD
WO-2025-001063,FG-AUTOSYS-006,FAC-EU-01,100,100,2026-03-20,2026-03-28,COMPLETED,HIGH
WO-2025-001064,FG-AUTOSYS-076,FAC-APAC-01,250,250,2025-03-31,2025-04-03,COMPLETED,CRITICAL
WO-2025-001065,FG-AUTOSYS-083,FAC-APAC-01,250,250,2026-03-26,2026-04-02,COMPLETED,CRITICAL
WO-2025-001066,FG-AUTOSYS-093,FAC-EU-01,50,50,2026-02-01,2026-02-05,COMPLETED,HIGH
WO-2025-001067,FG-AUTOSYS-081,FAC-APAC-01,1000,1000,2025-10-30,2025-11-10,COMPLETED,HIGH
WO-2025-001068,FG-AUTOSYS-003,FAC-APAC-01,100,100,2025-10-01,2025-10-05,COMPLETED,STANDARD
WO-2025-001069,FG-AUTOSYS-044,FAC-EU-01,250,250,2025-03-04,2025-03-18,COMPLETED,HIGH
WO-2025-001070,FG-AUTOSYS-057,FAC-US-01,50,50,2025-07-16,2025-07-22,COMPLETED,CRITICAL
WO-2025-001071,FG-AUTOSYS-058,FAC-EU-01,1000,1000,2025-12-02,2025-12-08,COMPLETED,HIGH
WO-2025-001072,FG-AUTOSYS-012,FAC-MX-01,100,100,2026-01-06,2026-01-18,COMPLETED,CRITICAL
WO-2025-001073,FG-AUTOSYS-099,FAC-MX-01,100,100,2026-03-06,2026-03-11,COMPLETED,CRITICAL
WO-2025-001074,FG-AUTOSYS-012,FAC-APAC-01,50,50,2025-07-09,2025-07-15,COMPLETED,HIGH
WO-2025-001075,FG-AUTOSYS-086,FAC-APAC-01,100,100,2025-05-02,2025-05-15,COMPLETED,STANDARD
WO-2025-001076,FG-AUTOSYS-039,FAC-US-01,100,100,2025-11-21,2025-11-30,COMPLETED,CRITICAL
WO-2025-001077,FG-AUTOSYS-055,FAC-US-01,100,100,2025-05-31,2025-06-10,COMPLETED,HIGH
WO-2025-001078,FG-AUTOSYS-074,FAC-EU-01,1000,1000,2025-03-30,2025-04-02,COMPLETED,HIGH
WO-2025-001079,FG-AUTOSYS-044,FAC-APAC-01,100,100,2025-08-30,2025-09-13,COMPLETED,STANDARD
WO-2025-001080,FG-AUTOSYS-091,FAC-EU-01,1000,1000,2025-10-16,2025-10-21,COMPLETED,HIGH
WO-2025-001081,FG-AUTOSYS-080,FAC-APAC-01,50,0,2026-04-21,2026-05-04,PLANNED,STANDARD
WO-2025-001082,FG-AUTOSYS-039,FAC-APAC-01,50,50,2025-05-23,2025-05-29,COMPLETED,HIGH
WO-2025-001083,FG-AUTOSYS-005,FAC-MX-01,250,250,2025-05-11,2025-05-21,COMPLETED,CRITICAL
WO-2025-001084,FG-AUTOSYS-008,FAC-EU-01,500,500,2025-08-12,2025-08-18,COMPLETED,STANDARD
WO-2025-001085,FG-AUTOSYS-087,FAC-MX-01,1000,1000,2025-06-17,2025-06-30,COMPLETED,HIGH
WO-2025-001086,FG-AUTOSYS-089,FAC-US-01,100,100,2025-12-04,2025-12-18,COMPLETED,CRITICAL
WO-2025-001087,FG-AUTOSYS-052,FAC-US-01,100,100,2025-07-14,2025-07-23,COMPLETED,STANDARD
WO-2025-001088,FG-AUTOSYS-019,FAC-EU-01,100,100,2025-06-22,2025-07-04,COMPLETED,HIGH
WO-2025-001089,FG-AUTOSYS-017,FAC-US-01,50,50,2025-08-17,2025-08-26,COMPLETED,STANDARD
WO-2025-001090,FG-AUTOSYS-022,FAC-EU-01,100,100,2026-01-11,2026-01-17,COMPLETED,STANDARD
WO-2025-001091,FG-AUTOSYS-072,FAC-APAC-01,500,500,2026-03-22,2026-04-01,COMPLETED,HIGH
WO-2025-001092,FG-AUTOSYS-030,FAC-US-01,1000,1000,2026-01-08,2026-01-14,COMPLETED,CRITICAL
WO-2025-001093,FG-AUTOSYS-088,FAC-APAC-01,250,250,2025-06-10,2025-06-20,COMPLETED,CRITICAL
WO-2025-001094,FG-AUTOSYS-014,FAC-MX-01,1000,1000,2025-11-23,2025-12-05,COMPLETED,CRITICAL
WO-2025-001095,FG-AUTOSYS-044,FAC-US-01,250,250,2025-04-12,2025-04-19,COMPLETED,HIGH
WO-2025-001096,FG-AUTOSYS-016,FAC-MX-01,50,50,2025-10-10,2025-10-13,COMPLETED,STANDARD
WO-2025-001097,FG-AUTOSYS-095,FAC-MX-01,250,250,2026-02-18,2026-02-25,COMPLETED,CRITICAL
WO-2025-001098,FG-AUTOSYS-082,FAC-EU-01,500,500,2025-02-02,2025-02-06,COMPLETED,CRITICAL
WO-2025-001099,FG-AUTOSYS-011,FAC-US-01,50,50,2025-03-03,2025-03-06,COMPLETED,HIGH
WO-2025-001100,FG-AUTOSYS-058,FAC-EU-01,1000,1000,2026-02-11,2026-02-24,COMPLETED,HIGH
WO-2025-001101,FG-AUTOSYS-092,FAC-MX-01,50,50,2025-05-04,2025-05-08,COMPLETED,HIGH
WO-2025-001102,FG-AUTOSYS-035,FAC-EU-01,500,500,2025-07-02,2025-07-12,COMPLETED,STANDARD
WO-2025-001103,FG-AUTOSYS-047,FAC-APAC-01,50,50,2025-12-25,2025-12-29,COMPLETED,HIGH
WO-2025-001104,FG-AUTOSYS-029,FAC-APAC-01,100,100,2025-03-03,2025-03-12,COMPLETED,HIGH
WO-2025-001105,FG-AUTOSYS-036,FAC-MX-01,1000,1000,2025-07-22,2025-07-28,COMPLETED,CRITICAL
WO-2025-001106,FG-AUTOSYS-058,FAC-EU-01,250,250,2025-06-19,2025-06-27,COMPLETED,CRITICAL
WO-2025-001107,FG-AUTOSYS-075,FAC-US-01,500,500,2025-05-17,2025-05-22,COMPLETED,CRITICAL
WO-2025-001108,FG-AUTOSYS-036,FAC-APAC-01,1000,0,2026-04-23,2026-05-01,PLANNED,CRITICAL
WO-2025-001109,FG-AUTOSYS-079,FAC-EU-01,250,175,2026-04-10,2026-04-18,IN_PROGRESS,STANDARD
WO-2025-001110,FG-AUTOSYS-076,FAC-EU-01,500,500,2025-06-21,2025-06-28,COMPLETED,HIGH
WO-2025-001111,FG-AUTOSYS-071,FAC-MX-01,500,500,2025-05-24,2025-05-31,COMPLETED,CRITICAL
WO-2025-001112,FG-AUTOSYS-067,FAC-APAC-01,1000,1000,2025-12-23,2026-01-01,COMPLETED,STANDARD
WO-2025-001113,FG-AUTOSYS-039,FAC-US-01,250,250,2026-01-27,2026-01-31,COMPLETED,STANDARD
WO-2025-001114,FG-AUTOSYS-028,FAC-APAC-01,500,500,2026-02-14,2026-02-23,COMPLETED,HIGH
WO-2025-001115,FG-AUTOSYS-050,FAC-APAC-01,50,50,2025-06-29,2025-07-09,COMPLETED,HIGH
WO-2025-001116,FG-AUTOSYS-054,FAC-MX-01,500,500,2026-02-09,2026-02-21,COMPLETED,HIGH
WO-2025-001117,FG-AUTOSYS-009,FAC-US-01,50,50,2025-07-16,2025-07-23,COMPLETED,STANDARD
WO-2025-001118,FG-AUTOSYS-023,FAC-MX-01,100,0,2026-05-29,2026-06-10,PLANNED,CRITICAL
WO-2025-001119,FG-AUTOSYS-028,FAC-EU-01,100,100,2026-03-16,2026-03-21,COMPLETED,STANDARD
WO-2025-001120,FG-AUTOSYS-012,FAC-APAC-01,500,0,2026-05-25,2026-06-01,BLOCKED_SHORTAGE,STANDARD
WO-2025-001121,FG-AUTOSYS-050,FAC-APAC-01,50,50,2025-06-30,2025-07-07,COMPLETED,HIGH
WO-2025-001122,FG-AUTOSYS-028,FAC-US-01,1000,1000,2025-06-14,2025-06-22,COMPLETED,HIGH
WO-2025-001123,FG-AUTOSYS-089,FAC-APAC-01,500,500,2025-10-19,2025-10-27,COMPLETED,STANDARD
WO-2025-001124,FG-AUTOSYS-049,FAC-US-01,100,0,2026-05-07,2026-05-13,PLANNED,STANDARD
WO-2025-001125,FG-AUTOSYS-077,FAC-MX-01,1000,1000,2025-02-03,2025-02-08,COMPLETED,CRITICAL
WO-2025-001126,FG-AUTOSYS-032,FAC-APAC-01,1000,1000,2025-12-10,2025-12-23,COMPLETED,STANDARD
WO-2025-001127,FG-AUTOSYS-036,FAC-US-01,1000,1000,2026-01-29,2026-02-11,COMPLETED,STANDARD
WO-2025-001128,FG-AUTOSYS-015,FAC-MX-01,250,250,2025-04-19,2025-04-23,COMPLETED,HIGH
WO-2025-001129,FG-AUTOSYS-049,FAC-EU-01,500,0,2026-04-25,2026-05-04,PLANNED,HIGH
WO-2025-001130,FG-AUTOSYS-063,FAC-US-01,1000,1000,2026-03-18,2026-03-24,COMPLETED,HIGH
WO-2025-001131,FG-AUTOSYS-040,FAC-MX-01,250,0,2026-04-21,2026-05-05,PLANNED,HIGH
WO-2025-001132,FG-AUTOSYS-026,FAC-APAC-01,1000,1000,2025-11-02,2025-11-06,COMPLETED,HIGH
WO-2025-001133,FG-AUTOSYS-078,FAC-MX-01,500,500,2025-10-15,2025-10-27,COMPLETED,CRITICAL
WO-2025-001134,FG-AUTOSYS-017,FAC-APAC-01,1000,1000,2026-01-29,2026-02-06,COMPLETED,CRITICAL
WO-2025-001135,FG-AUTOSYS-014,FAC-EU-01,250,250,2025-03-28,2025-04-10,COMPLETED,STANDARD
WO-2025-001136,FG-AUTOSYS-021,FAC-MX-01,100,100,2025-09-12,2025-09-16,COMPLETED,STANDARD
WO-2025-001137,FG-AUTOSYS-009,FAC-APAC-01,1000,1000,2025-01-18,2025-01-26,COMPLETED,HIGH
WO-2025-001138,FG-AUTOSYS-087,FAC-EU-01,50,50,2025-10-25,2025-10-30,COMPLETED,HIGH
WO-2025-001139,FG-AUTOSYS-004,FAC-US-01,1000,1000,2026-02-22,2026-03-05,COMPLETED,CRITICAL
WO-2025-001140,FG-AUTOSYS-028,FAC-MX-01,250,250,2025-03-07,2025-03-18,COMPLETED,HIGH
WO-2025-001141,FG-AUTOSYS-048,FAC-EU-01,1000,1000,2026-01-23,2026-02-01,COMPLETED,CRITICAL
WO-2025-001142,FG-AUTOSYS-078,FAC-US-01,50,50,2025-04-29,2025-05-07,COMPLETED,HIGH
WO-2025-001143,FG-AUTOSYS-016,FAC-US-01,50,50,2025-02-18,2025-03-01,COMPLETED,STANDARD
WO-2025-001144,FG-AUTOSYS-023,FAC-MX-01,50,50,2025-08-12,2025-08-20,COMPLETED,HIGH
WO-2025-001145,FG-AUTOSYS-075,FAC-US-01,500,500,2025-07-09,2025-07-19,COMPLETED,STANDARD
WO-2025-001146,FG-AUTOSYS-024,FAC-MX-01,50,50,2025-06-09,2025-06-19,COMPLETED,STANDARD
WO-2025-001147,FG-AUTOSYS-056,FAC-MX-01,1000,1000,2025-09-10,2025-09-13,COMPLETED,CRITICAL
WO-2025-001148,FG-AUTOSYS-059,FAC-APAC-01,100,100,2025-05-24,2025-05-30,COMPLETED,HIGH
WO-2025-001149,FG-AUTOSYS-096,FAC-APAC-01,1000,1000,2025-09-21,2025-09-29,COMPLETED,HIGH
WO-2025-001150,FG-AUTOSYS-018,FAC-MX-01,100,100,2025-12-26,2025-12-31,COMPLETED,CRITICAL
WO-2025-001151,FG-AUTOSYS-039,FAC-EU-01,1000,1000,2025-01-16,2025-01-23,COMPLETED,CRITICAL
WO-2025-001152,FG-AUTOSYS-045,FAC-MX-01,500,500,2025-05-28,2025-06-07,COMPLETED,HIGH
WO-2025-001153,FG-AUTOSYS-082,FAC-US-01,500,500,2026-02-06,2026-02-14,COMPLETED,CRITICAL
WO-2025-001154,FG-AUTOSYS-064,FAC-APAC-01,100,100,2025-01-29,2025-02-09,COMPLETED,STANDARD
WO-2025-001155,FG-AUTOSYS-010,FAC-APAC-01,250,250,2025-10-16,2025-10-25,COMPLETED,STANDARD
WO-2025-001156,FG-AUTOSYS-039,FAC-APAC-01,50,50,2025-03-29,2025-04-07,COMPLETED,CRITICAL
WO-2025-001157,FG-AUTOSYS-078,FAC-EU-01,100,100,2025-11-23,2025-11-29,COMPLETED,STANDARD
WO-2025-001158,FG-AUTOSYS-053,FAC-EU-01,250,250,2025-09-12,2025-09-18,COMPLETED,HIGH
WO-2025-001159,FG-AUTOSYS-027,FAC-US-01,1000,1000,2025-08-14,2025-08-28,COMPLETED,HIGH
WO-2025-001160,FG-AUTOSYS-010,FAC-APAC-01,250,250,2025-06-26,2025-07-07,COMPLETED,CRITICAL
WO-2025-001161,FG-AUTOSYS-062,FAC-APAC-01,500,500,2025-03-16,2025-03-30,COMPLETED,STANDARD
WO-2025-001162,FG-AUTOSYS-053,FAC-APAC-01,100,100,2025-08-13,2025-08-19,COMPLETED,STANDARD
WO-2025-001163,FG-AUTOSYS-054,FAC-MX-01,100,100,2025-10-02,2025-10-05,COMPLETED,HIGH
WO-2025-001164,FG-AUTOSYS-086,FAC-EU-01,1000,1000,2025-08-19,2025-08-25,COMPLETED,STANDARD
WO-2025-001165,FG-AUTOSYS-048,FAC-EU-01,500,500,2025-07-06,2025-07-16,COMPLETED,STANDARD
WO-2025-001166,FG-AUTOSYS-031,FAC-APAC-01,1000,1000,2026-03-23,2026-04-06,COMPLETED,CRITICAL
WO-2025-001167,FG-AUTOSYS-022,FAC-EU-01,1000,1000,2025-11-25,2025-12-04,COMPLETED,CRITICAL
WO-2025-001168,FG-AUTOSYS-073,FAC-US-01,50,50,2025-04-16,2025-04-30,COMPLETED,CRITICAL
WO-2025-001169,FG-AUTOSYS-099,FAC-MX-01,100,70,2026-04-13,2026-04-20,IN_PROGRESS,CRITICAL
WO-2025-001170,FG-AUTOSYS-097,FAC-US-01,250,250,2025-06-26,2025-07-05,COMPLETED,STANDARD
WO-2025-001171,FG-AUTOSYS-039,FAC-APAC-01,1000,1000,2025-04-13,2025-04-17,COMPLETED,STANDARD
WO-2025-001172,FG-AUTOSYS-016,FAC-APAC-01,1000,1000,2025-02-09,2025-02-19,COMPLETED,CRITICAL
WO-2025-001173,FG-AUTOSYS-099,FAC-EU-01,500,500,2025-11-28,2025-12-11,COMPLETED,CRITICAL
WO-2025-001174,FG-AUTOSYS-021,FAC-MX-01,250,250,2025-02-02,2025-02-07,COMPLETED,HIGH
WO-2025-001175,FG-AUTOSYS-027,FAC-US-01,50,27,2026-04-13,2026-04-16,IN_PROGRESS,HIGH
WO-2025-001176,FG-AUTOSYS-097,FAC-MX-01,50,50,2025-10-31,2025-11-06,COMPLETED,STANDARD
WO-2025-001177,FG-AUTOSYS-067,FAC-US-01,500,500,2025-01-25,2025-02-03,COMPLETED,CRITICAL
WO-2025-001178,FG-AUTOSYS-080,FAC-APAC-01,50,50,2026-02-07,2026-02-12,COMPLETED,HIGH
WO-2025-001179,FG-AUTOSYS-042,FAC-APAC-01,50,50,2025-07-04,2025-07-18,COMPLETED,STANDARD
WO-2025-001180,FG-AUTOSYS-100,FAC-US-01,50,50,2025-04-26,2025-05-07,COMPLETED,HIGH
WO-2025-001181,FG-AUTOSYS-054,FAC-MX-01,50,0,2026-05-05,2026-05-12,PLANNED,STANDARD
WO-2025-001182,FG-AUTOSYS-075,FAC-APAC-01,100,100,2025-05-30,2025-06-05,COMPLETED,HIGH
WO-2025-001183,FG-AUTOSYS-019,FAC-US-01,1000,1000,2025-01-22,2025-01-26,COMPLETED,HIGH
WO-2025-001184,FG-AUTOSYS-046,FAC-EU-01,100,100,2025-05-18,2025-05-23,COMPLETED,CRITICAL
WO-2025-001185,FG-AUTOSYS-022,FAC-MX-01,50,50,2025-09-18,2025-10-01,COMPLETED,STANDARD
WO-2025-001186,FG-AUTOSYS-058,FAC-US-01,500,500,2026-02-14,2026-02-25,COMPLETED,CRITICAL
WO-2025-001187,FG-AUTOSYS-041,FAC-EU-01,100,100,2026-04-04,2026-04-11,COMPLETED,HIGH
WO-2025-001188,FG-AUTOSYS-061,FAC-APAC-01,250,250,2025-05-18,2025-05-27,COMPLETED,STANDARD
WO-2025-001189,FG-AUTOSYS-071,FAC-MX-01,250,250,2025-09-29,2025-10-08,COMPLETED,HIGH
WO-2025-001190,FG-AUTOSYS-026,FAC-APAC-01,500,500,2025-09-04,2025-09-11,COMPLETED,STANDARD
WO-2025-001191,FG-AUTOSYS-090,FAC-US-01,1000,1000,2025-04-15,2025-04-28,COMPLETED,CRITICAL
WO-2025-001192,FG-AUTOSYS-026,FAC-APAC-01,250,250,2025-12-13,2025-12-26,COMPLETED,CRITICAL
WO-2025-001193,FG-AUTOSYS-083,FAC-MX-01,1000,357,2026-04-09,2026-04-17,IN_PROGRESS,HIGH
WO-2025-001194,FG-AUTOSYS-091,FAC-APAC-01,500,500,2025-05-08,2025-05-13,COMPLETED,STANDARD
WO-2025-001195,FG-AUTOSYS-007,FAC-MX-01,50,50,2025-08-31,2025-09-13,COMPLETED,HIGH
WO-2025-001196,FG-AUTOSYS-058,FAC-MX-01,50,50,2025-07-25,2025-08-02,COMPLETED,HIGH
WO-2025-001197,FG-AUTOSYS-062,FAC-US-01,250,250,2026-03-14,2026-03-26,COMPLETED,HIGH
WO-2025-001198,FG-AUTOSYS-048,FAC-APAC-01,250,250,2025-11-15,2025-11-29,COMPLETED,CRITICAL
WO-2025-001199,FG-AUTOSYS-046,FAC-EU-01,1000,0,2026-04-21,2026-05-03,PLANNED,HIGH
WO-2025-001200,FG-AUTOSYS-053,FAC-US-01,50,50,2025-03-01,2025-03-11,COMPLETED,STANDARD
WO-2025-001201,FG-AUTOSYS-060,FAC-MX-01,250,250,2026-01-02,2026-01-16,COMPLETED,STANDARD
WO-2025-001202,FG-AUTOSYS-035,FAC-MX-01,100,53,2026-04-13,2026-04-18,IN_PROGRESS,CRITICAL
WO-2025-001203,FG-AUTOSYS-056,FAC-US-01,250,250,2025-06-23,2025-07-07,COMPLETED,HIGH
WO-2025-001204,FG-AUTOSYS-019,FAC-APAC-01,50,50,2025-01-25,2025-02-02,COMPLETED,HIGH
WO-2025-001205,FG-AUTOSYS-062,FAC-EU-01,250,250,2025-07-24,2025-08-05,COMPLETED,CRITICAL
WO-2025-001206,FG-AUTOSYS-010,FAC-MX-01,1000,1000,2025-03-24,2025-04-04,COMPLETED,STANDARD
WO-2025-001207,FG-AUTOSYS-050,FAC-APAC-01,250,250,2025-05-30,2025-06-02,COMPLETED,STANDARD
WO-2025-001208,FG-AUTOSYS-056,FAC-EU-01,250,250,2025-12-14,2025-12-19,COMPLETED,HIGH
WO-2025-001209,FG-AUTOSYS-008,FAC-MX-01,100,100,2025-11-19,2025-11-25,COMPLETED,STANDARD
WO-2025-001210,FG-AUTOSYS-058,FAC-EU-01,100,100,2026-03-26,2026-03-30,COMPLETED,STANDARD
WO-2025-001211,FG-AUTOSYS-090,FAC-EU-01,100,100,2025-07-14,2025-07-20,COMPLETED,CRITICAL
WO-2025-001212,FG-AUTOSYS-043,FAC-MX-01,500,500,2025-12-12,2025-12-20,COMPLETED,STANDARD
WO-2025-001213,FG-AUTOSYS-037,FAC-US-01,500,500,2025-12-20,2026-01-03,COMPLETED,CRITICAL
WO-2025-001214,FG-AUTOSYS-004,FAC-MX-01,1000,1000,2025-12-08,2025-12-19,COMPLETED,CRITICAL
WO-2025-001215,FG-AUTOSYS-047,FAC-MX-01,250,250,2025-10-13,2025-10-17,COMPLETED,STANDARD
WO-2025-001216,FG-AUTOSYS-027,FAC-EU-01,1000,0,2026-05-18,2026-06-01,PLANNED,HIGH
WO-2025-001217,FG-AUTOSYS-099,FAC-APAC-01,250,0,2026-05-11,2026-05-14,PLANNED,CRITICAL
WO-2025-001218,FG-AUTOSYS-022,FAC-MX-01,50,50,2025-06-07,2025-06-12,COMPLETED,HIGH
WO-2025-001219,FG-AUTOSYS-079,FAC-US-01,500,500,2025-10-27,2025-11-09,COMPLETED,CRITICAL
WO-2025-001220,FG-AUTOSYS-066,FAC-EU-01,1000,1000,2025-10-10,2025-10-22,COMPLETED,STANDARD
WO-2025-001221,FG-AUTOSYS-100,FAC-APAC-01,250,0,2026-04-22,2026-05-06,BLOCKED_SHORTAGE,CRITICAL
WO-2025-001222,FG-AUTOSYS-055,FAC-US-01,1000,0,2026-05-06,2026-05-09,PLANNED,STANDARD
WO-2025-001223,FG-AUTOSYS-072,FAC-MX-01,100,100,2025-12-17,2025-12-28,COMPLETED,STANDARD
WO-2025-001224,FG-AUTOSYS-095,FAC-EU-01,100,100,2025-05-04,2025-05-14,COMPLETED,CRITICAL
WO-2025-001225,FG-AUTOSYS-083,FAC-MX-01,50,50,2025-11-09,2025-11-16,COMPLETED,HIGH
WO-2025-001226,FG-AUTOSYS-031,FAC-US-01,50,50,2026-03-30,2026-04-11,COMPLETED,CRITICAL
WO-2025-001227,FG-AUTOSYS-024,FAC-EU-01,250,250,2025-06-11,2025-06-24,COMPLETED,HIGH
WO-2025-001228,FG-AUTOSYS-057,FAC-APAC-01,100,100,2026-03-14,2026-03-23,COMPLETED,STANDARD
WO-2025-001229,FG-AUTOSYS-087,FAC-US-01,500,500,2025-08-13,2025-08-20,COMPLETED,STANDARD
WO-2025-001230,FG-AUTOSYS-025,FAC-US-01,1000,1000,2025-05-04,2025-05-08,COMPLETED,HIGH
WO-2025-001231,FG-AUTOSYS-004,FAC-EU-01,1000,1000,2025-10-27,2025-11-10,COMPLETED,STANDARD
WO-2025-001232,FG-AUTOSYS-081,FAC-MX-01,100,100,2025-10-31,2025-11-04,COMPLETED,HIGH
WO-2025-001233,FG-AUTOSYS-067,FAC-EU-01,250,250,2025-10-24,2025-11-01,COMPLETED,HIGH
WO-2025-001234,FG-AUTOSYS-054,FAC-APAC-01,50,50,2026-01-13,2026-01-17,COMPLETED,STANDARD
WO-2025-001235,FG-AUTOSYS-007,FAC-US-01,100,100,2025-05-24,2025-05-27,COMPLETED,HIGH
WO-2025-001236,FG-AUTOSYS-040,FAC-APAC-01,50,50,2025-01-18,2025-01-31,COMPLETED,CRITICAL
WO-2025-001237,FG-AUTOSYS-011,FAC-US-01,50,50,2025-10-05,2025-10-12,COMPLETED,HIGH
WO-2025-001238,FG-AUTOSYS-013,FAC-EU-01,100,100,2026-03-27,2026-03-31,COMPLETED,CRITICAL
WO-2025-001239,FG-AUTOSYS-040,FAC-MX-01,1000,1000,2025-07-01,2025-07-14,COMPLETED,HIGH
WO-2025-001240,FG-AUTOSYS-028,FAC-APAC-01,50,30,2026-04-13,2026-04-18,IN_PROGRESS,HIGH
WO-2025-001241,FG-AUTOSYS-018,FAC-APAC-01,1000,1000,2025-12-06,2025-12-14,COMPLETED,STANDARD
WO-2025-001242,FG-AUTOSYS-093,FAC-MX-01,100,100,2025-09-22,2025-09-25,COMPLETED,CRITICAL
WO-2025-001243,FG-AUTOSYS-086,FAC-APAC-01,1000,1000,2025-03-04,2025-03-14,COMPLETED,STANDARD
WO-2025-001244,FG-AUTOSYS-020,FAC-MX-01,500,500,2025-07-10,2025-07-13,COMPLETED,CRITICAL
WO-2025-001245,FG-AUTOSYS-056,FAC-EU-01,250,250,2026-03-11,2026-03-19,COMPLETED,STANDARD
WO-2025-001246,FG-AUTOSYS-080,FAC-US-01,500,500,2025-01-27,2025-02-01,COMPLETED,HIGH
WO-2025-001247,FG-AUTOSYS-070,FAC-EU-01,50,50,2025-02-01,2025-02-10,COMPLETED,STANDARD
WO-2025-001248,FG-AUTOSYS-042,FAC-US-01,1000,1000,2025-11-17,2025-11-29,COMPLETED,STANDARD
WO-2025-001249,FG-AUTOSYS-090,FAC-US-01,250,250,2025-02-20,2025-03-03,COMPLETED,CRITICAL
WO-2025-001250,FG-AUTOSYS-074,FAC-US-01,250,250,2025-02-02,2025-02-13,COMPLETED,HIGH
WO-2025-001251,FG-AUTOSYS-020,FAC-APAC-01,250,250,2025-06-08,2025-06-22,COMPLETED,CRITICAL
WO-2025-001252,FG-AUTOSYS-022,FAC-EU-01,100,100,2025-12-14,2025-12-20,COMPLETED,STANDARD
WO-2025-001253,FG-AUTOSYS-016,FAC-US-01,250,250,2025-02-14,2025-02-28,COMPLETED,STANDARD
WO-2025-001254,FG-AUTOSYS-003,FAC-APAC-01,500,500,2025-10-16,2025-10-26,COMPLETED,STANDARD
WO-2025-001255,FG-AUTOSYS-074,FAC-EU-01,1000,1000,2025-06-08,2025-06-14,COMPLETED,STANDARD
WO-2025-001256,FG-AUTOSYS-075,FAC-US-01,250,250,2025-10-19,2025-10-28,COMPLETED,CRITICAL
WO-2025-001257,FG-AUTOSYS-050,FAC-EU-01,1000,1000,2025-11-26,2025-12-09,COMPLETED,STANDARD
WO-2025-001258,FG-AUTOSYS-093,FAC-APAC-01,1000,0,2026-05-02,2026-05-15,BLOCKED_SHORTAGE,STANDARD
WO-2025-001259,FG-AUTOSYS-074,FAC-US-01,100,100,2026-04-01,2026-04-12,COMPLETED,CRITICAL
WO-2025-001260,FG-AUTOSYS-004,FAC-EU-01,250,250,2026-03-26,2026-04-07,COMPLETED,STANDARD
WO-2025-001261,FG-AUTOSYS-069,FAC-EU-01,250,250,2025-03-10,2025-03-22,COMPLETED,STANDARD
WO-2025-001262,FG-AUTOSYS-037,FAC-MX-01,500,500,2025-08-21,2025-08-29,COMPLETED,CRITICAL
WO-2025-001263,FG-AUTOSYS-064,FAC-US-01,500,500,2025-11-07,2025-11-11,COMPLETED,CRITICAL
WO-2025-001264,FG-AUTOSYS-078,FAC-EU-01,250,250,2025-02-01,2025-02-06,COMPLETED,CRITICAL
WO-2025-001265,FG-AUTOSYS-024,FAC-MX-01,250,250,2025-04-18,2025-04-21,COMPLETED,STANDARD
WO-2025-001266,FG-AUTOSYS-003,FAC-US-01,1000,1000,2025-03-06,2025-03-09,COMPLETED,HIGH
WO-2025-001267,FG-AUTOSYS-068,FAC-MX-01,500,0,2026-04-18,2026-04-23,BLOCKED_SHORTAGE,HIGH
WO-2025-001268,FG-AUTOSYS-098,FAC-EU-01,500,500,2025-03-10,2025-03-23,COMPLETED,HIGH
WO-2025-001269,FG-AUTOSYS-003,FAC-EU-01,100,0,2026-05-02,2026-05-13,PLANNED,STANDARD
WO-2025-001270,FG-AUTOSYS-048,FAC-US-01,50,50,2025-12-08,2025-12-16,COMPLETED,HIGH
WO-2025-001271,FG-AUTOSYS-002,FAC-MX-01,500,500,2025-07-22,2025-07-26,COMPLETED,HIGH
WO-2025-001272,FG-AUTOSYS-080,FAC-MX-01,500,0,2026-05-27,2026-06-01,PLANNED,CRITICAL
WO-2025-001273,FG-AUTOSYS-056,FAC-MX-01,50,50,2026-01-08,2026-01-12,COMPLETED,HIGH
WO-2025-001274,FG-AUTOSYS-008,FAC-EU-01,100,0,2026-05-08,2026-05-17,PLANNED,HIGH
WO-2025-001275,FG-AUTOSYS-051,FAC-MX-01,500,0,2026-05-18,2026-05-29,PLANNED,HIGH
WO-2025-001276,FG-AUTOSYS-018,FAC-EU-01,50,50,2025-11-20,2025-12-01,COMPLETED,STANDARD
WO-2025-001277,FG-AUTOSYS-086,FAC-MX-01,1000,1000,2025-03-06,2025-03-12,COMPLETED,CRITICAL
WO-2025-001278,FG-AUTOSYS-089,FAC-MX-01,100,100,2026-02-27,2026-03-05,COMPLETED,HIGH
WO-2025-001279,FG-AUTOSYS-098,FAC-EU-01,100,100,2026-03-11,2026-03-21,COMPLETED,HIGH
WO-2025-001280,FG-AUTOSYS-069,FAC-APAC-01,500,500,2026-01-04,2026-01-11,COMPLETED,CRITICAL
WO-2025-001281,FG-AUTOSYS-031,FAC-US-01,1000,1000,2025-02-14,2025-02-23,COMPLETED,STANDARD
WO-2025-001282,FG-AUTOSYS-057,FAC-MX-01,100,100,2025-02-01,2025-02-07,COMPLETED,CRITICAL
WO-2025-001283,FG-AUTOSYS-079,FAC-US-01,250,250,2025-05-20,2025-05-27,COMPLETED,CRITICAL
WO-2025-001284,FG-AUTOSYS-095,FAC-MX-01,500,500,2025-05-21,2025-05-30,COMPLETED,STANDARD
WO-2025-001285,FG-AUTOSYS-032,FAC-EU-01,250,250,2025-11-12,2025-11-15,COMPLETED,STANDARD
WO-2025-001286,FG-AUTOSYS-045,FAC-US-01,500,500,2025-10-18,2025-11-01,COMPLETED,HIGH
WO-2025-001287,FG-AUTOSYS-080,FAC-APAC-01,50,50,2025-06-09,2025-06-18,COMPLETED,HIGH
WO-2025-001288,FG-AUTOSYS-037,FAC-EU-01,500,500,2025-09-27,2025-10-09,COMPLETED,STANDARD
WO-2025-001289,FG-AUTOSYS-062,FAC-MX-01,500,500,2026-02-21,2026-02-24,COMPLETED,STANDARD
WO-2025-001290,FG-AUTOSYS-054,FAC-EU-01,100,100,2025-12-02,2025-12-16,COMPLETED,CRITICAL
WO-2025-001291,FG-AUTOSYS-054,FAC-US-01,250,250,2026-02-22,2026-03-05,COMPLETED,STANDARD
WO-2025-001292,FG-AUTOSYS-091,FAC-MX-01,500,500,2025-03-02,2025-03-06,COMPLETED,HIGH
WO-2025-001293,FG-AUTOSYS-079,FAC-US-01,250,250,2026-01-25,2026-02-04,COMPLETED,CRITICAL
WO-2025-001294,FG-AUTOSYS-028,FAC-US-01,500,0,2026-05-08,2026-05-21,PLANNED,CRITICAL
WO-2025-001295,FG-AUTOSYS-036,FAC-US-01,500,500,2026-03-07,2026-03-13,COMPLETED,STANDARD
WO-2025-001296,FG-AUTOSYS-004,FAC-APAC-01,1000,1000,2025-04-02,2025-04-15,COMPLETED,HIGH
WO-2025-001297,FG-AUTOSYS-019,FAC-MX-01,50,50,2025-11-29,2025-12-10,COMPLETED,HIGH
WO-2025-001298,FG-AUTOSYS-062,FAC-APAC-01,1000,1000,2025-09-05,2025-09-08,COMPLETED,STANDARD
WO-2025-001299,FG-AUTOSYS-069,FAC-EU-01,50,50,2025-10-24,2025-10-30,COMPLETED,HIGH
WO-2025-001300,FG-AUTOSYS-019,FAC-MX-01,1000,1000,2026-01-12,2026-01-23,COMPLETED,HIGH
WO-2025-001301,FG-AUTOSYS-068,FAC-MX-01,1000,1000,2025-04-08,2025-04-20,COMPLETED,HIGH
WO-2025-001302,FG-AUTOSYS-082,FAC-EU-01,50,0,2026-05-02,2026-05-09,PLANNED,CRITICAL
WO-2025-001303,FG-AUTOSYS-039,FAC-US-01,250,250,2025-07-21,2025-07-24,COMPLETED,STANDARD
WO-2025-001304,FG-AUTOSYS-075,FAC-MX-01,1000,1000,2025-08-31,2025-09-11,COMPLETED,HIGH
WO-2025-001305,FG-AUTOSYS-029,FAC-US-01,50,50,2025-06-06,2025-06-09,COMPLETED,STANDARD
WO-2025-001306,FG-AUTOSYS-045,FAC-APAC-01,500,500,2025-07-24,2025-08-04,COMPLETED,STANDARD
WO-2025-001307,FG-AUTOSYS-100,FAC-MX-01,50,50,2025-08-19,2025-08-30,COMPLETED,CRITICAL
WO-2025-001308,FG-AUTOSYS-036,FAC-US-01,250,250,2025-09-06,2025-09-16,COMPLETED,HIGH
WO-2025-001309,FG-AUTOSYS-024,FAC-APAC-01,100,0,2026-05-16,2026-05-24,PLANNED,CRITICAL
WO-2025-001310,FG-AUTOSYS-009,FAC-APAC-01,50,0,2026-05-24,2026-06-01,PLANNED,CRITICAL
WO-2025-001311,FG-AUTOSYS-004,FAC-US-01,500,500,2025-01-19,2025-01-23,COMPLETED,STANDARD
WO-2025-001312,FG-AUTOSYS-095,FAC-MX-01,100,100,2026-03-31,2026-04-10,COMPLETED,HIGH
WO-2025-001313,FG-AUTOSYS-025,FAC-MX-01,50,50,2025-07-04,2025-07-15,COMPLETED,CRITICAL
WO-2025-001314,FG-AUTOSYS-058,FAC-APAC-01,500,500,2025-04-17,2025-04-25,COMPLETED,HIGH
WO-2025-001315,FG-AUTOSYS-073,FAC-APAC-01,250,250,2025-10-10,2025-10-16,COMPLETED,STANDARD
WO-2025-001316,FG-AUTOSYS-086,FAC-MX-01,1000,638,2026-04-11,2026-04-16,IN_PROGRESS,HIGH
WO-2025-001317,FG-AUTOSYS-005,FAC-MX-01,500,500,2025-06-16,2025-06-19,COMPLETED,STANDARD
WO-2025-001318,FG-AUTOSYS-081,FAC-APAC-01,50,50,2025-12-29,2026-01-02,COMPLETED,STANDARD
WO-2025-001319,FG-AUTOSYS-023,FAC-MX-01,100,100,2025-01-19,2025-01-22,COMPLETED,STANDARD
WO-2025-001320,FG-AUTOSYS-012,FAC-US-01,100,100,2026-02-08,2026-02-11,COMPLETED,CRITICAL
WO-2025-001321,FG-AUTOSYS-056,FAC-MX-01,1000,1000,2025-04-23,2025-04-28,COMPLETED,HIGH
WO-2025-001322,FG-AUTOSYS-030,FAC-US-01,1000,1000,2025-08-07,2025-08-21,COMPLETED,HIGH
WO-2025-001323,FG-AUTOSYS-019,FAC-MX-01,1000,1000,2025-10-18,2025-10-22,COMPLETED,HIGH
WO-2025-001324,FG-AUTOSYS-065,FAC-US-01,500,500,2026-03-23,2026-03-27,COMPLETED,STANDARD
WO-2025-001325,FG-AUTOSYS-086,FAC-APAC-01,250,0,2026-05-11,2026-05-21,PLANNED,HIGH
WO-2025-001326,FG-AUTOSYS-002,FAC-EU-01,250,250,2025-04-01,2025-04-06,COMPLETED,STANDARD
WO-2025-001327,FG-AUTOSYS-015,FAC-EU-01,1000,1000,2025-10-18,2025-10-29,COMPLETED,STANDARD
WO-2025-001328,FG-AUTOSYS-031,FAC-MX-01,100,100,2026-01-19,2026-01-27,COMPLETED,HIGH
WO-2025-001329,FG-AUTOSYS-057,FAC-US-01,250,250,2025-04-17,2025-04-23,COMPLETED,HIGH
WO-2025-001330,FG-AUTOSYS-020,FAC-MX-01,250,0,2026-05-22,2026-06-03,BLOCKED_SHORTAGE,CRITICAL
WO-2025-001331,FG-AUTOSYS-090,FAC-EU-01,50,50,2025-05-20,2025-05-31,COMPLETED,STANDARD
WO-2025-001332,FG-AUTOSYS-054,FAC-US-01,50,50,2025-07-17,2025-07-27,COMPLETED,HIGH
WO-2025-001333,FG-AUTOSYS-098,FAC-EU-01,250,250,2025-06-30,2025-07-12,COMPLETED,CRITICAL
WO-2025-001334,FG-AUTOSYS-043,FAC-MX-01,1000,1000,2025-01-27,2025-02-05,COMPLETED,STANDARD
WO-2025-001335,FG-AUTOSYS-061,FAC-US-01,100,100,2026-01-08,2026-01-18,COMPLETED,HIGH
WO-2025-001336,FG-AUTOSYS-014,FAC-EU-01,1000,1000,2025-08-26,2025-09-05,COMPLETED,HIGH
WO-2025-001337,FG-AUTOSYS-037,FAC-US-01,250,250,2025-06-26,2025-07-04,COMPLETED,HIGH
WO-2025-001338,FG-AUTOSYS-079,FAC-MX-01,250,0,2026-05-15,2026-05-22,PLANNED,STANDARD
WO-2025-001339,FG-AUTOSYS-018,FAC-APAC-01,500,500,2026-03-22,2026-04-02,COMPLETED,CRITICAL
WO-2025-001340,FG-AUTOSYS-044,FAC-MX-01,1000,1000,2025-05-25,2025-06-03,COMPLETED,CRITICAL
WO-2025-001341,FG-AUTOSYS-009,FAC-APAC-01,50,0,2026-05-04,2026-05-14,PLANNED,HIGH
WO-2025-001342,FG-AUTOSYS-099,FAC-MX-01,500,500,2025-05-21,2025-05-27,COMPLETED,CRITICAL
WO-2025-001343,FG-AUTOSYS-079,FAC-EU-01,50,50,2025-10-07,2025-10-16,COMPLETED,STANDARD
WO-2025-001344,FG-AUTOSYS-051,FAC-EU-01,250,250,2025-02-11,2025-02-25,COMPLETED,CRITICAL
WO-2025-001345,FG-AUTOSYS-007,FAC-APAC-01,500,0,2026-05-21,2026-05-24,PLANNED,HIGH
WO-2025-001346,FG-AUTOSYS-051,FAC-EU-01,50,50,2025-11-09,2025-11-22,COMPLETED,CRITICAL
WO-2025-001347,FG-AUTOSYS-074,FAC-US-01,500,160,2026-04-04,2026-04-16,IN_PROGRESS,STANDARD
WO-2025-001348,FG-AUTOSYS-024,FAC-EU-01,500,500,2025-09-26,2025-10-08,COMPLETED,HIGH
WO-2025-001349,FG-AUTOSYS-028,FAC-US-01,100,100,2026-01-23,2026-02-02,COMPLETED,HIGH
WO-2025-001350,FG-AUTOSYS-063,FAC-EU-01,1000,1000,2025-11-01,2025-11-10,COMPLETED,HIGH
WO-2025-001351,FG-AUTOSYS-082,FAC-APAC-01,50,50,2025-08-02,2025-08-08,COMPLETED,CRITICAL
WO-2025-001352,FG-AUTOSYS-067,FAC-MX-01,100,0,2026-04-21,2026-05-02,PLANNED,STANDARD
WO-2025-001353,FG-AUTOSYS-040,FAC-EU-01,250,250,2025-09-23,2025-09-27,COMPLETED,STANDARD
WO-2025-001354,FG-AUTOSYS-077,FAC-MX-01,250,250,2026-01-12,2026-01-22,COMPLETED,HIGH
WO-2025-001355,FG-AUTOSYS-007,FAC-US-01,250,250,2025-08-12,2025-08-16,COMPLETED,STANDARD
WO-2025-001356,FG-AUTOSYS-029,FAC-EU-01,1000,1000,2025-03-23,2025-04-06,COMPLETED,CRITICAL
WO-2025-001357,FG-AUTOSYS-005,FAC-EU-01,500,500,2025-10-28,2025-11-07,COMPLETED,CRITICAL
WO-2025-001358,FG-AUTOSYS-002,FAC-APAC-01,500,0,2026-05-14,2026-05-28,PLANNED,CRITICAL
WO-2025-001359,FG-AUTOSYS-099,FAC-APAC-01,250,250,2026-02-02,2026-02-15,COMPLETED,STANDARD
WO-2025-001360,FG-AUTOSYS-072,FAC-APAC-01,50,50,2025-02-06,2025-02-10,COMPLETED,CRITICAL
WO-2025-001361,FG-AUTOSYS-003,FAC-MX-01,1000,1000,2025-02-27,2025-03-04,COMPLETED,HIGH
WO-2025-001362,FG-AUTOSYS-094,FAC-EU-01,250,250,2025-09-08,2025-09-22,COMPLETED,HIGH
WO-2025-001363,FG-AUTOSYS-100,FAC-EU-01,50,50,2025-10-07,2025-10-18,COMPLETED,CRITICAL
WO-2025-001364,FG-AUTOSYS-069,FAC-APAC-01,250,250,2025-02-21,2025-02-28,COMPLETED,STANDARD
WO-2025-001365,FG-AUTOSYS-072,FAC-APAC-01,250,250,2026-02-13,2026-02-23,COMPLETED,HIGH
WO-2025-001366,FG-AUTOSYS-005,FAC-MX-01,100,100,2025-01-21,2025-02-01,COMPLETED,HIGH
WO-2025-001367,FG-AUTOSYS-061,FAC-MX-01,250,250,2025-08-01,2025-08-05,COMPLETED,CRITICAL
WO-2025-001368,FG-AUTOSYS-066,FAC-US-01,50,50,2025-07-28,2025-08-02,COMPLETED,CRITICAL
WO-2025-001369,FG-AUTOSYS-065,FAC-APAC-01,250,250,2025-01-18,2025-01-26,COMPLETED,CRITICAL
WO-2025-001370,FG-AUTOSYS-068,FAC-EU-01,100,100,2025-11-06,2025-11-15,COMPLETED,STANDARD
WO-2025-001371,FG-AUTOSYS-089,FAC-US-01,250,250,2025-10-30,2025-11-13,COMPLETED,STANDARD
WO-2025-001372,FG-AUTOSYS-008,FAC-MX-01,250,250,2025-12-05,2025-12-10,COMPLETED,CRITICAL
WO-2025-001373,FG-AUTOSYS-056,FAC-APAC-01,50,50,2026-02-18,2026-02-26,COMPLETED,STANDARD
WO-2025-001374,FG-AUTOSYS-039,FAC-EU-01,50,50,2025-01-29,2025-02-12,COMPLETED,CRITICAL
WO-2025-001375,FG-AUTOSYS-045,FAC-MX-01,50,50,2025-10-04,2025-10-12,COMPLETED,HIGH
WO-2025-001376,FG-AUTOSYS-011,FAC-MX-01,250,250,2025-10-12,2025-10-17,COMPLETED,HIGH
WO-2025-001377,FG-AUTOSYS-018,FAC-EU-01,250,250,2025-12-18,2025-12-24,COMPLETED,STANDARD
WO-2025-001378,FG-AUTOSYS-082,FAC-EU-01,50,50,2025-02-24,2025-03-01,COMPLETED,CRITICAL
WO-2025-001379,FG-AUTOSYS-074,FAC-EU-01,100,100,2025-05-25,2025-06-02,COMPLETED,STANDARD
WO-2025-001380,FG-AUTOSYS-014,FAC-US-01,50,50,2025-01-27,2025-02-01,COMPLETED,STANDARD
WO-2025-001381,FG-AUTOSYS-013,FAC-MX-01,100,0,2026-05-03,2026-05-17,PLANNED,HIGH
WO-2025-001382,FG-AUTOSYS-082,FAC-MX-01,1000,1000,2026-02-14,2026-02-23,COMPLETED,CRITICAL
WO-2025-001383,FG-AUTOSYS-011,FAC-MX-01,500,500,2026-04-07,2026-04-13,COMPLETED,STANDARD
WO-2025-001384,FG-AUTOSYS-007,FAC-APAC-01,1000,1000,2025-02-15,2025-02-20,COMPLETED,HIGH
WO-2025-001385,FG-AUTOSYS-007,FAC-APAC-01,1000,1000,2025-10-17,2025-10-26,COMPLETED,CRITICAL
WO-2025-001386,FG-AUTOSYS-013,FAC-APAC-01,250,250,2025-07-08,2025-07-13,COMPLETED,HIGH
WO-2025-001387,FG-AUTOSYS-016,FAC-US-01,100,100,2026-02-25,2026-03-11,COMPLETED,HIGH
WO-2025-001388,FG-AUTOSYS-058,FAC-MX-01,100,100,2025-03-24,2025-03-28,COMPLETED,HIGH
WO-2025-001389,FG-AUTOSYS-085,FAC-EU-01,500,500,2026-03-13,2026-03-21,COMPLETED,CRITICAL
WO-2025-001390,FG-AUTOSYS-071,FAC-EU-01,1000,1000,2025-01-27,2025-02-02,COMPLETED,CRITICAL
WO-2025-001391,FG-AUTOSYS-027,FAC-EU-01,1000,1000,2025-07-20,2025-07-29,COMPLETED,CRITICAL
WO-2025-001392,FG-AUTOSYS-058,FAC-APAC-01,500,500,2025-10-22,2025-11-01,COMPLETED,CRITICAL
WO-2025-001393,FG-AUTOSYS-005,FAC-MX-01,500,500,2025-07-24,2025-08-02,COMPLETED,STANDARD
WO-2025-001394,FG-AUTOSYS-081,FAC-US-01,100,100,2025-08-13,2025-08-23,COMPLETED,HIGH
WO-2025-001395,FG-AUTOSYS-054,FAC-EU-01,250,250,2025-12-19,2025-12-25,COMPLETED,HIGH
WO-2025-001396,FG-AUTOSYS-031,FAC-APAC-01,250,250,2025-12-11,2025-12-19,COMPLETED,STANDARD
WO-2025-001397,FG-AUTOSYS-060,FAC-EU-01,500,500,2025-03-11,2025-03-16,COMPLETED,STANDARD
WO-2025-001398,FG-AUTOSYS-074,FAC-APAC-01,500,500,2025-03-28,2025-04-04,COMPLETED,HIGH
WO-2025-001399,FG-AUTOSYS-048,FAC-EU-01,100,100,2025-05-23,2025-05-29,COMPLETED,HIGH
WO-2025-001400,FG-AUTOSYS-084,FAC-APAC-01,500,500,2025-12-04,2025-12-10,COMPLETED,STANDARD
WO-2025-001401,FG-AUTOSYS-081,FAC-MX-01,50,50,2025-01-30,2025-02-04,COMPLETED,STANDARD
WO-2025-001402,FG-AUTOSYS-050,FAC-MX-01,500,172,2026-04-15,2026-04-24,IN_PROGRESS,HIGH
WO-2025-001403,FG-AUTOSYS-045,FAC-MX-01,1000,1000,2025-12-23,2026-01-05,COMPLETED,CRITICAL
WO-2025-001404,FG-AUTOSYS-005,FAC-MX-01,100,100,2025-09-01,2025-09-09,COMPLETED,STANDARD
WO-2025-001405,FG-AUTOSYS-026,FAC-APAC-01,1000,1000,2025-06-02,2025-06-13,COMPLETED,CRITICAL
WO-2025-001406,FG-AUTOSYS-072,FAC-EU-01,1000,1000,2026-01-02,2026-01-10,COMPLETED,STANDARD
WO-2025-001407,FG-AUTOSYS-065,FAC-MX-01,1000,1000,2025-12-14,2025-12-24,COMPLETED,CRITICAL
WO-2025-001408,FG-AUTOSYS-097,FAC-MX-01,50,50,2026-03-05,2026-03-13,COMPLETED,STANDARD
WO-2025-001409,FG-AUTOSYS-027,FAC-US-01,500,500,2026-01-27,2026-02-04,COMPLETED,STANDARD
WO-2025-001410,FG-AUTOSYS-092,FAC-EU-01,50,50,2025-04-05,2025-04-15,COMPLETED,STANDARD
WO-2025-001411,FG-AUTOSYS-060,FAC-EU-01,1000,1000,2025-04-23,2025-05-01,COMPLETED,STANDARD
WO-2025-001412,FG-AUTOSYS-027,FAC-EU-01,100,100,2025-10-03,2025-10-10,COMPLETED,STANDARD
WO-2025-001413,FG-AUTOSYS-098,FAC-EU-01,1000,0,2026-05-09,2026-05-20,PLANNED,STANDARD
WO-2025-001414,FG-AUTOSYS-090,FAC-MX-01,250,250,2025-09-01,2025-09-04,COMPLETED,STANDARD
WO-2025-001415,FG-AUTOSYS-085,FAC-APAC-01,1000,1000,2025-04-07,2025-04-21,COMPLETED,HIGH
WO-2025-001416,FG-AUTOSYS-099,FAC-US-01,100,100,2025-07-11,2025-07-24,COMPLETED,CRITICAL
WO-2025-001417,FG-AUTOSYS-038,FAC-EU-01,500,500,2025-12-16,2025-12-22,COMPLETED,STANDARD
WO-2025-001418,FG-AUTOSYS-089,FAC-APAC-01,100,100,2025-12-27,2026-01-05,COMPLETED,CRITICAL
WO-2025-001419,FG-AUTOSYS-092,FAC-US-01,1000,1000,2025-11-29,2025-12-08,COMPLETED,HIGH
WO-2025-001420,FG-AUTOSYS-033,FAC-MX-01,1000,1000,2025-11-27,2025-12-05,COMPLETED,CRITICAL
WO-2025-001421,FG-AUTOSYS-018,FAC-MX-01,50,50,2025-07-20,2025-07-28,COMPLETED,STANDARD
WO-2025-001422,FG-AUTOSYS-005,FAC-EU-01,250,250,2025-09-06,2025-09-10,COMPLETED,CRITICAL
WO-2025-001423,FG-AUTOSYS-055,FAC-APAC-01,1000,0,2026-04-28,2026-05-01,PLANNED,HIGH
WO-2025-001424,FG-AUTOSYS-055,FAC-EU-01,1000,1000,2026-02-14,2026-02-26,COMPLETED,STANDARD
WO-2025-001425,FG-AUTOSYS-006,FAC-US-01,100,100,2026-02-23,2026-03-05,COMPLETED,CRITICAL
WO-2025-001426,FG-AUTOSYS-020,FAC-US-01,250,250,2025-08-17,2025-08-29,COMPLETED,STANDARD
WO-2025-001427,FG-AUTOSYS-083,FAC-MX-01,50,50,2025-12-13,2025-12-19,COMPLETED,STANDARD
WO-2025-001428,FG-AUTOSYS-068,FAC-MX-01,1000,1000,2026-01-25,2026-02-04,COMPLETED,HIGH
WO-2025-001429,FG-AUTOSYS-061,FAC-EU-01,100,100,2025-12-01,2025-12-14,COMPLETED,STANDARD
WO-2025-001430,FG-AUTOSYS-016,FAC-EU-01,100,100,2025-07-31,2025-08-14,COMPLETED,HIGH
WO-2025-001431,FG-AUTOSYS-055,FAC-MX-01,1000,1000,2025-03-02,2025-03-16,COMPLETED,STANDARD
WO-2025-001432,FG-AUTOSYS-056,FAC-APAC-01,50,50,2025-10-19,2025-10-25,COMPLETED,CRITICAL
WO-2025-001433,FG-AUTOSYS-030,FAC-US-01,500,500,2025-08-24,2025-09-01,COMPLETED,HIGH
WO-2025-001434,FG-AUTOSYS-045,FAC-EU-01,1000,1000,2026-01-21,2026-01-30,COMPLETED,HIGH
WO-2025-001435,FG-AUTOSYS-047,FAC-EU-01,250,250,2025-05-29,2025-06-02,COMPLETED,STANDARD
WO-2025-001436,FG-AUTOSYS-034,FAC-EU-01,250,250,2026-01-26,2026-02-03,COMPLETED,HIGH
WO-2025-001437,FG-AUTOSYS-051,FAC-MX-01,50,50,2025-09-20,2025-09-26,COMPLETED,CRITICAL
WO-2025-001438,FG-AUTOSYS-005,FAC-APAC-01,50,50,2025-08-17,2025-08-30,COMPLETED,HIGH
WO-2025-001439,FG-AUTOSYS-005,FAC-MX-01,250,250,2025-10-17,2025-10-20,COMPLETED,CRITICAL
WO-2025-001440,FG-AUTOSYS-040,FAC-EU-01,100,100,2025-09-28,2025-10-12,COMPLETED,CRITICAL
WO-2025-001441,FG-AUTOSYS-062,FAC-EU-01,50,19,2026-04-04,2026-04-18,IN_PROGRESS,CRITICAL
WO-2025-001442,FG-AUTOSYS-031,FAC-APAC-01,100,100,2025-09-21,2025-10-03,COMPLETED,CRITICAL
WO-2025-001443,FG-AUTOSYS-069,FAC-MX-01,1000,1000,2026-03-29,2026-04-03,COMPLETED,HIGH
WO-2025-001444,FG-AUTOSYS-025,FAC-EU-01,1000,1000,2025-11-13,2025-11-22,COMPLETED,HIGH
WO-2025-001445,FG-AUTOSYS-085,FAC-US-01,1000,1000,2026-02-23,2026-03-07,COMPLETED,HIGH
WO-2025-001446,FG-AUTOSYS-096,FAC-EU-01,250,250,2025-03-12,2025-03-15,COMPLETED,STANDARD
WO-2025-001447,FG-AUTOSYS-044,FAC-US-01,1000,1000,2025-06-20,2025-06-28,COMPLETED,HIGH
WO-2025-001448,FG-AUTOSYS-019,FAC-US-01,250,250,2025-11-30,2025-12-09,COMPLETED,STANDARD
WO-2025-001449,FG-AUTOSYS-100,FAC-US-01,50,50,2025-06-22,2025-07-05,COMPLETED,CRITICAL
WO-2025-001450,FG-AUTOSYS-023,FAC-US-01,250,250,2026-01-02,2026-01-10,COMPLETED,HIGH
WO-2025-001451,FG-AUTOSYS-007,FAC-EU-01,50,50,2025-06-30,2025-07-10,COMPLETED,HIGH
WO-2025-001452,FG-AUTOSYS-060,FAC-MX-01,50,50,2025-09-30,2025-10-07,COMPLETED,HIGH
WO-2025-001453,FG-AUTOSYS-064,FAC-APAC-01,250,250,2026-02-01,2026-02-13,COMPLETED,STANDARD
WO-2025-001454,FG-AUTOSYS-023,FAC-EU-01,250,250,2025-08-19,2025-08-31,COMPLETED,STANDARD
WO-2025-001455,FG-AUTOSYS-095,FAC-US-01,250,250,2025-11-01,2025-11-11,COMPLETED,CRITICAL
WO-2025-001456,FG-AUTOSYS-059,FAC-US-01,100,100,2025-11-05,2025-11-09,COMPLETED,CRITICAL
WO-2025-001457,FG-AUTOSYS-080,FAC-EU-01,250,250,2025-01-26,2025-01-31,COMPLETED,STANDARD
WO-2025-001458,FG-AUTOSYS-086,FAC-APAC-01,100,100,2025-05-17,2025-05-26,COMPLETED,HIGH
WO-2025-001459,FG-AUTOSYS-008,FAC-MX-01,1000,1000,2025-02-02,2025-02-14,COMPLETED,HIGH
WO-2025-001460,FG-AUTOSYS-085,FAC-US-01,50,50,2026-03-11,2026-03-17,COMPLETED,HIGH
WO-2025-001461,FG-AUTOSYS-024,FAC-US-01,50,50,2025-04-27,2025-04-30,COMPLETED,STANDARD
WO-2025-001462,FG-AUTOSYS-062,FAC-APAC-01,50,50,2025-06-06,2025-06-09,COMPLETED,STANDARD
WO-2025-001463,FG-AUTOSYS-079,FAC-EU-01,500,0,2026-05-22,2026-05-28,PLANNED,CRITICAL
WO-2025-001464,FG-AUTOSYS-003,FAC-MX-01,1000,1000,2025-07-26,2025-08-03,COMPLETED,CRITICAL
WO-2025-001465,FG-AUTOSYS-041,FAC-EU-01,250,0,2026-04-22,2026-05-01,PLANNED,CRITICAL
WO-2025-001466,FG-AUTOSYS-016,FAC-MX-01,100,100,2025-09-19,2025-09-30,COMPLETED,STANDARD
WO-2025-001467,FG-AUTOSYS-020,FAC-EU-01,100,100,2025-01-24,2025-01-27,COMPLETED,STANDARD
WO-2025-001468,FG-AUTOSYS-036,FAC-EU-01,50,50,2025-12-18,2025-12-22,COMPLETED,HIGH
WO-2025-001469,FG-AUTOSYS-095,FAC-US-01,50,50,2025-03-13,2025-03-25,COMPLETED,HIGH
WO-2025-001470,FG-AUTOSYS-080,FAC-US-01,250,0,2026-05-23,2026-05-30,PLANNED,HIGH
WO-2025-001471,FG-AUTOSYS-100,FAC-US-01,100,100,2026-03-08,2026-03-21,COMPLETED,STANDARD
WO-2025-001472,FG-AUTOSYS-047,FAC-MX-01,250,250,2025-08-13,2025-08-17,COMPLETED,STANDARD
WO-2025-001473,FG-AUTOSYS-060,FAC-MX-01,500,500,2026-01-18,2026-01-31,COMPLETED,STANDARD
WO-2025-001474,FG-AUTOSYS-065,FAC-US-01,500,500,2026-03-17,2026-03-29,COMPLETED,HIGH
WO-2025-001475,FG-AUTOSYS-065,FAC-APAC-01,1000,0,2026-04-20,2026-04-27,PLANNED,HIGH
WO-2025-001476,FG-AUTOSYS-076,FAC-MX-01,250,250,2025-08-05,2025-08-09,COMPLETED,HIGH
WO-2025-001477,FG-AUTOSYS-011,FAC-MX-01,50,50,2025-09-04,2025-09-17,COMPLETED,STANDARD
WO-2025-001478,FG-AUTOSYS-002,FAC-APAC-01,1000,1000,2025-06-09,2025-06-17,COMPLETED,HIGH
WO-2025-001479,FG-AUTOSYS-078,FAC-APAC-01,1000,1000,2026-03-20,2026-03-24,COMPLETED,HIGH
WO-2025-001480,FG-AUTOSYS-099,FAC-US-01,500,500,2025-10-15,2025-10-25,COMPLETED,STANDARD
WO-2025-001481,FG-AUTOSYS-090,FAC-EU-01,100,100,2026-01-03,2026-01-10,COMPLETED,HIGH
WO-2025-001482,FG-AUTOSYS-053,FAC-MX-01,50,50,2025-08-14,2025-08-20,COMPLETED,HIGH
WO-2025-001483,FG-AUTOSYS-040,FAC-EU-01,250,250,2025-05-15,2025-05-24,COMPLETED,HIGH
WO-2025-001484,FG-AUTOSYS-010,FAC-MX-01,500,500,2025-12-10,2025-12-21,COMPLETED,HIGH
WO-2025-001485,FG-AUTOSYS-016,FAC-EU-01,1000,1000,2026-02-16,2026-02-24,COMPLETED,STANDARD
WO-2025-001486,FG-AUTOSYS-098,FAC-APAC-01,250,250,2025-04-26,2025-04-30,COMPLETED,HIGH
WO-2025-001487,FG-AUTOSYS-022,FAC-US-01,1000,1000,2025-06-21,2025-06-26,COMPLETED,HIGH
WO-2025-001488,FG-AUTOSYS-082,FAC-EU-01,250,0,2026-05-04,2026-05-07,BLOCKED_SHORTAGE,STANDARD
WO-2025-001489,FG-AUTOSYS-045,FAC-APAC-01,1000,0,2026-05-14,2026-05-17,PLANNED,CRITICAL
WO-2025-001490,FG-AUTOSYS-057,FAC-APAC-01,100,100,2025-04-27,2025-05-04,COMPLETED,HIGH
WO-2025-001491,FG-AUTOSYS-071,FAC-APAC-01,500,500,2025-07-06,2025-07-09,COMPLETED,HIGH
WO-2025-001492,FG-AUTOSYS-013,FAC-EU-01,50,50,2025-02-09,2025-02-19,COMPLETED,STANDARD
WO-2025-001493,FG-AUTOSYS-064,FAC-EU-01,50,50,2025-11-03,2025-11-08,COMPLETED,HIGH
WO-2025-001494,FG-AUTOSYS-071,FAC-EU-01,50,50,2025-11-03,2025-11-11,COMPLETED,CRITICAL
WO-2025-001495,FG-AUTOSYS-035,FAC-MX-01,100,100,2025-05-19,2025-06-01,COMPLETED,HIGH
WO-2025-001496,FG-AUTOSYS-055,FAC-APAC-01,500,500,2025-05-07,2025-05-20,COMPLETED,HIGH
WO-2025-001497,FG-AUTOSYS-025,FAC-US-01,1000,1000,2026-01-28,2026-02-05,COMPLETED,CRITICAL
WO-2025-001498,FG-AUTOSYS-049,FAC-US-01,500,500,2025-11-02,2025-11-06,COMPLETED,STANDARD
WO-2025-001499,FG-AUTOSYS-090,FAC-APAC-01,1000,1000,2025-05-14,2025-05-24,COMPLETED,HIGH
WO-2025-001500,FG-AUTOSYS-062,FAC-EU-01,500,500,2026-04-08,2026-04-12,COMPLETED,CRITICAL
