po_id,po_number,supplier_id,factory_id,warehouse_id,order_date,promised_delivery_date,status,total_amount,currency,created_at
PO-2025-00001,PO-000001,SUP-0023,FAC-US-01,WH-US-RAW-01,2025-04-02,2025-04-12,CANCELLED,3533.14,USD,2025-04-02T00:00:00
PO-2025-00002,PO-000002,SUP-0083,FAC-MX-01,WH-MX-RAW-01,2025-12-16,2026-01-16,DELIVERED,14511.82,USD,2025-12-16T00:00:00
PO-2025-00003,PO-000003,SUP-0019,FAC-US-01,WH-US-RAW-01,2026-04-19,2026-05-04,PENDING,174074.24,USD,2026-04-19T00:00:00
PO-2025-00004,PO-000004,SUP-0094,FAC-MX-01,WH-MX-RAW-01,2025-12-07,2025-12-19,DELIVERED,30999.42,USD,2025-12-07T00:00:00
PO-2025-00005,PO-000005,SUP-0030,FAC-EU-01,WH-EU-RAW-01,2026-02-12,2026-03-15,DELIVERED,8596.35,USD,2026-02-12T00:00:00
PO-2025-00006,PO-000006,SUP-0084,FAC-EU-01,WH-EU-RAW-01,2026-03-12,2026-04-10,DELIVERED,62268.94,USD,2026-03-12T00:00:00
PO-2025-00007,PO-000007,SUP-0049,FAC-MX-01,WH-MX-RAW-01,2025-07-29,2025-08-16,DELIVERED,999643.5,USD,2025-07-29T00:00:00
PO-2025-00008,PO-000008,SUP-0069,FAC-APAC-01,WH-APAC-RAW-01,2025-07-22,2025-08-11,DELIVERED,436079.33,USD,2025-07-22T00:00:00
PO-2025-00009,PO-000009,SUP-0089,FAC-MX-01,WH-MX-RAW-01,2025-12-10,2025-12-31,DELIVERED,86602.84,USD,2025-12-10T00:00:00
PO-2025-00010,PO-000010,SUP-0083,FAC-US-01,WH-US-RAW-01,2025-10-09,2025-11-07,DELIVERED,85246.68,USD,2025-10-09T00:00:00
PO-2025-00011,PO-000011,SUP-0030,FAC-APAC-01,WH-APAC-RAW-01,2026-02-20,2026-03-29,DELIVERED,22926.26,USD,2026-02-20T00:00:00
PO-2025-00012,PO-000012,SUP-0046,FAC-EU-01,WH-EU-RAW-01,2026-03-20,2026-04-17,IN_TRANSIT,350740.21,USD,2026-03-20T00:00:00
PO-2025-00013,PO-000013,SUP-0072,FAC-MX-01,WH-MX-RAW-01,2025-09-19,2025-11-14,DELIVERED,3348.0,USD,2025-09-19T00:00:00
PO-2025-00014,PO-000014,SUP-0068,FAC-APAC-01,WH-APAC-RAW-01,2025-08-02,2025-08-25,DELIVERED,8185.25,USD,2025-08-02T00:00:00
PO-2025-00015,PO-000015,SUP-0024,FAC-MX-01,WH-MX-RAW-01,2026-01-29,2026-02-14,DELIVERED,341394.63,USD,2026-01-29T00:00:00
PO-2025-00016,PO-000016,SUP-0095,FAC-US-01,WH-US-RAW-01,2025-08-19,2025-08-31,DELIVERED,33237.64,USD,2025-08-19T00:00:00
PO-2025-00017,PO-000017,SUP-0078,FAC-EU-01,WH-EU-RAW-01,2026-02-14,2026-03-03,DELIVERED,7143.78,USD,2026-02-14T00:00:00
PO-2025-00018,PO-000018,SUP-0052,FAC-APAC-01,WH-APAC-RAW-01,2025-10-14,2025-11-08,DELIVERED,53494.35,USD,2025-10-14T00:00:00
PO-2025-00019,PO-000019,SUP-0093,FAC-EU-01,WH-EU-RAW-01,2025-12-26,2026-02-07,OVERDUE,24706.9,USD,2025-12-26T00:00:00
PO-2025-00020,PO-000020,SUP-0064,FAC-EU-01,WH-EU-RAW-01,2025-05-16,2025-06-05,DELIVERED,104924.54,USD,2025-05-16T00:00:00
PO-2025-00021,PO-000021,SUP-0113,FAC-MX-01,WH-MX-RAW-01,2025-12-14,2026-01-04,DELIVERED,93453.36,USD,2025-12-14T00:00:00
PO-2025-00022,PO-000022,SUP-0051,FAC-APAC-01,WH-APAC-RAW-01,2025-10-23,2025-11-19,DELIVERED,17661.3,USD,2025-10-23T00:00:00
PO-2025-00023,PO-000023,SUP-0059,FAC-EU-01,WH-EU-RAW-01,2025-12-03,2026-01-30,DELIVERED,1765354.8,USD,2025-12-03T00:00:00
PO-2025-00024,PO-000024,SUP-0005,FAC-EU-01,WH-EU-RAW-01,2025-06-30,2025-07-20,DELIVERED,100549.48,USD,2025-06-30T00:00:00
PO-2025-00025,PO-000025,SUP-0082,FAC-MX-01,WH-MX-RAW-01,2026-01-15,2026-03-24,DELIVERED,38419.41,USD,2026-01-15T00:00:00
PO-2025-00026,PO-000026,SUP-0114,FAC-MX-01,WH-MX-RAW-01,2026-03-02,2026-03-17,DELIVERED,4212.6,USD,2026-03-02T00:00:00
PO-2025-00027,PO-000027,SUP-0004,FAC-US-01,WH-US-RAW-01,2025-07-24,2025-08-23,DELIVERED,368927.54,USD,2025-07-24T00:00:00
PO-2025-00028,PO-000028,SUP-0039,FAC-MX-01,WH-MX-RAW-01,2025-05-16,2025-06-15,CANCELLED,445380.26,USD,2025-05-16T00:00:00
PO-2025-00029,PO-000029,SUP-0084,FAC-APAC-01,WH-APAC-RAW-01,2025-03-09,2025-04-06,DELIVERED,57160.52,USD,2025-03-09T00:00:00
PO-2025-00030,PO-000030,SUP-0107,FAC-APAC-01,WH-APAC-RAW-01,2025-12-19,2026-01-03,DELIVERED,160945.8,USD,2025-12-19T00:00:00
PO-2025-00031,PO-000031,SUP-0096,FAC-APAC-01,WH-APAC-RAW-01,2025-12-09,2025-12-27,DELIVERED,153323.57,USD,2025-12-09T00:00:00
PO-2025-00032,PO-000032,SUP-0093,FAC-EU-01,WH-EU-RAW-01,2025-11-21,2026-01-04,DELIVERED,18335.0,USD,2025-11-21T00:00:00
PO-2025-00033,PO-000033,SUP-0078,FAC-EU-01,WH-EU-RAW-01,2025-07-31,2025-08-23,DELIVERED,21080.49,USD,2025-07-31T00:00:00
PO-2025-00034,PO-000034,SUP-0011,FAC-US-01,WH-US-RAW-01,2025-10-02,2025-10-26,DELIVERED,7848.75,USD,2025-10-02T00:00:00
PO-2025-00035,PO-000035,SUP-0116,FAC-MX-01,WH-MX-RAW-01,2025-12-05,2025-12-17,OVERDUE,75335.73,USD,2025-12-05T00:00:00
PO-2025-00036,PO-000036,SUP-0100,FAC-US-01,WH-US-RAW-01,2025-11-06,2025-11-17,DELIVERED,51207.01,USD,2025-11-06T00:00:00
PO-2025-00037,PO-000037,SUP-0110,FAC-EU-01,WH-EU-RAW-01,2026-05-25,2026-06-13,PENDING,3487.68,USD,2026-05-25T00:00:00
PO-2025-00038,PO-000038,SUP-0036,FAC-US-01,WH-US-RAW-01,2025-06-12,2025-06-24,DELIVERED,28910.35,USD,2025-06-12T00:00:00
PO-2025-00039,PO-000039,SUP-0018,FAC-MX-01,WH-MX-RAW-01,2026-01-02,2026-01-25,DELIVERED,23191.08,USD,2026-01-02T00:00:00
PO-2025-00040,PO-000040,SUP-0109,FAC-APAC-01,WH-APAC-RAW-01,2025-10-07,2025-10-22,DELIVERED,23973.4,USD,2025-10-07T00:00:00
PO-2025-00041,PO-000041,SUP-0005,FAC-APAC-01,WH-APAC-RAW-01,2025-10-15,2025-11-06,CANCELLED,3793.79,USD,2025-10-15T00:00:00
PO-2025-00042,PO-000042,SUP-0020,FAC-EU-01,WH-EU-RAW-01,2026-01-09,2026-01-28,DELIVERED,4248.1,USD,2026-01-09T00:00:00
PO-2025-00043,PO-000043,SUP-0039,FAC-EU-01,WH-EU-RAW-01,2026-01-02,2026-02-01,DELIVERED,41061.89,USD,2026-01-02T00:00:00
PO-2025-00044,PO-000044,SUP-0018,FAC-US-01,WH-US-RAW-01,2026-05-30,2026-06-19,PENDING,145768.09,USD,2026-05-30T00:00:00
PO-2025-00045,PO-000045,SUP-0103,FAC-MX-01,WH-MX-RAW-01,2025-06-07,2025-07-20,DELIVERED,45721.54,USD,2025-06-07T00:00:00
PO-2025-00046,PO-000046,SUP-0013,FAC-EU-01,WH-EU-RAW-01,2025-05-22,2025-06-13,DELIVERED,62900.0,USD,2025-05-22T00:00:00
PO-2025-00047,PO-000047,SUP-0016,FAC-US-01,WH-US-RAW-01,2026-01-11,2026-02-02,DELIVERED,247.94,USD,2026-01-11T00:00:00
PO-2025-00048,PO-000048,SUP-0059,FAC-EU-01,WH-EU-RAW-01,2025-12-01,2026-02-04,CANCELLED,176455.28,USD,2025-12-01T00:00:00
PO-2025-00049,PO-000049,SUP-0081,FAC-US-01,WH-US-RAW-01,2025-08-19,2025-09-26,DELIVERED,36007.11,USD,2025-08-19T00:00:00
PO-2025-00050,PO-000050,SUP-0100,FAC-EU-01,WH-EU-RAW-01,2025-05-04,2025-05-19,DELIVERED,22170.72,USD,2025-05-04T00:00:00
PO-2025-00051,PO-000051,SUP-0068,FAC-EU-01,WH-EU-RAW-01,2025-05-09,2025-05-27,DELIVERED,800036.73,USD,2025-05-09T00:00:00
PO-2025-00052,PO-000052,SUP-0048,FAC-APAC-01,WH-APAC-RAW-01,2026-03-17,2026-04-19,IN_TRANSIT,6826.36,USD,2026-03-17T00:00:00
PO-2025-00053,PO-000053,SUP-0016,FAC-MX-01,WH-MX-RAW-01,2025-07-12,2025-08-03,DELIVERED,6307.84,USD,2025-07-12T00:00:00
PO-2025-00054,PO-000054,SUP-0112,FAC-EU-01,WH-EU-RAW-01,2025-09-07,2025-09-26,DELIVERED,66739.23,USD,2025-09-07T00:00:00
PO-2025-00055,PO-000055,SUP-0051,FAC-MX-01,WH-MX-RAW-01,2025-07-29,2025-08-23,DELIVERED,18786.25,USD,2025-07-29T00:00:00
PO-2025-00056,PO-000056,SUP-0001,FAC-APAC-01,WH-APAC-RAW-01,2025-09-19,2025-11-20,CANCELLED,29244.39,USD,2025-09-19T00:00:00
PO-2025-00057,PO-000057,SUP-0048,FAC-APAC-01,WH-APAC-RAW-01,2025-04-26,2025-05-25,DELIVERED,62543.2,USD,2025-04-26T00:00:00
PO-2025-00058,PO-000058,SUP-0090,FAC-EU-01,WH-EU-RAW-01,2025-11-13,2025-12-05,OVERDUE,16407.91,USD,2025-11-13T00:00:00
PO-2025-00059,PO-000059,SUP-0089,FAC-APAC-01,WH-APAC-RAW-01,2025-04-25,2025-05-10,DELIVERED,201101.87,USD,2025-04-25T00:00:00
PO-2025-00060,PO-000060,SUP-0016,FAC-US-01,WH-US-RAW-01,2026-02-05,2026-03-02,DELIVERED,610054.46,USD,2026-02-05T00:00:00
PO-2025-00061,PO-000061,SUP-0090,FAC-APAC-01,WH-APAC-RAW-01,2025-08-01,2025-08-26,DELIVERED,36605.96,USD,2025-08-01T00:00:00
PO-2025-00062,PO-000062,SUP-0032,FAC-MX-01,WH-MX-RAW-01,2025-11-19,2025-12-19,DELIVERED,353.4,USD,2025-11-19T00:00:00
PO-2025-00063,PO-000063,SUP-0096,FAC-US-01,WH-US-RAW-01,2026-03-10,2026-03-23,DELIVERED,4747.6,USD,2026-03-10T00:00:00
PO-2025-00064,PO-000064,SUP-0078,FAC-MX-01,WH-MX-RAW-01,2025-12-21,2026-01-08,DELIVERED,59058.98,USD,2025-12-21T00:00:00
PO-2025-00065,PO-000065,SUP-0096,FAC-EU-01,WH-EU-RAW-01,2025-11-17,2025-12-01,DELIVERED,2761.99,USD,2025-11-17T00:00:00
PO-2025-00066,PO-000066,SUP-0110,FAC-EU-01,WH-EU-RAW-01,2025-09-08,2025-09-23,CANCELLED,20054.1,USD,2025-09-08T00:00:00
PO-2025-00067,PO-000067,SUP-0094,FAC-EU-01,WH-EU-RAW-01,2025-09-11,2025-09-27,DELIVERED,7744.8,USD,2025-09-11T00:00:00
PO-2025-00068,PO-000068,SUP-0012,FAC-EU-01,WH-EU-RAW-01,2025-12-26,2026-01-11,DELIVERED,126360.77,USD,2025-12-26T00:00:00
PO-2025-00069,PO-000069,SUP-0021,FAC-APAC-01,WH-APAC-RAW-01,2026-06-05,2026-07-05,PENDING,2066.35,USD,2026-06-05T00:00:00
PO-2025-00070,PO-000070,SUP-0022,FAC-MX-01,WH-MX-RAW-01,2025-12-24,2026-01-09,DELIVERED,78625.11,USD,2025-12-24T00:00:00
PO-2025-00071,PO-000071,SUP-0018,FAC-EU-01,WH-EU-RAW-01,2025-11-25,2025-12-19,DELIVERED,13408.71,USD,2025-11-25T00:00:00
PO-2025-00072,PO-000072,SUP-0022,FAC-EU-01,WH-EU-RAW-01,2026-01-13,2026-01-25,DELIVERED,1149.32,USD,2026-01-13T00:00:00
PO-2025-00073,PO-000073,SUP-0004,FAC-MX-01,WH-MX-RAW-01,2025-10-27,2025-11-24,CANCELLED,4690.75,USD,2025-10-27T00:00:00
PO-2025-00074,PO-000074,SUP-0052,FAC-EU-01,WH-EU-RAW-01,2025-04-18,2025-05-13,DELIVERED,29167.88,USD,2025-04-18T00:00:00
PO-2025-00075,PO-000075,SUP-0087,FAC-MX-01,WH-MX-RAW-01,2025-11-26,2025-12-13,DELIVERED,562195.74,USD,2025-11-26T00:00:00
PO-2025-00076,PO-000076,SUP-0043,FAC-MX-01,WH-MX-RAW-01,2026-04-24,2026-05-20,PENDING,9441.0,USD,2026-04-24T00:00:00
PO-2025-00077,PO-000077,SUP-0019,FAC-EU-01,WH-EU-RAW-01,2025-07-03,2025-07-24,DELIVERED,132328.05,USD,2025-07-03T00:00:00
PO-2025-00078,PO-000078,SUP-0112,FAC-US-01,WH-US-RAW-01,2026-01-01,2026-01-19,DELIVERED,18568.55,USD,2026-01-01T00:00:00
PO-2025-00079,PO-000079,SUP-0025,FAC-MX-01,WH-MX-RAW-01,2025-07-16,2025-07-26,DELIVERED,281173.2,USD,2025-07-16T00:00:00
PO-2025-00080,PO-000080,SUP-0029,FAC-APAC-01,WH-APAC-RAW-01,2025-11-18,2025-12-19,DELIVERED,8381.43,USD,2025-11-18T00:00:00
PO-2025-00081,PO-000081,SUP-0075,FAC-US-01,WH-US-RAW-01,2025-05-17,2025-06-17,DELIVERED,53991.27,USD,2025-05-17T00:00:00
PO-2025-00082,PO-000082,SUP-0057,FAC-APAC-01,WH-APAC-RAW-01,2025-10-22,2025-11-08,DELIVERED,10061.41,USD,2025-10-22T00:00:00
PO-2025-00083,PO-000083,SUP-0023,FAC-MX-01,WH-MX-RAW-01,2026-01-21,2026-02-05,DELIVERED,56163.42,USD,2026-01-21T00:00:00
PO-2025-00084,PO-000084,SUP-0029,FAC-APAC-01,WH-APAC-RAW-01,2025-09-17,2025-10-20,DELIVERED,29744.24,USD,2025-09-17T00:00:00
PO-2025-00085,PO-000085,SUP-0024,FAC-EU-01,WH-EU-RAW-01,2025-12-25,2026-01-11,DELIVERED,143934.0,USD,2025-12-25T00:00:00
PO-2025-00086,PO-000086,SUP-0071,FAC-EU-01,WH-EU-RAW-01,2026-02-04,2026-03-13,CANCELLED,12339.2,USD,2026-02-04T00:00:00
PO-2025-00087,PO-000087,SUP-0037,FAC-MX-01,WH-MX-RAW-01,2026-04-03,2026-04-28,IN_TRANSIT,82548.62,USD,2026-04-03T00:00:00
PO-2025-00088,PO-000088,SUP-0021,FAC-APAC-01,WH-APAC-RAW-01,2025-08-01,2025-09-02,DELIVERED,95272.17,USD,2025-08-01T00:00:00
PO-2025-00089,PO-000089,SUP-0077,FAC-MX-01,WH-MX-RAW-01,2025-10-05,2025-11-01,DELIVERED,11006.68,USD,2025-10-05T00:00:00
PO-2025-00090,PO-000090,SUP-0029,FAC-EU-01,WH-EU-RAW-01,2025-06-21,2025-07-26,CANCELLED,4306.46,USD,2025-06-21T00:00:00
PO-2025-00091,PO-000091,SUP-0004,FAC-EU-01,WH-EU-RAW-01,2026-06-02,2026-07-01,PENDING,18484.02,USD,2026-06-02T00:00:00
PO-2025-00092,PO-000092,SUP-0013,FAC-MX-01,WH-MX-RAW-01,2026-04-03,2026-04-20,IN_TRANSIT,9465.04,USD,2026-04-03T00:00:00
PO-2025-00093,PO-000093,SUP-0020,FAC-MX-01,WH-MX-RAW-01,2025-11-19,2025-12-06,DELIVERED,16611.27,USD,2025-11-19T00:00:00
PO-2025-00094,PO-000094,SUP-0040,FAC-APAC-01,WH-APAC-RAW-01,2026-02-21,2026-03-14,OVERDUE,394.32,USD,2026-02-21T00:00:00
PO-2025-00095,PO-000095,SUP-0089,FAC-EU-01,WH-EU-RAW-01,2025-11-14,2025-11-29,DELIVERED,273.6,USD,2025-11-14T00:00:00
PO-2025-00096,PO-000096,SUP-0048,FAC-EU-01,WH-EU-RAW-01,2025-12-13,2026-01-10,DELIVERED,3361.5,USD,2025-12-13T00:00:00
PO-2025-00097,PO-000097,SUP-0009,FAC-MX-01,WH-MX-RAW-01,2025-05-12,2025-07-04,DELIVERED,20170.85,USD,2025-05-12T00:00:00
PO-2025-00098,PO-000098,SUP-0093,FAC-APAC-01,WH-APAC-RAW-01,2026-01-21,2026-03-08,DELIVERED,59245.24,USD,2026-01-21T00:00:00
PO-2025-00099,PO-000099,SUP-0067,FAC-US-01,WH-US-RAW-01,2025-06-07,2025-06-28,DELIVERED,135518.81,USD,2025-06-07T00:00:00
PO-2025-00100,PO-000100,SUP-0061,FAC-EU-01,WH-EU-RAW-01,2026-02-15,2026-03-03,DELIVERED,12341.06,USD,2026-02-15T00:00:00
PO-2025-00101,PO-000101,SUP-0076,FAC-APAC-01,WH-APAC-RAW-01,2026-01-30,2026-03-08,DELIVERED,33281.25,USD,2026-01-30T00:00:00
PO-2025-00102,PO-000102,SUP-0069,FAC-MX-01,WH-MX-RAW-01,2026-01-06,2026-01-30,DELIVERED,23082.84,USD,2026-01-06T00:00:00
PO-2025-00103,PO-000103,SUP-0030,FAC-US-01,WH-US-RAW-01,2025-03-25,2025-04-26,DELIVERED,27825.36,USD,2025-03-25T00:00:00
PO-2025-00104,PO-000104,SUP-0021,FAC-MX-01,WH-MX-RAW-01,2025-08-30,2025-09-28,DELIVERED,48294.45,USD,2025-08-30T00:00:00
PO-2025-00105,PO-000105,SUP-0112,FAC-APAC-01,WH-APAC-RAW-01,2025-08-14,2025-09-02,DELIVERED,354926.45,USD,2025-08-14T00:00:00
PO-2025-00106,PO-000106,SUP-0096,FAC-EU-01,WH-EU-RAW-01,2025-09-21,2025-10-04,DELIVERED,44376.5,USD,2025-09-21T00:00:00
PO-2025-00107,PO-000107,SUP-0043,FAC-US-01,WH-US-RAW-01,2025-05-11,2025-06-03,DELIVERED,799.81,USD,2025-05-11T00:00:00
PO-2025-00108,PO-000108,SUP-0043,FAC-US-01,WH-US-RAW-01,2026-04-10,2026-05-09,IN_TRANSIT,21263.57,USD,2026-04-10T00:00:00
PO-2025-00109,PO-000109,SUP-0021,FAC-US-01,WH-US-RAW-01,2025-11-23,2025-12-21,DELIVERED,22875.84,USD,2025-11-23T00:00:00
PO-2025-00110,PO-000110,SUP-0077,FAC-US-01,WH-US-RAW-01,2025-08-31,2025-09-23,DELIVERED,758.45,USD,2025-08-31T00:00:00
PO-2025-00111,PO-000111,SUP-0083,FAC-APAC-01,WH-APAC-RAW-01,2025-10-04,2025-11-04,DELIVERED,108210.21,USD,2025-10-04T00:00:00
PO-2025-00112,PO-000112,SUP-0093,FAC-MX-01,WH-MX-RAW-01,2025-10-21,2025-12-04,DELIVERED,82964.14,USD,2025-10-21T00:00:00
PO-2025-00113,PO-000113,SUP-0092,FAC-US-01,WH-US-RAW-01,2025-12-07,2025-12-30,DELIVERED,11087.65,USD,2025-12-07T00:00:00
PO-2025-00114,PO-000114,SUP-0102,FAC-MX-01,WH-MX-RAW-01,2025-11-12,2025-12-06,DELIVERED,230589.22,USD,2025-11-12T00:00:00
PO-2025-00115,PO-000115,SUP-0068,FAC-US-01,WH-US-RAW-01,2026-03-30,2026-04-22,IN_TRANSIT,7192.0,USD,2026-03-30T00:00:00
PO-2025-00116,PO-000116,SUP-0048,FAC-US-01,WH-US-RAW-01,2025-11-06,2025-12-05,DELIVERED,118307.7,USD,2025-11-06T00:00:00
PO-2025-00117,PO-000117,SUP-0096,FAC-APAC-01,WH-APAC-RAW-01,2026-06-01,2026-06-14,PENDING,13571.0,USD,2026-06-01T00:00:00
PO-2025-00118,PO-000118,SUP-0013,FAC-APAC-01,WH-APAC-RAW-01,2026-02-25,2026-03-19,DELIVERED,109032.56,USD,2026-02-25T00:00:00
PO-2025-00119,PO-000119,SUP-0084,FAC-EU-01,WH-EU-RAW-01,2025-07-20,2025-08-12,DELIVERED,10905.84,USD,2025-07-20T00:00:00
PO-2025-00120,PO-000120,SUP-0116,FAC-MX-01,WH-MX-RAW-01,2026-04-06,2026-04-16,IN_TRANSIT,940.76,USD,2026-04-06T00:00:00
PO-2025-00121,PO-000121,SUP-0107,FAC-EU-01,WH-EU-RAW-01,2025-05-30,2025-06-13,DELIVERED,37731.9,USD,2025-05-30T00:00:00
PO-2025-00122,PO-000122,SUP-0062,FAC-APAC-01,WH-APAC-RAW-01,2026-02-12,2026-03-21,DELIVERED,9347.91,USD,2026-02-12T00:00:00
PO-2025-00123,PO-000123,SUP-0018,FAC-US-01,WH-US-RAW-01,2025-09-29,2025-10-19,DELIVERED,140179.72,USD,2025-09-29T00:00:00
PO-2025-00124,PO-000124,SUP-0056,FAC-MX-01,WH-MX-RAW-01,2026-03-09,2026-03-30,DELIVERED,5043.36,USD,2026-03-09T00:00:00
PO-2025-00125,PO-000125,SUP-0079,FAC-EU-01,WH-EU-RAW-01,2026-03-04,2026-04-02,DELIVERED,25827.2,USD,2026-03-04T00:00:00
PO-2025-00126,PO-000126,SUP-0041,FAC-MX-01,WH-MX-RAW-01,2026-02-07,2026-02-24,DELIVERED,3630.55,USD,2026-02-07T00:00:00
PO-2025-00127,PO-000127,SUP-0030,FAC-EU-01,WH-EU-RAW-01,2026-02-02,2026-03-08,DELIVERED,170628.57,USD,2026-02-02T00:00:00
PO-2025-00128,PO-000128,SUP-0019,FAC-EU-01,WH-EU-RAW-01,2025-08-31,2025-09-17,DELIVERED,552.24,USD,2025-08-31T00:00:00
PO-2025-00129,PO-000129,SUP-0096,FAC-MX-01,WH-MX-RAW-01,2025-05-05,2025-05-22,DELIVERED,19402.46,USD,2025-05-05T00:00:00
PO-2025-00130,PO-000130,SUP-0112,FAC-US-01,WH-US-RAW-01,2025-10-06,2025-10-22,DELIVERED,50807.9,USD,2025-10-06T00:00:00
PO-2025-00131,PO-000131,SUP-0005,FAC-MX-01,WH-MX-RAW-01,2025-07-03,2025-07-29,OVERDUE,1644.72,USD,2025-07-03T00:00:00
PO-2025-00132,PO-000132,SUP-0019,FAC-US-01,WH-US-RAW-01,2026-01-02,2026-01-23,DELIVERED,317.75,USD,2026-01-02T00:00:00
PO-2025-00133,PO-000133,SUP-0097,FAC-APAC-01,WH-APAC-RAW-01,2025-09-16,2025-10-19,DELIVERED,171584.53,USD,2025-09-16T00:00:00
PO-2025-00134,PO-000134,SUP-0114,FAC-US-01,WH-US-RAW-01,2026-05-10,2026-05-28,PENDING,37330.14,USD,2026-05-10T00:00:00
PO-2025-00135,PO-000135,SUP-0064,FAC-APAC-01,WH-APAC-RAW-01,2025-12-18,2026-01-10,DELIVERED,35757.8,USD,2025-12-18T00:00:00
PO-2025-00136,PO-000136,SUP-0088,FAC-APAC-01,WH-APAC-RAW-01,2026-02-14,2026-03-05,DELIVERED,575903.67,USD,2026-02-14T00:00:00
PO-2025-00137,PO-000137,SUP-0118,FAC-APAC-01,WH-APAC-RAW-01,2025-06-09,2025-07-09,CANCELLED,59966.91,USD,2025-06-09T00:00:00
PO-2025-00138,PO-000138,SUP-0065,FAC-APAC-01,WH-APAC-RAW-01,2026-03-02,2026-04-01,DELIVERED,12141.72,USD,2026-03-02T00:00:00
PO-2025-00139,PO-000139,SUP-0066,FAC-EU-01,WH-EU-RAW-01,2026-04-01,2026-04-23,IN_TRANSIT,22274.76,USD,2026-04-01T00:00:00
PO-2025-00140,PO-000140,SUP-0027,FAC-US-01,WH-US-RAW-01,2025-11-03,2025-11-30,DELIVERED,77909.79,USD,2025-11-03T00:00:00
PO-2025-00141,PO-000141,SUP-0097,FAC-EU-01,WH-EU-RAW-01,2025-12-09,2026-01-14,DELIVERED,4101.3,USD,2025-12-09T00:00:00
PO-2025-00142,PO-000142,SUP-0096,FAC-MX-01,WH-MX-RAW-01,2026-01-24,2026-02-09,DELIVERED,342792.64,USD,2026-01-24T00:00:00
PO-2025-00143,PO-000143,SUP-0094,FAC-EU-01,WH-EU-RAW-01,2025-07-03,2025-07-13,DELIVERED,778.41,USD,2025-07-03T00:00:00
PO-2025-00144,PO-000144,SUP-0065,FAC-APAC-01,WH-APAC-RAW-01,2025-11-08,2025-12-11,DELIVERED,20934.82,USD,2025-11-08T00:00:00
PO-2025-00145,PO-000145,SUP-0041,FAC-US-01,WH-US-RAW-01,2025-10-05,2025-10-29,DELIVERED,25636.68,USD,2025-10-05T00:00:00
PO-2025-00146,PO-000146,SUP-0003,FAC-MX-01,WH-MX-RAW-01,2025-06-18,2025-07-06,DELIVERED,3188.6,USD,2025-06-18T00:00:00
PO-2025-00147,PO-000147,SUP-0051,FAC-US-01,WH-US-RAW-01,2025-09-24,2025-10-20,DELIVERED,23752.92,USD,2025-09-24T00:00:00
PO-2025-00148,PO-000148,SUP-0095,FAC-US-01,WH-US-RAW-01,2025-04-25,2025-05-09,DELIVERED,10343.88,USD,2025-04-25T00:00:00
PO-2025-00149,PO-000149,SUP-0111,FAC-APAC-01,WH-APAC-RAW-01,2025-03-12,2025-04-15,DELIVERED,47568.97,USD,2025-03-12T00:00:00
PO-2025-00150,PO-000150,SUP-0089,FAC-MX-01,WH-MX-RAW-01,2025-06-11,2025-06-30,DELIVERED,23623.6,USD,2025-06-11T00:00:00
PO-2025-00151,PO-000151,SUP-0107,FAC-APAC-01,WH-APAC-RAW-01,2026-04-29,2026-05-12,PENDING,106642.94,USD,2026-04-29T00:00:00
PO-2025-00152,PO-000152,SUP-0090,FAC-MX-01,WH-MX-RAW-01,2025-11-22,2025-12-20,DELIVERED,19159.55,USD,2025-11-22T00:00:00
PO-2025-00153,PO-000153,SUP-0009,FAC-EU-01,WH-EU-RAW-01,2026-05-01,2026-06-22,PENDING,271535.32,USD,2026-05-01T00:00:00
PO-2025-00154,PO-000154,SUP-0103,FAC-MX-01,WH-MX-RAW-01,2025-10-16,2025-12-01,DELIVERED,18357.28,USD,2025-10-16T00:00:00
PO-2025-00155,PO-000155,SUP-0040,FAC-APAC-01,WH-APAC-RAW-01,2025-09-03,2025-09-26,DELIVERED,316.41,USD,2025-09-03T00:00:00
PO-2025-00156,PO-000156,SUP-0052,FAC-US-01,WH-US-RAW-01,2025-11-09,2025-12-08,DELIVERED,5416.53,USD,2025-11-09T00:00:00
PO-2025-00157,PO-000157,SUP-0115,FAC-MX-01,WH-MX-RAW-01,2025-10-19,2025-11-13,OVERDUE,70586.05,USD,2025-10-19T00:00:00
PO-2025-00158,PO-000158,SUP-0099,FAC-US-01,WH-US-RAW-01,2025-05-23,2025-06-01,DELIVERED,110967.36,USD,2025-05-23T00:00:00
PO-2025-00159,PO-000159,SUP-0066,FAC-EU-01,WH-EU-RAW-01,2025-12-18,2026-01-09,OVERDUE,2159.82,USD,2025-12-18T00:00:00
PO-2025-00160,PO-000160,SUP-0050,FAC-EU-01,WH-EU-RAW-01,2025-07-24,2025-08-24,DELIVERED,37851.96,USD,2025-07-24T00:00:00
PO-2025-00161,PO-000161,SUP-0073,FAC-EU-01,WH-EU-RAW-01,2025-12-12,2026-01-10,CANCELLED,548265.8,USD,2025-12-12T00:00:00
PO-2025-00162,PO-000162,SUP-0083,FAC-MX-01,WH-MX-RAW-01,2025-12-21,2026-01-20,DELIVERED,33575.25,USD,2025-12-21T00:00:00
PO-2025-00163,PO-000163,SUP-0107,FAC-EU-01,WH-EU-RAW-01,2025-06-21,2025-07-09,DELIVERED,21883.68,USD,2025-06-21T00:00:00
PO-2025-00164,PO-000164,SUP-0096,FAC-US-01,WH-US-RAW-01,2025-04-19,2025-05-03,DELIVERED,8755.68,USD,2025-04-19T00:00:00
PO-2025-00165,PO-000165,SUP-0036,FAC-APAC-01,WH-APAC-RAW-01,2026-01-30,2026-02-08,DELIVERED,6381.2,USD,2026-01-30T00:00:00
PO-2025-00166,PO-000166,SUP-0082,FAC-MX-01,WH-MX-RAW-01,2025-10-25,2025-12-30,DELIVERED,98105.12,USD,2025-10-25T00:00:00
PO-2025-00167,PO-000167,SUP-0055,FAC-MX-01,WH-MX-RAW-01,2025-04-16,2025-05-07,OVERDUE,13234.71,USD,2025-04-16T00:00:00
PO-2025-00168,PO-000168,SUP-0011,FAC-APAC-01,WH-APAC-RAW-01,2026-06-06,2026-06-28,PENDING,84736.96,USD,2026-06-06T00:00:00
PO-2025-00169,PO-000169,SUP-0041,FAC-EU-01,WH-EU-RAW-01,2025-04-16,2025-05-05,DELIVERED,7301.88,USD,2025-04-16T00:00:00
PO-2025-00170,PO-000170,SUP-0095,FAC-APAC-01,WH-APAC-RAW-01,2026-01-02,2026-01-16,CANCELLED,100377.7,USD,2026-01-02T00:00:00
PO-2025-00171,PO-000171,SUP-0059,FAC-MX-01,WH-MX-RAW-01,2026-05-19,2026-07-16,PENDING,155651.51,USD,2026-05-19T00:00:00
PO-2025-00172,PO-000172,SUP-0067,FAC-MX-01,WH-MX-RAW-01,2025-08-03,2025-08-22,DELIVERED,4823.76,USD,2025-08-03T00:00:00
PO-2025-00173,PO-000173,SUP-0068,FAC-MX-01,WH-MX-RAW-01,2025-06-15,2025-07-05,DELIVERED,8649.25,USD,2025-06-15T00:00:00
PO-2025-00174,PO-000174,SUP-0119,FAC-EU-01,WH-EU-RAW-01,2025-06-03,2025-07-07,DELIVERED,37308.44,USD,2025-06-03T00:00:00
PO-2025-00175,PO-000175,SUP-0027,FAC-EU-01,WH-EU-RAW-01,2025-08-30,2025-09-21,DELIVERED,18744.35,USD,2025-08-30T00:00:00
PO-2025-00176,PO-000176,SUP-0091,FAC-US-01,WH-US-RAW-01,2025-05-20,2025-06-04,DELIVERED,18168.18,USD,2025-05-20T00:00:00
PO-2025-00177,PO-000177,SUP-0119,FAC-US-01,WH-US-RAW-01,2026-01-02,2026-02-06,DELIVERED,3097.6,USD,2026-01-02T00:00:00
PO-2025-00178,PO-000178,SUP-0065,FAC-US-01,WH-US-RAW-01,2025-04-20,2025-05-27,DELIVERED,49249.19,USD,2025-04-20T00:00:00
PO-2025-00179,PO-000179,SUP-0019,FAC-EU-01,WH-EU-RAW-01,2025-11-10,2025-11-30,DELIVERED,127061.23,USD,2025-11-10T00:00:00
PO-2025-00180,PO-000180,SUP-0064,FAC-APAC-01,WH-APAC-RAW-01,2026-06-11,2026-06-30,PENDING,18007.6,USD,2026-06-11T00:00:00
PO-2025-00181,PO-000181,SUP-0022,FAC-MX-01,WH-MX-RAW-01,2026-02-10,2026-02-28,OVERDUE,5038.12,USD,2026-02-10T00:00:00
PO-2025-00182,PO-000182,SUP-0025,FAC-MX-01,WH-MX-RAW-01,2025-12-11,2025-12-20,DELIVERED,25436.68,USD,2025-12-11T00:00:00
PO-2025-00183,PO-000183,SUP-0103,FAC-US-01,WH-US-RAW-01,2025-09-01,2025-10-14,DELIVERED,1997.64,USD,2025-09-01T00:00:00
PO-2025-00184,PO-000184,SUP-0114,FAC-APAC-01,WH-APAC-RAW-01,2025-12-14,2025-12-30,DELIVERED,4843.3,USD,2025-12-14T00:00:00
PO-2025-00185,PO-000185,SUP-0011,FAC-EU-01,WH-EU-RAW-01,2025-11-15,2025-12-12,DELIVERED,29101.23,USD,2025-11-15T00:00:00
PO-2025-00186,PO-000186,SUP-0065,FAC-APAC-01,WH-APAC-RAW-01,2025-10-14,2025-11-13,OVERDUE,3386.76,USD,2025-10-14T00:00:00
PO-2025-00187,PO-000187,SUP-0078,FAC-EU-01,WH-EU-RAW-01,2025-06-08,2025-06-25,DELIVERED,5224.45,USD,2025-06-08T00:00:00
PO-2025-00188,PO-000188,SUP-0016,FAC-MX-01,WH-MX-RAW-01,2026-03-13,2026-04-05,DELIVERED,405684.95,USD,2026-03-13T00:00:00
PO-2025-00189,PO-000189,SUP-0112,FAC-MX-01,WH-MX-RAW-01,2025-10-22,2025-11-10,OVERDUE,87648.64,USD,2025-10-22T00:00:00
PO-2025-00190,PO-000190,SUP-0057,FAC-US-01,WH-US-RAW-01,2025-07-13,2025-08-03,OVERDUE,31929.87,USD,2025-07-13T00:00:00
PO-2025-00191,PO-000191,SUP-0116,FAC-EU-01,WH-EU-RAW-01,2025-09-24,2025-10-01,OVERDUE,64499.91,USD,2025-09-24T00:00:00
PO-2025-00192,PO-000192,SUP-0117,FAC-US-01,WH-US-RAW-01,2025-10-10,2025-11-07,DELIVERED,67846.93,USD,2025-10-10T00:00:00
PO-2025-00193,PO-000193,SUP-0108,FAC-EU-01,WH-EU-RAW-01,2026-02-16,2026-03-12,DELIVERED,38802.9,USD,2026-02-16T00:00:00
PO-2025-00194,PO-000194,SUP-0070,FAC-MX-01,WH-MX-RAW-01,2026-01-14,2026-03-12,DELIVERED,53374.97,USD,2026-01-14T00:00:00
PO-2025-00195,PO-000195,SUP-0021,FAC-US-01,WH-US-RAW-01,2026-01-26,2026-02-23,OVERDUE,2889.9,USD,2026-01-26T00:00:00
PO-2025-00196,PO-000196,SUP-0076,FAC-APAC-01,WH-APAC-RAW-01,2025-02-16,2025-03-21,CANCELLED,42776.36,USD,2025-02-16T00:00:00
PO-2025-00197,PO-000197,SUP-0051,FAC-EU-01,WH-EU-RAW-01,2025-10-11,2025-11-08,DELIVERED,2337.3,USD,2025-10-11T00:00:00
PO-2025-00198,PO-000198,SUP-0102,FAC-US-01,WH-US-RAW-01,2025-11-01,2025-11-25,OVERDUE,23693.47,USD,2025-11-01T00:00:00
PO-2025-00199,PO-000199,SUP-0118,FAC-US-01,WH-US-RAW-01,2025-03-02,2025-03-29,DELIVERED,290206.09,USD,2025-03-02T00:00:00
PO-2025-00200,PO-000200,SUP-0117,FAC-EU-01,WH-EU-RAW-01,2025-08-12,2025-09-10,DELIVERED,303869.16,USD,2025-08-12T00:00:00
PO-2025-00201,PO-000201,SUP-0050,FAC-EU-01,WH-EU-RAW-01,2026-01-23,2026-02-20,OVERDUE,17047.91,USD,2026-01-23T00:00:00
PO-2025-00202,PO-000202,SUP-0054,FAC-US-01,WH-US-RAW-01,2025-06-12,2025-07-13,DELIVERED,36486.79,USD,2025-06-12T00:00:00
PO-2025-00203,PO-000203,SUP-0068,FAC-MX-01,WH-MX-RAW-01,2025-11-18,2025-12-13,DELIVERED,14973.66,USD,2025-11-18T00:00:00
PO-2025-00204,PO-000204,SUP-0098,FAC-MX-01,WH-MX-RAW-01,2025-07-23,2025-08-15,OVERDUE,63041.03,USD,2025-07-23T00:00:00
PO-2025-00205,PO-000205,SUP-0107,FAC-EU-01,WH-EU-RAW-01,2025-02-18,2025-03-03,DELIVERED,100112.85,USD,2025-02-18T00:00:00
PO-2025-00206,PO-000206,SUP-0078,FAC-APAC-01,WH-APAC-RAW-01,2025-08-04,2025-08-23,DELIVERED,197041.58,USD,2025-08-04T00:00:00
PO-2025-00207,PO-000207,SUP-0112,FAC-US-01,WH-US-RAW-01,2026-05-10,2026-05-27,PENDING,806.2,USD,2026-05-10T00:00:00
PO-2025-00208,PO-000208,SUP-0089,FAC-APAC-01,WH-APAC-RAW-01,2026-02-06,2026-02-26,DELIVERED,32721.24,USD,2026-02-06T00:00:00
PO-2025-00209,PO-000209,SUP-0119,FAC-EU-01,WH-EU-RAW-01,2026-04-26,2026-05-30,PENDING,31105.03,USD,2026-04-26T00:00:00
PO-2025-00210,PO-000210,SUP-0103,FAC-APAC-01,WH-APAC-RAW-01,2025-11-03,2025-12-18,DELIVERED,21067.89,USD,2025-11-03T00:00:00
PO-2025-00211,PO-000211,SUP-0114,FAC-EU-01,WH-EU-RAW-01,2025-05-26,2025-06-10,DELIVERED,4113.72,USD,2025-05-26T00:00:00
PO-2025-00212,PO-000212,SUP-0030,FAC-MX-01,WH-MX-RAW-01,2025-11-22,2025-12-27,DELIVERED,14975.07,USD,2025-11-22T00:00:00
PO-2025-00213,PO-000213,SUP-0012,FAC-US-01,WH-US-RAW-01,2025-10-24,2025-11-06,DELIVERED,67431.9,USD,2025-10-24T00:00:00
PO-2025-00214,PO-000214,SUP-0076,FAC-US-01,WH-US-RAW-01,2026-02-22,2026-04-03,DELIVERED,71734.07,USD,2026-02-22T00:00:00
PO-2025-00215,PO-000215,SUP-0097,FAC-EU-01,WH-EU-RAW-01,2025-05-18,2025-06-18,OVERDUE,54413.1,USD,2025-05-18T00:00:00
PO-2025-00216,PO-000216,SUP-0105,FAC-US-01,WH-US-RAW-01,2025-11-04,2025-11-27,DELIVERED,61472.64,USD,2025-11-04T00:00:00
PO-2025-00217,PO-000217,SUP-0056,FAC-MX-01,WH-MX-RAW-01,2025-06-20,2025-07-12,DELIVERED,13701.76,USD,2025-06-20T00:00:00
PO-2025-00218,PO-000218,SUP-0088,FAC-EU-01,WH-EU-RAW-01,2025-09-08,2025-10-04,CANCELLED,100186.92,USD,2025-09-08T00:00:00
PO-2025-00219,PO-000219,SUP-0024,FAC-US-01,WH-US-RAW-01,2026-01-15,2026-02-03,DELIVERED,303109.71,USD,2026-01-15T00:00:00
PO-2025-00220,PO-000220,SUP-0079,FAC-US-01,WH-US-RAW-01,2025-10-31,2025-11-29,DELIVERED,45082.3,USD,2025-10-31T00:00:00
PO-2025-00221,PO-000221,SUP-0065,FAC-MX-01,WH-MX-RAW-01,2025-09-27,2025-10-27,DELIVERED,235754.58,USD,2025-09-27T00:00:00
PO-2025-00222,PO-000222,SUP-0089,FAC-EU-01,WH-EU-RAW-01,2025-10-03,2025-10-22,DELIVERED,8819.3,USD,2025-10-03T00:00:00
PO-2025-00223,PO-000223,SUP-0095,FAC-MX-01,WH-MX-RAW-01,2025-10-25,2025-11-12,DELIVERED,7042.02,USD,2025-10-25T00:00:00
PO-2025-00224,PO-000224,SUP-0082,FAC-EU-01,WH-EU-RAW-01,2026-01-31,2026-04-06,DELIVERED,10208.64,USD,2026-01-31T00:00:00
PO-2025-00225,PO-000225,SUP-0053,FAC-APAC-01,WH-APAC-RAW-01,2026-03-16,2026-04-23,IN_TRANSIT,86609.39,USD,2026-03-16T00:00:00
PO-2025-00226,PO-000226,SUP-0096,FAC-MX-01,WH-MX-RAW-01,2026-04-22,2026-05-07,PENDING,146938.84,USD,2026-04-22T00:00:00
PO-2025-00227,PO-000227,SUP-0090,FAC-EU-01,WH-EU-RAW-01,2026-02-01,2026-02-27,DELIVERED,8348.74,USD,2026-02-01T00:00:00
PO-2025-00228,PO-000228,SUP-0095,FAC-EU-01,WH-EU-RAW-01,2025-09-04,2025-09-20,DELIVERED,116935.66,USD,2025-09-04T00:00:00
PO-2025-00229,PO-000229,SUP-0043,FAC-US-01,WH-US-RAW-01,2025-12-31,2026-01-28,DELIVERED,17649.4,USD,2025-12-31T00:00:00
PO-2025-00230,PO-000230,SUP-0066,FAC-APAC-01,WH-APAC-RAW-01,2025-10-18,2025-11-11,CANCELLED,10570.89,USD,2025-10-18T00:00:00
PO-2025-00231,PO-000231,SUP-0010,FAC-APAC-01,WH-APAC-RAW-01,2025-08-10,2025-08-28,DELIVERED,5607.15,USD,2025-08-10T00:00:00
PO-2025-00232,PO-000232,SUP-0094,FAC-US-01,WH-US-RAW-01,2026-02-21,2026-03-03,OVERDUE,213658.48,USD,2026-02-21T00:00:00
PO-2025-00233,PO-000233,SUP-0089,FAC-EU-01,WH-EU-RAW-01,2025-03-28,2025-04-15,DELIVERED,117568.72,USD,2025-03-28T00:00:00
PO-2025-00234,PO-000234,SUP-0039,FAC-APAC-01,WH-APAC-RAW-01,2026-03-20,2026-04-15,DELIVERED,17398.77,USD,2026-03-20T00:00:00
PO-2025-00235,PO-000235,SUP-0090,FAC-EU-01,WH-EU-RAW-01,2025-10-26,2025-11-17,DELIVERED,427.31,USD,2025-10-26T00:00:00
PO-2025-00236,PO-000236,SUP-0111,FAC-MX-01,WH-MX-RAW-01,2025-12-17,2026-01-23,DELIVERED,12266.77,USD,2025-12-17T00:00:00
PO-2025-00237,PO-000237,SUP-0097,FAC-US-01,WH-US-RAW-01,2025-12-23,2026-01-27,CANCELLED,103443.32,USD,2025-12-23T00:00:00
PO-2025-00238,PO-000238,SUP-0092,FAC-US-01,WH-US-RAW-01,2026-03-17,2026-04-10,DELIVERED,14047.02,USD,2026-03-17T00:00:00
PO-2025-00239,PO-000239,SUP-0078,FAC-EU-01,WH-EU-RAW-01,2025-12-17,2026-01-06,DELIVERED,79654.12,USD,2025-12-17T00:00:00
PO-2025-00240,PO-000240,SUP-0065,FAC-MX-01,WH-MX-RAW-01,2025-12-11,2026-01-12,OVERDUE,8535.49,USD,2025-12-11T00:00:00
PO-2025-00241,PO-000241,SUP-0019,FAC-MX-01,WH-MX-RAW-01,2025-04-24,2025-05-16,DELIVERED,196512.0,USD,2025-04-24T00:00:00
PO-2025-00242,PO-000242,SUP-0033,FAC-MX-01,WH-MX-RAW-01,2025-11-13,2025-12-01,DELIVERED,197550.99,USD,2025-11-13T00:00:00
PO-2025-00243,PO-000243,SUP-0094,FAC-APAC-01,WH-APAC-RAW-01,2025-06-20,2025-07-01,DELIVERED,18792.15,USD,2025-06-20T00:00:00
PO-2025-00244,PO-000244,SUP-0068,FAC-US-01,WH-US-RAW-01,2026-01-15,2026-02-08,CANCELLED,14910.48,USD,2026-01-15T00:00:00
PO-2025-00245,PO-000245,SUP-0057,FAC-US-01,WH-US-RAW-01,2025-11-11,2025-11-26,DELIVERED,28448.0,USD,2025-11-11T00:00:00
PO-2025-00246,PO-000246,SUP-0082,FAC-US-01,WH-US-RAW-01,2025-12-29,2026-03-04,DELIVERED,154496.56,USD,2025-12-29T00:00:00
PO-2025-00247,PO-000247,SUP-0065,FAC-APAC-01,WH-APAC-RAW-01,2025-03-31,2025-05-05,DELIVERED,5125.56,USD,2025-03-31T00:00:00
PO-2025-00248,PO-000248,SUP-0098,FAC-EU-01,WH-EU-RAW-01,2025-05-08,2025-05-30,DELIVERED,7705.38,USD,2025-05-08T00:00:00
PO-2025-00249,PO-000249,SUP-0092,FAC-MX-01,WH-MX-RAW-01,2026-01-09,2026-02-02,DELIVERED,124718.56,USD,2026-01-09T00:00:00
PO-2025-00250,PO-000250,SUP-0097,FAC-US-01,WH-US-RAW-01,2025-04-28,2025-05-31,DELIVERED,188190.63,USD,2025-04-28T00:00:00
PO-2025-00251,PO-000251,SUP-0068,FAC-APAC-01,WH-APAC-RAW-01,2025-04-28,2025-05-20,DELIVERED,61104.28,USD,2025-04-28T00:00:00
PO-2025-00252,PO-000252,SUP-0005,FAC-EU-01,WH-EU-RAW-01,2025-02-18,2025-03-11,OVERDUE,160483.94,USD,2025-02-18T00:00:00
PO-2025-00253,PO-000253,SUP-0099,FAC-US-01,WH-US-RAW-01,2026-04-23,2026-05-05,PENDING,2708.1,USD,2026-04-23T00:00:00
PO-2025-00254,PO-000254,SUP-0039,FAC-MX-01,WH-MX-RAW-01,2026-01-15,2026-02-14,DELIVERED,2293.92,USD,2026-01-15T00:00:00
PO-2025-00255,PO-000255,SUP-0066,FAC-US-01,WH-US-RAW-01,2025-09-19,2025-10-14,DELIVERED,10954.8,USD,2025-09-19T00:00:00
PO-2025-00256,PO-000256,SUP-0117,FAC-APAC-01,WH-APAC-RAW-01,2025-08-28,2025-09-26,DELIVERED,17890.8,USD,2025-08-28T00:00:00
PO-2025-00257,PO-000257,SUP-0106,FAC-EU-01,WH-EU-RAW-01,2025-09-17,2025-10-25,DELIVERED,26141.28,USD,2025-09-17T00:00:00
PO-2025-00258,PO-000258,SUP-0033,FAC-MX-01,WH-MX-RAW-01,2026-01-27,2026-02-15,OVERDUE,12028.35,USD,2026-01-27T00:00:00
PO-2025-00259,PO-000259,SUP-0073,FAC-MX-01,WH-MX-RAW-01,2025-12-24,2026-01-20,DELIVERED,329066.08,USD,2025-12-24T00:00:00
PO-2025-00260,PO-000260,SUP-0102,FAC-EU-01,WH-EU-RAW-01,2025-07-09,2025-08-07,DELIVERED,218342.96,USD,2025-07-09T00:00:00
PO-2025-00261,PO-000261,SUP-0063,FAC-APAC-01,WH-APAC-RAW-01,2025-07-03,2025-08-05,DELIVERED,256462.47,USD,2025-07-03T00:00:00
PO-2025-00262,PO-000262,SUP-0077,FAC-US-01,WH-US-RAW-01,2025-05-18,2025-06-13,DELIVERED,40401.16,USD,2025-05-18T00:00:00
PO-2025-00263,PO-000263,SUP-0086,FAC-EU-01,WH-EU-RAW-01,2025-12-24,2026-01-04,OVERDUE,678.32,USD,2025-12-24T00:00:00
PO-2025-00264,PO-000264,SUP-0090,FAC-EU-01,WH-EU-RAW-01,2026-01-24,2026-02-19,DELIVERED,20366.76,USD,2026-01-24T00:00:00
PO-2025-00265,PO-000265,SUP-0027,FAC-MX-01,WH-MX-RAW-01,2025-08-15,2025-09-13,DELIVERED,74340.06,USD,2025-08-15T00:00:00
PO-2025-00266,PO-000266,SUP-0049,FAC-MX-01,WH-MX-RAW-01,2025-03-05,2025-03-20,DELIVERED,316535.37,USD,2025-03-05T00:00:00
PO-2025-00267,PO-000267,SUP-0083,FAC-MX-01,WH-MX-RAW-01,2025-05-06,2025-06-02,DELIVERED,4162.95,USD,2025-05-06T00:00:00
PO-2025-00268,PO-000268,SUP-0048,FAC-APAC-01,WH-APAC-RAW-01,2026-05-03,2026-06-03,PENDING,112872.84,USD,2026-05-03T00:00:00
PO-2025-00269,PO-000269,SUP-0108,FAC-EU-01,WH-EU-RAW-01,2025-08-27,2025-09-21,DELIVERED,93713.17,USD,2025-08-27T00:00:00
PO-2025-00270,PO-000270,SUP-0047,FAC-US-01,WH-US-RAW-01,2026-01-26,2026-02-07,DELIVERED,6046.95,USD,2026-01-26T00:00:00
PO-2025-00271,PO-000271,SUP-0077,FAC-EU-01,WH-EU-RAW-01,2025-12-14,2026-01-05,DELIVERED,10495.92,USD,2025-12-14T00:00:00
PO-2025-00272,PO-000272,SUP-0027,FAC-MX-01,WH-MX-RAW-01,2025-09-29,2025-10-28,DELIVERED,75381.58,USD,2025-09-29T00:00:00
PO-2025-00273,PO-000273,SUP-0049,FAC-APAC-01,WH-APAC-RAW-01,2025-07-19,2025-08-04,DELIVERED,1019619.0,USD,2025-07-19T00:00:00
PO-2025-00274,PO-000274,SUP-0086,FAC-EU-01,WH-EU-RAW-01,2025-06-03,2025-06-11,DELIVERED,66916.92,USD,2025-06-03T00:00:00
PO-2025-00275,PO-000275,SUP-0029,FAC-APAC-01,WH-APAC-RAW-01,2025-12-11,2026-01-10,DELIVERED,42553.28,USD,2025-12-11T00:00:00
PO-2025-00276,PO-000276,SUP-0096,FAC-US-01,WH-US-RAW-01,2026-01-27,2026-02-09,DELIVERED,18894.77,USD,2026-01-27T00:00:00
PO-2025-00277,PO-000277,SUP-0078,FAC-APAC-01,WH-APAC-RAW-01,2025-12-19,2026-01-08,DELIVERED,72618.5,USD,2025-12-19T00:00:00
PO-2025-00278,PO-000278,SUP-0077,FAC-US-01,WH-US-RAW-01,2025-11-16,2025-12-12,CANCELLED,26479.44,USD,2025-11-16T00:00:00
PO-2025-00279,PO-000279,SUP-0032,FAC-US-01,WH-US-RAW-01,2025-03-31,2025-04-30,DELIVERED,45689.6,USD,2025-03-31T00:00:00
PO-2025-00280,PO-000280,SUP-0057,FAC-US-01,WH-US-RAW-01,2026-05-03,2026-05-21,PENDING,4332.89,USD,2026-05-03T00:00:00
PO-2025-00281,PO-000281,SUP-0043,FAC-MX-01,WH-MX-RAW-01,2026-02-05,2026-03-06,DELIVERED,18757.35,USD,2026-02-05T00:00:00
PO-2025-00282,PO-000282,SUP-0034,FAC-US-01,WH-US-RAW-01,2025-08-26,2025-09-21,DELIVERED,33687.72,USD,2025-08-26T00:00:00
PO-2025-00283,PO-000283,SUP-0068,FAC-US-01,WH-US-RAW-01,2026-05-15,2026-06-02,PENDING,5885.57,USD,2026-05-15T00:00:00
PO-2025-00284,PO-000284,SUP-0112,FAC-MX-01,WH-MX-RAW-01,2025-12-07,2025-12-22,DELIVERED,51498.42,USD,2025-12-07T00:00:00
PO-2025-00285,PO-000285,SUP-0071,FAC-MX-01,WH-MX-RAW-01,2025-12-02,2026-01-07,DELIVERED,161106.4,USD,2025-12-02T00:00:00
PO-2025-00286,PO-000286,SUP-0004,FAC-APAC-01,WH-APAC-RAW-01,2026-01-19,2026-02-15,DELIVERED,30393.6,USD,2026-01-19T00:00:00
PO-2025-00287,PO-000287,SUP-0048,FAC-MX-01,WH-MX-RAW-01,2026-02-10,2026-03-12,OVERDUE,65873.11,USD,2026-02-10T00:00:00
PO-2025-00288,PO-000288,SUP-0048,FAC-EU-01,WH-EU-RAW-01,2025-12-23,2026-01-20,DELIVERED,329007.72,USD,2025-12-23T00:00:00
PO-2025-00289,PO-000289,SUP-0039,FAC-MX-01,WH-MX-RAW-01,2025-06-07,2025-07-03,DELIVERED,3829.22,USD,2025-06-07T00:00:00
PO-2025-00290,PO-000290,SUP-0019,FAC-APAC-01,WH-APAC-RAW-01,2025-09-13,2025-09-30,DELIVERED,1505661.47,USD,2025-09-13T00:00:00
PO-2025-00291,PO-000291,SUP-0116,FAC-US-01,WH-US-RAW-01,2026-04-04,2026-04-12,DELIVERED,1329.6,USD,2026-04-04T00:00:00
PO-2025-00292,PO-000292,SUP-0038,FAC-APAC-01,WH-APAC-RAW-01,2025-07-28,2025-08-23,DELIVERED,213437.56,USD,2025-07-28T00:00:00
PO-2025-00293,PO-000293,SUP-0060,FAC-US-01,WH-US-RAW-01,2025-09-26,2025-10-23,CANCELLED,82833.1,USD,2025-09-26T00:00:00
PO-2025-00294,PO-000294,SUP-0055,FAC-APAC-01,WH-APAC-RAW-01,2025-10-16,2025-10-31,DELIVERED,123705.24,USD,2025-10-16T00:00:00
PO-2025-00295,PO-000295,SUP-0089,FAC-MX-01,WH-MX-RAW-01,2025-10-19,2025-11-05,DELIVERED,88451.48,USD,2025-10-19T00:00:00
PO-2025-00296,PO-000296,SUP-0114,FAC-US-01,WH-US-RAW-01,2025-12-11,2025-12-29,DELIVERED,25183.89,USD,2025-12-11T00:00:00
PO-2025-00297,PO-000297,SUP-0018,FAC-MX-01,WH-MX-RAW-01,2026-04-14,2026-05-11,PENDING,6652.26,USD,2026-04-14T00:00:00
PO-2025-00298,PO-000298,SUP-0055,FAC-US-01,WH-US-RAW-01,2025-08-04,2025-08-24,DELIVERED,17756.74,USD,2025-08-04T00:00:00
PO-2025-00299,PO-000299,SUP-0100,FAC-EU-01,WH-EU-RAW-01,2025-06-03,2025-06-15,DELIVERED,50391.87,USD,2025-06-03T00:00:00
PO-2025-00300,PO-000300,SUP-0012,FAC-MX-01,WH-MX-RAW-01,2025-07-15,2025-08-02,DELIVERED,8843.58,USD,2025-07-15T00:00:00
PO-2025-00301,PO-000301,SUP-0021,FAC-US-01,WH-US-RAW-01,2026-03-13,2026-04-08,DELIVERED,37026.47,USD,2026-03-13T00:00:00
PO-2025-00302,PO-000302,SUP-0052,FAC-US-01,WH-US-RAW-01,2025-12-20,2026-01-20,DELIVERED,25011.0,USD,2025-12-20T00:00:00
PO-2025-00303,PO-000303,SUP-0068,FAC-US-01,WH-US-RAW-01,2025-08-23,2025-09-15,DELIVERED,54144.3,USD,2025-08-23T00:00:00
PO-2025-00304,PO-000304,SUP-0089,FAC-APAC-01,WH-APAC-RAW-01,2026-02-11,2026-02-25,DELIVERED,410.64,USD,2026-02-11T00:00:00
PO-2025-00305,PO-000305,SUP-0096,FAC-US-01,WH-US-RAW-01,2026-03-01,2026-03-17,DELIVERED,20696.34,USD,2026-03-01T00:00:00
PO-2025-00306,PO-000306,SUP-0101,FAC-APAC-01,WH-APAC-RAW-01,2026-02-23,2026-03-22,DELIVERED,7020.0,USD,2026-02-23T00:00:00
PO-2025-00307,PO-000307,SUP-0092,FAC-EU-01,WH-EU-RAW-01,2026-03-30,2026-04-16,IN_TRANSIT,1630.3,USD,2026-03-30T00:00:00
PO-2025-00308,PO-000308,SUP-0095,FAC-APAC-01,WH-APAC-RAW-01,2025-08-09,2025-08-27,DELIVERED,1305.0,USD,2025-08-09T00:00:00
PO-2025-00309,PO-000309,SUP-0051,FAC-EU-01,WH-EU-RAW-01,2026-01-21,2026-02-12,DELIVERED,78584.28,USD,2026-01-21T00:00:00
PO-2025-00310,PO-000310,SUP-0099,FAC-MX-01,WH-MX-RAW-01,2025-10-26,2025-11-06,DELIVERED,50797.92,USD,2025-10-26T00:00:00
PO-2025-00311,PO-000311,SUP-0059,FAC-US-01,WH-US-RAW-01,2026-02-21,2026-04-25,IN_TRANSIT,13909.84,USD,2026-02-21T00:00:00
PO-2025-00312,PO-000312,SUP-0111,FAC-US-01,WH-US-RAW-01,2026-01-12,2026-02-11,DELIVERED,41599.6,USD,2026-01-12T00:00:00
PO-2025-00313,PO-000313,SUP-0023,FAC-APAC-01,WH-APAC-RAW-01,2026-01-28,2026-02-11,DELIVERED,577.08,USD,2026-01-28T00:00:00
PO-2025-00314,PO-000314,SUP-0112,FAC-US-01,WH-US-RAW-01,2025-12-22,2026-01-10,DELIVERED,24143.28,USD,2025-12-22T00:00:00
PO-2025-00315,PO-000315,SUP-0066,FAC-EU-01,WH-EU-RAW-01,2025-07-05,2025-07-24,DELIVERED,89037.03,USD,2025-07-05T00:00:00
PO-2025-00316,PO-000316,SUP-0016,FAC-EU-01,WH-EU-RAW-01,2025-11-21,2025-12-13,DELIVERED,4136.96,USD,2025-11-21T00:00:00
PO-2025-00317,PO-000317,SUP-0102,FAC-US-01,WH-US-RAW-01,2026-05-21,2026-06-16,PENDING,110356.61,USD,2026-05-21T00:00:00
PO-2025-00318,PO-000318,SUP-0019,FAC-MX-01,WH-MX-RAW-01,2026-04-10,2026-04-28,IN_TRANSIT,102997.7,USD,2026-04-10T00:00:00
PO-2025-00319,PO-000319,SUP-0084,FAC-MX-01,WH-MX-RAW-01,2025-04-02,2025-04-28,DELIVERED,18973.26,USD,2025-04-02T00:00:00
PO-2025-00320,PO-000320,SUP-0083,FAC-MX-01,WH-MX-RAW-01,2025-06-28,2025-07-29,DELIVERED,122556.23,USD,2025-06-28T00:00:00
PO-2025-00321,PO-000321,SUP-0108,FAC-US-01,WH-US-RAW-01,2025-06-09,2025-07-04,DELIVERED,48668.8,USD,2025-06-09T00:00:00
PO-2025-00322,PO-000322,SUP-0107,FAC-EU-01,WH-EU-RAW-01,2026-01-12,2026-01-30,DELIVERED,55570.23,USD,2026-01-12T00:00:00
PO-2025-00323,PO-000323,SUP-0110,FAC-US-01,WH-US-RAW-01,2026-02-12,2026-03-02,DELIVERED,1061.06,USD,2026-02-12T00:00:00
PO-2025-00324,PO-000324,SUP-0089,FAC-APAC-01,WH-APAC-RAW-01,2025-07-23,2025-08-07,DELIVERED,203317.61,USD,2025-07-23T00:00:00
PO-2025-00325,PO-000325,SUP-0043,FAC-MX-01,WH-MX-RAW-01,2025-11-09,2025-12-03,OVERDUE,13656.1,USD,2025-11-09T00:00:00
PO-2025-00326,PO-000326,SUP-0089,FAC-APAC-01,WH-APAC-RAW-01,2026-02-21,2026-03-07,DELIVERED,97718.54,USD,2026-02-21T00:00:00
PO-2025-00327,PO-000327,SUP-0114,FAC-US-01,WH-US-RAW-01,2026-01-14,2026-02-05,CANCELLED,63967.72,USD,2026-01-14T00:00:00
PO-2025-00328,PO-000328,SUP-0088,FAC-MX-01,WH-MX-RAW-01,2025-11-20,2025-12-09,DELIVERED,307.8,USD,2025-11-20T00:00:00
PO-2025-00329,PO-000329,SUP-0082,FAC-US-01,WH-US-RAW-01,2025-12-04,2026-02-10,DELIVERED,67298.52,USD,2025-12-04T00:00:00
PO-2025-00330,PO-000330,SUP-0025,FAC-EU-01,WH-EU-RAW-01,2025-11-10,2025-11-22,DELIVERED,71124.76,USD,2025-11-10T00:00:00
PO-2025-00331,PO-000331,SUP-0114,FAC-EU-01,WH-EU-RAW-01,2025-08-28,2025-09-19,DELIVERED,37100.94,USD,2025-08-28T00:00:00
PO-2025-00332,PO-000332,SUP-0043,FAC-EU-01,WH-EU-RAW-01,2025-11-27,2025-12-26,DELIVERED,23516.1,USD,2025-11-27T00:00:00
PO-2025-00333,PO-000333,SUP-0101,FAC-US-01,WH-US-RAW-01,2026-01-01,2026-01-28,DELIVERED,170.88,USD,2026-01-01T00:00:00
PO-2025-00334,PO-000334,SUP-0013,FAC-US-01,WH-US-RAW-01,2026-03-07,2026-03-29,DELIVERED,13109.28,USD,2026-03-07T00:00:00
PO-2025-00335,PO-000335,SUP-0062,FAC-EU-01,WH-EU-RAW-01,2025-12-17,2026-01-19,DELIVERED,56655.0,USD,2025-12-17T00:00:00
PO-2025-00336,PO-000336,SUP-0094,FAC-MX-01,WH-MX-RAW-01,2026-01-23,2026-02-06,DELIVERED,63141.24,USD,2026-01-23T00:00:00
PO-2025-00337,PO-000337,SUP-0047,FAC-APAC-01,WH-APAC-RAW-01,2025-06-25,2025-07-12,DELIVERED,173808.39,USD,2025-06-25T00:00:00
PO-2025-00338,PO-000338,SUP-0103,FAC-US-01,WH-US-RAW-01,2025-10-26,2025-12-11,DELIVERED,6419.48,USD,2025-10-26T00:00:00
PO-2025-00339,PO-000339,SUP-0019,FAC-EU-01,WH-EU-RAW-01,2025-02-12,2025-03-04,DELIVERED,2396.04,USD,2025-02-12T00:00:00
PO-2025-00340,PO-000340,SUP-0037,FAC-EU-01,WH-EU-RAW-01,2025-08-07,2025-09-02,DELIVERED,389.0,USD,2025-08-07T00:00:00
PO-2025-00341,PO-000341,SUP-0002,FAC-EU-01,WH-EU-RAW-01,2026-01-12,2026-02-03,DELIVERED,3049.5,USD,2026-01-12T00:00:00
PO-2025-00342,PO-000342,SUP-0083,FAC-MX-01,WH-MX-RAW-01,2026-05-31,2026-06-29,PENDING,55750.55,USD,2026-05-31T00:00:00
PO-2025-00343,PO-000343,SUP-0089,FAC-US-01,WH-US-RAW-01,2025-05-19,2025-06-03,DELIVERED,4939.26,USD,2025-05-19T00:00:00
PO-2025-00344,PO-000344,SUP-0107,FAC-APAC-01,WH-APAC-RAW-01,2025-10-06,2025-10-20,CANCELLED,98220.18,USD,2025-10-06T00:00:00
PO-2025-00345,PO-000345,SUP-0093,FAC-APAC-01,WH-APAC-RAW-01,2026-02-05,2026-03-20,CANCELLED,4314.0,USD,2026-02-05T00:00:00
PO-2025-00346,PO-000346,SUP-0019,FAC-US-01,WH-US-RAW-01,2025-07-18,2025-08-08,DELIVERED,4953.3,USD,2025-07-18T00:00:00
PO-2025-00347,PO-000347,SUP-0107,FAC-EU-01,WH-EU-RAW-01,2025-11-24,2025-12-10,DELIVERED,89466.93,USD,2025-11-24T00:00:00
PO-2025-00348,PO-000348,SUP-0095,FAC-EU-01,WH-EU-RAW-01,2026-01-14,2026-01-29,DELIVERED,44049.6,USD,2026-01-14T00:00:00
PO-2025-00349,PO-000349,SUP-0072,FAC-US-01,WH-US-RAW-01,2025-12-11,2026-02-01,DELIVERED,16162.52,USD,2025-12-11T00:00:00
PO-2025-00350,PO-000350,SUP-0023,FAC-US-01,WH-US-RAW-01,2025-07-10,2025-07-25,DELIVERED,9673.78,USD,2025-07-10T00:00:00
PO-2025-00351,PO-000351,SUP-0006,FAC-US-01,WH-US-RAW-01,2025-09-19,2025-10-02,DELIVERED,181931.2,USD,2025-09-19T00:00:00
PO-2025-00352,PO-000352,SUP-0004,FAC-MX-01,WH-MX-RAW-01,2026-01-31,2026-03-01,DELIVERED,137137.59,USD,2026-01-31T00:00:00
PO-2025-00353,PO-000353,SUP-0117,FAC-MX-01,WH-MX-RAW-01,2025-11-24,2025-12-23,DELIVERED,19250.36,USD,2025-11-24T00:00:00
PO-2025-00354,PO-000354,SUP-0021,FAC-EU-01,WH-EU-RAW-01,2025-02-01,2025-02-27,DELIVERED,76971.22,USD,2025-02-01T00:00:00
PO-2025-00355,PO-000355,SUP-0055,FAC-US-01,WH-US-RAW-01,2026-01-23,2026-02-12,DELIVERED,3978.24,USD,2026-01-23T00:00:00
PO-2025-00356,PO-000356,SUP-0104,FAC-EU-01,WH-EU-RAW-01,2025-03-24,2025-04-28,DELIVERED,6019.2,USD,2025-03-24T00:00:00
PO-2025-00357,PO-000357,SUP-0069,FAC-US-01,WH-US-RAW-01,2026-01-18,2026-02-09,DELIVERED,17581.18,USD,2026-01-18T00:00:00
PO-2025-00358,PO-000358,SUP-0001,FAC-APAC-01,WH-APAC-RAW-01,2025-07-17,2025-09-13,DELIVERED,430080.42,USD,2025-07-17T00:00:00
PO-2025-00359,PO-000359,SUP-0058,FAC-MX-01,WH-MX-RAW-01,2026-04-24,2026-05-24,PENDING,24084.0,USD,2026-04-24T00:00:00
PO-2025-00360,PO-000360,SUP-0117,FAC-APAC-01,WH-APAC-RAW-01,2025-09-24,2025-10-21,DELIVERED,20291.56,USD,2025-09-24T00:00:00
PO-2025-00361,PO-000361,SUP-0062,FAC-MX-01,WH-MX-RAW-01,2025-09-09,2025-10-15,DELIVERED,8358.0,USD,2025-09-09T00:00:00
PO-2025-00362,PO-000362,SUP-0055,FAC-APAC-01,WH-APAC-RAW-01,2025-06-19,2025-07-07,DELIVERED,11120.55,USD,2025-06-19T00:00:00
PO-2025-00363,PO-000363,SUP-0016,FAC-EU-01,WH-EU-RAW-01,2025-08-31,2025-09-24,DELIVERED,23464.72,USD,2025-08-31T00:00:00
PO-2025-00364,PO-000364,SUP-0114,FAC-EU-01,WH-EU-RAW-01,2026-03-08,2026-03-25,DELIVERED,31660.86,USD,2026-03-08T00:00:00
PO-2025-00365,PO-000365,SUP-0021,FAC-MX-01,WH-MX-RAW-01,2026-06-10,2026-07-11,PENDING,32248.81,USD,2026-06-10T00:00:00
PO-2025-00366,PO-000366,SUP-0098,FAC-EU-01,WH-EU-RAW-01,2025-09-24,2025-10-17,DELIVERED,4318.62,USD,2025-09-24T00:00:00
PO-2025-00367,PO-000367,SUP-0090,FAC-MX-01,WH-MX-RAW-01,2025-10-22,2025-11-19,DELIVERED,1175.2,USD,2025-10-22T00:00:00
PO-2025-00368,PO-000368,SUP-0033,FAC-US-01,WH-US-RAW-01,2026-01-11,2026-01-30,DELIVERED,51079.38,USD,2026-01-11T00:00:00
PO-2025-00369,PO-000369,SUP-0018,FAC-US-01,WH-US-RAW-01,2026-03-13,2026-04-07,OVERDUE,200006.16,USD,2026-03-13T00:00:00
PO-2025-00370,PO-000370,SUP-0025,FAC-US-01,WH-US-RAW-01,2025-12-05,2025-12-11,DELIVERED,645665.26,USD,2025-12-05T00:00:00
PO-2025-00371,PO-000371,SUP-0107,FAC-EU-01,WH-EU-RAW-01,2025-10-02,2025-10-17,OVERDUE,1836.24,USD,2025-10-02T00:00:00
PO-2025-00372,PO-000372,SUP-0069,FAC-MX-01,WH-MX-RAW-01,2025-10-10,2025-10-28,OVERDUE,2999.1,USD,2025-10-10T00:00:00
PO-2025-00373,PO-000373,SUP-0019,FAC-APAC-01,WH-APAC-RAW-01,2026-01-03,2026-01-20,DELIVERED,6014.19,USD,2026-01-03T00:00:00
PO-2025-00374,PO-000374,SUP-0006,FAC-EU-01,WH-EU-RAW-01,2025-01-25,2025-02-04,DELIVERED,31173.31,USD,2025-01-25T00:00:00
PO-2025-00375,PO-000375,SUP-0112,FAC-APAC-01,WH-APAC-RAW-01,2025-12-12,2025-12-27,DELIVERED,55142.56,USD,2025-12-12T00:00:00
PO-2025-00376,PO-000376,SUP-0062,FAC-APAC-01,WH-APAC-RAW-01,2025-09-19,2025-10-22,DELIVERED,1431.08,USD,2025-09-19T00:00:00
PO-2025-00377,PO-000377,SUP-0041,FAC-EU-01,WH-EU-RAW-01,2026-02-03,2026-02-21,DELIVERED,9623.88,USD,2026-02-03T00:00:00
PO-2025-00378,PO-000378,SUP-0096,FAC-APAC-01,WH-APAC-RAW-01,2025-05-14,2025-05-27,DELIVERED,8421.39,USD,2025-05-14T00:00:00
PO-2025-00379,PO-000379,SUP-0019,FAC-EU-01,WH-EU-RAW-01,2025-12-03,2025-12-19,DELIVERED,41645.6,USD,2025-12-03T00:00:00
PO-2025-00380,PO-000380,SUP-0095,FAC-US-01,WH-US-RAW-01,2025-11-01,2025-11-19,DELIVERED,89620.18,USD,2025-11-01T00:00:00
PO-2025-00381,PO-000381,SUP-0028,FAC-MX-01,WH-MX-RAW-01,2025-12-19,2026-01-13,DELIVERED,21952.64,USD,2025-12-19T00:00:00
PO-2025-00382,PO-000382,SUP-0120,FAC-US-01,WH-US-RAW-01,2025-04-22,2025-05-15,DELIVERED,119034.08,USD,2025-04-22T00:00:00
PO-2025-00383,PO-000383,SUP-0105,FAC-US-01,WH-US-RAW-01,2025-12-01,2025-12-21,DELIVERED,18574.24,USD,2025-12-01T00:00:00
PO-2025-00384,PO-000384,SUP-0004,FAC-EU-01,WH-EU-RAW-01,2025-11-26,2025-12-26,DELIVERED,74878.29,USD,2025-11-26T00:00:00
PO-2025-00385,PO-000385,SUP-0005,FAC-US-01,WH-US-RAW-01,2025-11-26,2025-12-15,DELIVERED,164287.02,USD,2025-11-26T00:00:00
PO-2025-00386,PO-000386,SUP-0042,FAC-APAC-01,WH-APAC-RAW-01,2025-12-08,2025-12-31,DELIVERED,12238.0,USD,2025-12-08T00:00:00
PO-2025-00387,PO-000387,SUP-0001,FAC-APAC-01,WH-APAC-RAW-01,2025-12-28,2026-02-27,DELIVERED,4482.75,USD,2025-12-28T00:00:00
PO-2025-00388,PO-000388,SUP-0096,FAC-APAC-01,WH-APAC-RAW-01,2026-02-07,2026-02-21,DELIVERED,26004.35,USD,2026-02-07T00:00:00
PO-2025-00389,PO-000389,SUP-0104,FAC-EU-01,WH-EU-RAW-01,2025-08-17,2025-09-16,DELIVERED,4278.0,USD,2025-08-17T00:00:00
PO-2025-00390,PO-000390,SUP-0103,FAC-MX-01,WH-MX-RAW-01,2026-02-15,2026-04-04,CANCELLED,52346.52,USD,2026-02-15T00:00:00
PO-2025-00391,PO-000391,SUP-0066,FAC-APAC-01,WH-APAC-RAW-01,2025-11-07,2025-11-30,DELIVERED,23431.69,USD,2025-11-07T00:00:00
PO-2025-00392,PO-000392,SUP-0054,FAC-EU-01,WH-EU-RAW-01,2025-05-02,2025-05-30,DELIVERED,5102.05,USD,2025-05-02T00:00:00
PO-2025-00393,PO-000393,SUP-0082,FAC-MX-01,WH-MX-RAW-01,2025-04-17,2025-06-22,DELIVERED,88849.72,USD,2025-04-17T00:00:00
PO-2025-00394,PO-000394,SUP-0058,FAC-EU-01,WH-EU-RAW-01,2025-09-12,2025-10-13,DELIVERED,65669.04,USD,2025-09-12T00:00:00
PO-2025-00395,PO-000395,SUP-0003,FAC-EU-01,WH-EU-RAW-01,2026-01-31,2026-02-19,CANCELLED,154535.09,USD,2026-01-31T00:00:00
PO-2025-00396,PO-000396,SUP-0025,FAC-EU-01,WH-EU-RAW-01,2026-01-06,2026-01-14,DELIVERED,16140.02,USD,2026-01-06T00:00:00
PO-2025-00397,PO-000397,SUP-0003,FAC-EU-01,WH-EU-RAW-01,2026-02-01,2026-02-21,DELIVERED,677.44,USD,2026-02-01T00:00:00
PO-2025-00398,PO-000398,SUP-0066,FAC-EU-01,WH-EU-RAW-01,2025-11-13,2025-12-03,OVERDUE,1904.44,USD,2025-11-13T00:00:00
PO-2025-00399,PO-000399,SUP-0052,FAC-MX-01,WH-MX-RAW-01,2025-10-19,2025-11-18,DELIVERED,50086.44,USD,2025-10-19T00:00:00
PO-2025-00400,PO-000400,SUP-0048,FAC-MX-01,WH-MX-RAW-01,2025-06-18,2025-07-22,DELIVERED,61061.0,USD,2025-06-18T00:00:00
PO-2025-00401,PO-000401,SUP-0042,FAC-APAC-01,WH-APAC-RAW-01,2025-09-09,2025-10-07,DELIVERED,21804.52,USD,2025-09-09T00:00:00
PO-2025-00402,PO-000402,SUP-0065,FAC-APAC-01,WH-APAC-RAW-01,2025-10-17,2025-11-21,DELIVERED,69901.8,USD,2025-10-17T00:00:00
PO-2025-00403,PO-000403,SUP-0093,FAC-APAC-01,WH-APAC-RAW-01,2025-05-11,2025-06-27,DELIVERED,63340.5,USD,2025-05-11T00:00:00
PO-2025-00404,PO-000404,SUP-0119,FAC-MX-01,WH-MX-RAW-01,2025-07-26,2025-08-29,DELIVERED,3534.4,USD,2025-07-26T00:00:00
PO-2025-00405,PO-000405,SUP-0057,FAC-MX-01,WH-MX-RAW-01,2025-12-06,2025-12-27,OVERDUE,28921.14,USD,2025-12-06T00:00:00
PO-2025-00406,PO-000406,SUP-0065,FAC-APAC-01,WH-APAC-RAW-01,2026-01-15,2026-02-20,DELIVERED,41608.92,USD,2026-01-15T00:00:00
PO-2025-00407,PO-000407,SUP-0102,FAC-MX-01,WH-MX-RAW-01,2026-06-16,2026-07-14,PENDING,40557.46,USD,2026-06-16T00:00:00
PO-2025-00408,PO-000408,SUP-0060,FAC-US-01,WH-US-RAW-01,2026-04-07,2026-05-03,IN_TRANSIT,1324784.54,USD,2026-04-07T00:00:00
PO-2025-00409,PO-000409,SUP-0016,FAC-MX-01,WH-MX-RAW-01,2025-12-19,2026-01-14,DELIVERED,740714.09,USD,2025-12-19T00:00:00
PO-2025-00410,PO-000410,SUP-0096,FAC-US-01,WH-US-RAW-01,2025-10-13,2025-10-26,DELIVERED,53379.06,USD,2025-10-13T00:00:00
PO-2025-00411,PO-000411,SUP-0082,FAC-EU-01,WH-EU-RAW-01,2025-12-17,2026-02-23,DELIVERED,23629.36,USD,2025-12-17T00:00:00
PO-2025-00412,PO-000412,SUP-0045,FAC-US-01,WH-US-RAW-01,2026-01-31,2026-02-15,DELIVERED,115176.07,USD,2026-01-31T00:00:00
PO-2025-00413,PO-000413,SUP-0112,FAC-MX-01,WH-MX-RAW-01,2025-06-01,2025-06-14,DELIVERED,38623.2,USD,2025-06-01T00:00:00
PO-2025-00414,PO-000414,SUP-0104,FAC-APAC-01,WH-APAC-RAW-01,2025-10-09,2025-11-14,DELIVERED,34178.55,USD,2025-10-09T00:00:00
PO-2025-00415,PO-000415,SUP-0064,FAC-EU-01,WH-EU-RAW-01,2026-02-20,2026-03-11,CANCELLED,1268.99,USD,2026-02-20T00:00:00
PO-2025-00416,PO-000416,SUP-0012,FAC-MX-01,WH-MX-RAW-01,2025-09-30,2025-10-14,DELIVERED,11087.84,USD,2025-09-30T00:00:00
PO-2025-00417,PO-000417,SUP-0065,FAC-APAC-01,WH-APAC-RAW-01,2025-11-29,2025-12-31,CANCELLED,42611.16,USD,2025-11-29T00:00:00
PO-2025-00418,PO-000418,SUP-0079,FAC-MX-01,WH-MX-RAW-01,2025-12-03,2026-01-03,DELIVERED,12891.31,USD,2025-12-03T00:00:00
PO-2025-00419,PO-000419,SUP-0115,FAC-EU-01,WH-EU-RAW-01,2025-07-08,2025-08-03,DELIVERED,42135.24,USD,2025-07-08T00:00:00
PO-2025-00420,PO-000420,SUP-0112,FAC-MX-01,WH-MX-RAW-01,2025-09-22,2025-10-06,DELIVERED,8348.89,USD,2025-09-22T00:00:00
PO-2025-00421,PO-000421,SUP-0101,FAC-APAC-01,WH-APAC-RAW-01,2025-09-12,2025-10-06,DELIVERED,12282.77,USD,2025-09-12T00:00:00
PO-2025-00422,PO-000422,SUP-0078,FAC-US-01,WH-US-RAW-01,2025-03-13,2025-04-04,DELIVERED,281904.9,USD,2025-03-13T00:00:00
PO-2025-00423,PO-000423,SUP-0120,FAC-APAC-01,WH-APAC-RAW-01,2025-03-10,2025-04-08,DELIVERED,12909.2,USD,2025-03-10T00:00:00
PO-2025-00424,PO-000424,SUP-0074,FAC-EU-01,WH-EU-RAW-01,2026-02-17,2026-03-14,DELIVERED,20513.56,USD,2026-02-17T00:00:00
PO-2025-00425,PO-000425,SUP-0038,FAC-US-01,WH-US-RAW-01,2025-08-18,2025-09-13,DELIVERED,41694.4,USD,2025-08-18T00:00:00
PO-2025-00426,PO-000426,SUP-0045,FAC-EU-01,WH-EU-RAW-01,2025-11-13,2025-11-28,DELIVERED,2812.4,USD,2025-11-13T00:00:00
PO-2025-00427,PO-000427,SUP-0005,FAC-EU-01,WH-EU-RAW-01,2025-08-29,2025-09-22,OVERDUE,83143.7,USD,2025-08-29T00:00:00
PO-2025-00428,PO-000428,SUP-0068,FAC-EU-01,WH-EU-RAW-01,2026-04-12,2026-05-02,IN_TRANSIT,226876.4,USD,2026-04-12T00:00:00
PO-2025-00429,PO-000429,SUP-0009,FAC-US-01,WH-US-RAW-01,2025-08-12,2025-10-07,CANCELLED,65651.79,USD,2025-08-12T00:00:00
PO-2025-00430,PO-000430,SUP-0015,FAC-US-01,WH-US-RAW-01,2025-10-16,2025-12-19,DELIVERED,238632.76,USD,2025-10-16T00:00:00
PO-2025-00431,PO-000431,SUP-0031,FAC-APAC-01,WH-APAC-RAW-01,2026-03-06,2026-05-04,IN_TRANSIT,10767.32,USD,2026-03-06T00:00:00
PO-2025-00432,PO-000432,SUP-0107,FAC-APAC-01,WH-APAC-RAW-01,2026-02-21,2026-03-07,DELIVERED,1362.35,USD,2026-02-21T00:00:00
PO-2025-00433,PO-000433,SUP-0009,FAC-US-01,WH-US-RAW-01,2025-07-09,2025-08-30,DELIVERED,37309.64,USD,2025-07-09T00:00:00
PO-2025-00434,PO-000434,SUP-0103,FAC-APAC-01,WH-APAC-RAW-01,2026-02-06,2026-03-20,DELIVERED,6851.46,USD,2026-02-06T00:00:00
PO-2025-00435,PO-000435,SUP-0012,FAC-APAC-01,WH-APAC-RAW-01,2025-10-25,2025-11-11,DELIVERED,12318.49,USD,2025-10-25T00:00:00
PO-2025-00436,PO-000436,SUP-0012,FAC-MX-01,WH-MX-RAW-01,2025-11-02,2025-11-20,DELIVERED,26693.83,USD,2025-11-02T00:00:00
PO-2025-00437,PO-000437,SUP-0055,FAC-APAC-01,WH-APAC-RAW-01,2025-06-10,2025-07-02,DELIVERED,4202.96,USD,2025-06-10T00:00:00
PO-2025-00438,PO-000438,SUP-0109,FAC-EU-01,WH-EU-RAW-01,2025-05-05,2025-05-25,DELIVERED,1028.82,USD,2025-05-05T00:00:00
PO-2025-00439,PO-000439,SUP-0094,FAC-US-01,WH-US-RAW-01,2026-01-12,2026-01-21,DELIVERED,366080.63,USD,2026-01-12T00:00:00
PO-2025-00440,PO-000440,SUP-0088,FAC-MX-01,WH-MX-RAW-01,2025-11-06,2025-11-28,DELIVERED,1240.32,USD,2025-11-06T00:00:00
PO-2025-00441,PO-000441,SUP-0094,FAC-APAC-01,WH-APAC-RAW-01,2025-10-18,2025-11-03,DELIVERED,660654.39,USD,2025-10-18T00:00:00
PO-2025-00442,PO-000442,SUP-0057,FAC-MX-01,WH-MX-RAW-01,2026-01-13,2026-01-28,DELIVERED,3089.37,USD,2026-01-13T00:00:00
PO-2025-00443,PO-000443,SUP-0087,FAC-MX-01,WH-MX-RAW-01,2026-01-24,2026-02-15,DELIVERED,728.65,USD,2026-01-24T00:00:00
PO-2025-00444,PO-000444,SUP-0012,FAC-APAC-01,WH-APAC-RAW-01,2025-06-25,2025-07-10,DELIVERED,102492.83,USD,2025-06-25T00:00:00
PO-2025-00445,PO-000445,SUP-0069,FAC-APAC-01,WH-APAC-RAW-01,2025-12-10,2025-12-28,DELIVERED,169353.99,USD,2025-12-10T00:00:00
PO-2025-00446,PO-000446,SUP-0004,FAC-MX-01,WH-MX-RAW-01,2025-06-11,2025-07-12,DELIVERED,5395.5,USD,2025-06-11T00:00:00
PO-2025-00447,PO-000447,SUP-0063,FAC-EU-01,WH-EU-RAW-01,2026-01-20,2026-02-23,DELIVERED,2879.05,USD,2026-01-20T00:00:00
PO-2025-00448,PO-000448,SUP-0094,FAC-APAC-01,WH-APAC-RAW-01,2025-12-23,2026-01-02,DELIVERED,69092.32,USD,2025-12-23T00:00:00
PO-2025-00449,PO-000449,SUP-0082,FAC-EU-01,WH-EU-RAW-01,2026-04-23,2026-06-25,PENDING,228312.26,USD,2026-04-23T00:00:00
PO-2025-00450,PO-000450,SUP-0097,FAC-MX-01,WH-MX-RAW-01,2025-04-26,2025-06-02,DELIVERED,115733.52,USD,2025-04-26T00:00:00
PO-2025-00451,PO-000451,SUP-0074,FAC-EU-01,WH-EU-RAW-01,2025-04-15,2025-05-10,DELIVERED,16858.02,USD,2025-04-15T00:00:00
PO-2025-00452,PO-000452,SUP-0021,FAC-EU-01,WH-EU-RAW-01,2025-08-22,2025-09-24,OVERDUE,73859.12,USD,2025-08-22T00:00:00
PO-2025-00453,PO-000453,SUP-0120,FAC-US-01,WH-US-RAW-01,2025-08-13,2025-09-07,DELIVERED,3930.86,USD,2025-08-13T00:00:00
PO-2025-00454,PO-000454,SUP-0006,FAC-APAC-01,WH-APAC-RAW-01,2025-08-07,2025-08-20,OVERDUE,218737.74,USD,2025-08-07T00:00:00
PO-2025-00455,PO-000455,SUP-0034,FAC-US-01,WH-US-RAW-01,2026-03-23,2026-04-24,IN_TRANSIT,84836.57,USD,2026-03-23T00:00:00
PO-2025-00456,PO-000456,SUP-0096,FAC-US-01,WH-US-RAW-01,2025-08-08,2025-08-28,DELIVERED,163669.16,USD,2025-08-08T00:00:00
PO-2025-00457,PO-000457,SUP-0112,FAC-US-01,WH-US-RAW-01,2025-08-18,2025-09-02,DELIVERED,9641.65,USD,2025-08-18T00:00:00
PO-2025-00458,PO-000458,SUP-0080,FAC-EU-01,WH-EU-RAW-01,2026-01-22,2026-02-19,DELIVERED,31943.75,USD,2026-01-22T00:00:00
PO-2025-00459,PO-000459,SUP-0111,FAC-MX-01,WH-MX-RAW-01,2025-10-22,2025-11-21,DELIVERED,12000.91,USD,2025-10-22T00:00:00
PO-2025-00460,PO-000460,SUP-0100,FAC-US-01,WH-US-RAW-01,2026-01-28,2026-02-08,CANCELLED,33800.58,USD,2026-01-28T00:00:00
PO-2025-00461,PO-000461,SUP-0089,FAC-APAC-01,WH-APAC-RAW-01,2025-04-23,2025-05-12,DELIVERED,60503.75,USD,2025-04-23T00:00:00
PO-2025-00462,PO-000462,SUP-0082,FAC-APAC-01,WH-APAC-RAW-01,2025-11-03,2026-01-06,DELIVERED,167371.86,USD,2025-11-03T00:00:00
PO-2025-00463,PO-000463,SUP-0009,FAC-MX-01,WH-MX-RAW-01,2025-03-22,2025-05-11,DELIVERED,34455.96,USD,2025-03-22T00:00:00
PO-2025-00464,PO-000464,SUP-0070,FAC-US-01,WH-US-RAW-01,2025-04-20,2025-06-10,DELIVERED,137585.22,USD,2025-04-20T00:00:00
PO-2025-00465,PO-000465,SUP-0009,FAC-MX-01,WH-MX-RAW-01,2026-03-23,2026-05-16,IN_TRANSIT,17034.77,USD,2026-03-23T00:00:00
PO-2025-00466,PO-000466,SUP-0044,FAC-APAC-01,WH-APAC-RAW-01,2025-06-13,2025-08-08,DELIVERED,309863.4,USD,2025-06-13T00:00:00
PO-2025-00467,PO-000467,SUP-0025,FAC-APAC-01,WH-APAC-RAW-01,2025-11-17,2025-11-28,DELIVERED,32226.06,USD,2025-11-17T00:00:00
PO-2025-00468,PO-000468,SUP-0013,FAC-US-01,WH-US-RAW-01,2025-10-09,2025-11-01,DELIVERED,13276.45,USD,2025-10-09T00:00:00
PO-2025-00469,PO-000469,SUP-0031,FAC-EU-01,WH-EU-RAW-01,2025-09-16,2025-11-18,DELIVERED,27239.5,USD,2025-09-16T00:00:00
PO-2025-00470,PO-000470,SUP-0095,FAC-EU-01,WH-EU-RAW-01,2026-03-19,2026-04-01,DELIVERED,62939.28,USD,2026-03-19T00:00:00
PO-2025-00471,PO-000471,SUP-0100,FAC-US-01,WH-US-RAW-01,2025-03-06,2025-03-14,DELIVERED,10398.22,USD,2025-03-06T00:00:00
PO-2025-00472,PO-000472,SUP-0047,FAC-US-01,WH-US-RAW-01,2025-12-25,2026-01-10,DELIVERED,420302.78,USD,2025-12-25T00:00:00
PO-2025-00473,PO-000473,SUP-0003,FAC-APAC-01,WH-APAC-RAW-01,2026-04-29,2026-05-20,PENDING,78690.72,USD,2026-04-29T00:00:00
PO-2025-00474,PO-000474,SUP-0112,FAC-US-01,WH-US-RAW-01,2025-11-25,2025-12-13,DELIVERED,20102.88,USD,2025-11-25T00:00:00
PO-2025-00475,PO-000475,SUP-0009,FAC-APAC-01,WH-APAC-RAW-01,2026-04-09,2026-06-03,IN_TRANSIT,243028.62,USD,2026-04-09T00:00:00
PO-2025-00476,PO-000476,SUP-0058,FAC-EU-01,WH-EU-RAW-01,2025-04-11,2025-05-06,DELIVERED,314425.95,USD,2025-04-11T00:00:00
PO-2025-00477,PO-000477,SUP-0005,FAC-EU-01,WH-EU-RAW-01,2025-10-12,2025-11-03,DELIVERED,115868.13,USD,2025-10-12T00:00:00
PO-2025-00478,PO-000478,SUP-0120,FAC-EU-01,WH-EU-RAW-01,2025-08-13,2025-09-06,DELIVERED,225616.59,USD,2025-08-13T00:00:00
PO-2025-00479,PO-000479,SUP-0081,FAC-US-01,WH-US-RAW-01,2026-01-13,2026-02-16,DELIVERED,12224.28,USD,2026-01-13T00:00:00
PO-2025-00480,PO-000480,SUP-0099,FAC-US-01,WH-US-RAW-01,2026-05-16,2026-06-01,PENDING,251847.27,USD,2026-05-16T00:00:00
PO-2025-00481,PO-000481,SUP-0080,FAC-US-01,WH-US-RAW-01,2025-08-11,2025-09-13,DELIVERED,15456.0,USD,2025-08-11T00:00:00
PO-2025-00482,PO-000482,SUP-0029,FAC-APAC-01,WH-APAC-RAW-01,2025-12-22,2026-01-27,DELIVERED,36094.3,USD,2025-12-22T00:00:00
PO-2025-00483,PO-000483,SUP-0040,FAC-MX-01,WH-MX-RAW-01,2025-07-15,2025-08-05,DELIVERED,67712.76,USD,2025-07-15T00:00:00
PO-2025-00484,PO-000484,SUP-0097,FAC-US-01,WH-US-RAW-01,2025-11-27,2026-01-03,DELIVERED,5676.65,USD,2025-11-27T00:00:00
PO-2025-00485,PO-000485,SUP-0024,FAC-EU-01,WH-EU-RAW-01,2025-10-27,2025-11-13,DELIVERED,15473.59,USD,2025-10-27T00:00:00
PO-2025-00486,PO-000486,SUP-0094,FAC-EU-01,WH-EU-RAW-01,2026-05-07,2026-05-16,PENDING,2400.0,USD,2026-05-07T00:00:00
PO-2025-00487,PO-000487,SUP-0109,FAC-EU-01,WH-EU-RAW-01,2025-12-09,2025-12-25,DELIVERED,52629.52,USD,2025-12-09T00:00:00
PO-2025-00488,PO-000488,SUP-0023,FAC-EU-01,WH-EU-RAW-01,2025-09-17,2025-09-27,DELIVERED,298974.98,USD,2025-09-17T00:00:00
PO-2025-00489,PO-000489,SUP-0101,FAC-EU-01,WH-EU-RAW-01,2025-05-29,2025-06-21,DELIVERED,296063.2,USD,2025-05-29T00:00:00
PO-2025-00490,PO-000490,SUP-0018,FAC-US-01,WH-US-RAW-01,2025-06-20,2025-07-13,DELIVERED,2202.98,USD,2025-06-20T00:00:00
PO-2025-00491,PO-000491,SUP-0024,FAC-US-01,WH-US-RAW-01,2025-07-28,2025-08-16,DELIVERED,9843.57,USD,2025-07-28T00:00:00
PO-2025-00492,PO-000492,SUP-0007,FAC-US-01,WH-US-RAW-01,2025-08-09,2025-08-29,DELIVERED,24357.34,USD,2025-08-09T00:00:00
PO-2025-00493,PO-000493,SUP-0037,FAC-MX-01,WH-MX-RAW-01,2026-02-25,2026-03-18,DELIVERED,1571.56,USD,2026-02-25T00:00:00
PO-2025-00494,PO-000494,SUP-0045,FAC-EU-01,WH-EU-RAW-01,2025-11-26,2025-12-09,DELIVERED,19776.65,USD,2025-11-26T00:00:00
PO-2025-00495,PO-000495,SUP-0110,FAC-EU-01,WH-EU-RAW-01,2025-11-14,2025-11-29,DELIVERED,8465.24,USD,2025-11-14T00:00:00
PO-2025-00496,PO-000496,SUP-0009,FAC-MX-01,WH-MX-RAW-01,2025-05-29,2025-07-24,DELIVERED,59568.75,USD,2025-05-29T00:00:00
PO-2025-00497,PO-000497,SUP-0009,FAC-MX-01,WH-MX-RAW-01,2026-03-01,2026-04-20,IN_TRANSIT,34243.44,USD,2026-03-01T00:00:00
PO-2025-00498,PO-000498,SUP-0109,FAC-APAC-01,WH-APAC-RAW-01,2026-01-11,2026-01-30,DELIVERED,422315.82,USD,2026-01-11T00:00:00
PO-2025-00499,PO-000499,SUP-0114,FAC-MX-01,WH-MX-RAW-01,2025-04-25,2025-05-15,DELIVERED,13185.6,USD,2025-04-25T00:00:00
PO-2025-00500,PO-000500,SUP-0051,FAC-APAC-01,WH-APAC-RAW-01,2026-01-06,2026-01-27,DELIVERED,5910.9,USD,2026-01-06T00:00:00
PO-2025-00501,PO-000501,SUP-0051,FAC-EU-01,WH-EU-RAW-01,2025-11-20,2025-12-14,DELIVERED,4741.0,USD,2025-11-20T00:00:00
PO-2025-00502,PO-000502,SUP-0091,FAC-EU-01,WH-EU-RAW-01,2025-05-06,2025-05-26,DELIVERED,240283.68,USD,2025-05-06T00:00:00
PO-2025-00503,PO-000503,SUP-0003,FAC-APAC-01,WH-APAC-RAW-01,2025-10-25,2025-11-15,DELIVERED,3579.92,USD,2025-10-25T00:00:00
PO-2025-00504,PO-000504,SUP-0112,FAC-APAC-01,WH-APAC-RAW-01,2025-11-02,2025-11-18,DELIVERED,6587.68,USD,2025-11-02T00:00:00
PO-2025-00505,PO-000505,SUP-0083,FAC-US-01,WH-US-RAW-01,2025-06-28,2025-08-01,CANCELLED,162995.5,USD,2025-06-28T00:00:00
PO-2025-00506,PO-000506,SUP-0009,FAC-EU-01,WH-EU-RAW-01,2026-04-15,2026-06-07,PENDING,129840.66,USD,2026-04-15T00:00:00
PO-2025-00507,PO-000507,SUP-0055,FAC-MX-01,WH-MX-RAW-01,2026-02-25,2026-03-16,DELIVERED,16736.42,USD,2026-02-25T00:00:00
PO-2025-00508,PO-000508,SUP-0018,FAC-MX-01,WH-MX-RAW-01,2025-12-26,2026-01-17,OVERDUE,69686.02,USD,2025-12-26T00:00:00
PO-2025-00509,PO-000509,SUP-0089,FAC-EU-01,WH-EU-RAW-01,2025-10-26,2025-11-09,DELIVERED,429.65,USD,2025-10-26T00:00:00
PO-2025-00510,PO-000510,SUP-0112,FAC-MX-01,WH-MX-RAW-01,2025-10-09,2025-10-27,DELIVERED,94328.52,USD,2025-10-09T00:00:00
PO-2025-00511,PO-000511,SUP-0086,FAC-APAC-01,WH-APAC-RAW-01,2025-12-21,2026-01-05,DELIVERED,72011.88,USD,2025-12-21T00:00:00
PO-2025-00512,PO-000512,SUP-0071,FAC-EU-01,WH-EU-RAW-01,2025-11-21,2025-12-26,CANCELLED,14407.8,USD,2025-11-21T00:00:00
PO-2025-00513,PO-000513,SUP-0015,FAC-MX-01,WH-MX-RAW-01,2025-04-20,2025-06-22,OVERDUE,6186.0,USD,2025-04-20T00:00:00
PO-2025-00514,PO-000514,SUP-0107,FAC-EU-01,WH-EU-RAW-01,2025-11-11,2025-11-24,DELIVERED,15925.6,USD,2025-11-11T00:00:00
PO-2025-00515,PO-000515,SUP-0099,FAC-APAC-01,WH-APAC-RAW-01,2026-02-08,2026-02-21,DELIVERED,120295.15,USD,2026-02-08T00:00:00
PO-2025-00516,PO-000516,SUP-0094,FAC-MX-01,WH-MX-RAW-01,2025-10-25,2025-11-09,DELIVERED,1015.2,USD,2025-10-25T00:00:00
PO-2025-00517,PO-000517,SUP-0013,FAC-US-01,WH-US-RAW-01,2025-04-11,2025-05-04,OVERDUE,13066.08,USD,2025-04-11T00:00:00
PO-2025-00518,PO-000518,SUP-0068,FAC-APAC-01,WH-APAC-RAW-01,2026-01-31,2026-02-20,DELIVERED,89203.62,USD,2026-01-31T00:00:00
PO-2025-00519,PO-000519,SUP-0023,FAC-MX-01,WH-MX-RAW-01,2025-07-17,2025-07-27,DELIVERED,593.45,USD,2025-07-17T00:00:00
PO-2025-00520,PO-000520,SUP-0094,FAC-MX-01,WH-MX-RAW-01,2025-08-12,2025-08-27,DELIVERED,21516.46,USD,2025-08-12T00:00:00
PO-2025-00521,PO-000521,SUP-0065,FAC-MX-01,WH-MX-RAW-01,2025-06-28,2025-08-02,OVERDUE,15865.6,USD,2025-06-28T00:00:00
PO-2025-00522,PO-000522,SUP-0119,FAC-MX-01,WH-MX-RAW-01,2025-09-10,2025-10-10,OVERDUE,211450.92,USD,2025-09-10T00:00:00
PO-2025-00523,PO-000523,SUP-0003,FAC-EU-01,WH-EU-RAW-01,2026-01-21,2026-02-14,OVERDUE,53784.85,USD,2026-01-21T00:00:00
PO-2025-00524,PO-000524,SUP-0016,FAC-MX-01,WH-MX-RAW-01,2025-11-13,2025-12-04,DELIVERED,5726.93,USD,2025-11-13T00:00:00
PO-2025-00525,PO-000525,SUP-0004,FAC-MX-01,WH-MX-RAW-01,2025-07-18,2025-08-18,OVERDUE,232735.91,USD,2025-07-18T00:00:00
PO-2025-00526,PO-000526,SUP-0097,FAC-APAC-01,WH-APAC-RAW-01,2026-03-09,2026-04-15,DELIVERED,65276.02,USD,2026-03-09T00:00:00
PO-2025-00527,PO-000527,SUP-0104,FAC-US-01,WH-US-RAW-01,2026-03-10,2026-04-13,DELIVERED,12626.46,USD,2026-03-10T00:00:00
PO-2025-00528,PO-000528,SUP-0002,FAC-US-01,WH-US-RAW-01,2026-03-06,2026-03-24,DELIVERED,1586.78,USD,2026-03-06T00:00:00
PO-2025-00529,PO-000529,SUP-0085,FAC-EU-01,WH-EU-RAW-01,2025-08-03,2025-08-11,DELIVERED,93951.0,USD,2025-08-03T00:00:00
PO-2025-00530,PO-000530,SUP-0034,FAC-US-01,WH-US-RAW-01,2025-10-23,2025-11-23,DELIVERED,47131.86,USD,2025-10-23T00:00:00
PO-2025-00531,PO-000531,SUP-0024,FAC-EU-01,WH-EU-RAW-01,2026-05-21,2026-06-09,PENDING,497911.05,USD,2026-05-21T00:00:00
PO-2025-00532,PO-000532,SUP-0012,FAC-MX-01,WH-MX-RAW-01,2026-01-27,2026-02-10,OVERDUE,6090.04,USD,2026-01-27T00:00:00
PO-2025-00533,PO-000533,SUP-0056,FAC-APAC-01,WH-APAC-RAW-01,2025-03-14,2025-03-31,DELIVERED,286.35,USD,2025-03-14T00:00:00
PO-2025-00534,PO-000534,SUP-0054,FAC-EU-01,WH-EU-RAW-01,2025-04-23,2025-05-24,DELIVERED,302599.32,USD,2025-04-23T00:00:00
PO-2025-00535,PO-000535,SUP-0019,FAC-EU-01,WH-EU-RAW-01,2025-10-27,2025-11-14,DELIVERED,770.8,USD,2025-10-27T00:00:00
PO-2025-00536,PO-000536,SUP-0019,FAC-EU-01,WH-EU-RAW-01,2026-03-24,2026-04-11,OVERDUE,14351.03,USD,2026-03-24T00:00:00
PO-2025-00537,PO-000537,SUP-0089,FAC-EU-01,WH-EU-RAW-01,2025-11-19,2025-12-08,DELIVERED,77122.43,USD,2025-11-19T00:00:00
PO-2025-00538,PO-000538,SUP-0113,FAC-APAC-01,WH-APAC-RAW-01,2025-11-07,2025-11-23,DELIVERED,3617.6,USD,2025-11-07T00:00:00
PO-2025-00539,PO-000539,SUP-0045,FAC-US-01,WH-US-RAW-01,2025-05-23,2025-06-06,DELIVERED,3052.56,USD,2025-05-23T00:00:00
PO-2025-00540,PO-000540,SUP-0043,FAC-EU-01,WH-EU-RAW-01,2025-12-23,2026-01-17,DELIVERED,459723.25,USD,2025-12-23T00:00:00
PO-2025-00541,PO-000541,SUP-0060,FAC-MX-01,WH-MX-RAW-01,2026-02-14,2026-03-12,DELIVERED,66882.45,USD,2026-02-14T00:00:00
PO-2025-00542,PO-000542,SUP-0031,FAC-US-01,WH-US-RAW-01,2025-09-29,2025-12-04,DELIVERED,55475.04,USD,2025-09-29T00:00:00
PO-2025-00543,PO-000543,SUP-0001,FAC-EU-01,WH-EU-RAW-01,2026-01-28,2026-03-30,DELIVERED,9600.08,USD,2026-01-28T00:00:00
PO-2025-00544,PO-000544,SUP-0065,FAC-EU-01,WH-EU-RAW-01,2026-04-30,2026-06-01,PENDING,78315.23,USD,2026-04-30T00:00:00
PO-2025-00545,PO-000545,SUP-0022,FAC-APAC-01,WH-APAC-RAW-01,2025-07-18,2025-08-01,DELIVERED,58441.61,USD,2025-07-18T00:00:00
PO-2025-00546,PO-000546,SUP-0120,FAC-MX-01,WH-MX-RAW-01,2025-11-14,2025-12-07,DELIVERED,145115.4,USD,2025-11-14T00:00:00
PO-2025-00547,PO-000547,SUP-0103,FAC-MX-01,WH-MX-RAW-01,2025-08-24,2025-10-08,DELIVERED,25814.37,USD,2025-08-24T00:00:00
PO-2025-00548,PO-000548,SUP-0024,FAC-APAC-01,WH-APAC-RAW-01,2026-02-03,2026-02-17,DELIVERED,49800.61,USD,2026-02-03T00:00:00
PO-2025-00549,PO-000549,SUP-0006,FAC-APAC-01,WH-APAC-RAW-01,2025-11-30,2025-12-11,DELIVERED,374.14,USD,2025-11-30T00:00:00
PO-2025-00550,PO-000550,SUP-0004,FAC-EU-01,WH-EU-RAW-01,2025-12-17,2026-01-18,DELIVERED,10378.2,USD,2025-12-17T00:00:00
PO-2025-00551,PO-000551,SUP-0006,FAC-MX-01,WH-MX-RAW-01,2026-02-05,2026-02-20,DELIVERED,748.28,USD,2026-02-05T00:00:00
PO-2025-00552,PO-000552,SUP-0033,FAC-US-01,WH-US-RAW-01,2025-10-04,2025-10-22,DELIVERED,24635.02,USD,2025-10-04T00:00:00
PO-2025-00553,PO-000553,SUP-0037,FAC-APAC-01,WH-APAC-RAW-01,2026-03-28,2026-04-18,IN_TRANSIT,1474.6,USD,2026-03-28T00:00:00
PO-2025-00554,PO-000554,SUP-0086,FAC-APAC-01,WH-APAC-RAW-01,2025-11-17,2025-12-01,DELIVERED,107807.95,USD,2025-11-17T00:00:00
PO-2025-00555,PO-000555,SUP-0036,FAC-APAC-01,WH-APAC-RAW-01,2025-06-24,2025-07-09,DELIVERED,8938.91,USD,2025-06-24T00:00:00
PO-2025-00556,PO-000556,SUP-0101,FAC-US-01,WH-US-RAW-01,2026-01-03,2026-01-28,DELIVERED,217.16,USD,2026-01-03T00:00:00
PO-2025-00557,PO-000557,SUP-0111,FAC-US-01,WH-US-RAW-01,2026-02-03,2026-03-12,DELIVERED,7269.67,USD,2026-02-03T00:00:00
PO-2025-00558,PO-000558,SUP-0084,FAC-EU-01,WH-EU-RAW-01,2025-09-05,2025-10-03,OVERDUE,272282.54,USD,2025-09-05T00:00:00
PO-2025-00559,PO-000559,SUP-0065,FAC-US-01,WH-US-RAW-01,2026-02-28,2026-04-06,DELIVERED,13047.61,USD,2026-02-28T00:00:00
PO-2025-00560,PO-000560,SUP-0106,FAC-EU-01,WH-EU-RAW-01,2026-03-23,2026-04-25,IN_TRANSIT,5116.7,USD,2026-03-23T00:00:00
PO-2025-00561,PO-000561,SUP-0022,FAC-US-01,WH-US-RAW-01,2025-08-20,2025-09-08,CANCELLED,10405.24,USD,2025-08-20T00:00:00
PO-2025-00562,PO-000562,SUP-0095,FAC-MX-01,WH-MX-RAW-01,2026-05-19,2026-06-04,PENDING,31665.9,USD,2026-05-19T00:00:00
PO-2025-00563,PO-000563,SUP-0089,FAC-APAC-01,WH-APAC-RAW-01,2025-06-14,2025-07-01,DELIVERED,125204.53,USD,2025-06-14T00:00:00
PO-2025-00564,PO-000564,SUP-0020,FAC-APAC-01,WH-APAC-RAW-01,2025-07-17,2025-08-04,DELIVERED,17160.0,USD,2025-07-17T00:00:00
PO-2025-00565,PO-000565,SUP-0021,FAC-APAC-01,WH-APAC-RAW-01,2025-07-08,2025-08-05,DELIVERED,757.35,USD,2025-07-08T00:00:00
PO-2025-00566,PO-000566,SUP-0068,FAC-APAC-01,WH-APAC-RAW-01,2026-03-17,2026-04-04,DELIVERED,136250.88,USD,2026-03-17T00:00:00
PO-2025-00567,PO-000567,SUP-0105,FAC-MX-01,WH-MX-RAW-01,2025-12-22,2026-01-11,DELIVERED,91179.03,USD,2025-12-22T00:00:00
PO-2025-00568,PO-000568,SUP-0117,FAC-MX-01,WH-MX-RAW-01,2025-06-21,2025-07-20,DELIVERED,20941.62,USD,2025-06-21T00:00:00
PO-2025-00569,PO-000569,SUP-0081,FAC-MX-01,WH-MX-RAW-01,2025-10-19,2025-11-24,OVERDUE,72914.4,USD,2025-10-19T00:00:00
PO-2025-00570,PO-000570,SUP-0011,FAC-APAC-01,WH-APAC-RAW-01,2025-12-11,2026-01-06,DELIVERED,17724.0,USD,2025-12-11T00:00:00
PO-2025-00571,PO-000571,SUP-0073,FAC-US-01,WH-US-RAW-01,2025-05-07,2025-06-08,DELIVERED,38159.3,USD,2025-05-07T00:00:00
PO-2025-00572,PO-000572,SUP-0068,FAC-US-01,WH-US-RAW-01,2026-03-11,2026-04-04,CANCELLED,9576.47,USD,2026-03-11T00:00:00
PO-2025-00573,PO-000573,SUP-0072,FAC-APAC-01,WH-APAC-RAW-01,2026-02-07,2026-03-31,DELIVERED,9984.12,USD,2026-02-07T00:00:00
PO-2025-00574,PO-000574,SUP-0038,FAC-APAC-01,WH-APAC-RAW-01,2025-11-09,2025-12-06,DELIVERED,38024.15,USD,2025-11-09T00:00:00
PO-2025-00575,PO-000575,SUP-0020,FAC-EU-01,WH-EU-RAW-01,2026-05-02,2026-05-24,PENDING,4673.76,USD,2026-05-02T00:00:00
PO-2025-00576,PO-000576,SUP-0019,FAC-EU-01,WH-EU-RAW-01,2025-10-11,2025-10-27,DELIVERED,11518.42,USD,2025-10-11T00:00:00
PO-2025-00577,PO-000577,SUP-0049,FAC-MX-01,WH-MX-RAW-01,2026-05-20,2026-06-08,PENDING,161912.89,USD,2026-05-20T00:00:00
PO-2025-00578,PO-000578,SUP-0004,FAC-EU-01,WH-EU-RAW-01,2025-12-26,2026-01-25,DELIVERED,53127.04,USD,2025-12-26T00:00:00
PO-2025-00579,PO-000579,SUP-0076,FAC-EU-01,WH-EU-RAW-01,2025-12-17,2026-01-22,DELIVERED,142990.48,USD,2025-12-17T00:00:00
PO-2025-00580,PO-000580,SUP-0084,FAC-MX-01,WH-MX-RAW-01,2025-06-28,2025-07-24,DELIVERED,98555.34,USD,2025-06-28T00:00:00
PO-2025-00581,PO-000581,SUP-0026,FAC-US-01,WH-US-RAW-01,2026-03-11,2026-04-13,DELIVERED,2719.11,USD,2026-03-11T00:00:00
PO-2025-00582,PO-000582,SUP-0042,FAC-APAC-01,WH-APAC-RAW-01,2025-10-15,2025-11-07,DELIVERED,914.64,USD,2025-10-15T00:00:00
PO-2025-00583,PO-000583,SUP-0055,FAC-MX-01,WH-MX-RAW-01,2025-06-26,2025-07-13,DELIVERED,14374.5,USD,2025-06-26T00:00:00
PO-2025-00584,PO-000584,SUP-0095,FAC-MX-01,WH-MX-RAW-01,2025-02-19,2025-03-07,DELIVERED,44812.94,USD,2025-02-19T00:00:00
PO-2025-00585,PO-000585,SUP-0032,FAC-EU-01,WH-EU-RAW-01,2025-11-25,2025-12-26,DELIVERED,424472.31,USD,2025-11-25T00:00:00
PO-2025-00586,PO-000586,SUP-0104,FAC-MX-01,WH-MX-RAW-01,2025-11-16,2025-12-19,DELIVERED,322.04,USD,2025-11-16T00:00:00
PO-2025-00587,PO-000587,SUP-0055,FAC-US-01,WH-US-RAW-01,2026-01-10,2026-01-25,DELIVERED,75085.18,USD,2026-01-10T00:00:00
PO-2025-00588,PO-000588,SUP-0039,FAC-MX-01,WH-MX-RAW-01,2026-03-15,2026-04-14,DELIVERED,57854.28,USD,2026-03-15T00:00:00
PO-2025-00589,PO-000589,SUP-0069,FAC-US-01,WH-US-RAW-01,2025-05-04,2025-05-28,CANCELLED,43493.8,USD,2025-05-04T00:00:00
PO-2025-00590,PO-000590,SUP-0042,FAC-US-01,WH-US-RAW-01,2026-01-13,2026-02-08,DELIVERED,122022.81,USD,2026-01-13T00:00:00
PO-2025-00591,PO-000591,SUP-0095,FAC-US-01,WH-US-RAW-01,2025-07-10,2025-07-22,DELIVERED,115136.71,USD,2025-07-10T00:00:00
PO-2025-00592,PO-000592,SUP-0006,FAC-APAC-01,WH-APAC-RAW-01,2026-02-28,2026-03-12,DELIVERED,29892.78,USD,2026-02-28T00:00:00
PO-2025-00593,PO-000593,SUP-0019,FAC-US-01,WH-US-RAW-01,2026-02-12,2026-03-02,DELIVERED,1246.14,USD,2026-02-12T00:00:00
PO-2025-00594,PO-000594,SUP-0030,FAC-EU-01,WH-EU-RAW-01,2025-11-20,2025-12-22,DELIVERED,1096.2,USD,2025-11-20T00:00:00
PO-2025-00595,PO-000595,SUP-0118,FAC-MX-01,WH-MX-RAW-01,2026-01-07,2026-02-09,DELIVERED,513.7,USD,2026-01-07T00:00:00
PO-2025-00596,PO-000596,SUP-0062,FAC-APAC-01,WH-APAC-RAW-01,2025-09-04,2025-10-07,DELIVERED,3846.0,USD,2025-09-04T00:00:00
PO-2025-00597,PO-000597,SUP-0004,FAC-EU-01,WH-EU-RAW-01,2025-10-29,2025-11-25,DELIVERED,37686.64,USD,2025-10-29T00:00:00
PO-2025-00598,PO-000598,SUP-0104,FAC-US-01,WH-US-RAW-01,2026-02-13,2026-03-16,DELIVERED,82451.47,USD,2026-02-13T00:00:00
PO-2025-00599,PO-000599,SUP-0052,FAC-APAC-01,WH-APAC-RAW-01,2025-10-25,2025-11-24,DELIVERED,5690.0,USD,2025-10-25T00:00:00
PO-2025-00600,PO-000600,SUP-0074,FAC-EU-01,WH-EU-RAW-01,2025-09-20,2025-10-13,DELIVERED,225884.36,USD,2025-09-20T00:00:00
PO-2025-00601,PO-000601,SUP-0009,FAC-EU-01,WH-EU-RAW-01,2025-11-05,2025-12-28,OVERDUE,662374.53,USD,2025-11-05T00:00:00
PO-2025-00602,PO-000602,SUP-0019,FAC-MX-01,WH-MX-RAW-01,2026-02-16,2026-03-10,DELIVERED,5825.4,USD,2026-02-16T00:00:00
PO-2025-00603,PO-000603,SUP-0021,FAC-US-01,WH-US-RAW-01,2025-09-12,2025-10-15,DELIVERED,3361.05,USD,2025-09-12T00:00:00
PO-2025-00604,PO-000604,SUP-0044,FAC-APAC-01,WH-APAC-RAW-01,2025-07-03,2025-08-27,OVERDUE,2235.45,USD,2025-07-03T00:00:00
PO-2025-00605,PO-000605,SUP-0044,FAC-EU-01,WH-EU-RAW-01,2026-01-07,2026-02-28,DELIVERED,36053.52,USD,2026-01-07T00:00:00
PO-2025-00606,PO-000606,SUP-0096,FAC-EU-01,WH-EU-RAW-01,2026-02-15,2026-02-28,DELIVERED,6217.98,USD,2026-02-15T00:00:00
PO-2025-00607,PO-000607,SUP-0082,FAC-APAC-01,WH-APAC-RAW-01,2025-05-20,2025-07-28,DELIVERED,194748.75,USD,2025-05-20T00:00:00
PO-2025-00608,PO-000608,SUP-0015,FAC-US-01,WH-US-RAW-01,2025-08-04,2025-10-07,DELIVERED,413278.74,USD,2025-08-04T00:00:00
PO-2025-00609,PO-000609,SUP-0023,FAC-MX-01,WH-MX-RAW-01,2025-06-15,2025-06-25,DELIVERED,7109.52,USD,2025-06-15T00:00:00
PO-2025-00610,PO-000610,SUP-0107,FAC-APAC-01,WH-APAC-RAW-01,2025-09-17,2025-10-03,DELIVERED,202392.49,USD,2025-09-17T00:00:00
PO-2025-00611,PO-000611,SUP-0004,FAC-MX-01,WH-MX-RAW-01,2025-10-22,2025-11-22,DELIVERED,18344.7,USD,2025-10-22T00:00:00
PO-2025-00612,PO-000612,SUP-0009,FAC-EU-01,WH-EU-RAW-01,2026-01-19,2026-03-17,DELIVERED,130511.04,USD,2026-01-19T00:00:00
PO-2025-00613,PO-000613,SUP-0012,FAC-EU-01,WH-EU-RAW-01,2025-12-21,2026-01-04,DELIVERED,35812.6,USD,2025-12-21T00:00:00
PO-2025-00614,PO-000614,SUP-0087,FAC-MX-01,WH-MX-RAW-01,2025-12-13,2026-01-03,DELIVERED,6284.88,USD,2025-12-13T00:00:00
PO-2025-00615,PO-000615,SUP-0113,FAC-EU-01,WH-EU-RAW-01,2025-09-18,2025-10-07,DELIVERED,53616.8,USD,2025-09-18T00:00:00
PO-2025-00616,PO-000616,SUP-0018,FAC-EU-01,WH-EU-RAW-01,2026-02-21,2026-03-14,DELIVERED,4243.2,USD,2026-02-21T00:00:00
PO-2025-00617,PO-000617,SUP-0083,FAC-US-01,WH-US-RAW-01,2025-10-29,2025-11-28,DELIVERED,109628.04,USD,2025-10-29T00:00:00
PO-2025-00618,PO-000618,SUP-0060,FAC-APAC-01,WH-APAC-RAW-01,2026-05-14,2026-06-08,PENDING,100765.2,USD,2026-05-14T00:00:00
PO-2025-00619,PO-000619,SUP-0044,FAC-APAC-01,WH-APAC-RAW-01,2025-12-16,2026-02-08,DELIVERED,85548.0,USD,2025-12-16T00:00:00
PO-2025-00620,PO-000620,SUP-0100,FAC-EU-01,WH-EU-RAW-01,2025-06-06,2025-06-16,OVERDUE,54407.24,USD,2025-06-06T00:00:00
PO-2025-00621,PO-000621,SUP-0085,FAC-APAC-01,WH-APAC-RAW-01,2025-12-28,2026-01-08,DELIVERED,842.52,USD,2025-12-28T00:00:00
PO-2025-00622,PO-000622,SUP-0104,FAC-APAC-01,WH-APAC-RAW-01,2025-09-08,2025-10-13,DELIVERED,2538.28,USD,2025-09-08T00:00:00
PO-2025-00623,PO-000623,SUP-0016,FAC-EU-01,WH-EU-RAW-01,2025-12-31,2026-01-24,CANCELLED,400381.79,USD,2025-12-31T00:00:00
PO-2025-00624,PO-000624,SUP-0016,FAC-APAC-01,WH-APAC-RAW-01,2025-04-26,2025-05-24,DELIVERED,2952.92,USD,2025-04-26T00:00:00
PO-2025-00625,PO-000625,SUP-0028,FAC-US-01,WH-US-RAW-01,2025-07-03,2025-07-31,DELIVERED,15276.26,USD,2025-07-03T00:00:00
PO-2025-00626,PO-000626,SUP-0078,FAC-US-01,WH-US-RAW-01,2026-02-27,2026-03-21,DELIVERED,432236.93,USD,2026-02-27T00:00:00
PO-2025-00627,PO-000627,SUP-0061,FAC-EU-01,WH-EU-RAW-01,2025-07-29,2025-08-15,DELIVERED,239972.87,USD,2025-07-29T00:00:00
PO-2025-00628,PO-000628,SUP-0068,FAC-MX-01,WH-MX-RAW-01,2026-02-19,2026-03-14,DELIVERED,47122.24,USD,2026-02-19T00:00:00
PO-2025-00629,PO-000629,SUP-0071,FAC-US-01,WH-US-RAW-01,2025-08-21,2025-09-26,DELIVERED,35817.83,USD,2025-08-21T00:00:00
PO-2025-00630,PO-000630,SUP-0059,FAC-EU-01,WH-EU-RAW-01,2025-12-19,2026-02-15,DELIVERED,104691.97,USD,2025-12-19T00:00:00
PO-2025-00631,PO-000631,SUP-0025,FAC-US-01,WH-US-RAW-01,2026-01-02,2026-01-13,OVERDUE,127705.45,USD,2026-01-02T00:00:00
PO-2025-00632,PO-000632,SUP-0117,FAC-EU-01,WH-EU-RAW-01,2025-11-11,2025-12-13,DELIVERED,80147.22,USD,2025-11-11T00:00:00
PO-2025-00633,PO-000633,SUP-0025,FAC-US-01,WH-US-RAW-01,2025-08-31,2025-09-12,DELIVERED,55440.28,USD,2025-08-31T00:00:00
PO-2025-00634,PO-000634,SUP-0080,FAC-US-01,WH-US-RAW-01,2025-07-22,2025-08-23,DELIVERED,53212.83,USD,2025-07-22T00:00:00
PO-2025-00635,PO-000635,SUP-0094,FAC-US-01,WH-US-RAW-01,2025-03-22,2025-03-31,DELIVERED,122597.2,USD,2025-03-22T00:00:00
PO-2025-00636,PO-000636,SUP-0025,FAC-US-01,WH-US-RAW-01,2025-08-31,2025-09-07,DELIVERED,64722.02,USD,2025-08-31T00:00:00
PO-2025-00637,PO-000637,SUP-0067,FAC-US-01,WH-US-RAW-01,2025-12-22,2026-01-13,DELIVERED,6270.96,USD,2025-12-22T00:00:00
PO-2025-00638,PO-000638,SUP-0108,FAC-APAC-01,WH-APAC-RAW-01,2026-04-10,2026-04-30,IN_TRANSIT,770593.96,USD,2026-04-10T00:00:00
PO-2025-00639,PO-000639,SUP-0019,FAC-US-01,WH-US-RAW-01,2026-03-06,2026-03-22,DELIVERED,61464.7,USD,2026-03-06T00:00:00
PO-2025-00640,PO-000640,SUP-0022,FAC-APAC-01,WH-APAC-RAW-01,2026-01-25,2026-02-10,DELIVERED,161282.64,USD,2026-01-25T00:00:00
PO-2025-00641,PO-000641,SUP-0046,FAC-MX-01,WH-MX-RAW-01,2026-02-01,2026-03-06,DELIVERED,17801.49,USD,2026-02-01T00:00:00
PO-2025-00642,PO-000642,SUP-0006,FAC-APAC-01,WH-APAC-RAW-01,2025-12-25,2026-01-10,DELIVERED,26476.8,USD,2025-12-25T00:00:00
PO-2025-00643,PO-000643,SUP-0064,FAC-US-01,WH-US-RAW-01,2025-08-13,2025-09-07,DELIVERED,10606.6,USD,2025-08-13T00:00:00
PO-2025-00644,PO-000644,SUP-0110,FAC-EU-01,WH-EU-RAW-01,2026-03-23,2026-04-10,DELIVERED,1955.85,USD,2026-03-23T00:00:00
PO-2025-00645,PO-000645,SUP-0048,FAC-APAC-01,WH-APAC-RAW-01,2025-12-26,2026-01-24,DELIVERED,3152.56,USD,2025-12-26T00:00:00
PO-2025-00646,PO-000646,SUP-0104,FAC-US-01,WH-US-RAW-01,2025-11-25,2025-12-28,DELIVERED,5498.76,USD,2025-11-25T00:00:00
PO-2025-00647,PO-000647,SUP-0096,FAC-EU-01,WH-EU-RAW-01,2025-05-27,2025-06-15,DELIVERED,19165.97,USD,2025-05-27T00:00:00
PO-2025-00648,PO-000648,SUP-0039,FAC-EU-01,WH-EU-RAW-01,2025-10-21,2025-11-18,DELIVERED,37159.28,USD,2025-10-21T00:00:00
PO-2025-00649,PO-000649,SUP-0093,FAC-MX-01,WH-MX-RAW-01,2025-10-26,2025-12-12,DELIVERED,59913.52,USD,2025-10-26T00:00:00
PO-2025-00650,PO-000650,SUP-0110,FAC-EU-01,WH-EU-RAW-01,2026-03-03,2026-03-17,DELIVERED,34832.32,USD,2026-03-03T00:00:00
PO-2025-00651,PO-000651,SUP-0039,FAC-US-01,WH-US-RAW-01,2025-11-21,2025-12-21,DELIVERED,51956.42,USD,2025-11-21T00:00:00
PO-2025-00652,PO-000652,SUP-0090,FAC-EU-01,WH-EU-RAW-01,2025-09-29,2025-10-20,OVERDUE,18997.6,USD,2025-09-29T00:00:00
PO-2025-00653,PO-000653,SUP-0077,FAC-US-01,WH-US-RAW-01,2026-05-11,2026-05-31,PENDING,28971.0,USD,2026-05-11T00:00:00
PO-2025-00654,PO-000654,SUP-0081,FAC-EU-01,WH-EU-RAW-01,2025-05-27,2025-07-05,DELIVERED,208282.21,USD,2025-05-27T00:00:00
PO-2025-00655,PO-000655,SUP-0102,FAC-MX-01,WH-MX-RAW-01,2025-10-13,2025-11-07,DELIVERED,144946.0,USD,2025-10-13T00:00:00
PO-2025-00656,PO-000656,SUP-0112,FAC-APAC-01,WH-APAC-RAW-01,2025-04-01,2025-04-14,OVERDUE,308379.29,USD,2025-04-01T00:00:00
PO-2025-00657,PO-000657,SUP-0021,FAC-US-01,WH-US-RAW-01,2026-01-16,2026-02-12,DELIVERED,60405.65,USD,2026-01-16T00:00:00
PO-2025-00658,PO-000658,SUP-0108,FAC-US-01,WH-US-RAW-01,2026-03-29,2026-04-19,IN_TRANSIT,5524.5,USD,2026-03-29T00:00:00
PO-2025-00659,PO-000659,SUP-0032,FAC-MX-01,WH-MX-RAW-01,2025-08-21,2025-09-24,DELIVERED,81761.65,USD,2025-08-21T00:00:00
PO-2025-00660,PO-000660,SUP-0042,FAC-MX-01,WH-MX-RAW-01,2026-02-28,2026-03-28,DELIVERED,65656.65,USD,2026-02-28T00:00:00
PO-2025-00661,PO-000661,SUP-0044,FAC-EU-01,WH-EU-RAW-01,2025-08-26,2025-10-17,DELIVERED,128027.38,USD,2025-08-26T00:00:00
PO-2025-00662,PO-000662,SUP-0013,FAC-MX-01,WH-MX-RAW-01,2026-03-25,2026-04-16,IN_TRANSIT,8928.56,USD,2026-03-25T00:00:00
PO-2025-00663,PO-000663,SUP-0047,FAC-APAC-01,WH-APAC-RAW-01,2026-01-21,2026-02-07,DELIVERED,1380.33,USD,2026-01-21T00:00:00
PO-2025-00664,PO-000664,SUP-0060,FAC-APAC-01,WH-APAC-RAW-01,2026-02-07,2026-03-11,DELIVERED,200745.94,USD,2026-02-07T00:00:00
PO-2025-00665,PO-000665,SUP-0091,FAC-APAC-01,WH-APAC-RAW-01,2025-02-28,2025-03-19,DELIVERED,106083.61,USD,2025-02-28T00:00:00
PO-2025-00666,PO-000666,SUP-0040,FAC-EU-01,WH-EU-RAW-01,2026-04-28,2026-05-24,PENDING,36493.2,USD,2026-04-28T00:00:00
PO-2025-00667,PO-000667,SUP-0113,FAC-EU-01,WH-EU-RAW-01,2026-01-12,2026-02-02,DELIVERED,20557.45,USD,2026-01-12T00:00:00
PO-2025-00668,PO-000668,SUP-0095,FAC-EU-01,WH-EU-RAW-01,2025-08-31,2025-09-11,DELIVERED,37744.62,USD,2025-08-31T00:00:00
PO-2025-00669,PO-000669,SUP-0009,FAC-US-01,WH-US-RAW-01,2026-02-16,2026-04-14,DELIVERED,3077.19,USD,2026-02-16T00:00:00
PO-2025-00670,PO-000670,SUP-0045,FAC-MX-01,WH-MX-RAW-01,2025-08-22,2025-09-07,DELIVERED,9664.83,USD,2025-08-22T00:00:00
PO-2025-00671,PO-000671,SUP-0055,FAC-APAC-01,WH-APAC-RAW-01,2026-03-06,2026-03-27,DELIVERED,95923.67,USD,2026-03-06T00:00:00
PO-2025-00672,PO-000672,SUP-0010,FAC-APAC-01,WH-APAC-RAW-01,2025-05-28,2025-06-15,DELIVERED,18414.21,USD,2025-05-28T00:00:00
PO-2025-00673,PO-000673,SUP-0029,FAC-US-01,WH-US-RAW-01,2026-01-05,2026-02-07,DELIVERED,6250.9,USD,2026-01-05T00:00:00
PO-2025-00674,PO-000674,SUP-0109,FAC-MX-01,WH-MX-RAW-01,2025-11-20,2025-12-03,DELIVERED,1424.52,USD,2025-11-20T00:00:00
PO-2025-00675,PO-000675,SUP-0095,FAC-EU-01,WH-EU-RAW-01,2025-05-17,2025-06-03,DELIVERED,4147.2,USD,2025-05-17T00:00:00
PO-2025-00676,PO-000676,SUP-0008,FAC-US-01,WH-US-RAW-01,2025-08-05,2025-09-04,DELIVERED,11067.68,USD,2025-08-05T00:00:00
PO-2025-00677,PO-000677,SUP-0095,FAC-APAC-01,WH-APAC-RAW-01,2025-02-18,2025-03-02,DELIVERED,9782.36,USD,2025-02-18T00:00:00
PO-2025-00678,PO-000678,SUP-0055,FAC-EU-01,WH-EU-RAW-01,2025-10-28,2025-11-12,DELIVERED,10064.0,USD,2025-10-28T00:00:00
PO-2025-00679,PO-000679,SUP-0087,FAC-EU-01,WH-EU-RAW-01,2025-08-30,2025-09-21,DELIVERED,130696.66,USD,2025-08-30T00:00:00
PO-2025-00680,PO-000680,SUP-0047,FAC-APAC-01,WH-APAC-RAW-01,2025-12-06,2025-12-17,DELIVERED,14216.72,USD,2025-12-06T00:00:00
PO-2025-00681,PO-000681,SUP-0057,FAC-MX-01,WH-MX-RAW-01,2025-08-28,2025-09-13,DELIVERED,135346.42,USD,2025-08-28T00:00:00
PO-2025-00682,PO-000682,SUP-0062,FAC-APAC-01,WH-APAC-RAW-01,2025-08-29,2025-10-02,DELIVERED,91614.69,USD,2025-08-29T00:00:00
PO-2025-00683,PO-000683,SUP-0060,FAC-US-01,WH-US-RAW-01,2026-01-17,2026-02-18,DELIVERED,16337.86,USD,2026-01-17T00:00:00
PO-2025-00684,PO-000684,SUP-0051,FAC-US-01,WH-US-RAW-01,2025-04-07,2025-05-01,DELIVERED,316044.26,USD,2025-04-07T00:00:00
PO-2025-00685,PO-000685,SUP-0112,FAC-EU-01,WH-EU-RAW-01,2026-03-21,2026-04-02,DELIVERED,9671.97,USD,2026-03-21T00:00:00
PO-2025-00686,PO-000686,SUP-0076,FAC-MX-01,WH-MX-RAW-01,2026-02-26,2026-04-05,DELIVERED,113001.99,USD,2026-02-26T00:00:00
PO-2025-00687,PO-000687,SUP-0006,FAC-MX-01,WH-MX-RAW-01,2025-12-26,2026-01-07,DELIVERED,159754.38,USD,2025-12-26T00:00:00
PO-2025-00688,PO-000688,SUP-0015,FAC-US-01,WH-US-RAW-01,2025-12-05,2026-01-31,DELIVERED,2350.48,USD,2025-12-05T00:00:00
PO-2025-00689,PO-000689,SUP-0109,FAC-MX-01,WH-MX-RAW-01,2026-03-16,2026-03-29,DELIVERED,139000.5,USD,2026-03-16T00:00:00
PO-2025-00690,PO-000690,SUP-0118,FAC-APAC-01,WH-APAC-RAW-01,2025-07-09,2025-08-10,DELIVERED,5407.39,USD,2025-07-09T00:00:00
PO-2025-00691,PO-000691,SUP-0096,FAC-US-01,WH-US-RAW-01,2025-05-04,2025-05-20,DELIVERED,3257.52,USD,2025-05-04T00:00:00
PO-2025-00692,PO-000692,SUP-0029,FAC-EU-01,WH-EU-RAW-01,2025-08-04,2025-09-06,DELIVERED,13297.9,USD,2025-08-04T00:00:00
PO-2025-00693,PO-000693,SUP-0041,FAC-US-01,WH-US-RAW-01,2026-02-03,2026-02-23,DELIVERED,32069.44,USD,2026-02-03T00:00:00
PO-2025-00694,PO-000694,SUP-0032,FAC-EU-01,WH-EU-RAW-01,2025-03-23,2025-04-23,DELIVERED,313113.24,USD,2025-03-23T00:00:00
PO-2025-00695,PO-000695,SUP-0015,FAC-EU-01,WH-EU-RAW-01,2025-12-02,2026-02-02,DELIVERED,15433.92,USD,2025-12-02T00:00:00
PO-2025-00696,PO-000696,SUP-0032,FAC-APAC-01,WH-APAC-RAW-01,2026-06-08,2026-07-09,PENDING,16570.04,USD,2026-06-08T00:00:00
PO-2025-00697,PO-000697,SUP-0070,FAC-APAC-01,WH-APAC-RAW-01,2026-02-27,2026-04-25,IN_TRANSIT,3901.12,USD,2026-02-27T00:00:00
PO-2025-00698,PO-000698,SUP-0009,FAC-US-01,WH-US-RAW-01,2025-11-14,2026-01-08,OVERDUE,946.88,USD,2025-11-14T00:00:00
PO-2025-00699,PO-000699,SUP-0002,FAC-APAC-01,WH-APAC-RAW-01,2025-04-21,2025-05-10,DELIVERED,1251.03,USD,2025-04-21T00:00:00
PO-2025-00700,PO-000700,SUP-0075,FAC-APAC-01,WH-APAC-RAW-01,2026-02-17,2026-03-16,DELIVERED,2999.68,USD,2026-02-17T00:00:00
PO-2025-00701,PO-000701,SUP-0112,FAC-APAC-01,WH-APAC-RAW-01,2025-12-07,2025-12-20,DELIVERED,30559.95,USD,2025-12-07T00:00:00
PO-2025-00702,PO-000702,SUP-0096,FAC-APAC-01,WH-APAC-RAW-01,2025-05-29,2025-06-14,DELIVERED,33005.7,USD,2025-05-29T00:00:00
PO-2025-00703,PO-000703,SUP-0068,FAC-EU-01,WH-EU-RAW-01,2025-05-15,2025-06-05,DELIVERED,2414.25,USD,2025-05-15T00:00:00
PO-2025-00704,PO-000704,SUP-0096,FAC-EU-01,WH-EU-RAW-01,2026-03-25,2026-04-10,DELIVERED,5644.0,USD,2026-03-25T00:00:00
PO-2025-00705,PO-000705,SUP-0081,FAC-MX-01,WH-MX-RAW-01,2025-12-26,2026-01-27,DELIVERED,8011.7,USD,2025-12-26T00:00:00
PO-2025-00706,PO-000706,SUP-0058,FAC-US-01,WH-US-RAW-01,2026-02-16,2026-03-17,DELIVERED,58203.0,USD,2026-02-16T00:00:00
PO-2025-00707,PO-000707,SUP-0049,FAC-APAC-01,WH-APAC-RAW-01,2026-03-09,2026-03-29,DELIVERED,22827.26,USD,2026-03-09T00:00:00
PO-2025-00708,PO-000708,SUP-0092,FAC-MX-01,WH-MX-RAW-01,2025-11-29,2025-12-21,DELIVERED,917.7,USD,2025-11-29T00:00:00
PO-2025-00709,PO-000709,SUP-0089,FAC-MX-01,WH-MX-RAW-01,2025-11-13,2025-11-27,DELIVERED,64376.25,USD,2025-11-13T00:00:00
PO-2025-00710,PO-000710,SUP-0069,FAC-APAC-01,WH-APAC-RAW-01,2025-10-16,2025-11-07,OVERDUE,61582.2,USD,2025-10-16T00:00:00
PO-2025-00711,PO-000711,SUP-0019,FAC-MX-01,WH-MX-RAW-01,2025-09-05,2025-09-22,DELIVERED,29029.92,USD,2025-09-05T00:00:00
PO-2025-00712,PO-000712,SUP-0091,FAC-EU-01,WH-EU-RAW-01,2025-10-17,2025-11-02,DELIVERED,1486.76,USD,2025-10-17T00:00:00
PO-2025-00713,PO-000713,SUP-0055,FAC-MX-01,WH-MX-RAW-01,2026-01-27,2026-02-17,DELIVERED,312887.95,USD,2026-01-27T00:00:00
PO-2025-00714,PO-000714,SUP-0099,FAC-US-01,WH-US-RAW-01,2025-12-07,2025-12-21,DELIVERED,29867.76,USD,2025-12-07T00:00:00
PO-2025-00715,PO-000715,SUP-0011,FAC-EU-01,WH-EU-RAW-01,2026-03-16,2026-04-06,DELIVERED,391.3,USD,2026-03-16T00:00:00
PO-2025-00716,PO-000716,SUP-0011,FAC-APAC-01,WH-APAC-RAW-01,2025-10-20,2025-11-13,DELIVERED,72459.73,USD,2025-10-20T00:00:00
PO-2025-00717,PO-000717,SUP-0080,FAC-APAC-01,WH-APAC-RAW-01,2025-12-09,2026-01-12,DELIVERED,120968.76,USD,2025-12-09T00:00:00
PO-2025-00718,PO-000718,SUP-0074,FAC-MX-01,WH-MX-RAW-01,2025-12-16,2026-01-10,DELIVERED,216435.72,USD,2025-12-16T00:00:00
PO-2025-00719,PO-000719,SUP-0006,FAC-US-01,WH-US-RAW-01,2025-12-04,2025-12-16,DELIVERED,26379.85,USD,2025-12-04T00:00:00
PO-2025-00720,PO-000720,SUP-0030,FAC-US-01,WH-US-RAW-01,2026-01-05,2026-02-07,DELIVERED,19815.81,USD,2026-01-05T00:00:00
PO-2025-00721,PO-000721,SUP-0090,FAC-US-01,WH-US-RAW-01,2025-08-03,2025-08-31,DELIVERED,1500.64,USD,2025-08-03T00:00:00
PO-2025-00722,PO-000722,SUP-0060,FAC-APAC-01,WH-APAC-RAW-01,2025-11-11,2025-12-11,DELIVERED,156464.43,USD,2025-11-11T00:00:00
PO-2025-00723,PO-000723,SUP-0077,FAC-MX-01,WH-MX-RAW-01,2025-05-22,2025-06-12,DELIVERED,28011.69,USD,2025-05-22T00:00:00
PO-2025-00724,PO-000724,SUP-0091,FAC-MX-01,WH-MX-RAW-01,2025-09-30,2025-10-14,DELIVERED,95025.07,USD,2025-09-30T00:00:00
PO-2025-00725,PO-000725,SUP-0005,FAC-APAC-01,WH-APAC-RAW-01,2025-11-03,2025-11-27,DELIVERED,26767.32,USD,2025-11-03T00:00:00
PO-2025-00726,PO-000726,SUP-0042,FAC-MX-01,WH-MX-RAW-01,2025-12-21,2026-01-12,DELIVERED,136417.05,USD,2025-12-21T00:00:00
PO-2025-00727,PO-000727,SUP-0069,FAC-EU-01,WH-EU-RAW-01,2026-04-19,2026-05-10,PENDING,545095.56,USD,2026-04-19T00:00:00
PO-2025-00728,PO-000728,SUP-0041,FAC-US-01,WH-US-RAW-01,2025-12-07,2025-12-29,DELIVERED,133214.32,USD,2025-12-07T00:00:00
PO-2025-00729,PO-000729,SUP-0120,FAC-US-01,WH-US-RAW-01,2026-01-17,2026-02-09,DELIVERED,6918.34,USD,2026-01-17T00:00:00
PO-2025-00730,PO-000730,SUP-0016,FAC-APAC-01,WH-APAC-RAW-01,2025-11-09,2025-12-01,DELIVERED,6737.92,USD,2025-11-09T00:00:00
PO-2025-00731,PO-000731,SUP-0004,FAC-APAC-01,WH-APAC-RAW-01,2025-12-16,2026-01-12,DELIVERED,2076.42,USD,2025-12-16T00:00:00
PO-2025-00732,PO-000732,SUP-0019,FAC-APAC-01,WH-APAC-RAW-01,2025-04-28,2025-05-16,DELIVERED,912.87,USD,2025-04-28T00:00:00
PO-2025-00733,PO-000733,SUP-0087,FAC-MX-01,WH-MX-RAW-01,2025-08-10,2025-08-28,DELIVERED,14527.55,USD,2025-08-10T00:00:00
PO-2025-00734,PO-000734,SUP-0026,FAC-EU-01,WH-EU-RAW-01,2025-09-22,2025-10-25,DELIVERED,227668.59,USD,2025-09-22T00:00:00
PO-2025-00735,PO-000735,SUP-0102,FAC-US-01,WH-US-RAW-01,2025-10-30,2025-11-26,DELIVERED,7312.96,USD,2025-10-30T00:00:00
PO-2025-00736,PO-000736,SUP-0021,FAC-MX-01,WH-MX-RAW-01,2025-04-04,2025-05-06,DELIVERED,297.13,USD,2025-04-04T00:00:00
PO-2025-00737,PO-000737,SUP-0096,FAC-US-01,WH-US-RAW-01,2025-06-14,2025-06-28,DELIVERED,168330.88,USD,2025-06-14T00:00:00
PO-2025-00738,PO-000738,SUP-0040,FAC-EU-01,WH-EU-RAW-01,2025-08-20,2025-09-13,DELIVERED,40854.88,USD,2025-08-20T00:00:00
PO-2025-00739,PO-000739,SUP-0114,FAC-MX-01,WH-MX-RAW-01,2026-05-06,2026-05-27,PENDING,460.2,USD,2026-05-06T00:00:00
PO-2025-00740,PO-000740,SUP-0118,FAC-APAC-01,WH-APAC-RAW-01,2025-09-10,2025-10-09,DELIVERED,3613.0,USD,2025-09-10T00:00:00
PO-2025-00741,PO-000741,SUP-0096,FAC-MX-01,WH-MX-RAW-01,2025-11-02,2025-11-16,DELIVERED,8266.8,USD,2025-11-02T00:00:00
PO-2025-00742,PO-000742,SUP-0003,FAC-APAC-01,WH-APAC-RAW-01,2025-07-14,2025-08-04,DELIVERED,79956.96,USD,2025-07-14T00:00:00
PO-2025-00743,PO-000743,SUP-0015,FAC-US-01,WH-US-RAW-01,2025-12-10,2026-02-05,DELIVERED,311904.18,USD,2025-12-10T00:00:00
PO-2025-00744,PO-000744,SUP-0099,FAC-APAC-01,WH-APAC-RAW-01,2025-08-21,2025-09-01,DELIVERED,1404.54,USD,2025-08-21T00:00:00
PO-2025-00745,PO-000745,SUP-0050,FAC-US-01,WH-US-RAW-01,2025-07-19,2025-08-17,DELIVERED,70264.02,USD,2025-07-19T00:00:00
PO-2025-00746,PO-000746,SUP-0097,FAC-APAC-01,WH-APAC-RAW-01,2025-11-12,2025-12-16,OVERDUE,219661.2,USD,2025-11-12T00:00:00
PO-2025-00747,PO-000747,SUP-0095,FAC-APAC-01,WH-APAC-RAW-01,2025-02-02,2025-02-13,DELIVERED,1473.42,USD,2025-02-02T00:00:00
PO-2025-00748,PO-000748,SUP-0020,FAC-MX-01,WH-MX-RAW-01,2025-02-08,2025-02-27,OVERDUE,4449.36,USD,2025-02-08T00:00:00
PO-2025-00749,PO-000749,SUP-0020,FAC-MX-01,WH-MX-RAW-01,2025-07-25,2025-08-11,DELIVERED,9064.0,USD,2025-07-25T00:00:00
PO-2025-00750,PO-000750,SUP-0077,FAC-US-01,WH-US-RAW-01,2025-03-26,2025-04-21,DELIVERED,46430.72,USD,2025-03-26T00:00:00
PO-2025-00751,PO-000751,SUP-0064,FAC-US-01,WH-US-RAW-01,2025-05-25,2025-06-20,DELIVERED,1463.4,USD,2025-05-25T00:00:00
PO-2025-00752,PO-000752,SUP-0109,FAC-EU-01,WH-EU-RAW-01,2025-09-13,2025-09-29,DELIVERED,57510.81,USD,2025-09-13T00:00:00
PO-2025-00753,PO-000753,SUP-0060,FAC-APAC-01,WH-APAC-RAW-01,2026-02-06,2026-03-04,DELIVERED,3269.76,USD,2026-02-06T00:00:00
PO-2025-00754,PO-000754,SUP-0108,FAC-APAC-01,WH-APAC-RAW-01,2025-11-29,2025-12-20,DELIVERED,41882.1,USD,2025-11-29T00:00:00
PO-2025-00755,PO-000755,SUP-0034,FAC-MX-01,WH-MX-RAW-01,2025-11-11,2025-12-08,DELIVERED,25833.73,USD,2025-11-11T00:00:00
PO-2025-00756,PO-000756,SUP-0041,FAC-EU-01,WH-EU-RAW-01,2025-08-27,2025-09-14,DELIVERED,4201.15,USD,2025-08-27T00:00:00
PO-2025-00757,PO-000757,SUP-0022,FAC-APAC-01,WH-APAC-RAW-01,2026-04-06,2026-04-19,IN_TRANSIT,48934.62,USD,2026-04-06T00:00:00
PO-2025-00758,PO-000758,SUP-0055,FAC-APAC-01,WH-APAC-RAW-01,2025-10-04,2025-10-20,DELIVERED,31447.44,USD,2025-10-04T00:00:00
PO-2025-00759,PO-000759,SUP-0103,FAC-US-01,WH-US-RAW-01,2025-05-10,2025-06-21,DELIVERED,48681.58,USD,2025-05-10T00:00:00
PO-2025-00760,PO-000760,SUP-0114,FAC-MX-01,WH-MX-RAW-01,2025-12-12,2025-12-27,DELIVERED,36637.6,USD,2025-12-12T00:00:00
PO-2025-00761,PO-000761,SUP-0031,FAC-MX-01,WH-MX-RAW-01,2025-05-29,2025-07-30,DELIVERED,1073.84,USD,2025-05-29T00:00:00
PO-2025-00762,PO-000762,SUP-0098,FAC-EU-01,WH-EU-RAW-01,2025-09-16,2025-10-09,DELIVERED,25057.2,USD,2025-09-16T00:00:00
PO-2025-00763,PO-000763,SUP-0110,FAC-EU-01,WH-EU-RAW-01,2025-11-09,2025-11-27,DELIVERED,662.94,USD,2025-11-09T00:00:00
PO-2025-00764,PO-000764,SUP-0015,FAC-EU-01,WH-EU-RAW-01,2026-03-07,2026-05-07,IN_TRANSIT,3278.96,USD,2026-03-07T00:00:00
PO-2025-00765,PO-000765,SUP-0055,FAC-EU-01,WH-EU-RAW-01,2025-11-05,2025-11-20,DELIVERED,3842.08,USD,2025-11-05T00:00:00
PO-2025-00766,PO-000766,SUP-0075,FAC-US-01,WH-US-RAW-01,2026-01-05,2026-01-31,DELIVERED,5967.0,USD,2026-01-05T00:00:00
PO-2025-00767,PO-000767,SUP-0064,FAC-MX-01,WH-MX-RAW-01,2026-06-02,2026-06-27,PENDING,67335.18,USD,2026-06-02T00:00:00
PO-2025-00768,PO-000768,SUP-0036,FAC-US-01,WH-US-RAW-01,2025-06-09,2025-06-17,DELIVERED,5239.36,USD,2025-06-09T00:00:00
PO-2025-00769,PO-000769,SUP-0025,FAC-US-01,WH-US-RAW-01,2025-08-19,2025-09-01,DELIVERED,548601.9,USD,2025-08-19T00:00:00
PO-2025-00770,PO-000770,SUP-0001,FAC-US-01,WH-US-RAW-01,2025-10-04,2025-12-06,DELIVERED,53302.56,USD,2025-10-04T00:00:00
PO-2025-00771,PO-000771,SUP-0038,FAC-MX-01,WH-MX-RAW-01,2025-10-13,2025-11-04,DELIVERED,28076.6,USD,2025-10-13T00:00:00
PO-2025-00772,PO-000772,SUP-0012,FAC-US-01,WH-US-RAW-01,2025-10-09,2025-10-28,OVERDUE,50236.36,USD,2025-10-09T00:00:00
PO-2025-00773,PO-000773,SUP-0019,FAC-APAC-01,WH-APAC-RAW-01,2026-03-23,2026-04-11,DELIVERED,40462.67,USD,2026-03-23T00:00:00
PO-2025-00774,PO-000774,SUP-0068,FAC-US-01,WH-US-RAW-01,2026-01-08,2026-02-02,DELIVERED,17691.18,USD,2026-01-08T00:00:00
PO-2025-00775,PO-000775,SUP-0054,FAC-US-01,WH-US-RAW-01,2025-12-09,2026-01-04,DELIVERED,27158.94,USD,2025-12-09T00:00:00
PO-2025-00776,PO-000776,SUP-0008,FAC-US-01,WH-US-RAW-01,2025-09-02,2025-10-08,DELIVERED,21905.82,USD,2025-09-02T00:00:00
PO-2025-00777,PO-000777,SUP-0084,FAC-US-01,WH-US-RAW-01,2026-02-14,2026-03-10,CANCELLED,120627.84,USD,2026-02-14T00:00:00
PO-2025-00778,PO-000778,SUP-0107,FAC-MX-01,WH-MX-RAW-01,2026-04-22,2026-05-06,PENDING,17300.48,USD,2026-04-22T00:00:00
PO-2025-00779,PO-000779,SUP-0031,FAC-MX-01,WH-MX-RAW-01,2026-02-13,2026-04-18,IN_TRANSIT,12719.61,USD,2026-02-13T00:00:00
PO-2025-00780,PO-000780,SUP-0024,FAC-MX-01,WH-MX-RAW-01,2025-01-18,2025-02-06,DELIVERED,20894.97,USD,2025-01-18T00:00:00
PO-2025-00781,PO-000781,SUP-0109,FAC-US-01,WH-US-RAW-01,2025-12-17,2026-01-01,DELIVERED,451971.6,USD,2025-12-17T00:00:00
PO-2025-00782,PO-000782,SUP-0032,FAC-APAC-01,WH-APAC-RAW-01,2025-04-10,2025-05-10,DELIVERED,8344.64,USD,2025-04-10T00:00:00
PO-2025-00783,PO-000783,SUP-0047,FAC-APAC-01,WH-APAC-RAW-01,2025-08-12,2025-08-24,DELIVERED,3183.21,USD,2025-08-12T00:00:00
PO-2025-00784,PO-000784,SUP-0059,FAC-MX-01,WH-MX-RAW-01,2025-04-18,2025-06-19,DELIVERED,33828.72,USD,2025-04-18T00:00:00
PO-2025-00785,PO-000785,SUP-0022,FAC-MX-01,WH-MX-RAW-01,2025-12-08,2025-12-22,DELIVERED,1218.9,USD,2025-12-08T00:00:00
PO-2025-00786,PO-000786,SUP-0049,FAC-APAC-01,WH-APAC-RAW-01,2025-12-31,2026-01-18,DELIVERED,10809.18,USD,2025-12-31T00:00:00
PO-2025-00787,PO-000787,SUP-0069,FAC-US-01,WH-US-RAW-01,2025-05-29,2025-06-17,DELIVERED,26226.42,USD,2025-05-29T00:00:00
PO-2025-00788,PO-000788,SUP-0082,FAC-EU-01,WH-EU-RAW-01,2025-09-30,2025-12-02,DELIVERED,386492.97,USD,2025-09-30T00:00:00
PO-2025-00789,PO-000789,SUP-0112,FAC-EU-01,WH-EU-RAW-01,2025-10-24,2025-11-11,DELIVERED,33119.4,USD,2025-10-24T00:00:00
PO-2025-00790,PO-000790,SUP-0075,FAC-APAC-01,WH-APAC-RAW-01,2025-09-24,2025-10-22,DELIVERED,5208.02,USD,2025-09-24T00:00:00
PO-2025-00791,PO-000791,SUP-0105,FAC-EU-01,WH-EU-RAW-01,2025-06-02,2025-06-19,DELIVERED,62379.59,USD,2025-06-02T00:00:00
PO-2025-00792,PO-000792,SUP-0028,FAC-EU-01,WH-EU-RAW-01,2025-10-12,2025-11-11,DELIVERED,114006.33,USD,2025-10-12T00:00:00
PO-2025-00793,PO-000793,SUP-0016,FAC-EU-01,WH-EU-RAW-01,2026-01-20,2026-02-13,DELIVERED,461501.06,USD,2026-01-20T00:00:00
PO-2025-00794,PO-000794,SUP-0091,FAC-EU-01,WH-EU-RAW-01,2025-04-28,2025-05-15,DELIVERED,285799.57,USD,2025-04-28T00:00:00
PO-2025-00795,PO-000795,SUP-0048,FAC-US-01,WH-US-RAW-01,2025-05-05,2025-06-03,DELIVERED,198.5,USD,2025-05-05T00:00:00
PO-2025-00796,PO-000796,SUP-0111,FAC-US-01,WH-US-RAW-01,2025-09-19,2025-10-25,DELIVERED,1985.5,USD,2025-09-19T00:00:00
PO-2025-00797,PO-000797,SUP-0019,FAC-EU-01,WH-EU-RAW-01,2026-04-13,2026-05-05,PENDING,453466.64,USD,2026-04-13T00:00:00
PO-2025-00798,PO-000798,SUP-0049,FAC-MX-01,WH-MX-RAW-01,2025-12-26,2026-01-09,DELIVERED,289513.16,USD,2025-12-26T00:00:00
PO-2025-00799,PO-000799,SUP-0100,FAC-US-01,WH-US-RAW-01,2025-12-29,2026-01-12,DELIVERED,19258.47,USD,2025-12-29T00:00:00
PO-2025-00800,PO-000800,SUP-0077,FAC-US-01,WH-US-RAW-01,2025-09-22,2025-10-16,DELIVERED,354.6,USD,2025-09-22T00:00:00
PO-2025-00801,PO-000801,SUP-0062,FAC-EU-01,WH-EU-RAW-01,2025-12-05,2026-01-12,DELIVERED,11896.64,USD,2025-12-05T00:00:00
PO-2025-00802,PO-000802,SUP-0024,FAC-US-01,WH-US-RAW-01,2025-02-14,2025-03-04,DELIVERED,3423.42,USD,2025-02-14T00:00:00
PO-2025-00803,PO-000803,SUP-0007,FAC-APAC-01,WH-APAC-RAW-01,2025-12-17,2026-01-08,CANCELLED,1104.94,USD,2025-12-17T00:00:00
PO-2025-00804,PO-000804,SUP-0080,FAC-US-01,WH-US-RAW-01,2026-03-27,2026-04-28,IN_TRANSIT,27236.25,USD,2026-03-27T00:00:00
PO-2025-00805,PO-000805,SUP-0004,FAC-MX-01,WH-MX-RAW-01,2025-12-10,2026-01-11,DELIVERED,379.61,USD,2025-12-10T00:00:00
PO-2025-00806,PO-000806,SUP-0048,FAC-APAC-01,WH-APAC-RAW-01,2026-03-07,2026-04-08,OVERDUE,3219.75,USD,2026-03-07T00:00:00
PO-2025-00807,PO-000807,SUP-0107,FAC-US-01,WH-US-RAW-01,2026-01-11,2026-01-23,DELIVERED,8003.94,USD,2026-01-11T00:00:00
PO-2025-00808,PO-000808,SUP-0082,FAC-EU-01,WH-EU-RAW-01,2025-06-02,2025-08-04,DELIVERED,37813.38,USD,2025-06-02T00:00:00
PO-2025-00809,PO-000809,SUP-0008,FAC-MX-01,WH-MX-RAW-01,2026-03-21,2026-04-24,IN_TRANSIT,15710.6,USD,2026-03-21T00:00:00
PO-2025-00810,PO-000810,SUP-0001,FAC-EU-01,WH-EU-RAW-01,2025-04-24,2025-06-26,DELIVERED,175444.18,USD,2025-04-24T00:00:00
PO-2025-00811,PO-000811,SUP-0008,FAC-APAC-01,WH-APAC-RAW-01,2025-11-18,2025-12-25,DELIVERED,1695.2,USD,2025-11-18T00:00:00
PO-2025-00812,PO-000812,SUP-0059,FAC-EU-01,WH-EU-RAW-01,2025-06-15,2025-08-17,DELIVERED,9305.52,USD,2025-06-15T00:00:00
PO-2025-00813,PO-000813,SUP-0099,FAC-EU-01,WH-EU-RAW-01,2025-02-17,2025-03-03,DELIVERED,375.83,USD,2025-02-17T00:00:00
PO-2025-00814,PO-000814,SUP-0099,FAC-US-01,WH-US-RAW-01,2025-10-13,2025-10-22,DELIVERED,163531.16,USD,2025-10-13T00:00:00
PO-2025-00815,PO-000815,SUP-0064,FAC-US-01,WH-US-RAW-01,2025-08-27,2025-09-16,DELIVERED,29537.88,USD,2025-08-27T00:00:00
PO-2025-00816,PO-000816,SUP-0012,FAC-US-01,WH-US-RAW-01,2025-11-03,2025-11-16,DELIVERED,7381.28,USD,2025-11-03T00:00:00
PO-2025-00817,PO-000817,SUP-0093,FAC-US-01,WH-US-RAW-01,2025-11-30,2026-01-15,DELIVERED,59500.24,USD,2025-11-30T00:00:00
PO-2025-00818,PO-000818,SUP-0034,FAC-APAC-01,WH-APAC-RAW-01,2025-04-02,2025-04-27,DELIVERED,98042.4,USD,2025-04-02T00:00:00
PO-2025-00819,PO-000819,SUP-0026,FAC-APAC-01,WH-APAC-RAW-01,2025-06-04,2025-07-06,DELIVERED,3145.5,USD,2025-06-04T00:00:00
PO-2025-00820,PO-000820,SUP-0005,FAC-EU-01,WH-EU-RAW-01,2025-11-25,2025-12-21,DELIVERED,3289.44,USD,2025-11-25T00:00:00
PO-2025-00821,PO-000821,SUP-0092,FAC-US-01,WH-US-RAW-01,2025-09-15,2025-10-03,DELIVERED,2204.73,USD,2025-09-15T00:00:00
PO-2025-00822,PO-000822,SUP-0086,FAC-EU-01,WH-EU-RAW-01,2026-01-13,2026-01-25,DELIVERED,11151.36,USD,2026-01-13T00:00:00
PO-2025-00823,PO-000823,SUP-0048,FAC-MX-01,WH-MX-RAW-01,2025-12-21,2026-01-19,DELIVERED,23966.8,USD,2025-12-21T00:00:00
PO-2025-00824,PO-000824,SUP-0022,FAC-US-01,WH-US-RAW-01,2026-02-23,2026-03-09,DELIVERED,94090.01,USD,2026-02-23T00:00:00
PO-2025-00825,PO-000825,SUP-0018,FAC-MX-01,WH-MX-RAW-01,2026-01-02,2026-01-28,DELIVERED,28872.04,USD,2026-01-02T00:00:00
PO-2025-00826,PO-000826,SUP-0097,FAC-EU-01,WH-EU-RAW-01,2025-10-16,2025-11-18,DELIVERED,212734.73,USD,2025-10-16T00:00:00
PO-2025-00827,PO-000827,SUP-0092,FAC-MX-01,WH-MX-RAW-01,2025-12-27,2026-01-20,DELIVERED,27169.25,USD,2025-12-27T00:00:00
PO-2025-00828,PO-000828,SUP-0021,FAC-US-01,WH-US-RAW-01,2025-08-19,2025-09-17,DELIVERED,2281.4,USD,2025-08-19T00:00:00
PO-2025-00829,PO-000829,SUP-0021,FAC-APAC-01,WH-APAC-RAW-01,2025-09-01,2025-10-04,CANCELLED,416233.79,USD,2025-09-01T00:00:00
PO-2025-00830,PO-000830,SUP-0003,FAC-EU-01,WH-EU-RAW-01,2026-02-01,2026-02-20,DELIVERED,4136.0,USD,2026-02-01T00:00:00
PO-2025-00831,PO-000831,SUP-0095,FAC-APAC-01,WH-APAC-RAW-01,2025-10-21,2025-11-03,DELIVERED,30251.21,USD,2025-10-21T00:00:00
PO-2025-00832,PO-000832,SUP-0025,FAC-APAC-01,WH-APAC-RAW-01,2026-02-05,2026-02-12,DELIVERED,5337.6,USD,2026-02-05T00:00:00
PO-2025-00833,PO-000833,SUP-0029,FAC-EU-01,WH-EU-RAW-01,2026-02-14,2026-03-16,DELIVERED,3328.92,USD,2026-02-14T00:00:00
PO-2025-00834,PO-000834,SUP-0119,FAC-EU-01,WH-EU-RAW-01,2026-02-28,2026-04-02,DELIVERED,140565.89,USD,2026-02-28T00:00:00
PO-2025-00835,PO-000835,SUP-0046,FAC-EU-01,WH-EU-RAW-01,2026-03-28,2026-04-24,IN_TRANSIT,8674.42,USD,2026-03-28T00:00:00
PO-2025-00836,PO-000836,SUP-0009,FAC-US-01,WH-US-RAW-01,2025-10-16,2025-12-11,DELIVERED,218333.32,USD,2025-10-16T00:00:00
PO-2025-00837,PO-000837,SUP-0114,FAC-APAC-01,WH-APAC-RAW-01,2025-09-06,2025-09-25,DELIVERED,7376.49,USD,2025-09-06T00:00:00
PO-2025-00838,PO-000838,SUP-0051,FAC-US-01,WH-US-RAW-01,2025-12-02,2025-12-29,DELIVERED,76967.13,USD,2025-12-02T00:00:00
PO-2025-00839,PO-000839,SUP-0013,FAC-MX-01,WH-MX-RAW-01,2025-09-25,2025-10-13,DELIVERED,37650.64,USD,2025-09-25T00:00:00
PO-2025-00840,PO-000840,SUP-0059,FAC-EU-01,WH-EU-RAW-01,2025-12-07,2026-02-05,DELIVERED,81106.8,USD,2025-12-07T00:00:00
PO-2025-00841,PO-000841,SUP-0038,FAC-US-01,WH-US-RAW-01,2026-01-06,2026-01-27,DELIVERED,16674.2,USD,2026-01-06T00:00:00
PO-2025-00842,PO-000842,SUP-0070,FAC-MX-01,WH-MX-RAW-01,2026-01-01,2026-02-21,DELIVERED,400257.65,USD,2026-01-01T00:00:00
PO-2025-00843,PO-000843,SUP-0056,FAC-MX-01,WH-MX-RAW-01,2025-09-26,2025-10-11,DELIVERED,14511.2,USD,2025-09-26T00:00:00
PO-2025-00844,PO-000844,SUP-0029,FAC-EU-01,WH-EU-RAW-01,2025-06-29,2025-08-02,DELIVERED,21139.91,USD,2025-06-29T00:00:00
PO-2025-00845,PO-000845,SUP-0013,FAC-US-01,WH-US-RAW-01,2025-10-16,2025-11-05,DELIVERED,38530.22,USD,2025-10-16T00:00:00
PO-2025-00846,PO-000846,SUP-0049,FAC-US-01,WH-US-RAW-01,2025-06-15,2025-06-30,DELIVERED,5117.86,USD,2025-06-15T00:00:00
PO-2025-00847,PO-000847,SUP-0053,FAC-EU-01,WH-EU-RAW-01,2026-03-15,2026-04-17,IN_TRANSIT,18145.61,USD,2026-03-15T00:00:00
PO-2025-00848,PO-000848,SUP-0048,FAC-MX-01,WH-MX-RAW-01,2025-09-16,2025-10-14,DELIVERED,62225.62,USD,2025-09-16T00:00:00
PO-2025-00849,PO-000849,SUP-0064,FAC-US-01,WH-US-RAW-01,2025-06-22,2025-07-17,DELIVERED,8877.36,USD,2025-06-22T00:00:00
PO-2025-00850,PO-000850,SUP-0006,FAC-MX-01,WH-MX-RAW-01,2025-03-12,2025-03-24,DELIVERED,26751.62,USD,2025-03-12T00:00:00
PO-2025-00851,PO-000851,SUP-0041,FAC-APAC-01,WH-APAC-RAW-01,2025-12-20,2026-01-13,DELIVERED,12102.19,USD,2025-12-20T00:00:00
PO-2025-00852,PO-000852,SUP-0085,FAC-EU-01,WH-EU-RAW-01,2025-12-17,2025-12-24,DELIVERED,10926.84,USD,2025-12-17T00:00:00
PO-2025-00853,PO-000853,SUP-0045,FAC-EU-01,WH-EU-RAW-01,2025-09-14,2025-09-30,DELIVERED,11305.1,USD,2025-09-14T00:00:00
PO-2025-00854,PO-000854,SUP-0027,FAC-US-01,WH-US-RAW-01,2025-04-28,2025-05-20,DELIVERED,279880.12,USD,2025-04-28T00:00:00
PO-2025-00855,PO-000855,SUP-0010,FAC-EU-01,WH-EU-RAW-01,2025-10-09,2025-10-27,OVERDUE,335815.91,USD,2025-10-09T00:00:00
PO-2025-00856,PO-000856,SUP-0055,FAC-APAC-01,WH-APAC-RAW-01,2025-09-03,2025-09-25,DELIVERED,27888.96,USD,2025-09-03T00:00:00
PO-2025-00857,PO-000857,SUP-0120,FAC-US-01,WH-US-RAW-01,2025-12-28,2026-01-26,DELIVERED,114197.76,USD,2025-12-28T00:00:00
PO-2025-00858,PO-000858,SUP-0076,FAC-EU-01,WH-EU-RAW-01,2025-12-08,2026-01-11,DELIVERED,28325.25,USD,2025-12-08T00:00:00
PO-2025-00859,PO-000859,SUP-0012,FAC-US-01,WH-US-RAW-01,2025-09-23,2025-10-05,DELIVERED,67277.15,USD,2025-09-23T00:00:00
PO-2025-00860,PO-000860,SUP-0005,FAC-APAC-01,WH-APAC-RAW-01,2025-07-25,2025-08-15,DELIVERED,22474.96,USD,2025-07-25T00:00:00
PO-2025-00861,PO-000861,SUP-0108,FAC-EU-01,WH-EU-RAW-01,2026-05-25,2026-06-14,PENDING,46641.55,USD,2026-05-25T00:00:00
PO-2025-00862,PO-000862,SUP-0091,FAC-US-01,WH-US-RAW-01,2025-10-24,2025-11-09,DELIVERED,14294.28,USD,2025-10-24T00:00:00
PO-2025-00863,PO-000863,SUP-0016,FAC-US-01,WH-US-RAW-01,2025-12-31,2026-01-21,DELIVERED,8888.83,USD,2025-12-31T00:00:00
PO-2025-00864,PO-000864,SUP-0119,FAC-US-01,WH-US-RAW-01,2025-06-14,2025-07-19,DELIVERED,4001.58,USD,2025-06-14T00:00:00
PO-2025-00865,PO-000865,SUP-0107,FAC-MX-01,WH-MX-RAW-01,2025-11-03,2025-11-19,DELIVERED,26663.42,USD,2025-11-03T00:00:00
PO-2025-00866,PO-000866,SUP-0107,FAC-US-01,WH-US-RAW-01,2025-03-14,2025-03-27,DELIVERED,12905.76,USD,2025-03-14T00:00:00
PO-2025-00867,PO-000867,SUP-0052,FAC-MX-01,WH-MX-RAW-01,2025-11-09,2025-12-09,DELIVERED,119789.66,USD,2025-11-09T00:00:00
PO-2025-00868,PO-000868,SUP-0105,FAC-US-01,WH-US-RAW-01,2026-04-29,2026-05-17,PENDING,7833.78,USD,2026-04-29T00:00:00
PO-2025-00869,PO-000869,SUP-0110,FAC-MX-01,WH-MX-RAW-01,2025-09-30,2025-10-17,DELIVERED,9891.84,USD,2025-09-30T00:00:00
PO-2025-00870,PO-000870,SUP-0090,FAC-MX-01,WH-MX-RAW-01,2025-03-28,2025-04-19,DELIVERED,15975.52,USD,2025-03-28T00:00:00
PO-2025-00871,PO-000871,SUP-0003,FAC-MX-01,WH-MX-RAW-01,2025-03-19,2025-04-08,DELIVERED,1375.2,USD,2025-03-19T00:00:00
PO-2025-00872,PO-000872,SUP-0029,FAC-MX-01,WH-MX-RAW-01,2025-10-01,2025-11-04,DELIVERED,5221.34,USD,2025-10-01T00:00:00
PO-2025-00873,PO-000873,SUP-0074,FAC-US-01,WH-US-RAW-01,2025-06-25,2025-07-20,DELIVERED,17677.24,USD,2025-06-25T00:00:00
PO-2025-00874,PO-000874,SUP-0095,FAC-MX-01,WH-MX-RAW-01,2025-03-09,2025-03-21,DELIVERED,120038.13,USD,2025-03-09T00:00:00
PO-2025-00875,PO-000875,SUP-0095,FAC-EU-01,WH-EU-RAW-01,2026-01-21,2026-02-02,DELIVERED,51816.39,USD,2026-01-21T00:00:00
PO-2025-00876,PO-000876,SUP-0082,FAC-EU-01,WH-EU-RAW-01,2025-10-25,2026-01-02,DELIVERED,53782.28,USD,2025-10-25T00:00:00
PO-2025-00877,PO-000877,SUP-0009,FAC-MX-01,WH-MX-RAW-01,2025-08-25,2025-10-16,DELIVERED,467.88,USD,2025-08-25T00:00:00
PO-2025-00878,PO-000878,SUP-0024,FAC-MX-01,WH-MX-RAW-01,2026-03-20,2026-04-08,CANCELLED,108980.85,USD,2026-03-20T00:00:00
PO-2025-00879,PO-000879,SUP-0013,FAC-APAC-01,WH-APAC-RAW-01,2025-05-30,2025-06-17,DELIVERED,76311.92,USD,2025-05-30T00:00:00
PO-2025-00880,PO-000880,SUP-0118,FAC-EU-01,WH-EU-RAW-01,2026-04-23,2026-05-25,PENDING,4707.61,USD,2026-04-23T00:00:00
PO-2025-00881,PO-000881,SUP-0043,FAC-MX-01,WH-MX-RAW-01,2025-09-04,2025-10-02,DELIVERED,4774.11,USD,2025-09-04T00:00:00
PO-2025-00882,PO-000882,SUP-0112,FAC-MX-01,WH-MX-RAW-01,2026-03-14,2026-04-02,DELIVERED,42301.6,USD,2026-03-14T00:00:00
PO-2025-00883,PO-000883,SUP-0026,FAC-APAC-01,WH-APAC-RAW-01,2025-12-08,2026-01-11,DELIVERED,1221.83,USD,2025-12-08T00:00:00
PO-2025-00884,PO-000884,SUP-0009,FAC-APAC-01,WH-APAC-RAW-01,2026-02-15,2026-04-09,DELIVERED,2882.0,USD,2026-02-15T00:00:00
PO-2025-00885,PO-000885,SUP-0099,FAC-EU-01,WH-EU-RAW-01,2026-05-20,2026-06-05,PENDING,104194.64,USD,2026-05-20T00:00:00
PO-2025-00886,PO-000886,SUP-0051,FAC-APAC-01,WH-APAC-RAW-01,2025-08-24,2025-09-21,DELIVERED,522.75,USD,2025-08-24T00:00:00
PO-2025-00887,PO-000887,SUP-0025,FAC-APAC-01,WH-APAC-RAW-01,2026-04-27,2026-05-09,PENDING,24504.66,USD,2026-04-27T00:00:00
PO-2025-00888,PO-000888,SUP-0095,FAC-MX-01,WH-MX-RAW-01,2025-10-02,2025-10-20,DELIVERED,30181.08,USD,2025-10-02T00:00:00
PO-2025-00889,PO-000889,SUP-0041,FAC-US-01,WH-US-RAW-01,2025-09-30,2025-10-20,DELIVERED,15927.64,USD,2025-09-30T00:00:00
PO-2025-00890,PO-000890,SUP-0015,FAC-MX-01,WH-MX-RAW-01,2025-09-14,2025-11-13,OVERDUE,2800.34,USD,2025-09-14T00:00:00
PO-2025-00891,PO-000891,SUP-0092,FAC-EU-01,WH-EU-RAW-01,2025-11-20,2025-12-09,DELIVERED,15866.5,USD,2025-11-20T00:00:00
PO-2025-00892,PO-000892,SUP-0041,FAC-APAC-01,WH-APAC-RAW-01,2025-06-22,2025-07-16,DELIVERED,2860.1,USD,2025-06-22T00:00:00
PO-2025-00893,PO-000893,SUP-0069,FAC-EU-01,WH-EU-RAW-01,2025-11-23,2025-12-11,DELIVERED,163877.12,USD,2025-11-23T00:00:00
PO-2025-00894,PO-000894,SUP-0001,FAC-US-01,WH-US-RAW-01,2025-11-20,2026-01-19,DELIVERED,3698.88,USD,2025-11-20T00:00:00
PO-2025-00895,PO-000895,SUP-0066,FAC-US-01,WH-US-RAW-01,2026-01-23,2026-02-16,CANCELLED,1683.24,USD,2026-01-23T00:00:00
PO-2025-00896,PO-000896,SUP-0079,FAC-EU-01,WH-EU-RAW-01,2026-02-18,2026-03-14,OVERDUE,174421.81,USD,2026-02-18T00:00:00
PO-2025-00897,PO-000897,SUP-0060,FAC-US-01,WH-US-RAW-01,2025-10-19,2025-11-17,DELIVERED,9297.6,USD,2025-10-19T00:00:00
PO-2025-00898,PO-000898,SUP-0039,FAC-US-01,WH-US-RAW-01,2025-08-30,2025-09-30,DELIVERED,19519.57,USD,2025-08-30T00:00:00
PO-2025-00899,PO-000899,SUP-0010,FAC-MX-01,WH-MX-RAW-01,2025-08-12,2025-08-27,OVERDUE,58476.26,USD,2025-08-12T00:00:00
PO-2025-00900,PO-000900,SUP-0070,FAC-EU-01,WH-EU-RAW-01,2025-07-13,2025-09-07,DELIVERED,26109.98,USD,2025-07-13T00:00:00
PO-2025-00901,PO-000901,SUP-0091,FAC-EU-01,WH-EU-RAW-01,2025-04-16,2025-04-30,OVERDUE,10544.61,USD,2025-04-16T00:00:00
PO-2025-00902,PO-000902,SUP-0075,FAC-MX-01,WH-MX-RAW-01,2025-09-15,2025-10-12,OVERDUE,10452.8,USD,2025-09-15T00:00:00
PO-2025-00903,PO-000903,SUP-0090,FAC-US-01,WH-US-RAW-01,2025-08-17,2025-09-13,DELIVERED,7923.96,USD,2025-08-17T00:00:00
PO-2025-00904,PO-000904,SUP-0039,FAC-APAC-01,WH-APAC-RAW-01,2026-05-01,2026-05-27,PENDING,355470.21,USD,2026-05-01T00:00:00
PO-2025-00905,PO-000905,SUP-0007,FAC-MX-01,WH-MX-RAW-01,2025-11-25,2025-12-17,DELIVERED,60059.76,USD,2025-11-25T00:00:00
PO-2025-00906,PO-000906,SUP-0079,FAC-MX-01,WH-MX-RAW-01,2025-09-16,2025-10-13,DELIVERED,2532.72,USD,2025-09-16T00:00:00
PO-2025-00907,PO-000907,SUP-0021,FAC-MX-01,WH-MX-RAW-01,2025-12-01,2025-12-27,DELIVERED,860.51,USD,2025-12-01T00:00:00
PO-2025-00908,PO-000908,SUP-0049,FAC-APAC-01,WH-APAC-RAW-01,2025-06-13,2025-06-29,DELIVERED,7938.72,USD,2025-06-13T00:00:00
PO-2025-00909,PO-000909,SUP-0037,FAC-EU-01,WH-EU-RAW-01,2025-10-20,2025-11-16,DELIVERED,23335.93,USD,2025-10-20T00:00:00
PO-2025-00910,PO-000910,SUP-0078,FAC-MX-01,WH-MX-RAW-01,2025-12-14,2026-01-04,DELIVERED,6520.24,USD,2025-12-14T00:00:00
PO-2025-00911,PO-000911,SUP-0102,FAC-MX-01,WH-MX-RAW-01,2025-11-04,2025-11-26,DELIVERED,4194.19,USD,2025-11-04T00:00:00
PO-2025-00912,PO-000912,SUP-0003,FAC-EU-01,WH-EU-RAW-01,2025-10-06,2025-10-24,DELIVERED,209183.16,USD,2025-10-06T00:00:00
PO-2025-00913,PO-000913,SUP-0073,FAC-US-01,WH-US-RAW-01,2026-06-04,2026-07-04,PENDING,638.78,USD,2026-06-04T00:00:00
PO-2025-00914,PO-000914,SUP-0038,FAC-EU-01,WH-EU-RAW-01,2026-03-10,2026-04-01,OVERDUE,15708.68,USD,2026-03-10T00:00:00
PO-2025-00915,PO-000915,SUP-0087,FAC-EU-01,WH-EU-RAW-01,2025-12-13,2025-12-28,CANCELLED,1307.88,USD,2025-12-13T00:00:00
PO-2025-00916,PO-000916,SUP-0022,FAC-APAC-01,WH-APAC-RAW-01,2025-11-28,2025-12-15,DELIVERED,163470.03,USD,2025-11-28T00:00:00
PO-2025-00917,PO-000917,SUP-0065,FAC-APAC-01,WH-APAC-RAW-01,2025-12-13,2026-01-15,DELIVERED,51084.52,USD,2025-12-13T00:00:00
PO-2025-00918,PO-000918,SUP-0061,FAC-MX-01,WH-MX-RAW-01,2025-07-17,2025-07-31,DELIVERED,1416.16,USD,2025-07-17T00:00:00
PO-2025-00919,PO-000919,SUP-0054,FAC-APAC-01,WH-APAC-RAW-01,2025-10-04,2025-10-31,DELIVERED,347475.69,USD,2025-10-04T00:00:00
PO-2025-00920,PO-000920,SUP-0094,FAC-MX-01,WH-MX-RAW-01,2025-03-29,2025-04-12,OVERDUE,56130.57,USD,2025-03-29T00:00:00
PO-2025-00921,PO-000921,SUP-0009,FAC-MX-01,WH-MX-RAW-01,2025-10-31,2025-12-26,DELIVERED,11243.7,USD,2025-10-31T00:00:00
PO-2025-00922,PO-000922,SUP-0001,FAC-APAC-01,WH-APAC-RAW-01,2025-11-20,2026-01-17,DELIVERED,1244.42,USD,2025-11-20T00:00:00
PO-2025-00923,PO-000923,SUP-0022,FAC-US-01,WH-US-RAW-01,2025-07-29,2025-08-13,OVERDUE,63171.54,USD,2025-07-29T00:00:00
PO-2025-00924,PO-000924,SUP-0075,FAC-EU-01,WH-EU-RAW-01,2026-04-29,2026-05-25,PENDING,48873.92,USD,2026-04-29T00:00:00
PO-2025-00925,PO-000925,SUP-0006,FAC-US-01,WH-US-RAW-01,2026-03-24,2026-04-10,DELIVERED,16223.21,USD,2026-03-24T00:00:00
PO-2025-00926,PO-000926,SUP-0004,FAC-MX-01,WH-MX-RAW-01,2026-01-11,2026-02-11,DELIVERED,152060.87,USD,2026-01-11T00:00:00
PO-2025-00927,PO-000927,SUP-0059,FAC-US-01,WH-US-RAW-01,2025-11-17,2026-01-20,DELIVERED,57769.46,USD,2025-11-17T00:00:00
PO-2025-00928,PO-000928,SUP-0119,FAC-APAC-01,WH-APAC-RAW-01,2026-03-05,2026-04-08,OVERDUE,9931.32,USD,2026-03-05T00:00:00
PO-2025-00929,PO-000929,SUP-0110,FAC-US-01,WH-US-RAW-01,2025-06-08,2025-06-25,DELIVERED,73976.3,USD,2025-06-08T00:00:00
PO-2025-00930,PO-000930,SUP-0002,FAC-US-01,WH-US-RAW-01,2026-02-02,2026-02-21,DELIVERED,50057.49,USD,2026-02-02T00:00:00
PO-2025-00931,PO-000931,SUP-0059,FAC-EU-01,WH-EU-RAW-01,2025-06-05,2025-08-06,DELIVERED,231742.14,USD,2025-06-05T00:00:00
PO-2025-00932,PO-000932,SUP-0001,FAC-APAC-01,WH-APAC-RAW-01,2026-02-03,2026-04-01,DELIVERED,11562.27,USD,2026-02-03T00:00:00
PO-2025-00933,PO-000933,SUP-0004,FAC-MX-01,WH-MX-RAW-01,2025-08-19,2025-09-14,DELIVERED,4911.33,USD,2025-08-19T00:00:00
PO-2025-00934,PO-000934,SUP-0023,FAC-EU-01,WH-EU-RAW-01,2026-03-08,2026-03-23,DELIVERED,1760.42,USD,2026-03-08T00:00:00
PO-2025-00935,PO-000935,SUP-0076,FAC-EU-01,WH-EU-RAW-01,2026-04-14,2026-05-22,PENDING,23053.17,USD,2026-04-14T00:00:00
PO-2025-00936,PO-000936,SUP-0008,FAC-MX-01,WH-MX-RAW-01,2025-06-19,2025-07-23,DELIVERED,12517.44,USD,2025-06-19T00:00:00
PO-2025-00937,PO-000937,SUP-0109,FAC-EU-01,WH-EU-RAW-01,2025-10-26,2025-11-10,CANCELLED,54534.06,USD,2025-10-26T00:00:00
PO-2025-00938,PO-000938,SUP-0039,FAC-EU-01,WH-EU-RAW-01,2026-05-16,2026-06-16,PENDING,321554.13,USD,2026-05-16T00:00:00
PO-2025-00939,PO-000939,SUP-0042,FAC-EU-01,WH-EU-RAW-01,2025-11-02,2025-11-26,DELIVERED,108672.89,USD,2025-11-02T00:00:00
PO-2025-00940,PO-000940,SUP-0089,FAC-EU-01,WH-EU-RAW-01,2026-03-02,2026-03-18,DELIVERED,44229.85,USD,2026-03-02T00:00:00
PO-2025-00941,PO-000941,SUP-0018,FAC-EU-01,WH-EU-RAW-01,2025-12-04,2025-12-28,DELIVERED,65162.46,USD,2025-12-04T00:00:00
PO-2025-00942,PO-000942,SUP-0101,FAC-US-01,WH-US-RAW-01,2025-09-27,2025-10-22,DELIVERED,16521.66,USD,2025-09-27T00:00:00
PO-2025-00943,PO-000943,SUP-0010,FAC-EU-01,WH-EU-RAW-01,2025-08-23,2025-09-07,DELIVERED,18476.1,USD,2025-08-23T00:00:00
PO-2025-00944,PO-000944,SUP-0075,FAC-US-01,WH-US-RAW-01,2025-07-18,2025-08-13,DELIVERED,25965.2,USD,2025-07-18T00:00:00
PO-2025-00945,PO-000945,SUP-0106,FAC-US-01,WH-US-RAW-01,2026-01-23,2026-03-01,DELIVERED,12351.1,USD,2026-01-23T00:00:00
PO-2025-00946,PO-000946,SUP-0017,FAC-US-01,WH-US-RAW-01,2025-10-01,2025-11-20,DELIVERED,58156.43,USD,2025-10-01T00:00:00
PO-2025-00947,PO-000947,SUP-0031,FAC-APAC-01,WH-APAC-RAW-01,2025-11-11,2026-01-12,DELIVERED,72384.51,USD,2025-11-11T00:00:00
PO-2025-00948,PO-000948,SUP-0089,FAC-US-01,WH-US-RAW-01,2025-11-05,2025-11-20,CANCELLED,37368.82,USD,2025-11-05T00:00:00
PO-2025-00949,PO-000949,SUP-0005,FAC-MX-01,WH-MX-RAW-01,2025-11-30,2025-12-19,OVERDUE,16569.09,USD,2025-11-30T00:00:00
PO-2025-00950,PO-000950,SUP-0049,FAC-APAC-01,WH-APAC-RAW-01,2026-03-03,2026-03-23,DELIVERED,5675.45,USD,2026-03-03T00:00:00
PO-2025-00951,PO-000951,SUP-0117,FAC-US-01,WH-US-RAW-01,2026-05-16,2026-06-17,PENDING,64221.08,USD,2026-05-16T00:00:00
PO-2025-00952,PO-000952,SUP-0001,FAC-APAC-01,WH-APAC-RAW-01,2025-10-08,2025-12-06,DELIVERED,41231.67,USD,2025-10-08T00:00:00
PO-2025-00953,PO-000953,SUP-0095,FAC-MX-01,WH-MX-RAW-01,2026-02-16,2026-03-01,DELIVERED,7425.05,USD,2026-02-16T00:00:00
PO-2025-00954,PO-000954,SUP-0062,FAC-US-01,WH-US-RAW-01,2026-01-24,2026-02-28,DELIVERED,345801.7,USD,2026-01-24T00:00:00
PO-2025-00955,PO-000955,SUP-0118,FAC-EU-01,WH-EU-RAW-01,2025-11-29,2025-12-27,DELIVERED,103370.96,USD,2025-11-29T00:00:00
PO-2025-00956,PO-000956,SUP-0112,FAC-EU-01,WH-EU-RAW-01,2026-04-23,2026-05-12,PENDING,37484.58,USD,2026-04-23T00:00:00
PO-2025-00957,PO-000957,SUP-0012,FAC-APAC-01,WH-APAC-RAW-01,2025-07-16,2025-08-04,CANCELLED,208200.12,USD,2025-07-16T00:00:00
PO-2025-00958,PO-000958,SUP-0004,FAC-EU-01,WH-EU-RAW-01,2025-05-26,2025-06-21,DELIVERED,64502.18,USD,2025-05-26T00:00:00
PO-2025-00959,PO-000959,SUP-0086,FAC-MX-01,WH-MX-RAW-01,2026-02-26,2026-03-06,CANCELLED,8995.18,USD,2026-02-26T00:00:00
PO-2025-00960,PO-000960,SUP-0083,FAC-EU-01,WH-EU-RAW-01,2025-10-19,2025-11-19,DELIVERED,1037.21,USD,2025-10-19T00:00:00
PO-2025-00961,PO-000961,SUP-0012,FAC-US-01,WH-US-RAW-01,2026-02-23,2026-03-14,DELIVERED,13980.36,USD,2026-02-23T00:00:00
PO-2025-00962,PO-000962,SUP-0049,FAC-EU-01,WH-EU-RAW-01,2026-03-16,2026-04-05,DELIVERED,39025.51,USD,2026-03-16T00:00:00
PO-2025-00963,PO-000963,SUP-0013,FAC-EU-01,WH-EU-RAW-01,2025-04-20,2025-05-11,OVERDUE,17832.19,USD,2025-04-20T00:00:00
PO-2025-00964,PO-000964,SUP-0001,FAC-MX-01,WH-MX-RAW-01,2026-03-11,2026-05-06,IN_TRANSIT,19079.37,USD,2026-03-11T00:00:00
PO-2025-00965,PO-000965,SUP-0046,FAC-MX-01,WH-MX-RAW-01,2025-10-22,2025-11-21,DELIVERED,6664.8,USD,2025-10-22T00:00:00
PO-2025-00966,PO-000966,SUP-0046,FAC-EU-01,WH-EU-RAW-01,2025-11-10,2025-12-11,DELIVERED,4772.79,USD,2025-11-10T00:00:00
PO-2025-00967,PO-000967,SUP-0110,FAC-EU-01,WH-EU-RAW-01,2025-12-14,2025-12-27,DELIVERED,95581.55,USD,2025-12-14T00:00:00
PO-2025-00968,PO-000968,SUP-0082,FAC-US-01,WH-US-RAW-01,2026-04-03,2026-06-07,IN_TRANSIT,31937.8,USD,2026-04-03T00:00:00
PO-2025-00969,PO-000969,SUP-0093,FAC-US-01,WH-US-RAW-01,2025-03-02,2025-04-16,DELIVERED,47366.16,USD,2025-03-02T00:00:00
PO-2025-00970,PO-000970,SUP-0007,FAC-APAC-01,WH-APAC-RAW-01,2025-10-31,2025-11-24,DELIVERED,415.35,USD,2025-10-31T00:00:00
PO-2025-00971,PO-000971,SUP-0117,FAC-MX-01,WH-MX-RAW-01,2025-12-31,2026-01-30,OVERDUE,27635.68,USD,2025-12-31T00:00:00
PO-2025-00972,PO-000972,SUP-0116,FAC-EU-01,WH-EU-RAW-01,2026-01-11,2026-01-23,DELIVERED,194403.24,USD,2026-01-11T00:00:00
PO-2025-00973,PO-000973,SUP-0100,FAC-APAC-01,WH-APAC-RAW-01,2026-01-02,2026-01-14,OVERDUE,24128.1,USD,2026-01-02T00:00:00
PO-2025-00974,PO-000974,SUP-0081,FAC-US-01,WH-US-RAW-01,2025-06-11,2025-07-13,DELIVERED,16036.65,USD,2025-06-11T00:00:00
PO-2025-00975,PO-000975,SUP-0077,FAC-US-01,WH-US-RAW-01,2025-08-29,2025-09-18,DELIVERED,13481.52,USD,2025-08-29T00:00:00
PO-2025-00976,PO-000976,SUP-0003,FAC-MX-01,WH-MX-RAW-01,2025-09-21,2025-10-09,DELIVERED,9187.9,USD,2025-09-21T00:00:00
PO-2025-00977,PO-000977,SUP-0013,FAC-US-01,WH-US-RAW-01,2026-02-07,2026-02-28,OVERDUE,16609.74,USD,2026-02-07T00:00:00
PO-2025-00978,PO-000978,SUP-0016,FAC-MX-01,WH-MX-RAW-01,2025-08-20,2025-09-13,DELIVERED,4212.37,USD,2025-08-20T00:00:00
PO-2025-00979,PO-000979,SUP-0023,FAC-US-01,WH-US-RAW-01,2025-07-21,2025-08-05,DELIVERED,14091.66,USD,2025-07-21T00:00:00
PO-2025-00980,PO-000980,SUP-0031,FAC-EU-01,WH-EU-RAW-01,2026-04-24,2026-06-28,PENDING,29769.3,USD,2026-04-24T00:00:00
PO-2025-00981,PO-000981,SUP-0031,FAC-APAC-01,WH-APAC-RAW-01,2025-02-11,2025-04-12,DELIVERED,8875.0,USD,2025-02-11T00:00:00
PO-2025-00982,PO-000982,SUP-0045,FAC-APAC-01,WH-APAC-RAW-01,2026-06-14,2026-06-26,PENDING,7772.0,USD,2026-06-14T00:00:00
PO-2025-00983,PO-000983,SUP-0001,FAC-MX-01,WH-MX-RAW-01,2025-12-28,2026-02-25,DELIVERED,74334.6,USD,2025-12-28T00:00:00
PO-2025-00984,PO-000984,SUP-0052,FAC-APAC-01,WH-APAC-RAW-01,2026-02-16,2026-03-12,DELIVERED,332442.2,USD,2026-02-16T00:00:00
PO-2025-00985,PO-000985,SUP-0004,FAC-US-01,WH-US-RAW-01,2025-08-27,2025-09-26,DELIVERED,100178.91,USD,2025-08-27T00:00:00
PO-2025-00986,PO-000986,SUP-0067,FAC-MX-01,WH-MX-RAW-01,2025-02-22,2025-03-11,DELIVERED,1464717.15,USD,2025-02-22T00:00:00
PO-2025-00987,PO-000987,SUP-0099,FAC-MX-01,WH-MX-RAW-01,2026-01-15,2026-01-26,DELIVERED,63722.72,USD,2026-01-15T00:00:00
PO-2025-00988,PO-000988,SUP-0114,FAC-EU-01,WH-EU-RAW-01,2026-02-18,2026-03-12,DELIVERED,6573.05,USD,2026-02-18T00:00:00
PO-2025-00989,PO-000989,SUP-0039,FAC-EU-01,WH-EU-RAW-01,2026-01-16,2026-02-17,DELIVERED,7230.38,USD,2026-01-16T00:00:00
PO-2025-00990,PO-000990,SUP-0086,FAC-APAC-01,WH-APAC-RAW-01,2025-06-16,2025-06-26,DELIVERED,487.2,USD,2025-06-16T00:00:00
PO-2025-00991,PO-000991,SUP-0095,FAC-EU-01,WH-EU-RAW-01,2026-01-20,2026-02-01,DELIVERED,67502.82,USD,2026-01-20T00:00:00
PO-2025-00992,PO-000992,SUP-0060,FAC-US-01,WH-US-RAW-01,2026-01-26,2026-02-24,DELIVERED,19477.99,USD,2026-01-26T00:00:00
PO-2025-00993,PO-000993,SUP-0012,FAC-EU-01,WH-EU-RAW-01,2025-12-23,2026-01-05,DELIVERED,71752.44,USD,2025-12-23T00:00:00
PO-2025-00994,PO-000994,SUP-0105,FAC-EU-01,WH-EU-RAW-01,2026-01-25,2026-02-14,DELIVERED,869.4,USD,2026-01-25T00:00:00
PO-2025-00995,PO-000995,SUP-0003,FAC-US-01,WH-US-RAW-01,2026-02-23,2026-03-20,DELIVERED,732.96,USD,2026-02-23T00:00:00
PO-2025-00996,PO-000996,SUP-0065,FAC-MX-01,WH-MX-RAW-01,2025-12-11,2026-01-16,CANCELLED,2729.76,USD,2025-12-11T00:00:00
PO-2025-00997,PO-000997,SUP-0092,FAC-APAC-01,WH-APAC-RAW-01,2025-05-11,2025-05-28,DELIVERED,11084.95,USD,2025-05-11T00:00:00
PO-2025-00998,PO-000998,SUP-0059,FAC-US-01,WH-US-RAW-01,2025-11-03,2026-01-05,DELIVERED,461894.77,USD,2025-11-03T00:00:00
PO-2025-00999,PO-000999,SUP-0098,FAC-US-01,WH-US-RAW-01,2025-05-03,2025-05-31,OVERDUE,16770.74,USD,2025-05-03T00:00:00
PO-2025-01000,PO-001000,SUP-0097,FAC-US-01,WH-US-RAW-01,2025-10-08,2025-11-09,DELIVERED,67195.86,USD,2025-10-08T00:00:00
PO-2025-01001,PO-001001,SUP-0084,FAC-EU-01,WH-EU-RAW-01,2025-10-08,2025-11-03,DELIVERED,13320.49,USD,2025-10-08T00:00:00
PO-2025-01002,PO-001002,SUP-0105,FAC-APAC-01,WH-APAC-RAW-01,2025-04-23,2025-05-11,DELIVERED,47869.5,USD,2025-04-23T00:00:00
PO-2025-01003,PO-001003,SUP-0008,FAC-MX-01,WH-MX-RAW-01,2025-09-17,2025-10-17,DELIVERED,56248.88,USD,2025-09-17T00:00:00
PO-2025-01004,PO-001004,SUP-0110,FAC-MX-01,WH-MX-RAW-01,2025-05-27,2025-06-14,DELIVERED,3802.68,USD,2025-05-27T00:00:00
PO-2025-01005,PO-001005,SUP-0091,FAC-US-01,WH-US-RAW-01,2026-02-08,2026-02-24,DELIVERED,22656.0,USD,2026-02-08T00:00:00
PO-2025-01006,PO-001006,SUP-0092,FAC-MX-01,WH-MX-RAW-01,2026-04-17,2026-05-07,PENDING,191212.24,USD,2026-04-17T00:00:00
PO-2025-01007,PO-001007,SUP-0086,FAC-MX-01,WH-MX-RAW-01,2025-04-29,2025-05-09,DELIVERED,423906.84,USD,2025-04-29T00:00:00
PO-2025-01008,PO-001008,SUP-0060,FAC-US-01,WH-US-RAW-01,2026-04-22,2026-05-18,PENDING,83039.58,USD,2026-04-22T00:00:00
PO-2025-01009,PO-001009,SUP-0097,FAC-EU-01,WH-EU-RAW-01,2025-11-14,2025-12-19,DELIVERED,85713.23,USD,2025-11-14T00:00:00
PO-2025-01010,PO-001010,SUP-0037,FAC-APAC-01,WH-APAC-RAW-01,2025-08-29,2025-09-21,DELIVERED,73238.06,USD,2025-08-29T00:00:00
PO-2025-01011,PO-001011,SUP-0089,FAC-EU-01,WH-EU-RAW-01,2025-05-02,2025-05-22,DELIVERED,22559.01,USD,2025-05-02T00:00:00
PO-2025-01012,PO-001012,SUP-0113,FAC-EU-01,WH-EU-RAW-01,2025-11-07,2025-11-29,DELIVERED,10734.67,USD,2025-11-07T00:00:00
PO-2025-01013,PO-001013,SUP-0016,FAC-APAC-01,WH-APAC-RAW-01,2026-02-03,2026-02-25,DELIVERED,48124.5,USD,2026-02-03T00:00:00
PO-2025-01014,PO-001014,SUP-0059,FAC-EU-01,WH-EU-RAW-01,2026-01-06,2026-03-06,DELIVERED,5972.52,USD,2026-01-06T00:00:00
PO-2025-01015,PO-001015,SUP-0056,FAC-APAC-01,WH-APAC-RAW-01,2025-04-09,2025-04-30,DELIVERED,305864.73,USD,2025-04-09T00:00:00
PO-2025-01016,PO-001016,SUP-0112,FAC-MX-01,WH-MX-RAW-01,2025-04-29,2025-05-15,DELIVERED,38163.4,USD,2025-04-29T00:00:00
PO-2025-01017,PO-001017,SUP-0082,FAC-MX-01,WH-MX-RAW-01,2025-10-06,2025-12-09,DELIVERED,299554.23,USD,2025-10-06T00:00:00
PO-2025-01018,PO-001018,SUP-0099,FAC-MX-01,WH-MX-RAW-01,2025-08-27,2025-09-07,DELIVERED,135624.61,USD,2025-08-27T00:00:00
PO-2025-01019,PO-001019,SUP-0013,FAC-MX-01,WH-MX-RAW-01,2025-07-31,2025-08-22,DELIVERED,1229367.47,USD,2025-07-31T00:00:00
PO-2025-01020,PO-001020,SUP-0012,FAC-EU-01,WH-EU-RAW-01,2025-08-21,2025-09-05,DELIVERED,185112.11,USD,2025-08-21T00:00:00
PO-2025-01021,PO-001021,SUP-0117,FAC-MX-01,WH-MX-RAW-01,2026-02-07,2026-03-11,DELIVERED,21012.0,USD,2026-02-07T00:00:00
PO-2025-01022,PO-001022,SUP-0001,FAC-APAC-01,WH-APAC-RAW-01,2026-04-05,2026-06-01,IN_TRANSIT,93992.0,USD,2026-04-05T00:00:00
PO-2025-01023,PO-001023,SUP-0004,FAC-APAC-01,WH-APAC-RAW-01,2025-10-07,2025-11-05,DELIVERED,4133.64,USD,2025-10-07T00:00:00
PO-2025-01024,PO-001024,SUP-0008,FAC-US-01,WH-US-RAW-01,2026-03-23,2026-04-24,IN_TRANSIT,258660.0,USD,2026-03-23T00:00:00
PO-2025-01025,PO-001025,SUP-0056,FAC-MX-01,WH-MX-RAW-01,2025-09-07,2025-09-24,DELIVERED,35081.95,USD,2025-09-07T00:00:00
PO-2025-01026,PO-001026,SUP-0066,FAC-US-01,WH-US-RAW-01,2025-10-31,2025-11-22,DELIVERED,6668.61,USD,2025-10-31T00:00:00
PO-2025-01027,PO-001027,SUP-0105,FAC-MX-01,WH-MX-RAW-01,2025-07-28,2025-08-18,DELIVERED,72458.9,USD,2025-07-28T00:00:00
PO-2025-01028,PO-001028,SUP-0082,FAC-MX-01,WH-MX-RAW-01,2025-12-18,2026-02-23,DELIVERED,80278.22,USD,2025-12-18T00:00:00
PO-2025-01029,PO-001029,SUP-0019,FAC-APAC-01,WH-APAC-RAW-01,2026-05-14,2026-05-29,PENDING,3521.07,USD,2026-05-14T00:00:00
PO-2025-01030,PO-001030,SUP-0096,FAC-US-01,WH-US-RAW-01,2025-12-08,2025-12-23,DELIVERED,106509.7,USD,2025-12-08T00:00:00
PO-2025-01031,PO-001031,SUP-0117,FAC-APAC-01,WH-APAC-RAW-01,2025-09-20,2025-10-21,DELIVERED,527210.01,USD,2025-09-20T00:00:00
PO-2025-01032,PO-001032,SUP-0036,FAC-MX-01,WH-MX-RAW-01,2025-12-20,2025-12-30,OVERDUE,26894.96,USD,2025-12-20T00:00:00
PO-2025-01033,PO-001033,SUP-0031,FAC-US-01,WH-US-RAW-01,2025-06-04,2025-08-09,DELIVERED,209301.95,USD,2025-06-04T00:00:00
PO-2025-01034,PO-001034,SUP-0103,FAC-APAC-01,WH-APAC-RAW-01,2026-03-14,2026-05-02,IN_TRANSIT,6006.15,USD,2026-03-14T00:00:00
PO-2025-01035,PO-001035,SUP-0044,FAC-US-01,WH-US-RAW-01,2025-11-08,2026-01-03,DELIVERED,75863.81,USD,2025-11-08T00:00:00
PO-2025-01036,PO-001036,SUP-0073,FAC-EU-01,WH-EU-RAW-01,2025-10-22,2025-11-24,DELIVERED,58276.68,USD,2025-10-22T00:00:00
PO-2025-01037,PO-001037,SUP-0101,FAC-US-01,WH-US-RAW-01,2025-12-03,2026-01-02,DELIVERED,13239.42,USD,2025-12-03T00:00:00
PO-2025-01038,PO-001038,SUP-0044,FAC-APAC-01,WH-APAC-RAW-01,2025-12-14,2026-02-04,DELIVERED,4544.1,USD,2025-12-14T00:00:00
PO-2025-01039,PO-001039,SUP-0068,FAC-US-01,WH-US-RAW-01,2025-04-28,2025-05-18,DELIVERED,277882.48,USD,2025-04-28T00:00:00
PO-2025-01040,PO-001040,SUP-0059,FAC-MX-01,WH-MX-RAW-01,2025-12-30,2026-03-01,DELIVERED,60110.13,USD,2025-12-30T00:00:00
PO-2025-01041,PO-001041,SUP-0087,FAC-APAC-01,WH-APAC-RAW-01,2025-08-05,2025-08-24,DELIVERED,114120.63,USD,2025-08-05T00:00:00
PO-2025-01042,PO-001042,SUP-0093,FAC-APAC-01,WH-APAC-RAW-01,2026-01-08,2026-02-25,DELIVERED,10396.74,USD,2026-01-08T00:00:00
PO-2025-01043,PO-001043,SUP-0084,FAC-EU-01,WH-EU-RAW-01,2026-02-14,2026-03-11,DELIVERED,7431.62,USD,2026-02-14T00:00:00
PO-2025-01044,PO-001044,SUP-0083,FAC-MX-01,WH-MX-RAW-01,2026-02-07,2026-03-12,DELIVERED,72296.64,USD,2026-02-07T00:00:00
PO-2025-01045,PO-001045,SUP-0109,FAC-APAC-01,WH-APAC-RAW-01,2025-11-23,2025-12-07,DELIVERED,435298.55,USD,2025-11-23T00:00:00
PO-2025-01046,PO-001046,SUP-0094,FAC-APAC-01,WH-APAC-RAW-01,2025-11-13,2025-11-23,DELIVERED,135971.44,USD,2025-11-13T00:00:00
PO-2025-01047,PO-001047,SUP-0120,FAC-US-01,WH-US-RAW-01,2025-06-16,2025-07-14,DELIVERED,9754.92,USD,2025-06-16T00:00:00
PO-2025-01048,PO-001048,SUP-0026,FAC-US-01,WH-US-RAW-01,2026-01-28,2026-03-02,OVERDUE,13746.72,USD,2026-01-28T00:00:00
PO-2025-01049,PO-001049,SUP-0117,FAC-APAC-01,WH-APAC-RAW-01,2025-08-17,2025-09-14,DELIVERED,1808.58,USD,2025-08-17T00:00:00
PO-2025-01050,PO-001050,SUP-0024,FAC-MX-01,WH-MX-RAW-01,2025-11-06,2025-11-19,DELIVERED,26824.05,USD,2025-11-06T00:00:00
PO-2025-01051,PO-001051,SUP-0001,FAC-APAC-01,WH-APAC-RAW-01,2025-08-23,2025-10-23,OVERDUE,63823.6,USD,2025-08-23T00:00:00
PO-2025-01052,PO-001052,SUP-0016,FAC-EU-01,WH-EU-RAW-01,2025-06-10,2025-07-03,DELIVERED,349358.76,USD,2025-06-10T00:00:00
PO-2025-01053,PO-001053,SUP-0036,FAC-EU-01,WH-EU-RAW-01,2025-12-15,2025-12-28,OVERDUE,99491.07,USD,2025-12-15T00:00:00
PO-2025-01054,PO-001054,SUP-0115,FAC-US-01,WH-US-RAW-01,2025-04-13,2025-05-15,DELIVERED,1553.28,USD,2025-04-13T00:00:00
PO-2025-01055,PO-001055,SUP-0023,FAC-APAC-01,WH-APAC-RAW-01,2026-01-19,2026-01-29,CANCELLED,1014.26,USD,2026-01-19T00:00:00
PO-2025-01056,PO-001056,SUP-0012,FAC-EU-01,WH-EU-RAW-01,2025-09-05,2025-09-20,DELIVERED,63306.0,USD,2025-09-05T00:00:00
PO-2025-01057,PO-001057,SUP-0008,FAC-MX-01,WH-MX-RAW-01,2025-01-06,2025-02-09,DELIVERED,328198.97,USD,2025-01-06T00:00:00
PO-2025-01058,PO-001058,SUP-0107,FAC-MX-01,WH-MX-RAW-01,2025-11-11,2025-11-30,DELIVERED,11011.92,USD,2025-11-11T00:00:00
PO-2025-01059,PO-001059,SUP-0040,FAC-EU-01,WH-EU-RAW-01,2025-04-06,2025-04-27,CANCELLED,139545.36,USD,2025-04-06T00:00:00
PO-2025-01060,PO-001060,SUP-0042,FAC-EU-01,WH-EU-RAW-01,2025-08-19,2025-09-11,DELIVERED,292297.32,USD,2025-08-19T00:00:00
PO-2025-01061,PO-001061,SUP-0039,FAC-APAC-01,WH-APAC-RAW-01,2026-01-06,2026-02-04,DELIVERED,104081.56,USD,2026-01-06T00:00:00
PO-2025-01062,PO-001062,SUP-0118,FAC-US-01,WH-US-RAW-01,2025-04-21,2025-05-24,DELIVERED,35615.24,USD,2025-04-21T00:00:00
PO-2025-01063,PO-001063,SUP-0052,FAC-MX-01,WH-MX-RAW-01,2026-02-20,2026-03-20,DELIVERED,21724.8,USD,2026-02-20T00:00:00
PO-2025-01064,PO-001064,SUP-0072,FAC-EU-01,WH-EU-RAW-01,2025-01-28,2025-03-22,DELIVERED,5944.92,USD,2025-01-28T00:00:00
PO-2025-01065,PO-001065,SUP-0001,FAC-APAC-01,WH-APAC-RAW-01,2025-08-07,2025-10-05,DELIVERED,63821.85,USD,2025-08-07T00:00:00
PO-2025-01066,PO-001066,SUP-0114,FAC-MX-01,WH-MX-RAW-01,2026-01-16,2026-02-02,OVERDUE,777.4,USD,2026-01-16T00:00:00
PO-2025-01067,PO-001067,SUP-0056,FAC-MX-01,WH-MX-RAW-01,2025-09-05,2025-09-20,DELIVERED,65031.62,USD,2025-09-05T00:00:00
PO-2025-01068,PO-001068,SUP-0109,FAC-MX-01,WH-MX-RAW-01,2025-05-21,2025-06-03,DELIVERED,4335.66,USD,2025-05-21T00:00:00
PO-2025-01069,PO-001069,SUP-0069,FAC-US-01,WH-US-RAW-01,2025-09-21,2025-10-15,DELIVERED,157130.91,USD,2025-09-21T00:00:00
PO-2025-01070,PO-001070,SUP-0019,FAC-APAC-01,WH-APAC-RAW-01,2025-08-17,2025-09-01,DELIVERED,69587.1,USD,2025-08-17T00:00:00
PO-2025-01071,PO-001071,SUP-0119,FAC-APAC-01,WH-APAC-RAW-01,2026-02-22,2026-03-23,DELIVERED,52533.32,USD,2026-02-22T00:00:00
PO-2025-01072,PO-001072,SUP-0021,FAC-EU-01,WH-EU-RAW-01,2025-09-03,2025-09-29,DELIVERED,2478.3,USD,2025-09-03T00:00:00
PO-2025-01073,PO-001073,SUP-0021,FAC-EU-01,WH-EU-RAW-01,2026-02-01,2026-02-27,DELIVERED,4331.25,USD,2026-02-01T00:00:00
PO-2025-01074,PO-001074,SUP-0043,FAC-APAC-01,WH-APAC-RAW-01,2026-03-15,2026-04-13,DELIVERED,56888.73,USD,2026-03-15T00:00:00
PO-2025-01075,PO-001075,SUP-0031,FAC-EU-01,WH-EU-RAW-01,2025-10-17,2025-12-21,DELIVERED,21924.32,USD,2025-10-17T00:00:00
PO-2025-01076,PO-001076,SUP-0089,FAC-APAC-01,WH-APAC-RAW-01,2026-03-25,2026-04-15,OVERDUE,37873.17,USD,2026-03-25T00:00:00
PO-2025-01077,PO-001077,SUP-0001,FAC-US-01,WH-US-RAW-01,2025-09-27,2025-11-27,DELIVERED,57963.19,USD,2025-09-27T00:00:00
PO-2025-01078,PO-001078,SUP-0083,FAC-US-01,WH-US-RAW-01,2026-04-29,2026-05-27,PENDING,26334.88,USD,2026-04-29T00:00:00
PO-2025-01079,PO-001079,SUP-0022,FAC-APAC-01,WH-APAC-RAW-01,2025-05-12,2025-05-29,DELIVERED,5538.24,USD,2025-05-12T00:00:00
PO-2025-01080,PO-001080,SUP-0105,FAC-APAC-01,WH-APAC-RAW-01,2025-12-31,2026-01-22,CANCELLED,149888.7,USD,2025-12-31T00:00:00
PO-2025-01081,PO-001081,SUP-0074,FAC-EU-01,WH-EU-RAW-01,2025-11-05,2025-11-26,DELIVERED,3078.88,USD,2025-11-05T00:00:00
PO-2025-01082,PO-001082,SUP-0009,FAC-MX-01,WH-MX-RAW-01,2025-10-01,2025-11-20,DELIVERED,106820.89,USD,2025-10-01T00:00:00
PO-2025-01083,PO-001083,SUP-0068,FAC-MX-01,WH-MX-RAW-01,2025-12-16,2026-01-03,DELIVERED,396615.65,USD,2025-12-16T00:00:00
PO-2025-01084,PO-001084,SUP-0077,FAC-APAC-01,WH-APAC-RAW-01,2026-01-05,2026-01-26,DELIVERED,9081.09,USD,2026-01-05T00:00:00
PO-2025-01085,PO-001085,SUP-0068,FAC-US-01,WH-US-RAW-01,2025-01-30,2025-02-18,DELIVERED,33134.89,USD,2025-01-30T00:00:00
PO-2025-01086,PO-001086,SUP-0040,FAC-APAC-01,WH-APAC-RAW-01,2025-06-29,2025-07-26,DELIVERED,53758.8,USD,2025-06-29T00:00:00
PO-2025-01087,PO-001087,SUP-0015,FAC-EU-01,WH-EU-RAW-01,2026-01-08,2026-03-08,DELIVERED,90674.1,USD,2026-01-08T00:00:00
PO-2025-01088,PO-001088,SUP-0038,FAC-APAC-01,WH-APAC-RAW-01,2025-12-25,2026-01-21,DELIVERED,4026.61,USD,2025-12-25T00:00:00
PO-2025-01089,PO-001089,SUP-0021,FAC-APAC-01,WH-APAC-RAW-01,2026-05-01,2026-05-30,PENDING,7862.01,USD,2026-05-01T00:00:00
PO-2025-01090,PO-001090,SUP-0116,FAC-US-01,WH-US-RAW-01,2026-01-23,2026-02-03,DELIVERED,195892.92,USD,2026-01-23T00:00:00
PO-2025-01091,PO-001091,SUP-0005,FAC-MX-01,WH-MX-RAW-01,2026-04-19,2026-05-14,PENDING,535182.21,USD,2026-04-19T00:00:00
PO-2025-01092,PO-001092,SUP-0094,FAC-APAC-01,WH-APAC-RAW-01,2026-01-05,2026-01-21,DELIVERED,44797.57,USD,2026-01-05T00:00:00
PO-2025-01093,PO-001093,SUP-0080,FAC-MX-01,WH-MX-RAW-01,2025-08-28,2025-09-24,DELIVERED,66574.76,USD,2025-08-28T00:00:00
PO-2025-01094,PO-001094,SUP-0023,FAC-EU-01,WH-EU-RAW-01,2025-05-23,2025-06-03,DELIVERED,1346.52,USD,2025-05-23T00:00:00
PO-2025-01095,PO-001095,SUP-0104,FAC-EU-01,WH-EU-RAW-01,2026-01-30,2026-03-02,DELIVERED,9455.88,USD,2026-01-30T00:00:00
PO-2025-01096,PO-001096,SUP-0065,FAC-APAC-01,WH-APAC-RAW-01,2025-12-19,2026-01-22,DELIVERED,140401.78,USD,2025-12-19T00:00:00
PO-2025-01097,PO-001097,SUP-0043,FAC-MX-01,WH-MX-RAW-01,2025-04-07,2025-05-01,DELIVERED,60023.52,USD,2025-04-07T00:00:00
PO-2025-01098,PO-001098,SUP-0074,FAC-EU-01,WH-EU-RAW-01,2025-09-21,2025-10-16,DELIVERED,9350.8,USD,2025-09-21T00:00:00
PO-2025-01099,PO-001099,SUP-0081,FAC-US-01,WH-US-RAW-01,2026-04-23,2026-05-26,PENDING,8791.6,USD,2026-04-23T00:00:00
PO-2025-01100,PO-001100,SUP-0016,FAC-MX-01,WH-MX-RAW-01,2025-11-07,2025-12-01,DELIVERED,39931.08,USD,2025-11-07T00:00:00
PO-2025-01101,PO-001101,SUP-0083,FAC-MX-01,WH-MX-RAW-01,2025-10-17,2025-11-14,DELIVERED,7790.76,USD,2025-10-17T00:00:00
PO-2025-01102,PO-001102,SUP-0057,FAC-MX-01,WH-MX-RAW-01,2025-10-25,2025-11-14,DELIVERED,93200.3,USD,2025-10-25T00:00:00
PO-2025-01103,PO-001103,SUP-0076,FAC-MX-01,WH-MX-RAW-01,2025-07-20,2025-08-27,DELIVERED,331026.63,USD,2025-07-20T00:00:00
PO-2025-01104,PO-001104,SUP-0074,FAC-US-01,WH-US-RAW-01,2025-09-24,2025-10-14,DELIVERED,182147.16,USD,2025-09-24T00:00:00
PO-2025-01105,PO-001105,SUP-0081,FAC-EU-01,WH-EU-RAW-01,2025-09-25,2025-10-29,DELIVERED,18918.99,USD,2025-09-25T00:00:00
PO-2025-01106,PO-001106,SUP-0008,FAC-MX-01,WH-MX-RAW-01,2025-04-11,2025-05-11,CANCELLED,42585.54,USD,2025-04-11T00:00:00
PO-2025-01107,PO-001107,SUP-0001,FAC-US-01,WH-US-RAW-01,2026-01-25,2026-03-29,DELIVERED,12442.44,USD,2026-01-25T00:00:00
PO-2025-01108,PO-001108,SUP-0049,FAC-APAC-01,WH-APAC-RAW-01,2025-10-11,2025-10-27,DELIVERED,18475.9,USD,2025-10-11T00:00:00
PO-2025-01109,PO-001109,SUP-0049,FAC-MX-01,WH-MX-RAW-01,2026-02-14,2026-03-04,DELIVERED,4522.15,USD,2026-02-14T00:00:00
PO-2025-01110,PO-001110,SUP-0016,FAC-MX-01,WH-MX-RAW-01,2026-02-25,2026-03-25,DELIVERED,132.02,USD,2026-02-25T00:00:00
PO-2025-01111,PO-001111,SUP-0061,FAC-MX-01,WH-MX-RAW-01,2025-07-22,2025-08-05,DELIVERED,822601.78,USD,2025-07-22T00:00:00
PO-2025-01112,PO-001112,SUP-0083,FAC-MX-01,WH-MX-RAW-01,2025-12-23,2026-01-22,DELIVERED,713548.77,USD,2025-12-23T00:00:00
PO-2025-01113,PO-001113,SUP-0066,FAC-MX-01,WH-MX-RAW-01,2025-10-29,2025-11-17,DELIVERED,8695.35,USD,2025-10-29T00:00:00
PO-2025-01114,PO-001114,SUP-0065,FAC-EU-01,WH-EU-RAW-01,2026-03-10,2026-04-10,DELIVERED,28993.68,USD,2026-03-10T00:00:00
PO-2025-01115,PO-001115,SUP-0119,FAC-MX-01,WH-MX-RAW-01,2025-07-24,2025-08-26,DELIVERED,8360.8,USD,2025-07-24T00:00:00
PO-2025-01116,PO-001116,SUP-0016,FAC-APAC-01,WH-APAC-RAW-01,2025-12-28,2026-01-18,OVERDUE,56766.64,USD,2025-12-28T00:00:00
PO-2025-01117,PO-001117,SUP-0085,FAC-MX-01,WH-MX-RAW-01,2025-12-09,2025-12-20,DELIVERED,92672.48,USD,2025-12-09T00:00:00
PO-2025-01118,PO-001118,SUP-0055,FAC-MX-01,WH-MX-RAW-01,2025-08-27,2025-09-12,DELIVERED,3415.44,USD,2025-08-27T00:00:00
PO-2025-01119,PO-001119,SUP-0043,FAC-US-01,WH-US-RAW-01,2025-06-12,2025-07-05,DELIVERED,28015.79,USD,2025-06-12T00:00:00
PO-2025-01120,PO-001120,SUP-0029,FAC-APAC-01,WH-APAC-RAW-01,2025-12-21,2026-01-19,DELIVERED,87497.3,USD,2025-12-21T00:00:00
PO-2025-01121,PO-001121,SUP-0084,FAC-EU-01,WH-EU-RAW-01,2026-01-16,2026-02-09,OVERDUE,308971.04,USD,2026-01-16T00:00:00
PO-2025-01122,PO-001122,SUP-0020,FAC-APAC-01,WH-APAC-RAW-01,2025-09-04,2025-09-25,DELIVERED,42309.88,USD,2025-09-04T00:00:00
PO-2025-01123,PO-001123,SUP-0093,FAC-EU-01,WH-EU-RAW-01,2025-12-19,2026-01-31,DELIVERED,2275.2,USD,2025-12-19T00:00:00
PO-2025-01124,PO-001124,SUP-0004,FAC-US-01,WH-US-RAW-01,2025-10-04,2025-11-04,DELIVERED,122677.02,USD,2025-10-04T00:00:00
PO-2025-01125,PO-001125,SUP-0103,FAC-APAC-01,WH-APAC-RAW-01,2026-01-08,2026-02-25,DELIVERED,359483.25,USD,2026-01-08T00:00:00
PO-2025-01126,PO-001126,SUP-0095,FAC-MX-01,WH-MX-RAW-01,2025-07-16,2025-07-27,DELIVERED,45035.8,USD,2025-07-16T00:00:00
PO-2025-01127,PO-001127,SUP-0075,FAC-APAC-01,WH-APAC-RAW-01,2026-03-15,2026-04-14,DELIVERED,24164.23,USD,2026-03-15T00:00:00
PO-2025-01128,PO-001128,SUP-0095,FAC-EU-01,WH-EU-RAW-01,2025-08-24,2025-09-07,DELIVERED,4064.41,USD,2025-08-24T00:00:00
PO-2025-01129,PO-001129,SUP-0120,FAC-EU-01,WH-EU-RAW-01,2025-09-24,2025-10-23,DELIVERED,973.08,USD,2025-09-24T00:00:00
PO-2025-01130,PO-001130,SUP-0035,FAC-APAC-01,WH-APAC-RAW-01,2025-04-16,2025-06-03,OVERDUE,149341.22,USD,2025-04-16T00:00:00
PO-2025-01131,PO-001131,SUP-0083,FAC-MX-01,WH-MX-RAW-01,2025-05-27,2025-06-29,DELIVERED,140308.52,USD,2025-05-27T00:00:00
PO-2025-01132,PO-001132,SUP-0026,FAC-APAC-01,WH-APAC-RAW-01,2025-11-12,2025-12-17,DELIVERED,18926.34,USD,2025-11-12T00:00:00
PO-2025-01133,PO-001133,SUP-0095,FAC-MX-01,WH-MX-RAW-01,2025-08-16,2025-09-01,DELIVERED,30314.27,USD,2025-08-16T00:00:00
PO-2025-01134,PO-001134,SUP-0084,FAC-MX-01,WH-MX-RAW-01,2026-02-19,2026-03-18,DELIVERED,635.46,USD,2026-02-19T00:00:00
PO-2025-01135,PO-001135,SUP-0116,FAC-APAC-01,WH-APAC-RAW-01,2025-02-23,2025-03-05,DELIVERED,6375.1,USD,2025-02-23T00:00:00
PO-2025-01136,PO-001136,SUP-0021,FAC-US-01,WH-US-RAW-01,2025-09-28,2025-10-26,DELIVERED,2604.87,USD,2025-09-28T00:00:00
PO-2025-01137,PO-001137,SUP-0022,FAC-APAC-01,WH-APAC-RAW-01,2025-09-13,2025-10-02,OVERDUE,29641.24,USD,2025-09-13T00:00:00
PO-2025-01138,PO-001138,SUP-0003,FAC-APAC-01,WH-APAC-RAW-01,2025-03-03,2025-03-25,DELIVERED,3059.82,USD,2025-03-03T00:00:00
PO-2025-01139,PO-001139,SUP-0066,FAC-EU-01,WH-EU-RAW-01,2025-06-04,2025-06-22,DELIVERED,6148.73,USD,2025-06-04T00:00:00
PO-2025-01140,PO-001140,SUP-0059,FAC-EU-01,WH-EU-RAW-01,2025-10-10,2025-12-07,CANCELLED,102878.7,USD,2025-10-10T00:00:00
PO-2025-01141,PO-001141,SUP-0021,FAC-US-01,WH-US-RAW-01,2025-11-05,2025-12-07,DELIVERED,111907.37,USD,2025-11-05T00:00:00
PO-2025-01142,PO-001142,SUP-0021,FAC-APAC-01,WH-APAC-RAW-01,2025-10-07,2025-11-07,CANCELLED,22711.14,USD,2025-10-07T00:00:00
PO-2025-01143,PO-001143,SUP-0040,FAC-US-01,WH-US-RAW-01,2025-11-17,2025-12-12,DELIVERED,29287.98,USD,2025-11-17T00:00:00
PO-2025-01144,PO-001144,SUP-0031,FAC-MX-01,WH-MX-RAW-01,2025-12-05,2026-02-06,CANCELLED,172183.78,USD,2025-12-05T00:00:00
PO-2025-01145,PO-001145,SUP-0062,FAC-US-01,WH-US-RAW-01,2025-02-13,2025-03-18,DELIVERED,38493.63,USD,2025-02-13T00:00:00
PO-2025-01146,PO-001146,SUP-0010,FAC-APAC-01,WH-APAC-RAW-01,2025-10-27,2025-11-13,DELIVERED,181413.1,USD,2025-10-27T00:00:00
PO-2025-01147,PO-001147,SUP-0115,FAC-APAC-01,WH-APAC-RAW-01,2026-04-29,2026-05-28,PENDING,24617.6,USD,2026-04-29T00:00:00
PO-2025-01148,PO-001148,SUP-0082,FAC-EU-01,WH-EU-RAW-01,2025-11-13,2026-01-14,DELIVERED,201626.98,USD,2025-11-13T00:00:00
PO-2025-01149,PO-001149,SUP-0034,FAC-MX-01,WH-MX-RAW-01,2025-12-28,2026-01-29,DELIVERED,117357.12,USD,2025-12-28T00:00:00
PO-2025-01150,PO-001150,SUP-0085,FAC-US-01,WH-US-RAW-01,2025-09-03,2025-09-16,DELIVERED,203914.12,USD,2025-09-03T00:00:00
PO-2025-01151,PO-001151,SUP-0088,FAC-MX-01,WH-MX-RAW-01,2026-01-27,2026-02-19,DELIVERED,55463.12,USD,2026-01-27T00:00:00
PO-2025-01152,PO-001152,SUP-0091,FAC-EU-01,WH-EU-RAW-01,2026-01-27,2026-02-15,DELIVERED,17078.32,USD,2026-01-27T00:00:00
PO-2025-01153,PO-001153,SUP-0065,FAC-EU-01,WH-EU-RAW-01,2025-11-14,2025-12-21,DELIVERED,4709.4,USD,2025-11-14T00:00:00
PO-2025-01154,PO-001154,SUP-0114,FAC-US-01,WH-US-RAW-01,2026-05-11,2026-06-02,PENDING,1784.16,USD,2026-05-11T00:00:00
PO-2025-01155,PO-001155,SUP-0016,FAC-EU-01,WH-EU-RAW-01,2025-06-05,2025-06-29,DELIVERED,470122.55,USD,2025-06-05T00:00:00
PO-2025-01156,PO-001156,SUP-0075,FAC-US-01,WH-US-RAW-01,2025-02-27,2025-03-30,DELIVERED,15691.98,USD,2025-02-27T00:00:00
PO-2025-01157,PO-001157,SUP-0055,FAC-APAC-01,WH-APAC-RAW-01,2026-01-26,2026-02-15,DELIVERED,4724.16,USD,2026-01-26T00:00:00
PO-2025-01158,PO-001158,SUP-0012,FAC-MX-01,WH-MX-RAW-01,2026-02-08,2026-02-22,DELIVERED,12316.65,USD,2026-02-08T00:00:00
PO-2025-01159,PO-001159,SUP-0089,FAC-US-01,WH-US-RAW-01,2025-06-02,2025-06-23,DELIVERED,103447.58,USD,2025-06-02T00:00:00
PO-2025-01160,PO-001160,SUP-0055,FAC-US-01,WH-US-RAW-01,2025-08-15,2025-08-30,DELIVERED,114964.58,USD,2025-08-15T00:00:00
PO-2025-01161,PO-001161,SUP-0030,FAC-MX-01,WH-MX-RAW-01,2025-02-28,2025-03-31,DELIVERED,45546.19,USD,2025-02-28T00:00:00
PO-2025-01162,PO-001162,SUP-0024,FAC-US-01,WH-US-RAW-01,2025-08-26,2025-09-15,DELIVERED,8145.0,USD,2025-08-26T00:00:00
PO-2025-01163,PO-001163,SUP-0099,FAC-US-01,WH-US-RAW-01,2026-01-27,2026-02-05,DELIVERED,127509.75,USD,2026-01-27T00:00:00
PO-2025-01164,PO-001164,SUP-0044,FAC-APAC-01,WH-APAC-RAW-01,2025-11-13,2026-01-11,DELIVERED,4458.85,USD,2025-11-13T00:00:00
PO-2025-01165,PO-001165,SUP-0057,FAC-EU-01,WH-EU-RAW-01,2025-09-17,2025-10-08,DELIVERED,13476.51,USD,2025-09-17T00:00:00
PO-2025-01166,PO-001166,SUP-0076,FAC-MX-01,WH-MX-RAW-01,2025-09-25,2025-11-03,DELIVERED,193958.76,USD,2025-09-25T00:00:00
PO-2025-01167,PO-001167,SUP-0057,FAC-MX-01,WH-MX-RAW-01,2025-01-17,2025-02-07,DELIVERED,17583.51,USD,2025-01-17T00:00:00
PO-2025-01168,PO-001168,SUP-0021,FAC-EU-01,WH-EU-RAW-01,2025-08-29,2025-09-25,OVERDUE,231910.04,USD,2025-08-29T00:00:00
PO-2025-01169,PO-001169,SUP-0068,FAC-US-01,WH-US-RAW-01,2025-12-20,2026-01-09,OVERDUE,95192.58,USD,2025-12-20T00:00:00
PO-2025-01170,PO-001170,SUP-0085,FAC-EU-01,WH-EU-RAW-01,2026-05-09,2026-05-16,PENDING,993915.92,USD,2026-05-09T00:00:00
PO-2025-01171,PO-001171,SUP-0120,FAC-US-01,WH-US-RAW-01,2026-02-23,2026-03-18,DELIVERED,9014.04,USD,2026-02-23T00:00:00
PO-2025-01172,PO-001172,SUP-0003,FAC-EU-01,WH-EU-RAW-01,2025-03-09,2025-04-02,DELIVERED,208109.1,USD,2025-03-09T00:00:00
PO-2025-01173,PO-001173,SUP-0003,FAC-US-01,WH-US-RAW-01,2026-03-19,2026-04-09,DELIVERED,10286.0,USD,2026-03-19T00:00:00
PO-2025-01174,PO-001174,SUP-0043,FAC-MX-01,WH-MX-RAW-01,2026-01-30,2026-02-24,CANCELLED,31039.56,USD,2026-01-30T00:00:00
PO-2025-01175,PO-001175,SUP-0107,FAC-US-01,WH-US-RAW-01,2026-01-29,2026-02-17,DELIVERED,67160.52,USD,2026-01-29T00:00:00
PO-2025-01176,PO-001176,SUP-0102,FAC-APAC-01,WH-APAC-RAW-01,2025-10-25,2025-11-16,DELIVERED,50860.83,USD,2025-10-25T00:00:00
PO-2025-01177,PO-001177,SUP-0083,FAC-MX-01,WH-MX-RAW-01,2025-10-05,2025-11-04,DELIVERED,315908.8,USD,2025-10-05T00:00:00
PO-2025-01178,PO-001178,SUP-0050,FAC-EU-01,WH-EU-RAW-01,2025-08-30,2025-09-25,CANCELLED,19271.66,USD,2025-08-30T00:00:00
PO-2025-01179,PO-001179,SUP-0004,FAC-US-01,WH-US-RAW-01,2025-04-23,2025-05-20,DELIVERED,5798.54,USD,2025-04-23T00:00:00
PO-2025-01180,PO-001180,SUP-0019,FAC-US-01,WH-US-RAW-01,2025-07-29,2025-08-18,DELIVERED,670428.16,USD,2025-07-29T00:00:00
PO-2025-01181,PO-001181,SUP-0009,FAC-US-01,WH-US-RAW-01,2025-08-07,2025-09-26,DELIVERED,5855.36,USD,2025-08-07T00:00:00
PO-2025-01182,PO-001182,SUP-0096,FAC-US-01,WH-US-RAW-01,2025-11-02,2025-11-17,DELIVERED,330808.18,USD,2025-11-02T00:00:00
PO-2025-01183,PO-001183,SUP-0031,FAC-APAC-01,WH-APAC-RAW-01,2026-01-18,2026-03-18,OVERDUE,169558.51,USD,2026-01-18T00:00:00
PO-2025-01184,PO-001184,SUP-0045,FAC-EU-01,WH-EU-RAW-01,2025-10-30,2025-11-16,DELIVERED,7680.85,USD,2025-10-30T00:00:00
PO-2025-01185,PO-001185,SUP-0030,FAC-MX-01,WH-MX-RAW-01,2025-04-16,2025-05-22,DELIVERED,387113.07,USD,2025-04-16T00:00:00
PO-2025-01186,PO-001186,SUP-0001,FAC-EU-01,WH-EU-RAW-01,2026-04-24,2026-06-19,PENDING,38473.38,USD,2026-04-24T00:00:00
PO-2025-01187,PO-001187,SUP-0001,FAC-APAC-01,WH-APAC-RAW-01,2026-04-13,2026-06-12,PENDING,23542.02,USD,2026-04-13T00:00:00
PO-2025-01188,PO-001188,SUP-0100,FAC-US-01,WH-US-RAW-01,2026-01-31,2026-02-14,DELIVERED,134508.09,USD,2026-01-31T00:00:00
PO-2025-01189,PO-001189,SUP-0001,FAC-EU-01,WH-EU-RAW-01,2026-05-30,2026-07-31,PENDING,20266.81,USD,2026-05-30T00:00:00
PO-2025-01190,PO-001190,SUP-0100,FAC-APAC-01,WH-APAC-RAW-01,2025-11-21,2025-12-05,DELIVERED,39094.51,USD,2025-11-21T00:00:00
PO-2025-01191,PO-001191,SUP-0001,FAC-APAC-01,WH-APAC-RAW-01,2026-04-28,2026-06-27,PENDING,77164.84,USD,2026-04-28T00:00:00
PO-2025-01192,PO-001192,SUP-0007,FAC-MX-01,WH-MX-RAW-01,2025-05-01,2025-05-22,DELIVERED,22924.94,USD,2025-05-01T00:00:00
PO-2025-01193,PO-001193,SUP-0080,FAC-US-01,WH-US-RAW-01,2025-09-23,2025-10-21,DELIVERED,13098.96,USD,2025-09-23T00:00:00
PO-2025-01194,PO-001194,SUP-0029,FAC-EU-01,WH-EU-RAW-01,2025-07-28,2025-08-30,DELIVERED,231670.56,USD,2025-07-28T00:00:00
PO-2025-01195,PO-001195,SUP-0001,FAC-EU-01,WH-EU-RAW-01,2025-07-14,2025-09-15,DELIVERED,53269.93,USD,2025-07-14T00:00:00
PO-2025-01196,PO-001196,SUP-0115,FAC-EU-01,WH-EU-RAW-01,2025-06-14,2025-07-15,DELIVERED,1288.3,USD,2025-06-14T00:00:00
PO-2025-01197,PO-001197,SUP-0083,FAC-EU-01,WH-EU-RAW-01,2025-12-13,2026-01-15,CANCELLED,146982.38,USD,2025-12-13T00:00:00
PO-2025-01198,PO-001198,SUP-0008,FAC-MX-01,WH-MX-RAW-01,2026-01-30,2026-03-03,DELIVERED,447562.37,USD,2026-01-30T00:00:00
PO-2025-01199,PO-001199,SUP-0006,FAC-MX-01,WH-MX-RAW-01,2025-12-01,2025-12-12,DELIVERED,224155.04,USD,2025-12-01T00:00:00
PO-2025-01200,PO-001200,SUP-0091,FAC-APAC-01,WH-APAC-RAW-01,2025-06-18,2025-07-01,DELIVERED,120323.14,USD,2025-06-18T00:00:00
PO-2025-01201,PO-001201,SUP-0020,FAC-US-01,WH-US-RAW-01,2026-02-09,2026-03-01,DELIVERED,64408.41,USD,2026-02-09T00:00:00
PO-2025-01202,PO-001202,SUP-0111,FAC-APAC-01,WH-APAC-RAW-01,2025-12-17,2026-01-20,DELIVERED,31240.37,USD,2025-12-17T00:00:00
PO-2025-01203,PO-001203,SUP-0114,FAC-US-01,WH-US-RAW-01,2025-10-01,2025-10-23,DELIVERED,3559.96,USD,2025-10-01T00:00:00
PO-2025-01204,PO-001204,SUP-0048,FAC-EU-01,WH-EU-RAW-01,2025-12-27,2026-01-30,DELIVERED,5682.6,USD,2025-12-27T00:00:00
PO-2025-01205,PO-001205,SUP-0067,FAC-EU-01,WH-EU-RAW-01,2025-08-13,2025-09-05,DELIVERED,192714.4,USD,2025-08-13T00:00:00
PO-2025-01206,PO-001206,SUP-0055,FAC-APAC-01,WH-APAC-RAW-01,2025-09-16,2025-10-06,DELIVERED,2557.44,USD,2025-09-16T00:00:00
PO-2025-01207,PO-001207,SUP-0051,FAC-MX-01,WH-MX-RAW-01,2026-03-29,2026-04-23,IN_TRANSIT,216503.08,USD,2026-03-29T00:00:00
PO-2025-01208,PO-001208,SUP-0079,FAC-APAC-01,WH-APAC-RAW-01,2025-08-25,2025-09-23,DELIVERED,69832.15,USD,2025-08-25T00:00:00
PO-2025-01209,PO-001209,SUP-0103,FAC-MX-01,WH-MX-RAW-01,2025-10-29,2025-12-17,DELIVERED,40050.7,USD,2025-10-29T00:00:00
PO-2025-01210,PO-001210,SUP-0001,FAC-US-01,WH-US-RAW-01,2026-03-15,2026-05-14,IN_TRANSIT,30059.02,USD,2026-03-15T00:00:00
PO-2025-01211,PO-001211,SUP-0099,FAC-US-01,WH-US-RAW-01,2026-01-06,2026-01-19,OVERDUE,747100.17,USD,2026-01-06T00:00:00
PO-2025-01212,PO-001212,SUP-0051,FAC-APAC-01,WH-APAC-RAW-01,2025-04-20,2025-05-18,DELIVERED,18928.25,USD,2025-04-20T00:00:00
PO-2025-01213,PO-001213,SUP-0056,FAC-APAC-01,WH-APAC-RAW-01,2025-06-18,2025-07-06,DELIVERED,29385.86,USD,2025-06-18T00:00:00
PO-2025-01214,PO-001214,SUP-0107,FAC-MX-01,WH-MX-RAW-01,2025-02-08,2025-02-26,DELIVERED,149584.92,USD,2025-02-08T00:00:00
PO-2025-01215,PO-001215,SUP-0088,FAC-US-01,WH-US-RAW-01,2025-12-16,2026-01-04,DELIVERED,1520.29,USD,2025-12-16T00:00:00
PO-2025-01216,PO-001216,SUP-0087,FAC-US-01,WH-US-RAW-01,2025-10-21,2025-11-10,DELIVERED,1972.2,USD,2025-10-21T00:00:00
PO-2025-01217,PO-001217,SUP-0041,FAC-MX-01,WH-MX-RAW-01,2025-06-11,2025-06-30,DELIVERED,12053.81,USD,2025-06-11T00:00:00
PO-2025-01218,PO-001218,SUP-0018,FAC-APAC-01,WH-APAC-RAW-01,2026-04-24,2026-05-20,PENDING,3375.6,USD,2026-04-24T00:00:00
PO-2025-01219,PO-001219,SUP-0003,FAC-US-01,WH-US-RAW-01,2025-11-16,2025-12-10,DELIVERED,5065.0,USD,2025-11-16T00:00:00
PO-2025-01220,PO-001220,SUP-0046,FAC-EU-01,WH-EU-RAW-01,2025-08-05,2025-09-01,DELIVERED,5276.3,USD,2025-08-05T00:00:00
PO-2025-01221,PO-001221,SUP-0085,FAC-US-01,WH-US-RAW-01,2025-11-07,2025-11-20,DELIVERED,4368.48,USD,2025-11-07T00:00:00
PO-2025-01222,PO-001222,SUP-0108,FAC-MX-01,WH-MX-RAW-01,2025-12-29,2026-01-21,CANCELLED,13784.8,USD,2025-12-29T00:00:00
PO-2025-01223,PO-001223,SUP-0120,FAC-EU-01,WH-EU-RAW-01,2025-05-02,2025-05-29,DELIVERED,15494.29,USD,2025-05-02T00:00:00
PO-2025-01224,PO-001224,SUP-0068,FAC-MX-01,WH-MX-RAW-01,2025-08-19,2025-09-12,DELIVERED,42653.0,USD,2025-08-19T00:00:00
PO-2025-01225,PO-001225,SUP-0006,FAC-EU-01,WH-EU-RAW-01,2026-02-08,2026-02-18,DELIVERED,619668.19,USD,2026-02-08T00:00:00
PO-2025-01226,PO-001226,SUP-0019,FAC-EU-01,WH-EU-RAW-01,2025-10-25,2025-11-13,DELIVERED,144375.85,USD,2025-10-25T00:00:00
PO-2025-01227,PO-001227,SUP-0089,FAC-US-01,WH-US-RAW-01,2025-11-21,2025-12-05,DELIVERED,18062.1,USD,2025-11-21T00:00:00
PO-2025-01228,PO-001228,SUP-0103,FAC-APAC-01,WH-APAC-RAW-01,2025-10-17,2025-12-01,DELIVERED,10749.48,USD,2025-10-17T00:00:00
PO-2025-01229,PO-001229,SUP-0089,FAC-APAC-01,WH-APAC-RAW-01,2025-04-03,2025-04-19,DELIVERED,78500.28,USD,2025-04-03T00:00:00
PO-2025-01230,PO-001230,SUP-0094,FAC-EU-01,WH-EU-RAW-01,2025-06-28,2025-07-10,DELIVERED,32280.96,USD,2025-06-28T00:00:00
PO-2025-01231,PO-001231,SUP-0095,FAC-MX-01,WH-MX-RAW-01,2025-10-21,2025-11-07,DELIVERED,19290.69,USD,2025-10-21T00:00:00
PO-2025-01232,PO-001232,SUP-0059,FAC-MX-01,WH-MX-RAW-01,2025-07-20,2025-09-19,DELIVERED,161626.19,USD,2025-07-20T00:00:00
PO-2025-01233,PO-001233,SUP-0041,FAC-MX-01,WH-MX-RAW-01,2025-04-09,2025-05-03,DELIVERED,60878.42,USD,2025-04-09T00:00:00
PO-2025-01234,PO-001234,SUP-0103,FAC-APAC-01,WH-APAC-RAW-01,2026-02-22,2026-04-10,DELIVERED,14768.48,USD,2026-02-22T00:00:00
PO-2025-01235,PO-001235,SUP-0080,FAC-US-01,WH-US-RAW-01,2026-05-16,2026-06-17,PENDING,92665.03,USD,2026-05-16T00:00:00
PO-2025-01236,PO-001236,SUP-0101,FAC-US-01,WH-US-RAW-01,2026-02-03,2026-03-02,DELIVERED,64193.76,USD,2026-02-03T00:00:00
PO-2025-01237,PO-001237,SUP-0085,FAC-MX-01,WH-MX-RAW-01,2026-02-26,2026-03-09,DELIVERED,243952.45,USD,2026-02-26T00:00:00
PO-2025-01238,PO-001238,SUP-0048,FAC-EU-01,WH-EU-RAW-01,2025-08-05,2025-09-08,DELIVERED,65725.7,USD,2025-08-05T00:00:00
PO-2025-01239,PO-001239,SUP-0015,FAC-MX-01,WH-MX-RAW-01,2026-04-27,2026-06-29,PENDING,16926.26,USD,2026-04-27T00:00:00
PO-2025-01240,PO-001240,SUP-0019,FAC-MX-01,WH-MX-RAW-01,2025-07-14,2025-07-31,DELIVERED,22405.08,USD,2025-07-14T00:00:00
PO-2025-01241,PO-001241,SUP-0012,FAC-MX-01,WH-MX-RAW-01,2026-04-19,2026-05-03,PENDING,88475.09,USD,2026-04-19T00:00:00
PO-2025-01242,PO-001242,SUP-0029,FAC-EU-01,WH-EU-RAW-01,2026-06-06,2026-07-12,PENDING,100601.29,USD,2026-06-06T00:00:00
PO-2025-01243,PO-001243,SUP-0112,FAC-APAC-01,WH-APAC-RAW-01,2026-01-07,2026-01-22,CANCELLED,47175.38,USD,2026-01-07T00:00:00
PO-2025-01244,PO-001244,SUP-0095,FAC-MX-01,WH-MX-RAW-01,2026-05-16,2026-05-30,PENDING,25828.08,USD,2026-05-16T00:00:00
PO-2025-01245,PO-001245,SUP-0094,FAC-EU-01,WH-EU-RAW-01,2025-11-28,2025-12-11,DELIVERED,182922.16,USD,2025-11-28T00:00:00
PO-2025-01246,PO-001246,SUP-0039,FAC-MX-01,WH-MX-RAW-01,2025-08-12,2025-09-07,DELIVERED,762.79,USD,2025-08-12T00:00:00
PO-2025-01247,PO-001247,SUP-0112,FAC-US-01,WH-US-RAW-01,2025-10-18,2025-11-05,OVERDUE,809.01,USD,2025-10-18T00:00:00
PO-2025-01248,PO-001248,SUP-0003,FAC-US-01,WH-US-RAW-01,2025-12-05,2025-12-23,DELIVERED,1363.35,USD,2025-12-05T00:00:00
PO-2025-01249,PO-001249,SUP-0024,FAC-MX-01,WH-MX-RAW-01,2025-04-29,2025-05-12,DELIVERED,21124.8,USD,2025-04-29T00:00:00
PO-2025-01250,PO-001250,SUP-0060,FAC-US-01,WH-US-RAW-01,2025-12-13,2026-01-11,DELIVERED,24417.47,USD,2025-12-13T00:00:00
PO-2025-01251,PO-001251,SUP-0062,FAC-US-01,WH-US-RAW-01,2026-05-16,2026-06-18,PENDING,979.16,USD,2026-05-16T00:00:00
PO-2025-01252,PO-001252,SUP-0089,FAC-US-01,WH-US-RAW-01,2025-07-11,2025-07-27,CANCELLED,622306.35,USD,2025-07-11T00:00:00
PO-2025-01253,PO-001253,SUP-0042,FAC-APAC-01,WH-APAC-RAW-01,2026-02-03,2026-02-27,DELIVERED,190464.9,USD,2026-02-03T00:00:00
PO-2025-01254,PO-001254,SUP-0031,FAC-US-01,WH-US-RAW-01,2026-03-24,2026-05-29,IN_TRANSIT,55802.2,USD,2026-03-24T00:00:00
PO-2025-01255,PO-001255,SUP-0078,FAC-US-01,WH-US-RAW-01,2026-04-14,2026-05-04,PENDING,50057.35,USD,2026-04-14T00:00:00
PO-2025-01256,PO-001256,SUP-0043,FAC-US-01,WH-US-RAW-01,2026-04-26,2026-05-19,PENDING,411502.7,USD,2026-04-26T00:00:00
PO-2025-01257,PO-001257,SUP-0092,FAC-APAC-01,WH-APAC-RAW-01,2025-11-14,2025-12-08,DELIVERED,10677.81,USD,2025-11-14T00:00:00
PO-2025-01258,PO-001258,SUP-0103,FAC-MX-01,WH-MX-RAW-01,2026-05-12,2026-06-26,PENDING,1049.04,USD,2026-05-12T00:00:00
PO-2025-01259,PO-001259,SUP-0006,FAC-US-01,WH-US-RAW-01,2026-01-22,2026-02-02,CANCELLED,18976.09,USD,2026-01-22T00:00:00
PO-2025-01260,PO-001260,SUP-0055,FAC-US-01,WH-US-RAW-01,2025-06-26,2025-07-12,DELIVERED,12030.13,USD,2025-06-26T00:00:00
PO-2025-01261,PO-001261,SUP-0047,FAC-US-01,WH-US-RAW-01,2025-10-31,2025-11-14,DELIVERED,1336.4,USD,2025-10-31T00:00:00
PO-2025-01262,PO-001262,SUP-0033,FAC-MX-01,WH-MX-RAW-01,2026-01-09,2026-01-29,DELIVERED,609.62,USD,2026-01-09T00:00:00
PO-2025-01263,PO-001263,SUP-0043,FAC-US-01,WH-US-RAW-01,2025-08-07,2025-09-02,DELIVERED,111820.34,USD,2025-08-07T00:00:00
PO-2025-01264,PO-001264,SUP-0073,FAC-US-01,WH-US-RAW-01,2025-12-18,2026-01-19,DELIVERED,18958.8,USD,2025-12-18T00:00:00
PO-2025-01265,PO-001265,SUP-0012,FAC-US-01,WH-US-RAW-01,2025-12-25,2026-01-07,DELIVERED,53574.38,USD,2025-12-25T00:00:00
PO-2025-01266,PO-001266,SUP-0087,FAC-EU-01,WH-EU-RAW-01,2025-06-27,2025-07-18,DELIVERED,181277.98,USD,2025-06-27T00:00:00
PO-2025-01267,PO-001267,SUP-0036,FAC-EU-01,WH-EU-RAW-01,2025-11-27,2025-12-09,DELIVERED,173780.92,USD,2025-11-27T00:00:00
PO-2025-01268,PO-001268,SUP-0025,FAC-EU-01,WH-EU-RAW-01,2026-01-26,2026-02-06,DELIVERED,494932.9,USD,2026-01-26T00:00:00
PO-2025-01269,PO-001269,SUP-0058,FAC-US-01,WH-US-RAW-01,2025-11-07,2025-12-08,DELIVERED,119094.27,USD,2025-11-07T00:00:00
PO-2025-01270,PO-001270,SUP-0084,FAC-US-01,WH-US-RAW-01,2025-02-18,2025-03-13,DELIVERED,12550.5,USD,2025-02-18T00:00:00
PO-2025-01271,PO-001271,SUP-0075,FAC-APAC-01,WH-APAC-RAW-01,2025-02-11,2025-03-07,CANCELLED,107005.4,USD,2025-02-11T00:00:00
PO-2025-01272,PO-001272,SUP-0060,FAC-EU-01,WH-EU-RAW-01,2025-09-20,2025-10-16,DELIVERED,36384.2,USD,2025-09-20T00:00:00
PO-2025-01273,PO-001273,SUP-0045,FAC-APAC-01,WH-APAC-RAW-01,2026-04-03,2026-04-20,IN_TRANSIT,1851.76,USD,2026-04-03T00:00:00
PO-2025-01274,PO-001274,SUP-0108,FAC-EU-01,WH-EU-RAW-01,2025-07-30,2025-08-23,DELIVERED,93512.28,USD,2025-07-30T00:00:00
PO-2025-01275,PO-001275,SUP-0109,FAC-MX-01,WH-MX-RAW-01,2025-12-16,2026-01-01,DELIVERED,125463.06,USD,2025-12-16T00:00:00
PO-2025-01276,PO-001276,SUP-0005,FAC-US-01,WH-US-RAW-01,2025-07-27,2025-08-22,DELIVERED,378766.32,USD,2025-07-27T00:00:00
PO-2025-01277,PO-001277,SUP-0057,FAC-US-01,WH-US-RAW-01,2025-09-07,2025-09-27,DELIVERED,3711.13,USD,2025-09-07T00:00:00
PO-2025-01278,PO-001278,SUP-0117,FAC-APAC-01,WH-APAC-RAW-01,2026-02-24,2026-03-24,DELIVERED,37999.06,USD,2026-02-24T00:00:00
PO-2025-01279,PO-001279,SUP-0066,FAC-MX-01,WH-MX-RAW-01,2026-01-13,2026-02-01,DELIVERED,1195.34,USD,2026-01-13T00:00:00
PO-2025-01280,PO-001280,SUP-0110,FAC-APAC-01,WH-APAC-RAW-01,2025-05-16,2025-05-30,DELIVERED,74173.47,USD,2025-05-16T00:00:00
PO-2025-01281,PO-001281,SUP-0108,FAC-US-01,WH-US-RAW-01,2025-10-15,2025-11-04,DELIVERED,122515.92,USD,2025-10-15T00:00:00
PO-2025-01282,PO-001282,SUP-0016,FAC-MX-01,WH-MX-RAW-01,2025-03-17,2025-04-11,DELIVERED,54129.46,USD,2025-03-17T00:00:00
PO-2025-01283,PO-001283,SUP-0074,FAC-US-01,WH-US-RAW-01,2025-11-01,2025-11-21,DELIVERED,3740.35,USD,2025-11-01T00:00:00
PO-2025-01284,PO-001284,SUP-0110,FAC-MX-01,WH-MX-RAW-01,2025-12-24,2026-01-08,DELIVERED,95973.75,USD,2025-12-24T00:00:00
PO-2025-01285,PO-001285,SUP-0012,FAC-MX-01,WH-MX-RAW-01,2025-06-01,2025-06-14,DELIVERED,50021.79,USD,2025-06-01T00:00:00
PO-2025-01286,PO-001286,SUP-0055,FAC-MX-01,WH-MX-RAW-01,2025-08-25,2025-09-14,DELIVERED,173.4,USD,2025-08-25T00:00:00
PO-2025-01287,PO-001287,SUP-0045,FAC-US-01,WH-US-RAW-01,2025-10-05,2025-10-18,DELIVERED,78795.94,USD,2025-10-05T00:00:00
PO-2025-01288,PO-001288,SUP-0031,FAC-EU-01,WH-EU-RAW-01,2026-03-30,2026-06-01,IN_TRANSIT,132819.5,USD,2026-03-30T00:00:00
PO-2025-01289,PO-001289,SUP-0042,FAC-US-01,WH-US-RAW-01,2026-06-03,2026-06-25,PENDING,109010.88,USD,2026-06-03T00:00:00
PO-2025-01290,PO-001290,SUP-0006,FAC-MX-01,WH-MX-RAW-01,2025-04-04,2025-04-14,DELIVERED,164402.21,USD,2025-04-04T00:00:00
PO-2025-01291,PO-001291,SUP-0114,FAC-US-01,WH-US-RAW-01,2026-01-23,2026-02-08,DELIVERED,82185.81,USD,2026-01-23T00:00:00
PO-2025-01292,PO-001292,SUP-0118,FAC-EU-01,WH-EU-RAW-01,2025-09-25,2025-10-24,DELIVERED,14428.3,USD,2025-09-25T00:00:00
PO-2025-01293,PO-001293,SUP-0012,FAC-APAC-01,WH-APAC-RAW-01,2025-10-03,2025-10-17,DELIVERED,21717.0,USD,2025-10-03T00:00:00
PO-2025-01294,PO-001294,SUP-0083,FAC-US-01,WH-US-RAW-01,2026-01-21,2026-02-17,DELIVERED,6846.84,USD,2026-01-21T00:00:00
PO-2025-01295,PO-001295,SUP-0110,FAC-MX-01,WH-MX-RAW-01,2026-03-29,2026-04-11,DELIVERED,200647.13,USD,2026-03-29T00:00:00
PO-2025-01296,PO-001296,SUP-0078,FAC-EU-01,WH-EU-RAW-01,2026-04-19,2026-05-11,PENDING,56963.44,USD,2026-04-19T00:00:00
PO-2025-01297,PO-001297,SUP-0084,FAC-APAC-01,WH-APAC-RAW-01,2025-11-30,2025-12-23,DELIVERED,189387.13,USD,2025-11-30T00:00:00
PO-2025-01298,PO-001298,SUP-0041,FAC-EU-01,WH-EU-RAW-01,2025-09-20,2025-10-07,DELIVERED,4251.5,USD,2025-09-20T00:00:00
PO-2025-01299,PO-001299,SUP-0064,FAC-APAC-01,WH-APAC-RAW-01,2026-02-01,2026-02-21,DELIVERED,73985.96,USD,2026-02-01T00:00:00
PO-2025-01300,PO-001300,SUP-0005,FAC-US-01,WH-US-RAW-01,2025-08-09,2025-09-01,DELIVERED,195865.48,USD,2025-08-09T00:00:00
PO-2025-01301,PO-001301,SUP-0115,FAC-US-01,WH-US-RAW-01,2025-11-27,2025-12-24,DELIVERED,1312.15,USD,2025-11-27T00:00:00
PO-2025-01302,PO-001302,SUP-0055,FAC-US-01,WH-US-RAW-01,2025-09-21,2025-10-12,DELIVERED,2147.58,USD,2025-09-21T00:00:00
PO-2025-01303,PO-001303,SUP-0052,FAC-US-01,WH-US-RAW-01,2025-12-23,2026-01-19,DELIVERED,23046.06,USD,2025-12-23T00:00:00
PO-2025-01304,PO-001304,SUP-0095,FAC-APAC-01,WH-APAC-RAW-01,2025-08-04,2025-08-18,DELIVERED,3090.45,USD,2025-08-04T00:00:00
PO-2025-01305,PO-001305,SUP-0036,FAC-APAC-01,WH-APAC-RAW-01,2025-07-12,2025-07-25,CANCELLED,106172.03,USD,2025-07-12T00:00:00
PO-2025-01306,PO-001306,SUP-0020,FAC-EU-01,WH-EU-RAW-01,2026-03-29,2026-04-13,DELIVERED,7216.23,USD,2026-03-29T00:00:00
PO-2025-01307,PO-001307,SUP-0109,FAC-EU-01,WH-EU-RAW-01,2025-05-21,2025-06-09,DELIVERED,23655.24,USD,2025-05-21T00:00:00
PO-2025-01308,PO-001308,SUP-0065,FAC-MX-01,WH-MX-RAW-01,2025-11-09,2025-12-16,DELIVERED,232971.83,USD,2025-11-09T00:00:00
PO-2025-01309,PO-001309,SUP-0019,FAC-US-01,WH-US-RAW-01,2025-07-26,2025-08-11,DELIVERED,375983.36,USD,2025-07-26T00:00:00
PO-2025-01310,PO-001310,SUP-0058,FAC-MX-01,WH-MX-RAW-01,2025-03-28,2025-04-22,DELIVERED,103640.04,USD,2025-03-28T00:00:00
PO-2025-01311,PO-001311,SUP-0094,FAC-MX-01,WH-MX-RAW-01,2025-03-25,2025-04-09,DELIVERED,7855.65,USD,2025-03-25T00:00:00
PO-2025-01312,PO-001312,SUP-0099,FAC-APAC-01,WH-APAC-RAW-01,2025-07-03,2025-07-16,DELIVERED,255378.95,USD,2025-07-03T00:00:00
PO-2025-01313,PO-001313,SUP-0057,FAC-APAC-01,WH-APAC-RAW-01,2026-03-04,2026-03-21,DELIVERED,4625.0,USD,2026-03-04T00:00:00
PO-2025-01314,PO-001314,SUP-0036,FAC-APAC-01,WH-APAC-RAW-01,2025-08-22,2025-08-30,DELIVERED,3981.6,USD,2025-08-22T00:00:00
PO-2025-01315,PO-001315,SUP-0005,FAC-APAC-01,WH-APAC-RAW-01,2026-04-19,2026-05-09,PENDING,106118.36,USD,2026-04-19T00:00:00
PO-2025-01316,PO-001316,SUP-0037,FAC-APAC-01,WH-APAC-RAW-01,2025-12-02,2025-12-27,DELIVERED,216867.73,USD,2025-12-02T00:00:00
PO-2025-01317,PO-001317,SUP-0004,FAC-US-01,WH-US-RAW-01,2025-10-18,2025-11-15,DELIVERED,1530.12,USD,2025-10-18T00:00:00
PO-2025-01318,PO-001318,SUP-0094,FAC-EU-01,WH-EU-RAW-01,2025-12-01,2025-12-12,DELIVERED,516953.91,USD,2025-12-01T00:00:00
PO-2025-01319,PO-001319,SUP-0012,FAC-EU-01,WH-EU-RAW-01,2025-11-12,2025-11-27,DELIVERED,26661.6,USD,2025-11-12T00:00:00
PO-2025-01320,PO-001320,SUP-0002,FAC-MX-01,WH-MX-RAW-01,2026-01-22,2026-02-12,DELIVERED,14100.24,USD,2026-01-22T00:00:00
PO-2025-01321,PO-001321,SUP-0099,FAC-MX-01,WH-MX-RAW-01,2025-08-22,2025-09-02,OVERDUE,17421.24,USD,2025-08-22T00:00:00
PO-2025-01322,PO-001322,SUP-0065,FAC-APAC-01,WH-APAC-RAW-01,2025-09-19,2025-10-21,DELIVERED,36187.31,USD,2025-09-19T00:00:00
PO-2025-01323,PO-001323,SUP-0011,FAC-US-01,WH-US-RAW-01,2026-03-17,2026-04-11,DELIVERED,120558.77,USD,2026-03-17T00:00:00
PO-2025-01324,PO-001324,SUP-0111,FAC-US-01,WH-US-RAW-01,2026-04-16,2026-05-22,PENDING,23556.4,USD,2026-04-16T00:00:00
PO-2025-01325,PO-001325,SUP-0081,FAC-US-01,WH-US-RAW-01,2026-03-16,2026-04-20,IN_TRANSIT,4715.52,USD,2026-03-16T00:00:00
PO-2025-01326,PO-001326,SUP-0025,FAC-US-01,WH-US-RAW-01,2025-10-12,2025-10-22,DELIVERED,512227.16,USD,2025-10-12T00:00:00
PO-2025-01327,PO-001327,SUP-0008,FAC-US-01,WH-US-RAW-01,2026-01-29,2026-03-01,DELIVERED,16777.12,USD,2026-01-29T00:00:00
PO-2025-01328,PO-001328,SUP-0003,FAC-US-01,WH-US-RAW-01,2025-10-31,2025-11-18,DELIVERED,10024.62,USD,2025-10-31T00:00:00
PO-2025-01329,PO-001329,SUP-0103,FAC-US-01,WH-US-RAW-01,2025-11-06,2025-12-24,DELIVERED,30612.58,USD,2025-11-06T00:00:00
PO-2025-01330,PO-001330,SUP-0119,FAC-APAC-01,WH-APAC-RAW-01,2025-07-18,2025-08-20,DELIVERED,4720.54,USD,2025-07-18T00:00:00
PO-2025-01331,PO-001331,SUP-0097,FAC-EU-01,WH-EU-RAW-01,2025-12-04,2026-01-04,DELIVERED,2835.84,USD,2025-12-04T00:00:00
PO-2025-01332,PO-001332,SUP-0019,FAC-US-01,WH-US-RAW-01,2025-07-09,2025-07-30,DELIVERED,22475.18,USD,2025-07-09T00:00:00
PO-2025-01333,PO-001333,SUP-0103,FAC-US-01,WH-US-RAW-01,2025-09-11,2025-10-27,DELIVERED,22118.04,USD,2025-09-11T00:00:00
PO-2025-01334,PO-001334,SUP-0083,FAC-MX-01,WH-MX-RAW-01,2026-02-27,2026-03-26,DELIVERED,22359.17,USD,2026-02-27T00:00:00
PO-2025-01335,PO-001335,SUP-0040,FAC-EU-01,WH-EU-RAW-01,2025-07-19,2025-08-10,OVERDUE,3106.16,USD,2025-07-19T00:00:00
PO-2025-01336,PO-001336,SUP-0037,FAC-APAC-01,WH-APAC-RAW-01,2025-04-28,2025-05-18,DELIVERED,8439.64,USD,2025-04-28T00:00:00
PO-2025-01337,PO-001337,SUP-0054,FAC-EU-01,WH-EU-RAW-01,2025-04-26,2025-05-21,DELIVERED,230887.35,USD,2025-04-26T00:00:00
PO-2025-01338,PO-001338,SUP-0082,FAC-US-01,WH-US-RAW-01,2026-04-12,2026-06-15,IN_TRANSIT,5203.19,USD,2026-04-12T00:00:00
PO-2025-01339,PO-001339,SUP-0092,FAC-MX-01,WH-MX-RAW-01,2025-11-09,2025-12-03,DELIVERED,12337.17,USD,2025-11-09T00:00:00
PO-2025-01340,PO-001340,SUP-0039,FAC-MX-01,WH-MX-RAW-01,2025-10-09,2025-11-06,DELIVERED,8229.87,USD,2025-10-09T00:00:00
PO-2025-01341,PO-001341,SUP-0069,FAC-US-01,WH-US-RAW-01,2026-02-09,2026-03-04,DELIVERED,32002.24,USD,2026-02-09T00:00:00
PO-2025-01342,PO-001342,SUP-0068,FAC-APAC-01,WH-APAC-RAW-01,2026-02-19,2026-03-14,DELIVERED,102020.77,USD,2026-02-19T00:00:00
PO-2025-01343,PO-001343,SUP-0086,FAC-US-01,WH-US-RAW-01,2025-09-11,2025-09-22,DELIVERED,66060.84,USD,2025-09-11T00:00:00
PO-2025-01344,PO-001344,SUP-0061,FAC-EU-01,WH-EU-RAW-01,2026-01-02,2026-01-17,DELIVERED,89761.2,USD,2026-01-02T00:00:00
PO-2025-01345,PO-001345,SUP-0020,FAC-APAC-01,WH-APAC-RAW-01,2026-01-26,2026-02-16,DELIVERED,27274.32,USD,2026-01-26T00:00:00
PO-2025-01346,PO-001346,SUP-0095,FAC-APAC-01,WH-APAC-RAW-01,2025-12-22,2026-01-03,DELIVERED,125007.74,USD,2025-12-22T00:00:00
PO-2025-01347,PO-001347,SUP-0044,FAC-US-01,WH-US-RAW-01,2025-06-21,2025-08-17,OVERDUE,13383.79,USD,2025-06-21T00:00:00
PO-2025-01348,PO-001348,SUP-0068,FAC-MX-01,WH-MX-RAW-01,2026-03-08,2026-03-31,DELIVERED,3929.5,USD,2026-03-08T00:00:00
PO-2025-01349,PO-001349,SUP-0005,FAC-MX-01,WH-MX-RAW-01,2025-11-19,2025-12-11,OVERDUE,65720.97,USD,2025-11-19T00:00:00
PO-2025-01350,PO-001350,SUP-0006,FAC-EU-01,WH-EU-RAW-01,2025-08-22,2025-09-05,DELIVERED,23556.28,USD,2025-08-22T00:00:00
PO-2025-01351,PO-001351,SUP-0022,FAC-MX-01,WH-MX-RAW-01,2025-10-14,2025-10-31,DELIVERED,3896.0,USD,2025-10-14T00:00:00
PO-2025-01352,PO-001352,SUP-0096,FAC-MX-01,WH-MX-RAW-01,2025-03-27,2025-04-13,DELIVERED,17114.16,USD,2025-03-27T00:00:00
PO-2025-01353,PO-001353,SUP-0077,FAC-EU-01,WH-EU-RAW-01,2025-06-07,2025-07-01,DELIVERED,41404.59,USD,2025-06-07T00:00:00
PO-2025-01354,PO-001354,SUP-0054,FAC-EU-01,WH-EU-RAW-01,2026-01-24,2026-02-22,DELIVERED,18049.02,USD,2026-01-24T00:00:00
PO-2025-01355,PO-001355,SUP-0012,FAC-MX-01,WH-MX-RAW-01,2025-01-02,2025-01-19,DELIVERED,21185.6,USD,2025-01-02T00:00:00
PO-2025-01356,PO-001356,SUP-0005,FAC-MX-01,WH-MX-RAW-01,2025-10-11,2025-11-05,DELIVERED,210805.36,USD,2025-10-11T00:00:00
PO-2025-01357,PO-001357,SUP-0006,FAC-US-01,WH-US-RAW-01,2025-11-14,2025-12-01,DELIVERED,855534.75,USD,2025-11-14T00:00:00
PO-2025-01358,PO-001358,SUP-0079,FAC-EU-01,WH-EU-RAW-01,2025-04-13,2025-05-08,DELIVERED,31684.44,USD,2025-04-13T00:00:00
PO-2025-01359,PO-001359,SUP-0094,FAC-US-01,WH-US-RAW-01,2026-05-08,2026-05-19,PENDING,1254.9,USD,2026-05-08T00:00:00
PO-2025-01360,PO-001360,SUP-0082,FAC-MX-01,WH-MX-RAW-01,2025-07-28,2025-09-28,DELIVERED,172527.3,USD,2025-07-28T00:00:00
PO-2025-01361,PO-001361,SUP-0082,FAC-MX-01,WH-MX-RAW-01,2025-08-31,2025-11-03,DELIVERED,969113.76,USD,2025-08-31T00:00:00
PO-2025-01362,PO-001362,SUP-0075,FAC-EU-01,WH-EU-RAW-01,2025-08-31,2025-09-25,DELIVERED,32245.74,USD,2025-08-31T00:00:00
PO-2025-01363,PO-001363,SUP-0053,FAC-MX-01,WH-MX-RAW-01,2025-07-30,2025-09-02,DELIVERED,230703.38,USD,2025-07-30T00:00:00
PO-2025-01364,PO-001364,SUP-0042,FAC-US-01,WH-US-RAW-01,2025-01-17,2025-02-14,DELIVERED,118466.31,USD,2025-01-17T00:00:00
PO-2025-01365,PO-001365,SUP-0060,FAC-US-01,WH-US-RAW-01,2026-01-13,2026-02-08,CANCELLED,182577.28,USD,2026-01-13T00:00:00
PO-2025-01366,PO-001366,SUP-0101,FAC-APAC-01,WH-APAC-RAW-01,2026-05-02,2026-05-29,PENDING,6513.7,USD,2026-05-02T00:00:00
PO-2025-01367,PO-001367,SUP-0019,FAC-EU-01,WH-EU-RAW-01,2025-07-28,2025-08-15,CANCELLED,316248.24,USD,2025-07-28T00:00:00
PO-2025-01368,PO-001368,SUP-0056,FAC-MX-01,WH-MX-RAW-01,2025-12-24,2026-01-08,CANCELLED,70430.51,USD,2025-12-24T00:00:00
PO-2025-01369,PO-001369,SUP-0082,FAC-MX-01,WH-MX-RAW-01,2026-01-17,2026-03-27,DELIVERED,200769.51,USD,2026-01-17T00:00:00
PO-2025-01370,PO-001370,SUP-0071,FAC-APAC-01,WH-APAC-RAW-01,2026-02-24,2026-03-30,OVERDUE,28039.05,USD,2026-02-24T00:00:00
PO-2025-01371,PO-001371,SUP-0065,FAC-US-01,WH-US-RAW-01,2025-10-13,2025-11-13,OVERDUE,3486.96,USD,2025-10-13T00:00:00
PO-2025-01372,PO-001372,SUP-0083,FAC-EU-01,WH-EU-RAW-01,2025-08-30,2025-10-01,DELIVERED,290836.43,USD,2025-08-30T00:00:00
PO-2025-01373,PO-001373,SUP-0065,FAC-APAC-01,WH-APAC-RAW-01,2025-09-08,2025-10-14,DELIVERED,511803.38,USD,2025-09-08T00:00:00
PO-2025-01374,PO-001374,SUP-0025,FAC-US-01,WH-US-RAW-01,2026-01-08,2026-01-17,CANCELLED,592542.65,USD,2026-01-08T00:00:00
PO-2025-01375,PO-001375,SUP-0036,FAC-US-01,WH-US-RAW-01,2026-02-11,2026-02-23,DELIVERED,7672.77,USD,2026-02-11T00:00:00
PO-2025-01376,PO-001376,SUP-0115,FAC-APAC-01,WH-APAC-RAW-01,2025-07-07,2025-08-02,DELIVERED,30995.96,USD,2025-07-07T00:00:00
PO-2025-01377,PO-001377,SUP-0010,FAC-APAC-01,WH-APAC-RAW-01,2025-09-25,2025-10-15,DELIVERED,11977.68,USD,2025-09-25T00:00:00
PO-2025-01378,PO-001378,SUP-0080,FAC-US-01,WH-US-RAW-01,2026-03-21,2026-04-23,IN_TRANSIT,15265.75,USD,2026-03-21T00:00:00
PO-2025-01379,PO-001379,SUP-0042,FAC-MX-01,WH-MX-RAW-01,2026-02-08,2026-03-03,DELIVERED,294433.9,USD,2026-02-08T00:00:00
PO-2025-01380,PO-001380,SUP-0019,FAC-US-01,WH-US-RAW-01,2026-05-21,2026-06-11,PENDING,31650.69,USD,2026-05-21T00:00:00
PO-2025-01381,PO-001381,SUP-0084,FAC-MX-01,WH-MX-RAW-01,2026-01-21,2026-02-13,DELIVERED,57803.94,USD,2026-01-21T00:00:00
PO-2025-01382,PO-001382,SUP-0081,FAC-MX-01,WH-MX-RAW-01,2025-10-03,2025-11-05,DELIVERED,29275.72,USD,2025-10-03T00:00:00
PO-2025-01383,PO-001383,SUP-0118,FAC-EU-01,WH-EU-RAW-01,2025-12-04,2026-01-03,DELIVERED,2082.82,USD,2025-12-04T00:00:00
PO-2025-01384,PO-001384,SUP-0105,FAC-US-01,WH-US-RAW-01,2025-12-24,2026-01-14,CANCELLED,14994.72,USD,2025-12-24T00:00:00
PO-2025-01385,PO-001385,SUP-0103,FAC-APAC-01,WH-APAC-RAW-01,2025-05-04,2025-06-16,DELIVERED,35152.78,USD,2025-05-04T00:00:00
PO-2025-01386,PO-001386,SUP-0056,FAC-APAC-01,WH-APAC-RAW-01,2025-11-21,2025-12-09,DELIVERED,6282.08,USD,2025-11-21T00:00:00
PO-2025-01387,PO-001387,SUP-0050,FAC-EU-01,WH-EU-RAW-01,2026-01-07,2026-02-05,DELIVERED,13481.52,USD,2026-01-07T00:00:00
PO-2025-01388,PO-001388,SUP-0064,FAC-MX-01,WH-MX-RAW-01,2025-06-29,2025-07-23,DELIVERED,5477.52,USD,2025-06-29T00:00:00
PO-2025-01389,PO-001389,SUP-0110,FAC-MX-01,WH-MX-RAW-01,2026-01-29,2026-02-16,DELIVERED,77563.56,USD,2026-01-29T00:00:00
PO-2025-01390,PO-001390,SUP-0038,FAC-APAC-01,WH-APAC-RAW-01,2025-12-02,2025-12-25,DELIVERED,41702.29,USD,2025-12-02T00:00:00
PO-2025-01391,PO-001391,SUP-0026,FAC-APAC-01,WH-APAC-RAW-01,2026-04-20,2026-05-23,PENDING,938.68,USD,2026-04-20T00:00:00
PO-2025-01392,PO-001392,SUP-0095,FAC-EU-01,WH-EU-RAW-01,2025-04-01,2025-04-17,DELIVERED,129405.33,USD,2025-04-01T00:00:00
PO-2025-01393,PO-001393,SUP-0093,FAC-US-01,WH-US-RAW-01,2025-08-15,2025-09-28,DELIVERED,50110.56,USD,2025-08-15T00:00:00
PO-2025-01394,PO-001394,SUP-0095,FAC-MX-01,WH-MX-RAW-01,2025-12-07,2025-12-20,OVERDUE,34826.1,USD,2025-12-07T00:00:00
PO-2025-01395,PO-001395,SUP-0020,FAC-MX-01,WH-MX-RAW-01,2025-08-28,2025-09-19,OVERDUE,40095.09,USD,2025-08-28T00:00:00
PO-2025-01396,PO-001396,SUP-0058,FAC-EU-01,WH-EU-RAW-01,2026-01-08,2026-02-01,DELIVERED,17293.08,USD,2026-01-08T00:00:00
PO-2025-01397,PO-001397,SUP-0095,FAC-EU-01,WH-EU-RAW-01,2026-01-22,2026-02-03,DELIVERED,23368.25,USD,2026-01-22T00:00:00
PO-2025-01398,PO-001398,SUP-0048,FAC-EU-01,WH-EU-RAW-01,2025-05-21,2025-06-22,DELIVERED,86829.4,USD,2025-05-21T00:00:00
PO-2025-01399,PO-001399,SUP-0111,FAC-APAC-01,WH-APAC-RAW-01,2025-11-11,2025-12-18,DELIVERED,616035.12,USD,2025-11-11T00:00:00
PO-2025-01400,PO-001400,SUP-0093,FAC-US-01,WH-US-RAW-01,2025-11-10,2025-12-28,DELIVERED,44315.82,USD,2025-11-10T00:00:00
PO-2025-01401,PO-001401,SUP-0039,FAC-MX-01,WH-MX-RAW-01,2025-09-25,2025-10-26,DELIVERED,1761.46,USD,2025-09-25T00:00:00
PO-2025-01402,PO-001402,SUP-0031,FAC-EU-01,WH-EU-RAW-01,2026-04-07,2026-06-08,IN_TRANSIT,158866.08,USD,2026-04-07T00:00:00
PO-2025-01403,PO-001403,SUP-0048,FAC-APAC-01,WH-APAC-RAW-01,2026-02-16,2026-03-18,DELIVERED,13235.28,USD,2026-02-16T00:00:00
PO-2025-01404,PO-001404,SUP-0076,FAC-EU-01,WH-EU-RAW-01,2026-01-03,2026-02-12,DELIVERED,28855.3,USD,2026-01-03T00:00:00
PO-2025-01405,PO-001405,SUP-0096,FAC-APAC-01,WH-APAC-RAW-01,2026-01-08,2026-01-28,DELIVERED,6031.52,USD,2026-01-08T00:00:00
PO-2025-01406,PO-001406,SUP-0009,FAC-MX-01,WH-MX-RAW-01,2025-10-26,2025-12-16,DELIVERED,17304.62,USD,2025-10-26T00:00:00
PO-2025-01407,PO-001407,SUP-0057,FAC-MX-01,WH-MX-RAW-01,2026-03-31,2026-04-15,DELIVERED,2525.9,USD,2026-03-31T00:00:00
PO-2025-01408,PO-001408,SUP-0048,FAC-EU-01,WH-EU-RAW-01,2026-01-02,2026-02-03,DELIVERED,54500.02,USD,2026-01-02T00:00:00
PO-2025-01409,PO-001409,SUP-0080,FAC-EU-01,WH-EU-RAW-01,2026-01-13,2026-02-14,DELIVERED,1399.83,USD,2026-01-13T00:00:00
PO-2025-01410,PO-001410,SUP-0029,FAC-MX-01,WH-MX-RAW-01,2026-03-02,2026-04-07,DELIVERED,40634.94,USD,2026-03-02T00:00:00
PO-2025-01411,PO-001411,SUP-0103,FAC-EU-01,WH-EU-RAW-01,2025-08-19,2025-09-30,OVERDUE,67085.06,USD,2025-08-19T00:00:00
PO-2025-01412,PO-001412,SUP-0055,FAC-EU-01,WH-EU-RAW-01,2026-02-08,2026-03-01,DELIVERED,38904.18,USD,2026-02-08T00:00:00
PO-2025-01413,PO-001413,SUP-0091,FAC-MX-01,WH-MX-RAW-01,2025-07-14,2025-08-01,DELIVERED,14858.54,USD,2025-07-14T00:00:00
PO-2025-01414,PO-001414,SUP-0038,FAC-EU-01,WH-EU-RAW-01,2025-09-16,2025-10-06,DELIVERED,62582.3,USD,2025-09-16T00:00:00
PO-2025-01415,PO-001415,SUP-0006,FAC-US-01,WH-US-RAW-01,2025-09-12,2025-09-22,DELIVERED,419299.0,USD,2025-09-12T00:00:00
PO-2025-01416,PO-001416,SUP-0056,FAC-MX-01,WH-MX-RAW-01,2026-05-13,2026-05-29,PENDING,11287.8,USD,2026-05-13T00:00:00
PO-2025-01417,PO-001417,SUP-0072,FAC-EU-01,WH-EU-RAW-01,2026-02-27,2026-04-21,IN_TRANSIT,3115.5,USD,2026-02-27T00:00:00
PO-2025-01418,PO-001418,SUP-0104,FAC-MX-01,WH-MX-RAW-01,2026-01-04,2026-02-05,DELIVERED,194.4,USD,2026-01-04T00:00:00
PO-2025-01419,PO-001419,SUP-0001,FAC-US-01,WH-US-RAW-01,2026-01-12,2026-03-12,DELIVERED,7024.05,USD,2026-01-12T00:00:00
PO-2025-01420,PO-001420,SUP-0045,FAC-APAC-01,WH-APAC-RAW-01,2025-11-26,2025-12-08,DELIVERED,31144.47,USD,2025-11-26T00:00:00
PO-2025-01421,PO-001421,SUP-0115,FAC-US-01,WH-US-RAW-01,2026-04-16,2026-05-16,PENDING,2888.13,USD,2026-04-16T00:00:00
PO-2025-01422,PO-001422,SUP-0025,FAC-US-01,WH-US-RAW-01,2025-11-06,2025-11-15,DELIVERED,51246.86,USD,2025-11-06T00:00:00
PO-2025-01423,PO-001423,SUP-0075,FAC-MX-01,WH-MX-RAW-01,2025-09-29,2025-10-29,DELIVERED,20379.82,USD,2025-09-29T00:00:00
PO-2025-01424,PO-001424,SUP-0047,FAC-US-01,WH-US-RAW-01,2025-06-27,2025-07-10,CANCELLED,46277.22,USD,2025-06-27T00:00:00
PO-2025-01425,PO-001425,SUP-0035,FAC-APAC-01,WH-APAC-RAW-01,2026-01-31,2026-03-22,OVERDUE,133921.46,USD,2026-01-31T00:00:00
PO-2025-01426,PO-001426,SUP-0095,FAC-EU-01,WH-EU-RAW-01,2026-01-14,2026-01-28,DELIVERED,43938.62,USD,2026-01-14T00:00:00
PO-2025-01427,PO-001427,SUP-0013,FAC-APAC-01,WH-APAC-RAW-01,2025-09-30,2025-10-18,DELIVERED,8102.36,USD,2025-09-30T00:00:00
PO-2025-01428,PO-001428,SUP-0076,FAC-EU-01,WH-EU-RAW-01,2025-03-11,2025-04-20,CANCELLED,109095.94,USD,2025-03-11T00:00:00
PO-2025-01429,PO-001429,SUP-0009,FAC-MX-01,WH-MX-RAW-01,2026-02-20,2026-04-18,IN_TRANSIT,71599.8,USD,2026-02-20T00:00:00
PO-2025-01430,PO-001430,SUP-0085,FAC-MX-01,WH-MX-RAW-01,2025-02-16,2025-03-02,DELIVERED,269895.06,USD,2025-02-16T00:00:00
PO-2025-01431,PO-001431,SUP-0098,FAC-MX-01,WH-MX-RAW-01,2026-01-05,2026-01-31,DELIVERED,47440.95,USD,2026-01-05T00:00:00
PO-2025-01432,PO-001432,SUP-0067,FAC-EU-01,WH-EU-RAW-01,2026-05-05,2026-05-24,PENDING,917844.57,USD,2026-05-05T00:00:00
PO-2025-01433,PO-001433,SUP-0019,FAC-US-01,WH-US-RAW-01,2025-10-18,2025-11-05,DELIVERED,679204.88,USD,2025-10-18T00:00:00
PO-2025-01434,PO-001434,SUP-0001,FAC-EU-01,WH-EU-RAW-01,2025-08-01,2025-09-28,DELIVERED,29902.4,USD,2025-08-01T00:00:00
PO-2025-01435,PO-001435,SUP-0078,FAC-MX-01,WH-MX-RAW-01,2026-01-05,2026-01-26,DELIVERED,4966.76,USD,2026-01-05T00:00:00
PO-2025-01436,PO-001436,SUP-0095,FAC-US-01,WH-US-RAW-01,2026-02-12,2026-02-25,DELIVERED,91891.06,USD,2026-02-12T00:00:00
PO-2025-01437,PO-001437,SUP-0052,FAC-MX-01,WH-MX-RAW-01,2025-11-21,2025-12-19,DELIVERED,236822.34,USD,2025-11-21T00:00:00
PO-2025-01438,PO-001438,SUP-0051,FAC-US-01,WH-US-RAW-01,2026-05-02,2026-05-27,PENDING,43434.36,USD,2026-05-02T00:00:00
PO-2025-01439,PO-001439,SUP-0114,FAC-APAC-01,WH-APAC-RAW-01,2025-04-10,2025-05-02,DELIVERED,425.88,USD,2025-04-10T00:00:00
PO-2025-01440,PO-001440,SUP-0059,FAC-APAC-01,WH-APAC-RAW-01,2025-11-09,2026-01-12,DELIVERED,228938.32,USD,2025-11-09T00:00:00
PO-2025-01441,PO-001441,SUP-0114,FAC-US-01,WH-US-RAW-01,2026-01-09,2026-01-28,DELIVERED,7749.28,USD,2026-01-09T00:00:00
PO-2025-01442,PO-001442,SUP-0078,FAC-US-01,WH-US-RAW-01,2026-03-02,2026-03-19,DELIVERED,37378.38,USD,2026-03-02T00:00:00
PO-2025-01443,PO-001443,SUP-0015,FAC-MX-01,WH-MX-RAW-01,2025-07-06,2025-09-08,DELIVERED,774.59,USD,2025-07-06T00:00:00
PO-2025-01444,PO-001444,SUP-0022,FAC-US-01,WH-US-RAW-01,2026-02-05,2026-02-19,DELIVERED,12951.9,USD,2026-02-05T00:00:00
PO-2025-01445,PO-001445,SUP-0056,FAC-APAC-01,WH-APAC-RAW-01,2025-11-23,2025-12-08,DELIVERED,13714.4,USD,2025-11-23T00:00:00
PO-2025-01446,PO-001446,SUP-0063,FAC-MX-01,WH-MX-RAW-01,2025-10-04,2025-11-08,DELIVERED,83097.72,USD,2025-10-04T00:00:00
PO-2025-01447,PO-001447,SUP-0061,FAC-EU-01,WH-EU-RAW-01,2025-06-09,2025-06-24,DELIVERED,44327.73,USD,2025-06-09T00:00:00
PO-2025-01448,PO-001448,SUP-0068,FAC-US-01,WH-US-RAW-01,2026-03-03,2026-03-27,DELIVERED,13015.08,USD,2026-03-03T00:00:00
PO-2025-01449,PO-001449,SUP-0048,FAC-EU-01,WH-EU-RAW-01,2025-06-24,2025-07-22,CANCELLED,38684.06,USD,2025-06-24T00:00:00
PO-2025-01450,PO-001450,SUP-0002,FAC-MX-01,WH-MX-RAW-01,2025-09-02,2025-09-25,DELIVERED,72199.99,USD,2025-09-02T00:00:00
PO-2025-01451,PO-001451,SUP-0112,FAC-APAC-01,WH-APAC-RAW-01,2025-08-25,2025-09-10,DELIVERED,24211.6,USD,2025-08-25T00:00:00
PO-2025-01452,PO-001452,SUP-0052,FAC-APAC-01,WH-APAC-RAW-01,2026-03-06,2026-03-30,DELIVERED,2536.72,USD,2026-03-06T00:00:00
PO-2025-01453,PO-001453,SUP-0064,FAC-APAC-01,WH-APAC-RAW-01,2025-12-27,2026-01-19,DELIVERED,813.0,USD,2025-12-27T00:00:00
PO-2025-01454,PO-001454,SUP-0012,FAC-APAC-01,WH-APAC-RAW-01,2026-02-04,2026-02-22,DELIVERED,146230.62,USD,2026-02-04T00:00:00
PO-2025-01455,PO-001455,SUP-0110,FAC-EU-01,WH-EU-RAW-01,2025-08-08,2025-08-24,DELIVERED,314892.8,USD,2025-08-08T00:00:00
PO-2025-01456,PO-001456,SUP-0012,FAC-MX-01,WH-MX-RAW-01,2025-12-14,2025-12-29,DELIVERED,732.78,USD,2025-12-14T00:00:00
PO-2025-01457,PO-001457,SUP-0047,FAC-EU-01,WH-EU-RAW-01,2025-11-29,2025-12-12,DELIVERED,248947.23,USD,2025-11-29T00:00:00
PO-2025-01458,PO-001458,SUP-0081,FAC-APAC-01,WH-APAC-RAW-01,2026-02-18,2026-03-25,DELIVERED,181700.77,USD,2026-02-18T00:00:00
PO-2025-01459,PO-001459,SUP-0103,FAC-APAC-01,WH-APAC-RAW-01,2026-03-23,2026-05-04,IN_TRANSIT,6006.15,USD,2026-03-23T00:00:00
PO-2025-01460,PO-001460,SUP-0005,FAC-APAC-01,WH-APAC-RAW-01,2025-02-18,2025-03-09,DELIVERED,49798.44,USD,2025-02-18T00:00:00
PO-2025-01461,PO-001461,SUP-0089,FAC-EU-01,WH-EU-RAW-01,2025-12-27,2026-01-10,DELIVERED,14310.02,USD,2025-12-27T00:00:00
PO-2025-01462,PO-001462,SUP-0085,FAC-US-01,WH-US-RAW-01,2025-04-11,2025-04-25,DELIVERED,117118.1,USD,2025-04-11T00:00:00
PO-2025-01463,PO-001463,SUP-0054,FAC-US-01,WH-US-RAW-01,2025-11-22,2025-12-19,DELIVERED,456861.74,USD,2025-11-22T00:00:00
PO-2025-01464,PO-001464,SUP-0049,FAC-APAC-01,WH-APAC-RAW-01,2025-08-24,2025-09-08,DELIVERED,46392.93,USD,2025-08-24T00:00:00
PO-2025-01465,PO-001465,SUP-0080,FAC-US-01,WH-US-RAW-01,2025-09-01,2025-09-30,CANCELLED,922.32,USD,2025-09-01T00:00:00
PO-2025-01466,PO-001466,SUP-0066,FAC-US-01,WH-US-RAW-01,2025-09-19,2025-10-09,OVERDUE,14405.57,USD,2025-09-19T00:00:00
PO-2025-01467,PO-001467,SUP-0095,FAC-APAC-01,WH-APAC-RAW-01,2025-12-13,2025-12-27,DELIVERED,82827.9,USD,2025-12-13T00:00:00
PO-2025-01468,PO-001468,SUP-0040,FAC-US-01,WH-US-RAW-01,2025-09-11,2025-10-06,CANCELLED,664.29,USD,2025-09-11T00:00:00
PO-2025-01469,PO-001469,SUP-0091,FAC-APAC-01,WH-APAC-RAW-01,2026-01-14,2026-01-29,DELIVERED,43307.94,USD,2026-01-14T00:00:00
PO-2025-01470,PO-001470,SUP-0018,FAC-APAC-01,WH-APAC-RAW-01,2025-10-07,2025-11-03,DELIVERED,19482.44,USD,2025-10-07T00:00:00
PO-2025-01471,PO-001471,SUP-0039,FAC-APAC-01,WH-APAC-RAW-01,2025-04-25,2025-05-24,DELIVERED,5345.12,USD,2025-04-25T00:00:00
PO-2025-01472,PO-001472,SUP-0029,FAC-US-01,WH-US-RAW-01,2026-01-31,2026-03-02,DELIVERED,5367.05,USD,2026-01-31T00:00:00
PO-2025-01473,PO-001473,SUP-0009,FAC-APAC-01,WH-APAC-RAW-01,2025-08-23,2025-10-17,DELIVERED,18180.81,USD,2025-08-23T00:00:00
PO-2025-01474,PO-001474,SUP-0069,FAC-EU-01,WH-EU-RAW-01,2025-10-17,2025-11-11,DELIVERED,32316.45,USD,2025-10-17T00:00:00
PO-2025-01475,PO-001475,SUP-0030,FAC-US-01,WH-US-RAW-01,2025-12-31,2026-02-05,DELIVERED,3134.93,USD,2025-12-31T00:00:00
PO-2025-01476,PO-001476,SUP-0033,FAC-MX-01,WH-MX-RAW-01,2025-09-11,2025-09-28,OVERDUE,9759.32,USD,2025-09-11T00:00:00
PO-2025-01477,PO-001477,SUP-0022,FAC-APAC-01,WH-APAC-RAW-01,2025-04-15,2025-04-28,DELIVERED,9459.42,USD,2025-04-15T00:00:00
PO-2025-01478,PO-001478,SUP-0120,FAC-MX-01,WH-MX-RAW-01,2025-09-26,2025-10-22,DELIVERED,16583.76,USD,2025-09-26T00:00:00
PO-2025-01479,PO-001479,SUP-0117,FAC-MX-01,WH-MX-RAW-01,2026-04-15,2026-05-10,PENDING,2211.44,USD,2026-04-15T00:00:00
PO-2025-01480,PO-001480,SUP-0083,FAC-EU-01,WH-EU-RAW-01,2025-12-18,2026-01-16,OVERDUE,100272.42,USD,2025-12-18T00:00:00
PO-2025-01481,PO-001481,SUP-0018,FAC-EU-01,WH-EU-RAW-01,2025-12-27,2026-01-19,DELIVERED,5576.0,USD,2025-12-27T00:00:00
PO-2025-01482,PO-001482,SUP-0071,FAC-US-01,WH-US-RAW-01,2025-12-16,2026-01-19,DELIVERED,17959.8,USD,2025-12-16T00:00:00
PO-2025-01483,PO-001483,SUP-0103,FAC-MX-01,WH-MX-RAW-01,2025-07-16,2025-08-31,DELIVERED,15048.96,USD,2025-07-16T00:00:00
PO-2025-01484,PO-001484,SUP-0001,FAC-EU-01,WH-EU-RAW-01,2025-10-12,2025-12-14,DELIVERED,33964.14,USD,2025-10-12T00:00:00
PO-2025-01485,PO-001485,SUP-0026,FAC-US-01,WH-US-RAW-01,2026-01-20,2026-02-18,DELIVERED,322550.91,USD,2026-01-20T00:00:00
PO-2025-01486,PO-001486,SUP-0059,FAC-APAC-01,WH-APAC-RAW-01,2025-05-20,2025-07-20,OVERDUE,28700.43,USD,2025-05-20T00:00:00
PO-2025-01487,PO-001487,SUP-0060,FAC-EU-01,WH-EU-RAW-01,2025-08-20,2025-09-20,OVERDUE,171384.97,USD,2025-08-20T00:00:00
PO-2025-01488,PO-001488,SUP-0074,FAC-US-01,WH-US-RAW-01,2025-08-19,2025-09-10,DELIVERED,125392.64,USD,2025-08-19T00:00:00
PO-2025-01489,PO-001489,SUP-0026,FAC-EU-01,WH-EU-RAW-01,2025-10-16,2025-11-14,CANCELLED,108905.22,USD,2025-10-16T00:00:00
PO-2025-01490,PO-001490,SUP-0090,FAC-EU-01,WH-EU-RAW-01,2026-05-15,2026-06-07,PENDING,1970.72,USD,2026-05-15T00:00:00
PO-2025-01491,PO-001491,SUP-0074,FAC-US-01,WH-US-RAW-01,2025-04-25,2025-05-15,DELIVERED,26621.6,USD,2025-04-25T00:00:00
PO-2025-01492,PO-001492,SUP-0018,FAC-EU-01,WH-EU-RAW-01,2025-11-13,2025-12-04,DELIVERED,62288.08,USD,2025-11-13T00:00:00
PO-2025-01493,PO-001493,SUP-0008,FAC-APAC-01,WH-APAC-RAW-01,2025-07-06,2025-08-12,DELIVERED,79813.92,USD,2025-07-06T00:00:00
PO-2025-01494,PO-001494,SUP-0092,FAC-US-01,WH-US-RAW-01,2026-05-05,2026-05-27,PENDING,1808.8,USD,2026-05-05T00:00:00
PO-2025-01495,PO-001495,SUP-0007,FAC-MX-01,WH-MX-RAW-01,2025-05-28,2025-06-17,DELIVERED,110638.0,USD,2025-05-28T00:00:00
PO-2025-01496,PO-001496,SUP-0073,FAC-APAC-01,WH-APAC-RAW-01,2025-10-07,2025-11-05,DELIVERED,25729.48,USD,2025-10-07T00:00:00
PO-2025-01497,PO-001497,SUP-0005,FAC-US-01,WH-US-RAW-01,2026-01-15,2026-02-05,DELIVERED,3924.9,USD,2026-01-15T00:00:00
PO-2025-01498,PO-001498,SUP-0104,FAC-MX-01,WH-MX-RAW-01,2026-01-05,2026-02-03,OVERDUE,73919.42,USD,2026-01-05T00:00:00
PO-2025-01499,PO-001499,SUP-0041,FAC-APAC-01,WH-APAC-RAW-01,2025-10-13,2025-11-05,DELIVERED,2466.75,USD,2025-10-13T00:00:00
PO-2025-01500,PO-001500,SUP-0036,FAC-APAC-01,WH-APAC-RAW-01,2025-09-16,2025-09-24,DELIVERED,12877.18,USD,2025-09-16T00:00:00
PO-2025-01501,PO-001501,SUP-0045,FAC-APAC-01,WH-APAC-RAW-01,2025-10-05,2025-10-21,DELIVERED,2458.48,USD,2025-10-05T00:00:00
PO-2025-01502,PO-001502,SUP-0103,FAC-MX-01,WH-MX-RAW-01,2025-08-14,2025-09-26,DELIVERED,239843.01,USD,2025-08-14T00:00:00
PO-2025-01503,PO-001503,SUP-0011,FAC-US-01,WH-US-RAW-01,2025-07-19,2025-08-11,DELIVERED,1423.1,USD,2025-07-19T00:00:00
PO-2025-01504,PO-001504,SUP-0091,FAC-EU-01,WH-EU-RAW-01,2025-11-02,2025-11-17,DELIVERED,1582.68,USD,2025-11-02T00:00:00
PO-2025-01505,PO-001505,SUP-0079,FAC-APAC-01,WH-APAC-RAW-01,2025-08-16,2025-09-12,DELIVERED,47403.24,USD,2025-08-16T00:00:00
PO-2025-01506,PO-001506,SUP-0079,FAC-US-01,WH-US-RAW-01,2025-08-24,2025-09-23,DELIVERED,92329.61,USD,2025-08-24T00:00:00
PO-2025-01507,PO-001507,SUP-0112,FAC-EU-01,WH-EU-RAW-01,2025-12-23,2026-01-10,DELIVERED,20185.6,USD,2025-12-23T00:00:00
PO-2025-01508,PO-001508,SUP-0051,FAC-MX-01,WH-MX-RAW-01,2026-05-03,2026-05-30,PENDING,2542.9,USD,2026-05-03T00:00:00
PO-2025-01509,PO-001509,SUP-0012,FAC-APAC-01,WH-APAC-RAW-01,2025-12-08,2025-12-22,DELIVERED,12096.4,USD,2025-12-08T00:00:00
PO-2025-01510,PO-001510,SUP-0057,FAC-MX-01,WH-MX-RAW-01,2025-05-02,2025-05-18,DELIVERED,5688.75,USD,2025-05-02T00:00:00
PO-2025-01511,PO-001511,SUP-0089,FAC-APAC-01,WH-APAC-RAW-01,2025-05-01,2025-05-16,DELIVERED,30754.92,USD,2025-05-01T00:00:00
PO-2025-01512,PO-001512,SUP-0073,FAC-US-01,WH-US-RAW-01,2026-04-19,2026-05-16,PENDING,102634.03,USD,2026-04-19T00:00:00
PO-2025-01513,PO-001513,SUP-0102,FAC-MX-01,WH-MX-RAW-01,2025-08-28,2025-09-26,DELIVERED,2673.22,USD,2025-08-28T00:00:00
PO-2025-01514,PO-001514,SUP-0007,FAC-EU-01,WH-EU-RAW-01,2025-05-14,2025-06-10,DELIVERED,13161.5,USD,2025-05-14T00:00:00
PO-2025-01515,PO-001515,SUP-0112,FAC-MX-01,WH-MX-RAW-01,2025-12-07,2025-12-21,DELIVERED,31469.34,USD,2025-12-07T00:00:00
PO-2025-01516,PO-001516,SUP-0054,FAC-EU-01,WH-EU-RAW-01,2025-12-13,2026-01-12,DELIVERED,3208.25,USD,2025-12-13T00:00:00
PO-2025-01517,PO-001517,SUP-0036,FAC-EU-01,WH-EU-RAW-01,2025-12-20,2025-12-28,DELIVERED,6595.98,USD,2025-12-20T00:00:00
PO-2025-01518,PO-001518,SUP-0109,FAC-MX-01,WH-MX-RAW-01,2025-08-16,2025-09-02,DELIVERED,1607.01,USD,2025-08-16T00:00:00
PO-2025-01519,PO-001519,SUP-0090,FAC-APAC-01,WH-APAC-RAW-01,2025-02-24,2025-03-23,CANCELLED,206661.69,USD,2025-02-24T00:00:00
PO-2025-01520,PO-001520,SUP-0114,FAC-EU-01,WH-EU-RAW-01,2026-04-30,2026-05-22,PENDING,57418.35,USD,2026-04-30T00:00:00
PO-2025-01521,PO-001521,SUP-0078,FAC-APAC-01,WH-APAC-RAW-01,2025-08-09,2025-08-27,DELIVERED,8992.68,USD,2025-08-09T00:00:00
PO-2025-01522,PO-001522,SUP-0095,FAC-EU-01,WH-EU-RAW-01,2025-12-28,2026-01-09,DELIVERED,11006.7,USD,2025-12-28T00:00:00
PO-2025-01523,PO-001523,SUP-0086,FAC-MX-01,WH-MX-RAW-01,2026-01-06,2026-01-17,OVERDUE,9919.44,USD,2026-01-06T00:00:00
PO-2025-01524,PO-001524,SUP-0048,FAC-MX-01,WH-MX-RAW-01,2025-12-10,2026-01-12,DELIVERED,175127.66,USD,2025-12-10T00:00:00
PO-2025-01525,PO-001525,SUP-0090,FAC-US-01,WH-US-RAW-01,2025-09-03,2025-09-24,DELIVERED,46106.53,USD,2025-09-03T00:00:00
PO-2025-01526,PO-001526,SUP-0029,FAC-MX-01,WH-MX-RAW-01,2025-08-17,2025-09-18,DELIVERED,55633.31,USD,2025-08-17T00:00:00
PO-2025-01527,PO-001527,SUP-0015,FAC-EU-01,WH-EU-RAW-01,2025-12-06,2026-02-02,DELIVERED,3151.78,USD,2025-12-06T00:00:00
PO-2025-01528,PO-001528,SUP-0014,FAC-APAC-01,WH-APAC-RAW-01,2026-03-04,2026-05-05,IN_TRANSIT,101222.28,USD,2026-03-04T00:00:00
PO-2025-01529,PO-001529,SUP-0021,FAC-US-01,WH-US-RAW-01,2026-04-16,2026-05-18,PENDING,17354.05,USD,2026-04-16T00:00:00
PO-2025-01530,PO-001530,SUP-0019,FAC-MX-01,WH-MX-RAW-01,2025-05-23,2025-06-09,DELIVERED,209992.86,USD,2025-05-23T00:00:00
PO-2025-01531,PO-001531,SUP-0066,FAC-EU-01,WH-EU-RAW-01,2025-06-22,2025-07-10,DELIVERED,17253.81,USD,2025-06-22T00:00:00
PO-2025-01532,PO-001532,SUP-0052,FAC-US-01,WH-US-RAW-01,2026-04-15,2026-05-16,PENDING,10672.42,USD,2026-04-15T00:00:00
PO-2025-01533,PO-001533,SUP-0006,FAC-APAC-01,WH-APAC-RAW-01,2026-01-15,2026-02-01,OVERDUE,19145.7,USD,2026-01-15T00:00:00
PO-2025-01534,PO-001534,SUP-0021,FAC-US-01,WH-US-RAW-01,2026-03-11,2026-04-13,DELIVERED,67136.94,USD,2026-03-11T00:00:00
PO-2025-01535,PO-001535,SUP-0071,FAC-MX-01,WH-MX-RAW-01,2025-07-17,2025-08-21,DELIVERED,15381.3,USD,2025-07-17T00:00:00
PO-2025-01536,PO-001536,SUP-0082,FAC-US-01,WH-US-RAW-01,2025-12-03,2026-02-09,DELIVERED,183755.16,USD,2025-12-03T00:00:00
PO-2025-01537,PO-001537,SUP-0047,FAC-MX-01,WH-MX-RAW-01,2026-01-04,2026-01-18,DELIVERED,372643.44,USD,2026-01-04T00:00:00
PO-2025-01538,PO-001538,SUP-0096,FAC-MX-01,WH-MX-RAW-01,2025-12-29,2026-01-16,DELIVERED,2525.67,USD,2025-12-29T00:00:00
PO-2025-01539,PO-001539,SUP-0010,FAC-US-01,WH-US-RAW-01,2025-10-08,2025-10-29,DELIVERED,227394.03,USD,2025-10-08T00:00:00
PO-2025-01540,PO-001540,SUP-0115,FAC-EU-01,WH-EU-RAW-01,2025-02-24,2025-03-21,DELIVERED,85506.54,USD,2025-02-24T00:00:00
PO-2025-01541,PO-001541,SUP-0050,FAC-MX-01,WH-MX-RAW-01,2025-12-02,2026-01-01,DELIVERED,12552.72,USD,2025-12-02T00:00:00
PO-2025-01542,PO-001542,SUP-0094,FAC-MX-01,WH-MX-RAW-01,2025-08-10,2025-08-20,DELIVERED,6557.76,USD,2025-08-10T00:00:00
PO-2025-01543,PO-001543,SUP-0112,FAC-APAC-01,WH-APAC-RAW-01,2025-10-22,2025-11-07,DELIVERED,27130.19,USD,2025-10-22T00:00:00
PO-2025-01544,PO-001544,SUP-0087,FAC-APAC-01,WH-APAC-RAW-01,2026-04-24,2026-05-13,PENDING,7969.26,USD,2026-04-24T00:00:00
PO-2025-01545,PO-001545,SUP-0013,FAC-EU-01,WH-EU-RAW-01,2025-10-05,2025-10-26,DELIVERED,15711.91,USD,2025-10-05T00:00:00
PO-2025-01546,PO-001546,SUP-0009,FAC-EU-01,WH-EU-RAW-01,2026-02-20,2026-04-18,IN_TRANSIT,48059.41,USD,2026-02-20T00:00:00
PO-2025-01547,PO-001547,SUP-0102,FAC-APAC-01,WH-APAC-RAW-01,2025-07-10,2025-08-02,DELIVERED,23728.53,USD,2025-07-10T00:00:00
PO-2025-01548,PO-001548,SUP-0012,FAC-APAC-01,WH-APAC-RAW-01,2025-12-27,2026-01-09,DELIVERED,315503.38,USD,2025-12-27T00:00:00
PO-2025-01549,PO-001549,SUP-0080,FAC-EU-01,WH-EU-RAW-01,2026-05-12,2026-06-11,PENDING,5544.84,USD,2026-05-12T00:00:00
PO-2025-01550,PO-001550,SUP-0030,FAC-MX-01,WH-MX-RAW-01,2025-05-21,2025-06-24,DELIVERED,20045.68,USD,2025-05-21T00:00:00
PO-2025-01551,PO-001551,SUP-0089,FAC-APAC-01,WH-APAC-RAW-01,2025-02-10,2025-03-01,DELIVERED,57380.29,USD,2025-02-10T00:00:00
PO-2025-01552,PO-001552,SUP-0062,FAC-EU-01,WH-EU-RAW-01,2025-10-17,2025-11-17,OVERDUE,349254.09,USD,2025-10-17T00:00:00
PO-2025-01553,PO-001553,SUP-0102,FAC-MX-01,WH-MX-RAW-01,2025-05-14,2025-06-09,DELIVERED,5039.9,USD,2025-05-14T00:00:00
PO-2025-01554,PO-001554,SUP-0113,FAC-EU-01,WH-EU-RAW-01,2026-01-19,2026-02-05,DELIVERED,72653.04,USD,2026-01-19T00:00:00
PO-2025-01555,PO-001555,SUP-0039,FAC-MX-01,WH-MX-RAW-01,2026-03-27,2026-04-27,IN_TRANSIT,1067.85,USD,2026-03-27T00:00:00
PO-2025-01556,PO-001556,SUP-0087,FAC-EU-01,WH-EU-RAW-01,2025-10-17,2025-11-08,DELIVERED,1141.8,USD,2025-10-17T00:00:00
PO-2025-01557,PO-001557,SUP-0052,FAC-US-01,WH-US-RAW-01,2025-08-12,2025-09-12,DELIVERED,9307.1,USD,2025-08-12T00:00:00
PO-2025-01558,PO-001558,SUP-0110,FAC-EU-01,WH-EU-RAW-01,2025-10-17,2025-11-02,DELIVERED,18912.24,USD,2025-10-17T00:00:00
PO-2025-01559,PO-001559,SUP-0095,FAC-MX-01,WH-MX-RAW-01,2026-01-11,2026-01-25,DELIVERED,61040.25,USD,2026-01-11T00:00:00
PO-2025-01560,PO-001560,SUP-0041,FAC-US-01,WH-US-RAW-01,2025-02-11,2025-03-01,DELIVERED,10220.14,USD,2025-02-11T00:00:00
PO-2025-01561,PO-001561,SUP-0044,FAC-APAC-01,WH-APAC-RAW-01,2025-12-04,2026-01-27,DELIVERED,39965.19,USD,2025-12-04T00:00:00
PO-2025-01562,PO-001562,SUP-0029,FAC-US-01,WH-US-RAW-01,2025-12-11,2026-01-13,DELIVERED,190338.72,USD,2025-12-11T00:00:00
PO-2025-01563,PO-001563,SUP-0118,FAC-US-01,WH-US-RAW-01,2025-12-17,2026-01-19,DELIVERED,47057.17,USD,2025-12-17T00:00:00
PO-2025-01564,PO-001564,SUP-0071,FAC-US-01,WH-US-RAW-01,2025-08-05,2025-09-07,DELIVERED,191291.72,USD,2025-08-05T00:00:00
PO-2025-01565,PO-001565,SUP-0075,FAC-APAC-01,WH-APAC-RAW-01,2026-01-08,2026-02-06,CANCELLED,19965.02,USD,2026-01-08T00:00:00
PO-2025-01566,PO-001566,SUP-0079,FAC-MX-01,WH-MX-RAW-01,2025-05-13,2025-06-07,DELIVERED,795858.43,USD,2025-05-13T00:00:00
PO-2025-01567,PO-001567,SUP-0061,FAC-EU-01,WH-EU-RAW-01,2025-07-16,2025-07-28,DELIVERED,70269.8,USD,2025-07-16T00:00:00
PO-2025-01568,PO-001568,SUP-0055,FAC-MX-01,WH-MX-RAW-01,2026-03-09,2026-03-30,DELIVERED,371163.65,USD,2026-03-09T00:00:00
PO-2025-01569,PO-001569,SUP-0014,FAC-US-01,WH-US-RAW-01,2026-01-16,2026-03-20,DELIVERED,369883.8,USD,2026-01-16T00:00:00
PO-2025-01570,PO-001570,SUP-0025,FAC-US-01,WH-US-RAW-01,2025-02-21,2025-03-02,DELIVERED,13171.41,USD,2025-02-21T00:00:00
PO-2025-01571,PO-001571,SUP-0059,FAC-APAC-01,WH-APAC-RAW-01,2025-08-07,2025-10-04,DELIVERED,8242.44,USD,2025-08-07T00:00:00
PO-2025-01572,PO-001572,SUP-0031,FAC-EU-01,WH-EU-RAW-01,2025-07-23,2025-09-24,DELIVERED,22699.2,USD,2025-07-23T00:00:00
PO-2025-01573,PO-001573,SUP-0073,FAC-APAC-01,WH-APAC-RAW-01,2025-08-17,2025-09-15,DELIVERED,934.8,USD,2025-08-17T00:00:00
PO-2025-01574,PO-001574,SUP-0050,FAC-MX-01,WH-MX-RAW-01,2025-08-07,2025-09-07,OVERDUE,161101.29,USD,2025-08-07T00:00:00
PO-2025-01575,PO-001575,SUP-0100,FAC-APAC-01,WH-APAC-RAW-01,2025-04-20,2025-05-02,DELIVERED,221058.88,USD,2025-04-20T00:00:00
PO-2025-01576,PO-001576,SUP-0014,FAC-EU-01,WH-EU-RAW-01,2025-10-25,2025-12-28,DELIVERED,156575.52,USD,2025-10-25T00:00:00
PO-2025-01577,PO-001577,SUP-0080,FAC-APAC-01,WH-APAC-RAW-01,2026-01-14,2026-02-12,CANCELLED,183271.97,USD,2026-01-14T00:00:00
PO-2025-01578,PO-001578,SUP-0024,FAC-US-01,WH-US-RAW-01,2025-12-09,2025-12-25,DELIVERED,34051.56,USD,2025-12-09T00:00:00
PO-2025-01579,PO-001579,SUP-0077,FAC-MX-01,WH-MX-RAW-01,2025-12-27,2026-01-22,DELIVERED,1565.99,USD,2025-12-27T00:00:00
PO-2025-01580,PO-001580,SUP-0066,FAC-EU-01,WH-EU-RAW-01,2025-05-06,2025-05-24,DELIVERED,43494.17,USD,2025-05-06T00:00:00
PO-2025-01581,PO-001581,SUP-0108,FAC-MX-01,WH-MX-RAW-01,2026-04-19,2026-05-10,PENDING,130494.8,USD,2026-04-19T00:00:00
PO-2025-01582,PO-001582,SUP-0059,FAC-MX-01,WH-MX-RAW-01,2026-02-20,2026-04-23,IN_TRANSIT,108011.47,USD,2026-02-20T00:00:00
PO-2025-01583,PO-001583,SUP-0054,FAC-MX-01,WH-MX-RAW-01,2026-02-07,2026-03-03,OVERDUE,15312.66,USD,2026-02-07T00:00:00
PO-2025-01584,PO-001584,SUP-0117,FAC-US-01,WH-US-RAW-01,2026-02-14,2026-03-11,CANCELLED,32193.07,USD,2026-02-14T00:00:00
PO-2025-01585,PO-001585,SUP-0081,FAC-US-01,WH-US-RAW-01,2026-04-07,2026-05-14,IN_TRANSIT,73803.6,USD,2026-04-07T00:00:00
PO-2025-01586,PO-001586,SUP-0035,FAC-MX-01,WH-MX-RAW-01,2025-11-21,2026-01-08,DELIVERED,125127.66,USD,2025-11-21T00:00:00
PO-2025-01587,PO-001587,SUP-0042,FAC-MX-01,WH-MX-RAW-01,2025-07-16,2025-08-07,DELIVERED,26448.0,USD,2025-07-16T00:00:00
PO-2025-01588,PO-001588,SUP-0084,FAC-EU-01,WH-EU-RAW-01,2025-12-12,2026-01-06,DELIVERED,14434.2,USD,2025-12-12T00:00:00
PO-2025-01589,PO-001589,SUP-0100,FAC-APAC-01,WH-APAC-RAW-01,2026-01-17,2026-01-25,OVERDUE,230765.85,USD,2026-01-17T00:00:00
PO-2025-01590,PO-001590,SUP-0006,FAC-MX-01,WH-MX-RAW-01,2026-01-15,2026-01-30,DELIVERED,1381.44,USD,2026-01-15T00:00:00
PO-2025-01591,PO-001591,SUP-0021,FAC-EU-01,WH-EU-RAW-01,2025-11-14,2025-12-16,DELIVERED,48122.51,USD,2025-11-14T00:00:00
PO-2025-01592,PO-001592,SUP-0062,FAC-EU-01,WH-EU-RAW-01,2025-04-25,2025-05-31,DELIVERED,175967.38,USD,2025-04-25T00:00:00
PO-2025-01593,PO-001593,SUP-0100,FAC-MX-01,WH-MX-RAW-01,2025-09-25,2025-10-07,DELIVERED,46295.91,USD,2025-09-25T00:00:00
PO-2025-01594,PO-001594,SUP-0010,FAC-EU-01,WH-EU-RAW-01,2026-03-31,2026-04-21,IN_TRANSIT,301636.69,USD,2026-03-31T00:00:00
PO-2025-01595,PO-001595,SUP-0109,FAC-US-01,WH-US-RAW-01,2025-12-02,2025-12-15,DELIVERED,45728.63,USD,2025-12-02T00:00:00
PO-2025-01596,PO-001596,SUP-0064,FAC-US-01,WH-US-RAW-01,2025-11-19,2025-12-12,DELIVERED,999.99,USD,2025-11-19T00:00:00
PO-2025-01597,PO-001597,SUP-0067,FAC-MX-01,WH-MX-RAW-01,2025-08-16,2025-09-07,DELIVERED,19568.65,USD,2025-08-16T00:00:00
PO-2025-01598,PO-001598,SUP-0084,FAC-EU-01,WH-EU-RAW-01,2025-09-24,2025-10-16,CANCELLED,20528.23,USD,2025-09-24T00:00:00
PO-2025-01599,PO-001599,SUP-0023,FAC-APAC-01,WH-APAC-RAW-01,2026-03-17,2026-04-01,DELIVERED,21933.8,USD,2026-03-17T00:00:00
PO-2025-01600,PO-001600,SUP-0084,FAC-US-01,WH-US-RAW-01,2025-12-25,2026-01-18,DELIVERED,7422.56,USD,2025-12-25T00:00:00
PO-2025-01601,PO-001601,SUP-0115,FAC-MX-01,WH-MX-RAW-01,2026-02-01,2026-02-26,DELIVERED,1576.42,USD,2026-02-01T00:00:00
PO-2025-01602,PO-001602,SUP-0096,FAC-APAC-01,WH-APAC-RAW-01,2025-10-24,2025-11-10,OVERDUE,5112.04,USD,2025-10-24T00:00:00
PO-2025-01603,PO-001603,SUP-0067,FAC-MX-01,WH-MX-RAW-01,2025-12-15,2026-01-03,DELIVERED,372119.94,USD,2025-12-15T00:00:00
PO-2025-01604,PO-001604,SUP-0074,FAC-MX-01,WH-MX-RAW-01,2025-08-07,2025-09-03,DELIVERED,299402.95,USD,2025-08-07T00:00:00
PO-2025-01605,PO-001605,SUP-0080,FAC-APAC-01,WH-APAC-RAW-01,2026-01-06,2026-02-06,DELIVERED,26026.52,USD,2026-01-06T00:00:00
PO-2025-01606,PO-001606,SUP-0107,FAC-MX-01,WH-MX-RAW-01,2025-10-15,2025-10-31,OVERDUE,283567.31,USD,2025-10-15T00:00:00
PO-2025-01607,PO-001607,SUP-0020,FAC-APAC-01,WH-APAC-RAW-01,2025-10-20,2025-11-04,DELIVERED,57561.03,USD,2025-10-20T00:00:00
PO-2025-01608,PO-001608,SUP-0074,FAC-MX-01,WH-MX-RAW-01,2025-12-21,2026-01-17,DELIVERED,3267.89,USD,2025-12-21T00:00:00
PO-2025-01609,PO-001609,SUP-0073,FAC-APAC-01,WH-APAC-RAW-01,2026-04-09,2026-05-06,IN_TRANSIT,46896.84,USD,2026-04-09T00:00:00
PO-2025-01610,PO-001610,SUP-0089,FAC-EU-01,WH-EU-RAW-01,2025-04-22,2025-05-06,DELIVERED,34649.34,USD,2025-04-22T00:00:00
PO-2025-01611,PO-001611,SUP-0005,FAC-APAC-01,WH-APAC-RAW-01,2026-02-15,2026-03-06,DELIVERED,13669.64,USD,2026-02-15T00:00:00
PO-2025-01612,PO-001612,SUP-0049,FAC-EU-01,WH-EU-RAW-01,2025-08-26,2025-09-12,DELIVERED,9165.5,USD,2025-08-26T00:00:00
PO-2025-01613,PO-001613,SUP-0089,FAC-MX-01,WH-MX-RAW-01,2025-10-20,2025-11-08,DELIVERED,1120869.73,USD,2025-10-20T00:00:00
PO-2025-01614,PO-001614,SUP-0120,FAC-APAC-01,WH-APAC-RAW-01,2025-03-07,2025-04-06,DELIVERED,134188.25,USD,2025-03-07T00:00:00
PO-2025-01615,PO-001615,SUP-0055,FAC-MX-01,WH-MX-RAW-01,2025-08-30,2025-09-15,DELIVERED,5713.11,USD,2025-08-30T00:00:00
PO-2025-01616,PO-001616,SUP-0119,FAC-APAC-01,WH-APAC-RAW-01,2025-11-08,2025-12-08,DELIVERED,74964.64,USD,2025-11-08T00:00:00
PO-2025-01617,PO-001617,SUP-0108,FAC-EU-01,WH-EU-RAW-01,2025-04-15,2025-05-10,DELIVERED,14620.5,USD,2025-04-15T00:00:00
PO-2025-01618,PO-001618,SUP-0032,FAC-APAC-01,WH-APAC-RAW-01,2025-11-04,2025-12-10,DELIVERED,17188.08,USD,2025-11-04T00:00:00
PO-2025-01619,PO-001619,SUP-0003,FAC-MX-01,WH-MX-RAW-01,2026-04-03,2026-04-27,IN_TRANSIT,278342.15,USD,2026-04-03T00:00:00
PO-2025-01620,PO-001620,SUP-0061,FAC-US-01,WH-US-RAW-01,2025-05-23,2025-06-09,DELIVERED,757.56,USD,2025-05-23T00:00:00
PO-2025-01621,PO-001621,SUP-0015,FAC-US-01,WH-US-RAW-01,2026-01-24,2026-03-23,DELIVERED,91676.4,USD,2026-01-24T00:00:00
PO-2025-01622,PO-001622,SUP-0016,FAC-US-01,WH-US-RAW-01,2025-10-09,2025-11-01,DELIVERED,401362.65,USD,2025-10-09T00:00:00
PO-2025-01623,PO-001623,SUP-0006,FAC-US-01,WH-US-RAW-01,2025-12-22,2026-01-06,DELIVERED,16600.71,USD,2025-12-22T00:00:00
PO-2025-01624,PO-001624,SUP-0059,FAC-MX-01,WH-MX-RAW-01,2025-08-13,2025-10-12,OVERDUE,1448.4,USD,2025-08-13T00:00:00
PO-2025-01625,PO-001625,SUP-0100,FAC-EU-01,WH-EU-RAW-01,2025-06-25,2025-07-04,DELIVERED,21628.08,USD,2025-06-25T00:00:00
PO-2025-01626,PO-001626,SUP-0048,FAC-MX-01,WH-MX-RAW-01,2025-06-26,2025-07-27,DELIVERED,5238.48,USD,2025-06-26T00:00:00
PO-2025-01627,PO-001627,SUP-0095,FAC-APAC-01,WH-APAC-RAW-01,2025-04-27,2025-05-10,DELIVERED,40735.2,USD,2025-04-27T00:00:00
PO-2025-01628,PO-001628,SUP-0014,FAC-US-01,WH-US-RAW-01,2025-07-09,2025-09-09,DELIVERED,1016.64,USD,2025-07-09T00:00:00
PO-2025-01629,PO-001629,SUP-0028,FAC-EU-01,WH-EU-RAW-01,2025-12-25,2026-01-24,DELIVERED,35456.0,USD,2025-12-25T00:00:00
PO-2025-01630,PO-001630,SUP-0013,FAC-MX-01,WH-MX-RAW-01,2026-03-11,2026-03-31,DELIVERED,1342.8,USD,2026-03-11T00:00:00
PO-2025-01631,PO-001631,SUP-0010,FAC-US-01,WH-US-RAW-01,2026-02-10,2026-02-28,DELIVERED,5899.81,USD,2026-02-10T00:00:00
PO-2025-01632,PO-001632,SUP-0012,FAC-MX-01,WH-MX-RAW-01,2025-12-31,2026-01-17,DELIVERED,9485.2,USD,2025-12-31T00:00:00
PO-2025-01633,PO-001633,SUP-0112,FAC-APAC-01,WH-APAC-RAW-01,2025-05-27,2025-06-10,DELIVERED,58174.56,USD,2025-05-27T00:00:00
PO-2025-01634,PO-001634,SUP-0080,FAC-US-01,WH-US-RAW-01,2025-08-25,2025-09-25,DELIVERED,7871.6,USD,2025-08-25T00:00:00
PO-2025-01635,PO-001635,SUP-0062,FAC-MX-01,WH-MX-RAW-01,2025-09-02,2025-10-08,DELIVERED,2127.79,USD,2025-09-02T00:00:00
PO-2025-01636,PO-001636,SUP-0047,FAC-MX-01,WH-MX-RAW-01,2025-08-08,2025-08-26,DELIVERED,33266.36,USD,2025-08-08T00:00:00
PO-2025-01637,PO-001637,SUP-0062,FAC-EU-01,WH-EU-RAW-01,2025-11-12,2025-12-17,DELIVERED,71804.93,USD,2025-11-12T00:00:00
PO-2025-01638,PO-001638,SUP-0115,FAC-EU-01,WH-EU-RAW-01,2025-11-18,2025-12-17,DELIVERED,28442.88,USD,2025-11-18T00:00:00
PO-2025-01639,PO-001639,SUP-0084,FAC-APAC-01,WH-APAC-RAW-01,2025-09-20,2025-10-19,DELIVERED,91635.98,USD,2025-09-20T00:00:00
PO-2025-01640,PO-001640,SUP-0111,FAC-US-01,WH-US-RAW-01,2025-09-19,2025-10-21,DELIVERED,630912.48,USD,2025-09-19T00:00:00
PO-2025-01641,PO-001641,SUP-0053,FAC-APAC-01,WH-APAC-RAW-01,2026-02-16,2026-03-21,CANCELLED,19023.8,USD,2026-02-16T00:00:00
PO-2025-01642,PO-001642,SUP-0077,FAC-EU-01,WH-EU-RAW-01,2026-02-01,2026-02-22,DELIVERED,32077.11,USD,2026-02-01T00:00:00
PO-2025-01643,PO-001643,SUP-0104,FAC-EU-01,WH-EU-RAW-01,2025-09-01,2025-09-30,DELIVERED,21757.08,USD,2025-09-01T00:00:00
PO-2025-01644,PO-001644,SUP-0018,FAC-US-01,WH-US-RAW-01,2026-03-27,2026-04-22,IN_TRANSIT,4346.56,USD,2026-03-27T00:00:00
PO-2025-01645,PO-001645,SUP-0093,FAC-APAC-01,WH-APAC-RAW-01,2026-04-20,2026-06-07,PENDING,8077.95,USD,2026-04-20T00:00:00
PO-2025-01646,PO-001646,SUP-0081,FAC-EU-01,WH-EU-RAW-01,2025-09-09,2025-10-15,DELIVERED,192536.34,USD,2025-09-09T00:00:00
PO-2025-01647,PO-001647,SUP-0085,FAC-EU-01,WH-EU-RAW-01,2025-09-19,2025-10-02,OVERDUE,293021.45,USD,2025-09-19T00:00:00
PO-2025-01648,PO-001648,SUP-0117,FAC-US-01,WH-US-RAW-01,2025-11-09,2025-12-04,DELIVERED,39310.09,USD,2025-11-09T00:00:00
PO-2025-01649,PO-001649,SUP-0055,FAC-MX-01,WH-MX-RAW-01,2026-04-12,2026-04-28,IN_TRANSIT,21397.76,USD,2026-04-12T00:00:00
PO-2025-01650,PO-001650,SUP-0050,FAC-EU-01,WH-EU-RAW-01,2026-03-08,2026-04-04,DELIVERED,555231.6,USD,2026-03-08T00:00:00
PO-2025-01651,PO-001651,SUP-0080,FAC-EU-01,WH-EU-RAW-01,2025-05-21,2025-06-23,DELIVERED,42531.89,USD,2025-05-21T00:00:00
PO-2025-01652,PO-001652,SUP-0095,FAC-EU-01,WH-EU-RAW-01,2025-10-03,2025-10-20,DELIVERED,14862.47,USD,2025-10-03T00:00:00
PO-2025-01653,PO-001653,SUP-0019,FAC-APAC-01,WH-APAC-RAW-01,2025-11-23,2025-12-15,DELIVERED,84011.16,USD,2025-11-23T00:00:00
PO-2025-01654,PO-001654,SUP-0078,FAC-MX-01,WH-MX-RAW-01,2025-11-08,2025-11-27,DELIVERED,48829.17,USD,2025-11-08T00:00:00
PO-2025-01655,PO-001655,SUP-0068,FAC-US-01,WH-US-RAW-01,2025-07-13,2025-08-07,OVERDUE,4270.25,USD,2025-07-13T00:00:00
PO-2025-01656,PO-001656,SUP-0082,FAC-EU-01,WH-EU-RAW-01,2026-02-28,2026-05-05,IN_TRANSIT,198932.69,USD,2026-02-28T00:00:00
PO-2025-01657,PO-001657,SUP-0009,FAC-EU-01,WH-EU-RAW-01,2025-12-28,2026-02-16,DELIVERED,114483.51,USD,2025-12-28T00:00:00
PO-2025-01658,PO-001658,SUP-0020,FAC-US-01,WH-US-RAW-01,2026-02-20,2026-03-11,DELIVERED,5112.09,USD,2026-02-20T00:00:00
PO-2025-01659,PO-001659,SUP-0073,FAC-APAC-01,WH-APAC-RAW-01,2026-02-28,2026-03-26,DELIVERED,256108.36,USD,2026-02-28T00:00:00
PO-2025-01660,PO-001660,SUP-0101,FAC-APAC-01,WH-APAC-RAW-01,2026-01-19,2026-02-18,CANCELLED,217.16,USD,2026-01-19T00:00:00
PO-2025-01661,PO-001661,SUP-0055,FAC-US-01,WH-US-RAW-01,2025-10-19,2025-11-03,DELIVERED,52459.52,USD,2025-10-19T00:00:00
PO-2025-01662,PO-001662,SUP-0032,FAC-APAC-01,WH-APAC-RAW-01,2025-12-10,2026-01-14,DELIVERED,85884.46,USD,2025-12-10T00:00:00
PO-2025-01663,PO-001663,SUP-0102,FAC-APAC-01,WH-APAC-RAW-01,2025-06-25,2025-07-23,DELIVERED,1854.02,USD,2025-06-25T00:00:00
PO-2025-01664,PO-001664,SUP-0004,FAC-MX-01,WH-MX-RAW-01,2025-12-27,2026-01-28,DELIVERED,8463.68,USD,2025-12-27T00:00:00
PO-2025-01665,PO-001665,SUP-0022,FAC-US-01,WH-US-RAW-01,2025-07-06,2025-07-24,DELIVERED,194790.05,USD,2025-07-06T00:00:00
PO-2025-01666,PO-001666,SUP-0019,FAC-MX-01,WH-MX-RAW-01,2026-01-02,2026-01-17,OVERDUE,6544.2,USD,2026-01-02T00:00:00
PO-2025-01667,PO-001667,SUP-0047,FAC-US-01,WH-US-RAW-01,2025-07-30,2025-08-10,DELIVERED,8851.92,USD,2025-07-30T00:00:00
PO-2025-01668,PO-001668,SUP-0116,FAC-APAC-01,WH-APAC-RAW-01,2025-05-31,2025-06-09,DELIVERED,29719.49,USD,2025-05-31T00:00:00
PO-2025-01669,PO-001669,SUP-0055,FAC-EU-01,WH-EU-RAW-01,2025-06-28,2025-07-17,DELIVERED,4652.75,USD,2025-06-28T00:00:00
PO-2025-01670,PO-001670,SUP-0106,FAC-MX-01,WH-MX-RAW-01,2025-01-20,2025-02-24,DELIVERED,48129.58,USD,2025-01-20T00:00:00
PO-2025-01671,PO-001671,SUP-0019,FAC-APAC-01,WH-APAC-RAW-01,2026-01-10,2026-01-31,DELIVERED,6204.66,USD,2026-01-10T00:00:00
PO-2025-01672,PO-001672,SUP-0065,FAC-MX-01,WH-MX-RAW-01,2026-01-14,2026-02-15,DELIVERED,456037.07,USD,2026-01-14T00:00:00
PO-2025-01673,PO-001673,SUP-0059,FAC-EU-01,WH-EU-RAW-01,2025-11-12,2026-01-11,DELIVERED,3789.98,USD,2025-11-12T00:00:00
PO-2025-01674,PO-001674,SUP-0016,FAC-US-01,WH-US-RAW-01,2025-06-26,2025-07-20,DELIVERED,168475.34,USD,2025-06-26T00:00:00
PO-2025-01675,PO-001675,SUP-0093,FAC-APAC-01,WH-APAC-RAW-01,2025-05-08,2025-06-24,DELIVERED,2683.45,USD,2025-05-08T00:00:00
PO-2025-01676,PO-001676,SUP-0085,FAC-MX-01,WH-MX-RAW-01,2025-03-02,2025-03-15,DELIVERED,1412.98,USD,2025-03-02T00:00:00
PO-2025-01677,PO-001677,SUP-0119,FAC-APAC-01,WH-APAC-RAW-01,2025-06-28,2025-08-01,DELIVERED,80705.77,USD,2025-06-28T00:00:00
PO-2025-01678,PO-001678,SUP-0107,FAC-APAC-01,WH-APAC-RAW-01,2026-03-15,2026-04-03,DELIVERED,35539.85,USD,2026-03-15T00:00:00
PO-2025-01679,PO-001679,SUP-0099,FAC-US-01,WH-US-RAW-01,2025-08-04,2025-08-20,DELIVERED,6017.26,USD,2025-08-04T00:00:00
PO-2025-01680,PO-001680,SUP-0083,FAC-EU-01,WH-EU-RAW-01,2025-09-19,2025-10-23,DELIVERED,29526.93,USD,2025-09-19T00:00:00
PO-2025-01681,PO-001681,SUP-0012,FAC-APAC-01,WH-APAC-RAW-01,2025-05-23,2025-06-10,DELIVERED,95631.12,USD,2025-05-23T00:00:00
PO-2025-01682,PO-001682,SUP-0029,FAC-MX-01,WH-MX-RAW-01,2025-07-27,2025-08-29,DELIVERED,8665.76,USD,2025-07-27T00:00:00
PO-2025-01683,PO-001683,SUP-0024,FAC-US-01,WH-US-RAW-01,2025-11-13,2025-12-01,DELIVERED,9919.14,USD,2025-11-13T00:00:00
PO-2025-01684,PO-001684,SUP-0016,FAC-MX-01,WH-MX-RAW-01,2025-12-09,2026-01-05,DELIVERED,599496.55,USD,2025-12-09T00:00:00
PO-2025-01685,PO-001685,SUP-0012,FAC-APAC-01,WH-APAC-RAW-01,2025-08-06,2025-08-20,DELIVERED,145463.12,USD,2025-08-06T00:00:00
PO-2025-01686,PO-001686,SUP-0001,FAC-US-01,WH-US-RAW-01,2025-04-16,2025-06-16,DELIVERED,9580.44,USD,2025-04-16T00:00:00
PO-2025-01687,PO-001687,SUP-0093,FAC-APAC-01,WH-APAC-RAW-01,2025-10-02,2025-11-15,DELIVERED,14421.9,USD,2025-10-02T00:00:00
PO-2025-01688,PO-001688,SUP-0093,FAC-APAC-01,WH-APAC-RAW-01,2025-08-01,2025-09-17,DELIVERED,611.49,USD,2025-08-01T00:00:00
PO-2025-01689,PO-001689,SUP-0049,FAC-US-01,WH-US-RAW-01,2025-07-25,2025-08-12,DELIVERED,3092.84,USD,2025-07-25T00:00:00
PO-2025-01690,PO-001690,SUP-0004,FAC-US-01,WH-US-RAW-01,2026-04-26,2026-05-23,PENDING,34895.24,USD,2026-04-26T00:00:00
PO-2025-01691,PO-001691,SUP-0112,FAC-MX-01,WH-MX-RAW-01,2025-12-11,2025-12-29,CANCELLED,80433.84,USD,2025-12-11T00:00:00
PO-2025-01692,PO-001692,SUP-0038,FAC-APAC-01,WH-APAC-RAW-01,2025-11-24,2025-12-18,DELIVERED,3187.8,USD,2025-11-24T00:00:00
PO-2025-01693,PO-001693,SUP-0022,FAC-MX-01,WH-MX-RAW-01,2025-10-11,2025-10-23,DELIVERED,2973.3,USD,2025-10-11T00:00:00
PO-2025-01694,PO-001694,SUP-0016,FAC-EU-01,WH-EU-RAW-01,2025-10-15,2025-11-12,DELIVERED,513856.15,USD,2025-10-15T00:00:00
PO-2025-01695,PO-001695,SUP-0060,FAC-US-01,WH-US-RAW-01,2025-11-20,2025-12-16,DELIVERED,114795.94,USD,2025-11-20T00:00:00
PO-2025-01696,PO-001696,SUP-0095,FAC-MX-01,WH-MX-RAW-01,2026-01-03,2026-01-21,DELIVERED,64597.48,USD,2026-01-03T00:00:00
PO-2025-01697,PO-001697,SUP-0045,FAC-APAC-01,WH-APAC-RAW-01,2026-01-05,2026-01-22,DELIVERED,237643.92,USD,2026-01-05T00:00:00
PO-2025-01698,PO-001698,SUP-0116,FAC-APAC-01,WH-APAC-RAW-01,2025-07-02,2025-07-13,DELIVERED,886.4,USD,2025-07-02T00:00:00
PO-2025-01699,PO-001699,SUP-0081,FAC-MX-01,WH-MX-RAW-01,2025-11-07,2025-12-13,DELIVERED,251709.46,USD,2025-11-07T00:00:00
PO-2025-01700,PO-001700,SUP-0049,FAC-US-01,WH-US-RAW-01,2025-10-10,2025-10-31,DELIVERED,14463.84,USD,2025-10-10T00:00:00
PO-2025-01701,PO-001701,SUP-0117,FAC-US-01,WH-US-RAW-01,2026-03-05,2026-03-31,DELIVERED,13255.97,USD,2026-03-05T00:00:00
PO-2025-01702,PO-001702,SUP-0001,FAC-APAC-01,WH-APAC-RAW-01,2025-12-16,2026-02-14,DELIVERED,63087.21,USD,2025-12-16T00:00:00
PO-2025-01703,PO-001703,SUP-0046,FAC-EU-01,WH-EU-RAW-01,2025-11-17,2025-12-14,DELIVERED,3808.59,USD,2025-11-17T00:00:00
PO-2025-01704,PO-001704,SUP-0048,FAC-EU-01,WH-EU-RAW-01,2025-05-30,2025-07-02,DELIVERED,26063.1,USD,2025-05-30T00:00:00
PO-2025-01705,PO-001705,SUP-0007,FAC-APAC-01,WH-APAC-RAW-01,2025-12-08,2026-01-03,DELIVERED,10535.02,USD,2025-12-08T00:00:00
PO-2025-01706,PO-001706,SUP-0009,FAC-APAC-01,WH-APAC-RAW-01,2025-05-31,2025-07-23,DELIVERED,24127.26,USD,2025-05-31T00:00:00
PO-2025-01707,PO-001707,SUP-0093,FAC-MX-01,WH-MX-RAW-01,2025-09-13,2025-10-31,DELIVERED,254619.06,USD,2025-09-13T00:00:00
PO-2025-01708,PO-001708,SUP-0119,FAC-US-01,WH-US-RAW-01,2025-06-16,2025-07-22,DELIVERED,39821.69,USD,2025-06-16T00:00:00
PO-2025-01709,PO-001709,SUP-0056,FAC-US-01,WH-US-RAW-01,2026-01-02,2026-01-17,DELIVERED,19705.55,USD,2026-01-02T00:00:00
PO-2025-01710,PO-001710,SUP-0112,FAC-MX-01,WH-MX-RAW-01,2025-07-19,2025-08-07,DELIVERED,50569.75,USD,2025-07-19T00:00:00
PO-2025-01711,PO-001711,SUP-0004,FAC-APAC-01,WH-APAC-RAW-01,2025-10-03,2025-11-05,DELIVERED,756.45,USD,2025-10-03T00:00:00
PO-2025-01712,PO-001712,SUP-0095,FAC-APAC-01,WH-APAC-RAW-01,2026-03-17,2026-04-03,DELIVERED,38513.28,USD,2026-03-17T00:00:00
PO-2025-01713,PO-001713,SUP-0006,FAC-APAC-01,WH-APAC-RAW-01,2025-07-18,2025-07-29,DELIVERED,17472.53,USD,2025-07-18T00:00:00
PO-2025-01714,PO-001714,SUP-0116,FAC-EU-01,WH-EU-RAW-01,2025-11-10,2025-11-21,DELIVERED,175435.47,USD,2025-11-10T00:00:00
PO-2025-01715,PO-001715,SUP-0083,FAC-APAC-01,WH-APAC-RAW-01,2025-10-12,2025-11-15,DELIVERED,9617.85,USD,2025-10-12T00:00:00
PO-2025-01716,PO-001716,SUP-0102,FAC-US-01,WH-US-RAW-01,2025-03-01,2025-03-29,DELIVERED,144662.41,USD,2025-03-01T00:00:00
PO-2025-01717,PO-001717,SUP-0004,FAC-APAC-01,WH-APAC-RAW-01,2026-02-03,2026-03-02,DELIVERED,3216.52,USD,2026-02-03T00:00:00
PO-2025-01718,PO-001718,SUP-0051,FAC-MX-01,WH-MX-RAW-01,2025-04-26,2025-05-17,DELIVERED,2114.0,USD,2025-04-26T00:00:00
PO-2025-01719,PO-001719,SUP-0095,FAC-US-01,WH-US-RAW-01,2025-10-30,2025-11-14,DELIVERED,3127.91,USD,2025-10-30T00:00:00
PO-2025-01720,PO-001720,SUP-0116,FAC-APAC-01,WH-APAC-RAW-01,2025-11-26,2025-12-03,DELIVERED,9308.19,USD,2025-11-26T00:00:00
PO-2025-01721,PO-001721,SUP-0065,FAC-MX-01,WH-MX-RAW-01,2025-12-15,2026-01-18,DELIVERED,13900.96,USD,2025-12-15T00:00:00
PO-2025-01722,PO-001722,SUP-0012,FAC-US-01,WH-US-RAW-01,2026-01-01,2026-01-13,DELIVERED,139440.35,USD,2026-01-01T00:00:00
PO-2025-01723,PO-001723,SUP-0105,FAC-US-01,WH-US-RAW-01,2025-08-10,2025-09-02,DELIVERED,140549.16,USD,2025-08-10T00:00:00
PO-2025-01724,PO-001724,SUP-0085,FAC-APAC-01,WH-APAC-RAW-01,2025-02-13,2025-02-25,DELIVERED,98172.36,USD,2025-02-13T00:00:00
PO-2025-01725,PO-001725,SUP-0096,FAC-APAC-01,WH-APAC-RAW-01,2026-01-11,2026-01-27,DELIVERED,38694.51,USD,2026-01-11T00:00:00
PO-2025-01726,PO-001726,SUP-0077,FAC-APAC-01,WH-APAC-RAW-01,2025-11-18,2025-12-11,DELIVERED,2219.7,USD,2025-11-18T00:00:00
PO-2025-01727,PO-001727,SUP-0024,FAC-MX-01,WH-MX-RAW-01,2026-02-19,2026-03-04,DELIVERED,8254.35,USD,2026-02-19T00:00:00
PO-2025-01728,PO-001728,SUP-0094,FAC-EU-01,WH-EU-RAW-01,2026-02-13,2026-02-26,DELIVERED,824075.93,USD,2026-02-13T00:00:00
PO-2025-01729,PO-001729,SUP-0043,FAC-MX-01,WH-MX-RAW-01,2026-02-22,2026-03-20,DELIVERED,192649.14,USD,2026-02-22T00:00:00
PO-2025-01730,PO-001730,SUP-0102,FAC-APAC-01,WH-APAC-RAW-01,2025-11-03,2025-12-02,DELIVERED,624850.8,USD,2025-11-03T00:00:00
PO-2025-01731,PO-001731,SUP-0110,FAC-US-01,WH-US-RAW-01,2025-09-11,2025-09-26,DELIVERED,223235.41,USD,2025-09-11T00:00:00
PO-2025-01732,PO-001732,SUP-0119,FAC-APAC-01,WH-APAC-RAW-01,2026-02-02,2026-03-09,DELIVERED,47632.55,USD,2026-02-02T00:00:00
PO-2025-01733,PO-001733,SUP-0106,FAC-EU-01,WH-EU-RAW-01,2025-10-23,2025-11-30,DELIVERED,25064.35,USD,2025-10-23T00:00:00
PO-2025-01734,PO-001734,SUP-0036,FAC-EU-01,WH-EU-RAW-01,2025-07-08,2025-07-22,DELIVERED,167047.72,USD,2025-07-08T00:00:00
PO-2025-01735,PO-001735,SUP-0085,FAC-EU-01,WH-EU-RAW-01,2026-02-27,2026-03-07,DELIVERED,39321.04,USD,2026-02-27T00:00:00
PO-2025-01736,PO-001736,SUP-0095,FAC-US-01,WH-US-RAW-01,2026-03-11,2026-03-29,DELIVERED,22281.6,USD,2026-03-11T00:00:00
PO-2025-01737,PO-001737,SUP-0003,FAC-APAC-01,WH-APAC-RAW-01,2025-10-28,2025-11-19,DELIVERED,118690.1,USD,2025-10-28T00:00:00
PO-2025-01738,PO-001738,SUP-0068,FAC-MX-01,WH-MX-RAW-01,2025-05-01,2025-05-24,DELIVERED,14716.9,USD,2025-05-01T00:00:00
PO-2025-01739,PO-001739,SUP-0094,FAC-APAC-01,WH-APAC-RAW-01,2025-10-01,2025-10-14,OVERDUE,7571.33,USD,2025-10-01T00:00:00
PO-2025-01740,PO-001740,SUP-0034,FAC-APAC-01,WH-APAC-RAW-01,2026-02-07,2026-03-05,DELIVERED,57652.95,USD,2026-02-07T00:00:00
PO-2025-01741,PO-001741,SUP-0039,FAC-US-01,WH-US-RAW-01,2026-03-20,2026-04-17,IN_TRANSIT,21340.8,USD,2026-03-20T00:00:00
PO-2025-01742,PO-001742,SUP-0119,FAC-APAC-01,WH-APAC-RAW-01,2025-07-18,2025-08-17,DELIVERED,72486.22,USD,2025-07-18T00:00:00
PO-2025-01743,PO-001743,SUP-0048,FAC-APAC-01,WH-APAC-RAW-01,2025-04-24,2025-05-25,DELIVERED,3111.0,USD,2025-04-24T00:00:00
PO-2025-01744,PO-001744,SUP-0104,FAC-US-01,WH-US-RAW-01,2026-03-09,2026-04-09,DELIVERED,35766.5,USD,2026-03-09T00:00:00
PO-2025-01745,PO-001745,SUP-0019,FAC-EU-01,WH-EU-RAW-01,2025-10-02,2025-10-17,DELIVERED,25005.17,USD,2025-10-02T00:00:00
PO-2025-01746,PO-001746,SUP-0055,FAC-US-01,WH-US-RAW-01,2025-11-20,2025-12-11,DELIVERED,3386.24,USD,2025-11-20T00:00:00
PO-2025-01747,PO-001747,SUP-0036,FAC-EU-01,WH-EU-RAW-01,2026-05-03,2026-05-18,PENDING,9262.44,USD,2026-05-03T00:00:00
PO-2025-01748,PO-001748,SUP-0015,FAC-US-01,WH-US-RAW-01,2025-04-24,2025-06-27,DELIVERED,199299.84,USD,2025-04-24T00:00:00
PO-2025-01749,PO-001749,SUP-0012,FAC-EU-01,WH-EU-RAW-01,2025-12-20,2026-01-02,DELIVERED,1072.03,USD,2025-12-20T00:00:00
PO-2025-01750,PO-001750,SUP-0105,FAC-MX-01,WH-MX-RAW-01,2025-04-30,2025-05-16,DELIVERED,58264.02,USD,2025-04-30T00:00:00
PO-2025-01751,PO-001751,SUP-0031,FAC-EU-01,WH-EU-RAW-01,2025-09-27,2025-11-25,DELIVERED,456057.25,USD,2025-09-27T00:00:00
PO-2025-01752,PO-001752,SUP-0103,FAC-MX-01,WH-MX-RAW-01,2026-02-07,2026-03-25,DELIVERED,72221.98,USD,2026-02-07T00:00:00
PO-2025-01753,PO-001753,SUP-0002,FAC-US-01,WH-US-RAW-01,2025-10-17,2025-11-10,DELIVERED,9406.55,USD,2025-10-17T00:00:00
PO-2025-01754,PO-001754,SUP-0073,FAC-MX-01,WH-MX-RAW-01,2026-06-12,2026-07-08,PENDING,30852.2,USD,2026-06-12T00:00:00
PO-2025-01755,PO-001755,SUP-0062,FAC-MX-01,WH-MX-RAW-01,2025-11-25,2025-12-26,DELIVERED,561864.66,USD,2025-11-25T00:00:00
PO-2025-01756,PO-001756,SUP-0107,FAC-US-01,WH-US-RAW-01,2025-09-07,2025-09-22,DELIVERED,1792.52,USD,2025-09-07T00:00:00
PO-2025-01757,PO-001757,SUP-0041,FAC-US-01,WH-US-RAW-01,2025-07-26,2025-08-19,DELIVERED,2241.7,USD,2025-07-26T00:00:00
PO-2025-01758,PO-001758,SUP-0105,FAC-US-01,WH-US-RAW-01,2025-09-18,2025-10-07,DELIVERED,22766.1,USD,2025-09-18T00:00:00
PO-2025-01759,PO-001759,SUP-0055,FAC-EU-01,WH-EU-RAW-01,2025-09-26,2025-10-17,DELIVERED,25322.88,USD,2025-09-26T00:00:00
PO-2025-01760,PO-001760,SUP-0067,FAC-US-01,WH-US-RAW-01,2025-04-26,2025-05-20,DELIVERED,58316.82,USD,2025-04-26T00:00:00
PO-2025-01761,PO-001761,SUP-0016,FAC-EU-01,WH-EU-RAW-01,2025-09-25,2025-10-21,DELIVERED,827931.7,USD,2025-09-25T00:00:00
PO-2025-01762,PO-001762,SUP-0095,FAC-US-01,WH-US-RAW-01,2025-10-27,2025-11-13,DELIVERED,22218.3,USD,2025-10-27T00:00:00
PO-2025-01763,PO-001763,SUP-0114,FAC-MX-01,WH-MX-RAW-01,2026-01-11,2026-01-30,DELIVERED,20245.8,USD,2026-01-11T00:00:00
PO-2025-01764,PO-001764,SUP-0029,FAC-US-01,WH-US-RAW-01,2025-12-23,2026-01-21,OVERDUE,2052.5,USD,2025-12-23T00:00:00
PO-2025-01765,PO-001765,SUP-0019,FAC-EU-01,WH-EU-RAW-01,2026-01-06,2026-01-24,DELIVERED,219560.88,USD,2026-01-06T00:00:00
PO-2025-01766,PO-001766,SUP-0104,FAC-MX-01,WH-MX-RAW-01,2025-02-10,2025-03-11,OVERDUE,14765.92,USD,2025-02-10T00:00:00
PO-2025-01767,PO-001767,SUP-0116,FAC-US-01,WH-US-RAW-01,2025-07-24,2025-08-06,OVERDUE,1617.68,USD,2025-07-24T00:00:00
PO-2025-01768,PO-001768,SUP-0054,FAC-EU-01,WH-EU-RAW-01,2025-12-24,2026-01-17,DELIVERED,361464.1,USD,2025-12-24T00:00:00
PO-2025-01769,PO-001769,SUP-0055,FAC-APAC-01,WH-APAC-RAW-01,2025-11-02,2025-11-18,DELIVERED,21060.47,USD,2025-11-02T00:00:00
PO-2025-01770,PO-001770,SUP-0016,FAC-APAC-01,WH-APAC-RAW-01,2025-02-02,2025-02-26,DELIVERED,303520.25,USD,2025-02-02T00:00:00
PO-2025-01771,PO-001771,SUP-0109,FAC-MX-01,WH-MX-RAW-01,2026-02-07,2026-02-26,DELIVERED,336108.67,USD,2026-02-07T00:00:00
PO-2025-01772,PO-001772,SUP-0009,FAC-MX-01,WH-MX-RAW-01,2026-01-27,2026-03-21,DELIVERED,1127.75,USD,2026-01-27T00:00:00
PO-2025-01773,PO-001773,SUP-0081,FAC-EU-01,WH-EU-RAW-01,2025-11-22,2025-12-28,DELIVERED,1292.56,USD,2025-11-22T00:00:00
PO-2025-01774,PO-001774,SUP-0007,FAC-APAC-01,WH-APAC-RAW-01,2025-04-24,2025-05-21,OVERDUE,112448.44,USD,2025-04-24T00:00:00
PO-2025-01775,PO-001775,SUP-0112,FAC-US-01,WH-US-RAW-01,2026-01-25,2026-02-10,DELIVERED,424213.02,USD,2026-01-25T00:00:00
PO-2025-01776,PO-001776,SUP-0104,FAC-US-01,WH-US-RAW-01,2025-12-02,2026-01-01,CANCELLED,712.8,USD,2025-12-02T00:00:00
PO-2025-01777,PO-001777,SUP-0108,FAC-EU-01,WH-EU-RAW-01,2026-01-30,2026-02-24,DELIVERED,66273.63,USD,2026-01-30T00:00:00
PO-2025-01778,PO-001778,SUP-0060,FAC-MX-01,WH-MX-RAW-01,2026-01-20,2026-02-20,DELIVERED,44271.08,USD,2026-01-20T00:00:00
PO-2025-01779,PO-001779,SUP-0053,FAC-MX-01,WH-MX-RAW-01,2026-02-06,2026-03-16,DELIVERED,7833.54,USD,2026-02-06T00:00:00
PO-2025-01780,PO-001780,SUP-0029,FAC-MX-01,WH-MX-RAW-01,2025-11-13,2025-12-17,DELIVERED,106704.0,USD,2025-11-13T00:00:00
PO-2025-01781,PO-001781,SUP-0057,FAC-EU-01,WH-EU-RAW-01,2025-06-14,2025-07-05,DELIVERED,2933.93,USD,2025-06-14T00:00:00
PO-2025-01782,PO-001782,SUP-0022,FAC-US-01,WH-US-RAW-01,2025-12-27,2026-01-11,DELIVERED,29299.53,USD,2025-12-27T00:00:00
PO-2025-01783,PO-001783,SUP-0095,FAC-MX-01,WH-MX-RAW-01,2025-12-13,2025-12-24,DELIVERED,2192.4,USD,2025-12-13T00:00:00
PO-2025-01784,PO-001784,SUP-0073,FAC-MX-01,WH-MX-RAW-01,2026-01-17,2026-02-13,DELIVERED,307074.04,USD,2026-01-17T00:00:00
PO-2025-01785,PO-001785,SUP-0112,FAC-MX-01,WH-MX-RAW-01,2025-07-01,2025-07-13,DELIVERED,148203.24,USD,2025-07-01T00:00:00
PO-2025-01786,PO-001786,SUP-0052,FAC-MX-01,WH-MX-RAW-01,2025-07-14,2025-08-09,DELIVERED,22298.78,USD,2025-07-14T00:00:00
PO-2025-01787,PO-001787,SUP-0019,FAC-US-01,WH-US-RAW-01,2026-03-15,2026-03-31,DELIVERED,276325.12,USD,2026-03-15T00:00:00
PO-2025-01788,PO-001788,SUP-0041,FAC-US-01,WH-US-RAW-01,2026-01-19,2026-02-07,DELIVERED,66322.08,USD,2026-01-19T00:00:00
PO-2025-01789,PO-001789,SUP-0109,FAC-MX-01,WH-MX-RAW-01,2026-03-24,2026-04-08,DELIVERED,2091.76,USD,2026-03-24T00:00:00
PO-2025-01790,PO-001790,SUP-0004,FAC-US-01,WH-US-RAW-01,2026-01-22,2026-02-19,DELIVERED,23715.12,USD,2026-01-22T00:00:00
PO-2025-01791,PO-001791,SUP-0043,FAC-US-01,WH-US-RAW-01,2025-12-06,2026-01-03,DELIVERED,57630.41,USD,2025-12-06T00:00:00
PO-2025-01792,PO-001792,SUP-0087,FAC-MX-01,WH-MX-RAW-01,2025-12-22,2026-01-11,DELIVERED,368313.1,USD,2025-12-22T00:00:00
PO-2025-01793,PO-001793,SUP-0042,FAC-US-01,WH-US-RAW-01,2026-03-14,2026-04-05,DELIVERED,47097.34,USD,2026-03-14T00:00:00
PO-2025-01794,PO-001794,SUP-0086,FAC-MX-01,WH-MX-RAW-01,2025-12-01,2025-12-14,DELIVERED,1471.08,USD,2025-12-01T00:00:00
PO-2025-01795,PO-001795,SUP-0027,FAC-US-01,WH-US-RAW-01,2025-12-16,2026-01-11,DELIVERED,4510.44,USD,2025-12-16T00:00:00
PO-2025-01796,PO-001796,SUP-0056,FAC-US-01,WH-US-RAW-01,2025-06-23,2025-07-13,DELIVERED,12667.42,USD,2025-06-23T00:00:00
PO-2025-01797,PO-001797,SUP-0086,FAC-EU-01,WH-EU-RAW-01,2025-10-30,2025-11-12,DELIVERED,5113.36,USD,2025-10-30T00:00:00
PO-2025-01798,PO-001798,SUP-0057,FAC-MX-01,WH-MX-RAW-01,2026-01-09,2026-01-30,DELIVERED,2722.71,USD,2026-01-09T00:00:00
PO-2025-01799,PO-001799,SUP-0003,FAC-EU-01,WH-EU-RAW-01,2025-08-17,2025-09-05,DELIVERED,424128.3,USD,2025-08-17T00:00:00
PO-2025-01800,PO-001800,SUP-0039,FAC-APAC-01,WH-APAC-RAW-01,2025-07-17,2025-08-17,CANCELLED,47231.74,USD,2025-07-17T00:00:00
PO-2025-01801,PO-001801,SUP-0058,FAC-MX-01,WH-MX-RAW-01,2025-09-04,2025-09-30,OVERDUE,139211.57,USD,2025-09-04T00:00:00
PO-2025-01802,PO-001802,SUP-0107,FAC-APAC-01,WH-APAC-RAW-01,2025-08-04,2025-08-18,DELIVERED,47895.65,USD,2025-08-04T00:00:00
PO-2025-01803,PO-001803,SUP-0113,FAC-MX-01,WH-MX-RAW-01,2025-07-23,2025-08-14,DELIVERED,33045.67,USD,2025-07-23T00:00:00
PO-2025-01804,PO-001804,SUP-0094,FAC-EU-01,WH-EU-RAW-01,2025-10-14,2025-10-23,DELIVERED,2982.87,USD,2025-10-14T00:00:00
PO-2025-01805,PO-001805,SUP-0083,FAC-EU-01,WH-EU-RAW-01,2026-03-24,2026-04-27,IN_TRANSIT,1873.02,USD,2026-03-24T00:00:00
PO-2025-01806,PO-001806,SUP-0056,FAC-US-01,WH-US-RAW-01,2025-11-09,2025-11-26,DELIVERED,15413.82,USD,2025-11-09T00:00:00
PO-2025-01807,PO-001807,SUP-0027,FAC-APAC-01,WH-APAC-RAW-01,2025-07-10,2025-08-05,DELIVERED,49390.56,USD,2025-07-10T00:00:00
PO-2025-01808,PO-001808,SUP-0053,FAC-MX-01,WH-MX-RAW-01,2025-05-02,2025-06-05,DELIVERED,34951.84,USD,2025-05-02T00:00:00
PO-2025-01809,PO-001809,SUP-0059,FAC-MX-01,WH-MX-RAW-01,2026-01-03,2026-03-07,DELIVERED,1054.68,USD,2026-01-03T00:00:00
PO-2025-01810,PO-001810,SUP-0077,FAC-MX-01,WH-MX-RAW-01,2025-09-29,2025-10-26,DELIVERED,11100.0,USD,2025-09-29T00:00:00
PO-2025-01811,PO-001811,SUP-0032,FAC-US-01,WH-US-RAW-01,2026-02-13,2026-03-21,DELIVERED,82530.36,USD,2026-02-13T00:00:00
PO-2025-01812,PO-001812,SUP-0076,FAC-EU-01,WH-EU-RAW-01,2025-12-23,2026-01-25,DELIVERED,8731.2,USD,2025-12-23T00:00:00
PO-2025-01813,PO-001813,SUP-0059,FAC-EU-01,WH-EU-RAW-01,2026-02-04,2026-04-06,DELIVERED,28346.89,USD,2026-02-04T00:00:00
PO-2025-01814,PO-001814,SUP-0024,FAC-APAC-01,WH-APAC-RAW-01,2025-08-18,2025-09-07,CANCELLED,6921.0,USD,2025-08-18T00:00:00
PO-2025-01815,PO-001815,SUP-0065,FAC-US-01,WH-US-RAW-01,2026-01-02,2026-02-05,DELIVERED,25980.0,USD,2026-01-02T00:00:00
PO-2025-01816,PO-001816,SUP-0018,FAC-MX-01,WH-MX-RAW-01,2025-08-14,2025-09-03,DELIVERED,1936.64,USD,2025-08-14T00:00:00
PO-2025-01817,PO-001817,SUP-0081,FAC-MX-01,WH-MX-RAW-01,2026-04-11,2026-05-20,IN_TRANSIT,34540.65,USD,2026-04-11T00:00:00
PO-2025-01818,PO-001818,SUP-0067,FAC-EU-01,WH-EU-RAW-01,2025-12-17,2026-01-03,DELIVERED,179563.71,USD,2025-12-17T00:00:00
PO-2025-01819,PO-001819,SUP-0066,FAC-EU-01,WH-EU-RAW-01,2025-09-08,2025-10-03,DELIVERED,89102.32,USD,2025-09-08T00:00:00
PO-2025-01820,PO-001820,SUP-0020,FAC-US-01,WH-US-RAW-01,2025-08-17,2025-09-06,DELIVERED,13687.77,USD,2025-08-17T00:00:00
PO-2025-01821,PO-001821,SUP-0023,FAC-MX-01,WH-MX-RAW-01,2025-07-11,2025-07-21,DELIVERED,1938.84,USD,2025-07-11T00:00:00
PO-2025-01822,PO-001822,SUP-0056,FAC-APAC-01,WH-APAC-RAW-01,2026-01-02,2026-01-24,DELIVERED,159981.97,USD,2026-01-02T00:00:00
PO-2025-01823,PO-001823,SUP-0116,FAC-EU-01,WH-EU-RAW-01,2025-07-25,2025-08-06,DELIVERED,140898.9,USD,2025-07-25T00:00:00
PO-2025-01824,PO-001824,SUP-0081,FAC-EU-01,WH-EU-RAW-01,2025-12-06,2026-01-08,DELIVERED,82566.94,USD,2025-12-06T00:00:00
PO-2025-01825,PO-001825,SUP-0057,FAC-MX-01,WH-MX-RAW-01,2025-08-15,2025-09-06,DELIVERED,56220.59,USD,2025-08-15T00:00:00
PO-2025-01826,PO-001826,SUP-0106,FAC-APAC-01,WH-APAC-RAW-01,2025-12-24,2026-02-01,DELIVERED,20783.92,USD,2025-12-24T00:00:00
PO-2025-01827,PO-001827,SUP-0107,FAC-APAC-01,WH-APAC-RAW-01,2026-02-11,2026-03-02,DELIVERED,216747.78,USD,2026-02-11T00:00:00
PO-2025-01828,PO-001828,SUP-0095,FAC-EU-01,WH-EU-RAW-01,2026-01-29,2026-02-09,DELIVERED,65355.44,USD,2026-01-29T00:00:00
PO-2025-01829,PO-001829,SUP-0109,FAC-APAC-01,WH-APAC-RAW-01,2026-01-23,2026-02-07,DELIVERED,1657.61,USD,2026-01-23T00:00:00
PO-2025-01830,PO-001830,SUP-0004,FAC-APAC-01,WH-APAC-RAW-01,2025-07-10,2025-08-05,DELIVERED,9875.4,USD,2025-07-10T00:00:00
PO-2025-01831,PO-001831,SUP-0119,FAC-MX-01,WH-MX-RAW-01,2025-05-11,2025-06-15,DELIVERED,83372.02,USD,2025-05-11T00:00:00
PO-2025-01832,PO-001832,SUP-0073,FAC-EU-01,WH-EU-RAW-01,2026-01-04,2026-02-05,DELIVERED,68605.55,USD,2026-01-04T00:00:00
PO-2025-01833,PO-001833,SUP-0074,FAC-APAC-01,WH-APAC-RAW-01,2025-09-24,2025-10-14,OVERDUE,46991.76,USD,2025-09-24T00:00:00
PO-2025-01834,PO-001834,SUP-0018,FAC-MX-01,WH-MX-RAW-01,2025-10-16,2025-11-07,DELIVERED,13692.64,USD,2025-10-16T00:00:00
PO-2025-01835,PO-001835,SUP-0013,FAC-MX-01,WH-MX-RAW-01,2025-03-19,2025-04-09,DELIVERED,56293.79,USD,2025-03-19T00:00:00
PO-2025-01836,PO-001836,SUP-0083,FAC-APAC-01,WH-APAC-RAW-01,2025-08-12,2025-09-15,DELIVERED,16747.5,USD,2025-08-12T00:00:00
PO-2025-01837,PO-001837,SUP-0103,FAC-APAC-01,WH-APAC-RAW-01,2025-03-22,2025-05-09,DELIVERED,76837.15,USD,2025-03-22T00:00:00
PO-2025-01838,PO-001838,SUP-0118,FAC-US-01,WH-US-RAW-01,2026-03-09,2026-04-07,DELIVERED,6954.28,USD,2026-03-09T00:00:00
PO-2025-01839,PO-001839,SUP-0098,FAC-MX-01,WH-MX-RAW-01,2025-08-05,2025-08-31,DELIVERED,31196.58,USD,2025-08-05T00:00:00
PO-2025-01840,PO-001840,SUP-0001,FAC-US-01,WH-US-RAW-01,2025-11-25,2026-01-26,DELIVERED,6133.95,USD,2025-11-25T00:00:00
PO-2025-01841,PO-001841,SUP-0032,FAC-APAC-01,WH-APAC-RAW-01,2025-03-28,2025-04-28,DELIVERED,1284.02,USD,2025-03-28T00:00:00
PO-2025-01842,PO-001842,SUP-0001,FAC-APAC-01,WH-APAC-RAW-01,2025-12-25,2026-02-23,DELIVERED,36839.66,USD,2025-12-25T00:00:00
PO-2025-01843,PO-001843,SUP-0092,FAC-EU-01,WH-EU-RAW-01,2025-09-07,2025-09-25,DELIVERED,19186.26,USD,2025-09-07T00:00:00
PO-2025-01844,PO-001844,SUP-0095,FAC-MX-01,WH-MX-RAW-01,2026-03-18,2026-04-05,CANCELLED,77944.48,USD,2026-03-18T00:00:00
PO-2025-01845,PO-001845,SUP-0090,FAC-MX-01,WH-MX-RAW-01,2026-03-14,2026-04-04,DELIVERED,130870.91,USD,2026-03-14T00:00:00
PO-2025-01846,PO-001846,SUP-0065,FAC-EU-01,WH-EU-RAW-01,2025-09-08,2025-10-13,DELIVERED,10343.41,USD,2025-09-08T00:00:00
PO-2025-01847,PO-001847,SUP-0033,FAC-US-01,WH-US-RAW-01,2026-03-20,2026-04-05,DELIVERED,6290.3,USD,2026-03-20T00:00:00
PO-2025-01848,PO-001848,SUP-0075,FAC-MX-01,WH-MX-RAW-01,2026-06-10,2026-07-08,PENDING,1868.26,USD,2026-06-10T00:00:00
PO-2025-01849,PO-001849,SUP-0049,FAC-MX-01,WH-MX-RAW-01,2026-02-15,2026-03-05,DELIVERED,13722.46,USD,2026-02-15T00:00:00
PO-2025-01850,PO-001850,SUP-0004,FAC-EU-01,WH-EU-RAW-01,2026-02-23,2026-03-26,DELIVERED,191392.78,USD,2026-02-23T00:00:00
PO-2025-01851,PO-001851,SUP-0083,FAC-MX-01,WH-MX-RAW-01,2025-08-08,2025-09-05,DELIVERED,61167.68,USD,2025-08-08T00:00:00
PO-2025-01852,PO-001852,SUP-0052,FAC-US-01,WH-US-RAW-01,2025-11-30,2025-12-28,DELIVERED,18424.02,USD,2025-11-30T00:00:00
PO-2025-01853,PO-001853,SUP-0060,FAC-APAC-01,WH-APAC-RAW-01,2025-04-24,2025-05-25,DELIVERED,128033.14,USD,2025-04-24T00:00:00
PO-2025-01854,PO-001854,SUP-0094,FAC-APAC-01,WH-APAC-RAW-01,2025-05-16,2025-05-26,DELIVERED,2961.0,USD,2025-05-16T00:00:00
PO-2025-01855,PO-001855,SUP-0015,FAC-MX-01,WH-MX-RAW-01,2026-06-19,2026-08-16,PENDING,789881.15,USD,2026-06-19T00:00:00
PO-2025-01856,PO-001856,SUP-0078,FAC-EU-01,WH-EU-RAW-01,2025-09-09,2025-09-30,DELIVERED,177565.52,USD,2025-09-09T00:00:00
PO-2025-01857,PO-001857,SUP-0096,FAC-MX-01,WH-MX-RAW-01,2026-01-19,2026-02-02,DELIVERED,6673.2,USD,2026-01-19T00:00:00
PO-2025-01858,PO-001858,SUP-0069,FAC-MX-01,WH-MX-RAW-01,2026-02-08,2026-02-27,OVERDUE,8170.5,USD,2026-02-08T00:00:00
PO-2025-01859,PO-001859,SUP-0098,FAC-EU-01,WH-EU-RAW-01,2026-02-28,2026-03-25,DELIVERED,3221.4,USD,2026-02-28T00:00:00
PO-2025-01860,PO-001860,SUP-0111,FAC-MX-01,WH-MX-RAW-01,2026-06-14,2026-07-16,PENDING,275752.44,USD,2026-06-14T00:00:00
PO-2025-01861,PO-001861,SUP-0059,FAC-US-01,WH-US-RAW-01,2025-08-04,2025-10-01,DELIVERED,20869.51,USD,2025-08-04T00:00:00
PO-2025-01862,PO-001862,SUP-0011,FAC-APAC-01,WH-APAC-RAW-01,2025-03-30,2025-04-25,DELIVERED,5236.0,USD,2025-03-30T00:00:00
PO-2025-01863,PO-001863,SUP-0008,FAC-EU-01,WH-EU-RAW-01,2025-10-09,2025-11-14,DELIVERED,120520.75,USD,2025-10-09T00:00:00
PO-2025-01864,PO-001864,SUP-0069,FAC-US-01,WH-US-RAW-01,2025-06-08,2025-06-26,DELIVERED,16447.35,USD,2025-06-08T00:00:00
PO-2025-01865,PO-001865,SUP-0109,FAC-US-01,WH-US-RAW-01,2025-03-07,2025-03-23,DELIVERED,870543.96,USD,2025-03-07T00:00:00
PO-2025-01866,PO-001866,SUP-0009,FAC-US-01,WH-US-RAW-01,2025-09-21,2025-11-16,CANCELLED,15817.75,USD,2025-09-21T00:00:00
PO-2025-01867,PO-001867,SUP-0019,FAC-US-01,WH-US-RAW-01,2026-01-31,2026-02-20,OVERDUE,8805.68,USD,2026-01-31T00:00:00
PO-2025-01868,PO-001868,SUP-0097,FAC-EU-01,WH-EU-RAW-01,2025-11-27,2026-01-03,DELIVERED,47374.84,USD,2025-11-27T00:00:00
PO-2025-01869,PO-001869,SUP-0060,FAC-MX-01,WH-MX-RAW-01,2025-09-03,2025-09-30,DELIVERED,21751.03,USD,2025-09-03T00:00:00
PO-2025-01870,PO-001870,SUP-0044,FAC-MX-01,WH-MX-RAW-01,2025-12-22,2026-02-14,DELIVERED,9027.6,USD,2025-12-22T00:00:00
PO-2025-01871,PO-001871,SUP-0105,FAC-US-01,WH-US-RAW-01,2025-07-31,2025-08-23,DELIVERED,439402.08,USD,2025-07-31T00:00:00
PO-2025-01872,PO-001872,SUP-0026,FAC-US-01,WH-US-RAW-01,2025-02-22,2025-03-28,DELIVERED,195817.36,USD,2025-02-22T00:00:00
PO-2025-01873,PO-001873,SUP-0047,FAC-EU-01,WH-EU-RAW-01,2026-01-24,2026-02-10,DELIVERED,1962.15,USD,2026-01-24T00:00:00
PO-2025-01874,PO-001874,SUP-0057,FAC-US-01,WH-US-RAW-01,2025-12-14,2026-01-04,DELIVERED,19023.75,USD,2025-12-14T00:00:00
PO-2025-01875,PO-001875,SUP-0105,FAC-US-01,WH-US-RAW-01,2026-01-23,2026-02-13,DELIVERED,16349.2,USD,2026-01-23T00:00:00
PO-2025-01876,PO-001876,SUP-0056,FAC-MX-01,WH-MX-RAW-01,2025-03-28,2025-04-15,CANCELLED,1280.0,USD,2025-03-28T00:00:00
PO-2025-01877,PO-001877,SUP-0013,FAC-US-01,WH-US-RAW-01,2026-02-19,2026-03-14,DELIVERED,53688.68,USD,2026-02-19T00:00:00
PO-2025-01878,PO-001878,SUP-0056,FAC-MX-01,WH-MX-RAW-01,2025-12-12,2026-01-01,DELIVERED,253.98,USD,2025-12-12T00:00:00
PO-2025-01879,PO-001879,SUP-0094,FAC-MX-01,WH-MX-RAW-01,2025-11-26,2025-12-08,DELIVERED,1875.0,USD,2025-11-26T00:00:00
PO-2025-01880,PO-001880,SUP-0109,FAC-MX-01,WH-MX-RAW-01,2025-12-14,2025-12-28,DELIVERED,319306.9,USD,2025-12-14T00:00:00
PO-2025-01881,PO-001881,SUP-0094,FAC-APAC-01,WH-APAC-RAW-01,2026-03-03,2026-03-19,DELIVERED,987.0,USD,2026-03-03T00:00:00
PO-2025-01882,PO-001882,SUP-0066,FAC-US-01,WH-US-RAW-01,2025-12-03,2025-12-23,CANCELLED,412258.31,USD,2025-12-03T00:00:00
PO-2025-01883,PO-001883,SUP-0095,FAC-US-01,WH-US-RAW-01,2025-12-01,2025-12-15,DELIVERED,5702.4,USD,2025-12-01T00:00:00
PO-2025-01884,PO-001884,SUP-0095,FAC-MX-01,WH-MX-RAW-01,2026-05-29,2026-06-11,PENDING,790.74,USD,2026-05-29T00:00:00
PO-2025-01885,PO-001885,SUP-0111,FAC-US-01,WH-US-RAW-01,2026-01-21,2026-02-23,DELIVERED,5963.23,USD,2026-01-21T00:00:00
PO-2025-01886,PO-001886,SUP-0120,FAC-US-01,WH-US-RAW-01,2025-10-20,2025-11-12,DELIVERED,2146.5,USD,2025-10-20T00:00:00
PO-2025-01887,PO-001887,SUP-0048,FAC-EU-01,WH-EU-RAW-01,2026-01-06,2026-02-03,DELIVERED,11620.1,USD,2026-01-06T00:00:00
PO-2025-01888,PO-001888,SUP-0095,FAC-MX-01,WH-MX-RAW-01,2025-10-02,2025-10-19,DELIVERED,90358.51,USD,2025-10-02T00:00:00
PO-2025-01889,PO-001889,SUP-0031,FAC-EU-01,WH-EU-RAW-01,2025-07-30,2025-09-29,DELIVERED,177723.73,USD,2025-07-30T00:00:00
PO-2025-01890,PO-001890,SUP-0105,FAC-US-01,WH-US-RAW-01,2025-12-06,2025-12-22,DELIVERED,5806.28,USD,2025-12-06T00:00:00
PO-2025-01891,PO-001891,SUP-0052,FAC-US-01,WH-US-RAW-01,2026-04-04,2026-05-03,IN_TRANSIT,7431.3,USD,2026-04-04T00:00:00
PO-2025-01892,PO-001892,SUP-0117,FAC-EU-01,WH-EU-RAW-01,2026-04-05,2026-05-05,IN_TRANSIT,229928.82,USD,2026-04-05T00:00:00
PO-2025-01893,PO-001893,SUP-0096,FAC-US-01,WH-US-RAW-01,2025-09-14,2025-10-01,DELIVERED,52407.81,USD,2025-09-14T00:00:00
PO-2025-01894,PO-001894,SUP-0113,FAC-US-01,WH-US-RAW-01,2025-11-16,2025-12-07,DELIVERED,3556.8,USD,2025-11-16T00:00:00
PO-2025-01895,PO-001895,SUP-0030,FAC-US-01,WH-US-RAW-01,2025-07-22,2025-08-24,DELIVERED,30660.42,USD,2025-07-22T00:00:00
PO-2025-01896,PO-001896,SUP-0113,FAC-APAC-01,WH-APAC-RAW-01,2026-06-08,2026-07-01,PENDING,51267.46,USD,2026-06-08T00:00:00
PO-2025-01897,PO-001897,SUP-0019,FAC-MX-01,WH-MX-RAW-01,2026-05-16,2026-06-01,PENDING,5643.3,USD,2026-05-16T00:00:00
PO-2025-01898,PO-001898,SUP-0062,FAC-APAC-01,WH-APAC-RAW-01,2025-12-21,2026-01-25,DELIVERED,24895.2,USD,2025-12-21T00:00:00
PO-2025-01899,PO-001899,SUP-0024,FAC-EU-01,WH-EU-RAW-01,2026-02-07,2026-02-24,DELIVERED,77310.07,USD,2026-02-07T00:00:00
PO-2025-01900,PO-001900,SUP-0041,FAC-APAC-01,WH-APAC-RAW-01,2026-01-08,2026-01-30,DELIVERED,70020.2,USD,2026-01-08T00:00:00
PO-2025-01901,PO-001901,SUP-0020,FAC-MX-01,WH-MX-RAW-01,2025-12-05,2025-12-21,OVERDUE,7241.48,USD,2025-12-05T00:00:00
PO-2025-01902,PO-001902,SUP-0106,FAC-US-01,WH-US-RAW-01,2025-04-12,2025-05-20,DELIVERED,1906.88,USD,2025-04-12T00:00:00
PO-2025-01903,PO-001903,SUP-0078,FAC-US-01,WH-US-RAW-01,2025-10-24,2025-11-11,DELIVERED,30743.16,USD,2025-10-24T00:00:00
PO-2025-01904,PO-001904,SUP-0097,FAC-APAC-01,WH-APAC-RAW-01,2025-12-28,2026-02-04,DELIVERED,16932.6,USD,2025-12-28T00:00:00
PO-2025-01905,PO-001905,SUP-0120,FAC-EU-01,WH-EU-RAW-01,2025-12-28,2026-01-24,DELIVERED,11859.0,USD,2025-12-28T00:00:00
PO-2025-01906,PO-001906,SUP-0059,FAC-US-01,WH-US-RAW-01,2025-09-26,2025-11-24,CANCELLED,438391.29,USD,2025-09-26T00:00:00
PO-2025-01907,PO-001907,SUP-0103,FAC-MX-01,WH-MX-RAW-01,2026-04-13,2026-05-25,PENDING,84170.05,USD,2026-04-13T00:00:00
PO-2025-01908,PO-001908,SUP-0108,FAC-APAC-01,WH-APAC-RAW-01,2025-06-29,2025-07-23,DELIVERED,31088.47,USD,2025-06-29T00:00:00
PO-2025-01909,PO-001909,SUP-0021,FAC-MX-01,WH-MX-RAW-01,2025-11-07,2025-12-06,DELIVERED,552.84,USD,2025-11-07T00:00:00
PO-2025-01910,PO-001910,SUP-0120,FAC-MX-01,WH-MX-RAW-01,2026-01-01,2026-01-28,DELIVERED,116789.24,USD,2026-01-01T00:00:00
PO-2025-01911,PO-001911,SUP-0076,FAC-APAC-01,WH-APAC-RAW-01,2026-01-03,2026-02-12,DELIVERED,61706.78,USD,2026-01-03T00:00:00
PO-2025-01912,PO-001912,SUP-0111,FAC-MX-01,WH-MX-RAW-01,2025-12-20,2026-01-23,DELIVERED,6361.04,USD,2025-12-20T00:00:00
PO-2025-01913,PO-001913,SUP-0097,FAC-EU-01,WH-EU-RAW-01,2025-08-19,2025-09-20,DELIVERED,4242.78,USD,2025-08-19T00:00:00
PO-2025-01914,PO-001914,SUP-0080,FAC-US-01,WH-US-RAW-01,2025-06-23,2025-07-22,DELIVERED,1769.9,USD,2025-06-23T00:00:00
PO-2025-01915,PO-001915,SUP-0060,FAC-MX-01,WH-MX-RAW-01,2025-12-17,2026-01-11,DELIVERED,35349.42,USD,2025-12-17T00:00:00
PO-2025-01916,PO-001916,SUP-0048,FAC-EU-01,WH-EU-RAW-01,2025-12-07,2026-01-05,DELIVERED,27973.93,USD,2025-12-07T00:00:00
PO-2025-01917,PO-001917,SUP-0040,FAC-US-01,WH-US-RAW-01,2025-07-06,2025-07-27,CANCELLED,104693.46,USD,2025-07-06T00:00:00
PO-2025-01918,PO-001918,SUP-0059,FAC-EU-01,WH-EU-RAW-01,2026-01-05,2026-03-09,DELIVERED,16439.52,USD,2026-01-05T00:00:00
PO-2025-01919,PO-001919,SUP-0085,FAC-US-01,WH-US-RAW-01,2025-10-24,2025-11-04,DELIVERED,263243.17,USD,2025-10-24T00:00:00
PO-2025-01920,PO-001920,SUP-0105,FAC-APAC-01,WH-APAC-RAW-01,2025-12-26,2026-01-12,DELIVERED,12787.82,USD,2025-12-26T00:00:00
PO-2025-01921,PO-001921,SUP-0007,FAC-MX-01,WH-MX-RAW-01,2026-02-19,2026-03-11,DELIVERED,509.07,USD,2026-02-19T00:00:00
PO-2025-01922,PO-001922,SUP-0026,FAC-MX-01,WH-MX-RAW-01,2025-07-01,2025-08-03,DELIVERED,666.16,USD,2025-07-01T00:00:00
PO-2025-01923,PO-001923,SUP-0084,FAC-US-01,WH-US-RAW-01,2025-03-02,2025-03-31,DELIVERED,433020.6,USD,2025-03-02T00:00:00
PO-2025-01924,PO-001924,SUP-0092,FAC-US-01,WH-US-RAW-01,2026-01-29,2026-02-21,DELIVERED,39918.55,USD,2026-01-29T00:00:00
PO-2025-01925,PO-001925,SUP-0120,FAC-APAC-01,WH-APAC-RAW-01,2025-12-10,2026-01-08,DELIVERED,66649.84,USD,2025-12-10T00:00:00
PO-2025-01926,PO-001926,SUP-0066,FAC-APAC-01,WH-APAC-RAW-01,2026-01-04,2026-01-28,CANCELLED,36620.91,USD,2026-01-04T00:00:00
PO-2025-01927,PO-001927,SUP-0054,FAC-EU-01,WH-EU-RAW-01,2026-02-20,2026-03-19,DELIVERED,467563.33,USD,2026-02-20T00:00:00
PO-2025-01928,PO-001928,SUP-0050,FAC-MX-01,WH-MX-RAW-01,2026-02-06,2026-03-08,DELIVERED,28927.23,USD,2026-02-06T00:00:00
PO-2025-01929,PO-001929,SUP-0039,FAC-MX-01,WH-MX-RAW-01,2026-04-27,2026-05-25,PENDING,12930.03,USD,2026-04-27T00:00:00
PO-2025-01930,PO-001930,SUP-0048,FAC-APAC-01,WH-APAC-RAW-01,2025-11-18,2025-12-22,DELIVERED,599.47,USD,2025-11-18T00:00:00
PO-2025-01931,PO-001931,SUP-0102,FAC-EU-01,WH-EU-RAW-01,2025-11-04,2025-12-01,DELIVERED,5383.65,USD,2025-11-04T00:00:00
PO-2025-01932,PO-001932,SUP-0067,FAC-EU-01,WH-EU-RAW-01,2025-10-06,2025-10-30,DELIVERED,1437.8,USD,2025-10-06T00:00:00
PO-2025-01933,PO-001933,SUP-0078,FAC-APAC-01,WH-APAC-RAW-01,2025-06-22,2025-07-10,CANCELLED,681351.54,USD,2025-06-22T00:00:00
PO-2025-01934,PO-001934,SUP-0062,FAC-MX-01,WH-MX-RAW-01,2025-11-29,2025-12-30,DELIVERED,6866.45,USD,2025-11-29T00:00:00
PO-2025-01935,PO-001935,SUP-0019,FAC-EU-01,WH-EU-RAW-01,2025-08-20,2025-09-05,OVERDUE,1838.76,USD,2025-08-20T00:00:00
PO-2025-01936,PO-001936,SUP-0047,FAC-MX-01,WH-MX-RAW-01,2026-03-31,2026-04-14,OVERDUE,34450.25,USD,2026-03-31T00:00:00
PO-2025-01937,PO-001937,SUP-0086,FAC-MX-01,WH-MX-RAW-01,2025-12-02,2025-12-13,DELIVERED,5367.44,USD,2025-12-02T00:00:00
PO-2025-01938,PO-001938,SUP-0119,FAC-US-01,WH-US-RAW-01,2025-12-05,2026-01-07,DELIVERED,32267.57,USD,2025-12-05T00:00:00
PO-2025-01939,PO-001939,SUP-0002,FAC-EU-01,WH-EU-RAW-01,2025-09-19,2025-10-11,DELIVERED,9783.71,USD,2025-09-19T00:00:00
PO-2025-01940,PO-001940,SUP-0029,FAC-MX-01,WH-MX-RAW-01,2025-04-11,2025-05-16,CANCELLED,22836.56,USD,2025-04-11T00:00:00
PO-2025-01941,PO-001941,SUP-0052,FAC-APAC-01,WH-APAC-RAW-01,2025-03-20,2025-04-13,DELIVERED,7394.76,USD,2025-03-20T00:00:00
PO-2025-01942,PO-001942,SUP-0045,FAC-US-01,WH-US-RAW-01,2025-10-13,2025-10-26,DELIVERED,13791.21,USD,2025-10-13T00:00:00
PO-2025-01943,PO-001943,SUP-0039,FAC-MX-01,WH-MX-RAW-01,2025-05-08,2025-06-03,DELIVERED,287318.69,USD,2025-05-08T00:00:00
PO-2025-01944,PO-001944,SUP-0080,FAC-US-01,WH-US-RAW-01,2025-12-09,2026-01-07,CANCELLED,68012.16,USD,2025-12-09T00:00:00
PO-2025-01945,PO-001945,SUP-0009,FAC-MX-01,WH-MX-RAW-01,2026-03-10,2026-04-29,IN_TRANSIT,345914.79,USD,2026-03-10T00:00:00
PO-2025-01946,PO-001946,SUP-0001,FAC-EU-01,WH-EU-RAW-01,2026-03-11,2026-05-09,IN_TRANSIT,66976.57,USD,2026-03-11T00:00:00
PO-2025-01947,PO-001947,SUP-0066,FAC-US-01,WH-US-RAW-01,2025-12-23,2026-01-17,DELIVERED,51451.19,USD,2025-12-23T00:00:00
PO-2025-01948,PO-001948,SUP-0002,FAC-APAC-01,WH-APAC-RAW-01,2025-07-21,2025-08-14,DELIVERED,3017.19,USD,2025-07-21T00:00:00
PO-2025-01949,PO-001949,SUP-0061,FAC-EU-01,WH-EU-RAW-01,2026-03-02,2026-03-16,DELIVERED,9750.84,USD,2026-03-02T00:00:00
PO-2025-01950,PO-001950,SUP-0099,FAC-APAC-01,WH-APAC-RAW-01,2026-03-13,2026-03-23,DELIVERED,297271.0,USD,2026-03-13T00:00:00
PO-2025-01951,PO-001951,SUP-0055,FAC-US-01,WH-US-RAW-01,2025-07-14,2025-07-31,DELIVERED,637.29,USD,2025-07-14T00:00:00
PO-2025-01952,PO-001952,SUP-0006,FAC-EU-01,WH-EU-RAW-01,2026-01-15,2026-01-31,DELIVERED,326596.52,USD,2026-01-15T00:00:00
PO-2025-01953,PO-001953,SUP-0030,FAC-MX-01,WH-MX-RAW-01,2025-08-24,2025-10-01,DELIVERED,13372.1,USD,2025-08-24T00:00:00
PO-2025-01954,PO-001954,SUP-0083,FAC-US-01,WH-US-RAW-01,2026-02-06,2026-03-08,DELIVERED,86636.62,USD,2026-02-06T00:00:00
PO-2025-01955,PO-001955,SUP-0003,FAC-MX-01,WH-MX-RAW-01,2026-06-13,2026-07-05,PENDING,129328.95,USD,2026-06-13T00:00:00
PO-2025-01956,PO-001956,SUP-0103,FAC-EU-01,WH-EU-RAW-01,2025-03-18,2025-05-04,DELIVERED,10988.38,USD,2025-03-18T00:00:00
PO-2025-01957,PO-001957,SUP-0027,FAC-APAC-01,WH-APAC-RAW-01,2026-03-18,2026-04-12,DELIVERED,32489.26,USD,2026-03-18T00:00:00
PO-2025-01958,PO-001958,SUP-0113,FAC-US-01,WH-US-RAW-01,2025-12-13,2025-12-30,DELIVERED,83117.98,USD,2025-12-13T00:00:00
PO-2025-01959,PO-001959,SUP-0031,FAC-APAC-01,WH-APAC-RAW-01,2026-05-08,2026-07-11,PENDING,155731.66,USD,2026-05-08T00:00:00
PO-2025-01960,PO-001960,SUP-0012,FAC-EU-01,WH-EU-RAW-01,2025-10-27,2025-11-15,DELIVERED,65705.04,USD,2025-10-27T00:00:00
PO-2025-01961,PO-001961,SUP-0112,FAC-MX-01,WH-MX-RAW-01,2026-02-24,2026-03-11,DELIVERED,8492.87,USD,2026-02-24T00:00:00
PO-2025-01962,PO-001962,SUP-0086,FAC-MX-01,WH-MX-RAW-01,2025-04-20,2025-04-28,DELIVERED,10332.75,USD,2025-04-20T00:00:00
PO-2025-01963,PO-001963,SUP-0073,FAC-US-01,WH-US-RAW-01,2025-09-12,2025-10-10,DELIVERED,77375.76,USD,2025-09-12T00:00:00
PO-2025-01964,PO-001964,SUP-0012,FAC-MX-01,WH-MX-RAW-01,2025-04-24,2025-05-13,DELIVERED,13216.95,USD,2025-04-24T00:00:00
PO-2025-01965,PO-001965,SUP-0109,FAC-MX-01,WH-MX-RAW-01,2026-05-10,2026-05-28,PENDING,49773.78,USD,2026-05-10T00:00:00
PO-2025-01966,PO-001966,SUP-0007,FAC-APAC-01,WH-APAC-RAW-01,2026-02-12,2026-03-05,DELIVERED,46870.28,USD,2026-02-12T00:00:00
PO-2025-01967,PO-001967,SUP-0031,FAC-MX-01,WH-MX-RAW-01,2026-02-26,2026-04-26,IN_TRANSIT,48827.0,USD,2026-02-26T00:00:00
PO-2025-01968,PO-001968,SUP-0118,FAC-APAC-01,WH-APAC-RAW-01,2026-04-10,2026-05-13,IN_TRANSIT,68617.03,USD,2026-04-10T00:00:00
PO-2025-01969,PO-001969,SUP-0049,FAC-EU-01,WH-EU-RAW-01,2025-05-09,2025-05-26,DELIVERED,14205.8,USD,2025-05-09T00:00:00
PO-2025-01970,PO-001970,SUP-0099,FAC-EU-01,WH-EU-RAW-01,2025-09-30,2025-10-09,DELIVERED,133848.0,USD,2025-09-30T00:00:00
PO-2025-01971,PO-001971,SUP-0028,FAC-APAC-01,WH-APAC-RAW-01,2025-04-28,2025-05-23,DELIVERED,23388.62,USD,2025-04-28T00:00:00
PO-2025-01972,PO-001972,SUP-0077,FAC-US-01,WH-US-RAW-01,2025-07-21,2025-08-10,OVERDUE,44897.28,USD,2025-07-21T00:00:00
PO-2025-01973,PO-001973,SUP-0064,FAC-EU-01,WH-EU-RAW-01,2025-07-30,2025-08-24,CANCELLED,61778.7,USD,2025-07-30T00:00:00
PO-2025-01974,PO-001974,SUP-0052,FAC-MX-01,WH-MX-RAW-01,2025-10-28,2025-11-23,DELIVERED,90107.24,USD,2025-10-28T00:00:00
PO-2025-01975,PO-001975,SUP-0095,FAC-MX-01,WH-MX-RAW-01,2025-08-16,2025-08-31,DELIVERED,33236.7,USD,2025-08-16T00:00:00
PO-2025-01976,PO-001976,SUP-0049,FAC-MX-01,WH-MX-RAW-01,2025-05-20,2025-06-09,DELIVERED,31379.25,USD,2025-05-20T00:00:00
PO-2025-01977,PO-001977,SUP-0030,FAC-EU-01,WH-EU-RAW-01,2025-06-29,2025-08-04,DELIVERED,26061.95,USD,2025-06-29T00:00:00
PO-2025-01978,PO-001978,SUP-0016,FAC-APAC-01,WH-APAC-RAW-01,2025-06-18,2025-07-10,DELIVERED,177.1,USD,2025-06-18T00:00:00
PO-2025-01979,PO-001979,SUP-0087,FAC-APAC-01,WH-APAC-RAW-01,2026-05-08,2026-05-25,PENDING,742.5,USD,2026-05-08T00:00:00
PO-2025-01980,PO-001980,SUP-0089,FAC-US-01,WH-US-RAW-01,2026-01-22,2026-02-05,DELIVERED,86131.87,USD,2026-01-22T00:00:00
PO-2025-01981,PO-001981,SUP-0078,FAC-EU-01,WH-EU-RAW-01,2026-05-03,2026-05-25,PENDING,38744.86,USD,2026-05-03T00:00:00
PO-2025-01982,PO-001982,SUP-0112,FAC-EU-01,WH-EU-RAW-01,2025-10-19,2025-10-31,DELIVERED,23909.6,USD,2025-10-19T00:00:00
PO-2025-01983,PO-001983,SUP-0034,FAC-APAC-01,WH-APAC-RAW-01,2025-08-20,2025-09-17,CANCELLED,13162.32,USD,2025-08-20T00:00:00
PO-2025-01984,PO-001984,SUP-0062,FAC-MX-01,WH-MX-RAW-01,2026-02-05,2026-03-10,DELIVERED,575339.08,USD,2026-02-05T00:00:00
PO-2025-01985,PO-001985,SUP-0102,FAC-EU-01,WH-EU-RAW-01,2025-09-08,2025-10-01,DELIVERED,114296.85,USD,2025-09-08T00:00:00
PO-2025-01986,PO-001986,SUP-0005,FAC-US-01,WH-US-RAW-01,2025-08-29,2025-09-20,DELIVERED,35928.0,USD,2025-08-29T00:00:00
PO-2025-01987,PO-001987,SUP-0095,FAC-US-01,WH-US-RAW-01,2025-07-31,2025-08-11,DELIVERED,4452.84,USD,2025-07-31T00:00:00
PO-2025-01988,PO-001988,SUP-0117,FAC-US-01,WH-US-RAW-01,2025-06-08,2025-07-03,DELIVERED,21175.2,USD,2025-06-08T00:00:00
PO-2025-01989,PO-001989,SUP-0001,FAC-US-01,WH-US-RAW-01,2025-08-11,2025-10-07,DELIVERED,12582.05,USD,2025-08-11T00:00:00
PO-2025-01990,PO-001990,SUP-0115,FAC-EU-01,WH-EU-RAW-01,2025-09-19,2025-10-14,DELIVERED,1483.92,USD,2025-09-19T00:00:00
PO-2025-01991,PO-001991,SUP-0057,FAC-APAC-01,WH-APAC-RAW-01,2025-12-27,2026-01-11,DELIVERED,49095.46,USD,2025-12-27T00:00:00
PO-2025-01992,PO-001992,SUP-0074,FAC-APAC-01,WH-APAC-RAW-01,2025-04-20,2025-05-15,DELIVERED,11099.28,USD,2025-04-20T00:00:00
PO-2025-01993,PO-001993,SUP-0039,FAC-US-01,WH-US-RAW-01,2025-07-21,2025-08-20,DELIVERED,21918.78,USD,2025-07-21T00:00:00
PO-2025-01994,PO-001994,SUP-0042,FAC-APAC-01,WH-APAC-RAW-01,2026-02-09,2026-03-06,DELIVERED,37718.01,USD,2026-02-09T00:00:00
PO-2025-01995,PO-001995,SUP-0092,FAC-MX-01,WH-MX-RAW-01,2025-06-18,2025-07-11,DELIVERED,1787.52,USD,2025-06-18T00:00:00
PO-2025-01996,PO-001996,SUP-0094,FAC-APAC-01,WH-APAC-RAW-01,2025-09-15,2025-09-24,DELIVERED,1941.84,USD,2025-09-15T00:00:00
PO-2025-01997,PO-001997,SUP-0069,FAC-APAC-01,WH-APAC-RAW-01,2026-03-03,2026-03-26,DELIVERED,12720.62,USD,2026-03-03T00:00:00
PO-2025-01998,PO-001998,SUP-0051,FAC-EU-01,WH-EU-RAW-01,2025-06-22,2025-07-19,DELIVERED,9888.46,USD,2025-06-22T00:00:00
PO-2025-01999,PO-001999,SUP-0086,FAC-US-01,WH-US-RAW-01,2025-05-07,2025-05-18,DELIVERED,32515.14,USD,2025-05-07T00:00:00
PO-2025-02000,PO-002000,SUP-0012,FAC-US-01,WH-US-RAW-01,2025-11-02,2025-11-20,DELIVERED,32023.55,USD,2025-11-02T00:00:00
PO-2025-02001,PO-002001,SUP-0019,FAC-APAC-01,WH-APAC-RAW-01,2025-08-30,2025-09-19,DELIVERED,10505.25,USD,2025-08-30T00:00:00
PO-2025-02002,PO-002002,SUP-0040,FAC-MX-01,WH-MX-RAW-01,2025-11-26,2025-12-24,DELIVERED,938.79,USD,2025-11-26T00:00:00
PO-2025-02003,PO-002003,SUP-0077,FAC-US-01,WH-US-RAW-01,2026-02-07,2026-03-02,DELIVERED,188630.27,USD,2026-02-07T00:00:00
PO-2025-02004,PO-002004,SUP-0097,FAC-MX-01,WH-MX-RAW-01,2025-06-12,2025-07-17,DELIVERED,13501.82,USD,2025-06-12T00:00:00
PO-2025-02005,PO-002005,SUP-0120,FAC-MX-01,WH-MX-RAW-01,2025-12-01,2025-12-24,DELIVERED,82545.12,USD,2025-12-01T00:00:00
PO-2025-02006,PO-002006,SUP-0068,FAC-EU-01,WH-EU-RAW-01,2025-11-09,2025-11-28,DELIVERED,30860.62,USD,2025-11-09T00:00:00
PO-2025-02007,PO-002007,SUP-0048,FAC-US-01,WH-US-RAW-01,2025-06-16,2025-07-14,OVERDUE,243270.56,USD,2025-06-16T00:00:00
PO-2025-02008,PO-002008,SUP-0104,FAC-EU-01,WH-EU-RAW-01,2025-12-14,2026-01-15,DELIVERED,203157.03,USD,2025-12-14T00:00:00
PO-2025-02009,PO-002009,SUP-0066,FAC-EU-01,WH-EU-RAW-01,2025-08-18,2025-09-12,DELIVERED,225857.42,USD,2025-08-18T00:00:00
PO-2025-02010,PO-002010,SUP-0065,FAC-APAC-01,WH-APAC-RAW-01,2025-11-03,2025-12-05,DELIVERED,371992.29,USD,2025-11-03T00:00:00
PO-2025-02011,PO-002011,SUP-0076,FAC-MX-01,WH-MX-RAW-01,2025-05-07,2025-06-10,DELIVERED,502295.16,USD,2025-05-07T00:00:00
PO-2025-02012,PO-002012,SUP-0009,FAC-US-01,WH-US-RAW-01,2025-10-25,2025-12-14,DELIVERED,15031.9,USD,2025-10-25T00:00:00
PO-2025-02013,PO-002013,SUP-0064,FAC-APAC-01,WH-APAC-RAW-01,2025-09-01,2025-09-24,DELIVERED,207169.62,USD,2025-09-01T00:00:00
PO-2025-02014,PO-002014,SUP-0041,FAC-APAC-01,WH-APAC-RAW-01,2026-02-14,2026-03-04,DELIVERED,11327.4,USD,2026-02-14T00:00:00
PO-2025-02015,PO-002015,SUP-0041,FAC-MX-01,WH-MX-RAW-01,2025-04-15,2025-05-04,DELIVERED,13358.23,USD,2025-04-15T00:00:00
PO-2025-02016,PO-002016,SUP-0090,FAC-APAC-01,WH-APAC-RAW-01,2025-10-12,2025-11-03,DELIVERED,1898.4,USD,2025-10-12T00:00:00
PO-2025-02017,PO-002017,SUP-0006,FAC-EU-01,WH-EU-RAW-01,2025-10-25,2025-11-09,DELIVERED,170280.58,USD,2025-10-25T00:00:00
PO-2025-02018,PO-002018,SUP-0017,FAC-MX-01,WH-MX-RAW-01,2026-01-11,2026-03-07,DELIVERED,3414.07,USD,2026-01-11T00:00:00
PO-2025-02019,PO-002019,SUP-0058,FAC-MX-01,WH-MX-RAW-01,2025-11-29,2025-12-28,DELIVERED,92649.52,USD,2025-11-29T00:00:00
PO-2025-02020,PO-002020,SUP-0087,FAC-MX-01,WH-MX-RAW-01,2025-12-25,2026-01-12,DELIVERED,539.85,USD,2025-12-25T00:00:00
PO-2025-02021,PO-002021,SUP-0068,FAC-MX-01,WH-MX-RAW-01,2026-01-28,2026-02-21,DELIVERED,37704.44,USD,2026-01-28T00:00:00
PO-2025-02022,PO-002022,SUP-0052,FAC-MX-01,WH-MX-RAW-01,2026-03-02,2026-03-29,DELIVERED,36015.28,USD,2026-03-02T00:00:00
PO-2025-02023,PO-002023,SUP-0093,FAC-APAC-01,WH-APAC-RAW-01,2025-09-04,2025-10-19,DELIVERED,232184.88,USD,2025-09-04T00:00:00
PO-2025-02024,PO-002024,SUP-0095,FAC-EU-01,WH-EU-RAW-01,2025-11-19,2025-12-03,DELIVERED,29388.24,USD,2025-11-19T00:00:00
PO-2025-02025,PO-002025,SUP-0069,FAC-US-01,WH-US-RAW-01,2026-02-21,2026-03-15,DELIVERED,271481.04,USD,2026-02-21T00:00:00
PO-2025-02026,PO-002026,SUP-0107,FAC-EU-01,WH-EU-RAW-01,2026-05-27,2026-06-10,PENDING,77896.69,USD,2026-05-27T00:00:00
PO-2025-02027,PO-002027,SUP-0008,FAC-EU-01,WH-EU-RAW-01,2026-03-14,2026-04-18,IN_TRANSIT,20481.12,USD,2026-03-14T00:00:00
PO-2025-02028,PO-002028,SUP-0007,FAC-US-01,WH-US-RAW-01,2025-09-25,2025-10-17,DELIVERED,72417.6,USD,2025-09-25T00:00:00
PO-2025-02029,PO-002029,SUP-0041,FAC-EU-01,WH-EU-RAW-01,2025-07-14,2025-08-06,CANCELLED,3812.58,USD,2025-07-14T00:00:00
PO-2025-02030,PO-002030,SUP-0096,FAC-APAC-01,WH-APAC-RAW-01,2025-11-04,2025-11-24,DELIVERED,61569.7,USD,2025-11-04T00:00:00
PO-2025-02031,PO-002031,SUP-0087,FAC-EU-01,WH-EU-RAW-01,2026-01-17,2026-02-02,CANCELLED,93182.04,USD,2026-01-17T00:00:00
PO-2025-02032,PO-002032,SUP-0041,FAC-MX-01,WH-MX-RAW-01,2025-11-05,2025-11-27,DELIVERED,8072.92,USD,2025-11-05T00:00:00
PO-2025-02033,PO-002033,SUP-0097,FAC-EU-01,WH-EU-RAW-01,2025-11-02,2025-12-03,DELIVERED,127364.22,USD,2025-11-02T00:00:00
PO-2025-02034,PO-002034,SUP-0040,FAC-EU-01,WH-EU-RAW-01,2026-02-20,2026-03-13,OVERDUE,625.86,USD,2026-02-20T00:00:00
PO-2025-02035,PO-002035,SUP-0096,FAC-APAC-01,WH-APAC-RAW-01,2025-09-22,2025-10-05,DELIVERED,150281.04,USD,2025-09-22T00:00:00
PO-2025-02036,PO-002036,SUP-0013,FAC-US-01,WH-US-RAW-01,2026-03-01,2026-03-24,DELIVERED,29952.36,USD,2026-03-01T00:00:00
PO-2025-02037,PO-002037,SUP-0065,FAC-EU-01,WH-EU-RAW-01,2025-10-08,2025-11-09,DELIVERED,30772.31,USD,2025-10-08T00:00:00
PO-2025-02038,PO-002038,SUP-0048,FAC-EU-01,WH-EU-RAW-01,2025-09-09,2025-10-10,DELIVERED,34416.9,USD,2025-09-09T00:00:00
PO-2025-02039,PO-002039,SUP-0034,FAC-MX-01,WH-MX-RAW-01,2025-10-24,2025-11-18,DELIVERED,119000.72,USD,2025-10-24T00:00:00
PO-2025-02040,PO-002040,SUP-0092,FAC-US-01,WH-US-RAW-01,2026-01-23,2026-02-15,DELIVERED,3121.35,USD,2026-01-23T00:00:00
PO-2025-02041,PO-002041,SUP-0100,FAC-APAC-01,WH-APAC-RAW-01,2025-06-05,2025-06-14,DELIVERED,32325.84,USD,2025-06-05T00:00:00
PO-2025-02042,PO-002042,SUP-0070,FAC-APAC-01,WH-APAC-RAW-01,2025-07-14,2025-09-06,DELIVERED,18994.17,USD,2025-07-14T00:00:00
PO-2025-02043,PO-002043,SUP-0061,FAC-US-01,WH-US-RAW-01,2026-04-19,2026-05-07,PENDING,13224.68,USD,2026-04-19T00:00:00
PO-2025-02044,PO-002044,SUP-0019,FAC-EU-01,WH-EU-RAW-01,2025-07-04,2025-07-22,DELIVERED,9378.98,USD,2025-07-04T00:00:00
PO-2025-02045,PO-002045,SUP-0031,FAC-EU-01,WH-EU-RAW-01,2025-11-28,2026-01-27,DELIVERED,84590.03,USD,2025-11-28T00:00:00
PO-2025-02046,PO-002046,SUP-0031,FAC-EU-01,WH-EU-RAW-01,2025-12-01,2026-01-31,OVERDUE,39751.66,USD,2025-12-01T00:00:00
PO-2025-02047,PO-002047,SUP-0052,FAC-EU-01,WH-EU-RAW-01,2025-11-04,2025-11-30,DELIVERED,36590.65,USD,2025-11-04T00:00:00
PO-2025-02048,PO-002048,SUP-0058,FAC-APAC-01,WH-APAC-RAW-01,2025-12-19,2026-01-16,DELIVERED,12098.87,USD,2025-12-19T00:00:00
PO-2025-02049,PO-002049,SUP-0095,FAC-MX-01,WH-MX-RAW-01,2025-07-30,2025-08-12,OVERDUE,40279.74,USD,2025-07-30T00:00:00
PO-2025-02050,PO-002050,SUP-0103,FAC-US-01,WH-US-RAW-01,2025-11-23,2026-01-06,DELIVERED,1638.6,USD,2025-11-23T00:00:00
PO-2025-02051,PO-002051,SUP-0060,FAC-APAC-01,WH-APAC-RAW-01,2025-09-26,2025-10-26,DELIVERED,254555.67,USD,2025-09-26T00:00:00
PO-2025-02052,PO-002052,SUP-0060,FAC-MX-01,WH-MX-RAW-01,2025-12-24,2026-01-22,DELIVERED,13530.58,USD,2025-12-24T00:00:00
PO-2025-02053,PO-002053,SUP-0059,FAC-EU-01,WH-EU-RAW-01,2025-06-15,2025-08-19,DELIVERED,74432.26,USD,2025-06-15T00:00:00
PO-2025-02054,PO-002054,SUP-0084,FAC-US-01,WH-US-RAW-01,2025-11-28,2025-12-27,DELIVERED,121678.52,USD,2025-11-28T00:00:00
PO-2025-02055,PO-002055,SUP-0064,FAC-MX-01,WH-MX-RAW-01,2025-07-09,2025-07-28,CANCELLED,10860.6,USD,2025-07-09T00:00:00
PO-2025-02056,PO-002056,SUP-0022,FAC-MX-01,WH-MX-RAW-01,2025-08-20,2025-09-03,DELIVERED,3128.51,USD,2025-08-20T00:00:00
PO-2025-02057,PO-002057,SUP-0067,FAC-EU-01,WH-EU-RAW-01,2025-07-25,2025-08-17,DELIVERED,64314.25,USD,2025-07-25T00:00:00
PO-2025-02058,PO-002058,SUP-0031,FAC-APAC-01,WH-APAC-RAW-01,2025-07-07,2025-09-05,DELIVERED,137237.51,USD,2025-07-07T00:00:00
PO-2025-02059,PO-002059,SUP-0029,FAC-US-01,WH-US-RAW-01,2026-02-15,2026-03-22,DELIVERED,12774.07,USD,2026-02-15T00:00:00
PO-2025-02060,PO-002060,SUP-0117,FAC-US-01,WH-US-RAW-01,2025-08-23,2025-09-20,DELIVERED,95095.04,USD,2025-08-23T00:00:00
PO-2025-02061,PO-002061,SUP-0049,FAC-APAC-01,WH-APAC-RAW-01,2026-04-03,2026-04-18,IN_TRANSIT,245187.9,USD,2026-04-03T00:00:00
PO-2025-02062,PO-002062,SUP-0066,FAC-US-01,WH-US-RAW-01,2026-05-05,2026-05-25,PENDING,21841.36,USD,2026-05-05T00:00:00
PO-2025-02063,PO-002063,SUP-0078,FAC-EU-01,WH-EU-RAW-01,2025-11-29,2025-12-21,DELIVERED,78357.76,USD,2025-11-29T00:00:00
PO-2025-02064,PO-002064,SUP-0067,FAC-US-01,WH-US-RAW-01,2025-06-16,2025-07-04,CANCELLED,33860.47,USD,2025-06-16T00:00:00
PO-2025-02065,PO-002065,SUP-0052,FAC-US-01,WH-US-RAW-01,2025-09-26,2025-10-27,DELIVERED,79613.8,USD,2025-09-26T00:00:00
PO-2025-02066,PO-002066,SUP-0097,FAC-MX-01,WH-MX-RAW-01,2026-02-04,2026-03-08,DELIVERED,129647.94,USD,2026-02-04T00:00:00
PO-2025-02067,PO-002067,SUP-0003,FAC-US-01,WH-US-RAW-01,2025-09-24,2025-10-19,DELIVERED,17594.0,USD,2025-09-24T00:00:00
PO-2025-02068,PO-002068,SUP-0073,FAC-APAC-01,WH-APAC-RAW-01,2025-05-10,2025-06-12,DELIVERED,373908.92,USD,2025-05-10T00:00:00
PO-2025-02069,PO-002069,SUP-0113,FAC-MX-01,WH-MX-RAW-01,2025-11-24,2025-12-11,DELIVERED,641.97,USD,2025-11-24T00:00:00
PO-2025-02070,PO-002070,SUP-0069,FAC-US-01,WH-US-RAW-01,2026-02-23,2026-03-13,DELIVERED,4940.95,USD,2026-02-23T00:00:00
PO-2025-02071,PO-002071,SUP-0109,FAC-APAC-01,WH-APAC-RAW-01,2026-02-04,2026-02-17,DELIVERED,1984.68,USD,2026-02-04T00:00:00
PO-2025-02072,PO-002072,SUP-0110,FAC-APAC-01,WH-APAC-RAW-01,2025-07-03,2025-07-22,DELIVERED,47828.72,USD,2025-07-03T00:00:00
PO-2025-02073,PO-002073,SUP-0080,FAC-EU-01,WH-EU-RAW-01,2025-12-27,2026-01-30,DELIVERED,78478.02,USD,2025-12-27T00:00:00
PO-2025-02074,PO-002074,SUP-0089,FAC-EU-01,WH-EU-RAW-01,2025-07-26,2025-08-15,DELIVERED,319134.99,USD,2025-07-26T00:00:00
PO-2025-02075,PO-002075,SUP-0014,FAC-APAC-01,WH-APAC-RAW-01,2025-07-25,2025-09-24,DELIVERED,184165.92,USD,2025-07-25T00:00:00
PO-2025-02076,PO-002076,SUP-0078,FAC-EU-01,WH-EU-RAW-01,2026-03-07,2026-03-31,DELIVERED,185595.03,USD,2026-03-07T00:00:00
PO-2025-02077,PO-002077,SUP-0097,FAC-MX-01,WH-MX-RAW-01,2025-08-08,2025-09-14,DELIVERED,2863.44,USD,2025-08-08T00:00:00
PO-2025-02078,PO-002078,SUP-0083,FAC-MX-01,WH-MX-RAW-01,2025-08-14,2025-09-11,DELIVERED,106168.06,USD,2025-08-14T00:00:00
PO-2025-02079,PO-002079,SUP-0115,FAC-MX-01,WH-MX-RAW-01,2025-01-12,2025-02-10,DELIVERED,2592.1,USD,2025-01-12T00:00:00
PO-2025-02080,PO-002080,SUP-0095,FAC-MX-01,WH-MX-RAW-01,2026-03-06,2026-03-18,DELIVERED,107246.19,USD,2026-03-06T00:00:00
PO-2025-02081,PO-002081,SUP-0012,FAC-MX-01,WH-MX-RAW-01,2026-02-03,2026-02-17,DELIVERED,51316.1,USD,2026-02-03T00:00:00
PO-2025-02082,PO-002082,SUP-0103,FAC-APAC-01,WH-APAC-RAW-01,2025-12-15,2026-01-31,DELIVERED,188967.04,USD,2025-12-15T00:00:00
PO-2025-02083,PO-002083,SUP-0088,FAC-EU-01,WH-EU-RAW-01,2026-01-19,2026-02-12,DELIVERED,957.6,USD,2026-01-19T00:00:00
PO-2025-02084,PO-002084,SUP-0104,FAC-US-01,WH-US-RAW-01,2025-06-21,2025-07-21,DELIVERED,29290.8,USD,2025-06-21T00:00:00
PO-2025-02085,PO-002085,SUP-0001,FAC-US-01,WH-US-RAW-01,2025-10-25,2025-12-24,DELIVERED,2199.44,USD,2025-10-25T00:00:00
PO-2025-02086,PO-002086,SUP-0062,FAC-APAC-01,WH-APAC-RAW-01,2025-09-18,2025-10-22,DELIVERED,1129.8,USD,2025-09-18T00:00:00
PO-2025-02087,PO-002087,SUP-0077,FAC-MX-01,WH-MX-RAW-01,2025-05-15,2025-06-05,DELIVERED,49625.94,USD,2025-05-15T00:00:00
PO-2025-02088,PO-002088,SUP-0116,FAC-EU-01,WH-EU-RAW-01,2025-11-03,2025-11-13,DELIVERED,184171.54,USD,2025-11-03T00:00:00
PO-2025-02089,PO-002089,SUP-0035,FAC-APAC-01,WH-APAC-RAW-01,2026-03-31,2026-05-15,IN_TRANSIT,192209.66,USD,2026-03-31T00:00:00
PO-2025-02090,PO-002090,SUP-0107,FAC-EU-01,WH-EU-RAW-01,2025-03-29,2025-04-10,DELIVERED,125600.84,USD,2025-03-29T00:00:00
PO-2025-02091,PO-002091,SUP-0061,FAC-MX-01,WH-MX-RAW-01,2025-08-26,2025-09-08,DELIVERED,12836.32,USD,2025-08-26T00:00:00
PO-2025-02092,PO-002092,SUP-0042,FAC-MX-01,WH-MX-RAW-01,2025-07-20,2025-08-15,DELIVERED,166105.2,USD,2025-07-20T00:00:00
PO-2025-02093,PO-002093,SUP-0048,FAC-US-01,WH-US-RAW-01,2025-08-03,2025-09-04,DELIVERED,8592.54,USD,2025-08-03T00:00:00
PO-2025-02094,PO-002094,SUP-0009,FAC-MX-01,WH-MX-RAW-01,2026-03-24,2026-05-17,IN_TRANSIT,95472.72,USD,2026-03-24T00:00:00
PO-2025-02095,PO-002095,SUP-0059,FAC-US-01,WH-US-RAW-01,2025-10-28,2026-01-01,DELIVERED,48461.42,USD,2025-10-28T00:00:00
PO-2025-02096,PO-002096,SUP-0095,FAC-APAC-01,WH-APAC-RAW-01,2025-10-28,2025-11-10,DELIVERED,52413.08,USD,2025-10-28T00:00:00
PO-2025-02097,PO-002097,SUP-0087,FAC-MX-01,WH-MX-RAW-01,2026-01-23,2026-02-14,DELIVERED,303566.5,USD,2026-01-23T00:00:00
PO-2025-02098,PO-002098,SUP-0090,FAC-APAC-01,WH-APAC-RAW-01,2025-06-22,2025-07-14,DELIVERED,2110.84,USD,2025-06-22T00:00:00
PO-2025-02099,PO-002099,SUP-0052,FAC-EU-01,WH-EU-RAW-01,2025-11-03,2025-12-03,CANCELLED,124276.9,USD,2025-11-03T00:00:00
PO-2025-02100,PO-002100,SUP-0012,FAC-EU-01,WH-EU-RAW-01,2025-10-16,2025-11-01,DELIVERED,25321.44,USD,2025-10-16T00:00:00
PO-2025-02101,PO-002101,SUP-0006,FAC-EU-01,WH-EU-RAW-01,2025-12-06,2025-12-20,DELIVERED,32826.5,USD,2025-12-06T00:00:00
PO-2025-02102,PO-002102,SUP-0112,FAC-EU-01,WH-EU-RAW-01,2026-06-23,2026-07-11,PENDING,41906.55,USD,2026-06-23T00:00:00
PO-2025-02103,PO-002103,SUP-0054,FAC-APAC-01,WH-APAC-RAW-01,2026-01-26,2026-02-25,DELIVERED,6176.94,USD,2026-01-26T00:00:00
PO-2025-02104,PO-002104,SUP-0103,FAC-US-01,WH-US-RAW-01,2025-10-05,2025-11-23,DELIVERED,46568.1,USD,2025-10-05T00:00:00
PO-2025-02105,PO-002105,SUP-0007,FAC-US-01,WH-US-RAW-01,2026-02-16,2026-03-13,CANCELLED,168.72,USD,2026-02-16T00:00:00
PO-2025-02106,PO-002106,SUP-0024,FAC-MX-01,WH-MX-RAW-01,2025-07-01,2025-07-18,DELIVERED,21256.83,USD,2025-07-01T00:00:00
PO-2025-02107,PO-002107,SUP-0092,FAC-MX-01,WH-MX-RAW-01,2025-03-18,2025-04-05,DELIVERED,36401.28,USD,2025-03-18T00:00:00
PO-2025-02108,PO-002108,SUP-0019,FAC-MX-01,WH-MX-RAW-01,2025-07-18,2025-08-05,OVERDUE,20024.45,USD,2025-07-18T00:00:00
PO-2025-02109,PO-002109,SUP-0041,FAC-MX-01,WH-MX-RAW-01,2025-09-14,2025-10-03,DELIVERED,19887.84,USD,2025-09-14T00:00:00
PO-2025-02110,PO-002110,SUP-0036,FAC-MX-01,WH-MX-RAW-01,2025-11-10,2025-11-24,DELIVERED,48370.77,USD,2025-11-10T00:00:00
PO-2025-02111,PO-002111,SUP-0043,FAC-MX-01,WH-MX-RAW-01,2025-12-11,2026-01-05,DELIVERED,13935.24,USD,2025-12-11T00:00:00
PO-2025-02112,PO-002112,SUP-0005,FAC-US-01,WH-US-RAW-01,2026-03-25,2026-04-15,DELIVERED,11517.66,USD,2026-03-25T00:00:00
PO-2025-02113,PO-002113,SUP-0077,FAC-MX-01,WH-MX-RAW-01,2025-11-10,2025-12-06,DELIVERED,33980.96,USD,2025-11-10T00:00:00
PO-2025-02114,PO-002114,SUP-0066,FAC-EU-01,WH-EU-RAW-01,2025-11-08,2025-11-30,DELIVERED,811.2,USD,2025-11-08T00:00:00
PO-2025-02115,PO-002115,SUP-0103,FAC-US-01,WH-US-RAW-01,2025-04-09,2025-05-24,DELIVERED,26557.22,USD,2025-04-09T00:00:00
PO-2025-02116,PO-002116,SUP-0109,FAC-MX-01,WH-MX-RAW-01,2025-03-24,2025-04-07,DELIVERED,25238.42,USD,2025-03-24T00:00:00
PO-2025-02117,PO-002117,SUP-0089,FAC-MX-01,WH-MX-RAW-01,2025-11-23,2025-12-13,DELIVERED,87945.52,USD,2025-11-23T00:00:00
PO-2025-02118,PO-002118,SUP-0089,FAC-APAC-01,WH-APAC-RAW-01,2025-10-18,2025-11-03,DELIVERED,20099.8,USD,2025-10-18T00:00:00
PO-2025-02119,PO-002119,SUP-0063,FAC-EU-01,WH-EU-RAW-01,2026-02-20,2026-03-25,DELIVERED,284586.06,USD,2026-02-20T00:00:00
PO-2025-02120,PO-002120,SUP-0045,FAC-MX-01,WH-MX-RAW-01,2025-06-26,2025-07-10,DELIVERED,736.96,USD,2025-06-26T00:00:00
PO-2025-02121,PO-002121,SUP-0096,FAC-APAC-01,WH-APAC-RAW-01,2025-03-11,2025-03-31,DELIVERED,108525.67,USD,2025-03-11T00:00:00
PO-2025-02122,PO-002122,SUP-0040,FAC-US-01,WH-US-RAW-01,2025-10-22,2025-11-16,DELIVERED,192.39,USD,2025-10-22T00:00:00
PO-2025-02123,PO-002123,SUP-0032,FAC-MX-01,WH-MX-RAW-01,2025-08-03,2025-09-04,DELIVERED,16689.28,USD,2025-08-03T00:00:00
PO-2025-02124,PO-002124,SUP-0110,FAC-EU-01,WH-EU-RAW-01,2025-04-08,2025-04-25,DELIVERED,40163.25,USD,2025-04-08T00:00:00
PO-2025-02125,PO-002125,SUP-0068,FAC-EU-01,WH-EU-RAW-01,2026-01-11,2026-02-03,DELIVERED,3994.32,USD,2026-01-11T00:00:00
PO-2025-02126,PO-002126,SUP-0058,FAC-MX-01,WH-MX-RAW-01,2025-05-27,2025-06-27,DELIVERED,31441.3,USD,2025-05-27T00:00:00
PO-2025-02127,PO-002127,SUP-0094,FAC-US-01,WH-US-RAW-01,2025-12-09,2025-12-23,DELIVERED,3090.0,USD,2025-12-09T00:00:00
PO-2025-02128,PO-002128,SUP-0059,FAC-MX-01,WH-MX-RAW-01,2025-08-21,2025-10-25,DELIVERED,31069.64,USD,2025-08-21T00:00:00
PO-2025-02129,PO-002129,SUP-0080,FAC-MX-01,WH-MX-RAW-01,2025-07-03,2025-07-30,DELIVERED,48101.23,USD,2025-07-03T00:00:00
PO-2025-02130,PO-002130,SUP-0105,FAC-US-01,WH-US-RAW-01,2025-09-28,2025-10-16,DELIVERED,4047.47,USD,2025-09-28T00:00:00
PO-2025-02131,PO-002131,SUP-0026,FAC-US-01,WH-US-RAW-01,2026-02-06,2026-03-06,DELIVERED,799.09,USD,2026-02-06T00:00:00
PO-2025-02132,PO-002132,SUP-0043,FAC-APAC-01,WH-APAC-RAW-01,2025-10-03,2025-10-29,CANCELLED,11968.74,USD,2025-10-03T00:00:00
PO-2025-02133,PO-002133,SUP-0026,FAC-US-01,WH-US-RAW-01,2026-01-20,2026-02-22,DELIVERED,39963.18,USD,2026-01-20T00:00:00
PO-2025-02134,PO-002134,SUP-0043,FAC-EU-01,WH-EU-RAW-01,2025-06-05,2025-06-30,DELIVERED,55866.07,USD,2025-06-05T00:00:00
PO-2025-02135,PO-002135,SUP-0043,FAC-MX-01,WH-MX-RAW-01,2026-01-27,2026-02-19,OVERDUE,15628.1,USD,2026-01-27T00:00:00
PO-2025-02136,PO-002136,SUP-0018,FAC-APAC-01,WH-APAC-RAW-01,2025-08-02,2025-08-28,DELIVERED,2248.08,USD,2025-08-02T00:00:00
PO-2025-02137,PO-002137,SUP-0112,FAC-US-01,WH-US-RAW-01,2025-12-28,2026-01-09,DELIVERED,1750.68,USD,2025-12-28T00:00:00
PO-2025-02138,PO-002138,SUP-0042,FAC-EU-01,WH-EU-RAW-01,2025-11-27,2025-12-26,DELIVERED,6311.36,USD,2025-11-27T00:00:00
PO-2025-02139,PO-002139,SUP-0043,FAC-MX-01,WH-MX-RAW-01,2026-04-05,2026-04-28,IN_TRANSIT,155096.22,USD,2026-04-05T00:00:00
PO-2025-02140,PO-002140,SUP-0075,FAC-APAC-01,WH-APAC-RAW-01,2025-10-01,2025-11-01,DELIVERED,180916.6,USD,2025-10-01T00:00:00
PO-2025-02141,PO-002141,SUP-0029,FAC-US-01,WH-US-RAW-01,2025-04-24,2025-05-28,DELIVERED,180571.32,USD,2025-04-24T00:00:00
PO-2025-02142,PO-002142,SUP-0095,FAC-MX-01,WH-MX-RAW-01,2025-03-02,2025-03-14,DELIVERED,24054.0,USD,2025-03-02T00:00:00
PO-2025-02143,PO-002143,SUP-0104,FAC-US-01,WH-US-RAW-01,2026-02-15,2026-03-19,DELIVERED,6840.99,USD,2026-02-15T00:00:00
PO-2025-02144,PO-002144,SUP-0104,FAC-MX-01,WH-MX-RAW-01,2025-11-15,2025-12-16,DELIVERED,8208.0,USD,2025-11-15T00:00:00
PO-2025-02145,PO-002145,SUP-0039,FAC-US-01,WH-US-RAW-01,2026-01-28,2026-02-24,DELIVERED,593028.63,USD,2026-01-28T00:00:00
PO-2025-02146,PO-002146,SUP-0076,FAC-US-01,WH-US-RAW-01,2025-08-01,2025-09-05,DELIVERED,30973.75,USD,2025-08-01T00:00:00
PO-2025-02147,PO-002147,SUP-0043,FAC-MX-01,WH-MX-RAW-01,2025-09-16,2025-10-11,DELIVERED,81009.54,USD,2025-09-16T00:00:00
PO-2025-02148,PO-002148,SUP-0076,FAC-APAC-01,WH-APAC-RAW-01,2025-03-18,2025-04-23,DELIVERED,265846.17,USD,2025-03-18T00:00:00
PO-2025-02149,PO-002149,SUP-0067,FAC-EU-01,WH-EU-RAW-01,2026-04-27,2026-05-20,PENDING,4811.34,USD,2026-04-27T00:00:00
PO-2025-02150,PO-002150,SUP-0089,FAC-APAC-01,WH-APAC-RAW-01,2025-12-26,2026-01-10,DELIVERED,5276.24,USD,2025-12-26T00:00:00
PO-2025-02151,PO-002151,SUP-0012,FAC-APAC-01,WH-APAC-RAW-01,2026-04-07,2026-04-26,IN_TRANSIT,109453.62,USD,2026-04-07T00:00:00
PO-2025-02152,PO-002152,SUP-0068,FAC-MX-01,WH-MX-RAW-01,2025-08-15,2025-09-06,DELIVERED,18524.22,USD,2025-08-15T00:00:00
PO-2025-02153,PO-002153,SUP-0004,FAC-US-01,WH-US-RAW-01,2025-12-10,2026-01-06,DELIVERED,10742.38,USD,2025-12-10T00:00:00
PO-2025-02154,PO-002154,SUP-0022,FAC-APAC-01,WH-APAC-RAW-01,2025-12-29,2026-01-15,DELIVERED,31365.0,USD,2025-12-29T00:00:00
PO-2025-02155,PO-002155,SUP-0081,FAC-EU-01,WH-EU-RAW-01,2025-09-05,2025-10-14,DELIVERED,17698.41,USD,2025-09-05T00:00:00
PO-2025-02156,PO-002156,SUP-0082,FAC-APAC-01,WH-APAC-RAW-01,2026-02-24,2026-04-29,IN_TRANSIT,10805.46,USD,2026-02-24T00:00:00
PO-2025-02157,PO-002157,SUP-0108,FAC-EU-01,WH-EU-RAW-01,2026-04-16,2026-05-05,PENDING,57237.65,USD,2026-04-16T00:00:00
PO-2025-02158,PO-002158,SUP-0008,FAC-APAC-01,WH-APAC-RAW-01,2026-03-12,2026-04-11,DELIVERED,12022.4,USD,2026-03-12T00:00:00
PO-2025-02159,PO-002159,SUP-0071,FAC-US-01,WH-US-RAW-01,2026-01-16,2026-02-21,DELIVERED,6246.4,USD,2026-01-16T00:00:00
PO-2025-02160,PO-002160,SUP-0069,FAC-US-01,WH-US-RAW-01,2025-08-20,2025-09-08,DELIVERED,19030.8,USD,2025-08-20T00:00:00
PO-2025-02161,PO-002161,SUP-0117,FAC-EU-01,WH-EU-RAW-01,2025-08-22,2025-09-17,DELIVERED,2832.04,USD,2025-08-22T00:00:00
PO-2025-02162,PO-002162,SUP-0042,FAC-MX-01,WH-MX-RAW-01,2026-04-29,2026-05-21,PENDING,481854.56,USD,2026-04-29T00:00:00
PO-2025-02163,PO-002163,SUP-0021,FAC-US-01,WH-US-RAW-01,2025-02-14,2025-03-13,OVERDUE,171039.05,USD,2025-02-14T00:00:00
PO-2025-02164,PO-002164,SUP-0026,FAC-US-01,WH-US-RAW-01,2026-01-09,2026-02-09,DELIVERED,3107.54,USD,2026-01-09T00:00:00
PO-2025-02165,PO-002165,SUP-0057,FAC-APAC-01,WH-APAC-RAW-01,2026-01-06,2026-01-27,DELIVERED,14421.0,USD,2026-01-06T00:00:00
PO-2025-02166,PO-002166,SUP-0002,FAC-MX-01,WH-MX-RAW-01,2025-12-13,2026-01-06,DELIVERED,168185.91,USD,2025-12-13T00:00:00
PO-2025-02167,PO-002167,SUP-0045,FAC-EU-01,WH-EU-RAW-01,2026-05-28,2026-06-12,PENDING,1580.0,USD,2026-05-28T00:00:00
PO-2025-02168,PO-002168,SUP-0070,FAC-US-01,WH-US-RAW-01,2025-09-03,2025-10-29,DELIVERED,16696.94,USD,2025-09-03T00:00:00
PO-2025-02169,PO-002169,SUP-0013,FAC-US-01,WH-US-RAW-01,2025-09-14,2025-10-01,DELIVERED,111322.95,USD,2025-09-14T00:00:00
PO-2025-02170,PO-002170,SUP-0084,FAC-EU-01,WH-EU-RAW-01,2025-05-04,2025-06-01,DELIVERED,2028.26,USD,2025-05-04T00:00:00
PO-2025-02171,PO-002171,SUP-0003,FAC-US-01,WH-US-RAW-01,2025-10-20,2025-11-07,DELIVERED,10761.73,USD,2025-10-20T00:00:00
PO-2025-02172,PO-002172,SUP-0116,FAC-EU-01,WH-EU-RAW-01,2025-08-13,2025-08-22,DELIVERED,1584.72,USD,2025-08-13T00:00:00
PO-2025-02173,PO-002173,SUP-0089,FAC-APAC-01,WH-APAC-RAW-01,2025-09-15,2025-09-29,DELIVERED,22611.75,USD,2025-09-15T00:00:00
PO-2025-02174,PO-002174,SUP-0093,FAC-MX-01,WH-MX-RAW-01,2026-02-18,2026-04-03,DELIVERED,852.38,USD,2026-02-18T00:00:00
PO-2025-02175,PO-002175,SUP-0068,FAC-MX-01,WH-MX-RAW-01,2026-04-09,2026-05-02,IN_TRANSIT,33565.42,USD,2026-04-09T00:00:00
PO-2025-02176,PO-002176,SUP-0062,FAC-EU-01,WH-EU-RAW-01,2025-07-09,2025-08-11,DELIVERED,3769.08,USD,2025-07-09T00:00:00
PO-2025-02177,PO-002177,SUP-0003,FAC-MX-01,WH-MX-RAW-01,2025-09-26,2025-10-16,DELIVERED,46493.24,USD,2025-09-26T00:00:00
PO-2025-02178,PO-002178,SUP-0086,FAC-APAC-01,WH-APAC-RAW-01,2026-04-04,2026-04-16,IN_TRANSIT,1378.88,USD,2026-04-04T00:00:00
PO-2025-02179,PO-002179,SUP-0108,FAC-EU-01,WH-EU-RAW-01,2025-04-20,2025-05-09,OVERDUE,48494.93,USD,2025-04-20T00:00:00
PO-2025-02180,PO-002180,SUP-0117,FAC-EU-01,WH-EU-RAW-01,2025-05-14,2025-06-15,DELIVERED,237234.49,USD,2025-05-14T00:00:00
PO-2025-02181,PO-002181,SUP-0109,FAC-APAC-01,WH-APAC-RAW-01,2025-06-27,2025-07-13,DELIVERED,3636.81,USD,2025-06-27T00:00:00
PO-2025-02182,PO-002182,SUP-0097,FAC-MX-01,WH-MX-RAW-01,2025-12-05,2026-01-09,DELIVERED,154470.36,USD,2025-12-05T00:00:00
PO-2025-02183,PO-002183,SUP-0002,FAC-MX-01,WH-MX-RAW-01,2025-06-20,2025-07-09,DELIVERED,3192.39,USD,2025-06-20T00:00:00
PO-2025-02184,PO-002184,SUP-0085,FAC-APAC-01,WH-APAC-RAW-01,2026-05-03,2026-05-12,PENDING,3335.06,USD,2026-05-03T00:00:00
PO-2025-02185,PO-002185,SUP-0069,FAC-APAC-01,WH-APAC-RAW-01,2025-10-21,2025-11-08,DELIVERED,8002.8,USD,2025-10-21T00:00:00
PO-2025-02186,PO-002186,SUP-0096,FAC-US-01,WH-US-RAW-01,2025-11-08,2025-11-26,DELIVERED,2589.7,USD,2025-11-08T00:00:00
PO-2025-02187,PO-002187,SUP-0110,FAC-MX-01,WH-MX-RAW-01,2025-08-07,2025-08-20,DELIVERED,278.13,USD,2025-08-07T00:00:00
PO-2025-02188,PO-002188,SUP-0007,FAC-MX-01,WH-MX-RAW-01,2025-10-29,2025-11-18,DELIVERED,108214.36,USD,2025-10-29T00:00:00
PO-2025-02189,PO-002189,SUP-0089,FAC-APAC-01,WH-APAC-RAW-01,2025-12-24,2026-01-12,DELIVERED,44061.9,USD,2025-12-24T00:00:00
PO-2025-02190,PO-002190,SUP-0066,FAC-MX-01,WH-MX-RAW-01,2026-01-20,2026-02-10,DELIVERED,449673.61,USD,2026-01-20T00:00:00
PO-2025-02191,PO-002191,SUP-0030,FAC-APAC-01,WH-APAC-RAW-01,2026-01-21,2026-02-21,DELIVERED,122749.84,USD,2026-01-21T00:00:00
PO-2025-02192,PO-002192,SUP-0110,FAC-MX-01,WH-MX-RAW-01,2025-12-01,2025-12-19,DELIVERED,5429.76,USD,2025-12-01T00:00:00
PO-2025-02193,PO-002193,SUP-0107,FAC-US-01,WH-US-RAW-01,2026-03-22,2026-04-09,DELIVERED,1878.86,USD,2026-03-22T00:00:00
PO-2025-02194,PO-002194,SUP-0097,FAC-EU-01,WH-EU-RAW-01,2026-02-12,2026-03-21,DELIVERED,98426.46,USD,2026-02-12T00:00:00
PO-2025-02195,PO-002195,SUP-0069,FAC-US-01,WH-US-RAW-01,2026-01-22,2026-02-16,DELIVERED,31942.2,USD,2026-01-22T00:00:00
PO-2025-02196,PO-002196,SUP-0048,FAC-APAC-01,WH-APAC-RAW-01,2025-04-14,2025-05-19,DELIVERED,82449.2,USD,2025-04-14T00:00:00
PO-2025-02197,PO-002197,SUP-0007,FAC-US-01,WH-US-RAW-01,2025-02-06,2025-03-04,DELIVERED,49186.62,USD,2025-02-06T00:00:00
PO-2025-02198,PO-002198,SUP-0024,FAC-US-01,WH-US-RAW-01,2025-07-22,2025-08-07,DELIVERED,9031.5,USD,2025-07-22T00:00:00
PO-2025-02199,PO-002199,SUP-0059,FAC-EU-01,WH-EU-RAW-01,2025-12-24,2026-02-27,DELIVERED,1415.64,USD,2025-12-24T00:00:00
PO-2025-02200,PO-002200,SUP-0100,FAC-MX-01,WH-MX-RAW-01,2025-10-09,2025-10-22,DELIVERED,57369.64,USD,2025-10-09T00:00:00
PO-2025-02201,PO-002201,SUP-0061,FAC-APAC-01,WH-APAC-RAW-01,2025-10-06,2025-10-22,DELIVERED,66461.73,USD,2025-10-06T00:00:00
PO-2025-02202,PO-002202,SUP-0074,FAC-MX-01,WH-MX-RAW-01,2026-03-12,2026-04-06,DELIVERED,46357.2,USD,2026-03-12T00:00:00
PO-2025-02203,PO-002203,SUP-0077,FAC-US-01,WH-US-RAW-01,2026-03-17,2026-04-06,DELIVERED,174970.61,USD,2026-03-17T00:00:00
PO-2025-02204,PO-002204,SUP-0064,FAC-APAC-01,WH-APAC-RAW-01,2026-03-24,2026-04-14,DELIVERED,240392.24,USD,2026-03-24T00:00:00
PO-2025-02205,PO-002205,SUP-0074,FAC-MX-01,WH-MX-RAW-01,2025-09-04,2025-09-28,OVERDUE,19827.84,USD,2025-09-04T00:00:00
PO-2025-02206,PO-002206,SUP-0118,FAC-US-01,WH-US-RAW-01,2026-01-01,2026-01-28,DELIVERED,13317.92,USD,2026-01-01T00:00:00
PO-2025-02207,PO-002207,SUP-0003,FAC-EU-01,WH-EU-RAW-01,2025-08-18,2025-09-09,DELIVERED,24261.2,USD,2025-08-18T00:00:00
PO-2025-02208,PO-002208,SUP-0108,FAC-EU-01,WH-EU-RAW-01,2025-07-11,2025-07-29,DELIVERED,211773.22,USD,2025-07-11T00:00:00
PO-2025-02209,PO-002209,SUP-0052,FAC-EU-01,WH-EU-RAW-01,2025-07-08,2025-08-04,DELIVERED,20366.51,USD,2025-07-08T00:00:00
PO-2025-02210,PO-002210,SUP-0089,FAC-EU-01,WH-EU-RAW-01,2025-09-15,2025-10-02,DELIVERED,109567.92,USD,2025-09-15T00:00:00
PO-2025-02211,PO-002211,SUP-0024,FAC-US-01,WH-US-RAW-01,2025-10-16,2025-11-01,DELIVERED,61505.65,USD,2025-10-16T00:00:00
PO-2025-02212,PO-002212,SUP-0003,FAC-APAC-01,WH-APAC-RAW-01,2026-02-17,2026-03-14,CANCELLED,5029.0,USD,2026-02-17T00:00:00
PO-2025-02213,PO-002213,SUP-0091,FAC-EU-01,WH-EU-RAW-01,2025-06-02,2025-06-16,DELIVERED,49250.85,USD,2025-06-02T00:00:00
PO-2025-02214,PO-002214,SUP-0004,FAC-US-01,WH-US-RAW-01,2026-01-14,2026-02-09,DELIVERED,72564.3,USD,2026-01-14T00:00:00
PO-2025-02215,PO-002215,SUP-0078,FAC-MX-01,WH-MX-RAW-01,2025-11-17,2025-12-08,DELIVERED,66382.49,USD,2025-11-17T00:00:00
PO-2025-02216,PO-002216,SUP-0043,FAC-EU-01,WH-EU-RAW-01,2025-08-24,2025-09-15,DELIVERED,20706.0,USD,2025-08-24T00:00:00
PO-2025-02217,PO-002217,SUP-0100,FAC-APAC-01,WH-APAC-RAW-01,2025-11-05,2025-11-20,DELIVERED,153691.47,USD,2025-11-05T00:00:00
PO-2025-02218,PO-002218,SUP-0048,FAC-EU-01,WH-EU-RAW-01,2025-08-29,2025-09-29,DELIVERED,34814.42,USD,2025-08-29T00:00:00
PO-2025-02219,PO-002219,SUP-0107,FAC-MX-01,WH-MX-RAW-01,2025-12-06,2025-12-18,DELIVERED,180164.79,USD,2025-12-06T00:00:00
PO-2025-02220,PO-002220,SUP-0100,FAC-APAC-01,WH-APAC-RAW-01,2025-10-17,2025-10-26,DELIVERED,54588.02,USD,2025-10-17T00:00:00
PO-2025-02221,PO-002221,SUP-0086,FAC-EU-01,WH-EU-RAW-01,2025-06-28,2025-07-08,DELIVERED,2401.6,USD,2025-06-28T00:00:00
PO-2025-02222,PO-002222,SUP-0006,FAC-US-01,WH-US-RAW-01,2025-05-31,2025-06-12,DELIVERED,41207.76,USD,2025-05-31T00:00:00
PO-2025-02223,PO-002223,SUP-0047,FAC-EU-01,WH-EU-RAW-01,2025-11-21,2025-12-07,DELIVERED,40538.52,USD,2025-11-21T00:00:00
PO-2025-02224,PO-002224,SUP-0075,FAC-EU-01,WH-EU-RAW-01,2026-03-21,2026-04-15,DELIVERED,4008.9,USD,2026-03-21T00:00:00
PO-2025-02225,PO-002225,SUP-0032,FAC-US-01,WH-US-RAW-01,2025-09-15,2025-10-14,DELIVERED,1062407.6,USD,2025-09-15T00:00:00
PO-2025-02226,PO-002226,SUP-0085,FAC-MX-01,WH-MX-RAW-01,2026-01-14,2026-01-24,DELIVERED,214108.77,USD,2026-01-14T00:00:00
PO-2025-02227,PO-002227,SUP-0069,FAC-EU-01,WH-EU-RAW-01,2025-12-23,2026-01-14,DELIVERED,19436.0,USD,2025-12-23T00:00:00
PO-2025-02228,PO-002228,SUP-0009,FAC-MX-01,WH-MX-RAW-01,2026-04-06,2026-06-01,IN_TRANSIT,75608.73,USD,2026-04-06T00:00:00
PO-2025-02229,PO-002229,SUP-0113,FAC-APAC-01,WH-APAC-RAW-01,2026-02-13,2026-03-07,DELIVERED,44555.72,USD,2026-02-13T00:00:00
PO-2025-02230,PO-002230,SUP-0096,FAC-APAC-01,WH-APAC-RAW-01,2025-11-27,2025-12-11,DELIVERED,112927.84,USD,2025-11-27T00:00:00
PO-2025-02231,PO-002231,SUP-0096,FAC-APAC-01,WH-APAC-RAW-01,2025-12-23,2026-01-12,DELIVERED,4976.92,USD,2025-12-23T00:00:00
PO-2025-02232,PO-002232,SUP-0086,FAC-EU-01,WH-EU-RAW-01,2026-03-19,2026-03-31,DELIVERED,22686.12,USD,2026-03-19T00:00:00
PO-2025-02233,PO-002233,SUP-0044,FAC-MX-01,WH-MX-RAW-01,2025-10-05,2025-11-28,DELIVERED,88727.89,USD,2025-10-05T00:00:00
PO-2025-02234,PO-002234,SUP-0094,FAC-MX-01,WH-MX-RAW-01,2025-09-09,2025-09-21,DELIVERED,104127.61,USD,2025-09-09T00:00:00
PO-2025-02235,PO-002235,SUP-0003,FAC-APAC-01,WH-APAC-RAW-01,2025-02-15,2025-03-05,DELIVERED,998.3,USD,2025-02-15T00:00:00
PO-2025-02236,PO-002236,SUP-0109,FAC-APAC-01,WH-APAC-RAW-01,2026-02-15,2026-03-02,DELIVERED,844.16,USD,2026-02-15T00:00:00
PO-2025-02237,PO-002237,SUP-0112,FAC-APAC-01,WH-APAC-RAW-01,2026-02-06,2026-02-19,DELIVERED,29655.0,USD,2026-02-06T00:00:00
PO-2025-02238,PO-002238,SUP-0047,FAC-US-01,WH-US-RAW-01,2025-05-23,2025-06-08,DELIVERED,59141.19,USD,2025-05-23T00:00:00
PO-2025-02239,PO-002239,SUP-0096,FAC-MX-01,WH-MX-RAW-01,2025-11-30,2025-12-16,DELIVERED,29677.62,USD,2025-11-30T00:00:00
PO-2025-02240,PO-002240,SUP-0081,FAC-MX-01,WH-MX-RAW-01,2025-10-27,2025-11-30,DELIVERED,9684.82,USD,2025-10-27T00:00:00
PO-2025-02241,PO-002241,SUP-0048,FAC-MX-01,WH-MX-RAW-01,2025-06-01,2025-07-01,DELIVERED,3719.6,USD,2025-06-01T00:00:00
PO-2025-02242,PO-002242,SUP-0006,FAC-MX-01,WH-MX-RAW-01,2026-05-16,2026-05-26,PENDING,1352.66,USD,2026-05-16T00:00:00
PO-2025-02243,PO-002243,SUP-0082,FAC-EU-01,WH-EU-RAW-01,2025-07-23,2025-09-26,DELIVERED,10976.32,USD,2025-07-23T00:00:00
PO-2025-02244,PO-002244,SUP-0077,FAC-US-01,WH-US-RAW-01,2025-04-24,2025-05-17,DELIVERED,25008.36,USD,2025-04-24T00:00:00
PO-2025-02245,PO-002245,SUP-0117,FAC-EU-01,WH-EU-RAW-01,2025-12-05,2026-01-04,DELIVERED,101528.23,USD,2025-12-05T00:00:00
PO-2025-02246,PO-002246,SUP-0095,FAC-APAC-01,WH-APAC-RAW-01,2026-01-16,2026-01-28,DELIVERED,10606.86,USD,2026-01-16T00:00:00
PO-2025-02247,PO-002247,SUP-0082,FAC-US-01,WH-US-RAW-01,2025-03-21,2025-05-28,DELIVERED,141324.25,USD,2025-03-21T00:00:00
PO-2025-02248,PO-002248,SUP-0067,FAC-EU-01,WH-EU-RAW-01,2025-12-23,2026-01-16,DELIVERED,29698.9,USD,2025-12-23T00:00:00
PO-2025-02249,PO-002249,SUP-0062,FAC-EU-01,WH-EU-RAW-01,2025-11-17,2025-12-20,DELIVERED,54496.2,USD,2025-11-17T00:00:00
PO-2025-02250,PO-002250,SUP-0013,FAC-APAC-01,WH-APAC-RAW-01,2025-05-22,2025-06-10,DELIVERED,97755.16,USD,2025-05-22T00:00:00
PO-2025-02251,PO-002251,SUP-0084,FAC-EU-01,WH-EU-RAW-01,2025-07-02,2025-07-27,DELIVERED,21862.4,USD,2025-07-02T00:00:00
PO-2025-02252,PO-002252,SUP-0059,FAC-APAC-01,WH-APAC-RAW-01,2025-11-28,2026-01-31,CANCELLED,15825.93,USD,2025-11-28T00:00:00
PO-2025-02253,PO-002253,SUP-0019,FAC-MX-01,WH-MX-RAW-01,2025-08-28,2025-09-18,DELIVERED,75041.91,USD,2025-08-28T00:00:00
PO-2025-02254,PO-002254,SUP-0076,FAC-EU-01,WH-EU-RAW-01,2026-04-10,2026-05-17,IN_TRANSIT,15698.88,USD,2026-04-10T00:00:00
PO-2025-02255,PO-002255,SUP-0070,FAC-MX-01,WH-MX-RAW-01,2026-02-12,2026-04-06,DELIVERED,515548.48,USD,2026-02-12T00:00:00
PO-2025-02256,PO-002256,SUP-0078,FAC-EU-01,WH-EU-RAW-01,2026-05-19,2026-06-10,PENDING,3457.04,USD,2026-05-19T00:00:00
PO-2025-02257,PO-002257,SUP-0096,FAC-MX-01,WH-MX-RAW-01,2025-08-12,2025-08-27,DELIVERED,16704.24,USD,2025-08-12T00:00:00
PO-2025-02258,PO-002258,SUP-0052,FAC-EU-01,WH-EU-RAW-01,2026-05-04,2026-06-04,PENDING,12568.38,USD,2026-05-04T00:00:00
PO-2025-02259,PO-002259,SUP-0084,FAC-EU-01,WH-EU-RAW-01,2025-10-16,2025-11-11,DELIVERED,37296.55,USD,2025-10-16T00:00:00
PO-2025-02260,PO-002260,SUP-0006,FAC-MX-01,WH-MX-RAW-01,2025-09-17,2025-10-02,DELIVERED,22717.83,USD,2025-09-17T00:00:00
PO-2025-02261,PO-002261,SUP-0083,FAC-MX-01,WH-MX-RAW-01,2025-04-09,2025-05-09,DELIVERED,17190.8,USD,2025-04-09T00:00:00
PO-2025-02262,PO-002262,SUP-0082,FAC-EU-01,WH-EU-RAW-01,2025-04-11,2025-06-19,CANCELLED,61047.52,USD,2025-04-11T00:00:00
PO-2025-02263,PO-002263,SUP-0068,FAC-APAC-01,WH-APAC-RAW-01,2026-01-02,2026-01-26,DELIVERED,31198.51,USD,2026-01-02T00:00:00
PO-2025-02264,PO-002264,SUP-0044,FAC-EU-01,WH-EU-RAW-01,2025-10-25,2025-12-19,DELIVERED,19446.69,USD,2025-10-25T00:00:00
PO-2025-02265,PO-002265,SUP-0089,FAC-US-01,WH-US-RAW-01,2025-07-29,2025-08-18,DELIVERED,7196.8,USD,2025-07-29T00:00:00
PO-2025-02266,PO-002266,SUP-0009,FAC-US-01,WH-US-RAW-01,2025-12-11,2026-01-30,DELIVERED,20887.68,USD,2025-12-11T00:00:00
PO-2025-02267,PO-002267,SUP-0045,FAC-MX-01,WH-MX-RAW-01,2025-08-09,2025-08-24,CANCELLED,15311.85,USD,2025-08-09T00:00:00
PO-2025-02268,PO-002268,SUP-0083,FAC-EU-01,WH-EU-RAW-01,2025-11-30,2026-01-03,DELIVERED,42744.9,USD,2025-11-30T00:00:00
PO-2025-02269,PO-002269,SUP-0005,FAC-US-01,WH-US-RAW-01,2025-09-21,2025-10-10,DELIVERED,72758.61,USD,2025-09-21T00:00:00
PO-2025-02270,PO-002270,SUP-0029,FAC-APAC-01,WH-APAC-RAW-01,2026-02-14,2026-03-16,DELIVERED,5441.96,USD,2026-02-14T00:00:00
PO-2025-02271,PO-002271,SUP-0105,FAC-APAC-01,WH-APAC-RAW-01,2026-02-13,2026-03-07,DELIVERED,174169.13,USD,2026-02-13T00:00:00
PO-2025-02272,PO-002272,SUP-0099,FAC-MX-01,WH-MX-RAW-01,2025-10-31,2025-11-09,DELIVERED,912363.7,USD,2025-10-31T00:00:00
PO-2025-02273,PO-002273,SUP-0001,FAC-US-01,WH-US-RAW-01,2025-09-18,2025-11-18,DELIVERED,75729.14,USD,2025-09-18T00:00:00
PO-2025-02274,PO-002274,SUP-0052,FAC-EU-01,WH-EU-RAW-01,2025-09-22,2025-10-23,DELIVERED,114992.76,USD,2025-09-22T00:00:00
PO-2025-02275,PO-002275,SUP-0116,FAC-EU-01,WH-EU-RAW-01,2026-02-07,2026-02-20,DELIVERED,382938.5,USD,2026-02-07T00:00:00
PO-2025-02276,PO-002276,SUP-0049,FAC-EU-01,WH-EU-RAW-01,2025-09-09,2025-09-28,DELIVERED,6757.68,USD,2025-09-09T00:00:00
PO-2025-02277,PO-002277,SUP-0119,FAC-MX-01,WH-MX-RAW-01,2025-07-20,2025-08-22,DELIVERED,321402.2,USD,2025-07-20T00:00:00
PO-2025-02278,PO-002278,SUP-0095,FAC-EU-01,WH-EU-RAW-01,2025-05-08,2025-05-24,DELIVERED,13381.83,USD,2025-05-08T00:00:00
PO-2025-02279,PO-002279,SUP-0099,FAC-EU-01,WH-EU-RAW-01,2025-10-28,2025-11-07,DELIVERED,12390.6,USD,2025-10-28T00:00:00
PO-2025-02280,PO-002280,SUP-0043,FAC-MX-01,WH-MX-RAW-01,2025-11-02,2025-11-25,DELIVERED,9021.9,USD,2025-11-02T00:00:00
PO-2025-02281,PO-002281,SUP-0091,FAC-MX-01,WH-MX-RAW-01,2026-02-21,2026-03-10,DELIVERED,954.84,USD,2026-02-21T00:00:00
PO-2025-02282,PO-002282,SUP-0089,FAC-EU-01,WH-EU-RAW-01,2025-07-26,2025-08-16,DELIVERED,41979.89,USD,2025-07-26T00:00:00
PO-2025-02283,PO-002283,SUP-0104,FAC-US-01,WH-US-RAW-01,2025-09-29,2025-10-29,DELIVERED,5349.44,USD,2025-09-29T00:00:00
PO-2025-02284,PO-002284,SUP-0088,FAC-US-01,WH-US-RAW-01,2026-02-08,2026-03-02,DELIVERED,547963.46,USD,2026-02-08T00:00:00
PO-2025-02285,PO-002285,SUP-0046,FAC-US-01,WH-US-RAW-01,2026-02-14,2026-03-12,DELIVERED,230077.51,USD,2026-02-14T00:00:00
PO-2025-02286,PO-002286,SUP-0062,FAC-MX-01,WH-MX-RAW-01,2025-09-30,2025-11-06,DELIVERED,23749.62,USD,2025-09-30T00:00:00
PO-2025-02287,PO-002287,SUP-0085,FAC-MX-01,WH-MX-RAW-01,2025-10-25,2025-11-04,DELIVERED,12206.56,USD,2025-10-25T00:00:00
PO-2025-02288,PO-002288,SUP-0084,FAC-US-01,WH-US-RAW-01,2025-08-30,2025-09-23,DELIVERED,41858.68,USD,2025-08-30T00:00:00
PO-2025-02289,PO-002289,SUP-0107,FAC-US-01,WH-US-RAW-01,2026-04-07,2026-04-25,IN_TRANSIT,181569.6,USD,2026-04-07T00:00:00
PO-2025-02290,PO-002290,SUP-0048,FAC-US-01,WH-US-RAW-01,2025-06-01,2025-07-02,OVERDUE,1127.93,USD,2025-06-01T00:00:00
PO-2025-02291,PO-002291,SUP-0062,FAC-US-01,WH-US-RAW-01,2026-04-08,2026-05-10,IN_TRANSIT,15797.21,USD,2026-04-08T00:00:00
PO-2025-02292,PO-002292,SUP-0056,FAC-MX-01,WH-MX-RAW-01,2025-12-30,2026-01-21,DELIVERED,53926.6,USD,2025-12-30T00:00:00
PO-2025-02293,PO-002293,SUP-0041,FAC-MX-01,WH-MX-RAW-01,2025-11-17,2025-12-04,DELIVERED,43622.44,USD,2025-11-17T00:00:00
PO-2025-02294,PO-002294,SUP-0039,FAC-EU-01,WH-EU-RAW-01,2025-03-21,2025-04-20,DELIVERED,5702.84,USD,2025-03-21T00:00:00
PO-2025-02295,PO-002295,SUP-0030,FAC-US-01,WH-US-RAW-01,2025-10-31,2025-12-04,DELIVERED,5661.59,USD,2025-10-31T00:00:00
PO-2025-02296,PO-002296,SUP-0062,FAC-APAC-01,WH-APAC-RAW-01,2025-10-08,2025-11-08,DELIVERED,38516.22,USD,2025-10-08T00:00:00
PO-2025-02297,PO-002297,SUP-0012,FAC-MX-01,WH-MX-RAW-01,2025-06-26,2025-07-13,DELIVERED,10261.6,USD,2025-06-26T00:00:00
PO-2025-02298,PO-002298,SUP-0110,FAC-APAC-01,WH-APAC-RAW-01,2025-12-23,2026-01-04,DELIVERED,11069.44,USD,2025-12-23T00:00:00
PO-2025-02299,PO-002299,SUP-0061,FAC-MX-01,WH-MX-RAW-01,2026-05-06,2026-05-20,PENDING,91327.25,USD,2026-05-06T00:00:00
PO-2025-02300,PO-002300,SUP-0044,FAC-US-01,WH-US-RAW-01,2025-11-26,2026-01-23,DELIVERED,6112.5,USD,2025-11-26T00:00:00
PO-2025-02301,PO-002301,SUP-0051,FAC-US-01,WH-US-RAW-01,2026-01-08,2026-01-30,OVERDUE,15246.97,USD,2026-01-08T00:00:00
PO-2025-02302,PO-002302,SUP-0095,FAC-EU-01,WH-EU-RAW-01,2025-04-25,2025-05-06,DELIVERED,208618.63,USD,2025-04-25T00:00:00
PO-2025-02303,PO-002303,SUP-0004,FAC-MX-01,WH-MX-RAW-01,2025-10-11,2025-11-08,DELIVERED,524810.97,USD,2025-10-11T00:00:00
PO-2025-02304,PO-002304,SUP-0055,FAC-MX-01,WH-MX-RAW-01,2025-05-30,2025-06-15,DELIVERED,1298681.06,USD,2025-05-30T00:00:00
PO-2025-02305,PO-002305,SUP-0093,FAC-APAC-01,WH-APAC-RAW-01,2025-12-10,2026-01-25,DELIVERED,574.43,USD,2025-12-10T00:00:00
PO-2025-02306,PO-002306,SUP-0004,FAC-EU-01,WH-EU-RAW-01,2026-04-11,2026-05-13,IN_TRANSIT,1979.04,USD,2026-04-11T00:00:00
PO-2025-02307,PO-002307,SUP-0004,FAC-US-01,WH-US-RAW-01,2025-12-24,2026-01-19,DELIVERED,219536.03,USD,2025-12-24T00:00:00
PO-2025-02308,PO-002308,SUP-0008,FAC-MX-01,WH-MX-RAW-01,2025-05-02,2025-06-02,DELIVERED,129068.98,USD,2025-05-02T00:00:00
PO-2025-02309,PO-002309,SUP-0107,FAC-APAC-01,WH-APAC-RAW-01,2025-09-19,2025-10-01,DELIVERED,54451.5,USD,2025-09-19T00:00:00
PO-2025-02310,PO-002310,SUP-0101,FAC-US-01,WH-US-RAW-01,2025-11-23,2025-12-22,DELIVERED,17818.52,USD,2025-11-23T00:00:00
PO-2025-02311,PO-002311,SUP-0109,FAC-EU-01,WH-EU-RAW-01,2025-10-07,2025-10-25,DELIVERED,243618.45,USD,2025-10-07T00:00:00
PO-2025-02312,PO-002312,SUP-0004,FAC-US-01,WH-US-RAW-01,2026-02-18,2026-03-20,DELIVERED,69453.11,USD,2026-02-18T00:00:00
PO-2025-02313,PO-002313,SUP-0077,FAC-MX-01,WH-MX-RAW-01,2026-02-11,2026-03-05,DELIVERED,23464.32,USD,2026-02-11T00:00:00
PO-2025-02314,PO-002314,SUP-0043,FAC-APAC-01,WH-APAC-RAW-01,2025-12-10,2026-01-08,DELIVERED,7936.82,USD,2025-12-10T00:00:00
PO-2025-02315,PO-002315,SUP-0054,FAC-EU-01,WH-EU-RAW-01,2025-09-26,2025-10-20,DELIVERED,894923.81,USD,2025-09-26T00:00:00
PO-2025-02316,PO-002316,SUP-0113,FAC-MX-01,WH-MX-RAW-01,2025-08-11,2025-09-01,DELIVERED,2476.17,USD,2025-08-11T00:00:00
PO-2025-02317,PO-002317,SUP-0114,FAC-EU-01,WH-EU-RAW-01,2025-05-23,2025-06-14,CANCELLED,1358.76,USD,2025-05-23T00:00:00
PO-2025-02318,PO-002318,SUP-0079,FAC-EU-01,WH-EU-RAW-01,2025-09-19,2025-10-19,DELIVERED,87506.07,USD,2025-09-19T00:00:00
PO-2025-02319,PO-002319,SUP-0097,FAC-MX-01,WH-MX-RAW-01,2025-10-10,2025-11-17,DELIVERED,112017.99,USD,2025-10-10T00:00:00
PO-2025-02320,PO-002320,SUP-0023,FAC-MX-01,WH-MX-RAW-01,2025-12-28,2026-01-13,DELIVERED,431.6,USD,2025-12-28T00:00:00
PO-2025-02321,PO-002321,SUP-0093,FAC-MX-01,WH-MX-RAW-01,2025-12-23,2026-02-04,DELIVERED,18284.95,USD,2025-12-23T00:00:00
PO-2025-02322,PO-002322,SUP-0062,FAC-APAC-01,WH-APAC-RAW-01,2025-04-27,2025-05-30,DELIVERED,59881.0,USD,2025-04-27T00:00:00
PO-2025-02323,PO-002323,SUP-0025,FAC-APAC-01,WH-APAC-RAW-01,2025-10-04,2025-10-16,OVERDUE,1790.62,USD,2025-10-04T00:00:00
PO-2025-02324,PO-002324,SUP-0041,FAC-APAC-01,WH-APAC-RAW-01,2025-07-07,2025-07-26,DELIVERED,13904.24,USD,2025-07-07T00:00:00
PO-2025-02325,PO-002325,SUP-0029,FAC-APAC-01,WH-APAC-RAW-01,2025-06-23,2025-07-25,DELIVERED,34531.02,USD,2025-06-23T00:00:00
PO-2025-02326,PO-002326,SUP-0059,FAC-APAC-01,WH-APAC-RAW-01,2026-02-16,2026-04-21,IN_TRANSIT,1295.16,USD,2026-02-16T00:00:00
PO-2025-02327,PO-002327,SUP-0097,FAC-APAC-01,WH-APAC-RAW-01,2025-03-31,2025-05-03,DELIVERED,3369.78,USD,2025-03-31T00:00:00
PO-2025-02328,PO-002328,SUP-0009,FAC-US-01,WH-US-RAW-01,2025-10-12,2025-12-02,OVERDUE,149592.78,USD,2025-10-12T00:00:00
PO-2025-02329,PO-002329,SUP-0114,FAC-US-01,WH-US-RAW-01,2025-06-30,2025-07-19,OVERDUE,275679.46,USD,2025-06-30T00:00:00
PO-2025-02330,PO-002330,SUP-0007,FAC-MX-01,WH-MX-RAW-01,2026-03-09,2026-04-05,DELIVERED,25841.28,USD,2026-03-09T00:00:00
PO-2025-02331,PO-002331,SUP-0117,FAC-US-01,WH-US-RAW-01,2025-11-24,2025-12-21,DELIVERED,25163.5,USD,2025-11-24T00:00:00
PO-2025-02332,PO-002332,SUP-0061,FAC-EU-01,WH-EU-RAW-01,2025-07-31,2025-08-13,DELIVERED,64940.94,USD,2025-07-31T00:00:00
PO-2025-02333,PO-002333,SUP-0083,FAC-US-01,WH-US-RAW-01,2025-11-08,2025-12-05,DELIVERED,8001.19,USD,2025-11-08T00:00:00
PO-2025-02334,PO-002334,SUP-0019,FAC-APAC-01,WH-APAC-RAW-01,2026-01-13,2026-02-04,DELIVERED,16788.21,USD,2026-01-13T00:00:00
PO-2025-02335,PO-002335,SUP-0055,FAC-MX-01,WH-MX-RAW-01,2026-04-25,2026-05-17,PENDING,208202.54,USD,2026-04-25T00:00:00
PO-2025-02336,PO-002336,SUP-0119,FAC-EU-01,WH-EU-RAW-01,2025-07-26,2025-08-27,DELIVERED,250165.51,USD,2025-07-26T00:00:00
PO-2025-02337,PO-002337,SUP-0063,FAC-APAC-01,WH-APAC-RAW-01,2026-03-13,2026-04-14,DELIVERED,2867.48,USD,2026-03-13T00:00:00
PO-2025-02338,PO-002338,SUP-0058,FAC-EU-01,WH-EU-RAW-01,2026-04-08,2026-05-02,IN_TRANSIT,99125.73,USD,2026-04-08T00:00:00
PO-2025-02339,PO-002339,SUP-0044,FAC-APAC-01,WH-APAC-RAW-01,2026-03-28,2026-05-24,IN_TRANSIT,54634.26,USD,2026-03-28T00:00:00
PO-2025-02340,PO-002340,SUP-0118,FAC-MX-01,WH-MX-RAW-01,2025-12-17,2026-01-15,DELIVERED,5973.66,USD,2025-12-17T00:00:00
PO-2025-02341,PO-002341,SUP-0099,FAC-MX-01,WH-MX-RAW-01,2025-12-15,2025-12-30,DELIVERED,6884.06,USD,2025-12-15T00:00:00
PO-2025-02342,PO-002342,SUP-0107,FAC-APAC-01,WH-APAC-RAW-01,2025-10-07,2025-10-24,DELIVERED,555031.39,USD,2025-10-07T00:00:00
PO-2025-02343,PO-002343,SUP-0004,FAC-EU-01,WH-EU-RAW-01,2026-01-20,2026-02-21,DELIVERED,51047.51,USD,2026-01-20T00:00:00
PO-2025-02344,PO-002344,SUP-0100,FAC-US-01,WH-US-RAW-01,2025-11-17,2025-12-02,DELIVERED,47267.4,USD,2025-11-17T00:00:00
PO-2025-02345,PO-002345,SUP-0057,FAC-EU-01,WH-EU-RAW-01,2025-12-28,2026-01-12,DELIVERED,30067.5,USD,2025-12-28T00:00:00
PO-2025-02346,PO-002346,SUP-0029,FAC-APAC-01,WH-APAC-RAW-01,2025-10-15,2025-11-17,DELIVERED,141803.51,USD,2025-10-15T00:00:00
PO-2025-02347,PO-002347,SUP-0019,FAC-MX-01,WH-MX-RAW-01,2026-01-13,2026-02-01,DELIVERED,258.3,USD,2026-01-13T00:00:00
PO-2025-02348,PO-002348,SUP-0112,FAC-US-01,WH-US-RAW-01,2026-02-14,2026-02-27,DELIVERED,12616.0,USD,2026-02-14T00:00:00
PO-2025-02349,PO-002349,SUP-0009,FAC-APAC-01,WH-APAC-RAW-01,2025-06-18,2025-08-14,DELIVERED,17429.75,USD,2025-06-18T00:00:00
PO-2025-02350,PO-002350,SUP-0083,FAC-US-01,WH-US-RAW-01,2026-02-18,2026-03-17,DELIVERED,84275.03,USD,2026-02-18T00:00:00
PO-2025-02351,PO-002351,SUP-0037,FAC-MX-01,WH-MX-RAW-01,2025-11-19,2025-12-14,DELIVERED,3229.2,USD,2025-11-19T00:00:00
PO-2025-02352,PO-002352,SUP-0028,FAC-MX-01,WH-MX-RAW-01,2026-02-22,2026-03-18,DELIVERED,12674.52,USD,2026-02-22T00:00:00
PO-2025-02353,PO-002353,SUP-0033,FAC-MX-01,WH-MX-RAW-01,2025-10-16,2025-10-29,CANCELLED,79037.73,USD,2025-10-16T00:00:00
PO-2025-02354,PO-002354,SUP-0090,FAC-MX-01,WH-MX-RAW-01,2025-09-28,2025-10-25,CANCELLED,75213.1,USD,2025-09-28T00:00:00
PO-2025-02355,PO-002355,SUP-0052,FAC-US-01,WH-US-RAW-01,2026-03-28,2026-04-24,IN_TRANSIT,20901.8,USD,2026-03-28T00:00:00
PO-2025-02356,PO-002356,SUP-0091,FAC-EU-01,WH-EU-RAW-01,2025-08-09,2025-08-27,DELIVERED,2760.75,USD,2025-08-09T00:00:00
PO-2025-02357,PO-002357,SUP-0060,FAC-APAC-01,WH-APAC-RAW-01,2026-02-22,2026-03-26,DELIVERED,7013.76,USD,2026-02-22T00:00:00
PO-2025-02358,PO-002358,SUP-0079,FAC-EU-01,WH-EU-RAW-01,2025-11-02,2025-12-02,DELIVERED,4429.44,USD,2025-11-02T00:00:00
PO-2025-02359,PO-002359,SUP-0044,FAC-APAC-01,WH-APAC-RAW-01,2025-11-12,2026-01-03,DELIVERED,3483.81,USD,2025-11-12T00:00:00
PO-2025-02360,PO-002360,SUP-0013,FAC-MX-01,WH-MX-RAW-01,2025-09-02,2025-09-18,DELIVERED,185938.24,USD,2025-09-02T00:00:00
PO-2025-02361,PO-002361,SUP-0015,FAC-EU-01,WH-EU-RAW-01,2025-11-29,2026-01-26,DELIVERED,11805.38,USD,2025-11-29T00:00:00
PO-2025-02362,PO-002362,SUP-0109,FAC-APAC-01,WH-APAC-RAW-01,2025-09-08,2025-09-28,DELIVERED,6926.4,USD,2025-09-08T00:00:00
PO-2025-02363,PO-002363,SUP-0076,FAC-EU-01,WH-EU-RAW-01,2025-03-29,2025-05-01,OVERDUE,72544.33,USD,2025-03-29T00:00:00
PO-2025-02364,PO-002364,SUP-0120,FAC-MX-01,WH-MX-RAW-01,2025-08-18,2025-09-16,DELIVERED,14014.98,USD,2025-08-18T00:00:00
PO-2025-02365,PO-002365,SUP-0019,FAC-APAC-01,WH-APAC-RAW-01,2025-02-05,2025-02-23,DELIVERED,259919.22,USD,2025-02-05T00:00:00
PO-2025-02366,PO-002366,SUP-0021,FAC-EU-01,WH-EU-RAW-01,2026-05-13,2026-06-13,PENDING,7239.57,USD,2026-05-13T00:00:00
PO-2025-02367,PO-002367,SUP-0021,FAC-US-01,WH-US-RAW-01,2026-05-01,2026-05-28,PENDING,43315.86,USD,2026-05-01T00:00:00
PO-2025-02368,PO-002368,SUP-0109,FAC-EU-01,WH-EU-RAW-01,2025-10-04,2025-10-24,DELIVERED,25819.48,USD,2025-10-04T00:00:00
PO-2025-02369,PO-002369,SUP-0109,FAC-APAC-01,WH-APAC-RAW-01,2026-01-12,2026-01-28,DELIVERED,1438.78,USD,2026-01-12T00:00:00
PO-2025-02370,PO-002370,SUP-0023,FAC-US-01,WH-US-RAW-01,2025-09-16,2025-10-01,DELIVERED,33054.82,USD,2025-09-16T00:00:00
PO-2025-02371,PO-002371,SUP-0049,FAC-APAC-01,WH-APAC-RAW-01,2025-12-27,2026-01-12,DELIVERED,715209.75,USD,2025-12-27T00:00:00
PO-2025-02372,PO-002372,SUP-0061,FAC-US-01,WH-US-RAW-01,2026-02-07,2026-02-22,DELIVERED,17779.06,USD,2026-02-07T00:00:00
PO-2025-02373,PO-002373,SUP-0013,FAC-APAC-01,WH-APAC-RAW-01,2026-04-16,2026-05-09,PENDING,40009.2,USD,2026-04-16T00:00:00
PO-2025-02374,PO-002374,SUP-0093,FAC-MX-01,WH-MX-RAW-01,2025-10-05,2025-11-22,DELIVERED,12390.33,USD,2025-10-05T00:00:00
PO-2025-02375,PO-002375,SUP-0070,FAC-APAC-01,WH-APAC-RAW-01,2026-01-30,2026-03-22,DELIVERED,27091.08,USD,2026-01-30T00:00:00
PO-2025-02376,PO-002376,SUP-0070,FAC-EU-01,WH-EU-RAW-01,2025-08-15,2025-10-10,DELIVERED,261300.03,USD,2025-08-15T00:00:00
PO-2025-02377,PO-002377,SUP-0007,FAC-APAC-01,WH-APAC-RAW-01,2026-05-29,2026-06-18,PENDING,6173.94,USD,2026-05-29T00:00:00
PO-2025-02378,PO-002378,SUP-0097,FAC-US-01,WH-US-RAW-01,2025-03-12,2025-04-17,DELIVERED,55453.31,USD,2025-03-12T00:00:00
PO-2025-02379,PO-002379,SUP-0048,FAC-APAC-01,WH-APAC-RAW-01,2025-12-08,2026-01-05,DELIVERED,105519.24,USD,2025-12-08T00:00:00
PO-2025-02380,PO-002380,SUP-0048,FAC-MX-01,WH-MX-RAW-01,2025-12-23,2026-01-20,DELIVERED,32817.08,USD,2025-12-23T00:00:00
PO-2025-02381,PO-002381,SUP-0106,FAC-MX-01,WH-MX-RAW-01,2025-12-31,2026-02-04,DELIVERED,80728.83,USD,2025-12-31T00:00:00
PO-2025-02382,PO-002382,SUP-0061,FAC-US-01,WH-US-RAW-01,2025-06-02,2025-06-20,DELIVERED,130543.63,USD,2025-06-02T00:00:00
PO-2025-02383,PO-002383,SUP-0098,FAC-US-01,WH-US-RAW-01,2026-04-11,2026-05-07,IN_TRANSIT,1981.2,USD,2026-04-11T00:00:00
PO-2025-02384,PO-002384,SUP-0058,FAC-MX-01,WH-MX-RAW-01,2025-07-07,2025-08-02,OVERDUE,284403.93,USD,2025-07-07T00:00:00
PO-2025-02385,PO-002385,SUP-0019,FAC-EU-01,WH-EU-RAW-01,2025-12-13,2025-12-30,DELIVERED,145523.68,USD,2025-12-13T00:00:00
PO-2025-02386,PO-002386,SUP-0070,FAC-APAC-01,WH-APAC-RAW-01,2025-07-27,2025-09-19,DELIVERED,14191.2,USD,2025-07-27T00:00:00
PO-2025-02387,PO-002387,SUP-0086,FAC-EU-01,WH-EU-RAW-01,2025-09-01,2025-09-11,DELIVERED,11379.24,USD,2025-09-01T00:00:00
PO-2025-02388,PO-002388,SUP-0091,FAC-MX-01,WH-MX-RAW-01,2025-11-21,2025-12-05,DELIVERED,1230.03,USD,2025-11-21T00:00:00
PO-2025-02389,PO-002389,SUP-0096,FAC-MX-01,WH-MX-RAW-01,2025-10-11,2025-10-31,OVERDUE,175797.95,USD,2025-10-11T00:00:00
PO-2025-02390,PO-002390,SUP-0043,FAC-APAC-01,WH-APAC-RAW-01,2025-06-25,2025-07-21,OVERDUE,13269.85,USD,2025-06-25T00:00:00
PO-2025-02391,PO-002391,SUP-0056,FAC-MX-01,WH-MX-RAW-01,2025-07-01,2025-07-22,DELIVERED,44343.04,USD,2025-07-01T00:00:00
PO-2025-02392,PO-002392,SUP-0107,FAC-APAC-01,WH-APAC-RAW-01,2025-10-12,2025-10-31,DELIVERED,116776.22,USD,2025-10-12T00:00:00
PO-2025-02393,PO-002393,SUP-0041,FAC-APAC-01,WH-APAC-RAW-01,2026-01-22,2026-02-15,DELIVERED,950.48,USD,2026-01-22T00:00:00
PO-2025-02394,PO-002394,SUP-0095,FAC-APAC-01,WH-APAC-RAW-01,2026-03-19,2026-04-06,OVERDUE,61800.53,USD,2026-03-19T00:00:00
PO-2025-02395,PO-002395,SUP-0107,FAC-EU-01,WH-EU-RAW-01,2025-05-08,2025-05-20,DELIVERED,170570.99,USD,2025-05-08T00:00:00
PO-2025-02396,PO-002396,SUP-0093,FAC-MX-01,WH-MX-RAW-01,2025-10-03,2025-11-18,OVERDUE,76728.08,USD,2025-10-03T00:00:00
PO-2025-02397,PO-002397,SUP-0078,FAC-APAC-01,WH-APAC-RAW-01,2025-05-20,2025-06-06,DELIVERED,45093.22,USD,2025-05-20T00:00:00
PO-2025-02398,PO-002398,SUP-0097,FAC-EU-01,WH-EU-RAW-01,2025-02-26,2025-04-01,DELIVERED,2269.8,USD,2025-02-26T00:00:00
PO-2025-02399,PO-002399,SUP-0076,FAC-EU-01,WH-EU-RAW-01,2025-12-24,2026-01-27,DELIVERED,49625.95,USD,2025-12-24T00:00:00
PO-2025-02400,PO-002400,SUP-0025,FAC-US-01,WH-US-RAW-01,2025-12-08,2025-12-21,DELIVERED,6769.3,USD,2025-12-08T00:00:00
PO-2025-02401,PO-002401,SUP-0037,FAC-US-01,WH-US-RAW-01,2025-06-27,2025-07-22,DELIVERED,6886.68,USD,2025-06-27T00:00:00
PO-2025-02402,PO-002402,SUP-0074,FAC-MX-01,WH-MX-RAW-01,2025-08-01,2025-08-26,DELIVERED,471170.95,USD,2025-08-01T00:00:00
PO-2025-02403,PO-002403,SUP-0019,FAC-MX-01,WH-MX-RAW-01,2025-03-09,2025-03-28,DELIVERED,253751.4,USD,2025-03-09T00:00:00
PO-2025-02404,PO-002404,SUP-0039,FAC-MX-01,WH-MX-RAW-01,2026-02-19,2026-03-16,DELIVERED,69230.71,USD,2026-02-19T00:00:00
PO-2025-02405,PO-002405,SUP-0021,FAC-US-01,WH-US-RAW-01,2026-05-09,2026-06-09,PENDING,16321.83,USD,2026-05-09T00:00:00
PO-2025-02406,PO-002406,SUP-0099,FAC-US-01,WH-US-RAW-01,2025-06-11,2025-06-21,DELIVERED,3112.69,USD,2025-06-11T00:00:00
PO-2025-02407,PO-002407,SUP-0072,FAC-APAC-01,WH-APAC-RAW-01,2025-07-31,2025-09-20,DELIVERED,55537.91,USD,2025-07-31T00:00:00
PO-2025-02408,PO-002408,SUP-0080,FAC-MX-01,WH-MX-RAW-01,2026-03-05,2026-04-02,DELIVERED,10922.3,USD,2026-03-05T00:00:00
PO-2025-02409,PO-002409,SUP-0094,FAC-APAC-01,WH-APAC-RAW-01,2026-04-03,2026-04-19,IN_TRANSIT,1297.2,USD,2026-04-03T00:00:00
PO-2025-02410,PO-002410,SUP-0091,FAC-US-01,WH-US-RAW-01,2025-10-12,2025-10-30,DELIVERED,23021.68,USD,2025-10-12T00:00:00
PO-2025-02411,PO-002411,SUP-0116,FAC-US-01,WH-US-RAW-01,2025-04-09,2025-04-21,OVERDUE,112967.4,USD,2025-04-09T00:00:00
PO-2025-02412,PO-002412,SUP-0102,FAC-US-01,WH-US-RAW-01,2025-03-29,2025-04-27,DELIVERED,67134.59,USD,2025-03-29T00:00:00
PO-2025-02413,PO-002413,SUP-0119,FAC-US-01,WH-US-RAW-01,2025-11-29,2025-12-31,DELIVERED,48898.59,USD,2025-11-29T00:00:00
PO-2025-02414,PO-002414,SUP-0019,FAC-APAC-01,WH-APAC-RAW-01,2025-10-03,2025-10-22,CANCELLED,11504.8,USD,2025-10-03T00:00:00
PO-2025-02415,PO-002415,SUP-0003,FAC-EU-01,WH-EU-RAW-01,2025-03-16,2025-04-10,DELIVERED,1337.75,USD,2025-03-16T00:00:00
PO-2025-02416,PO-002416,SUP-0042,FAC-US-01,WH-US-RAW-01,2025-12-02,2025-12-31,DELIVERED,98462.1,USD,2025-12-02T00:00:00
PO-2025-02417,PO-002417,SUP-0102,FAC-US-01,WH-US-RAW-01,2025-02-16,2025-03-10,DELIVERED,3410.66,USD,2025-02-16T00:00:00
PO-2025-02418,PO-002418,SUP-0087,FAC-EU-01,WH-EU-RAW-01,2026-02-01,2026-02-20,DELIVERED,318527.79,USD,2026-02-01T00:00:00
PO-2025-02419,PO-002419,SUP-0029,FAC-APAC-01,WH-APAC-RAW-01,2025-09-01,2025-10-05,DELIVERED,104435.28,USD,2025-09-01T00:00:00
PO-2025-02420,PO-002420,SUP-0017,FAC-US-01,WH-US-RAW-01,2025-03-30,2025-05-23,OVERDUE,93864.57,USD,2025-03-30T00:00:00
PO-2025-02421,PO-002421,SUP-0120,FAC-EU-01,WH-EU-RAW-01,2025-12-04,2025-12-28,OVERDUE,97609.13,USD,2025-12-04T00:00:00
PO-2025-02422,PO-002422,SUP-0058,FAC-APAC-01,WH-APAC-RAW-01,2025-10-05,2025-11-01,DELIVERED,18542.58,USD,2025-10-05T00:00:00
PO-2025-02423,PO-002423,SUP-0002,FAC-APAC-01,WH-APAC-RAW-01,2026-05-08,2026-05-30,PENDING,77090.05,USD,2026-05-08T00:00:00
PO-2025-02424,PO-002424,SUP-0047,FAC-US-01,WH-US-RAW-01,2025-11-21,2025-12-05,CANCELLED,30018.84,USD,2025-11-21T00:00:00
PO-2025-02425,PO-002425,SUP-0055,FAC-EU-01,WH-EU-RAW-01,2025-08-19,2025-09-06,DELIVERED,1968.67,USD,2025-08-19T00:00:00
PO-2025-02426,PO-002426,SUP-0048,FAC-US-01,WH-US-RAW-01,2026-01-07,2026-02-06,OVERDUE,3736.48,USD,2026-01-07T00:00:00
PO-2025-02427,PO-002427,SUP-0040,FAC-APAC-01,WH-APAC-RAW-01,2025-08-17,2025-09-07,CANCELLED,927.81,USD,2025-08-17T00:00:00
PO-2025-02428,PO-002428,SUP-0017,FAC-APAC-01,WH-APAC-RAW-01,2026-03-22,2026-05-15,IN_TRANSIT,105787.66,USD,2026-03-22T00:00:00
PO-2025-02429,PO-002429,SUP-0103,FAC-US-01,WH-US-RAW-01,2025-09-26,2025-11-09,OVERDUE,205578.97,USD,2025-09-26T00:00:00
PO-2025-02430,PO-002430,SUP-0038,FAC-US-01,WH-US-RAW-01,2025-11-22,2025-12-12,DELIVERED,5887.77,USD,2025-11-22T00:00:00
PO-2025-02431,PO-002431,SUP-0086,FAC-EU-01,WH-EU-RAW-01,2025-04-09,2025-04-17,DELIVERED,7510.94,USD,2025-04-09T00:00:00
PO-2025-02432,PO-002432,SUP-0048,FAC-APAC-01,WH-APAC-RAW-01,2025-10-14,2025-11-12,DELIVERED,19238.88,USD,2025-10-14T00:00:00
PO-2025-02433,PO-002433,SUP-0094,FAC-APAC-01,WH-APAC-RAW-01,2026-02-17,2026-03-02,DELIVERED,76484.29,USD,2026-02-17T00:00:00
PO-2025-02434,PO-002434,SUP-0065,FAC-MX-01,WH-MX-RAW-01,2026-02-07,2026-03-12,DELIVERED,34579.38,USD,2026-02-07T00:00:00
PO-2025-02435,PO-002435,SUP-0015,FAC-APAC-01,WH-APAC-RAW-01,2025-07-28,2025-09-28,DELIVERED,96473.26,USD,2025-07-28T00:00:00
PO-2025-02436,PO-002436,SUP-0019,FAC-EU-01,WH-EU-RAW-01,2025-07-28,2025-08-18,OVERDUE,1457527.88,USD,2025-07-28T00:00:00
PO-2025-02437,PO-002437,SUP-0021,FAC-MX-01,WH-MX-RAW-01,2026-02-12,2026-03-16,DELIVERED,14302.47,USD,2026-02-12T00:00:00
PO-2025-02438,PO-002438,SUP-0085,FAC-US-01,WH-US-RAW-01,2026-04-05,2026-04-15,DELIVERED,8121.3,USD,2026-04-05T00:00:00
PO-2025-02439,PO-002439,SUP-0019,FAC-APAC-01,WH-APAC-RAW-01,2025-05-16,2025-06-04,DELIVERED,6449.31,USD,2025-05-16T00:00:00
PO-2025-02440,PO-002440,SUP-0085,FAC-US-01,WH-US-RAW-01,2025-10-22,2025-11-02,DELIVERED,9696.34,USD,2025-10-22T00:00:00
PO-2025-02441,PO-002441,SUP-0014,FAC-US-01,WH-US-RAW-01,2025-09-13,2025-11-13,DELIVERED,7703.04,USD,2025-09-13T00:00:00
PO-2025-02442,PO-002442,SUP-0083,FAC-EU-01,WH-EU-RAW-01,2026-03-06,2026-04-07,DELIVERED,44950.16,USD,2026-03-06T00:00:00
PO-2025-02443,PO-002443,SUP-0096,FAC-APAC-01,WH-APAC-RAW-01,2025-05-07,2025-05-25,DELIVERED,8773.44,USD,2025-05-07T00:00:00
PO-2025-02444,PO-002444,SUP-0075,FAC-EU-01,WH-EU-RAW-01,2025-07-21,2025-08-21,DELIVERED,2249.02,USD,2025-07-21T00:00:00
PO-2025-02445,PO-002445,SUP-0090,FAC-MX-01,WH-MX-RAW-01,2026-01-20,2026-02-17,DELIVERED,4249.17,USD,2026-01-20T00:00:00
PO-2025-02446,PO-002446,SUP-0017,FAC-EU-01,WH-EU-RAW-01,2025-04-10,2025-06-02,DELIVERED,1137.41,USD,2025-04-10T00:00:00
PO-2025-02447,PO-002447,SUP-0107,FAC-MX-01,WH-MX-RAW-01,2025-11-05,2025-11-24,DELIVERED,16610.88,USD,2025-11-05T00:00:00
PO-2025-02448,PO-002448,SUP-0017,FAC-APAC-01,WH-APAC-RAW-01,2025-10-20,2025-12-14,DELIVERED,137535.84,USD,2025-10-20T00:00:00
PO-2025-02449,PO-002449,SUP-0019,FAC-MX-01,WH-MX-RAW-01,2025-09-12,2025-10-04,OVERDUE,1522511.05,USD,2025-09-12T00:00:00
PO-2025-02450,PO-002450,SUP-0096,FAC-APAC-01,WH-APAC-RAW-01,2025-10-04,2025-10-23,DELIVERED,24038.91,USD,2025-10-04T00:00:00
PO-2025-02451,PO-002451,SUP-0093,FAC-EU-01,WH-EU-RAW-01,2025-11-16,2026-01-01,OVERDUE,96324.24,USD,2025-11-16T00:00:00
PO-2025-02452,PO-002452,SUP-0009,FAC-EU-01,WH-EU-RAW-01,2025-06-26,2025-08-17,DELIVERED,37071.38,USD,2025-06-26T00:00:00
PO-2025-02453,PO-002453,SUP-0105,FAC-APAC-01,WH-APAC-RAW-01,2025-11-29,2025-12-16,DELIVERED,126656.4,USD,2025-11-29T00:00:00
PO-2025-02454,PO-002454,SUP-0038,FAC-US-01,WH-US-RAW-01,2026-02-07,2026-03-04,DELIVERED,51068.7,USD,2026-02-07T00:00:00
PO-2025-02455,PO-002455,SUP-0008,FAC-APAC-01,WH-APAC-RAW-01,2026-01-23,2026-02-27,DELIVERED,15275.52,USD,2026-01-23T00:00:00
PO-2025-02456,PO-002456,SUP-0099,FAC-EU-01,WH-EU-RAW-01,2025-06-22,2025-07-02,DELIVERED,11670.66,USD,2025-06-22T00:00:00
PO-2025-02457,PO-002457,SUP-0106,FAC-MX-01,WH-MX-RAW-01,2025-06-19,2025-07-27,DELIVERED,25403.45,USD,2025-06-19T00:00:00
PO-2025-02458,PO-002458,SUP-0037,FAC-US-01,WH-US-RAW-01,2025-08-16,2025-09-05,DELIVERED,3960.37,USD,2025-08-16T00:00:00
PO-2025-02459,PO-002459,SUP-0115,FAC-APAC-01,WH-APAC-RAW-01,2025-09-22,2025-10-22,DELIVERED,225516.82,USD,2025-09-22T00:00:00
PO-2025-02460,PO-002460,SUP-0012,FAC-MX-01,WH-MX-RAW-01,2025-10-08,2025-10-23,DELIVERED,68873.86,USD,2025-10-08T00:00:00
PO-2025-02461,PO-002461,SUP-0030,FAC-US-01,WH-US-RAW-01,2025-12-29,2026-02-03,DELIVERED,23274.0,USD,2025-12-29T00:00:00
PO-2025-02462,PO-002462,SUP-0119,FAC-APAC-01,WH-APAC-RAW-01,2025-04-15,2025-05-17,DELIVERED,2336.62,USD,2025-04-15T00:00:00
PO-2025-02463,PO-002463,SUP-0006,FAC-EU-01,WH-EU-RAW-01,2025-03-23,2025-04-02,DELIVERED,7131.78,USD,2025-03-23T00:00:00
PO-2025-02464,PO-002464,SUP-0008,FAC-EU-01,WH-EU-RAW-01,2025-10-03,2025-11-05,CANCELLED,212539.13,USD,2025-10-03T00:00:00
PO-2025-02465,PO-002465,SUP-0040,FAC-EU-01,WH-EU-RAW-01,2026-01-03,2026-01-24,DELIVERED,133839.52,USD,2026-01-03T00:00:00
PO-2025-02466,PO-002466,SUP-0023,FAC-APAC-01,WH-APAC-RAW-01,2025-07-13,2025-07-26,CANCELLED,2518.68,USD,2025-07-13T00:00:00
PO-2025-02467,PO-002467,SUP-0026,FAC-MX-01,WH-MX-RAW-01,2025-12-18,2026-01-21,DELIVERED,77642.1,USD,2025-12-18T00:00:00
PO-2025-02468,PO-002468,SUP-0036,FAC-EU-01,WH-EU-RAW-01,2025-08-12,2025-08-24,DELIVERED,5052.24,USD,2025-08-12T00:00:00
PO-2025-02469,PO-002469,SUP-0080,FAC-MX-01,WH-MX-RAW-01,2026-03-13,2026-04-13,DELIVERED,71080.88,USD,2026-03-13T00:00:00
PO-2025-02470,PO-002470,SUP-0007,FAC-APAC-01,WH-APAC-RAW-01,2026-03-17,2026-04-06,DELIVERED,21624.27,USD,2026-03-17T00:00:00
PO-2025-02471,PO-002471,SUP-0007,FAC-MX-01,WH-MX-RAW-01,2025-08-28,2025-09-20,DELIVERED,22925.8,USD,2025-08-28T00:00:00
PO-2025-02472,PO-002472,SUP-0066,FAC-MX-01,WH-MX-RAW-01,2025-07-30,2025-08-24,DELIVERED,24368.33,USD,2025-07-30T00:00:00
PO-2025-02473,PO-002473,SUP-0114,FAC-APAC-01,WH-APAC-RAW-01,2025-10-09,2025-10-30,DELIVERED,10272.62,USD,2025-10-09T00:00:00
PO-2025-02474,PO-002474,SUP-0104,FAC-APAC-01,WH-APAC-RAW-01,2025-08-04,2025-09-05,DELIVERED,680.4,USD,2025-08-04T00:00:00
PO-2025-02475,PO-002475,SUP-0062,FAC-APAC-01,WH-APAC-RAW-01,2025-12-27,2026-01-29,DELIVERED,724289.02,USD,2025-12-27T00:00:00
PO-2025-02476,PO-002476,SUP-0004,FAC-US-01,WH-US-RAW-01,2026-02-15,2026-03-19,DELIVERED,63350.19,USD,2026-02-15T00:00:00
PO-2025-02477,PO-002477,SUP-0087,FAC-EU-01,WH-EU-RAW-01,2025-12-27,2026-01-13,DELIVERED,37474.4,USD,2025-12-27T00:00:00
PO-2025-02478,PO-002478,SUP-0048,FAC-MX-01,WH-MX-RAW-01,2026-02-14,2026-03-16,DELIVERED,15440.6,USD,2026-02-14T00:00:00
PO-2025-02479,PO-002479,SUP-0075,FAC-MX-01,WH-MX-RAW-01,2025-10-04,2025-11-01,DELIVERED,4194.32,USD,2025-10-04T00:00:00
PO-2025-02480,PO-002480,SUP-0039,FAC-MX-01,WH-MX-RAW-01,2025-06-23,2025-07-25,OVERDUE,276535.15,USD,2025-06-23T00:00:00
PO-2025-02481,PO-002481,SUP-0090,FAC-US-01,WH-US-RAW-01,2026-01-15,2026-02-09,DELIVERED,19375.12,USD,2026-01-15T00:00:00
PO-2025-02482,PO-002482,SUP-0014,FAC-MX-01,WH-MX-RAW-01,2025-09-21,2025-11-25,DELIVERED,11441.54,USD,2025-09-21T00:00:00
PO-2025-02483,PO-002483,SUP-0043,FAC-MX-01,WH-MX-RAW-01,2025-12-27,2026-01-18,DELIVERED,16290.63,USD,2025-12-27T00:00:00
PO-2025-02484,PO-002484,SUP-0059,FAC-MX-01,WH-MX-RAW-01,2025-08-17,2025-10-21,DELIVERED,1551.0,USD,2025-08-17T00:00:00
PO-2025-02485,PO-002485,SUP-0107,FAC-EU-01,WH-EU-RAW-01,2025-05-06,2025-05-24,OVERDUE,38432.68,USD,2025-05-06T00:00:00
PO-2025-02486,PO-002486,SUP-0043,FAC-US-01,WH-US-RAW-01,2026-06-02,2026-06-28,PENDING,45143.21,USD,2026-06-02T00:00:00
PO-2025-02487,PO-002487,SUP-0093,FAC-MX-01,WH-MX-RAW-01,2025-06-23,2025-08-10,DELIVERED,31615.49,USD,2025-06-23T00:00:00
PO-2025-02488,PO-002488,SUP-0086,FAC-US-01,WH-US-RAW-01,2026-05-26,2026-06-04,PENDING,447222.46,USD,2026-05-26T00:00:00
PO-2025-02489,PO-002489,SUP-0106,FAC-APAC-01,WH-APAC-RAW-01,2026-05-12,2026-06-14,PENDING,913.04,USD,2026-05-12T00:00:00
PO-2025-02490,PO-002490,SUP-0068,FAC-APAC-01,WH-APAC-RAW-01,2026-02-03,2026-02-21,DELIVERED,80114.64,USD,2026-02-03T00:00:00
PO-2025-02491,PO-002491,SUP-0090,FAC-MX-01,WH-MX-RAW-01,2025-12-23,2026-01-19,DELIVERED,38113.21,USD,2025-12-23T00:00:00
PO-2025-02492,PO-002492,SUP-0112,FAC-US-01,WH-US-RAW-01,2025-11-30,2025-12-12,DELIVERED,542225.65,USD,2025-11-30T00:00:00
PO-2025-02493,PO-002493,SUP-0006,FAC-US-01,WH-US-RAW-01,2026-03-04,2026-03-14,DELIVERED,2735.7,USD,2026-03-04T00:00:00
PO-2025-02494,PO-002494,SUP-0012,FAC-APAC-01,WH-APAC-RAW-01,2025-08-25,2025-09-13,OVERDUE,205454.36,USD,2025-08-25T00:00:00
PO-2025-02495,PO-002495,SUP-0030,FAC-APAC-01,WH-APAC-RAW-01,2025-10-28,2025-11-28,DELIVERED,414.99,USD,2025-10-28T00:00:00
PO-2025-02496,PO-002496,SUP-0104,FAC-APAC-01,WH-APAC-RAW-01,2025-12-12,2026-01-16,DELIVERED,2160.75,USD,2025-12-12T00:00:00
PO-2025-02497,PO-002497,SUP-0055,FAC-EU-01,WH-EU-RAW-01,2025-10-09,2025-10-24,DELIVERED,185002.82,USD,2025-10-09T00:00:00
PO-2025-02498,PO-002498,SUP-0086,FAC-MX-01,WH-MX-RAW-01,2025-10-15,2025-10-24,DELIVERED,66888.14,USD,2025-10-15T00:00:00
PO-2025-02499,PO-002499,SUP-0066,FAC-MX-01,WH-MX-RAW-01,2025-09-10,2025-10-02,DELIVERED,47186.16,USD,2025-09-10T00:00:00
PO-2025-02500,PO-002500,SUP-0014,FAC-US-01,WH-US-RAW-01,2025-11-27,2026-01-29,DELIVERED,51499.36,USD,2025-11-27T00:00:00
PO-2025-02501,PO-002501,SUP-0068,FAC-MX-01,WH-MX-RAW-01,2026-02-25,2026-03-21,DELIVERED,31233.8,USD,2026-02-25T00:00:00
PO-2025-02502,PO-002502,SUP-0095,FAC-EU-01,WH-EU-RAW-01,2025-07-17,2025-08-03,DELIVERED,112354.51,USD,2025-07-17T00:00:00
PO-2025-02503,PO-002503,SUP-0093,FAC-US-01,WH-US-RAW-01,2026-04-08,2026-05-25,IN_TRANSIT,320671.14,USD,2026-04-08T00:00:00
PO-2025-02504,PO-002504,SUP-0097,FAC-MX-01,WH-MX-RAW-01,2026-01-01,2026-02-08,CANCELLED,292080.1,USD,2026-01-01T00:00:00
PO-2025-02505,PO-002505,SUP-0109,FAC-MX-01,WH-MX-RAW-01,2026-02-14,2026-03-04,DELIVERED,18459.76,USD,2026-02-14T00:00:00
PO-2025-02506,PO-002506,SUP-0084,FAC-MX-01,WH-MX-RAW-01,2025-11-24,2025-12-16,DELIVERED,155742.88,USD,2025-11-24T00:00:00
PO-2025-02507,PO-002507,SUP-0012,FAC-US-01,WH-US-RAW-01,2026-01-29,2026-02-12,DELIVERED,2367.39,USD,2026-01-29T00:00:00
PO-2025-02508,PO-002508,SUP-0116,FAC-EU-01,WH-EU-RAW-01,2025-02-25,2025-03-05,CANCELLED,2304.64,USD,2025-02-25T00:00:00
PO-2025-02509,PO-002509,SUP-0031,FAC-EU-01,WH-EU-RAW-01,2026-02-12,2026-04-15,DELIVERED,1350114.92,USD,2026-02-12T00:00:00
PO-2025-02510,PO-002510,SUP-0035,FAC-APAC-01,WH-APAC-RAW-01,2025-03-30,2025-05-19,DELIVERED,157291.64,USD,2025-03-30T00:00:00
PO-2025-02511,PO-002511,SUP-0069,FAC-US-01,WH-US-RAW-01,2026-03-15,2026-04-04,DELIVERED,4317.76,USD,2026-03-15T00:00:00
PO-2025-02512,PO-002512,SUP-0017,FAC-APAC-01,WH-APAC-RAW-01,2026-06-01,2026-07-26,PENDING,32172.91,USD,2026-06-01T00:00:00
PO-2025-02513,PO-002513,SUP-0009,FAC-US-01,WH-US-RAW-01,2025-08-27,2025-10-17,DELIVERED,8547.75,USD,2025-08-27T00:00:00
PO-2025-02514,PO-002514,SUP-0033,FAC-US-01,WH-US-RAW-01,2025-07-21,2025-08-03,DELIVERED,61713.9,USD,2025-07-21T00:00:00
PO-2025-02515,PO-002515,SUP-0021,FAC-EU-01,WH-EU-RAW-01,2026-01-24,2026-02-22,CANCELLED,2252.25,USD,2026-01-24T00:00:00
PO-2025-02516,PO-002516,SUP-0084,FAC-MX-01,WH-MX-RAW-01,2025-08-10,2025-09-06,DELIVERED,619.4,USD,2025-08-10T00:00:00
PO-2025-02517,PO-002517,SUP-0051,FAC-US-01,WH-US-RAW-01,2026-03-03,2026-03-28,DELIVERED,60658.02,USD,2026-03-03T00:00:00
PO-2025-02518,PO-002518,SUP-0073,FAC-EU-01,WH-EU-RAW-01,2025-05-21,2025-06-17,DELIVERED,98727.04,USD,2025-05-21T00:00:00
PO-2025-02519,PO-002519,SUP-0084,FAC-MX-01,WH-MX-RAW-01,2025-06-05,2025-06-27,DELIVERED,86084.49,USD,2025-06-05T00:00:00
PO-2025-02520,PO-002520,SUP-0075,FAC-EU-01,WH-EU-RAW-01,2026-05-14,2026-06-10,PENDING,85080.48,USD,2026-05-14T00:00:00
PO-2025-02521,PO-002521,SUP-0097,FAC-APAC-01,WH-APAC-RAW-01,2025-12-27,2026-02-02,DELIVERED,73846.35,USD,2025-12-27T00:00:00
PO-2025-02522,PO-002522,SUP-0015,FAC-US-01,WH-US-RAW-01,2026-02-23,2026-04-26,IN_TRANSIT,142677.43,USD,2026-02-23T00:00:00
PO-2025-02523,PO-002523,SUP-0090,FAC-EU-01,WH-EU-RAW-01,2025-09-08,2025-09-29,DELIVERED,7834.64,USD,2025-09-08T00:00:00
PO-2025-02524,PO-002524,SUP-0096,FAC-APAC-01,WH-APAC-RAW-01,2025-12-28,2026-01-11,DELIVERED,162330.38,USD,2025-12-28T00:00:00
PO-2025-02525,PO-002525,SUP-0041,FAC-MX-01,WH-MX-RAW-01,2025-12-05,2025-12-25,CANCELLED,2875.59,USD,2025-12-05T00:00:00
PO-2025-02526,PO-002526,SUP-0062,FAC-APAC-01,WH-APAC-RAW-01,2025-12-08,2026-01-12,DELIVERED,35875.7,USD,2025-12-08T00:00:00
PO-2025-02527,PO-002527,SUP-0021,FAC-APAC-01,WH-APAC-RAW-01,2025-12-30,2026-01-27,CANCELLED,487.8,USD,2025-12-30T00:00:00
PO-2025-02528,PO-002528,SUP-0119,FAC-MX-01,WH-MX-RAW-01,2025-11-30,2025-12-29,DELIVERED,262410.13,USD,2025-11-30T00:00:00
PO-2025-02529,PO-002529,SUP-0001,FAC-MX-01,WH-MX-RAW-01,2025-10-15,2025-12-15,DELIVERED,118036.48,USD,2025-10-15T00:00:00
PO-2025-02530,PO-002530,SUP-0077,FAC-MX-01,WH-MX-RAW-01,2025-08-19,2025-09-08,DELIVERED,321909.77,USD,2025-08-19T00:00:00
PO-2025-02531,PO-002531,SUP-0010,FAC-US-01,WH-US-RAW-01,2026-01-25,2026-02-09,CANCELLED,44611.38,USD,2026-01-25T00:00:00
PO-2025-02532,PO-002532,SUP-0067,FAC-US-01,WH-US-RAW-01,2025-07-29,2025-08-16,DELIVERED,251473.78,USD,2025-07-29T00:00:00
PO-2025-02533,PO-002533,SUP-0052,FAC-MX-01,WH-MX-RAW-01,2026-01-02,2026-02-01,DELIVERED,3422.0,USD,2026-01-02T00:00:00
PO-2025-02534,PO-002534,SUP-0095,FAC-MX-01,WH-MX-RAW-01,2025-08-01,2025-08-19,DELIVERED,61173.06,USD,2025-08-01T00:00:00
PO-2025-02535,PO-002535,SUP-0011,FAC-EU-01,WH-EU-RAW-01,2025-12-14,2026-01-04,DELIVERED,14356.0,USD,2025-12-14T00:00:00
PO-2025-02536,PO-002536,SUP-0043,FAC-APAC-01,WH-APAC-RAW-01,2026-01-18,2026-02-15,DELIVERED,5806.35,USD,2026-01-18T00:00:00
PO-2025-02537,PO-002537,SUP-0024,FAC-APAC-01,WH-APAC-RAW-01,2025-07-25,2025-08-13,DELIVERED,55877.05,USD,2025-07-25T00:00:00
PO-2025-02538,PO-002538,SUP-0110,FAC-US-01,WH-US-RAW-01,2025-04-18,2025-05-03,DELIVERED,24964.17,USD,2025-04-18T00:00:00
PO-2025-02539,PO-002539,SUP-0019,FAC-MX-01,WH-MX-RAW-01,2025-06-09,2025-06-28,DELIVERED,1214633.14,USD,2025-06-09T00:00:00
PO-2025-02540,PO-002540,SUP-0052,FAC-APAC-01,WH-APAC-RAW-01,2025-12-09,2026-01-03,DELIVERED,7930.44,USD,2025-12-09T00:00:00
PO-2025-02541,PO-002541,SUP-0089,FAC-EU-01,WH-EU-RAW-01,2026-02-24,2026-03-15,DELIVERED,62345.29,USD,2026-02-24T00:00:00
PO-2025-02542,PO-002542,SUP-0043,FAC-MX-01,WH-MX-RAW-01,2025-04-04,2025-04-30,DELIVERED,79753.86,USD,2025-04-04T00:00:00
PO-2025-02543,PO-002543,SUP-0007,FAC-EU-01,WH-EU-RAW-01,2026-01-14,2026-02-06,DELIVERED,6276.76,USD,2026-01-14T00:00:00
PO-2025-02544,PO-002544,SUP-0033,FAC-US-01,WH-US-RAW-01,2025-09-14,2025-09-28,DELIVERED,88243.31,USD,2025-09-14T00:00:00
PO-2025-02545,PO-002545,SUP-0001,FAC-MX-01,WH-MX-RAW-01,2025-10-31,2025-12-27,DELIVERED,53655.13,USD,2025-10-31T00:00:00
PO-2025-02546,PO-002546,SUP-0053,FAC-APAC-01,WH-APAC-RAW-01,2026-04-05,2026-05-10,IN_TRANSIT,23863.9,USD,2026-04-05T00:00:00
PO-2025-02547,PO-002547,SUP-0112,FAC-MX-01,WH-MX-RAW-01,2025-09-11,2025-09-26,DELIVERED,8116.16,USD,2025-09-11T00:00:00
PO-2025-02548,PO-002548,SUP-0101,FAC-APAC-01,WH-APAC-RAW-01,2025-10-27,2025-11-22,DELIVERED,9850.84,USD,2025-10-27T00:00:00
PO-2025-02549,PO-002549,SUP-0006,FAC-APAC-01,WH-APAC-RAW-01,2025-02-21,2025-03-10,DELIVERED,6673.45,USD,2025-02-21T00:00:00
PO-2025-02550,PO-002550,SUP-0016,FAC-EU-01,WH-EU-RAW-01,2025-05-06,2025-05-31,DELIVERED,242201.85,USD,2025-05-06T00:00:00
PO-2025-02551,PO-002551,SUP-0103,FAC-EU-01,WH-EU-RAW-01,2025-08-12,2025-09-25,DELIVERED,7892.52,USD,2025-08-12T00:00:00
PO-2025-02552,PO-002552,SUP-0003,FAC-MX-01,WH-MX-RAW-01,2025-03-15,2025-04-07,OVERDUE,34219.38,USD,2025-03-15T00:00:00
PO-2025-02553,PO-002553,SUP-0114,FAC-MX-01,WH-MX-RAW-01,2025-12-16,2026-01-05,DELIVERED,12213.56,USD,2025-12-16T00:00:00
PO-2025-02554,PO-002554,SUP-0055,FAC-MX-01,WH-MX-RAW-01,2025-10-14,2025-10-30,DELIVERED,58970.28,USD,2025-10-14T00:00:00
PO-2025-02555,PO-002555,SUP-0082,FAC-EU-01,WH-EU-RAW-01,2025-11-22,2026-01-27,DELIVERED,2782.89,USD,2025-11-22T00:00:00
PO-2025-02556,PO-002556,SUP-0107,FAC-US-01,WH-US-RAW-01,2025-07-03,2025-07-20,DELIVERED,36213.95,USD,2025-07-03T00:00:00
PO-2025-02557,PO-002557,SUP-0045,FAC-EU-01,WH-EU-RAW-01,2025-08-28,2025-09-09,DELIVERED,2483.76,USD,2025-08-28T00:00:00
PO-2025-02558,PO-002558,SUP-0069,FAC-MX-01,WH-MX-RAW-01,2025-12-25,2026-01-17,DELIVERED,41732.1,USD,2025-12-25T00:00:00
PO-2025-02559,PO-002559,SUP-0116,FAC-EU-01,WH-EU-RAW-01,2026-04-30,2026-05-09,PENDING,355764.33,USD,2026-04-30T00:00:00
PO-2025-02560,PO-002560,SUP-0091,FAC-US-01,WH-US-RAW-01,2025-04-09,2025-04-27,DELIVERED,21118.37,USD,2025-04-09T00:00:00
PO-2025-02561,PO-002561,SUP-0029,FAC-APAC-01,WH-APAC-RAW-01,2026-03-15,2026-04-17,IN_TRANSIT,97515.58,USD,2026-03-15T00:00:00
PO-2025-02562,PO-002562,SUP-0089,FAC-APAC-01,WH-APAC-RAW-01,2025-11-30,2025-12-17,DELIVERED,211214.35,USD,2025-11-30T00:00:00
PO-2025-02563,PO-002563,SUP-0042,FAC-MX-01,WH-MX-RAW-01,2025-11-26,2025-12-19,DELIVERED,31827.5,USD,2025-11-26T00:00:00
PO-2025-02564,PO-002564,SUP-0116,FAC-APAC-01,WH-APAC-RAW-01,2025-11-07,2025-11-20,CANCELLED,4419.04,USD,2025-11-07T00:00:00
PO-2025-02565,PO-002565,SUP-0046,FAC-US-01,WH-US-RAW-01,2025-04-26,2025-05-23,DELIVERED,8697.67,USD,2025-04-26T00:00:00
PO-2025-02566,PO-002566,SUP-0056,FAC-MX-01,WH-MX-RAW-01,2025-05-12,2025-05-27,DELIVERED,218525.42,USD,2025-05-12T00:00:00
PO-2025-02567,PO-002567,SUP-0051,FAC-APAC-01,WH-APAC-RAW-01,2025-12-07,2026-01-02,DELIVERED,140856.76,USD,2025-12-07T00:00:00
PO-2025-02568,PO-002568,SUP-0075,FAC-EU-01,WH-EU-RAW-01,2025-09-14,2025-10-11,DELIVERED,11082.3,USD,2025-09-14T00:00:00
PO-2025-02569,PO-002569,SUP-0112,FAC-MX-01,WH-MX-RAW-01,2026-03-29,2026-04-13,DELIVERED,1145.34,USD,2026-03-29T00:00:00
PO-2025-02570,PO-002570,SUP-0073,FAC-APAC-01,WH-APAC-RAW-01,2025-10-08,2025-11-07,DELIVERED,53392.08,USD,2025-10-08T00:00:00
PO-2025-02571,PO-002571,SUP-0107,FAC-US-01,WH-US-RAW-01,2025-06-16,2025-07-01,OVERDUE,15855.93,USD,2025-06-16T00:00:00
PO-2025-02572,PO-002572,SUP-0032,FAC-MX-01,WH-MX-RAW-01,2026-01-08,2026-02-11,DELIVERED,3217.84,USD,2026-01-08T00:00:00
PO-2025-02573,PO-002573,SUP-0024,FAC-US-01,WH-US-RAW-01,2025-08-26,2025-09-10,DELIVERED,9738.0,USD,2025-08-26T00:00:00
PO-2025-02574,PO-002574,SUP-0054,FAC-MX-01,WH-MX-RAW-01,2025-11-15,2025-12-14,DELIVERED,907.7,USD,2025-11-15T00:00:00
PO-2025-02575,PO-002575,SUP-0012,FAC-MX-01,WH-MX-RAW-01,2026-01-03,2026-01-19,DELIVERED,83208.42,USD,2026-01-03T00:00:00
PO-2025-02576,PO-002576,SUP-0071,FAC-APAC-01,WH-APAC-RAW-01,2026-03-20,2026-04-20,IN_TRANSIT,16354.8,USD,2026-03-20T00:00:00
PO-2025-02577,PO-002577,SUP-0100,FAC-MX-01,WH-MX-RAW-01,2026-02-03,2026-02-16,DELIVERED,209012.26,USD,2026-02-03T00:00:00
PO-2025-02578,PO-002578,SUP-0100,FAC-APAC-01,WH-APAC-RAW-01,2025-12-28,2026-01-11,DELIVERED,74710.22,USD,2025-12-28T00:00:00
PO-2025-02579,PO-002579,SUP-0048,FAC-EU-01,WH-EU-RAW-01,2025-12-29,2026-01-26,DELIVERED,10777.6,USD,2025-12-29T00:00:00
PO-2025-02580,PO-002580,SUP-0105,FAC-EU-01,WH-EU-RAW-01,2026-04-16,2026-05-03,PENDING,103983.03,USD,2026-04-16T00:00:00
PO-2025-02581,PO-002581,SUP-0040,FAC-US-01,WH-US-RAW-01,2025-08-27,2025-09-21,DELIVERED,21522.96,USD,2025-08-27T00:00:00
PO-2025-02582,PO-002582,SUP-0083,FAC-APAC-01,WH-APAC-RAW-01,2025-01-15,2025-02-17,OVERDUE,257330.82,USD,2025-01-15T00:00:00
PO-2025-02583,PO-002583,SUP-0026,FAC-APAC-01,WH-APAC-RAW-01,2025-08-18,2025-09-17,DELIVERED,13789.64,USD,2025-08-18T00:00:00
PO-2025-02584,PO-002584,SUP-0068,FAC-US-01,WH-US-RAW-01,2025-07-25,2025-08-19,DELIVERED,2182.25,USD,2025-07-25T00:00:00
PO-2025-02585,PO-002585,SUP-0049,FAC-APAC-01,WH-APAC-RAW-01,2025-12-24,2026-01-11,DELIVERED,39272.72,USD,2025-12-24T00:00:00
PO-2025-02586,PO-002586,SUP-0030,FAC-EU-01,WH-EU-RAW-01,2025-12-16,2026-01-23,DELIVERED,26089.77,USD,2025-12-16T00:00:00
PO-2025-02587,PO-002587,SUP-0039,FAC-US-01,WH-US-RAW-01,2025-12-05,2026-01-05,DELIVERED,325074.23,USD,2025-12-05T00:00:00
PO-2025-02588,PO-002588,SUP-0009,FAC-APAC-01,WH-APAC-RAW-01,2025-02-26,2025-04-20,DELIVERED,28694.56,USD,2025-02-26T00:00:00
PO-2025-02589,PO-002589,SUP-0085,FAC-EU-01,WH-EU-RAW-01,2026-01-13,2026-01-20,DELIVERED,161772.46,USD,2026-01-13T00:00:00
PO-2025-02590,PO-002590,SUP-0057,FAC-APAC-01,WH-APAC-RAW-01,2025-09-07,2025-09-24,DELIVERED,42002.34,USD,2025-09-07T00:00:00
PO-2025-02591,PO-002591,SUP-0002,FAC-MX-01,WH-MX-RAW-01,2025-12-25,2026-01-13,DELIVERED,21613.37,USD,2025-12-25T00:00:00
PO-2025-02592,PO-002592,SUP-0105,FAC-MX-01,WH-MX-RAW-01,2025-11-24,2025-12-17,DELIVERED,3098.25,USD,2025-11-24T00:00:00
PO-2025-02593,PO-002593,SUP-0046,FAC-MX-01,WH-MX-RAW-01,2025-09-15,2025-10-17,DELIVERED,102063.64,USD,2025-09-15T00:00:00
PO-2025-02594,PO-002594,SUP-0075,FAC-US-01,WH-US-RAW-01,2025-06-11,2025-07-05,DELIVERED,3373.53,USD,2025-06-11T00:00:00
PO-2025-02595,PO-002595,SUP-0111,FAC-US-01,WH-US-RAW-01,2025-05-16,2025-06-18,DELIVERED,1001162.94,USD,2025-05-16T00:00:00
PO-2025-02596,PO-002596,SUP-0109,FAC-MX-01,WH-MX-RAW-01,2026-02-17,2026-03-04,DELIVERED,1468.88,USD,2026-02-17T00:00:00
PO-2025-02597,PO-002597,SUP-0025,FAC-APAC-01,WH-APAC-RAW-01,2026-03-29,2026-04-06,DELIVERED,1526.13,USD,2026-03-29T00:00:00
PO-2025-02598,PO-002598,SUP-0022,FAC-EU-01,WH-EU-RAW-01,2025-12-21,2026-01-04,DELIVERED,45930.4,USD,2025-12-21T00:00:00
PO-2025-02599,PO-002599,SUP-0091,FAC-US-01,WH-US-RAW-01,2025-05-22,2025-06-06,DELIVERED,1328.8,USD,2025-05-22T00:00:00
PO-2025-02600,PO-002600,SUP-0114,FAC-EU-01,WH-EU-RAW-01,2025-10-06,2025-10-23,DELIVERED,52895.37,USD,2025-10-06T00:00:00
PO-2025-02601,PO-002601,SUP-0059,FAC-US-01,WH-US-RAW-01,2026-01-13,2026-03-19,OVERDUE,35358.78,USD,2026-01-13T00:00:00
PO-2025-02602,PO-002602,SUP-0082,FAC-APAC-01,WH-APAC-RAW-01,2026-01-29,2026-04-08,DELIVERED,14602.74,USD,2026-01-29T00:00:00
PO-2025-02603,PO-002603,SUP-0088,FAC-EU-01,WH-EU-RAW-01,2025-06-01,2025-06-21,DELIVERED,6594.21,USD,2025-06-01T00:00:00
PO-2025-02604,PO-002604,SUP-0031,FAC-APAC-01,WH-APAC-RAW-01,2025-01-03,2025-03-06,DELIVERED,14518.03,USD,2025-01-03T00:00:00
PO-2025-02605,PO-002605,SUP-0045,FAC-MX-01,WH-MX-RAW-01,2026-01-08,2026-01-20,DELIVERED,1524.88,USD,2026-01-08T00:00:00
PO-2025-02606,PO-002606,SUP-0028,FAC-APAC-01,WH-APAC-RAW-01,2025-09-20,2025-10-17,DELIVERED,51691.27,USD,2025-09-20T00:00:00
PO-2025-02607,PO-002607,SUP-0096,FAC-MX-01,WH-MX-RAW-01,2025-08-10,2025-08-29,DELIVERED,109950.55,USD,2025-08-10T00:00:00
PO-2025-02608,PO-002608,SUP-0019,FAC-APAC-01,WH-APAC-RAW-01,2025-02-19,2025-03-11,DELIVERED,75888.89,USD,2025-02-19T00:00:00
PO-2025-02609,PO-002609,SUP-0020,FAC-EU-01,WH-EU-RAW-01,2025-11-19,2025-12-06,OVERDUE,17257.44,USD,2025-11-19T00:00:00
PO-2025-02610,PO-002610,SUP-0076,FAC-US-01,WH-US-RAW-01,2026-02-25,2026-04-04,DELIVERED,2510.22,USD,2026-02-25T00:00:00
PO-2025-02611,PO-002611,SUP-0097,FAC-EU-01,WH-EU-RAW-01,2026-04-24,2026-05-30,PENDING,128079.0,USD,2026-04-24T00:00:00
PO-2025-02612,PO-002612,SUP-0111,FAC-US-01,WH-US-RAW-01,2025-11-27,2026-01-02,DELIVERED,16116.56,USD,2025-11-27T00:00:00
PO-2025-02613,PO-002613,SUP-0119,FAC-EU-01,WH-EU-RAW-01,2025-11-12,2025-12-17,DELIVERED,52333.12,USD,2025-11-12T00:00:00
PO-2025-02614,PO-002614,SUP-0044,FAC-US-01,WH-US-RAW-01,2025-05-09,2025-07-07,DELIVERED,113206.36,USD,2025-05-09T00:00:00
PO-2025-02615,PO-002615,SUP-0003,FAC-MX-01,WH-MX-RAW-01,2025-11-22,2025-12-10,CANCELLED,12741.67,USD,2025-11-22T00:00:00
PO-2025-02616,PO-002616,SUP-0100,FAC-EU-01,WH-EU-RAW-01,2025-09-28,2025-10-07,DELIVERED,14516.94,USD,2025-09-28T00:00:00
PO-2025-02617,PO-002617,SUP-0113,FAC-EU-01,WH-EU-RAW-01,2025-12-09,2025-12-30,CANCELLED,2025.84,USD,2025-12-09T00:00:00
PO-2025-02618,PO-002618,SUP-0088,FAC-EU-01,WH-EU-RAW-01,2025-10-01,2025-10-21,DELIVERED,112047.84,USD,2025-10-01T00:00:00
PO-2025-02619,PO-002619,SUP-0111,FAC-MX-01,WH-MX-RAW-01,2025-08-04,2025-09-06,DELIVERED,28813.98,USD,2025-08-04T00:00:00
PO-2025-02620,PO-002620,SUP-0104,FAC-US-01,WH-US-RAW-01,2025-05-16,2025-06-18,DELIVERED,150125.14,USD,2025-05-16T00:00:00
PO-2025-02621,PO-002621,SUP-0058,FAC-MX-01,WH-MX-RAW-01,2025-09-04,2025-10-03,DELIVERED,19901.79,USD,2025-09-04T00:00:00
PO-2025-02622,PO-002622,SUP-0034,FAC-US-01,WH-US-RAW-01,2025-05-17,2025-06-11,DELIVERED,78042.24,USD,2025-05-17T00:00:00
PO-2025-02623,PO-002623,SUP-0049,FAC-US-01,WH-US-RAW-01,2025-07-04,2025-07-18,OVERDUE,651809.25,USD,2025-07-04T00:00:00
PO-2025-02624,PO-002624,SUP-0009,FAC-US-01,WH-US-RAW-01,2026-05-24,2026-07-17,PENDING,3761.01,USD,2026-05-24T00:00:00
PO-2025-02625,PO-002625,SUP-0003,FAC-EU-01,WH-EU-RAW-01,2025-10-20,2025-11-11,CANCELLED,3025.44,USD,2025-10-20T00:00:00
PO-2025-02626,PO-002626,SUP-0102,FAC-MX-01,WH-MX-RAW-01,2025-11-17,2025-12-12,DELIVERED,18733.83,USD,2025-11-17T00:00:00
PO-2025-02627,PO-002627,SUP-0002,FAC-MX-01,WH-MX-RAW-01,2026-03-07,2026-03-25,DELIVERED,1097.82,USD,2026-03-07T00:00:00
PO-2025-02628,PO-002628,SUP-0019,FAC-APAC-01,WH-APAC-RAW-01,2026-06-08,2026-06-30,PENDING,994.25,USD,2026-06-08T00:00:00
PO-2025-02629,PO-002629,SUP-0007,FAC-APAC-01,WH-APAC-RAW-01,2025-12-02,2025-12-24,DELIVERED,854.05,USD,2025-12-02T00:00:00
PO-2025-02630,PO-002630,SUP-0120,FAC-US-01,WH-US-RAW-01,2026-02-10,2026-03-09,DELIVERED,3079.8,USD,2026-02-10T00:00:00
PO-2025-02631,PO-002631,SUP-0004,FAC-US-01,WH-US-RAW-01,2025-09-09,2025-10-08,DELIVERED,1946.48,USD,2025-09-09T00:00:00
PO-2025-02632,PO-002632,SUP-0004,FAC-APAC-01,WH-APAC-RAW-01,2025-08-31,2025-09-28,DELIVERED,27898.07,USD,2025-08-31T00:00:00
PO-2025-02633,PO-002633,SUP-0003,FAC-EU-01,WH-EU-RAW-01,2025-10-06,2025-10-27,DELIVERED,1018.0,USD,2025-10-06T00:00:00
PO-2025-02634,PO-002634,SUP-0117,FAC-EU-01,WH-EU-RAW-01,2025-12-27,2026-01-22,DELIVERED,11946.6,USD,2025-12-27T00:00:00
PO-2025-02635,PO-002635,SUP-0052,FAC-MX-01,WH-MX-RAW-01,2025-12-30,2026-01-30,DELIVERED,3897.65,USD,2025-12-30T00:00:00
PO-2025-02636,PO-002636,SUP-0074,FAC-US-01,WH-US-RAW-01,2025-09-04,2025-09-27,DELIVERED,1759.36,USD,2025-09-04T00:00:00
PO-2025-02637,PO-002637,SUP-0094,FAC-US-01,WH-US-RAW-01,2025-06-10,2025-06-22,DELIVERED,641818.34,USD,2025-06-10T00:00:00
PO-2025-02638,PO-002638,SUP-0033,FAC-EU-01,WH-EU-RAW-01,2025-12-16,2025-12-29,DELIVERED,326.0,USD,2025-12-16T00:00:00
PO-2025-02639,PO-002639,SUP-0091,FAC-MX-01,WH-MX-RAW-01,2025-06-07,2025-06-21,DELIVERED,24652.16,USD,2025-06-07T00:00:00
PO-2025-02640,PO-002640,SUP-0094,FAC-US-01,WH-US-RAW-01,2025-12-01,2025-12-17,CANCELLED,73870.98,USD,2025-12-01T00:00:00
PO-2025-02641,PO-002641,SUP-0086,FAC-EU-01,WH-EU-RAW-01,2026-01-02,2026-01-11,DELIVERED,32388.36,USD,2026-01-02T00:00:00
PO-2025-02642,PO-002642,SUP-0001,FAC-EU-01,WH-EU-RAW-01,2026-01-04,2026-03-02,DELIVERED,8864.2,USD,2026-01-04T00:00:00
PO-2025-02643,PO-002643,SUP-0031,FAC-EU-01,WH-EU-RAW-01,2026-01-20,2026-03-20,DELIVERED,34885.4,USD,2026-01-20T00:00:00
PO-2025-02644,PO-002644,SUP-0031,FAC-EU-01,WH-EU-RAW-01,2026-03-07,2026-05-07,IN_TRANSIT,43695.96,USD,2026-03-07T00:00:00
PO-2025-02645,PO-002645,SUP-0033,FAC-APAC-01,WH-APAC-RAW-01,2025-11-07,2025-11-20,CANCELLED,54279.36,USD,2025-11-07T00:00:00
PO-2025-02646,PO-002646,SUP-0034,FAC-MX-01,WH-MX-RAW-01,2026-01-13,2026-02-07,DELIVERED,659.23,USD,2026-01-13T00:00:00
PO-2025-02647,PO-002647,SUP-0048,FAC-APAC-01,WH-APAC-RAW-01,2025-12-12,2026-01-12,DELIVERED,40492.26,USD,2025-12-12T00:00:00
PO-2025-02648,PO-002648,SUP-0065,FAC-APAC-01,WH-APAC-RAW-01,2025-07-09,2025-08-11,DELIVERED,9325.95,USD,2025-07-09T00:00:00
PO-2025-02649,PO-002649,SUP-0063,FAC-MX-01,WH-MX-RAW-01,2025-03-12,2025-04-18,DELIVERED,225792.9,USD,2025-03-12T00:00:00
PO-2025-02650,PO-002650,SUP-0012,FAC-EU-01,WH-EU-RAW-01,2025-08-23,2025-09-05,DELIVERED,2010.2,USD,2025-08-23T00:00:00
PO-2025-02651,PO-002651,SUP-0115,FAC-US-01,WH-US-RAW-01,2025-10-20,2025-11-18,DELIVERED,18288.74,USD,2025-10-20T00:00:00
PO-2025-02652,PO-002652,SUP-0098,FAC-APAC-01,WH-APAC-RAW-01,2025-12-12,2026-01-08,DELIVERED,2862.6,USD,2025-12-12T00:00:00
PO-2025-02653,PO-002653,SUP-0084,FAC-US-01,WH-US-RAW-01,2026-02-25,2026-03-23,DELIVERED,20237.28,USD,2026-02-25T00:00:00
PO-2025-02654,PO-002654,SUP-0012,FAC-MX-01,WH-MX-RAW-01,2025-07-14,2025-07-30,CANCELLED,11167.05,USD,2025-07-14T00:00:00
PO-2025-02655,PO-002655,SUP-0004,FAC-APAC-01,WH-APAC-RAW-01,2025-06-05,2025-07-08,DELIVERED,2668.02,USD,2025-06-05T00:00:00
PO-2025-02656,PO-002656,SUP-0026,FAC-US-01,WH-US-RAW-01,2026-04-29,2026-05-28,PENDING,99619.35,USD,2026-04-29T00:00:00
PO-2025-02657,PO-002657,SUP-0025,FAC-APAC-01,WH-APAC-RAW-01,2025-05-25,2025-06-07,DELIVERED,51961.68,USD,2025-05-25T00:00:00
PO-2025-02658,PO-002658,SUP-0063,FAC-MX-01,WH-MX-RAW-01,2025-10-31,2025-12-04,DELIVERED,365869.03,USD,2025-10-31T00:00:00
PO-2025-02659,PO-002659,SUP-0116,FAC-US-01,WH-US-RAW-01,2025-12-03,2025-12-12,DELIVERED,7755.2,USD,2025-12-03T00:00:00
PO-2025-02660,PO-002660,SUP-0029,FAC-US-01,WH-US-RAW-01,2025-11-20,2025-12-26,DELIVERED,93544.31,USD,2025-11-20T00:00:00
PO-2025-02661,PO-002661,SUP-0105,FAC-EU-01,WH-EU-RAW-01,2025-05-09,2025-05-29,DELIVERED,11903.64,USD,2025-05-09T00:00:00
PO-2025-02662,PO-002662,SUP-0010,FAC-EU-01,WH-EU-RAW-01,2025-04-15,2025-04-30,DELIVERED,31644.95,USD,2025-04-15T00:00:00
PO-2025-02663,PO-002663,SUP-0083,FAC-EU-01,WH-EU-RAW-01,2025-05-23,2025-06-22,DELIVERED,24820.73,USD,2025-05-23T00:00:00
PO-2025-02664,PO-002664,SUP-0041,FAC-APAC-01,WH-APAC-RAW-01,2025-12-03,2025-12-21,DELIVERED,1701.16,USD,2025-12-03T00:00:00
PO-2025-02665,PO-002665,SUP-0073,FAC-MX-01,WH-MX-RAW-01,2025-11-21,2025-12-17,DELIVERED,98601.18,USD,2025-11-21T00:00:00
PO-2025-02666,PO-002666,SUP-0043,FAC-APAC-01,WH-APAC-RAW-01,2025-08-01,2025-08-26,DELIVERED,58481.82,USD,2025-08-01T00:00:00
PO-2025-02667,PO-002667,SUP-0065,FAC-APAC-01,WH-APAC-RAW-01,2025-12-17,2026-01-16,CANCELLED,157997.71,USD,2025-12-17T00:00:00
PO-2025-02668,PO-002668,SUP-0120,FAC-APAC-01,WH-APAC-RAW-01,2026-02-13,2026-03-09,OVERDUE,10258.62,USD,2026-02-13T00:00:00
PO-2025-02669,PO-002669,SUP-0020,FAC-US-01,WH-US-RAW-01,2025-03-31,2025-04-16,DELIVERED,32568.95,USD,2025-03-31T00:00:00
PO-2025-02670,PO-002670,SUP-0018,FAC-MX-01,WH-MX-RAW-01,2025-11-07,2025-11-30,DELIVERED,2208.64,USD,2025-11-07T00:00:00
PO-2025-02671,PO-002671,SUP-0002,FAC-US-01,WH-US-RAW-01,2026-01-01,2026-01-23,DELIVERED,103538.62,USD,2026-01-01T00:00:00
PO-2025-02672,PO-002672,SUP-0090,FAC-APAC-01,WH-APAC-RAW-01,2025-08-09,2025-09-02,DELIVERED,361580.06,USD,2025-08-09T00:00:00
PO-2025-02673,PO-002673,SUP-0068,FAC-US-01,WH-US-RAW-01,2025-09-01,2025-09-24,DELIVERED,144731.58,USD,2025-09-01T00:00:00
PO-2025-02674,PO-002674,SUP-0059,FAC-MX-01,WH-MX-RAW-01,2025-12-11,2026-02-08,DELIVERED,87072.21,USD,2025-12-11T00:00:00
PO-2025-02675,PO-002675,SUP-0022,FAC-MX-01,WH-MX-RAW-01,2026-03-18,2026-04-01,DELIVERED,2449.88,USD,2026-03-18T00:00:00
PO-2025-02676,PO-002676,SUP-0019,FAC-APAC-01,WH-APAC-RAW-01,2026-02-09,2026-02-24,DELIVERED,8688.93,USD,2026-02-09T00:00:00
PO-2025-02677,PO-002677,SUP-0112,FAC-APAC-01,WH-APAC-RAW-01,2025-12-02,2025-12-17,DELIVERED,8147.92,USD,2025-12-02T00:00:00
PO-2025-02678,PO-002678,SUP-0094,FAC-EU-01,WH-EU-RAW-01,2026-01-13,2026-01-22,DELIVERED,52759.34,USD,2026-01-13T00:00:00
PO-2025-02679,PO-002679,SUP-0099,FAC-EU-01,WH-EU-RAW-01,2025-09-23,2025-10-07,DELIVERED,28302.12,USD,2025-09-23T00:00:00
PO-2025-02680,PO-002680,SUP-0107,FAC-MX-01,WH-MX-RAW-01,2025-12-18,2026-01-06,DELIVERED,60189.4,USD,2025-12-18T00:00:00
PO-2025-02681,PO-002681,SUP-0005,FAC-MX-01,WH-MX-RAW-01,2025-10-28,2025-11-20,DELIVERED,40854.88,USD,2025-10-28T00:00:00
PO-2025-02682,PO-002682,SUP-0068,FAC-US-01,WH-US-RAW-01,2025-07-11,2025-07-29,DELIVERED,14326.24,USD,2025-07-11T00:00:00
PO-2025-02683,PO-002683,SUP-0033,FAC-EU-01,WH-EU-RAW-01,2026-01-04,2026-01-23,DELIVERED,13883.54,USD,2026-01-04T00:00:00
PO-2025-02684,PO-002684,SUP-0052,FAC-APAC-01,WH-APAC-RAW-01,2025-11-24,2025-12-23,DELIVERED,6819.87,USD,2025-11-24T00:00:00
PO-2025-02685,PO-002685,SUP-0058,FAC-APAC-01,WH-APAC-RAW-01,2025-09-21,2025-10-19,DELIVERED,8127.64,USD,2025-09-21T00:00:00
PO-2025-02686,PO-002686,SUP-0115,FAC-US-01,WH-US-RAW-01,2026-03-25,2026-04-19,IN_TRANSIT,81530.33,USD,2026-03-25T00:00:00
PO-2025-02687,PO-002687,SUP-0110,FAC-EU-01,WH-EU-RAW-01,2025-03-05,2025-03-23,DELIVERED,8197.5,USD,2025-03-05T00:00:00
PO-2025-02688,PO-002688,SUP-0095,FAC-MX-01,WH-MX-RAW-01,2025-09-04,2025-09-15,DELIVERED,10433.36,USD,2025-09-04T00:00:00
PO-2025-02689,PO-002689,SUP-0096,FAC-US-01,WH-US-RAW-01,2025-04-15,2025-05-05,DELIVERED,96709.48,USD,2025-04-15T00:00:00
PO-2025-02690,PO-002690,SUP-0072,FAC-EU-01,WH-EU-RAW-01,2026-01-25,2026-03-18,DELIVERED,52545.06,USD,2026-01-25T00:00:00
PO-2025-02691,PO-002691,SUP-0108,FAC-APAC-01,WH-APAC-RAW-01,2026-01-05,2026-01-27,OVERDUE,12172.17,USD,2026-01-05T00:00:00
PO-2025-02692,PO-002692,SUP-0018,FAC-EU-01,WH-EU-RAW-01,2025-09-10,2025-10-06,DELIVERED,79243.29,USD,2025-09-10T00:00:00
PO-2025-02693,PO-002693,SUP-0051,FAC-APAC-01,WH-APAC-RAW-01,2025-12-28,2026-01-23,DELIVERED,13454.67,USD,2025-12-28T00:00:00
PO-2025-02694,PO-002694,SUP-0053,FAC-US-01,WH-US-RAW-01,2025-10-04,2025-11-12,DELIVERED,28543.0,USD,2025-10-04T00:00:00
PO-2025-02695,PO-002695,SUP-0109,FAC-MX-01,WH-MX-RAW-01,2026-01-21,2026-02-04,DELIVERED,6026.12,USD,2026-01-21T00:00:00
PO-2025-02696,PO-002696,SUP-0065,FAC-US-01,WH-US-RAW-01,2025-10-24,2025-11-25,DELIVERED,299988.02,USD,2025-10-24T00:00:00
PO-2025-02697,PO-002697,SUP-0025,FAC-US-01,WH-US-RAW-01,2025-10-10,2025-10-20,DELIVERED,5079.06,USD,2025-10-10T00:00:00
PO-2025-02698,PO-002698,SUP-0111,FAC-US-01,WH-US-RAW-01,2026-04-08,2026-05-10,IN_TRANSIT,29209.35,USD,2026-04-08T00:00:00
PO-2025-02699,PO-002699,SUP-0082,FAC-APAC-01,WH-APAC-RAW-01,2025-08-09,2025-10-10,OVERDUE,104873.88,USD,2025-08-09T00:00:00
PO-2025-02700,PO-002700,SUP-0095,FAC-US-01,WH-US-RAW-01,2025-06-02,2025-06-20,DELIVERED,36052.65,USD,2025-06-02T00:00:00
PO-2025-02701,PO-002701,SUP-0120,FAC-EU-01,WH-EU-RAW-01,2025-12-02,2025-12-27,DELIVERED,673672.28,USD,2025-12-02T00:00:00
PO-2025-02702,PO-002702,SUP-0096,FAC-APAC-01,WH-APAC-RAW-01,2026-05-04,2026-05-21,PENDING,28176.24,USD,2026-05-04T00:00:00
PO-2025-02703,PO-002703,SUP-0051,FAC-EU-01,WH-EU-RAW-01,2025-09-28,2025-10-21,DELIVERED,25821.18,USD,2025-09-28T00:00:00
PO-2025-02704,PO-002704,SUP-0117,FAC-EU-01,WH-EU-RAW-01,2025-04-20,2025-05-16,DELIVERED,6564.96,USD,2025-04-20T00:00:00
PO-2025-02705,PO-002705,SUP-0120,FAC-MX-01,WH-MX-RAW-01,2025-09-13,2025-10-06,DELIVERED,13586.53,USD,2025-09-13T00:00:00
PO-2025-02706,PO-002706,SUP-0012,FAC-MX-01,WH-MX-RAW-01,2025-11-09,2025-11-27,CANCELLED,118076.02,USD,2025-11-09T00:00:00
PO-2025-02707,PO-002707,SUP-0110,FAC-US-01,WH-US-RAW-01,2025-06-26,2025-07-13,DELIVERED,35905.87,USD,2025-06-26T00:00:00
PO-2025-02708,PO-002708,SUP-0026,FAC-US-01,WH-US-RAW-01,2025-12-23,2026-01-25,DELIVERED,6976.74,USD,2025-12-23T00:00:00
PO-2025-02709,PO-002709,SUP-0029,FAC-US-01,WH-US-RAW-01,2026-06-14,2026-07-15,PENDING,120025.75,USD,2026-06-14T00:00:00
PO-2025-02710,PO-002710,SUP-0098,FAC-APAC-01,WH-APAC-RAW-01,2025-10-23,2025-11-13,OVERDUE,4503.38,USD,2025-10-23T00:00:00
PO-2025-02711,PO-002711,SUP-0015,FAC-US-01,WH-US-RAW-01,2025-09-19,2025-11-17,DELIVERED,88544.62,USD,2025-09-19T00:00:00
PO-2025-02712,PO-002712,SUP-0100,FAC-US-01,WH-US-RAW-01,2025-10-06,2025-10-21,DELIVERED,46519.14,USD,2025-10-06T00:00:00
PO-2025-02713,PO-002713,SUP-0011,FAC-APAC-01,WH-APAC-RAW-01,2025-05-30,2025-06-24,DELIVERED,141389.48,USD,2025-05-30T00:00:00
PO-2025-02714,PO-002714,SUP-0001,FAC-EU-01,WH-EU-RAW-01,2026-03-11,2026-05-09,IN_TRANSIT,20549.7,USD,2026-03-11T00:00:00
PO-2025-02715,PO-002715,SUP-0059,FAC-MX-01,WH-MX-RAW-01,2025-10-10,2025-12-12,DELIVERED,113970.78,USD,2025-10-10T00:00:00
PO-2025-02716,PO-002716,SUP-0051,FAC-EU-01,WH-EU-RAW-01,2025-10-01,2025-10-24,DELIVERED,311898.88,USD,2025-10-01T00:00:00
PO-2025-02717,PO-002717,SUP-0105,FAC-US-01,WH-US-RAW-01,2025-12-23,2026-01-15,DELIVERED,375035.7,USD,2025-12-23T00:00:00
PO-2025-02718,PO-002718,SUP-0003,FAC-US-01,WH-US-RAW-01,2025-10-20,2025-11-10,OVERDUE,57759.1,USD,2025-10-20T00:00:00
PO-2025-02719,PO-002719,SUP-0004,FAC-MX-01,WH-MX-RAW-01,2025-12-20,2026-01-22,DELIVERED,128122.5,USD,2025-12-20T00:00:00
PO-2025-02720,PO-002720,SUP-0009,FAC-APAC-01,WH-APAC-RAW-01,2025-04-19,2025-06-13,CANCELLED,646.12,USD,2025-04-19T00:00:00
PO-2025-02721,PO-002721,SUP-0062,FAC-APAC-01,WH-APAC-RAW-01,2026-02-10,2026-03-18,DELIVERED,68377.98,USD,2026-02-10T00:00:00
PO-2025-02722,PO-002722,SUP-0078,FAC-MX-01,WH-MX-RAW-01,2026-04-12,2026-05-03,IN_TRANSIT,82463.19,USD,2026-04-12T00:00:00
PO-2025-02723,PO-002723,SUP-0046,FAC-US-01,WH-US-RAW-01,2025-12-20,2026-01-16,DELIVERED,2437.08,USD,2025-12-20T00:00:00
PO-2025-02724,PO-002724,SUP-0040,FAC-APAC-01,WH-APAC-RAW-01,2026-04-22,2026-05-13,PENDING,65509.11,USD,2026-04-22T00:00:00
PO-2025-02725,PO-002725,SUP-0003,FAC-MX-01,WH-MX-RAW-01,2025-06-20,2025-07-12,DELIVERED,10584.45,USD,2025-06-20T00:00:00
PO-2025-02726,PO-002726,SUP-0031,FAC-MX-01,WH-MX-RAW-01,2025-10-31,2026-01-02,CANCELLED,352291.69,USD,2025-10-31T00:00:00
PO-2025-02727,PO-002727,SUP-0100,FAC-MX-01,WH-MX-RAW-01,2025-12-07,2025-12-20,DELIVERED,6229.2,USD,2025-12-07T00:00:00
PO-2025-02728,PO-002728,SUP-0107,FAC-US-01,WH-US-RAW-01,2025-12-02,2025-12-20,DELIVERED,21055.92,USD,2025-12-02T00:00:00
PO-2025-02729,PO-002729,SUP-0101,FAC-MX-01,WH-MX-RAW-01,2025-10-06,2025-11-01,DELIVERED,36007.02,USD,2025-10-06T00:00:00
PO-2025-02730,PO-002730,SUP-0094,FAC-EU-01,WH-EU-RAW-01,2025-09-13,2025-09-29,DELIVERED,8933.08,USD,2025-09-13T00:00:00
PO-2025-02731,PO-002731,SUP-0074,FAC-EU-01,WH-EU-RAW-01,2025-06-06,2025-06-27,DELIVERED,19425.0,USD,2025-06-06T00:00:00
PO-2025-02732,PO-002732,SUP-0012,FAC-EU-01,WH-EU-RAW-01,2025-10-03,2025-10-19,CANCELLED,132258.9,USD,2025-10-03T00:00:00
PO-2025-02733,PO-002733,SUP-0023,FAC-MX-01,WH-MX-RAW-01,2025-06-27,2025-07-11,DELIVERED,4969.61,USD,2025-06-27T00:00:00
PO-2025-02734,PO-002734,SUP-0013,FAC-EU-01,WH-EU-RAW-01,2026-01-14,2026-02-05,OVERDUE,174479.77,USD,2026-01-14T00:00:00
PO-2025-02735,PO-002735,SUP-0069,FAC-MX-01,WH-MX-RAW-01,2025-07-20,2025-08-10,CANCELLED,24797.03,USD,2025-07-20T00:00:00
PO-2025-02736,PO-002736,SUP-0106,FAC-EU-01,WH-EU-RAW-01,2025-04-17,2025-05-20,DELIVERED,954.18,USD,2025-04-17T00:00:00
PO-2025-02737,PO-002737,SUP-0091,FAC-MX-01,WH-MX-RAW-01,2025-11-23,2025-12-11,DELIVERED,10652.84,USD,2025-11-23T00:00:00
PO-2025-02738,PO-002738,SUP-0058,FAC-EU-01,WH-EU-RAW-01,2025-12-05,2026-01-03,DELIVERED,3903.75,USD,2025-12-05T00:00:00
PO-2025-02739,PO-002739,SUP-0116,FAC-US-01,WH-US-RAW-01,2026-03-06,2026-03-17,OVERDUE,10910.09,USD,2026-03-06T00:00:00
PO-2025-02740,PO-002740,SUP-0113,FAC-US-01,WH-US-RAW-01,2025-11-30,2025-12-19,DELIVERED,55903.36,USD,2025-11-30T00:00:00
PO-2025-02741,PO-002741,SUP-0062,FAC-APAC-01,WH-APAC-RAW-01,2025-09-16,2025-10-23,DELIVERED,9231.24,USD,2025-09-16T00:00:00
PO-2025-02742,PO-002742,SUP-0075,FAC-MX-01,WH-MX-RAW-01,2026-02-06,2026-03-02,DELIVERED,82336.43,USD,2026-02-06T00:00:00
PO-2025-02743,PO-002743,SUP-0020,FAC-EU-01,WH-EU-RAW-01,2025-11-19,2025-12-07,OVERDUE,987.0,USD,2025-11-19T00:00:00
PO-2025-02744,PO-002744,SUP-0004,FAC-US-01,WH-US-RAW-01,2025-05-04,2025-06-06,CANCELLED,39131.63,USD,2025-05-04T00:00:00
PO-2025-02745,PO-002745,SUP-0055,FAC-EU-01,WH-EU-RAW-01,2025-11-27,2025-12-19,DELIVERED,30499.57,USD,2025-11-27T00:00:00
PO-2025-02746,PO-002746,SUP-0001,FAC-APAC-01,WH-APAC-RAW-01,2026-03-24,2026-05-24,IN_TRANSIT,69955.72,USD,2026-03-24T00:00:00
PO-2025-02747,PO-002747,SUP-0086,FAC-APAC-01,WH-APAC-RAW-01,2025-10-04,2025-10-13,DELIVERED,14077.44,USD,2025-10-04T00:00:00
PO-2025-02748,PO-002748,SUP-0099,FAC-US-01,WH-US-RAW-01,2025-08-28,2025-09-10,DELIVERED,600365.01,USD,2025-08-28T00:00:00
PO-2025-02749,PO-002749,SUP-0003,FAC-APAC-01,WH-APAC-RAW-01,2025-06-16,2025-07-06,DELIVERED,2407.95,USD,2025-06-16T00:00:00
PO-2025-02750,PO-002750,SUP-0048,FAC-EU-01,WH-EU-RAW-01,2025-06-20,2025-07-19,DELIVERED,122398.9,USD,2025-06-20T00:00:00
PO-2025-02751,PO-002751,SUP-0033,FAC-US-01,WH-US-RAW-01,2025-10-17,2025-11-03,DELIVERED,72830.59,USD,2025-10-17T00:00:00
PO-2025-02752,PO-002752,SUP-0119,FAC-US-01,WH-US-RAW-01,2025-12-06,2026-01-11,DELIVERED,904.64,USD,2025-12-06T00:00:00
PO-2025-02753,PO-002753,SUP-0084,FAC-MX-01,WH-MX-RAW-01,2025-05-05,2025-05-30,DELIVERED,12834.97,USD,2025-05-05T00:00:00
PO-2025-02754,PO-002754,SUP-0089,FAC-MX-01,WH-MX-RAW-01,2026-04-11,2026-04-30,IN_TRANSIT,57688.9,USD,2026-04-11T00:00:00
PO-2025-02755,PO-002755,SUP-0039,FAC-US-01,WH-US-RAW-01,2026-01-21,2026-02-20,DELIVERED,29787.66,USD,2026-01-21T00:00:00
PO-2025-02756,PO-002756,SUP-0086,FAC-EU-01,WH-EU-RAW-01,2025-12-03,2025-12-17,DELIVERED,197603.0,USD,2025-12-03T00:00:00
PO-2025-02757,PO-002757,SUP-0084,FAC-MX-01,WH-MX-RAW-01,2026-02-16,2026-03-12,DELIVERED,10004.32,USD,2026-02-16T00:00:00
PO-2025-02758,PO-002758,SUP-0064,FAC-APAC-01,WH-APAC-RAW-01,2025-05-05,2025-05-28,DELIVERED,2361.0,USD,2025-05-05T00:00:00
PO-2025-02759,PO-002759,SUP-0041,FAC-APAC-01,WH-APAC-RAW-01,2025-10-31,2025-11-17,DELIVERED,220145.45,USD,2025-10-31T00:00:00
PO-2025-02760,PO-002760,SUP-0082,FAC-MX-01,WH-MX-RAW-01,2025-12-15,2026-02-19,DELIVERED,13788.32,USD,2025-12-15T00:00:00
PO-2025-02761,PO-002761,SUP-0005,FAC-MX-01,WH-MX-RAW-01,2026-02-16,2026-03-13,DELIVERED,23731.2,USD,2026-02-16T00:00:00
PO-2025-02762,PO-002762,SUP-0013,FAC-APAC-01,WH-APAC-RAW-01,2026-01-30,2026-02-18,DELIVERED,49731.64,USD,2026-01-30T00:00:00
PO-2025-02763,PO-002763,SUP-0104,FAC-EU-01,WH-EU-RAW-01,2025-08-20,2025-09-21,DELIVERED,19849.34,USD,2025-08-20T00:00:00
PO-2025-02764,PO-002764,SUP-0085,FAC-MX-01,WH-MX-RAW-01,2026-04-12,2026-04-24,IN_TRANSIT,1564.68,USD,2026-04-12T00:00:00
PO-2025-02765,PO-002765,SUP-0087,FAC-MX-01,WH-MX-RAW-01,2025-06-04,2025-06-24,DELIVERED,154291.35,USD,2025-06-04T00:00:00
PO-2025-02766,PO-002766,SUP-0080,FAC-US-01,WH-US-RAW-01,2026-03-08,2026-04-08,DELIVERED,47930.63,USD,2026-03-08T00:00:00
PO-2025-02767,PO-002767,SUP-0008,FAC-EU-01,WH-EU-RAW-01,2026-05-06,2026-06-10,PENDING,6050.8,USD,2026-05-06T00:00:00
PO-2025-02768,PO-002768,SUP-0035,FAC-EU-01,WH-EU-RAW-01,2025-07-04,2025-08-23,DELIVERED,32832.2,USD,2025-07-04T00:00:00
PO-2025-02769,PO-002769,SUP-0095,FAC-MX-01,WH-MX-RAW-01,2026-01-11,2026-01-28,OVERDUE,2923.2,USD,2026-01-11T00:00:00
PO-2025-02770,PO-002770,SUP-0047,FAC-APAC-01,WH-APAC-RAW-01,2025-03-30,2025-04-16,DELIVERED,56070.52,USD,2025-03-30T00:00:00
PO-2025-02771,PO-002771,SUP-0048,FAC-APAC-01,WH-APAC-RAW-01,2025-10-07,2025-11-10,OVERDUE,65936.28,USD,2025-10-07T00:00:00
PO-2025-02772,PO-002772,SUP-0081,FAC-EU-01,WH-EU-RAW-01,2025-11-12,2025-12-18,OVERDUE,42897.17,USD,2025-11-12T00:00:00
PO-2025-02773,PO-002773,SUP-0001,FAC-APAC-01,WH-APAC-RAW-01,2025-12-01,2026-01-28,DELIVERED,80346.06,USD,2025-12-01T00:00:00
PO-2025-02774,PO-002774,SUP-0041,FAC-US-01,WH-US-RAW-01,2026-04-09,2026-04-27,IN_TRANSIT,779602.35,USD,2026-04-09T00:00:00
PO-2025-02775,PO-002775,SUP-0093,FAC-EU-01,WH-EU-RAW-01,2025-12-27,2026-02-06,DELIVERED,25691.48,USD,2025-12-27T00:00:00
PO-2025-02776,PO-002776,SUP-0035,FAC-US-01,WH-US-RAW-01,2025-11-01,2025-12-18,OVERDUE,58802.9,USD,2025-11-01T00:00:00
PO-2025-02777,PO-002777,SUP-0015,FAC-MX-01,WH-MX-RAW-01,2026-02-09,2026-04-09,DELIVERED,2259.68,USD,2026-02-09T00:00:00
PO-2025-02778,PO-002778,SUP-0026,FAC-EU-01,WH-EU-RAW-01,2026-04-19,2026-05-20,PENDING,8446.64,USD,2026-04-19T00:00:00
PO-2025-02779,PO-002779,SUP-0018,FAC-APAC-01,WH-APAC-RAW-01,2025-03-07,2025-03-30,DELIVERED,43685.52,USD,2025-03-07T00:00:00
PO-2025-02780,PO-002780,SUP-0094,FAC-US-01,WH-US-RAW-01,2026-05-18,2026-05-31,PENDING,33714.23,USD,2026-05-18T00:00:00
PO-2025-02781,PO-002781,SUP-0019,FAC-APAC-01,WH-APAC-RAW-01,2025-05-09,2025-05-29,CANCELLED,422355.99,USD,2025-05-09T00:00:00
PO-2025-02782,PO-002782,SUP-0005,FAC-EU-01,WH-EU-RAW-01,2026-02-11,2026-03-02,DELIVERED,40230.3,USD,2026-02-11T00:00:00
PO-2025-02783,PO-002783,SUP-0096,FAC-US-01,WH-US-RAW-01,2025-08-21,2025-09-10,DELIVERED,77955.67,USD,2025-08-21T00:00:00
PO-2025-02784,PO-002784,SUP-0079,FAC-EU-01,WH-EU-RAW-01,2025-06-09,2025-07-05,DELIVERED,135575.47,USD,2025-06-09T00:00:00
PO-2025-02785,PO-002785,SUP-0046,FAC-APAC-01,WH-APAC-RAW-01,2025-10-19,2025-11-14,DELIVERED,20705.48,USD,2025-10-19T00:00:00
PO-2025-02786,PO-002786,SUP-0039,FAC-EU-01,WH-EU-RAW-01,2025-12-19,2026-01-16,DELIVERED,98644.68,USD,2025-12-19T00:00:00
PO-2025-02787,PO-002787,SUP-0027,FAC-MX-01,WH-MX-RAW-01,2025-09-29,2025-10-24,DELIVERED,38643.54,USD,2025-09-29T00:00:00
PO-2025-02788,PO-002788,SUP-0099,FAC-US-01,WH-US-RAW-01,2025-04-13,2025-04-29,DELIVERED,404586.0,USD,2025-04-13T00:00:00
PO-2025-02789,PO-002789,SUP-0012,FAC-APAC-01,WH-APAC-RAW-01,2025-12-07,2025-12-23,DELIVERED,60900.76,USD,2025-12-07T00:00:00
PO-2025-02790,PO-002790,SUP-0104,FAC-EU-01,WH-EU-RAW-01,2026-03-21,2026-04-25,IN_TRANSIT,10957.1,USD,2026-03-21T00:00:00
PO-2025-02791,PO-002791,SUP-0105,FAC-EU-01,WH-EU-RAW-01,2025-09-30,2025-10-18,DELIVERED,56124.15,USD,2025-09-30T00:00:00
PO-2025-02792,PO-002792,SUP-0059,FAC-US-01,WH-US-RAW-01,2025-07-24,2025-09-25,DELIVERED,139023.92,USD,2025-07-24T00:00:00
PO-2025-02793,PO-002793,SUP-0008,FAC-EU-01,WH-EU-RAW-01,2025-10-20,2025-11-19,DELIVERED,4586.4,USD,2025-10-20T00:00:00
PO-2025-02794,PO-002794,SUP-0116,FAC-APAC-01,WH-APAC-RAW-01,2025-04-07,2025-04-15,OVERDUE,183503.55,USD,2025-04-07T00:00:00
PO-2025-02795,PO-002795,SUP-0059,FAC-US-01,WH-US-RAW-01,2026-02-13,2026-04-15,DELIVERED,2636.7,USD,2026-02-13T00:00:00
PO-2025-02796,PO-002796,SUP-0118,FAC-MX-01,WH-MX-RAW-01,2026-02-15,2026-03-19,DELIVERED,24885.57,USD,2026-02-15T00:00:00
PO-2025-02797,PO-002797,SUP-0013,FAC-APAC-01,WH-APAC-RAW-01,2025-12-03,2025-12-21,DELIVERED,46839.94,USD,2025-12-03T00:00:00
PO-2025-02798,PO-002798,SUP-0062,FAC-MX-01,WH-MX-RAW-01,2025-09-19,2025-10-25,DELIVERED,14521.32,USD,2025-09-19T00:00:00
PO-2025-02799,PO-002799,SUP-0012,FAC-EU-01,WH-EU-RAW-01,2026-02-05,2026-02-23,DELIVERED,14796.54,USD,2026-02-05T00:00:00
PO-2025-02800,PO-002800,SUP-0012,FAC-EU-01,WH-EU-RAW-01,2025-11-24,2025-12-08,DELIVERED,31574.28,USD,2025-11-24T00:00:00
PO-2025-02801,PO-002801,SUP-0049,FAC-US-01,WH-US-RAW-01,2026-02-15,2026-03-01,DELIVERED,60650.27,USD,2026-02-15T00:00:00
PO-2025-02802,PO-002802,SUP-0119,FAC-MX-01,WH-MX-RAW-01,2025-12-16,2026-01-17,DELIVERED,18614.27,USD,2025-12-16T00:00:00
PO-2025-02803,PO-002803,SUP-0113,FAC-MX-01,WH-MX-RAW-01,2026-01-31,2026-02-21,DELIVERED,10336.0,USD,2026-01-31T00:00:00
PO-2025-02804,PO-002804,SUP-0042,FAC-EU-01,WH-EU-RAW-01,2025-12-06,2026-01-02,DELIVERED,2974.8,USD,2025-12-06T00:00:00
PO-2025-02805,PO-002805,SUP-0025,FAC-MX-01,WH-MX-RAW-01,2025-10-10,2025-10-19,DELIVERED,400161.3,USD,2025-10-10T00:00:00
PO-2025-02806,PO-002806,SUP-0057,FAC-MX-01,WH-MX-RAW-01,2026-04-24,2026-05-16,PENDING,72797.0,USD,2026-04-24T00:00:00
PO-2025-02807,PO-002807,SUP-0052,FAC-APAC-01,WH-APAC-RAW-01,2025-11-20,2025-12-21,DELIVERED,34046.1,USD,2025-11-20T00:00:00
PO-2025-02808,PO-002808,SUP-0031,FAC-EU-01,WH-EU-RAW-01,2025-12-08,2026-02-08,DELIVERED,87800.68,USD,2025-12-08T00:00:00
PO-2025-02809,PO-002809,SUP-0097,FAC-APAC-01,WH-APAC-RAW-01,2025-07-26,2025-08-27,DELIVERED,126993.94,USD,2025-07-26T00:00:00
PO-2025-02810,PO-002810,SUP-0093,FAC-MX-01,WH-MX-RAW-01,2025-12-14,2026-01-27,DELIVERED,84241.67,USD,2025-12-14T00:00:00
PO-2025-02811,PO-002811,SUP-0019,FAC-APAC-01,WH-APAC-RAW-01,2025-11-29,2025-12-20,DELIVERED,528.38,USD,2025-11-29T00:00:00
PO-2025-02812,PO-002812,SUP-0029,FAC-EU-01,WH-EU-RAW-01,2025-07-08,2025-08-13,DELIVERED,1210.95,USD,2025-07-08T00:00:00
PO-2025-02813,PO-002813,SUP-0049,FAC-APAC-01,WH-APAC-RAW-01,2025-04-18,2025-05-06,DELIVERED,7219.44,USD,2025-04-18T00:00:00
PO-2025-02814,PO-002814,SUP-0087,FAC-EU-01,WH-EU-RAW-01,2025-12-08,2025-12-28,DELIVERED,86072.22,USD,2025-12-08T00:00:00
PO-2025-02815,PO-002815,SUP-0119,FAC-EU-01,WH-EU-RAW-01,2026-01-24,2026-03-01,DELIVERED,2440.68,USD,2026-01-24T00:00:00
PO-2025-02816,PO-002816,SUP-0120,FAC-APAC-01,WH-APAC-RAW-01,2025-11-14,2025-12-08,DELIVERED,26751.33,USD,2025-11-14T00:00:00
PO-2025-02817,PO-002817,SUP-0039,FAC-EU-01,WH-EU-RAW-01,2025-07-29,2025-08-30,DELIVERED,3161.32,USD,2025-07-29T00:00:00
PO-2025-02818,PO-002818,SUP-0099,FAC-APAC-01,WH-APAC-RAW-01,2025-12-25,2026-01-05,DELIVERED,109242.69,USD,2025-12-25T00:00:00
PO-2025-02819,PO-002819,SUP-0076,FAC-APAC-01,WH-APAC-RAW-01,2025-05-05,2025-06-07,DELIVERED,17490.09,USD,2025-05-05T00:00:00
PO-2025-02820,PO-002820,SUP-0019,FAC-EU-01,WH-EU-RAW-01,2025-10-20,2025-11-04,OVERDUE,21613.41,USD,2025-10-20T00:00:00
PO-2025-02821,PO-002821,SUP-0082,FAC-MX-01,WH-MX-RAW-01,2025-06-27,2025-09-03,DELIVERED,26712.3,USD,2025-06-27T00:00:00
PO-2025-02822,PO-002822,SUP-0064,FAC-APAC-01,WH-APAC-RAW-01,2025-07-08,2025-08-02,DELIVERED,10020.6,USD,2025-07-08T00:00:00
PO-2025-02823,PO-002823,SUP-0092,FAC-EU-01,WH-EU-RAW-01,2025-07-17,2025-08-09,OVERDUE,92491.2,USD,2025-07-17T00:00:00
PO-2025-02824,PO-002824,SUP-0043,FAC-EU-01,WH-EU-RAW-01,2025-10-01,2025-10-28,OVERDUE,357700.35,USD,2025-10-01T00:00:00
PO-2025-02825,PO-002825,SUP-0118,FAC-EU-01,WH-EU-RAW-01,2025-04-10,2025-05-12,DELIVERED,1531.76,USD,2025-04-10T00:00:00
PO-2025-02826,PO-002826,SUP-0012,FAC-MX-01,WH-MX-RAW-01,2025-10-05,2025-10-23,DELIVERED,83380.53,USD,2025-10-05T00:00:00
PO-2025-02827,PO-002827,SUP-0117,FAC-MX-01,WH-MX-RAW-01,2025-11-11,2025-12-08,DELIVERED,19832.25,USD,2025-11-11T00:00:00
PO-2025-02828,PO-002828,SUP-0116,FAC-EU-01,WH-EU-RAW-01,2025-11-02,2025-11-11,DELIVERED,115495.44,USD,2025-11-02T00:00:00
PO-2025-02829,PO-002829,SUP-0103,FAC-MX-01,WH-MX-RAW-01,2025-09-29,2025-11-16,DELIVERED,7029.42,USD,2025-09-29T00:00:00
PO-2025-02830,PO-002830,SUP-0095,FAC-MX-01,WH-MX-RAW-01,2026-02-20,2026-03-04,DELIVERED,115475.61,USD,2026-02-20T00:00:00
PO-2025-02831,PO-002831,SUP-0012,FAC-EU-01,WH-EU-RAW-01,2025-06-17,2025-07-03,CANCELLED,32547.6,USD,2025-06-17T00:00:00
PO-2025-02832,PO-002832,SUP-0077,FAC-US-01,WH-US-RAW-01,2025-11-09,2025-12-05,DELIVERED,16193.1,USD,2025-11-09T00:00:00
PO-2025-02833,PO-002833,SUP-0097,FAC-APAC-01,WH-APAC-RAW-01,2025-04-20,2025-05-25,DELIVERED,3718.83,USD,2025-04-20T00:00:00
PO-2025-02834,PO-002834,SUP-0095,FAC-EU-01,WH-EU-RAW-01,2025-04-28,2025-05-09,DELIVERED,22339.66,USD,2025-04-28T00:00:00
PO-2025-02835,PO-002835,SUP-0036,FAC-EU-01,WH-EU-RAW-01,2025-11-29,2025-12-10,DELIVERED,15627.58,USD,2025-11-29T00:00:00
PO-2025-02836,PO-002836,SUP-0018,FAC-US-01,WH-US-RAW-01,2025-11-27,2025-12-18,DELIVERED,72669.87,USD,2025-11-27T00:00:00
PO-2025-02837,PO-002837,SUP-0052,FAC-EU-01,WH-EU-RAW-01,2026-03-09,2026-04-02,DELIVERED,1760.92,USD,2026-03-09T00:00:00
PO-2025-02838,PO-002838,SUP-0093,FAC-EU-01,WH-EU-RAW-01,2025-11-25,2026-01-08,DELIVERED,23226.84,USD,2025-11-25T00:00:00
PO-2025-02839,PO-002839,SUP-0019,FAC-EU-01,WH-EU-RAW-01,2026-04-26,2026-05-12,PENDING,52376.1,USD,2026-04-26T00:00:00
PO-2025-02840,PO-002840,SUP-0004,FAC-EU-01,WH-EU-RAW-01,2025-04-07,2025-05-04,DELIVERED,4350.22,USD,2025-04-07T00:00:00
PO-2025-02841,PO-002841,SUP-0090,FAC-MX-01,WH-MX-RAW-01,2025-05-18,2025-06-15,DELIVERED,73554.59,USD,2025-05-18T00:00:00
PO-2025-02842,PO-002842,SUP-0011,FAC-MX-01,WH-MX-RAW-01,2025-04-03,2025-04-28,DELIVERED,13818.02,USD,2025-04-03T00:00:00
PO-2025-02843,PO-002843,SUP-0010,FAC-US-01,WH-US-RAW-01,2025-07-09,2025-07-31,DELIVERED,31129.35,USD,2025-07-09T00:00:00
PO-2025-02844,PO-002844,SUP-0036,FAC-EU-01,WH-EU-RAW-01,2025-11-20,2025-12-02,DELIVERED,2872.44,USD,2025-11-20T00:00:00
PO-2025-02845,PO-002845,SUP-0042,FAC-MX-01,WH-MX-RAW-01,2025-12-20,2026-01-12,DELIVERED,1891.44,USD,2025-12-20T00:00:00
PO-2025-02846,PO-002846,SUP-0029,FAC-APAC-01,WH-APAC-RAW-01,2025-04-04,2025-05-09,DELIVERED,16195.46,USD,2025-04-04T00:00:00
PO-2025-02847,PO-002847,SUP-0059,FAC-MX-01,WH-MX-RAW-01,2026-04-16,2026-06-13,PENDING,85253.96,USD,2026-04-16T00:00:00
PO-2025-02848,PO-002848,SUP-0091,FAC-US-01,WH-US-RAW-01,2026-02-21,2026-03-10,DELIVERED,12029.97,USD,2026-02-21T00:00:00
PO-2025-02849,PO-002849,SUP-0004,FAC-EU-01,WH-EU-RAW-01,2025-08-28,2025-09-27,DELIVERED,35163.45,USD,2025-08-28T00:00:00
PO-2025-02850,PO-002850,SUP-0012,FAC-US-01,WH-US-RAW-01,2025-05-03,2025-05-15,DELIVERED,99862.8,USD,2025-05-03T00:00:00
PO-2025-02851,PO-002851,SUP-0012,FAC-EU-01,WH-EU-RAW-01,2025-07-01,2025-07-15,DELIVERED,31739.65,USD,2025-07-01T00:00:00
PO-2025-02852,PO-002852,SUP-0078,FAC-EU-01,WH-EU-RAW-01,2025-06-06,2025-06-23,OVERDUE,25999.22,USD,2025-06-06T00:00:00
PO-2025-02853,PO-002853,SUP-0084,FAC-MX-01,WH-MX-RAW-01,2025-06-04,2025-07-01,DELIVERED,263472.33,USD,2025-06-04T00:00:00
PO-2025-02854,PO-002854,SUP-0102,FAC-EU-01,WH-EU-RAW-01,2025-11-13,2025-12-11,DELIVERED,170432.08,USD,2025-11-13T00:00:00
PO-2025-02855,PO-002855,SUP-0112,FAC-MX-01,WH-MX-RAW-01,2025-08-06,2025-08-25,DELIVERED,1236.24,USD,2025-08-06T00:00:00
PO-2025-02856,PO-002856,SUP-0084,FAC-MX-01,WH-MX-RAW-01,2025-09-20,2025-10-14,CANCELLED,25491.2,USD,2025-09-20T00:00:00
PO-2025-02857,PO-002857,SUP-0094,FAC-EU-01,WH-EU-RAW-01,2026-05-27,2026-06-11,PENDING,128196.02,USD,2026-05-27T00:00:00
PO-2025-02858,PO-002858,SUP-0110,FAC-APAC-01,WH-APAC-RAW-01,2025-12-30,2026-01-12,DELIVERED,53153.81,USD,2025-12-30T00:00:00
PO-2025-02859,PO-002859,SUP-0080,FAC-APAC-01,WH-APAC-RAW-01,2026-04-18,2026-05-18,PENDING,20753.35,USD,2026-04-18T00:00:00
PO-2025-02860,PO-002860,SUP-0048,FAC-US-01,WH-US-RAW-01,2025-06-15,2025-07-18,DELIVERED,1440.75,USD,2025-06-15T00:00:00
PO-2025-02861,PO-002861,SUP-0039,FAC-APAC-01,WH-APAC-RAW-01,2025-09-29,2025-10-29,DELIVERED,3844.6,USD,2025-09-29T00:00:00
PO-2025-02862,PO-002862,SUP-0096,FAC-US-01,WH-US-RAW-01,2025-11-24,2025-12-10,DELIVERED,3085.24,USD,2025-11-24T00:00:00
PO-2025-02863,PO-002863,SUP-0024,FAC-US-01,WH-US-RAW-01,2025-05-02,2025-05-15,DELIVERED,77267.94,USD,2025-05-02T00:00:00
PO-2025-02864,PO-002864,SUP-0082,FAC-US-01,WH-US-RAW-01,2025-01-29,2025-04-06,OVERDUE,7525.6,USD,2025-01-29T00:00:00
PO-2025-02865,PO-002865,SUP-0095,FAC-US-01,WH-US-RAW-01,2025-12-26,2026-01-13,OVERDUE,4026.73,USD,2025-12-26T00:00:00
PO-2025-02866,PO-002866,SUP-0019,FAC-EU-01,WH-EU-RAW-01,2025-12-19,2026-01-05,DELIVERED,45928.41,USD,2025-12-19T00:00:00
PO-2025-02867,PO-002867,SUP-0024,FAC-US-01,WH-US-RAW-01,2025-10-09,2025-10-27,DELIVERED,20882.88,USD,2025-10-09T00:00:00
PO-2025-02868,PO-002868,SUP-0093,FAC-EU-01,WH-EU-RAW-01,2025-11-04,2025-12-21,DELIVERED,44728.3,USD,2025-11-04T00:00:00
PO-2025-02869,PO-002869,SUP-0105,FAC-APAC-01,WH-APAC-RAW-01,2025-10-11,2025-10-27,DELIVERED,4556.25,USD,2025-10-11T00:00:00
PO-2025-02870,PO-002870,SUP-0030,FAC-MX-01,WH-MX-RAW-01,2025-03-10,2025-04-14,DELIVERED,8869.25,USD,2025-03-10T00:00:00
PO-2025-02871,PO-002871,SUP-0115,FAC-MX-01,WH-MX-RAW-01,2025-09-12,2025-10-07,DELIVERED,2539.2,USD,2025-09-12T00:00:00
PO-2025-02872,PO-002872,SUP-0040,FAC-MX-01,WH-MX-RAW-01,2025-07-04,2025-07-31,CANCELLED,32758.34,USD,2025-07-04T00:00:00
PO-2025-02873,PO-002873,SUP-0081,FAC-US-01,WH-US-RAW-01,2025-05-18,2025-06-23,DELIVERED,22572.0,USD,2025-05-18T00:00:00
PO-2025-02874,PO-002874,SUP-0061,FAC-US-01,WH-US-RAW-01,2026-04-23,2026-05-05,PENDING,91875.73,USD,2026-04-23T00:00:00
PO-2025-02875,PO-002875,SUP-0032,FAC-MX-01,WH-MX-RAW-01,2025-12-07,2026-01-12,DELIVERED,113803.5,USD,2025-12-07T00:00:00
PO-2025-02876,PO-002876,SUP-0063,FAC-US-01,WH-US-RAW-01,2026-01-13,2026-02-20,DELIVERED,107856.06,USD,2026-01-13T00:00:00
PO-2025-02877,PO-002877,SUP-0076,FAC-APAC-01,WH-APAC-RAW-01,2025-09-04,2025-10-12,DELIVERED,94565.13,USD,2025-09-04T00:00:00
PO-2025-02878,PO-002878,SUP-0108,FAC-EU-01,WH-EU-RAW-01,2025-10-03,2025-10-21,DELIVERED,77633.3,USD,2025-10-03T00:00:00
PO-2025-02879,PO-002879,SUP-0008,FAC-EU-01,WH-EU-RAW-01,2025-08-02,2025-09-01,DELIVERED,237556.24,USD,2025-08-02T00:00:00
PO-2025-02880,PO-002880,SUP-0081,FAC-APAC-01,WH-APAC-RAW-01,2025-05-17,2025-06-25,DELIVERED,5317.5,USD,2025-05-17T00:00:00
PO-2025-02881,PO-002881,SUP-0018,FAC-MX-01,WH-MX-RAW-01,2025-07-05,2025-07-27,DELIVERED,125058.92,USD,2025-07-05T00:00:00
PO-2025-02882,PO-002882,SUP-0001,FAC-US-01,WH-US-RAW-01,2026-02-04,2026-04-04,DELIVERED,36395.94,USD,2026-02-04T00:00:00
PO-2025-02883,PO-002883,SUP-0017,FAC-APAC-01,WH-APAC-RAW-01,2025-12-28,2026-02-22,DELIVERED,13836.9,USD,2025-12-28T00:00:00
PO-2025-02884,PO-002884,SUP-0087,FAC-EU-01,WH-EU-RAW-01,2025-11-21,2025-12-09,DELIVERED,469555.76,USD,2025-11-21T00:00:00
PO-2025-02885,PO-002885,SUP-0103,FAC-US-01,WH-US-RAW-01,2025-10-30,2025-12-17,DELIVERED,56016.7,USD,2025-10-30T00:00:00
PO-2025-02886,PO-002886,SUP-0018,FAC-MX-01,WH-MX-RAW-01,2026-04-01,2026-04-24,IN_TRANSIT,93813.32,USD,2026-04-01T00:00:00
PO-2025-02887,PO-002887,SUP-0081,FAC-EU-01,WH-EU-RAW-01,2025-04-29,2025-06-04,OVERDUE,30778.89,USD,2025-04-29T00:00:00
PO-2025-02888,PO-002888,SUP-0031,FAC-APAC-01,WH-APAC-RAW-01,2025-08-21,2025-10-19,DELIVERED,69043.4,USD,2025-08-21T00:00:00
PO-2025-02889,PO-002889,SUP-0085,FAC-APAC-01,WH-APAC-RAW-01,2025-09-17,2025-09-29,DELIVERED,76132.96,USD,2025-09-17T00:00:00
PO-2025-02890,PO-002890,SUP-0073,FAC-EU-01,WH-EU-RAW-01,2026-01-30,2026-02-28,DELIVERED,244705.08,USD,2026-01-30T00:00:00
PO-2025-02891,PO-002891,SUP-0093,FAC-APAC-01,WH-APAC-RAW-01,2026-06-02,2026-07-14,PENDING,28667.11,USD,2026-06-02T00:00:00
PO-2025-02892,PO-002892,SUP-0044,FAC-EU-01,WH-EU-RAW-01,2025-08-04,2025-09-26,DELIVERED,7748.69,USD,2025-08-04T00:00:00
PO-2025-02893,PO-002893,SUP-0053,FAC-APAC-01,WH-APAC-RAW-01,2026-03-07,2026-04-12,CANCELLED,12944.58,USD,2026-03-07T00:00:00
PO-2025-02894,PO-002894,SUP-0033,FAC-US-01,WH-US-RAW-01,2026-02-17,2026-03-06,DELIVERED,9799.64,USD,2026-02-17T00:00:00
PO-2025-02895,PO-002895,SUP-0052,FAC-US-01,WH-US-RAW-01,2025-07-28,2025-08-23,DELIVERED,2463.16,USD,2025-07-28T00:00:00
PO-2025-02896,PO-002896,SUP-0094,FAC-MX-01,WH-MX-RAW-01,2025-10-05,2025-10-16,OVERDUE,12609.6,USD,2025-10-05T00:00:00
PO-2025-02897,PO-002897,SUP-0098,FAC-APAC-01,WH-APAC-RAW-01,2025-10-09,2025-11-06,DELIVERED,2808.0,USD,2025-10-09T00:00:00
PO-2025-02898,PO-002898,SUP-0019,FAC-MX-01,WH-MX-RAW-01,2026-05-13,2026-06-02,PENDING,36687.49,USD,2026-05-13T00:00:00
PO-2025-02899,PO-002899,SUP-0006,FAC-US-01,WH-US-RAW-01,2025-07-06,2025-07-23,DELIVERED,26063.59,USD,2025-07-06T00:00:00
PO-2025-02900,PO-002900,SUP-0008,FAC-EU-01,WH-EU-RAW-01,2026-02-05,2026-03-11,DELIVERED,91199.51,USD,2026-02-05T00:00:00
PO-2025-02901,PO-002901,SUP-0027,FAC-EU-01,WH-EU-RAW-01,2025-09-12,2025-10-08,DELIVERED,81610.84,USD,2025-09-12T00:00:00
PO-2025-02902,PO-002902,SUP-0091,FAC-US-01,WH-US-RAW-01,2026-01-13,2026-01-28,DELIVERED,145800.06,USD,2026-01-13T00:00:00
PO-2025-02903,PO-002903,SUP-0055,FAC-EU-01,WH-EU-RAW-01,2025-10-12,2025-10-27,CANCELLED,16909.41,USD,2025-10-12T00:00:00
PO-2025-02904,PO-002904,SUP-0034,FAC-MX-01,WH-MX-RAW-01,2025-12-01,2025-12-27,DELIVERED,1023.42,USD,2025-12-01T00:00:00
PO-2025-02905,PO-002905,SUP-0097,FAC-EU-01,WH-EU-RAW-01,2026-02-18,2026-03-28,OVERDUE,146523.66,USD,2026-02-18T00:00:00
PO-2025-02906,PO-002906,SUP-0012,FAC-MX-01,WH-MX-RAW-01,2026-02-07,2026-02-19,DELIVERED,1569.6,USD,2026-02-07T00:00:00
PO-2025-02907,PO-002907,SUP-0112,FAC-MX-01,WH-MX-RAW-01,2026-03-04,2026-03-17,DELIVERED,7075.74,USD,2026-03-04T00:00:00
PO-2025-02908,PO-002908,SUP-0012,FAC-APAC-01,WH-APAC-RAW-01,2025-04-18,2025-04-30,DELIVERED,42892.95,USD,2025-04-18T00:00:00
PO-2025-02909,PO-002909,SUP-0084,FAC-EU-01,WH-EU-RAW-01,2026-01-02,2026-01-30,DELIVERED,168677.85,USD,2026-01-02T00:00:00
PO-2025-02910,PO-002910,SUP-0005,FAC-APAC-01,WH-APAC-RAW-01,2025-06-14,2025-07-07,DELIVERED,7127.12,USD,2025-06-14T00:00:00
PO-2025-02911,PO-002911,SUP-0049,FAC-MX-01,WH-MX-RAW-01,2025-10-11,2025-11-01,DELIVERED,2504.16,USD,2025-10-11T00:00:00
PO-2025-02912,PO-002912,SUP-0104,FAC-US-01,WH-US-RAW-01,2025-11-22,2025-12-25,DELIVERED,18310.96,USD,2025-11-22T00:00:00
PO-2025-02913,PO-002913,SUP-0030,FAC-EU-01,WH-EU-RAW-01,2025-10-06,2025-11-09,DELIVERED,75625.01,USD,2025-10-06T00:00:00
PO-2025-02914,PO-002914,SUP-0120,FAC-APAC-01,WH-APAC-RAW-01,2025-11-13,2025-12-08,DELIVERED,98271.02,USD,2025-11-13T00:00:00
PO-2025-02915,PO-002915,SUP-0084,FAC-EU-01,WH-EU-RAW-01,2026-06-10,2026-07-09,PENDING,191511.17,USD,2026-06-10T00:00:00
PO-2025-02916,PO-002916,SUP-0083,FAC-APAC-01,WH-APAC-RAW-01,2025-06-11,2025-07-13,DELIVERED,95705.12,USD,2025-06-11T00:00:00
PO-2025-02917,PO-002917,SUP-0070,FAC-MX-01,WH-MX-RAW-01,2025-12-28,2026-02-23,DELIVERED,21683.61,USD,2025-12-28T00:00:00
PO-2025-02918,PO-002918,SUP-0018,FAC-US-01,WH-US-RAW-01,2025-10-04,2025-10-29,DELIVERED,46670.14,USD,2025-10-04T00:00:00
PO-2025-02919,PO-002919,SUP-0081,FAC-APAC-01,WH-APAC-RAW-01,2025-06-10,2025-07-15,DELIVERED,266295.04,USD,2025-06-10T00:00:00
PO-2025-02920,PO-002920,SUP-0092,FAC-MX-01,WH-MX-RAW-01,2025-06-25,2025-07-12,DELIVERED,5230.83,USD,2025-06-25T00:00:00
PO-2025-02921,PO-002921,SUP-0064,FAC-MX-01,WH-MX-RAW-01,2026-04-18,2026-05-07,PENDING,46354.64,USD,2026-04-18T00:00:00
PO-2025-02922,PO-002922,SUP-0095,FAC-APAC-01,WH-APAC-RAW-01,2026-03-10,2026-03-23,DELIVERED,85830.0,USD,2026-03-10T00:00:00
PO-2025-02923,PO-002923,SUP-0050,FAC-US-01,WH-US-RAW-01,2026-03-23,2026-04-19,IN_TRANSIT,340869.42,USD,2026-03-23T00:00:00
PO-2025-02924,PO-002924,SUP-0019,FAC-APAC-01,WH-APAC-RAW-01,2026-05-31,2026-06-21,PENDING,11285.82,USD,2026-05-31T00:00:00
PO-2025-02925,PO-002925,SUP-0025,FAC-EU-01,WH-EU-RAW-01,2025-07-20,2025-08-02,DELIVERED,99282.28,USD,2025-07-20T00:00:00
PO-2025-02926,PO-002926,SUP-0047,FAC-MX-01,WH-MX-RAW-01,2025-09-19,2025-10-05,DELIVERED,17550.56,USD,2025-09-19T00:00:00
PO-2025-02927,PO-002927,SUP-0069,FAC-APAC-01,WH-APAC-RAW-01,2025-12-26,2026-01-18,DELIVERED,49720.46,USD,2025-12-26T00:00:00
PO-2025-02928,PO-002928,SUP-0069,FAC-APAC-01,WH-APAC-RAW-01,2025-11-02,2025-11-26,DELIVERED,324130.79,USD,2025-11-02T00:00:00
PO-2025-02929,PO-002929,SUP-0009,FAC-EU-01,WH-EU-RAW-01,2025-10-12,2025-12-03,DELIVERED,124697.16,USD,2025-10-12T00:00:00
PO-2025-02930,PO-002930,SUP-0090,FAC-MX-01,WH-MX-RAW-01,2025-09-20,2025-10-16,OVERDUE,22304.48,USD,2025-09-20T00:00:00
PO-2025-02931,PO-002931,SUP-0044,FAC-APAC-01,WH-APAC-RAW-01,2025-12-05,2026-01-26,DELIVERED,42030.14,USD,2025-12-05T00:00:00
PO-2025-02932,PO-002932,SUP-0048,FAC-APAC-01,WH-APAC-RAW-01,2025-11-30,2025-12-29,DELIVERED,166823.5,USD,2025-11-30T00:00:00
PO-2025-02933,PO-002933,SUP-0117,FAC-APAC-01,WH-APAC-RAW-01,2025-06-26,2025-07-28,OVERDUE,146208.6,USD,2025-06-26T00:00:00
PO-2025-02934,PO-002934,SUP-0011,FAC-US-01,WH-US-RAW-01,2025-10-29,2025-11-21,DELIVERED,1583.22,USD,2025-10-29T00:00:00
PO-2025-02935,PO-002935,SUP-0064,FAC-MX-01,WH-MX-RAW-01,2025-11-23,2025-12-13,DELIVERED,230703.73,USD,2025-11-23T00:00:00
PO-2025-02936,PO-002936,SUP-0033,FAC-APAC-01,WH-APAC-RAW-01,2025-11-28,2025-12-13,DELIVERED,21730.62,USD,2025-11-28T00:00:00
PO-2025-02937,PO-002937,SUP-0112,FAC-MX-01,WH-MX-RAW-01,2025-07-21,2025-08-09,DELIVERED,29292.12,USD,2025-07-21T00:00:00
PO-2025-02938,PO-002938,SUP-0055,FAC-APAC-01,WH-APAC-RAW-01,2026-01-17,2026-02-04,DELIVERED,364332.8,USD,2026-01-17T00:00:00
PO-2025-02939,PO-002939,SUP-0030,FAC-MX-01,WH-MX-RAW-01,2025-03-11,2025-04-12,DELIVERED,25945.55,USD,2025-03-11T00:00:00
PO-2025-02940,PO-002940,SUP-0088,FAC-APAC-01,WH-APAC-RAW-01,2025-09-19,2025-10-12,DELIVERED,50252.09,USD,2025-09-19T00:00:00
PO-2025-02941,PO-002941,SUP-0015,FAC-US-01,WH-US-RAW-01,2026-01-29,2026-03-30,DELIVERED,2136.8,USD,2026-01-29T00:00:00
PO-2025-02942,PO-002942,SUP-0051,FAC-EU-01,WH-EU-RAW-01,2025-11-26,2025-12-18,DELIVERED,18054.75,USD,2025-11-26T00:00:00
PO-2025-02943,PO-002943,SUP-0097,FAC-MX-01,WH-MX-RAW-01,2025-08-13,2025-09-20,DELIVERED,141657.3,USD,2025-08-13T00:00:00
PO-2025-02944,PO-002944,SUP-0086,FAC-MX-01,WH-MX-RAW-01,2026-01-02,2026-01-16,DELIVERED,31732.18,USD,2026-01-02T00:00:00
PO-2025-02945,PO-002945,SUP-0059,FAC-EU-01,WH-EU-RAW-01,2025-11-27,2026-01-28,OVERDUE,188464.74,USD,2025-11-27T00:00:00
PO-2025-02946,PO-002946,SUP-0048,FAC-EU-01,WH-EU-RAW-01,2026-02-04,2026-03-09,DELIVERED,3270.05,USD,2026-02-04T00:00:00
PO-2025-02947,PO-002947,SUP-0076,FAC-APAC-01,WH-APAC-RAW-01,2026-01-15,2026-02-22,DELIVERED,32285.93,USD,2026-01-15T00:00:00
PO-2025-02948,PO-002948,SUP-0117,FAC-EU-01,WH-EU-RAW-01,2025-12-10,2026-01-09,DELIVERED,91467.42,USD,2025-12-10T00:00:00
PO-2025-02949,PO-002949,SUP-0048,FAC-MX-01,WH-MX-RAW-01,2025-11-04,2025-12-04,DELIVERED,3987.8,USD,2025-11-04T00:00:00
PO-2025-02950,PO-002950,SUP-0018,FAC-US-01,WH-US-RAW-01,2025-06-10,2025-07-05,DELIVERED,70293.79,USD,2025-06-10T00:00:00
PO-2025-02951,PO-002951,SUP-0092,FAC-MX-01,WH-MX-RAW-01,2025-08-13,2025-09-05,DELIVERED,97251.88,USD,2025-08-13T00:00:00
PO-2025-02952,PO-002952,SUP-0001,FAC-EU-01,WH-EU-RAW-01,2025-10-12,2025-12-14,DELIVERED,47415.61,USD,2025-10-12T00:00:00
PO-2025-02953,PO-002953,SUP-0084,FAC-APAC-01,WH-APAC-RAW-01,2025-12-07,2026-01-05,OVERDUE,200475.21,USD,2025-12-07T00:00:00
PO-2025-02954,PO-002954,SUP-0023,FAC-EU-01,WH-EU-RAW-01,2025-11-11,2025-11-25,DELIVERED,766.09,USD,2025-11-11T00:00:00
PO-2025-02955,PO-002955,SUP-0110,FAC-EU-01,WH-EU-RAW-01,2025-08-24,2025-09-10,DELIVERED,3447.6,USD,2025-08-24T00:00:00
PO-2025-02956,PO-002956,SUP-0052,FAC-US-01,WH-US-RAW-01,2025-02-05,2025-03-05,DELIVERED,1877.7,USD,2025-02-05T00:00:00
PO-2025-02957,PO-002957,SUP-0089,FAC-US-01,WH-US-RAW-01,2025-11-06,2025-11-24,DELIVERED,209868.63,USD,2025-11-06T00:00:00
PO-2025-02958,PO-002958,SUP-0105,FAC-EU-01,WH-EU-RAW-01,2025-08-23,2025-09-11,DELIVERED,71085.0,USD,2025-08-23T00:00:00
PO-2025-02959,PO-002959,SUP-0044,FAC-EU-01,WH-EU-RAW-01,2026-01-14,2026-03-11,OVERDUE,120299.04,USD,2026-01-14T00:00:00
PO-2025-02960,PO-002960,SUP-0049,FAC-US-01,WH-US-RAW-01,2025-03-09,2025-03-30,DELIVERED,10867.33,USD,2025-03-09T00:00:00
PO-2025-02961,PO-002961,SUP-0082,FAC-MX-01,WH-MX-RAW-01,2025-12-03,2026-02-10,OVERDUE,44448.89,USD,2025-12-03T00:00:00
PO-2025-02962,PO-002962,SUP-0056,FAC-APAC-01,WH-APAC-RAW-01,2026-04-12,2026-04-27,IN_TRANSIT,25875.71,USD,2026-04-12T00:00:00
PO-2025-02963,PO-002963,SUP-0041,FAC-US-01,WH-US-RAW-01,2025-07-03,2025-07-27,DELIVERED,96197.65,USD,2025-07-03T00:00:00
PO-2025-02964,PO-002964,SUP-0038,FAC-US-01,WH-US-RAW-01,2025-10-29,2025-11-21,DELIVERED,12986.7,USD,2025-10-29T00:00:00
PO-2025-02965,PO-002965,SUP-0001,FAC-MX-01,WH-MX-RAW-01,2025-05-13,2025-07-10,DELIVERED,107715.12,USD,2025-05-13T00:00:00
PO-2025-02966,PO-002966,SUP-0042,FAC-EU-01,WH-EU-RAW-01,2025-12-14,2026-01-12,DELIVERED,22406.34,USD,2025-12-14T00:00:00
PO-2025-02967,PO-002967,SUP-0092,FAC-MX-01,WH-MX-RAW-01,2025-11-23,2025-12-17,DELIVERED,18626.4,USD,2025-11-23T00:00:00
PO-2025-02968,PO-002968,SUP-0030,FAC-US-01,WH-US-RAW-01,2025-10-08,2025-11-14,OVERDUE,162034.14,USD,2025-10-08T00:00:00
PO-2025-02969,PO-002969,SUP-0054,FAC-APAC-01,WH-APAC-RAW-01,2025-11-14,2025-12-13,DELIVERED,3719.1,USD,2025-11-14T00:00:00
PO-2025-02970,PO-002970,SUP-0084,FAC-MX-01,WH-MX-RAW-01,2026-03-18,2026-04-10,DELIVERED,7538.44,USD,2026-03-18T00:00:00
PO-2025-02971,PO-002971,SUP-0037,FAC-US-01,WH-US-RAW-01,2025-07-14,2025-08-06,DELIVERED,48569.64,USD,2025-07-14T00:00:00
PO-2025-02972,PO-002972,SUP-0091,FAC-APAC-01,WH-APAC-RAW-01,2025-03-08,2025-03-26,DELIVERED,24497.13,USD,2025-03-08T00:00:00
PO-2025-02973,PO-002973,SUP-0004,FAC-EU-01,WH-EU-RAW-01,2026-03-02,2026-03-31,DELIVERED,535.05,USD,2026-03-02T00:00:00
PO-2025-02974,PO-002974,SUP-0059,FAC-APAC-01,WH-APAC-RAW-01,2025-11-30,2026-02-01,OVERDUE,1923.24,USD,2025-11-30T00:00:00
PO-2025-02975,PO-002975,SUP-0105,FAC-US-01,WH-US-RAW-01,2026-03-15,2026-04-02,DELIVERED,14691.88,USD,2026-03-15T00:00:00
PO-2025-02976,PO-002976,SUP-0012,FAC-MX-01,WH-MX-RAW-01,2025-12-06,2025-12-22,DELIVERED,9930.34,USD,2025-12-06T00:00:00
PO-2025-02977,PO-002977,SUP-0117,FAC-MX-01,WH-MX-RAW-01,2026-02-09,2026-03-12,DELIVERED,14287.75,USD,2026-02-09T00:00:00
PO-2025-02978,PO-002978,SUP-0026,FAC-US-01,WH-US-RAW-01,2025-10-16,2025-11-18,DELIVERED,17553.99,USD,2025-10-16T00:00:00
PO-2025-02979,PO-002979,SUP-0068,FAC-EU-01,WH-EU-RAW-01,2026-01-19,2026-02-11,DELIVERED,24197.15,USD,2026-01-19T00:00:00
PO-2025-02980,PO-002980,SUP-0111,FAC-EU-01,WH-EU-RAW-01,2026-03-26,2026-05-02,IN_TRANSIT,52750.65,USD,2026-03-26T00:00:00
PO-2025-02981,PO-002981,SUP-0120,FAC-US-01,WH-US-RAW-01,2025-11-29,2025-12-29,DELIVERED,250374.77,USD,2025-11-29T00:00:00
PO-2025-02982,PO-002982,SUP-0057,FAC-APAC-01,WH-APAC-RAW-01,2025-07-06,2025-07-26,DELIVERED,18194.52,USD,2025-07-06T00:00:00
PO-2025-02983,PO-002983,SUP-0056,FAC-EU-01,WH-EU-RAW-01,2025-08-16,2025-09-03,DELIVERED,8430.88,USD,2025-08-16T00:00:00
PO-2025-02984,PO-002984,SUP-0087,FAC-APAC-01,WH-APAC-RAW-01,2025-07-15,2025-08-06,DELIVERED,4068.96,USD,2025-07-15T00:00:00
PO-2025-02985,PO-002985,SUP-0028,FAC-APAC-01,WH-APAC-RAW-01,2025-08-07,2025-08-31,DELIVERED,5206.44,USD,2025-08-07T00:00:00
PO-2025-02986,PO-002986,SUP-0015,FAC-EU-01,WH-EU-RAW-01,2025-09-01,2025-10-30,DELIVERED,4822.0,USD,2025-09-01T00:00:00
PO-2025-02987,PO-002987,SUP-0055,FAC-EU-01,WH-EU-RAW-01,2025-11-24,2025-12-16,DELIVERED,20102.71,USD,2025-11-24T00:00:00
PO-2025-02988,PO-002988,SUP-0006,FAC-APAC-01,WH-APAC-RAW-01,2025-12-03,2025-12-19,DELIVERED,1851.6,USD,2025-12-03T00:00:00
PO-2025-02989,PO-002989,SUP-0009,FAC-US-01,WH-US-RAW-01,2025-10-14,2025-12-09,DELIVERED,21258.83,USD,2025-10-14T00:00:00
PO-2025-02990,PO-002990,SUP-0115,FAC-EU-01,WH-EU-RAW-01,2025-12-11,2026-01-06,DELIVERED,3668.58,USD,2025-12-11T00:00:00
PO-2025-02991,PO-002991,SUP-0012,FAC-US-01,WH-US-RAW-01,2025-05-06,2025-05-19,DELIVERED,30076.64,USD,2025-05-06T00:00:00
PO-2025-02992,PO-002992,SUP-0056,FAC-MX-01,WH-MX-RAW-01,2025-05-11,2025-05-26,DELIVERED,10553.6,USD,2025-05-11T00:00:00
PO-2025-02993,PO-002993,SUP-0115,FAC-MX-01,WH-MX-RAW-01,2025-07-02,2025-07-30,DELIVERED,23994.75,USD,2025-07-02T00:00:00
PO-2025-02994,PO-002994,SUP-0041,FAC-EU-01,WH-EU-RAW-01,2025-11-13,2025-12-02,DELIVERED,84871.45,USD,2025-11-13T00:00:00
PO-2025-02995,PO-002995,SUP-0095,FAC-US-01,WH-US-RAW-01,2025-07-23,2025-08-05,DELIVERED,90126.96,USD,2025-07-23T00:00:00
PO-2025-02996,PO-002996,SUP-0009,FAC-APAC-01,WH-APAC-RAW-01,2025-08-22,2025-10-14,DELIVERED,1482612.85,USD,2025-08-22T00:00:00
PO-2025-02997,PO-002997,SUP-0018,FAC-APAC-01,WH-APAC-RAW-01,2025-10-06,2025-10-31,DELIVERED,105167.95,USD,2025-10-06T00:00:00
PO-2025-02998,PO-002998,SUP-0075,FAC-APAC-01,WH-APAC-RAW-01,2026-02-10,2026-03-06,DELIVERED,155579.54,USD,2026-02-10T00:00:00
PO-2025-02999,PO-002999,SUP-0104,FAC-MX-01,WH-MX-RAW-01,2025-02-21,2025-03-23,DELIVERED,11476.36,USD,2025-02-21T00:00:00
PO-2025-03000,PO-003000,SUP-0004,FAC-APAC-01,WH-APAC-RAW-01,2025-12-21,2026-01-18,DELIVERED,22798.7,USD,2025-12-21T00:00:00
PO-2025-03001,PO-003001,SUP-0079,FAC-US-01,WH-US-RAW-01,2025-12-26,2026-01-20,DELIVERED,1464.32,USD,2025-12-26T00:00:00
PO-2025-03002,PO-003002,SUP-0013,FAC-MX-01,WH-MX-RAW-01,2026-02-05,2026-02-25,DELIVERED,2909.4,USD,2026-02-05T00:00:00
PO-2025-03003,PO-003003,SUP-0019,FAC-APAC-01,WH-APAC-RAW-01,2026-04-07,2026-04-29,IN_TRANSIT,9098.39,USD,2026-04-07T00:00:00
PO-2025-03004,PO-003004,SUP-0004,FAC-EU-01,WH-EU-RAW-01,2025-03-04,2025-04-01,DELIVERED,455354.13,USD,2025-03-04T00:00:00
PO-2025-03005,PO-003005,SUP-0096,FAC-US-01,WH-US-RAW-01,2025-06-22,2025-07-07,DELIVERED,33339.13,USD,2025-06-22T00:00:00
PO-2025-03006,PO-003006,SUP-0021,FAC-APAC-01,WH-APAC-RAW-01,2026-03-13,2026-04-15,DELIVERED,7044.26,USD,2026-03-13T00:00:00
PO-2025-03007,PO-003007,SUP-0091,FAC-MX-01,WH-MX-RAW-01,2025-10-25,2025-11-12,DELIVERED,291.06,USD,2025-10-25T00:00:00
PO-2025-03008,PO-003008,SUP-0047,FAC-US-01,WH-US-RAW-01,2025-11-27,2025-12-13,DELIVERED,3104.59,USD,2025-11-27T00:00:00
PO-2025-03009,PO-003009,SUP-0064,FAC-APAC-01,WH-APAC-RAW-01,2025-12-24,2026-01-15,DELIVERED,593.49,USD,2025-12-24T00:00:00
PO-2025-03010,PO-003010,SUP-0017,FAC-US-01,WH-US-RAW-01,2025-12-29,2026-02-19,DELIVERED,80547.61,USD,2025-12-29T00:00:00
PO-2025-03011,PO-003011,SUP-0092,FAC-APAC-01,WH-APAC-RAW-01,2026-04-06,2026-04-26,IN_TRANSIT,15203.6,USD,2026-04-06T00:00:00
PO-2025-03012,PO-003012,SUP-0029,FAC-US-01,WH-US-RAW-01,2026-06-12,2026-07-18,PENDING,12126.78,USD,2026-06-12T00:00:00
PO-2025-03013,PO-003013,SUP-0063,FAC-EU-01,WH-EU-RAW-01,2026-01-10,2026-02-13,DELIVERED,373660.98,USD,2026-01-10T00:00:00
PO-2025-03014,PO-003014,SUP-0007,FAC-US-01,WH-US-RAW-01,2025-08-24,2025-09-19,DELIVERED,64537.9,USD,2025-08-24T00:00:00
PO-2025-03015,PO-003015,SUP-0077,FAC-EU-01,WH-EU-RAW-01,2026-03-10,2026-03-30,DELIVERED,12661.44,USD,2026-03-10T00:00:00
PO-2025-03016,PO-003016,SUP-0048,FAC-EU-01,WH-EU-RAW-01,2025-04-08,2025-05-12,DELIVERED,5751.0,USD,2025-04-08T00:00:00
PO-2025-03017,PO-003017,SUP-0055,FAC-US-01,WH-US-RAW-01,2025-07-31,2025-08-20,DELIVERED,24045.22,USD,2025-07-31T00:00:00
PO-2025-03018,PO-003018,SUP-0027,FAC-MX-01,WH-MX-RAW-01,2026-03-18,2026-04-09,DELIVERED,53354.0,USD,2026-03-18T00:00:00
PO-2025-03019,PO-003019,SUP-0104,FAC-US-01,WH-US-RAW-01,2025-08-11,2025-09-15,DELIVERED,12449.84,USD,2025-08-11T00:00:00
PO-2025-03020,PO-003020,SUP-0098,FAC-MX-01,WH-MX-RAW-01,2025-07-26,2025-08-19,DELIVERED,6042.06,USD,2025-07-26T00:00:00
PO-2025-03021,PO-003021,SUP-0046,FAC-MX-01,WH-MX-RAW-01,2025-06-13,2025-07-10,DELIVERED,7604.52,USD,2025-06-13T00:00:00
PO-2025-03022,PO-003022,SUP-0059,FAC-EU-01,WH-EU-RAW-01,2026-02-28,2026-04-29,IN_TRANSIT,15757.44,USD,2026-02-28T00:00:00
PO-2025-03023,PO-003023,SUP-0034,FAC-APAC-01,WH-APAC-RAW-01,2025-11-07,2025-12-06,CANCELLED,15426.55,USD,2025-11-07T00:00:00
PO-2025-03024,PO-003024,SUP-0059,FAC-US-01,WH-US-RAW-01,2025-12-28,2026-02-28,DELIVERED,59616.75,USD,2025-12-28T00:00:00
PO-2025-03025,PO-003025,SUP-0096,FAC-APAC-01,WH-APAC-RAW-01,2025-08-03,2025-08-23,DELIVERED,6634.04,USD,2025-08-03T00:00:00
PO-2025-03026,PO-003026,SUP-0111,FAC-US-01,WH-US-RAW-01,2026-01-22,2026-02-21,DELIVERED,4908.27,USD,2026-01-22T00:00:00
PO-2025-03027,PO-003027,SUP-0083,FAC-MX-01,WH-MX-RAW-01,2026-01-23,2026-02-26,OVERDUE,5538.69,USD,2026-01-23T00:00:00
PO-2025-03028,PO-003028,SUP-0095,FAC-EU-01,WH-EU-RAW-01,2025-09-03,2025-09-14,DELIVERED,868.94,USD,2025-09-03T00:00:00
PO-2025-03029,PO-003029,SUP-0031,FAC-APAC-01,WH-APAC-RAW-01,2025-10-09,2025-12-13,DELIVERED,337.74,USD,2025-10-09T00:00:00
PO-2025-03030,PO-003030,SUP-0023,FAC-US-01,WH-US-RAW-01,2025-07-21,2025-08-04,DELIVERED,94489.06,USD,2025-07-21T00:00:00
PO-2025-03031,PO-003031,SUP-0118,FAC-US-01,WH-US-RAW-01,2026-05-11,2026-06-08,PENDING,131011.62,USD,2026-05-11T00:00:00
PO-2025-03032,PO-003032,SUP-0028,FAC-APAC-01,WH-APAC-RAW-01,2025-12-20,2026-01-13,DELIVERED,14085.64,USD,2025-12-20T00:00:00
PO-2025-03033,PO-003033,SUP-0040,FAC-EU-01,WH-EU-RAW-01,2026-04-08,2026-05-01,IN_TRANSIT,251.22,USD,2026-04-08T00:00:00
PO-2025-03034,PO-003034,SUP-0083,FAC-MX-01,WH-MX-RAW-01,2025-08-31,2025-10-04,DELIVERED,23905.7,USD,2025-08-31T00:00:00
PO-2025-03035,PO-003035,SUP-0114,FAC-EU-01,WH-EU-RAW-01,2026-01-30,2026-02-19,OVERDUE,10775.0,USD,2026-01-30T00:00:00
PO-2025-03036,PO-003036,SUP-0102,FAC-EU-01,WH-EU-RAW-01,2026-01-24,2026-02-22,DELIVERED,22169.02,USD,2026-01-24T00:00:00
PO-2025-03037,PO-003037,SUP-0003,FAC-EU-01,WH-EU-RAW-01,2026-01-01,2026-01-25,DELIVERED,87991.61,USD,2026-01-01T00:00:00
PO-2025-03038,PO-003038,SUP-0083,FAC-US-01,WH-US-RAW-01,2026-05-01,2026-05-30,PENDING,12121.2,USD,2026-05-01T00:00:00
PO-2025-03039,PO-003039,SUP-0093,FAC-EU-01,WH-EU-RAW-01,2025-10-03,2025-11-13,DELIVERED,1240.25,USD,2025-10-03T00:00:00
PO-2025-03040,PO-003040,SUP-0005,FAC-APAC-01,WH-APAC-RAW-01,2025-06-08,2025-06-28,DELIVERED,60196.87,USD,2025-06-08T00:00:00
PO-2025-03041,PO-003041,SUP-0110,FAC-MX-01,WH-MX-RAW-01,2025-12-27,2026-01-15,DELIVERED,16321.6,USD,2025-12-27T00:00:00
PO-2025-03042,PO-003042,SUP-0021,FAC-US-01,WH-US-RAW-01,2026-01-13,2026-02-11,DELIVERED,74224.8,USD,2026-01-13T00:00:00
PO-2025-03043,PO-003043,SUP-0019,FAC-APAC-01,WH-APAC-RAW-01,2025-11-30,2025-12-22,DELIVERED,494893.76,USD,2025-11-30T00:00:00
PO-2025-03044,PO-003044,SUP-0044,FAC-EU-01,WH-EU-RAW-01,2025-07-19,2025-09-09,DELIVERED,25831.89,USD,2025-07-19T00:00:00
PO-2025-03045,PO-003045,SUP-0053,FAC-MX-01,WH-MX-RAW-01,2025-11-09,2025-12-12,DELIVERED,31226.14,USD,2025-11-09T00:00:00
PO-2025-03046,PO-003046,SUP-0092,FAC-MX-01,WH-MX-RAW-01,2025-09-03,2025-09-25,DELIVERED,87508.32,USD,2025-09-03T00:00:00
PO-2025-03047,PO-003047,SUP-0013,FAC-APAC-01,WH-APAC-RAW-01,2025-10-15,2025-11-01,DELIVERED,8431.17,USD,2025-10-15T00:00:00
PO-2025-03048,PO-003048,SUP-0024,FAC-EU-01,WH-EU-RAW-01,2025-12-19,2026-01-06,DELIVERED,22799.27,USD,2025-12-19T00:00:00
PO-2025-03049,PO-003049,SUP-0007,FAC-EU-01,WH-EU-RAW-01,2026-01-18,2026-02-12,DELIVERED,646.76,USD,2026-01-18T00:00:00
PO-2025-03050,PO-003050,SUP-0007,FAC-US-01,WH-US-RAW-01,2025-07-31,2025-08-21,DELIVERED,765.8,USD,2025-07-31T00:00:00
PO-2025-03051,PO-003051,SUP-0084,FAC-US-01,WH-US-RAW-01,2025-10-07,2025-11-03,DELIVERED,45184.77,USD,2025-10-07T00:00:00
PO-2025-03052,PO-003052,SUP-0082,FAC-APAC-01,WH-APAC-RAW-01,2025-08-16,2025-10-18,DELIVERED,18674.84,USD,2025-08-16T00:00:00
PO-2025-03053,PO-003053,SUP-0019,FAC-US-01,WH-US-RAW-01,2025-07-15,2025-08-04,DELIVERED,604957.96,USD,2025-07-15T00:00:00
PO-2025-03054,PO-003054,SUP-0022,FAC-US-01,WH-US-RAW-01,2026-01-30,2026-02-14,DELIVERED,658.44,USD,2026-01-30T00:00:00
PO-2025-03055,PO-003055,SUP-0104,FAC-EU-01,WH-EU-RAW-01,2026-03-24,2026-04-26,IN_TRANSIT,13959.84,USD,2026-03-24T00:00:00
PO-2025-03056,PO-003056,SUP-0005,FAC-MX-01,WH-MX-RAW-01,2025-09-25,2025-10-19,DELIVERED,1831.62,USD,2025-09-25T00:00:00
PO-2025-03057,PO-003057,SUP-0060,FAC-APAC-01,WH-APAC-RAW-01,2026-01-20,2026-02-20,DELIVERED,67142.02,USD,2026-01-20T00:00:00
PO-2025-03058,PO-003058,SUP-0082,FAC-EU-01,WH-EU-RAW-01,2026-03-18,2026-05-22,IN_TRANSIT,239316.28,USD,2026-03-18T00:00:00
PO-2025-03059,PO-003059,SUP-0090,FAC-EU-01,WH-EU-RAW-01,2026-02-23,2026-03-20,DELIVERED,18406.25,USD,2026-02-23T00:00:00
PO-2025-03060,PO-003060,SUP-0055,FAC-APAC-01,WH-APAC-RAW-01,2025-07-07,2025-07-29,DELIVERED,39258.45,USD,2025-07-07T00:00:00
PO-2025-03061,PO-003061,SUP-0063,FAC-EU-01,WH-EU-RAW-01,2026-04-23,2026-05-28,PENDING,226670.81,USD,2026-04-23T00:00:00
PO-2025-03062,PO-003062,SUP-0058,FAC-EU-01,WH-EU-RAW-01,2025-09-27,2025-10-27,DELIVERED,24615.15,USD,2025-09-27T00:00:00
PO-2025-03063,PO-003063,SUP-0041,FAC-MX-01,WH-MX-RAW-01,2025-09-13,2025-10-02,CANCELLED,146318.75,USD,2025-09-13T00:00:00
PO-2025-03064,PO-003064,SUP-0019,FAC-EU-01,WH-EU-RAW-01,2025-04-20,2025-05-11,DELIVERED,908505.02,USD,2025-04-20T00:00:00
PO-2025-03065,PO-003065,SUP-0014,FAC-EU-01,WH-EU-RAW-01,2025-11-03,2026-01-05,DELIVERED,117565.74,USD,2025-11-03T00:00:00
PO-2025-03066,PO-003066,SUP-0078,FAC-MX-01,WH-MX-RAW-01,2025-05-26,2025-06-14,DELIVERED,18486.24,USD,2025-05-26T00:00:00
PO-2025-03067,PO-003067,SUP-0096,FAC-APAC-01,WH-APAC-RAW-01,2025-08-08,2025-08-26,DELIVERED,118484.13,USD,2025-08-08T00:00:00
PO-2025-03068,PO-003068,SUP-0084,FAC-APAC-01,WH-APAC-RAW-01,2025-09-05,2025-09-30,DELIVERED,11937.18,USD,2025-09-05T00:00:00
PO-2025-03069,PO-003069,SUP-0102,FAC-US-01,WH-US-RAW-01,2026-02-09,2026-03-06,OVERDUE,374627.7,USD,2026-02-09T00:00:00
PO-2025-03070,PO-003070,SUP-0111,FAC-EU-01,WH-EU-RAW-01,2026-03-08,2026-04-12,DELIVERED,29636.95,USD,2026-03-08T00:00:00
PO-2025-03071,PO-003071,SUP-0077,FAC-MX-01,WH-MX-RAW-01,2025-08-30,2025-09-20,DELIVERED,210541.22,USD,2025-08-30T00:00:00
PO-2025-03072,PO-003072,SUP-0078,FAC-EU-01,WH-EU-RAW-01,2026-02-28,2026-03-19,DELIVERED,8283.8,USD,2026-02-28T00:00:00
PO-2025-03073,PO-003073,SUP-0116,FAC-MX-01,WH-MX-RAW-01,2026-02-28,2026-03-11,DELIVERED,79191.39,USD,2026-02-28T00:00:00
PO-2025-03074,PO-003074,SUP-0065,FAC-EU-01,WH-EU-RAW-01,2026-01-24,2026-02-28,DELIVERED,5524.61,USD,2026-01-24T00:00:00
PO-2025-03075,PO-003075,SUP-0108,FAC-MX-01,WH-MX-RAW-01,2025-06-18,2025-07-13,OVERDUE,91831.44,USD,2025-06-18T00:00:00
PO-2025-03076,PO-003076,SUP-0104,FAC-US-01,WH-US-RAW-01,2026-01-01,2026-02-03,DELIVERED,484.38,USD,2026-01-01T00:00:00
PO-2025-03077,PO-003077,SUP-0039,FAC-EU-01,WH-EU-RAW-01,2026-04-15,2026-05-10,PENDING,13792.26,USD,2026-04-15T00:00:00
PO-2025-03078,PO-003078,SUP-0065,FAC-APAC-01,WH-APAC-RAW-01,2025-12-30,2026-01-29,DELIVERED,211817.12,USD,2025-12-30T00:00:00
PO-2025-03079,PO-003079,SUP-0023,FAC-EU-01,WH-EU-RAW-01,2025-09-11,2025-09-24,DELIVERED,20636.83,USD,2025-09-11T00:00:00
PO-2025-03080,PO-003080,SUP-0023,FAC-US-01,WH-US-RAW-01,2025-11-07,2025-11-17,DELIVERED,7602.5,USD,2025-11-07T00:00:00
PO-2025-03081,PO-003081,SUP-0079,FAC-EU-01,WH-EU-RAW-01,2025-12-20,2026-01-17,DELIVERED,1059.52,USD,2025-12-20T00:00:00
PO-2025-03082,PO-003082,SUP-0052,FAC-APAC-01,WH-APAC-RAW-01,2025-11-10,2025-12-11,DELIVERED,114707.65,USD,2025-11-10T00:00:00
PO-2025-03083,PO-003083,SUP-0064,FAC-US-01,WH-US-RAW-01,2025-06-02,2025-06-25,DELIVERED,12791.68,USD,2025-06-02T00:00:00
PO-2025-03084,PO-003084,SUP-0084,FAC-US-01,WH-US-RAW-01,2025-09-03,2025-09-25,DELIVERED,378.25,USD,2025-09-03T00:00:00
PO-2025-03085,PO-003085,SUP-0035,FAC-US-01,WH-US-RAW-01,2026-02-06,2026-03-22,DELIVERED,104749.87,USD,2026-02-06T00:00:00
PO-2025-03086,PO-003086,SUP-0110,FAC-MX-01,WH-MX-RAW-01,2026-03-01,2026-03-15,OVERDUE,1410.86,USD,2026-03-01T00:00:00
PO-2025-03087,PO-003087,SUP-0012,FAC-MX-01,WH-MX-RAW-01,2025-06-12,2025-07-01,DELIVERED,1669.11,USD,2025-06-12T00:00:00
PO-2025-03088,PO-003088,SUP-0074,FAC-EU-01,WH-EU-RAW-01,2026-04-20,2026-05-11,PENDING,1157.78,USD,2026-04-20T00:00:00
PO-2025-03089,PO-003089,SUP-0005,FAC-APAC-01,WH-APAC-RAW-01,2025-09-09,2025-09-30,OVERDUE,36451.58,USD,2025-09-09T00:00:00
PO-2025-03090,PO-003090,SUP-0001,FAC-US-01,WH-US-RAW-01,2025-12-24,2026-02-25,DELIVERED,4899.75,USD,2025-12-24T00:00:00
PO-2025-03091,PO-003091,SUP-0117,FAC-EU-01,WH-EU-RAW-01,2026-01-20,2026-02-19,DELIVERED,18523.2,USD,2026-01-20T00:00:00
PO-2025-03092,PO-003092,SUP-0056,FAC-US-01,WH-US-RAW-01,2026-02-10,2026-03-03,DELIVERED,196.71,USD,2026-02-10T00:00:00
PO-2025-03093,PO-003093,SUP-0019,FAC-EU-01,WH-EU-RAW-01,2026-04-15,2026-05-03,PENDING,57497.2,USD,2026-04-15T00:00:00
PO-2025-03094,PO-003094,SUP-0074,FAC-APAC-01,WH-APAC-RAW-01,2025-09-03,2025-09-28,DELIVERED,32979.88,USD,2025-09-03T00:00:00
PO-2025-03095,PO-003095,SUP-0012,FAC-EU-01,WH-EU-RAW-01,2026-02-28,2026-03-14,DELIVERED,32985.34,USD,2026-02-28T00:00:00
PO-2025-03096,PO-003096,SUP-0015,FAC-US-01,WH-US-RAW-01,2025-06-09,2025-08-10,DELIVERED,43006.38,USD,2025-06-09T00:00:00
PO-2025-03097,PO-003097,SUP-0059,FAC-EU-01,WH-EU-RAW-01,2026-01-05,2026-03-09,CANCELLED,168727.51,USD,2026-01-05T00:00:00
PO-2025-03098,PO-003098,SUP-0032,FAC-EU-01,WH-EU-RAW-01,2026-01-17,2026-02-19,DELIVERED,67061.36,USD,2026-01-17T00:00:00
PO-2025-03099,PO-003099,SUP-0114,FAC-APAC-01,WH-APAC-RAW-01,2025-12-28,2026-01-12,DELIVERED,6810.0,USD,2025-12-28T00:00:00
PO-2025-03100,PO-003100,SUP-0063,FAC-EU-01,WH-EU-RAW-01,2025-08-09,2025-09-12,DELIVERED,1799.35,USD,2025-08-09T00:00:00
PO-2025-03101,PO-003101,SUP-0043,FAC-EU-01,WH-EU-RAW-01,2026-03-07,2026-04-05,DELIVERED,70013.23,USD,2026-03-07T00:00:00
PO-2025-03102,PO-003102,SUP-0032,FAC-APAC-01,WH-APAC-RAW-01,2025-06-30,2025-07-31,DELIVERED,56163.26,USD,2025-06-30T00:00:00
PO-2025-03103,PO-003103,SUP-0102,FAC-US-01,WH-US-RAW-01,2025-04-12,2025-05-10,DELIVERED,519299.49,USD,2025-04-12T00:00:00
PO-2025-03104,PO-003104,SUP-0005,FAC-APAC-01,WH-APAC-RAW-01,2026-01-09,2026-01-28,DELIVERED,24315.97,USD,2026-01-09T00:00:00
PO-2025-03105,PO-003105,SUP-0033,FAC-MX-01,WH-MX-RAW-01,2025-10-30,2025-11-13,DELIVERED,6425.44,USD,2025-10-30T00:00:00
PO-2025-03106,PO-003106,SUP-0058,FAC-EU-01,WH-EU-RAW-01,2026-02-24,2026-03-23,DELIVERED,24826.59,USD,2026-02-24T00:00:00
PO-2025-03107,PO-003107,SUP-0111,FAC-MX-01,WH-MX-RAW-01,2025-09-30,2025-11-03,DELIVERED,822064.98,USD,2025-09-30T00:00:00
PO-2025-03108,PO-003108,SUP-0048,FAC-US-01,WH-US-RAW-01,2025-06-30,2025-07-29,DELIVERED,397.0,USD,2025-06-30T00:00:00
PO-2025-03109,PO-003109,SUP-0120,FAC-US-01,WH-US-RAW-01,2026-02-19,2026-03-17,DELIVERED,40016.37,USD,2026-02-19T00:00:00
PO-2025-03110,PO-003110,SUP-0101,FAC-APAC-01,WH-APAC-RAW-01,2025-11-22,2025-12-21,DELIVERED,59176.13,USD,2025-11-22T00:00:00
PO-2025-03111,PO-003111,SUP-0065,FAC-MX-01,WH-MX-RAW-01,2025-07-11,2025-08-10,DELIVERED,46188.94,USD,2025-07-11T00:00:00
PO-2025-03112,PO-003112,SUP-0059,FAC-APAC-01,WH-APAC-RAW-01,2026-01-10,2026-03-16,DELIVERED,137602.4,USD,2026-01-10T00:00:00
PO-2025-03113,PO-003113,SUP-0019,FAC-US-01,WH-US-RAW-01,2025-11-11,2025-11-29,DELIVERED,217729.56,USD,2025-11-11T00:00:00
PO-2025-03114,PO-003114,SUP-0070,FAC-APAC-01,WH-APAC-RAW-01,2025-12-08,2026-01-27,DELIVERED,9279.64,USD,2025-12-08T00:00:00
PO-2025-03115,PO-003115,SUP-0001,FAC-MX-01,WH-MX-RAW-01,2025-10-26,2025-12-26,DELIVERED,10165.02,USD,2025-10-26T00:00:00
PO-2025-03116,PO-003116,SUP-0103,FAC-MX-01,WH-MX-RAW-01,2026-02-16,2026-04-03,CANCELLED,157493.17,USD,2026-02-16T00:00:00
PO-2025-03117,PO-003117,SUP-0099,FAC-MX-01,WH-MX-RAW-01,2026-02-16,2026-03-02,DELIVERED,33432.57,USD,2026-02-16T00:00:00
PO-2025-03118,PO-003118,SUP-0110,FAC-EU-01,WH-EU-RAW-01,2026-01-07,2026-01-22,DELIVERED,76799.88,USD,2026-01-07T00:00:00
PO-2025-03119,PO-003119,SUP-0041,FAC-EU-01,WH-EU-RAW-01,2025-05-23,2025-06-14,DELIVERED,171394.28,USD,2025-05-23T00:00:00
PO-2025-03120,PO-003120,SUP-0084,FAC-APAC-01,WH-APAC-RAW-01,2026-02-20,2026-03-17,DELIVERED,10681.9,USD,2026-02-20T00:00:00
PO-2025-03121,PO-003121,SUP-0001,FAC-MX-01,WH-MX-RAW-01,2025-12-27,2026-02-25,DELIVERED,4074.09,USD,2025-12-27T00:00:00
PO-2025-03122,PO-003122,SUP-0084,FAC-MX-01,WH-MX-RAW-01,2026-01-03,2026-02-01,DELIVERED,585507.33,USD,2026-01-03T00:00:00
PO-2025-03123,PO-003123,SUP-0107,FAC-MX-01,WH-MX-RAW-01,2025-09-22,2025-10-05,DELIVERED,13406.64,USD,2025-09-22T00:00:00
PO-2025-03124,PO-003124,SUP-0062,FAC-MX-01,WH-MX-RAW-01,2026-03-09,2026-04-16,IN_TRANSIT,7223.58,USD,2026-03-09T00:00:00
PO-2025-03125,PO-003125,SUP-0095,FAC-EU-01,WH-EU-RAW-01,2026-01-12,2026-01-27,DELIVERED,7452.0,USD,2026-01-12T00:00:00
PO-2025-03126,PO-003126,SUP-0067,FAC-US-01,WH-US-RAW-01,2025-05-28,2025-06-14,DELIVERED,759108.78,USD,2025-05-28T00:00:00
PO-2025-03127,PO-003127,SUP-0013,FAC-APAC-01,WH-APAC-RAW-01,2025-10-08,2025-10-30,DELIVERED,1372.64,USD,2025-10-08T00:00:00
PO-2025-03128,PO-003128,SUP-0089,FAC-EU-01,WH-EU-RAW-01,2026-03-13,2026-03-28,OVERDUE,118831.79,USD,2026-03-13T00:00:00
PO-2025-03129,PO-003129,SUP-0011,FAC-MX-01,WH-MX-RAW-01,2025-04-06,2025-04-27,DELIVERED,10494.9,USD,2025-04-06T00:00:00
PO-2025-03130,PO-003130,SUP-0055,FAC-MX-01,WH-MX-RAW-01,2026-04-27,2026-05-17,PENDING,3628.34,USD,2026-04-27T00:00:00
PO-2025-03131,PO-003131,SUP-0065,FAC-EU-01,WH-EU-RAW-01,2025-12-29,2026-02-01,DELIVERED,26732.81,USD,2025-12-29T00:00:00
PO-2025-03132,PO-003132,SUP-0065,FAC-MX-01,WH-MX-RAW-01,2025-12-16,2026-01-21,DELIVERED,544992.65,USD,2025-12-16T00:00:00
PO-2025-03133,PO-003133,SUP-0090,FAC-US-01,WH-US-RAW-01,2025-08-17,2025-09-09,DELIVERED,229252.63,USD,2025-08-17T00:00:00
PO-2025-03134,PO-003134,SUP-0009,FAC-APAC-01,WH-APAC-RAW-01,2025-08-08,2025-09-29,DELIVERED,81080.61,USD,2025-08-08T00:00:00
PO-2025-03135,PO-003135,SUP-0048,FAC-APAC-01,WH-APAC-RAW-01,2026-04-13,2026-05-16,PENDING,20729.14,USD,2026-04-13T00:00:00
PO-2025-03136,PO-003136,SUP-0104,FAC-APAC-01,WH-APAC-RAW-01,2025-08-28,2025-09-29,DELIVERED,3401.76,USD,2025-08-28T00:00:00
PO-2025-03137,PO-003137,SUP-0105,FAC-APAC-01,WH-APAC-RAW-01,2026-01-28,2026-02-19,CANCELLED,25736.13,USD,2026-01-28T00:00:00
PO-2025-03138,PO-003138,SUP-0099,FAC-APAC-01,WH-APAC-RAW-01,2025-10-03,2025-10-16,DELIVERED,21332.85,USD,2025-10-03T00:00:00
PO-2025-03139,PO-003139,SUP-0105,FAC-US-01,WH-US-RAW-01,2025-06-13,2025-07-06,DELIVERED,1405.53,USD,2025-06-13T00:00:00
PO-2025-03140,PO-003140,SUP-0051,FAC-US-01,WH-US-RAW-01,2025-02-15,2025-03-14,DELIVERED,216700.56,USD,2025-02-15T00:00:00
PO-2025-03141,PO-003141,SUP-0043,FAC-EU-01,WH-EU-RAW-01,2025-11-21,2025-12-15,DELIVERED,24074.55,USD,2025-11-21T00:00:00
PO-2025-03142,PO-003142,SUP-0005,FAC-EU-01,WH-EU-RAW-01,2026-05-10,2026-06-05,PENDING,107691.41,USD,2026-05-10T00:00:00
PO-2025-03143,PO-003143,SUP-0047,FAC-APAC-01,WH-APAC-RAW-01,2025-09-24,2025-10-06,DELIVERED,46275.41,USD,2025-09-24T00:00:00
PO-2025-03144,PO-003144,SUP-0026,FAC-APAC-01,WH-APAC-RAW-01,2025-09-20,2025-10-22,DELIVERED,10670.53,USD,2025-09-20T00:00:00
PO-2025-03145,PO-003145,SUP-0072,FAC-US-01,WH-US-RAW-01,2025-09-15,2025-11-04,DELIVERED,13461.25,USD,2025-09-15T00:00:00
PO-2025-03146,PO-003146,SUP-0097,FAC-APAC-01,WH-APAC-RAW-01,2025-11-14,2025-12-15,DELIVERED,52947.36,USD,2025-11-14T00:00:00
PO-2025-03147,PO-003147,SUP-0034,FAC-MX-01,WH-MX-RAW-01,2025-10-19,2025-11-13,DELIVERED,20807.7,USD,2025-10-19T00:00:00
PO-2025-03148,PO-003148,SUP-0026,FAC-US-01,WH-US-RAW-01,2026-03-10,2026-04-11,DELIVERED,30430.22,USD,2026-03-10T00:00:00
PO-2025-03149,PO-003149,SUP-0111,FAC-MX-01,WH-MX-RAW-01,2025-11-09,2025-12-15,DELIVERED,6919.61,USD,2025-11-09T00:00:00
PO-2025-03150,PO-003150,SUP-0078,FAC-MX-01,WH-MX-RAW-01,2025-11-10,2025-11-28,CANCELLED,98967.65,USD,2025-11-10T00:00:00
PO-2025-03151,PO-003151,SUP-0086,FAC-US-01,WH-US-RAW-01,2025-06-13,2025-06-27,OVERDUE,241032.98,USD,2025-06-13T00:00:00
PO-2025-03152,PO-003152,SUP-0064,FAC-APAC-01,WH-APAC-RAW-01,2026-05-18,2026-06-09,PENDING,66065.64,USD,2026-05-18T00:00:00
PO-2025-03153,PO-003153,SUP-0003,FAC-MX-01,WH-MX-RAW-01,2025-08-08,2025-09-02,DELIVERED,43262.37,USD,2025-08-08T00:00:00
PO-2025-03154,PO-003154,SUP-0004,FAC-MX-01,WH-MX-RAW-01,2025-04-30,2025-05-29,DELIVERED,7226.99,USD,2025-04-30T00:00:00
PO-2025-03155,PO-003155,SUP-0031,FAC-APAC-01,WH-APAC-RAW-01,2025-12-24,2026-02-28,DELIVERED,150435.56,USD,2025-12-24T00:00:00
PO-2025-03156,PO-003156,SUP-0041,FAC-MX-01,WH-MX-RAW-01,2025-12-06,2025-12-25,CANCELLED,12237.41,USD,2025-12-06T00:00:00
PO-2025-03157,PO-003157,SUP-0085,FAC-MX-01,WH-MX-RAW-01,2025-10-11,2025-10-19,DELIVERED,757154.73,USD,2025-10-11T00:00:00
PO-2025-03158,PO-003158,SUP-0044,FAC-EU-01,WH-EU-RAW-01,2025-10-13,2025-12-08,DELIVERED,45568.96,USD,2025-10-13T00:00:00
PO-2025-03159,PO-003159,SUP-0021,FAC-EU-01,WH-EU-RAW-01,2026-01-31,2026-02-26,DELIVERED,44249.81,USD,2026-01-31T00:00:00
PO-2025-03160,PO-003160,SUP-0062,FAC-APAC-01,WH-APAC-RAW-01,2025-07-14,2025-08-14,DELIVERED,73374.16,USD,2025-07-14T00:00:00
PO-2025-03161,PO-003161,SUP-0092,FAC-MX-01,WH-MX-RAW-01,2026-02-13,2026-03-06,DELIVERED,987.7,USD,2026-02-13T00:00:00
PO-2025-03162,PO-003162,SUP-0077,FAC-MX-01,WH-MX-RAW-01,2025-12-20,2026-01-10,DELIVERED,105796.54,USD,2025-12-20T00:00:00
PO-2025-03163,PO-003163,SUP-0002,FAC-US-01,WH-US-RAW-01,2025-10-12,2025-11-04,DELIVERED,678.51,USD,2025-10-12T00:00:00
PO-2025-03164,PO-003164,SUP-0075,FAC-MX-01,WH-MX-RAW-01,2025-10-25,2025-11-22,DELIVERED,21167.48,USD,2025-10-25T00:00:00
PO-2025-03165,PO-003165,SUP-0110,FAC-APAC-01,WH-APAC-RAW-01,2025-08-11,2025-08-30,DELIVERED,82259.85,USD,2025-08-11T00:00:00
PO-2025-03166,PO-003166,SUP-0110,FAC-EU-01,WH-EU-RAW-01,2026-01-20,2026-02-06,OVERDUE,132435.02,USD,2026-01-20T00:00:00
PO-2025-03167,PO-003167,SUP-0067,FAC-APAC-01,WH-APAC-RAW-01,2025-11-11,2025-12-04,DELIVERED,27525.57,USD,2025-11-11T00:00:00
PO-2025-03168,PO-003168,SUP-0009,FAC-APAC-01,WH-APAC-RAW-01,2025-09-06,2025-10-27,DELIVERED,10584.8,USD,2025-09-06T00:00:00
PO-2025-03169,PO-003169,SUP-0096,FAC-APAC-01,WH-APAC-RAW-01,2025-12-06,2025-12-20,OVERDUE,5067.0,USD,2025-12-06T00:00:00
PO-2025-03170,PO-003170,SUP-0048,FAC-APAC-01,WH-APAC-RAW-01,2026-06-08,2026-07-09,PENDING,9942.75,USD,2026-06-08T00:00:00
PO-2025-03171,PO-003171,SUP-0003,FAC-EU-01,WH-EU-RAW-01,2025-10-17,2025-11-08,DELIVERED,15540.2,USD,2025-10-17T00:00:00
PO-2025-03172,PO-003172,SUP-0053,FAC-US-01,WH-US-RAW-01,2026-03-31,2026-05-03,IN_TRANSIT,18431.73,USD,2026-03-31T00:00:00
PO-2025-03173,PO-003173,SUP-0113,FAC-MX-01,WH-MX-RAW-01,2025-09-16,2025-10-03,DELIVERED,32236.76,USD,2025-09-16T00:00:00
PO-2025-03174,PO-003174,SUP-0029,FAC-APAC-01,WH-APAC-RAW-01,2025-04-13,2025-05-15,DELIVERED,18082.83,USD,2025-04-13T00:00:00
PO-2025-03175,PO-003175,SUP-0095,FAC-MX-01,WH-MX-RAW-01,2025-07-18,2025-07-29,DELIVERED,61893.6,USD,2025-07-18T00:00:00
PO-2025-03176,PO-003176,SUP-0006,FAC-US-01,WH-US-RAW-01,2025-10-12,2025-10-26,DELIVERED,35081.55,USD,2025-10-12T00:00:00
PO-2025-03177,PO-003177,SUP-0019,FAC-US-01,WH-US-RAW-01,2025-07-25,2025-08-13,DELIVERED,38478.48,USD,2025-07-25T00:00:00
PO-2025-03178,PO-003178,SUP-0118,FAC-EU-01,WH-EU-RAW-01,2025-01-07,2025-02-09,DELIVERED,833.04,USD,2025-01-07T00:00:00
PO-2025-03179,PO-003179,SUP-0077,FAC-US-01,WH-US-RAW-01,2026-03-27,2026-04-16,IN_TRANSIT,1200.45,USD,2026-03-27T00:00:00
PO-2025-03180,PO-003180,SUP-0109,FAC-US-01,WH-US-RAW-01,2026-02-22,2026-03-12,DELIVERED,47131.08,USD,2026-02-22T00:00:00
PO-2025-03181,PO-003181,SUP-0068,FAC-US-01,WH-US-RAW-01,2026-01-17,2026-02-09,CANCELLED,34146.47,USD,2026-01-17T00:00:00
PO-2025-03182,PO-003182,SUP-0095,FAC-APAC-01,WH-APAC-RAW-01,2025-06-29,2025-07-16,DELIVERED,211510.59,USD,2025-06-29T00:00:00
PO-2025-03183,PO-003183,SUP-0098,FAC-US-01,WH-US-RAW-01,2025-06-02,2025-06-24,DELIVERED,34363.42,USD,2025-06-02T00:00:00
PO-2025-03184,PO-003184,SUP-0089,FAC-EU-01,WH-EU-RAW-01,2025-04-25,2025-05-10,DELIVERED,288987.19,USD,2025-04-25T00:00:00
PO-2025-03185,PO-003185,SUP-0047,FAC-APAC-01,WH-APAC-RAW-01,2026-01-11,2026-01-25,DELIVERED,4372.41,USD,2026-01-11T00:00:00
PO-2025-03186,PO-003186,SUP-0012,FAC-APAC-01,WH-APAC-RAW-01,2026-04-04,2026-04-21,IN_TRANSIT,29132.7,USD,2026-04-04T00:00:00
PO-2025-03187,PO-003187,SUP-0012,FAC-EU-01,WH-EU-RAW-01,2025-10-16,2025-10-28,DELIVERED,33255.7,USD,2025-10-16T00:00:00
PO-2025-03188,PO-003188,SUP-0051,FAC-APAC-01,WH-APAC-RAW-01,2025-06-01,2025-06-28,CANCELLED,4686.72,USD,2025-06-01T00:00:00
PO-2025-03189,PO-003189,SUP-0025,FAC-MX-01,WH-MX-RAW-01,2025-11-11,2025-11-23,DELIVERED,133899.47,USD,2025-11-11T00:00:00
PO-2025-03190,PO-003190,SUP-0054,FAC-US-01,WH-US-RAW-01,2025-09-17,2025-10-15,DELIVERED,629503.09,USD,2025-09-17T00:00:00
PO-2025-03191,PO-003191,SUP-0102,FAC-APAC-01,WH-APAC-RAW-01,2025-09-27,2025-10-20,DELIVERED,52205.01,USD,2025-09-27T00:00:00
PO-2025-03192,PO-003192,SUP-0008,FAC-APAC-01,WH-APAC-RAW-01,2025-12-13,2026-01-15,DELIVERED,17779.32,USD,2025-12-13T00:00:00
PO-2025-03193,PO-003193,SUP-0089,FAC-US-01,WH-US-RAW-01,2026-01-09,2026-01-30,CANCELLED,169429.2,USD,2026-01-09T00:00:00
PO-2025-03194,PO-003194,SUP-0090,FAC-APAC-01,WH-APAC-RAW-01,2025-05-27,2025-06-22,DELIVERED,128858.47,USD,2025-05-27T00:00:00
PO-2025-03195,PO-003195,SUP-0101,FAC-US-01,WH-US-RAW-01,2025-03-24,2025-04-21,DELIVERED,20700.9,USD,2025-03-24T00:00:00
PO-2025-03196,PO-003196,SUP-0040,FAC-EU-01,WH-EU-RAW-01,2026-06-05,2026-07-01,PENDING,338.67,USD,2026-06-05T00:00:00
PO-2025-03197,PO-003197,SUP-0065,FAC-EU-01,WH-EU-RAW-01,2025-07-31,2025-09-06,DELIVERED,122970.6,USD,2025-07-31T00:00:00
PO-2025-03198,PO-003198,SUP-0093,FAC-US-01,WH-US-RAW-01,2025-04-12,2025-05-25,DELIVERED,7534.09,USD,2025-04-12T00:00:00
PO-2025-03199,PO-003199,SUP-0084,FAC-EU-01,WH-EU-RAW-01,2025-07-11,2025-08-09,DELIVERED,726.24,USD,2025-07-11T00:00:00
PO-2025-03200,PO-003200,SUP-0030,FAC-EU-01,WH-EU-RAW-01,2025-03-28,2025-04-29,DELIVERED,10699.2,USD,2025-03-28T00:00:00
PO-2025-03201,PO-003201,SUP-0001,FAC-US-01,WH-US-RAW-01,2025-10-03,2025-12-01,DELIVERED,10135.17,USD,2025-10-03T00:00:00
PO-2025-03202,PO-003202,SUP-0102,FAC-US-01,WH-US-RAW-01,2026-02-06,2026-03-02,OVERDUE,28217.25,USD,2026-02-06T00:00:00
PO-2025-03203,PO-003203,SUP-0067,FAC-US-01,WH-US-RAW-01,2025-09-14,2025-10-08,DELIVERED,480747.64,USD,2025-09-14T00:00:00
PO-2025-03204,PO-003204,SUP-0002,FAC-US-01,WH-US-RAW-01,2025-10-20,2025-11-09,DELIVERED,16527.94,USD,2025-10-20T00:00:00
PO-2025-03205,PO-003205,SUP-0021,FAC-EU-01,WH-EU-RAW-01,2025-12-28,2026-01-27,DELIVERED,62370.6,USD,2025-12-28T00:00:00
PO-2025-03206,PO-003206,SUP-0091,FAC-EU-01,WH-EU-RAW-01,2025-11-10,2025-11-24,DELIVERED,2233.14,USD,2025-11-10T00:00:00
PO-2025-03207,PO-003207,SUP-0093,FAC-MX-01,WH-MX-RAW-01,2026-03-01,2026-04-11,OVERDUE,37948.16,USD,2026-03-01T00:00:00
PO-2025-03208,PO-003208,SUP-0055,FAC-MX-01,WH-MX-RAW-01,2026-03-03,2026-03-25,DELIVERED,1288.28,USD,2026-03-03T00:00:00
PO-2025-03209,PO-003209,SUP-0104,FAC-US-01,WH-US-RAW-01,2025-02-13,2025-03-14,DELIVERED,81486.8,USD,2025-02-13T00:00:00
PO-2025-03210,PO-003210,SUP-0067,FAC-EU-01,WH-EU-RAW-01,2026-01-29,2026-02-21,DELIVERED,3796.92,USD,2026-01-29T00:00:00
PO-2025-03211,PO-003211,SUP-0065,FAC-MX-01,WH-MX-RAW-01,2025-10-26,2025-11-30,DELIVERED,11679.64,USD,2025-10-26T00:00:00
PO-2025-03212,PO-003212,SUP-0068,FAC-EU-01,WH-EU-RAW-01,2026-05-26,2026-06-15,PENDING,15411.7,USD,2026-05-26T00:00:00
PO-2025-03213,PO-003213,SUP-0105,FAC-EU-01,WH-EU-RAW-01,2025-11-02,2025-11-22,DELIVERED,54345.59,USD,2025-11-02T00:00:00
PO-2025-03214,PO-003214,SUP-0096,FAC-MX-01,WH-MX-RAW-01,2026-05-24,2026-06-11,PENDING,7420.2,USD,2026-05-24T00:00:00
PO-2025-03215,PO-003215,SUP-0022,FAC-APAC-01,WH-APAC-RAW-01,2026-01-21,2026-02-04,DELIVERED,110643.05,USD,2026-01-21T00:00:00
PO-2025-03216,PO-003216,SUP-0004,FAC-EU-01,WH-EU-RAW-01,2025-08-08,2025-09-06,DELIVERED,4993.8,USD,2025-08-08T00:00:00
PO-2025-03217,PO-003217,SUP-0027,FAC-APAC-01,WH-APAC-RAW-01,2025-11-19,2025-12-13,DELIVERED,76067.56,USD,2025-11-19T00:00:00
PO-2025-03218,PO-003218,SUP-0059,FAC-MX-01,WH-MX-RAW-01,2026-06-01,2026-08-03,PENDING,78627.59,USD,2026-06-01T00:00:00
PO-2025-03219,PO-003219,SUP-0098,FAC-MX-01,WH-MX-RAW-01,2026-02-28,2026-03-28,DELIVERED,2540.3,USD,2026-02-28T00:00:00
PO-2025-03220,PO-003220,SUP-0090,FAC-EU-01,WH-EU-RAW-01,2025-05-18,2025-06-13,DELIVERED,21431.16,USD,2025-05-18T00:00:00
PO-2025-03221,PO-003221,SUP-0046,FAC-MX-01,WH-MX-RAW-01,2026-01-06,2026-02-08,DELIVERED,268402.08,USD,2026-01-06T00:00:00
PO-2025-03222,PO-003222,SUP-0042,FAC-MX-01,WH-MX-RAW-01,2025-09-16,2025-10-09,DELIVERED,110116.65,USD,2025-09-16T00:00:00
PO-2025-03223,PO-003223,SUP-0010,FAC-US-01,WH-US-RAW-01,2025-02-06,2025-02-24,OVERDUE,5089.05,USD,2025-02-06T00:00:00
PO-2025-03224,PO-003224,SUP-0090,FAC-EU-01,WH-EU-RAW-01,2025-10-07,2025-10-29,DELIVERED,3059.38,USD,2025-10-07T00:00:00
PO-2025-03225,PO-003225,SUP-0101,FAC-US-01,WH-US-RAW-01,2025-08-01,2025-08-25,DELIVERED,18360.54,USD,2025-08-01T00:00:00
PO-2025-03226,PO-003226,SUP-0055,FAC-MX-01,WH-MX-RAW-01,2026-02-12,2026-03-01,DELIVERED,15086.75,USD,2026-02-12T00:00:00
PO-2025-03227,PO-003227,SUP-0041,FAC-MX-01,WH-MX-RAW-01,2025-09-13,2025-10-05,DELIVERED,239765.17,USD,2025-09-13T00:00:00
PO-2025-03228,PO-003228,SUP-0071,FAC-EU-01,WH-EU-RAW-01,2026-02-16,2026-03-18,DELIVERED,18217.58,USD,2026-02-16T00:00:00
PO-2025-03229,PO-003229,SUP-0103,FAC-EU-01,WH-EU-RAW-01,2025-01-11,2025-02-28,DELIVERED,340058.15,USD,2025-01-11T00:00:00
PO-2025-03230,PO-003230,SUP-0030,FAC-APAC-01,WH-APAC-RAW-01,2025-09-01,2025-10-07,DELIVERED,469047.19,USD,2025-09-01T00:00:00
PO-2025-03231,PO-003231,SUP-0060,FAC-US-01,WH-US-RAW-01,2025-08-04,2025-08-29,DELIVERED,11589.54,USD,2025-08-04T00:00:00
PO-2025-03232,PO-003232,SUP-0068,FAC-EU-01,WH-EU-RAW-01,2025-08-01,2025-08-21,DELIVERED,34334.83,USD,2025-08-01T00:00:00
PO-2025-03233,PO-003233,SUP-0115,FAC-APAC-01,WH-APAC-RAW-01,2025-04-25,2025-05-23,DELIVERED,23264.27,USD,2025-04-25T00:00:00
PO-2025-03234,PO-003234,SUP-0065,FAC-US-01,WH-US-RAW-01,2025-07-10,2025-08-11,DELIVERED,305554.93,USD,2025-07-10T00:00:00
PO-2025-03235,PO-003235,SUP-0083,FAC-MX-01,WH-MX-RAW-01,2025-11-24,2025-12-28,DELIVERED,18662.8,USD,2025-11-24T00:00:00
PO-2025-03236,PO-003236,SUP-0003,FAC-MX-01,WH-MX-RAW-01,2025-08-26,2025-09-18,DELIVERED,173018.8,USD,2025-08-26T00:00:00
PO-2025-03237,PO-003237,SUP-0099,FAC-US-01,WH-US-RAW-01,2025-10-11,2025-10-24,DELIVERED,2204.32,USD,2025-10-11T00:00:00
PO-2025-03238,PO-003238,SUP-0101,FAC-US-01,WH-US-RAW-01,2025-09-27,2025-10-22,OVERDUE,183.34,USD,2025-09-27T00:00:00
PO-2025-03239,PO-003239,SUP-0031,FAC-US-01,WH-US-RAW-01,2026-03-08,2026-05-13,IN_TRANSIT,197764.27,USD,2026-03-08T00:00:00
PO-2025-03240,PO-003240,SUP-0111,FAC-APAC-01,WH-APAC-RAW-01,2026-03-22,2026-04-28,IN_TRANSIT,40058.7,USD,2026-03-22T00:00:00
PO-2025-03241,PO-003241,SUP-0110,FAC-MX-01,WH-MX-RAW-01,2025-11-05,2025-11-18,DELIVERED,39457.68,USD,2025-11-05T00:00:00
PO-2025-03242,PO-003242,SUP-0119,FAC-MX-01,WH-MX-RAW-01,2025-09-10,2025-10-15,DELIVERED,12269.43,USD,2025-09-10T00:00:00
PO-2025-03243,PO-003243,SUP-0079,FAC-APAC-01,WH-APAC-RAW-01,2025-05-24,2025-06-19,OVERDUE,44354.9,USD,2025-05-24T00:00:00
PO-2025-03244,PO-003244,SUP-0062,FAC-MX-01,WH-MX-RAW-01,2026-04-21,2026-05-25,PENDING,556.4,USD,2026-04-21T00:00:00
PO-2025-03245,PO-003245,SUP-0048,FAC-US-01,WH-US-RAW-01,2025-04-18,2025-05-16,DELIVERED,20196.52,USD,2025-04-18T00:00:00
PO-2025-03246,PO-003246,SUP-0070,FAC-MX-01,WH-MX-RAW-01,2025-08-28,2025-10-23,DELIVERED,500507.62,USD,2025-08-28T00:00:00
PO-2025-03247,PO-003247,SUP-0004,FAC-US-01,WH-US-RAW-01,2025-08-28,2025-09-27,DELIVERED,71854.84,USD,2025-08-28T00:00:00
PO-2025-03248,PO-003248,SUP-0064,FAC-US-01,WH-US-RAW-01,2025-09-06,2025-10-01,DELIVERED,55814.19,USD,2025-09-06T00:00:00
PO-2025-03249,PO-003249,SUP-0012,FAC-APAC-01,WH-APAC-RAW-01,2025-06-28,2025-07-16,OVERDUE,5990.4,USD,2025-06-28T00:00:00
PO-2025-03250,PO-003250,SUP-0104,FAC-MX-01,WH-MX-RAW-01,2026-01-30,2026-03-03,DELIVERED,10828.54,USD,2026-01-30T00:00:00
PO-2025-03251,PO-003251,SUP-0039,FAC-MX-01,WH-MX-RAW-01,2025-06-03,2025-07-02,DELIVERED,717.92,USD,2025-06-03T00:00:00
PO-2025-03252,PO-003252,SUP-0048,FAC-APAC-01,WH-APAC-RAW-01,2025-12-17,2026-01-15,DELIVERED,26294.8,USD,2025-12-17T00:00:00
PO-2025-03253,PO-003253,SUP-0033,FAC-EU-01,WH-EU-RAW-01,2025-06-04,2025-06-23,DELIVERED,762.84,USD,2025-06-04T00:00:00
PO-2025-03254,PO-003254,SUP-0087,FAC-APAC-01,WH-APAC-RAW-01,2025-04-27,2025-05-18,DELIVERED,2422.03,USD,2025-04-27T00:00:00
PO-2025-03255,PO-003255,SUP-0096,FAC-APAC-01,WH-APAC-RAW-01,2026-03-24,2026-04-06,DELIVERED,180557.3,USD,2026-03-24T00:00:00
PO-2025-03256,PO-003256,SUP-0001,FAC-US-01,WH-US-RAW-01,2025-07-11,2025-09-05,DELIVERED,12146.38,USD,2025-07-11T00:00:00
PO-2025-03257,PO-003257,SUP-0115,FAC-MX-01,WH-MX-RAW-01,2026-02-13,2026-03-13,DELIVERED,431.95,USD,2026-02-13T00:00:00
PO-2025-03258,PO-003258,SUP-0012,FAC-EU-01,WH-EU-RAW-01,2025-11-21,2025-12-09,DELIVERED,41292.89,USD,2025-11-21T00:00:00
PO-2025-03259,PO-003259,SUP-0118,FAC-APAC-01,WH-APAC-RAW-01,2025-05-03,2025-06-01,DELIVERED,133434.09,USD,2025-05-03T00:00:00
PO-2025-03260,PO-003260,SUP-0031,FAC-MX-01,WH-MX-RAW-01,2026-04-22,2026-06-26,PENDING,159778.97,USD,2026-04-22T00:00:00
PO-2025-03261,PO-003261,SUP-0049,FAC-EU-01,WH-EU-RAW-01,2025-08-07,2025-08-24,DELIVERED,19680.87,USD,2025-08-07T00:00:00
PO-2025-03262,PO-003262,SUP-0023,FAC-APAC-01,WH-APAC-RAW-01,2026-03-01,2026-03-17,DELIVERED,21019.81,USD,2026-03-01T00:00:00
PO-2025-03263,PO-003263,SUP-0068,FAC-EU-01,WH-EU-RAW-01,2025-06-30,2025-07-21,DELIVERED,12511.33,USD,2025-06-30T00:00:00
PO-2025-03264,PO-003264,SUP-0051,FAC-MX-01,WH-MX-RAW-01,2026-02-26,2026-03-20,DELIVERED,260039.77,USD,2026-02-26T00:00:00
PO-2025-03265,PO-003265,SUP-0041,FAC-MX-01,WH-MX-RAW-01,2025-02-20,2025-03-13,DELIVERED,381747.96,USD,2025-02-20T00:00:00
PO-2025-03266,PO-003266,SUP-0048,FAC-EU-01,WH-EU-RAW-01,2025-11-11,2025-12-10,DELIVERED,19532.1,USD,2025-11-11T00:00:00
PO-2025-03267,PO-003267,SUP-0004,FAC-MX-01,WH-MX-RAW-01,2026-01-26,2026-02-26,DELIVERED,6304.2,USD,2026-01-26T00:00:00
PO-2025-03268,PO-003268,SUP-0048,FAC-US-01,WH-US-RAW-01,2026-04-08,2026-05-11,IN_TRANSIT,31985.76,USD,2026-04-08T00:00:00
PO-2025-03269,PO-003269,SUP-0088,FAC-US-01,WH-US-RAW-01,2026-03-24,2026-04-13,DELIVERED,148140.7,USD,2026-03-24T00:00:00
PO-2025-03270,PO-003270,SUP-0096,FAC-APAC-01,WH-APAC-RAW-01,2026-02-13,2026-03-05,DELIVERED,36063.7,USD,2026-02-13T00:00:00
PO-2025-03271,PO-003271,SUP-0091,FAC-EU-01,WH-EU-RAW-01,2026-03-14,2026-04-02,DELIVERED,13125.64,USD,2026-03-14T00:00:00
PO-2025-03272,PO-003272,SUP-0103,FAC-EU-01,WH-EU-RAW-01,2025-07-16,2025-08-30,DELIVERED,16131.96,USD,2025-07-16T00:00:00
PO-2025-03273,PO-003273,SUP-0002,FAC-MX-01,WH-MX-RAW-01,2025-08-23,2025-09-13,DELIVERED,4635.24,USD,2025-08-23T00:00:00
PO-2025-03274,PO-003274,SUP-0050,FAC-EU-01,WH-EU-RAW-01,2025-08-25,2025-09-25,OVERDUE,3885.12,USD,2025-08-25T00:00:00
PO-2025-03275,PO-003275,SUP-0048,FAC-APAC-01,WH-APAC-RAW-01,2025-09-27,2025-10-25,DELIVERED,1160.25,USD,2025-09-27T00:00:00
PO-2025-03276,PO-003276,SUP-0052,FAC-EU-01,WH-EU-RAW-01,2025-10-03,2025-10-31,CANCELLED,17758.32,USD,2025-10-03T00:00:00
PO-2025-03277,PO-003277,SUP-0070,FAC-APAC-01,WH-APAC-RAW-01,2025-11-21,2026-01-10,DELIVERED,25455.62,USD,2025-11-21T00:00:00
PO-2025-03278,PO-003278,SUP-0054,FAC-MX-01,WH-MX-RAW-01,2025-06-25,2025-07-25,DELIVERED,189007.47,USD,2025-06-25T00:00:00
PO-2025-03279,PO-003279,SUP-0095,FAC-MX-01,WH-MX-RAW-01,2026-01-01,2026-01-15,CANCELLED,49178.08,USD,2026-01-01T00:00:00
PO-2025-03280,PO-003280,SUP-0034,FAC-APAC-01,WH-APAC-RAW-01,2025-06-29,2025-07-25,DELIVERED,98042.4,USD,2025-06-29T00:00:00
PO-2025-03281,PO-003281,SUP-0060,FAC-EU-01,WH-EU-RAW-01,2025-09-02,2025-10-03,DELIVERED,58209.84,USD,2025-09-02T00:00:00
PO-2025-03282,PO-003282,SUP-0017,FAC-APAC-01,WH-APAC-RAW-01,2025-11-08,2026-01-04,DELIVERED,30387.27,USD,2025-11-08T00:00:00
PO-2025-03283,PO-003283,SUP-0096,FAC-APAC-01,WH-APAC-RAW-01,2026-02-04,2026-02-24,DELIVERED,57048.64,USD,2026-02-04T00:00:00
PO-2025-03284,PO-003284,SUP-0095,FAC-APAC-01,WH-APAC-RAW-01,2026-01-16,2026-01-31,DELIVERED,107820.56,USD,2026-01-16T00:00:00
PO-2025-03285,PO-003285,SUP-0099,FAC-EU-01,WH-EU-RAW-01,2025-12-20,2026-01-03,DELIVERED,6317.65,USD,2025-12-20T00:00:00
PO-2025-03286,PO-003286,SUP-0004,FAC-APAC-01,WH-APAC-RAW-01,2025-06-23,2025-07-22,DELIVERED,1051.83,USD,2025-06-23T00:00:00
PO-2025-03287,PO-003287,SUP-0113,FAC-APAC-01,WH-APAC-RAW-01,2025-11-21,2025-12-14,DELIVERED,18414.32,USD,2025-11-21T00:00:00
PO-2025-03288,PO-003288,SUP-0046,FAC-MX-01,WH-MX-RAW-01,2025-05-10,2025-06-10,DELIVERED,249008.25,USD,2025-05-10T00:00:00
PO-2025-03289,PO-003289,SUP-0034,FAC-US-01,WH-US-RAW-01,2025-09-27,2025-10-22,OVERDUE,1400.88,USD,2025-09-27T00:00:00
PO-2025-03290,PO-003290,SUP-0052,FAC-APAC-01,WH-APAC-RAW-01,2025-10-10,2025-11-04,DELIVERED,8280.0,USD,2025-10-10T00:00:00
PO-2025-03291,PO-003291,SUP-0064,FAC-US-01,WH-US-RAW-01,2025-03-29,2025-04-22,DELIVERED,104867.76,USD,2025-03-29T00:00:00
PO-2025-03292,PO-003292,SUP-0009,FAC-EU-01,WH-EU-RAW-01,2025-08-18,2025-10-11,DELIVERED,34416.19,USD,2025-08-18T00:00:00
PO-2025-03293,PO-003293,SUP-0019,FAC-EU-01,WH-EU-RAW-01,2026-04-23,2026-05-08,PENDING,25045.93,USD,2026-04-23T00:00:00
PO-2025-03294,PO-003294,SUP-0001,FAC-EU-01,WH-EU-RAW-01,2026-04-21,2026-06-21,PENDING,33805.28,USD,2026-04-21T00:00:00
PO-2025-03295,PO-003295,SUP-0065,FAC-MX-01,WH-MX-RAW-01,2025-09-18,2025-10-20,DELIVERED,711207.14,USD,2025-09-18T00:00:00
PO-2025-03296,PO-003296,SUP-0079,FAC-MX-01,WH-MX-RAW-01,2025-04-02,2025-05-03,DELIVERED,4429.44,USD,2025-04-02T00:00:00
PO-2025-03297,PO-003297,SUP-0062,FAC-EU-01,WH-EU-RAW-01,2025-07-05,2025-08-12,CANCELLED,4538.28,USD,2025-07-05T00:00:00
PO-2025-03298,PO-003298,SUP-0041,FAC-US-01,WH-US-RAW-01,2025-10-03,2025-10-27,DELIVERED,114942.78,USD,2025-10-03T00:00:00
PO-2025-03299,PO-003299,SUP-0115,FAC-MX-01,WH-MX-RAW-01,2026-04-17,2026-05-12,PENDING,34061.72,USD,2026-04-17T00:00:00
PO-2025-03300,PO-003300,SUP-0086,FAC-APAC-01,WH-APAC-RAW-01,2025-06-15,2025-06-23,DELIVERED,515887.98,USD,2025-06-15T00:00:00
PO-2025-03301,PO-003301,SUP-0093,FAC-US-01,WH-US-RAW-01,2026-01-24,2026-03-13,DELIVERED,131729.52,USD,2026-01-24T00:00:00
PO-2025-03302,PO-003302,SUP-0048,FAC-MX-01,WH-MX-RAW-01,2025-05-25,2025-06-25,DELIVERED,3100.0,USD,2025-05-25T00:00:00
PO-2025-03303,PO-003303,SUP-0068,FAC-EU-01,WH-EU-RAW-01,2026-05-16,2026-06-08,PENDING,94185.0,USD,2026-05-16T00:00:00
PO-2025-03304,PO-003304,SUP-0085,FAC-APAC-01,WH-APAC-RAW-01,2025-09-29,2025-10-07,DELIVERED,552.04,USD,2025-09-29T00:00:00
PO-2025-03305,PO-003305,SUP-0037,FAC-MX-01,WH-MX-RAW-01,2026-01-28,2026-02-22,DELIVERED,19176.75,USD,2026-01-28T00:00:00
PO-2025-03306,PO-003306,SUP-0084,FAC-US-01,WH-US-RAW-01,2025-09-15,2025-10-14,DELIVERED,13626.73,USD,2025-09-15T00:00:00
PO-2025-03307,PO-003307,SUP-0006,FAC-APAC-01,WH-APAC-RAW-01,2025-12-15,2025-12-28,DELIVERED,36935.71,USD,2025-12-15T00:00:00
PO-2025-03308,PO-003308,SUP-0059,FAC-MX-01,WH-MX-RAW-01,2025-07-12,2025-09-11,OVERDUE,598336.94,USD,2025-07-12T00:00:00
PO-2025-03309,PO-003309,SUP-0008,FAC-US-01,WH-US-RAW-01,2025-06-17,2025-07-23,DELIVERED,89225.33,USD,2025-06-17T00:00:00
PO-2025-03310,PO-003310,SUP-0115,FAC-US-01,WH-US-RAW-01,2026-04-10,2026-05-10,IN_TRANSIT,798.7,USD,2026-04-10T00:00:00
PO-2025-03311,PO-003311,SUP-0089,FAC-US-01,WH-US-RAW-01,2026-03-29,2026-04-14,DELIVERED,84792.82,USD,2026-03-29T00:00:00
PO-2025-03312,PO-003312,SUP-0110,FAC-APAC-01,WH-APAC-RAW-01,2026-03-13,2026-03-27,DELIVERED,1558.05,USD,2026-03-13T00:00:00
PO-2025-03313,PO-003313,SUP-0009,FAC-US-01,WH-US-RAW-01,2025-12-14,2026-02-08,DELIVERED,57066.05,USD,2025-12-14T00:00:00
PO-2025-03314,PO-003314,SUP-0047,FAC-US-01,WH-US-RAW-01,2026-02-08,2026-02-25,DELIVERED,26649.92,USD,2026-02-08T00:00:00
PO-2025-03315,PO-003315,SUP-0059,FAC-US-01,WH-US-RAW-01,2025-04-26,2025-06-29,DELIVERED,70662.98,USD,2025-04-26T00:00:00
PO-2025-03316,PO-003316,SUP-0062,FAC-MX-01,WH-MX-RAW-01,2025-09-12,2025-10-13,OVERDUE,7108.92,USD,2025-09-12T00:00:00
PO-2025-03317,PO-003317,SUP-0039,FAC-APAC-01,WH-APAC-RAW-01,2025-09-04,2025-10-06,DELIVERED,203659.18,USD,2025-09-04T00:00:00
PO-2025-03318,PO-003318,SUP-0068,FAC-APAC-01,WH-APAC-RAW-01,2025-12-17,2026-01-11,DELIVERED,31321.75,USD,2025-12-17T00:00:00
PO-2025-03319,PO-003319,SUP-0079,FAC-APAC-01,WH-APAC-RAW-01,2025-09-20,2025-10-15,DELIVERED,1887.27,USD,2025-09-20T00:00:00
PO-2025-03320,PO-003320,SUP-0014,FAC-MX-01,WH-MX-RAW-01,2025-06-19,2025-08-19,DELIVERED,4332.96,USD,2025-06-19T00:00:00
PO-2025-03321,PO-003321,SUP-0090,FAC-MX-01,WH-MX-RAW-01,2025-12-06,2025-12-29,DELIVERED,16812.5,USD,2025-12-06T00:00:00
PO-2025-03322,PO-003322,SUP-0092,FAC-US-01,WH-US-RAW-01,2026-02-11,2026-03-04,DELIVERED,1701.7,USD,2026-02-11T00:00:00
PO-2025-03323,PO-003323,SUP-0009,FAC-EU-01,WH-EU-RAW-01,2025-09-29,2025-11-19,DELIVERED,18014.76,USD,2025-09-29T00:00:00
PO-2025-03324,PO-003324,SUP-0037,FAC-US-01,WH-US-RAW-01,2025-06-09,2025-06-30,DELIVERED,919.8,USD,2025-06-09T00:00:00
PO-2025-03325,PO-003325,SUP-0084,FAC-US-01,WH-US-RAW-01,2025-07-14,2025-08-08,DELIVERED,114838.5,USD,2025-07-14T00:00:00
PO-2025-03326,PO-003326,SUP-0024,FAC-US-01,WH-US-RAW-01,2025-08-03,2025-08-16,DELIVERED,15772.14,USD,2025-08-03T00:00:00
PO-2025-03327,PO-003327,SUP-0003,FAC-MX-01,WH-MX-RAW-01,2025-08-29,2025-09-16,DELIVERED,558662.1,USD,2025-08-29T00:00:00
PO-2025-03328,PO-003328,SUP-0086,FAC-EU-01,WH-EU-RAW-01,2025-12-19,2026-01-01,DELIVERED,1644.3,USD,2025-12-19T00:00:00
PO-2025-03329,PO-003329,SUP-0049,FAC-US-01,WH-US-RAW-01,2025-12-07,2025-12-24,DELIVERED,2164.32,USD,2025-12-07T00:00:00
PO-2025-03330,PO-003330,SUP-0062,FAC-APAC-01,WH-APAC-RAW-01,2026-01-03,2026-02-10,DELIVERED,372478.47,USD,2026-01-03T00:00:00
PO-2025-03331,PO-003331,SUP-0093,FAC-US-01,WH-US-RAW-01,2025-09-22,2025-11-09,DELIVERED,4238.32,USD,2025-09-22T00:00:00
PO-2025-03332,PO-003332,SUP-0044,FAC-EU-01,WH-EU-RAW-01,2026-02-14,2026-04-11,DELIVERED,37398.71,USD,2026-02-14T00:00:00
PO-2025-03333,PO-003333,SUP-0018,FAC-US-01,WH-US-RAW-01,2025-07-18,2025-08-07,DELIVERED,907.12,USD,2025-07-18T00:00:00
PO-2025-03334,PO-003334,SUP-0020,FAC-US-01,WH-US-RAW-01,2025-10-28,2025-11-16,DELIVERED,45387.29,USD,2025-10-28T00:00:00
PO-2025-03335,PO-003335,SUP-0080,FAC-APAC-01,WH-APAC-RAW-01,2026-02-06,2026-03-06,DELIVERED,1483.08,USD,2026-02-06T00:00:00
PO-2025-03336,PO-003336,SUP-0118,FAC-MX-01,WH-MX-RAW-01,2025-07-06,2025-08-05,DELIVERED,8078.61,USD,2025-07-06T00:00:00
PO-2025-03337,PO-003337,SUP-0043,FAC-US-01,WH-US-RAW-01,2025-05-26,2025-06-20,OVERDUE,20730.5,USD,2025-05-26T00:00:00
PO-2025-03338,PO-003338,SUP-0082,FAC-MX-01,WH-MX-RAW-01,2026-03-12,2026-05-14,IN_TRANSIT,11802.51,USD,2026-03-12T00:00:00
PO-2025-03339,PO-003339,SUP-0114,FAC-APAC-01,WH-APAC-RAW-01,2025-09-15,2025-10-05,DELIVERED,73131.3,USD,2025-09-15T00:00:00
PO-2025-03340,PO-003340,SUP-0036,FAC-MX-01,WH-MX-RAW-01,2025-12-30,2026-01-10,DELIVERED,16873.9,USD,2025-12-30T00:00:00
PO-2025-03341,PO-003341,SUP-0020,FAC-MX-01,WH-MX-RAW-01,2025-03-11,2025-03-28,DELIVERED,60867.99,USD,2025-03-11T00:00:00
PO-2025-03342,PO-003342,SUP-0032,FAC-APAC-01,WH-APAC-RAW-01,2026-01-01,2026-02-06,DELIVERED,87473.14,USD,2026-01-01T00:00:00
PO-2025-03343,PO-003343,SUP-0049,FAC-US-01,WH-US-RAW-01,2025-09-05,2025-09-26,DELIVERED,93477.8,USD,2025-09-05T00:00:00
PO-2025-03344,PO-003344,SUP-0057,FAC-US-01,WH-US-RAW-01,2025-04-14,2025-05-03,DELIVERED,16801.75,USD,2025-04-14T00:00:00
PO-2025-03345,PO-003345,SUP-0107,FAC-APAC-01,WH-APAC-RAW-01,2025-12-10,2025-12-22,DELIVERED,4511.85,USD,2025-12-10T00:00:00
PO-2025-03346,PO-003346,SUP-0066,FAC-MX-01,WH-MX-RAW-01,2025-08-04,2025-08-26,DELIVERED,1833.53,USD,2025-08-04T00:00:00
PO-2025-03347,PO-003347,SUP-0056,FAC-MX-01,WH-MX-RAW-01,2025-10-01,2025-10-20,DELIVERED,4201.57,USD,2025-10-01T00:00:00
PO-2025-03348,PO-003348,SUP-0007,FAC-US-01,WH-US-RAW-01,2025-05-05,2025-05-28,OVERDUE,33675.34,USD,2025-05-05T00:00:00
PO-2025-03349,PO-003349,SUP-0021,FAC-US-01,WH-US-RAW-01,2025-06-18,2025-07-17,DELIVERED,49447.2,USD,2025-06-18T00:00:00
PO-2025-03350,PO-003350,SUP-0098,FAC-MX-01,WH-MX-RAW-01,2025-08-28,2025-09-24,DELIVERED,70696.5,USD,2025-08-28T00:00:00
PO-2025-03351,PO-003351,SUP-0040,FAC-US-01,WH-US-RAW-01,2025-05-12,2025-06-04,DELIVERED,38792.88,USD,2025-05-12T00:00:00
PO-2025-03352,PO-003352,SUP-0068,FAC-EU-01,WH-EU-RAW-01,2026-03-25,2026-04-17,IN_TRANSIT,11637.78,USD,2026-03-25T00:00:00
PO-2025-03353,PO-003353,SUP-0058,FAC-EU-01,WH-EU-RAW-01,2025-02-04,2025-03-02,DELIVERED,32292.63,USD,2025-02-04T00:00:00
PO-2025-03354,PO-003354,SUP-0077,FAC-EU-01,WH-EU-RAW-01,2025-11-02,2025-11-26,OVERDUE,124159.1,USD,2025-11-02T00:00:00
PO-2025-03355,PO-003355,SUP-0094,FAC-EU-01,WH-EU-RAW-01,2025-06-04,2025-06-18,DELIVERED,119248.77,USD,2025-06-04T00:00:00
PO-2025-03356,PO-003356,SUP-0104,FAC-APAC-01,WH-APAC-RAW-01,2025-09-01,2025-10-02,DELIVERED,6566.4,USD,2025-09-01T00:00:00
PO-2025-03357,PO-003357,SUP-0096,FAC-MX-01,WH-MX-RAW-01,2026-04-03,2026-04-19,IN_TRANSIT,537.32,USD,2026-04-03T00:00:00
PO-2025-03358,PO-003358,SUP-0012,FAC-EU-01,WH-EU-RAW-01,2025-06-26,2025-07-15,DELIVERED,134827.16,USD,2025-06-26T00:00:00
PO-2025-03359,PO-003359,SUP-0057,FAC-MX-01,WH-MX-RAW-01,2026-05-01,2026-05-23,PENDING,1923.57,USD,2026-05-01T00:00:00
PO-2025-03360,PO-003360,SUP-0012,FAC-MX-01,WH-MX-RAW-01,2025-07-19,2025-08-02,DELIVERED,172825.26,USD,2025-07-19T00:00:00
PO-2025-03361,PO-003361,SUP-0108,FAC-US-01,WH-US-RAW-01,2026-01-17,2026-02-08,DELIVERED,10293.84,USD,2026-01-17T00:00:00
PO-2025-03362,PO-003362,SUP-0076,FAC-APAC-01,WH-APAC-RAW-01,2025-11-21,2025-12-26,CANCELLED,18642.42,USD,2025-11-21T00:00:00
PO-2025-03363,PO-003363,SUP-0010,FAC-US-01,WH-US-RAW-01,2026-03-12,2026-03-30,DELIVERED,54119.91,USD,2026-03-12T00:00:00
PO-2025-03364,PO-003364,SUP-0025,FAC-MX-01,WH-MX-RAW-01,2025-11-24,2025-12-06,DELIVERED,67458.69,USD,2025-11-24T00:00:00
PO-2025-03365,PO-003365,SUP-0083,FAC-EU-01,WH-EU-RAW-01,2025-11-18,2025-12-21,DELIVERED,368810.2,USD,2025-11-18T00:00:00
PO-2025-03366,PO-003366,SUP-0086,FAC-US-01,WH-US-RAW-01,2025-07-14,2025-07-25,OVERDUE,11572.68,USD,2025-07-14T00:00:00
PO-2025-03367,PO-003367,SUP-0091,FAC-EU-01,WH-EU-RAW-01,2025-06-29,2025-07-16,DELIVERED,20469.3,USD,2025-06-29T00:00:00
PO-2025-03368,PO-003368,SUP-0095,FAC-EU-01,WH-EU-RAW-01,2026-03-28,2026-04-11,DELIVERED,226795.67,USD,2026-03-28T00:00:00
PO-2025-03369,PO-003369,SUP-0077,FAC-US-01,WH-US-RAW-01,2025-09-09,2025-09-30,DELIVERED,4487.77,USD,2025-09-09T00:00:00
PO-2025-03370,PO-003370,SUP-0023,FAC-EU-01,WH-EU-RAW-01,2025-09-26,2025-10-11,DELIVERED,388.44,USD,2025-09-26T00:00:00
PO-2025-03371,PO-003371,SUP-0026,FAC-APAC-01,WH-APAC-RAW-01,2026-01-22,2026-02-22,DELIVERED,1544.28,USD,2026-01-22T00:00:00
PO-2025-03372,PO-003372,SUP-0120,FAC-MX-01,WH-MX-RAW-01,2025-09-13,2025-10-07,DELIVERED,2249.26,USD,2025-09-13T00:00:00
PO-2025-03373,PO-003373,SUP-0022,FAC-US-01,WH-US-RAW-01,2026-04-20,2026-05-02,PENDING,288653.44,USD,2026-04-20T00:00:00
PO-2025-03374,PO-003374,SUP-0068,FAC-EU-01,WH-EU-RAW-01,2026-01-15,2026-02-08,DELIVERED,6302.0,USD,2026-01-15T00:00:00
PO-2025-03375,PO-003375,SUP-0074,FAC-MX-01,WH-MX-RAW-01,2025-12-06,2025-12-28,DELIVERED,29893.32,USD,2025-12-06T00:00:00
PO-2025-03376,PO-003376,SUP-0062,FAC-EU-01,WH-EU-RAW-01,2026-03-10,2026-04-12,OVERDUE,100902.19,USD,2026-03-10T00:00:00
PO-2025-03377,PO-003377,SUP-0111,FAC-EU-01,WH-EU-RAW-01,2025-04-08,2025-05-13,DELIVERED,5518.17,USD,2025-04-08T00:00:00
PO-2025-03378,PO-003378,SUP-0075,FAC-APAC-01,WH-APAC-RAW-01,2025-08-11,2025-09-04,DELIVERED,40226.82,USD,2025-08-11T00:00:00
PO-2025-03379,PO-003379,SUP-0095,FAC-US-01,WH-US-RAW-01,2025-10-27,2025-11-07,DELIVERED,169872.12,USD,2025-10-27T00:00:00
PO-2025-03380,PO-003380,SUP-0085,FAC-MX-01,WH-MX-RAW-01,2025-07-29,2025-08-11,OVERDUE,1281.54,USD,2025-07-29T00:00:00
PO-2025-03381,PO-003381,SUP-0035,FAC-US-01,WH-US-RAW-01,2026-01-17,2026-03-07,DELIVERED,222623.52,USD,2026-01-17T00:00:00
PO-2025-03382,PO-003382,SUP-0012,FAC-EU-01,WH-EU-RAW-01,2026-03-30,2026-04-11,DELIVERED,111589.02,USD,2026-03-30T00:00:00
PO-2025-03383,PO-003383,SUP-0014,FAC-US-01,WH-US-RAW-01,2025-10-14,2025-12-12,DELIVERED,121514.15,USD,2025-10-14T00:00:00
PO-2025-03384,PO-003384,SUP-0036,FAC-MX-01,WH-MX-RAW-01,2025-09-15,2025-09-23,DELIVERED,239093.19,USD,2025-09-15T00:00:00
PO-2025-03385,PO-003385,SUP-0103,FAC-EU-01,WH-EU-RAW-01,2026-04-27,2026-06-09,PENDING,15983.52,USD,2026-04-27T00:00:00
PO-2025-03386,PO-003386,SUP-0119,FAC-US-01,WH-US-RAW-01,2025-10-21,2025-11-24,OVERDUE,23285.68,USD,2025-10-21T00:00:00
PO-2025-03387,PO-003387,SUP-0003,FAC-EU-01,WH-EU-RAW-01,2025-11-04,2025-11-24,DELIVERED,2496.89,USD,2025-11-04T00:00:00
PO-2025-03388,PO-003388,SUP-0099,FAC-APAC-01,WH-APAC-RAW-01,2025-09-18,2025-09-30,DELIVERED,257863.71,USD,2025-09-18T00:00:00
PO-2025-03389,PO-003389,SUP-0067,FAC-APAC-01,WH-APAC-RAW-01,2026-03-25,2026-04-16,IN_TRANSIT,1216265.28,USD,2026-03-25T00:00:00
PO-2025-03390,PO-003390,SUP-0002,FAC-EU-01,WH-EU-RAW-01,2025-11-28,2025-12-20,DELIVERED,2683.56,USD,2025-11-28T00:00:00
PO-2025-03391,PO-003391,SUP-0008,FAC-EU-01,WH-EU-RAW-01,2026-01-23,2026-03-01,DELIVERED,7649.94,USD,2026-01-23T00:00:00
PO-2025-03392,PO-003392,SUP-0056,FAC-US-01,WH-US-RAW-01,2026-02-10,2026-03-01,DELIVERED,627.2,USD,2026-02-10T00:00:00
PO-2025-03393,PO-003393,SUP-0029,FAC-APAC-01,WH-APAC-RAW-01,2025-09-14,2025-10-13,DELIVERED,18743.17,USD,2025-09-14T00:00:00
PO-2025-03394,PO-003394,SUP-0077,FAC-EU-01,WH-EU-RAW-01,2025-10-17,2025-11-07,DELIVERED,9144.96,USD,2025-10-17T00:00:00
PO-2025-03395,PO-003395,SUP-0105,FAC-EU-01,WH-EU-RAW-01,2026-02-24,2026-03-17,CANCELLED,37836.72,USD,2026-02-24T00:00:00
PO-2025-03396,PO-003396,SUP-0072,FAC-APAC-01,WH-APAC-RAW-01,2025-09-22,2025-11-17,DELIVERED,6393.34,USD,2025-09-22T00:00:00
PO-2025-03397,PO-003397,SUP-0112,FAC-APAC-01,WH-APAC-RAW-01,2026-02-03,2026-02-21,DELIVERED,16289.43,USD,2026-02-03T00:00:00
PO-2025-03398,PO-003398,SUP-0100,FAC-EU-01,WH-EU-RAW-01,2026-04-12,2026-04-22,IN_TRANSIT,444107.7,USD,2026-04-12T00:00:00
PO-2025-03399,PO-003399,SUP-0024,FAC-MX-01,WH-MX-RAW-01,2025-12-13,2026-01-01,DELIVERED,7173.63,USD,2025-12-13T00:00:00
PO-2025-03400,PO-003400,SUP-0059,FAC-APAC-01,WH-APAC-RAW-01,2026-01-17,2026-03-16,OVERDUE,86031.34,USD,2026-01-17T00:00:00
PO-2025-03401,PO-003401,SUP-0083,FAC-APAC-01,WH-APAC-RAW-01,2026-02-07,2026-03-11,DELIVERED,18751.4,USD,2026-02-07T00:00:00
PO-2025-03402,PO-003402,SUP-0001,FAC-APAC-01,WH-APAC-RAW-01,2026-02-23,2026-04-20,IN_TRANSIT,52411.3,USD,2026-02-23T00:00:00
PO-2025-03403,PO-003403,SUP-0085,FAC-MX-01,WH-MX-RAW-01,2025-10-04,2025-10-18,DELIVERED,902.66,USD,2025-10-04T00:00:00
PO-2025-03404,PO-003404,SUP-0107,FAC-EU-01,WH-EU-RAW-01,2025-04-10,2025-04-27,DELIVERED,13406.64,USD,2025-04-10T00:00:00
PO-2025-03405,PO-003405,SUP-0095,FAC-APAC-01,WH-APAC-RAW-01,2025-10-06,2025-10-19,DELIVERED,76102.38,USD,2025-10-06T00:00:00
PO-2025-03406,PO-003406,SUP-0056,FAC-EU-01,WH-EU-RAW-01,2025-12-27,2026-01-17,DELIVERED,8165.44,USD,2025-12-27T00:00:00
PO-2025-03407,PO-003407,SUP-0038,FAC-MX-01,WH-MX-RAW-01,2025-10-22,2025-11-11,DELIVERED,18565.38,USD,2025-10-22T00:00:00
PO-2025-03408,PO-003408,SUP-0063,FAC-MX-01,WH-MX-RAW-01,2026-01-19,2026-02-23,DELIVERED,4626.47,USD,2026-01-19T00:00:00
PO-2025-03409,PO-003409,SUP-0012,FAC-US-01,WH-US-RAW-01,2025-09-20,2025-10-09,DELIVERED,24460.2,USD,2025-09-20T00:00:00
PO-2025-03410,PO-003410,SUP-0082,FAC-APAC-01,WH-APAC-RAW-01,2025-12-17,2026-02-19,DELIVERED,180427.54,USD,2025-12-17T00:00:00
PO-2025-03411,PO-003411,SUP-0025,FAC-US-01,WH-US-RAW-01,2025-07-09,2025-07-21,DELIVERED,2713.94,USD,2025-07-09T00:00:00
PO-2025-03412,PO-003412,SUP-0094,FAC-US-01,WH-US-RAW-01,2026-01-19,2026-01-29,DELIVERED,11166.35,USD,2026-01-19T00:00:00
PO-2025-03413,PO-003413,SUP-0025,FAC-APAC-01,WH-APAC-RAW-01,2025-11-21,2025-12-01,CANCELLED,105727.15,USD,2025-11-21T00:00:00
PO-2025-03414,PO-003414,SUP-0026,FAC-APAC-01,WH-APAC-RAW-01,2025-07-18,2025-08-16,DELIVERED,62871.92,USD,2025-07-18T00:00:00
PO-2025-03415,PO-003415,SUP-0022,FAC-US-01,WH-US-RAW-01,2025-08-26,2025-09-12,DELIVERED,342582.69,USD,2025-08-26T00:00:00
PO-2025-03416,PO-003416,SUP-0016,FAC-US-01,WH-US-RAW-01,2026-01-19,2026-02-16,DELIVERED,453545.95,USD,2026-01-19T00:00:00
PO-2025-03417,PO-003417,SUP-0120,FAC-US-01,WH-US-RAW-01,2025-11-02,2025-11-26,DELIVERED,9631.44,USD,2025-11-02T00:00:00
PO-2025-03418,PO-003418,SUP-0028,FAC-US-01,WH-US-RAW-01,2025-07-24,2025-08-23,DELIVERED,493437.42,USD,2025-07-24T00:00:00
PO-2025-03419,PO-003419,SUP-0076,FAC-APAC-01,WH-APAC-RAW-01,2026-05-02,2026-06-04,PENDING,41302.8,USD,2026-05-02T00:00:00
PO-2025-03420,PO-003420,SUP-0094,FAC-APAC-01,WH-APAC-RAW-01,2026-01-08,2026-01-19,DELIVERED,22421.21,USD,2026-01-08T00:00:00
PO-2025-03421,PO-003421,SUP-0059,FAC-APAC-01,WH-APAC-RAW-01,2026-04-24,2026-06-22,PENDING,11361.28,USD,2026-04-24T00:00:00
PO-2025-03422,PO-003422,SUP-0076,FAC-APAC-01,WH-APAC-RAW-01,2025-10-15,2025-11-19,DELIVERED,43955.09,USD,2025-10-15T00:00:00
PO-2025-03423,PO-003423,SUP-0019,FAC-MX-01,WH-MX-RAW-01,2025-10-30,2025-11-19,OVERDUE,38646.41,USD,2025-10-30T00:00:00
PO-2025-03424,PO-003424,SUP-0019,FAC-EU-01,WH-EU-RAW-01,2026-03-19,2026-04-05,DELIVERED,38150.13,USD,2026-03-19T00:00:00
PO-2025-03425,PO-003425,SUP-0085,FAC-APAC-01,WH-APAC-RAW-01,2025-11-15,2025-11-28,DELIVERED,1955.17,USD,2025-11-15T00:00:00
PO-2025-03426,PO-003426,SUP-0110,FAC-US-01,WH-US-RAW-01,2026-01-06,2026-01-23,DELIVERED,63045.96,USD,2026-01-06T00:00:00
PO-2025-03427,PO-003427,SUP-0085,FAC-MX-01,WH-MX-RAW-01,2025-08-09,2025-08-21,DELIVERED,536582.5,USD,2025-08-09T00:00:00
PO-2025-03428,PO-003428,SUP-0099,FAC-US-01,WH-US-RAW-01,2025-10-21,2025-11-05,DELIVERED,793555.94,USD,2025-10-21T00:00:00
PO-2025-03429,PO-003429,SUP-0049,FAC-MX-01,WH-MX-RAW-01,2025-06-04,2025-06-18,DELIVERED,9767.51,USD,2025-06-04T00:00:00
PO-2025-03430,PO-003430,SUP-0094,FAC-MX-01,WH-MX-RAW-01,2025-07-19,2025-07-29,OVERDUE,351029.46,USD,2025-07-19T00:00:00
PO-2025-03431,PO-003431,SUP-0004,FAC-US-01,WH-US-RAW-01,2025-01-14,2025-02-09,CANCELLED,48575.16,USD,2025-01-14T00:00:00
PO-2025-03432,PO-003432,SUP-0003,FAC-MX-01,WH-MX-RAW-01,2025-03-29,2025-04-22,DELIVERED,106169.42,USD,2025-03-29T00:00:00
PO-2025-03433,PO-003433,SUP-0109,FAC-EU-01,WH-EU-RAW-01,2026-05-12,2026-05-25,PENDING,453530.95,USD,2026-05-12T00:00:00
PO-2025-03434,PO-003434,SUP-0067,FAC-APAC-01,WH-APAC-RAW-01,2025-08-05,2025-08-26,DELIVERED,23745.53,USD,2025-08-05T00:00:00
PO-2025-03435,PO-003435,SUP-0065,FAC-EU-01,WH-EU-RAW-01,2025-12-24,2026-01-29,DELIVERED,3365.32,USD,2025-12-24T00:00:00
PO-2025-03436,PO-003436,SUP-0093,FAC-APAC-01,WH-APAC-RAW-01,2026-02-20,2026-04-04,DELIVERED,23049.45,USD,2026-02-20T00:00:00
PO-2025-03437,PO-003437,SUP-0106,FAC-APAC-01,WH-APAC-RAW-01,2025-11-23,2025-12-25,DELIVERED,2862.54,USD,2025-11-23T00:00:00
PO-2025-03438,PO-003438,SUP-0089,FAC-US-01,WH-US-RAW-01,2025-06-21,2025-07-06,OVERDUE,65783.41,USD,2025-06-21T00:00:00
PO-2025-03439,PO-003439,SUP-0099,FAC-MX-01,WH-MX-RAW-01,2026-01-12,2026-01-25,DELIVERED,208780.88,USD,2026-01-12T00:00:00
PO-2025-03440,PO-003440,SUP-0110,FAC-US-01,WH-US-RAW-01,2025-12-07,2025-12-24,DELIVERED,31167.14,USD,2025-12-07T00:00:00
PO-2025-03441,PO-003441,SUP-0095,FAC-MX-01,WH-MX-RAW-01,2026-01-13,2026-01-30,DELIVERED,31381.35,USD,2026-01-13T00:00:00
PO-2025-03442,PO-003442,SUP-0026,FAC-APAC-01,WH-APAC-RAW-01,2026-01-26,2026-02-24,DELIVERED,93266.88,USD,2026-01-26T00:00:00
PO-2025-03443,PO-003443,SUP-0015,FAC-MX-01,WH-MX-RAW-01,2026-05-10,2026-07-08,PENDING,41246.72,USD,2026-05-10T00:00:00
PO-2025-03444,PO-003444,SUP-0119,FAC-US-01,WH-US-RAW-01,2025-11-29,2026-01-03,DELIVERED,22790.24,USD,2025-11-29T00:00:00
PO-2025-03445,PO-003445,SUP-0056,FAC-US-01,WH-US-RAW-01,2025-09-14,2025-10-06,OVERDUE,4916.96,USD,2025-09-14T00:00:00
PO-2025-03446,PO-003446,SUP-0074,FAC-EU-01,WH-EU-RAW-01,2025-12-20,2026-01-11,DELIVERED,163131.36,USD,2025-12-20T00:00:00
PO-2025-03447,PO-003447,SUP-0090,FAC-MX-01,WH-MX-RAW-01,2025-04-25,2025-05-17,DELIVERED,22390.59,USD,2025-04-25T00:00:00
PO-2025-03448,PO-003448,SUP-0065,FAC-EU-01,WH-EU-RAW-01,2026-03-18,2026-04-24,IN_TRANSIT,121947.12,USD,2026-03-18T00:00:00
PO-2025-03449,PO-003449,SUP-0024,FAC-EU-01,WH-EU-RAW-01,2025-06-01,2025-06-21,OVERDUE,56032.46,USD,2025-06-01T00:00:00
PO-2025-03450,PO-003450,SUP-0119,FAC-EU-01,WH-EU-RAW-01,2025-09-09,2025-10-08,DELIVERED,4609.0,USD,2025-09-09T00:00:00
PO-2025-03451,PO-003451,SUP-0095,FAC-MX-01,WH-MX-RAW-01,2026-02-11,2026-02-26,DELIVERED,47410.77,USD,2026-02-11T00:00:00
PO-2025-03452,PO-003452,SUP-0077,FAC-APAC-01,WH-APAC-RAW-01,2025-12-06,2025-12-28,DELIVERED,48022.45,USD,2025-12-06T00:00:00
PO-2025-03453,PO-003453,SUP-0070,FAC-MX-01,WH-MX-RAW-01,2025-10-03,2025-11-29,DELIVERED,69906.16,USD,2025-10-03T00:00:00
PO-2025-03454,PO-003454,SUP-0116,FAC-EU-01,WH-EU-RAW-01,2025-10-30,2025-11-08,DELIVERED,1945.97,USD,2025-10-30T00:00:00
PO-2025-03455,PO-003455,SUP-0059,FAC-US-01,WH-US-RAW-01,2026-02-27,2026-04-29,IN_TRANSIT,3550.4,USD,2026-02-27T00:00:00
PO-2025-03456,PO-003456,SUP-0041,FAC-EU-01,WH-EU-RAW-01,2025-09-14,2025-10-04,DELIVERED,1841.67,USD,2025-09-14T00:00:00
PO-2025-03457,PO-003457,SUP-0105,FAC-US-01,WH-US-RAW-01,2026-03-05,2026-03-23,OVERDUE,18419.8,USD,2026-03-05T00:00:00
PO-2025-03458,PO-003458,SUP-0079,FAC-APAC-01,WH-APAC-RAW-01,2025-05-11,2025-06-05,DELIVERED,6013.58,USD,2025-05-11T00:00:00
PO-2025-03459,PO-003459,SUP-0061,FAC-EU-01,WH-EU-RAW-01,2026-01-28,2026-02-11,OVERDUE,111346.32,USD,2026-01-28T00:00:00
PO-2025-03460,PO-003460,SUP-0034,FAC-US-01,WH-US-RAW-01,2026-02-24,2026-03-25,DELIVERED,688931.71,USD,2026-02-24T00:00:00
PO-2025-03461,PO-003461,SUP-0092,FAC-MX-01,WH-MX-RAW-01,2025-07-07,2025-07-27,DELIVERED,7562.0,USD,2025-07-07T00:00:00
PO-2025-03462,PO-003462,SUP-0110,FAC-MX-01,WH-MX-RAW-01,2025-10-16,2025-10-30,DELIVERED,241303.85,USD,2025-10-16T00:00:00
PO-2025-03463,PO-003463,SUP-0049,FAC-US-01,WH-US-RAW-01,2025-06-28,2025-07-15,DELIVERED,688720.5,USD,2025-06-28T00:00:00
PO-2025-03464,PO-003464,SUP-0084,FAC-EU-01,WH-EU-RAW-01,2026-01-06,2026-01-28,DELIVERED,113669.59,USD,2026-01-06T00:00:00
PO-2025-03465,PO-003465,SUP-0090,FAC-US-01,WH-US-RAW-01,2025-11-18,2025-12-10,DELIVERED,15327.64,USD,2025-11-18T00:00:00
PO-2025-03466,PO-003466,SUP-0048,FAC-APAC-01,WH-APAC-RAW-01,2025-12-17,2026-01-20,DELIVERED,28628.59,USD,2025-12-17T00:00:00
PO-2025-03467,PO-003467,SUP-0119,FAC-US-01,WH-US-RAW-01,2025-07-14,2025-08-17,OVERDUE,65902.87,USD,2025-07-14T00:00:00
PO-2025-03468,PO-003468,SUP-0062,FAC-US-01,WH-US-RAW-01,2025-07-22,2025-08-23,DELIVERED,3076.8,USD,2025-07-22T00:00:00
PO-2025-03469,PO-003469,SUP-0079,FAC-EU-01,WH-EU-RAW-01,2025-03-31,2025-04-29,DELIVERED,6401.35,USD,2025-03-31T00:00:00
PO-2025-03470,PO-003470,SUP-0004,FAC-EU-01,WH-EU-RAW-01,2025-09-07,2025-10-08,DELIVERED,12148.59,USD,2025-09-07T00:00:00
PO-2025-03471,PO-003471,SUP-0050,FAC-APAC-01,WH-APAC-RAW-01,2025-11-25,2025-12-21,DELIVERED,111396.62,USD,2025-11-25T00:00:00
PO-2025-03472,PO-003472,SUP-0114,FAC-MX-01,WH-MX-RAW-01,2026-02-28,2026-03-21,DELIVERED,52542.93,USD,2026-02-28T00:00:00
PO-2025-03473,PO-003473,SUP-0067,FAC-EU-01,WH-EU-RAW-01,2025-12-25,2026-01-14,DELIVERED,1722788.1,USD,2025-12-25T00:00:00
PO-2025-03474,PO-003474,SUP-0064,FAC-APAC-01,WH-APAC-RAW-01,2025-10-17,2025-11-10,DELIVERED,9960.32,USD,2025-10-17T00:00:00
PO-2025-03475,PO-003475,SUP-0052,FAC-US-01,WH-US-RAW-01,2026-04-21,2026-05-18,PENDING,8059.8,USD,2026-04-21T00:00:00
PO-2025-03476,PO-003476,SUP-0106,FAC-MX-01,WH-MX-RAW-01,2026-01-10,2026-02-12,CANCELLED,3381.85,USD,2026-01-10T00:00:00
PO-2025-03477,PO-003477,SUP-0065,FAC-EU-01,WH-EU-RAW-01,2026-04-05,2026-05-05,IN_TRANSIT,36744.38,USD,2026-04-05T00:00:00
PO-2025-03478,PO-003478,SUP-0099,FAC-EU-01,WH-EU-RAW-01,2025-11-16,2025-11-25,OVERDUE,9878.05,USD,2025-11-16T00:00:00
PO-2025-03479,PO-003479,SUP-0081,FAC-EU-01,WH-EU-RAW-01,2025-08-12,2025-09-13,DELIVERED,64153.59,USD,2025-08-12T00:00:00
PO-2025-03480,PO-003480,SUP-0029,FAC-APAC-01,WH-APAC-RAW-01,2025-04-11,2025-05-17,DELIVERED,17091.99,USD,2025-04-11T00:00:00
PO-2025-03481,PO-003481,SUP-0105,FAC-US-01,WH-US-RAW-01,2026-01-12,2026-02-03,CANCELLED,22191.39,USD,2026-01-12T00:00:00
PO-2025-03482,PO-003482,SUP-0064,FAC-US-01,WH-US-RAW-01,2025-06-03,2025-06-24,DELIVERED,45908.16,USD,2025-06-03T00:00:00
PO-2025-03483,PO-003483,SUP-0038,FAC-APAC-01,WH-APAC-RAW-01,2025-08-30,2025-09-26,DELIVERED,41190.22,USD,2025-08-30T00:00:00
PO-2025-03484,PO-003484,SUP-0105,FAC-US-01,WH-US-RAW-01,2025-11-17,2025-12-04,DELIVERED,29109.42,USD,2025-11-17T00:00:00
PO-2025-03485,PO-003485,SUP-0114,FAC-APAC-01,WH-APAC-RAW-01,2025-11-27,2025-12-17,DELIVERED,83190.41,USD,2025-11-27T00:00:00
PO-2025-03486,PO-003486,SUP-0052,FAC-APAC-01,WH-APAC-RAW-01,2025-12-07,2025-12-31,OVERDUE,58424.34,USD,2025-12-07T00:00:00
PO-2025-03487,PO-003487,SUP-0086,FAC-MX-01,WH-MX-RAW-01,2025-06-29,2025-07-14,DELIVERED,446976.6,USD,2025-06-29T00:00:00
PO-2025-03488,PO-003488,SUP-0089,FAC-US-01,WH-US-RAW-01,2025-09-28,2025-10-13,DELIVERED,107471.5,USD,2025-09-28T00:00:00
PO-2025-03489,PO-003489,SUP-0096,FAC-US-01,WH-US-RAW-01,2025-12-12,2025-12-28,OVERDUE,15956.76,USD,2025-12-12T00:00:00
PO-2025-03490,PO-003490,SUP-0112,FAC-US-01,WH-US-RAW-01,2026-05-04,2026-05-17,PENDING,75274.22,USD,2026-05-04T00:00:00
PO-2025-03491,PO-003491,SUP-0083,FAC-US-01,WH-US-RAW-01,2026-01-12,2026-02-08,DELIVERED,13169.97,USD,2026-01-12T00:00:00
PO-2025-03492,PO-003492,SUP-0044,FAC-MX-01,WH-MX-RAW-01,2026-04-01,2026-05-29,IN_TRANSIT,25544.01,USD,2026-04-01T00:00:00
PO-2025-03493,PO-003493,SUP-0095,FAC-MX-01,WH-MX-RAW-01,2026-01-23,2026-02-08,DELIVERED,62265.28,USD,2026-01-23T00:00:00
PO-2025-03494,PO-003494,SUP-0028,FAC-EU-01,WH-EU-RAW-01,2025-12-04,2025-12-31,DELIVERED,25682.58,USD,2025-12-04T00:00:00
PO-2025-03495,PO-003495,SUP-0102,FAC-US-01,WH-US-RAW-01,2025-07-12,2025-08-06,DELIVERED,7537.17,USD,2025-07-12T00:00:00
PO-2025-03496,PO-003496,SUP-0113,FAC-US-01,WH-US-RAW-01,2025-12-25,2026-01-12,DELIVERED,12920.0,USD,2025-12-25T00:00:00
PO-2025-03497,PO-003497,SUP-0040,FAC-EU-01,WH-EU-RAW-01,2025-12-13,2026-01-08,DELIVERED,17960.72,USD,2025-12-13T00:00:00
PO-2025-03498,PO-003498,SUP-0055,FAC-EU-01,WH-EU-RAW-01,2025-12-08,2025-12-24,DELIVERED,14522.13,USD,2025-12-08T00:00:00
PO-2025-03499,PO-003499,SUP-0104,FAC-MX-01,WH-MX-RAW-01,2025-11-04,2025-12-07,DELIVERED,72087.28,USD,2025-11-04T00:00:00
PO-2025-03500,PO-003500,SUP-0072,FAC-MX-01,WH-MX-RAW-01,2025-11-16,2026-01-08,DELIVERED,149551.93,USD,2025-11-16T00:00:00
PO-2025-03501,PO-003501,SUP-0049,FAC-EU-01,WH-EU-RAW-01,2025-09-12,2025-09-27,DELIVERED,15946.95,USD,2025-09-12T00:00:00
PO-2025-03502,PO-003502,SUP-0096,FAC-APAC-01,WH-APAC-RAW-01,2025-11-13,2025-12-02,DELIVERED,6973.2,USD,2025-11-13T00:00:00
PO-2025-03503,PO-003503,SUP-0020,FAC-MX-01,WH-MX-RAW-01,2025-07-15,2025-08-05,DELIVERED,57524.25,USD,2025-07-15T00:00:00
PO-2025-03504,PO-003504,SUP-0055,FAC-US-01,WH-US-RAW-01,2026-02-07,2026-02-25,DELIVERED,75107.87,USD,2026-02-07T00:00:00
PO-2025-03505,PO-003505,SUP-0018,FAC-APAC-01,WH-APAC-RAW-01,2025-07-09,2025-08-02,DELIVERED,79028.65,USD,2025-07-09T00:00:00
PO-2025-03506,PO-003506,SUP-0009,FAC-US-01,WH-US-RAW-01,2025-05-09,2025-07-02,OVERDUE,868.92,USD,2025-05-09T00:00:00
PO-2025-03507,PO-003507,SUP-0029,FAC-APAC-01,WH-APAC-RAW-01,2025-10-18,2025-11-16,OVERDUE,86528.65,USD,2025-10-18T00:00:00
PO-2025-03508,PO-003508,SUP-0019,FAC-APAC-01,WH-APAC-RAW-01,2025-12-23,2026-01-13,DELIVERED,120435.14,USD,2025-12-23T00:00:00
PO-2025-03509,PO-003509,SUP-0094,FAC-EU-01,WH-EU-RAW-01,2025-10-18,2025-11-03,DELIVERED,26909.4,USD,2025-10-18T00:00:00
PO-2025-03510,PO-003510,SUP-0035,FAC-MX-01,WH-MX-RAW-01,2025-08-20,2025-10-05,DELIVERED,33266.4,USD,2025-08-20T00:00:00
PO-2025-03511,PO-003511,SUP-0118,FAC-APAC-01,WH-APAC-RAW-01,2025-11-25,2025-12-23,DELIVERED,109639.59,USD,2025-11-25T00:00:00
PO-2025-03512,PO-003512,SUP-0051,FAC-MX-01,WH-MX-RAW-01,2025-09-16,2025-10-13,DELIVERED,8124.35,USD,2025-09-16T00:00:00
PO-2025-03513,PO-003513,SUP-0097,FAC-US-01,WH-US-RAW-01,2026-04-07,2026-05-09,IN_TRANSIT,155783.57,USD,2026-04-07T00:00:00
PO-2025-03514,PO-003514,SUP-0096,FAC-EU-01,WH-EU-RAW-01,2026-04-01,2026-04-19,IN_TRANSIT,4306.48,USD,2026-04-01T00:00:00
PO-2025-03515,PO-003515,SUP-0099,FAC-MX-01,WH-MX-RAW-01,2025-11-08,2025-11-17,DELIVERED,8714.0,USD,2025-11-08T00:00:00
PO-2025-03516,PO-003516,SUP-0083,FAC-APAC-01,WH-APAC-RAW-01,2025-09-09,2025-10-07,DELIVERED,17364.1,USD,2025-09-09T00:00:00
PO-2025-03517,PO-003517,SUP-0036,FAC-MX-01,WH-MX-RAW-01,2026-01-15,2026-01-30,DELIVERED,2986.2,USD,2026-01-15T00:00:00
PO-2025-03518,PO-003518,SUP-0051,FAC-MX-01,WH-MX-RAW-01,2025-03-26,2025-04-23,OVERDUE,178030.93,USD,2025-03-26T00:00:00
PO-2025-03519,PO-003519,SUP-0021,FAC-US-01,WH-US-RAW-01,2025-10-30,2025-11-26,DELIVERED,156552.1,USD,2025-10-30T00:00:00
PO-2025-03520,PO-003520,SUP-0022,FAC-EU-01,WH-EU-RAW-01,2025-09-12,2025-10-01,DELIVERED,63850.22,USD,2025-09-12T00:00:00
PO-2025-03521,PO-003521,SUP-0048,FAC-MX-01,WH-MX-RAW-01,2026-03-31,2026-05-04,IN_TRANSIT,11038.72,USD,2026-03-31T00:00:00
PO-2025-03522,PO-003522,SUP-0105,FAC-EU-01,WH-EU-RAW-01,2025-02-18,2025-03-06,DELIVERED,85010.58,USD,2025-02-18T00:00:00
PO-2025-03523,PO-003523,SUP-0026,FAC-EU-01,WH-EU-RAW-01,2025-11-23,2025-12-23,DELIVERED,63140.62,USD,2025-11-23T00:00:00
PO-2025-03524,PO-003524,SUP-0109,FAC-APAC-01,WH-APAC-RAW-01,2026-01-16,2026-01-31,DELIVERED,141913.61,USD,2026-01-16T00:00:00
PO-2025-03525,PO-003525,SUP-0107,FAC-MX-01,WH-MX-RAW-01,2025-11-03,2025-11-15,DELIVERED,6158.85,USD,2025-11-03T00:00:00
PO-2025-03526,PO-003526,SUP-0051,FAC-APAC-01,WH-APAC-RAW-01,2025-05-09,2025-06-01,DELIVERED,23805.74,USD,2025-05-09T00:00:00
PO-2025-03527,PO-003527,SUP-0096,FAC-US-01,WH-US-RAW-01,2026-05-07,2026-05-20,PENDING,172641.69,USD,2026-05-07T00:00:00
PO-2025-03528,PO-003528,SUP-0013,FAC-APAC-01,WH-APAC-RAW-01,2025-11-13,2025-12-01,DELIVERED,9503.36,USD,2025-11-13T00:00:00
PO-2025-03529,PO-003529,SUP-0117,FAC-US-01,WH-US-RAW-01,2025-12-11,2026-01-06,DELIVERED,183662.02,USD,2025-12-11T00:00:00
PO-2025-03530,PO-003530,SUP-0087,FAC-EU-01,WH-EU-RAW-01,2025-08-02,2025-08-22,DELIVERED,4027.81,USD,2025-08-02T00:00:00
PO-2025-03531,PO-003531,SUP-0093,FAC-MX-01,WH-MX-RAW-01,2025-11-02,2025-12-13,DELIVERED,23614.48,USD,2025-11-02T00:00:00
PO-2025-03532,PO-003532,SUP-0001,FAC-US-01,WH-US-RAW-01,2025-10-15,2025-12-10,DELIVERED,24364.76,USD,2025-10-15T00:00:00
PO-2025-03533,PO-003533,SUP-0086,FAC-US-01,WH-US-RAW-01,2025-05-01,2025-05-11,DELIVERED,112252.41,USD,2025-05-01T00:00:00
PO-2025-03534,PO-003534,SUP-0081,FAC-EU-01,WH-EU-RAW-01,2025-05-24,2025-06-29,DELIVERED,10171.5,USD,2025-05-24T00:00:00
PO-2025-03535,PO-003535,SUP-0041,FAC-APAC-01,WH-APAC-RAW-01,2026-02-20,2026-03-10,DELIVERED,42771.35,USD,2026-02-20T00:00:00
PO-2025-03536,PO-003536,SUP-0114,FAC-US-01,WH-US-RAW-01,2025-08-04,2025-08-22,DELIVERED,30160.35,USD,2025-08-04T00:00:00
PO-2025-03537,PO-003537,SUP-0017,FAC-US-01,WH-US-RAW-01,2025-07-14,2025-09-06,DELIVERED,2696.98,USD,2025-07-14T00:00:00
PO-2025-03538,PO-003538,SUP-0117,FAC-EU-01,WH-EU-RAW-01,2025-11-09,2025-12-04,DELIVERED,69875.83,USD,2025-11-09T00:00:00
PO-2025-03539,PO-003539,SUP-0051,FAC-APAC-01,WH-APAC-RAW-01,2026-01-25,2026-02-17,DELIVERED,127800.23,USD,2026-01-25T00:00:00
PO-2025-03540,PO-003540,SUP-0062,FAC-APAC-01,WH-APAC-RAW-01,2025-04-20,2025-05-23,DELIVERED,1703.24,USD,2025-04-20T00:00:00
PO-2025-03541,PO-003541,SUP-0066,FAC-EU-01,WH-EU-RAW-01,2025-11-30,2025-12-22,DELIVERED,86147.25,USD,2025-11-30T00:00:00
PO-2025-03542,PO-003542,SUP-0068,FAC-MX-01,WH-MX-RAW-01,2025-06-01,2025-06-26,DELIVERED,36915.17,USD,2025-06-01T00:00:00
PO-2025-03543,PO-003543,SUP-0048,FAC-MX-01,WH-MX-RAW-01,2025-03-25,2025-04-24,DELIVERED,22938.2,USD,2025-03-25T00:00:00
PO-2025-03544,PO-003544,SUP-0019,FAC-APAC-01,WH-APAC-RAW-01,2025-04-11,2025-04-30,DELIVERED,38485.66,USD,2025-04-11T00:00:00
PO-2025-03545,PO-003545,SUP-0048,FAC-MX-01,WH-MX-RAW-01,2026-02-18,2026-03-25,DELIVERED,43472.0,USD,2026-02-18T00:00:00
PO-2025-03546,PO-003546,SUP-0050,FAC-APAC-01,WH-APAC-RAW-01,2025-05-31,2025-06-26,DELIVERED,695093.28,USD,2025-05-31T00:00:00
PO-2025-03547,PO-003547,SUP-0068,FAC-MX-01,WH-MX-RAW-01,2025-04-04,2025-04-23,DELIVERED,48709.76,USD,2025-04-04T00:00:00
PO-2025-03548,PO-003548,SUP-0103,FAC-MX-01,WH-MX-RAW-01,2025-10-18,2025-12-05,DELIVERED,36546.89,USD,2025-10-18T00:00:00
PO-2025-03549,PO-003549,SUP-0004,FAC-EU-01,WH-EU-RAW-01,2026-02-22,2026-03-20,DELIVERED,15597.9,USD,2026-02-22T00:00:00
PO-2025-03550,PO-003550,SUP-0099,FAC-MX-01,WH-MX-RAW-01,2025-08-14,2025-08-24,DELIVERED,3763.8,USD,2025-08-14T00:00:00
PO-2025-03551,PO-003551,SUP-0065,FAC-EU-01,WH-EU-RAW-01,2025-10-13,2025-11-15,DELIVERED,45293.04,USD,2025-10-13T00:00:00
PO-2025-03552,PO-003552,SUP-0041,FAC-APAC-01,WH-APAC-RAW-01,2025-03-29,2025-04-15,DELIVERED,69621.12,USD,2025-03-29T00:00:00
PO-2025-03553,PO-003553,SUP-0032,FAC-US-01,WH-US-RAW-01,2025-10-22,2025-11-20,OVERDUE,165999.46,USD,2025-10-22T00:00:00
PO-2025-03554,PO-003554,SUP-0083,FAC-US-01,WH-US-RAW-01,2025-11-30,2025-12-30,DELIVERED,52067.02,USD,2025-11-30T00:00:00
PO-2025-03555,PO-003555,SUP-0059,FAC-APAC-01,WH-APAC-RAW-01,2025-11-28,2026-01-28,DELIVERED,167252.58,USD,2025-11-28T00:00:00
PO-2025-03556,PO-003556,SUP-0042,FAC-EU-01,WH-EU-RAW-01,2025-09-11,2025-10-10,DELIVERED,131665.86,USD,2025-09-11T00:00:00
PO-2025-03557,PO-003557,SUP-0108,FAC-EU-01,WH-EU-RAW-01,2025-09-04,2025-09-28,DELIVERED,140213.06,USD,2025-09-04T00:00:00
PO-2025-03558,PO-003558,SUP-0084,FAC-US-01,WH-US-RAW-01,2025-05-24,2025-06-15,DELIVERED,7496.28,USD,2025-05-24T00:00:00
PO-2025-03559,PO-003559,SUP-0084,FAC-MX-01,WH-MX-RAW-01,2025-09-24,2025-10-22,DELIVERED,212259.42,USD,2025-09-24T00:00:00
PO-2025-03560,PO-003560,SUP-0117,FAC-US-01,WH-US-RAW-01,2025-05-19,2025-06-17,DELIVERED,74455.2,USD,2025-05-19T00:00:00
PO-2025-03561,PO-003561,SUP-0084,FAC-US-01,WH-US-RAW-01,2026-01-25,2026-02-20,DELIVERED,1704.04,USD,2026-01-25T00:00:00
PO-2025-03562,PO-003562,SUP-0103,FAC-US-01,WH-US-RAW-01,2026-05-01,2026-06-13,PENDING,18179.89,USD,2026-05-01T00:00:00
PO-2025-03563,PO-003563,SUP-0096,FAC-MX-01,WH-MX-RAW-01,2026-05-05,2026-05-24,PENDING,54354.63,USD,2026-05-05T00:00:00
PO-2025-03564,PO-003564,SUP-0019,FAC-MX-01,WH-MX-RAW-01,2026-03-03,2026-03-24,DELIVERED,313803.63,USD,2026-03-03T00:00:00
PO-2025-03565,PO-003565,SUP-0055,FAC-MX-01,WH-MX-RAW-01,2025-12-07,2025-12-27,DELIVERED,17202.9,USD,2025-12-07T00:00:00
PO-2025-03566,PO-003566,SUP-0052,FAC-APAC-01,WH-APAC-RAW-01,2026-01-04,2026-01-28,DELIVERED,93664.44,USD,2026-01-04T00:00:00
PO-2025-03567,PO-003567,SUP-0024,FAC-APAC-01,WH-APAC-RAW-01,2025-08-23,2025-09-09,OVERDUE,27419.47,USD,2025-08-23T00:00:00
PO-2025-03568,PO-003568,SUP-0103,FAC-APAC-01,WH-APAC-RAW-01,2025-12-15,2026-01-27,DELIVERED,96911.25,USD,2025-12-15T00:00:00
PO-2025-03569,PO-003569,SUP-0008,FAC-MX-01,WH-MX-RAW-01,2025-10-24,2025-11-28,DELIVERED,62616.66,USD,2025-10-24T00:00:00
PO-2025-03570,PO-003570,SUP-0067,FAC-MX-01,WH-MX-RAW-01,2025-11-02,2025-11-25,DELIVERED,398887.38,USD,2025-11-02T00:00:00
PO-2025-03571,PO-003571,SUP-0015,FAC-APAC-01,WH-APAC-RAW-01,2026-01-22,2026-03-21,OVERDUE,88040.87,USD,2026-01-22T00:00:00
PO-2025-03572,PO-003572,SUP-0080,FAC-MX-01,WH-MX-RAW-01,2025-08-22,2025-09-18,DELIVERED,39774.62,USD,2025-08-22T00:00:00
PO-2025-03573,PO-003573,SUP-0107,FAC-US-01,WH-US-RAW-01,2025-09-05,2025-09-22,DELIVERED,16089.28,USD,2025-09-05T00:00:00
PO-2025-03574,PO-003574,SUP-0011,FAC-EU-01,WH-EU-RAW-01,2026-04-02,2026-04-28,IN_TRANSIT,3170.25,USD,2026-04-02T00:00:00
PO-2025-03575,PO-003575,SUP-0019,FAC-US-01,WH-US-RAW-01,2025-04-15,2025-05-04,DELIVERED,552367.12,USD,2025-04-15T00:00:00
PO-2025-03576,PO-003576,SUP-0042,FAC-US-01,WH-US-RAW-01,2025-11-03,2025-11-29,DELIVERED,109660.78,USD,2025-11-03T00:00:00
PO-2025-03577,PO-003577,SUP-0105,FAC-US-01,WH-US-RAW-01,2026-03-26,2026-04-17,IN_TRANSIT,8523.8,USD,2026-03-26T00:00:00
PO-2025-03578,PO-003578,SUP-0091,FAC-MX-01,WH-MX-RAW-01,2025-12-10,2025-12-28,DELIVERED,5534.2,USD,2025-12-10T00:00:00
PO-2025-03579,PO-003579,SUP-0116,FAC-MX-01,WH-MX-RAW-01,2025-11-21,2025-12-03,DELIVERED,490130.52,USD,2025-11-21T00:00:00
PO-2025-03580,PO-003580,SUP-0051,FAC-APAC-01,WH-APAC-RAW-01,2025-08-08,2025-08-29,DELIVERED,533.0,USD,2025-08-08T00:00:00
PO-2025-03581,PO-003581,SUP-0052,FAC-APAC-01,WH-APAC-RAW-01,2025-09-15,2025-10-10,DELIVERED,2062.95,USD,2025-09-15T00:00:00
PO-2025-03582,PO-003582,SUP-0110,FAC-MX-01,WH-MX-RAW-01,2026-02-25,2026-03-13,DELIVERED,7271.68,USD,2026-02-25T00:00:00
PO-2025-03583,PO-003583,SUP-0051,FAC-MX-01,WH-MX-RAW-01,2025-11-25,2025-12-17,DELIVERED,40637.52,USD,2025-11-25T00:00:00
PO-2025-03584,PO-003584,SUP-0003,FAC-MX-01,WH-MX-RAW-01,2025-11-12,2025-12-06,DELIVERED,23069.9,USD,2025-11-12T00:00:00
PO-2025-03585,PO-003585,SUP-0011,FAC-EU-01,WH-EU-RAW-01,2025-05-19,2025-06-12,DELIVERED,41427.75,USD,2025-05-19T00:00:00
PO-2025-03586,PO-003586,SUP-0096,FAC-US-01,WH-US-RAW-01,2025-02-25,2025-03-15,DELIVERED,71589.69,USD,2025-02-25T00:00:00
PO-2025-03587,PO-003587,SUP-0107,FAC-US-01,WH-US-RAW-01,2026-04-29,2026-05-12,PENDING,59721.0,USD,2026-04-29T00:00:00
PO-2025-03588,PO-003588,SUP-0054,FAC-APAC-01,WH-APAC-RAW-01,2025-09-27,2025-10-25,DELIVERED,725497.22,USD,2025-09-27T00:00:00
PO-2025-03589,PO-003589,SUP-0097,FAC-US-01,WH-US-RAW-01,2025-12-08,2026-01-09,DELIVERED,128143.24,USD,2025-12-08T00:00:00
PO-2025-03590,PO-003590,SUP-0066,FAC-EU-01,WH-EU-RAW-01,2025-05-05,2025-05-29,DELIVERED,16689.41,USD,2025-05-05T00:00:00
PO-2025-03591,PO-003591,SUP-0025,FAC-EU-01,WH-EU-RAW-01,2025-12-30,2026-01-10,DELIVERED,686654.15,USD,2025-12-30T00:00:00
PO-2025-03592,PO-003592,SUP-0096,FAC-US-01,WH-US-RAW-01,2026-04-07,2026-04-26,IN_TRANSIT,144202.31,USD,2026-04-07T00:00:00
PO-2025-03593,PO-003593,SUP-0092,FAC-APAC-01,WH-APAC-RAW-01,2025-11-30,2025-12-18,DELIVERED,7610.22,USD,2025-11-30T00:00:00
PO-2025-03594,PO-003594,SUP-0041,FAC-MX-01,WH-MX-RAW-01,2025-06-06,2025-06-29,DELIVERED,48498.82,USD,2025-06-06T00:00:00
PO-2025-03595,PO-003595,SUP-0086,FAC-EU-01,WH-EU-RAW-01,2025-12-02,2025-12-16,DELIVERED,14190.31,USD,2025-12-02T00:00:00
PO-2025-03596,PO-003596,SUP-0067,FAC-MX-01,WH-MX-RAW-01,2026-01-25,2026-02-18,DELIVERED,636.74,USD,2026-01-25T00:00:00
PO-2025-03597,PO-003597,SUP-0118,FAC-EU-01,WH-EU-RAW-01,2025-10-08,2025-11-09,OVERDUE,19390.9,USD,2025-10-08T00:00:00
PO-2025-03598,PO-003598,SUP-0010,FAC-MX-01,WH-MX-RAW-01,2026-03-10,2026-03-29,DELIVERED,25624.2,USD,2026-03-10T00:00:00
PO-2025-03599,PO-003599,SUP-0093,FAC-EU-01,WH-EU-RAW-01,2025-12-20,2026-02-06,OVERDUE,84850.07,USD,2025-12-20T00:00:00
PO-2025-03600,PO-003600,SUP-0094,FAC-US-01,WH-US-RAW-01,2026-03-19,2026-03-28,DELIVERED,24423.35,USD,2026-03-19T00:00:00
PO-2025-03601,PO-003601,SUP-0010,FAC-EU-01,WH-EU-RAW-01,2025-12-13,2025-12-31,CANCELLED,7683.4,USD,2025-12-13T00:00:00
PO-2025-03602,PO-003602,SUP-0047,FAC-MX-01,WH-MX-RAW-01,2025-06-09,2025-06-20,DELIVERED,387024.75,USD,2025-06-09T00:00:00
PO-2025-03603,PO-003603,SUP-0041,FAC-APAC-01,WH-APAC-RAW-01,2025-09-02,2025-09-22,DELIVERED,20036.24,USD,2025-09-02T00:00:00
PO-2025-03604,PO-003604,SUP-0018,FAC-APAC-01,WH-APAC-RAW-01,2025-07-17,2025-08-09,DELIVERED,7598.96,USD,2025-07-17T00:00:00
PO-2025-03605,PO-003605,SUP-0075,FAC-US-01,WH-US-RAW-01,2026-03-24,2026-04-19,IN_TRANSIT,27560.38,USD,2026-03-24T00:00:00
PO-2025-03606,PO-003606,SUP-0036,FAC-APAC-01,WH-APAC-RAW-01,2026-01-23,2026-01-31,OVERDUE,12947.9,USD,2026-01-23T00:00:00
PO-2025-03607,PO-003607,SUP-0090,FAC-MX-01,WH-MX-RAW-01,2025-12-28,2026-01-23,DELIVERED,390.26,USD,2025-12-28T00:00:00
PO-2025-03608,PO-003608,SUP-0093,FAC-APAC-01,WH-APAC-RAW-01,2025-08-30,2025-10-12,DELIVERED,3494.34,USD,2025-08-30T00:00:00
PO-2025-03609,PO-003609,SUP-0012,FAC-APAC-01,WH-APAC-RAW-01,2025-07-08,2025-07-20,DELIVERED,3303.72,USD,2025-07-08T00:00:00
PO-2025-03610,PO-003610,SUP-0101,FAC-APAC-01,WH-APAC-RAW-01,2026-01-21,2026-02-15,CANCELLED,17973.42,USD,2026-01-21T00:00:00
PO-2025-03611,PO-003611,SUP-0036,FAC-US-01,WH-US-RAW-01,2025-10-30,2025-11-08,DELIVERED,21267.16,USD,2025-10-30T00:00:00
PO-2025-03612,PO-003612,SUP-0112,FAC-MX-01,WH-MX-RAW-01,2025-07-28,2025-08-16,DELIVERED,91023.49,USD,2025-07-28T00:00:00
PO-2025-03613,PO-003613,SUP-0047,FAC-APAC-01,WH-APAC-RAW-01,2025-12-12,2025-12-24,DELIVERED,18283.84,USD,2025-12-12T00:00:00
PO-2025-03614,PO-003614,SUP-0068,FAC-MX-01,WH-MX-RAW-01,2025-03-30,2025-04-21,DELIVERED,14474.72,USD,2025-03-30T00:00:00
PO-2025-03615,PO-003615,SUP-0088,FAC-US-01,WH-US-RAW-01,2025-09-08,2025-10-02,DELIVERED,6386.0,USD,2025-09-08T00:00:00
PO-2025-03616,PO-003616,SUP-0022,FAC-MX-01,WH-MX-RAW-01,2025-10-28,2025-11-15,DELIVERED,2757.06,USD,2025-10-28T00:00:00
PO-2025-03617,PO-003617,SUP-0092,FAC-APAC-01,WH-APAC-RAW-01,2025-06-19,2025-07-13,DELIVERED,13715.08,USD,2025-06-19T00:00:00
PO-2025-03618,PO-003618,SUP-0062,FAC-EU-01,WH-EU-RAW-01,2026-05-21,2026-06-26,PENDING,5883.3,USD,2026-05-21T00:00:00
PO-2025-03619,PO-003619,SUP-0093,FAC-MX-01,WH-MX-RAW-01,2025-07-20,2025-08-30,DELIVERED,1964.18,USD,2025-07-20T00:00:00
PO-2025-03620,PO-003620,SUP-0051,FAC-US-01,WH-US-RAW-01,2025-06-08,2025-07-01,DELIVERED,143293.96,USD,2025-06-08T00:00:00
PO-2025-03621,PO-003621,SUP-0001,FAC-APAC-01,WH-APAC-RAW-01,2025-07-18,2025-09-13,DELIVERED,58240.47,USD,2025-07-18T00:00:00
PO-2025-03622,PO-003622,SUP-0093,FAC-APAC-01,WH-APAC-RAW-01,2026-01-26,2026-03-11,DELIVERED,17552.78,USD,2026-01-26T00:00:00
PO-2025-03623,PO-003623,SUP-0016,FAC-APAC-01,WH-APAC-RAW-01,2025-10-14,2025-11-09,CANCELLED,9470.08,USD,2025-10-14T00:00:00
PO-2025-03624,PO-003624,SUP-0019,FAC-APAC-01,WH-APAC-RAW-01,2025-11-27,2025-12-13,OVERDUE,85228.8,USD,2025-11-27T00:00:00
PO-2025-03625,PO-003625,SUP-0009,FAC-MX-01,WH-MX-RAW-01,2025-03-05,2025-05-01,OVERDUE,692507.76,USD,2025-03-05T00:00:00
PO-2025-03626,PO-003626,SUP-0099,FAC-APAC-01,WH-APAC-RAW-01,2025-03-23,2025-04-03,DELIVERED,3901.5,USD,2025-03-23T00:00:00
PO-2025-03627,PO-003627,SUP-0007,FAC-EU-01,WH-EU-RAW-01,2025-10-21,2025-11-11,DELIVERED,602.36,USD,2025-10-21T00:00:00
PO-2025-03628,PO-003628,SUP-0009,FAC-US-01,WH-US-RAW-01,2026-02-11,2026-04-04,DELIVERED,300.78,USD,2026-02-11T00:00:00
PO-2025-03629,PO-003629,SUP-0091,FAC-EU-01,WH-EU-RAW-01,2026-03-12,2026-03-31,OVERDUE,963.56,USD,2026-03-12T00:00:00
PO-2025-03630,PO-003630,SUP-0086,FAC-MX-01,WH-MX-RAW-01,2025-05-10,2025-05-20,DELIVERED,43603.8,USD,2025-05-10T00:00:00
PO-2025-03631,PO-003631,SUP-0035,FAC-MX-01,WH-MX-RAW-01,2025-11-19,2026-01-04,DELIVERED,71817.2,USD,2025-11-19T00:00:00
PO-2025-03632,PO-003632,SUP-0065,FAC-EU-01,WH-EU-RAW-01,2026-03-27,2026-04-26,IN_TRANSIT,81227.2,USD,2026-03-27T00:00:00
PO-2025-03633,PO-003633,SUP-0051,FAC-US-01,WH-US-RAW-01,2025-10-01,2025-10-24,DELIVERED,55381.56,USD,2025-10-01T00:00:00
PO-2025-03634,PO-003634,SUP-0056,FAC-APAC-01,WH-APAC-RAW-01,2026-02-16,2026-03-04,DELIVERED,183899.36,USD,2026-02-16T00:00:00
PO-2025-03635,PO-003635,SUP-0062,FAC-MX-01,WH-MX-RAW-01,2025-06-10,2025-07-13,DELIVERED,729181.39,USD,2025-06-10T00:00:00
PO-2025-03636,PO-003636,SUP-0114,FAC-US-01,WH-US-RAW-01,2026-04-09,2026-04-24,IN_TRANSIT,1527.76,USD,2026-04-09T00:00:00
PO-2025-03637,PO-003637,SUP-0119,FAC-US-01,WH-US-RAW-01,2026-01-20,2026-02-20,DELIVERED,64406.24,USD,2026-01-20T00:00:00
PO-2025-03638,PO-003638,SUP-0087,FAC-APAC-01,WH-APAC-RAW-01,2026-04-12,2026-04-29,IN_TRANSIT,3984.63,USD,2026-04-12T00:00:00
PO-2025-03639,PO-003639,SUP-0067,FAC-US-01,WH-US-RAW-01,2025-12-28,2026-01-20,DELIVERED,890.79,USD,2025-12-28T00:00:00
PO-2025-03640,PO-003640,SUP-0075,FAC-EU-01,WH-EU-RAW-01,2025-09-22,2025-10-20,DELIVERED,9691.88,USD,2025-09-22T00:00:00
PO-2025-03641,PO-003641,SUP-0024,FAC-US-01,WH-US-RAW-01,2026-04-10,2026-04-23,IN_TRANSIT,291653.88,USD,2026-04-10T00:00:00
PO-2025-03642,PO-003642,SUP-0060,FAC-APAC-01,WH-APAC-RAW-01,2025-08-19,2025-09-17,DELIVERED,23566.28,USD,2025-08-19T00:00:00
PO-2025-03643,PO-003643,SUP-0007,FAC-US-01,WH-US-RAW-01,2025-09-11,2025-10-05,OVERDUE,962.72,USD,2025-09-11T00:00:00
PO-2025-03644,PO-003644,SUP-0012,FAC-APAC-01,WH-APAC-RAW-01,2026-01-04,2026-01-22,OVERDUE,1329.86,USD,2026-01-04T00:00:00
PO-2025-03645,PO-003645,SUP-0019,FAC-MX-01,WH-MX-RAW-01,2026-01-24,2026-02-08,DELIVERED,2651.67,USD,2026-01-24T00:00:00
PO-2025-03646,PO-003646,SUP-0101,FAC-US-01,WH-US-RAW-01,2026-04-05,2026-05-04,IN_TRANSIT,42511.56,USD,2026-04-05T00:00:00
PO-2025-03647,PO-003647,SUP-0088,FAC-MX-01,WH-MX-RAW-01,2025-07-18,2025-08-10,DELIVERED,83951.76,USD,2025-07-18T00:00:00
PO-2025-03648,PO-003648,SUP-0071,FAC-US-01,WH-US-RAW-01,2026-02-05,2026-03-10,DELIVERED,12544.0,USD,2026-02-05T00:00:00
PO-2025-03649,PO-003649,SUP-0021,FAC-EU-01,WH-EU-RAW-01,2026-01-16,2026-02-18,DELIVERED,773.92,USD,2026-01-16T00:00:00
PO-2025-03650,PO-003650,SUP-0113,FAC-MX-01,WH-MX-RAW-01,2025-04-21,2025-05-07,DELIVERED,173347.6,USD,2025-04-21T00:00:00
PO-2025-03651,PO-003651,SUP-0040,FAC-EU-01,WH-EU-RAW-01,2025-10-01,2025-10-23,DELIVERED,99088.4,USD,2025-10-01T00:00:00
PO-2025-03652,PO-003652,SUP-0039,FAC-APAC-01,WH-APAC-RAW-01,2025-08-22,2025-09-22,CANCELLED,15495.84,USD,2025-08-22T00:00:00
PO-2025-03653,PO-003653,SUP-0094,FAC-APAC-01,WH-APAC-RAW-01,2025-08-31,2025-09-12,DELIVERED,48818.7,USD,2025-08-31T00:00:00
PO-2025-03654,PO-003654,SUP-0069,FAC-MX-01,WH-MX-RAW-01,2026-05-18,2026-06-08,PENDING,20609.78,USD,2026-05-18T00:00:00
PO-2025-03655,PO-003655,SUP-0021,FAC-US-01,WH-US-RAW-01,2025-12-19,2026-01-18,DELIVERED,97619.28,USD,2025-12-19T00:00:00
PO-2025-03656,PO-003656,SUP-0045,FAC-US-01,WH-US-RAW-01,2026-01-09,2026-01-26,DELIVERED,4313.92,USD,2026-01-09T00:00:00
PO-2025-03657,PO-003657,SUP-0059,FAC-US-01,WH-US-RAW-01,2026-05-11,2026-07-15,PENDING,165702.16,USD,2026-05-11T00:00:00
PO-2025-03658,PO-003658,SUP-0093,FAC-APAC-01,WH-APAC-RAW-01,2025-09-27,2025-11-09,DELIVERED,19702.1,USD,2025-09-27T00:00:00
PO-2025-03659,PO-003659,SUP-0097,FAC-APAC-01,WH-APAC-RAW-01,2026-02-06,2026-03-14,DELIVERED,134027.52,USD,2026-02-06T00:00:00
PO-2025-03660,PO-003660,SUP-0105,FAC-US-01,WH-US-RAW-01,2025-10-17,2025-11-09,DELIVERED,62117.93,USD,2025-10-17T00:00:00
PO-2025-03661,PO-003661,SUP-0068,FAC-EU-01,WH-EU-RAW-01,2026-03-05,2026-03-30,DELIVERED,163090.54,USD,2026-03-05T00:00:00
PO-2025-03662,PO-003662,SUP-0062,FAC-MX-01,WH-MX-RAW-01,2025-07-06,2025-08-08,DELIVERED,27537.59,USD,2025-07-06T00:00:00
PO-2025-03663,PO-003663,SUP-0118,FAC-MX-01,WH-MX-RAW-01,2026-04-17,2026-05-20,PENDING,207896.53,USD,2026-04-17T00:00:00
PO-2025-03664,PO-003664,SUP-0082,FAC-EU-01,WH-EU-RAW-01,2025-07-25,2025-10-02,DELIVERED,631.59,USD,2025-07-25T00:00:00
PO-2025-03665,PO-003665,SUP-0111,FAC-EU-01,WH-EU-RAW-01,2025-09-08,2025-10-14,DELIVERED,2547.33,USD,2025-09-08T00:00:00
PO-2025-03666,PO-003666,SUP-0042,FAC-US-01,WH-US-RAW-01,2026-01-21,2026-02-12,DELIVERED,4722.3,USD,2026-01-21T00:00:00
PO-2025-03667,PO-003667,SUP-0059,FAC-MX-01,WH-MX-RAW-01,2025-10-03,2025-11-30,DELIVERED,16014.66,USD,2025-10-03T00:00:00
PO-2025-03668,PO-003668,SUP-0040,FAC-US-01,WH-US-RAW-01,2025-12-09,2025-12-30,DELIVERED,203.52,USD,2025-12-09T00:00:00
PO-2025-03669,PO-003669,SUP-0062,FAC-APAC-01,WH-APAC-RAW-01,2025-10-20,2025-11-25,CANCELLED,54211.83,USD,2025-10-20T00:00:00
PO-2025-03670,PO-003670,SUP-0097,FAC-EU-01,WH-EU-RAW-01,2026-01-17,2026-02-24,DELIVERED,256243.03,USD,2026-01-17T00:00:00
PO-2025-03671,PO-003671,SUP-0052,FAC-EU-01,WH-EU-RAW-01,2025-07-29,2025-08-24,DELIVERED,37213.14,USD,2025-07-29T00:00:00
PO-2025-03672,PO-003672,SUP-0061,FAC-US-01,WH-US-RAW-01,2025-04-17,2025-05-06,DELIVERED,5507.06,USD,2025-04-17T00:00:00
PO-2025-03673,PO-003673,SUP-0086,FAC-APAC-01,WH-APAC-RAW-01,2025-08-29,2025-09-12,DELIVERED,13639.23,USD,2025-08-29T00:00:00
PO-2025-03674,PO-003674,SUP-0120,FAC-MX-01,WH-MX-RAW-01,2025-10-30,2025-11-23,OVERDUE,4087.78,USD,2025-10-30T00:00:00
PO-2025-03675,PO-003675,SUP-0089,FAC-MX-01,WH-MX-RAW-01,2025-06-30,2025-07-18,DELIVERED,106120.73,USD,2025-06-30T00:00:00
PO-2025-03676,PO-003676,SUP-0005,FAC-APAC-01,WH-APAC-RAW-01,2025-09-19,2025-10-08,DELIVERED,246135.87,USD,2025-09-19T00:00:00
PO-2025-03677,PO-003677,SUP-0108,FAC-APAC-01,WH-APAC-RAW-01,2025-10-05,2025-10-28,DELIVERED,45241.52,USD,2025-10-05T00:00:00
PO-2025-03678,PO-003678,SUP-0052,FAC-MX-01,WH-MX-RAW-01,2025-04-16,2025-05-15,DELIVERED,92196.22,USD,2025-04-16T00:00:00
PO-2025-03679,PO-003679,SUP-0062,FAC-EU-01,WH-EU-RAW-01,2025-12-02,2026-01-04,DELIVERED,67520.64,USD,2025-12-02T00:00:00
PO-2025-03680,PO-003680,SUP-0119,FAC-APAC-01,WH-APAC-RAW-01,2026-03-12,2026-04-13,DELIVERED,60631.92,USD,2026-03-12T00:00:00
PO-2025-03681,PO-003681,SUP-0055,FAC-MX-01,WH-MX-RAW-01,2025-06-21,2025-07-10,DELIVERED,149437.74,USD,2025-06-21T00:00:00
PO-2025-03682,PO-003682,SUP-0119,FAC-APAC-01,WH-APAC-RAW-01,2025-12-06,2026-01-11,DELIVERED,35164.65,USD,2025-12-06T00:00:00
PO-2025-03683,PO-003683,SUP-0032,FAC-MX-01,WH-MX-RAW-01,2025-12-25,2026-01-25,DELIVERED,554264.05,USD,2025-12-25T00:00:00
PO-2025-03684,PO-003684,SUP-0084,FAC-EU-01,WH-EU-RAW-01,2025-10-12,2025-11-06,DELIVERED,9064.25,USD,2025-10-12T00:00:00
PO-2025-03685,PO-003685,SUP-0120,FAC-MX-01,WH-MX-RAW-01,2026-01-04,2026-02-03,DELIVERED,63036.0,USD,2026-01-04T00:00:00
PO-2025-03686,PO-003686,SUP-0001,FAC-MX-01,WH-MX-RAW-01,2025-10-09,2025-12-08,DELIVERED,46374.15,USD,2025-10-09T00:00:00
PO-2025-03687,PO-003687,SUP-0012,FAC-EU-01,WH-EU-RAW-01,2025-11-09,2025-11-22,DELIVERED,11262.8,USD,2025-11-09T00:00:00
PO-2025-03688,PO-003688,SUP-0046,FAC-EU-01,WH-EU-RAW-01,2025-02-07,2025-03-11,DELIVERED,14056.84,USD,2025-02-07T00:00:00
PO-2025-03689,PO-003689,SUP-0077,FAC-EU-01,WH-EU-RAW-01,2026-01-01,2026-01-25,DELIVERED,581.15,USD,2026-01-01T00:00:00
PO-2025-03690,PO-003690,SUP-0102,FAC-MX-01,WH-MX-RAW-01,2025-12-24,2026-01-16,DELIVERED,49791.41,USD,2025-12-24T00:00:00
PO-2025-03691,PO-003691,SUP-0114,FAC-US-01,WH-US-RAW-01,2025-03-28,2025-04-14,CANCELLED,2626.2,USD,2025-03-28T00:00:00
PO-2025-03692,PO-003692,SUP-0029,FAC-APAC-01,WH-APAC-RAW-01,2025-09-24,2025-10-23,DELIVERED,71115.8,USD,2025-09-24T00:00:00
PO-2025-03693,PO-003693,SUP-0065,FAC-MX-01,WH-MX-RAW-01,2026-05-14,2026-06-16,PENDING,6407.24,USD,2026-05-14T00:00:00
PO-2025-03694,PO-003694,SUP-0020,FAC-APAC-01,WH-APAC-RAW-01,2025-10-13,2025-10-31,DELIVERED,17582.4,USD,2025-10-13T00:00:00
PO-2025-03695,PO-003695,SUP-0079,FAC-APAC-01,WH-APAC-RAW-01,2025-11-08,2025-12-02,DELIVERED,43375.86,USD,2025-11-08T00:00:00
PO-2025-03696,PO-003696,SUP-0024,FAC-EU-01,WH-EU-RAW-01,2026-03-25,2026-04-09,DELIVERED,182141.82,USD,2026-03-25T00:00:00
PO-2025-03697,PO-003697,SUP-0001,FAC-APAC-01,WH-APAC-RAW-01,2026-01-09,2026-03-08,DELIVERED,12754.26,USD,2026-01-09T00:00:00
PO-2025-03698,PO-003698,SUP-0052,FAC-EU-01,WH-EU-RAW-01,2025-12-02,2026-01-02,DELIVERED,2502.44,USD,2025-12-02T00:00:00
PO-2025-03699,PO-003699,SUP-0036,FAC-US-01,WH-US-RAW-01,2026-02-05,2026-02-20,DELIVERED,26509.9,USD,2026-02-05T00:00:00
PO-2025-03700,PO-003700,SUP-0010,FAC-MX-01,WH-MX-RAW-01,2026-03-03,2026-03-20,DELIVERED,16899.77,USD,2026-03-03T00:00:00
PO-2025-03701,PO-003701,SUP-0068,FAC-APAC-01,WH-APAC-RAW-01,2025-10-25,2025-11-15,DELIVERED,42933.15,USD,2025-10-25T00:00:00
PO-2025-03702,PO-003702,SUP-0052,FAC-US-01,WH-US-RAW-01,2025-10-30,2025-11-27,DELIVERED,2605.28,USD,2025-10-30T00:00:00
PO-2025-03703,PO-003703,SUP-0009,FAC-MX-01,WH-MX-RAW-01,2025-10-01,2025-11-27,DELIVERED,25237.7,USD,2025-10-01T00:00:00
PO-2025-03704,PO-003704,SUP-0066,FAC-MX-01,WH-MX-RAW-01,2026-05-02,2026-05-23,PENDING,1022.7,USD,2026-05-02T00:00:00
PO-2025-03705,PO-003705,SUP-0002,FAC-APAC-01,WH-APAC-RAW-01,2026-01-03,2026-01-26,DELIVERED,1331.89,USD,2026-01-03T00:00:00
PO-2025-03706,PO-003706,SUP-0004,FAC-EU-01,WH-EU-RAW-01,2025-05-07,2025-06-07,DELIVERED,84067.53,USD,2025-05-07T00:00:00
PO-2025-03707,PO-003707,SUP-0003,FAC-US-01,WH-US-RAW-01,2026-03-02,2026-03-21,DELIVERED,818594.5,USD,2026-03-02T00:00:00
PO-2025-03708,PO-003708,SUP-0096,FAC-MX-01,WH-MX-RAW-01,2025-11-01,2025-11-15,DELIVERED,2116.88,USD,2025-11-01T00:00:00
PO-2025-03709,PO-003709,SUP-0006,FAC-US-01,WH-US-RAW-01,2025-04-26,2025-05-13,DELIVERED,550166.85,USD,2025-04-26T00:00:00
PO-2025-03710,PO-003710,SUP-0055,FAC-APAC-01,WH-APAC-RAW-01,2025-11-22,2025-12-13,OVERDUE,47552.35,USD,2025-11-22T00:00:00
PO-2025-03711,PO-003711,SUP-0062,FAC-APAC-01,WH-APAC-RAW-01,2025-10-11,2025-11-11,DELIVERED,49855.38,USD,2025-10-11T00:00:00
PO-2025-03712,PO-003712,SUP-0021,FAC-APAC-01,WH-APAC-RAW-01,2026-03-09,2026-04-11,DELIVERED,478.78,USD,2026-03-09T00:00:00
PO-2025-03713,PO-003713,SUP-0062,FAC-APAC-01,WH-APAC-RAW-01,2025-07-18,2025-08-21,DELIVERED,161676.34,USD,2025-07-18T00:00:00
PO-2025-03714,PO-003714,SUP-0052,FAC-APAC-01,WH-APAC-RAW-01,2026-02-15,2026-03-14,OVERDUE,56755.93,USD,2026-02-15T00:00:00
PO-2025-03715,PO-003715,SUP-0029,FAC-EU-01,WH-EU-RAW-01,2025-11-25,2025-12-31,DELIVERED,13819.1,USD,2025-11-25T00:00:00
PO-2025-03716,PO-003716,SUP-0052,FAC-APAC-01,WH-APAC-RAW-01,2025-04-13,2025-05-10,DELIVERED,61593.9,USD,2025-04-13T00:00:00
PO-2025-03717,PO-003717,SUP-0087,FAC-MX-01,WH-MX-RAW-01,2026-05-06,2026-05-23,PENDING,196979.76,USD,2026-05-06T00:00:00
PO-2025-03718,PO-003718,SUP-0091,FAC-APAC-01,WH-APAC-RAW-01,2025-11-11,2025-11-28,DELIVERED,1800.68,USD,2025-11-11T00:00:00
PO-2025-03719,PO-003719,SUP-0007,FAC-MX-01,WH-MX-RAW-01,2025-08-25,2025-09-18,DELIVERED,57404.19,USD,2025-08-25T00:00:00
PO-2025-03720,PO-003720,SUP-0114,FAC-EU-01,WH-EU-RAW-01,2025-10-29,2025-11-17,DELIVERED,165582.49,USD,2025-10-29T00:00:00
PO-2025-03721,PO-003721,SUP-0096,FAC-US-01,WH-US-RAW-01,2026-02-28,2026-03-18,DELIVERED,120137.95,USD,2026-02-28T00:00:00
PO-2025-03722,PO-003722,SUP-0089,FAC-APAC-01,WH-APAC-RAW-01,2025-08-31,2025-09-15,OVERDUE,20012.98,USD,2025-08-31T00:00:00
PO-2025-03723,PO-003723,SUP-0021,FAC-US-01,WH-US-RAW-01,2025-07-12,2025-08-10,DELIVERED,6308.4,USD,2025-07-12T00:00:00
PO-2025-03724,PO-003724,SUP-0109,FAC-MX-01,WH-MX-RAW-01,2025-06-07,2025-06-25,DELIVERED,1294.3,USD,2025-06-07T00:00:00
PO-2025-03725,PO-003725,SUP-0015,FAC-MX-01,WH-MX-RAW-01,2025-08-28,2025-10-30,CANCELLED,120532.44,USD,2025-08-28T00:00:00
PO-2025-03726,PO-003726,SUP-0051,FAC-MX-01,WH-MX-RAW-01,2026-01-29,2026-02-25,DELIVERED,602560.85,USD,2026-01-29T00:00:00
PO-2025-03727,PO-003727,SUP-0086,FAC-EU-01,WH-EU-RAW-01,2025-10-29,2025-11-12,DELIVERED,3367.22,USD,2025-10-29T00:00:00
PO-2025-03728,PO-003728,SUP-0117,FAC-MX-01,WH-MX-RAW-01,2025-07-29,2025-08-28,DELIVERED,147590.75,USD,2025-07-29T00:00:00
PO-2025-03729,PO-003729,SUP-0076,FAC-EU-01,WH-EU-RAW-01,2025-06-29,2025-08-03,DELIVERED,26655.39,USD,2025-06-29T00:00:00
PO-2025-03730,PO-003730,SUP-0051,FAC-US-01,WH-US-RAW-01,2025-09-11,2025-10-07,DELIVERED,1763.0,USD,2025-09-11T00:00:00
PO-2025-03731,PO-003731,SUP-0102,FAC-EU-01,WH-EU-RAW-01,2026-04-11,2026-05-06,IN_TRANSIT,9728.35,USD,2026-04-11T00:00:00
PO-2025-03732,PO-003732,SUP-0050,FAC-EU-01,WH-EU-RAW-01,2025-09-15,2025-10-11,DELIVERED,306.18,USD,2025-09-15T00:00:00
PO-2025-03733,PO-003733,SUP-0117,FAC-US-01,WH-US-RAW-01,2026-05-25,2026-06-25,PENDING,85194.1,USD,2026-05-25T00:00:00
PO-2025-03734,PO-003734,SUP-0093,FAC-MX-01,WH-MX-RAW-01,2025-11-03,2025-12-15,DELIVERED,21684.28,USD,2025-11-03T00:00:00
PO-2025-03735,PO-003735,SUP-0031,FAC-US-01,WH-US-RAW-01,2025-07-05,2025-09-07,OVERDUE,341284.98,USD,2025-07-05T00:00:00
PO-2025-03736,PO-003736,SUP-0077,FAC-MX-01,WH-MX-RAW-01,2026-03-15,2026-04-10,DELIVERED,86120.15,USD,2026-03-15T00:00:00
PO-2025-03737,PO-003737,SUP-0056,FAC-US-01,WH-US-RAW-01,2025-10-26,2025-11-14,DELIVERED,64563.77,USD,2025-10-26T00:00:00
PO-2025-03738,PO-003738,SUP-0096,FAC-MX-01,WH-MX-RAW-01,2026-01-07,2026-01-26,DELIVERED,16909.2,USD,2026-01-07T00:00:00
PO-2025-03739,PO-003739,SUP-0017,FAC-MX-01,WH-MX-RAW-01,2026-05-19,2026-07-15,PENDING,150270.64,USD,2026-05-19T00:00:00
PO-2025-03740,PO-003740,SUP-0114,FAC-US-01,WH-US-RAW-01,2025-04-09,2025-05-01,DELIVERED,425.88,USD,2025-04-09T00:00:00
PO-2025-03741,PO-003741,SUP-0059,FAC-EU-01,WH-EU-RAW-01,2025-05-17,2025-07-17,DELIVERED,115843.46,USD,2025-05-17T00:00:00
PO-2025-03742,PO-003742,SUP-0065,FAC-MX-01,WH-MX-RAW-01,2026-01-10,2026-02-11,DELIVERED,5889.31,USD,2026-01-10T00:00:00
PO-2025-03743,PO-003743,SUP-0016,FAC-MX-01,WH-MX-RAW-01,2025-08-22,2025-09-18,CANCELLED,253663.3,USD,2025-08-22T00:00:00
PO-2025-03744,PO-003744,SUP-0108,FAC-EU-01,WH-EU-RAW-01,2025-07-08,2025-07-29,DELIVERED,11131.16,USD,2025-07-08T00:00:00
PO-2025-03745,PO-003745,SUP-0009,FAC-APAC-01,WH-APAC-RAW-01,2025-03-29,2025-05-25,DELIVERED,13075.48,USD,2025-03-29T00:00:00
PO-2025-03746,PO-003746,SUP-0094,FAC-EU-01,WH-EU-RAW-01,2025-03-06,2025-03-21,DELIVERED,8265.51,USD,2025-03-06T00:00:00
PO-2025-03747,PO-003747,SUP-0012,FAC-APAC-01,WH-APAC-RAW-01,2026-01-27,2026-02-14,DELIVERED,50983.4,USD,2026-01-27T00:00:00
PO-2025-03748,PO-003748,SUP-0074,FAC-EU-01,WH-EU-RAW-01,2025-06-11,2025-07-05,DELIVERED,22846.8,USD,2025-06-11T00:00:00
PO-2025-03749,PO-003749,SUP-0068,FAC-EU-01,WH-EU-RAW-01,2025-10-28,2025-11-22,DELIVERED,6086.82,USD,2025-10-28T00:00:00
PO-2025-03750,PO-003750,SUP-0068,FAC-EU-01,WH-EU-RAW-01,2025-12-09,2025-12-28,DELIVERED,40766.47,USD,2025-12-09T00:00:00
PO-2025-03751,PO-003751,SUP-0045,FAC-EU-01,WH-EU-RAW-01,2025-10-15,2025-10-28,OVERDUE,36017.49,USD,2025-10-15T00:00:00
PO-2025-03752,PO-003752,SUP-0114,FAC-US-01,WH-US-RAW-01,2025-03-14,2025-03-29,DELIVERED,17504.52,USD,2025-03-14T00:00:00
PO-2025-03753,PO-003753,SUP-0081,FAC-APAC-01,WH-APAC-RAW-01,2026-01-30,2026-03-07,DELIVERED,24208.17,USD,2026-01-30T00:00:00
PO-2025-03754,PO-003754,SUP-0004,FAC-US-01,WH-US-RAW-01,2025-02-15,2025-03-18,DELIVERED,164352.52,USD,2025-02-15T00:00:00
PO-2025-03755,PO-003755,SUP-0003,FAC-US-01,WH-US-RAW-01,2026-01-23,2026-02-11,DELIVERED,12137.18,USD,2026-01-23T00:00:00
PO-2025-03756,PO-003756,SUP-0085,FAC-MX-01,WH-MX-RAW-01,2026-03-16,2026-03-23,DELIVERED,60608.7,USD,2026-03-16T00:00:00
PO-2025-03757,PO-003757,SUP-0093,FAC-MX-01,WH-MX-RAW-01,2025-10-17,2025-11-28,DELIVERED,45207.37,USD,2025-10-17T00:00:00
PO-2025-03758,PO-003758,SUP-0006,FAC-MX-01,WH-MX-RAW-01,2025-11-18,2025-12-05,DELIVERED,51950.66,USD,2025-11-18T00:00:00
PO-2025-03759,PO-003759,SUP-0019,FAC-APAC-01,WH-APAC-RAW-01,2025-10-31,2025-11-22,DELIVERED,3607.88,USD,2025-10-31T00:00:00
PO-2025-03760,PO-003760,SUP-0002,FAC-APAC-01,WH-APAC-RAW-01,2025-10-02,2025-10-20,DELIVERED,50362.92,USD,2025-10-02T00:00:00
PO-2025-03761,PO-003761,SUP-0044,FAC-MX-01,WH-MX-RAW-01,2026-03-13,2026-05-05,IN_TRANSIT,2566.1,USD,2026-03-13T00:00:00
PO-2025-03762,PO-003762,SUP-0099,FAC-EU-01,WH-EU-RAW-01,2026-03-16,2026-03-27,DELIVERED,13948.58,USD,2026-03-16T00:00:00
PO-2025-03763,PO-003763,SUP-0023,FAC-APAC-01,WH-APAC-RAW-01,2025-09-12,2025-09-26,OVERDUE,19173.47,USD,2025-09-12T00:00:00
PO-2025-03764,PO-003764,SUP-0120,FAC-EU-01,WH-EU-RAW-01,2025-12-11,2026-01-09,DELIVERED,44905.83,USD,2025-12-11T00:00:00
PO-2025-03765,PO-003765,SUP-0075,FAC-EU-01,WH-EU-RAW-01,2026-04-03,2026-05-04,IN_TRANSIT,159599.72,USD,2026-04-03T00:00:00
PO-2025-03766,PO-003766,SUP-0103,FAC-MX-01,WH-MX-RAW-01,2026-04-28,2026-06-11,PENDING,8025.54,USD,2026-04-28T00:00:00
PO-2025-03767,PO-003767,SUP-0096,FAC-APAC-01,WH-APAC-RAW-01,2025-11-10,2025-11-27,DELIVERED,118333.96,USD,2025-11-10T00:00:00
PO-2025-03768,PO-003768,SUP-0073,FAC-US-01,WH-US-RAW-01,2025-10-23,2025-11-21,DELIVERED,172445.52,USD,2025-10-23T00:00:00
PO-2025-03769,PO-003769,SUP-0046,FAC-MX-01,WH-MX-RAW-01,2025-08-20,2025-09-21,DELIVERED,10593.08,USD,2025-08-20T00:00:00
PO-2025-03770,PO-003770,SUP-0084,FAC-EU-01,WH-EU-RAW-01,2026-04-25,2026-05-22,PENDING,144767.93,USD,2026-04-25T00:00:00
PO-2025-03771,PO-003771,SUP-0047,FAC-MX-01,WH-MX-RAW-01,2025-06-16,2025-06-30,DELIVERED,2010.26,USD,2025-06-16T00:00:00
PO-2025-03772,PO-003772,SUP-0006,FAC-EU-01,WH-EU-RAW-01,2025-12-01,2025-12-14,DELIVERED,868351.75,USD,2025-12-01T00:00:00
PO-2025-03773,PO-003773,SUP-0077,FAC-EU-01,WH-EU-RAW-01,2025-08-22,2025-09-16,DELIVERED,3468.3,USD,2025-08-22T00:00:00
PO-2025-03774,PO-003774,SUP-0081,FAC-APAC-01,WH-APAC-RAW-01,2025-08-21,2025-09-28,DELIVERED,18105.27,USD,2025-08-21T00:00:00
PO-2025-03775,PO-003775,SUP-0058,FAC-APAC-01,WH-APAC-RAW-01,2025-10-07,2025-10-31,DELIVERED,659297.92,USD,2025-10-07T00:00:00
PO-2025-03776,PO-003776,SUP-0008,FAC-US-01,WH-US-RAW-01,2026-06-18,2026-07-22,PENDING,5763.14,USD,2026-06-18T00:00:00
PO-2025-03777,PO-003777,SUP-0019,FAC-EU-01,WH-EU-RAW-01,2025-04-14,2025-05-05,DELIVERED,91004.9,USD,2025-04-14T00:00:00
PO-2025-03778,PO-003778,SUP-0090,FAC-US-01,WH-US-RAW-01,2025-12-01,2025-12-28,OVERDUE,1604.6,USD,2025-12-01T00:00:00
PO-2025-03779,PO-003779,SUP-0117,FAC-MX-01,WH-MX-RAW-01,2025-05-07,2025-06-04,DELIVERED,2936.92,USD,2025-05-07T00:00:00
PO-2025-03780,PO-003780,SUP-0094,FAC-EU-01,WH-EU-RAW-01,2025-06-22,2025-07-03,DELIVERED,157844.27,USD,2025-06-22T00:00:00
PO-2025-03781,PO-003781,SUP-0043,FAC-APAC-01,WH-APAC-RAW-01,2025-10-19,2025-11-10,DELIVERED,56529.0,USD,2025-10-19T00:00:00
PO-2025-03782,PO-003782,SUP-0054,FAC-US-01,WH-US-RAW-01,2025-11-10,2025-12-07,DELIVERED,51970.38,USD,2025-11-10T00:00:00
PO-2025-03783,PO-003783,SUP-0075,FAC-MX-01,WH-MX-RAW-01,2025-08-12,2025-09-10,DELIVERED,174477.18,USD,2025-08-12T00:00:00
PO-2025-03784,PO-003784,SUP-0040,FAC-MX-01,WH-MX-RAW-01,2025-09-05,2025-09-26,DELIVERED,180130.88,USD,2025-09-05T00:00:00
PO-2025-03785,PO-003785,SUP-0041,FAC-US-01,WH-US-RAW-01,2025-05-10,2025-05-29,DELIVERED,28503.57,USD,2025-05-10T00:00:00
PO-2025-03786,PO-003786,SUP-0083,FAC-MX-01,WH-MX-RAW-01,2025-08-30,2025-10-01,DELIVERED,13827.65,USD,2025-08-30T00:00:00
PO-2025-03787,PO-003787,SUP-0052,FAC-APAC-01,WH-APAC-RAW-01,2026-05-02,2026-05-27,PENDING,29440.95,USD,2026-05-02T00:00:00
PO-2025-03788,PO-003788,SUP-0014,FAC-EU-01,WH-EU-RAW-01,2026-04-15,2026-06-15,PENDING,272972.52,USD,2026-04-15T00:00:00
PO-2025-03789,PO-003789,SUP-0052,FAC-APAC-01,WH-APAC-RAW-01,2025-09-12,2025-10-12,DELIVERED,30515.3,USD,2025-09-12T00:00:00
PO-2025-03790,PO-003790,SUP-0048,FAC-US-01,WH-US-RAW-01,2025-11-28,2025-12-29,DELIVERED,9841.81,USD,2025-11-28T00:00:00
PO-2025-03791,PO-003791,SUP-0107,FAC-US-01,WH-US-RAW-01,2026-03-25,2026-04-12,DELIVERED,139432.3,USD,2026-03-25T00:00:00
PO-2025-03792,PO-003792,SUP-0120,FAC-MX-01,WH-MX-RAW-01,2025-02-04,2025-03-02,DELIVERED,4815.72,USD,2025-02-04T00:00:00
PO-2025-03793,PO-003793,SUP-0114,FAC-EU-01,WH-EU-RAW-01,2026-02-09,2026-03-02,DELIVERED,217348.71,USD,2026-02-09T00:00:00
PO-2025-03794,PO-003794,SUP-0110,FAC-US-01,WH-US-RAW-01,2026-04-17,2026-05-02,PENDING,513.04,USD,2026-04-17T00:00:00
PO-2025-03795,PO-003795,SUP-0001,FAC-APAC-01,WH-APAC-RAW-01,2025-05-13,2025-07-14,DELIVERED,112481.52,USD,2025-05-13T00:00:00
PO-2025-03796,PO-003796,SUP-0033,FAC-US-01,WH-US-RAW-01,2025-06-26,2025-07-15,DELIVERED,44679.42,USD,2025-06-26T00:00:00
PO-2025-03797,PO-003797,SUP-0096,FAC-US-01,WH-US-RAW-01,2026-04-27,2026-05-16,PENDING,61437.46,USD,2026-04-27T00:00:00
PO-2025-03798,PO-003798,SUP-0045,FAC-MX-01,WH-MX-RAW-01,2025-11-19,2025-12-02,DELIVERED,47740.71,USD,2025-11-19T00:00:00
PO-2025-03799,PO-003799,SUP-0103,FAC-EU-01,WH-EU-RAW-01,2025-02-22,2025-04-11,DELIVERED,1294.56,USD,2025-02-22T00:00:00
PO-2025-03800,PO-003800,SUP-0048,FAC-APAC-01,WH-APAC-RAW-01,2025-08-12,2025-09-13,DELIVERED,60174.4,USD,2025-08-12T00:00:00
PO-2025-03801,PO-003801,SUP-0006,FAC-EU-01,WH-EU-RAW-01,2025-10-22,2025-11-02,DELIVERED,21560.81,USD,2025-10-22T00:00:00
PO-2025-03802,PO-003802,SUP-0019,FAC-MX-01,WH-MX-RAW-01,2026-01-02,2026-01-23,DELIVERED,738063.4,USD,2026-01-02T00:00:00
PO-2025-03803,PO-003803,SUP-0012,FAC-US-01,WH-US-RAW-01,2026-01-14,2026-01-30,DELIVERED,33102.88,USD,2026-01-14T00:00:00
PO-2025-03804,PO-003804,SUP-0006,FAC-APAC-01,WH-APAC-RAW-01,2026-06-08,2026-06-24,PENDING,20149.38,USD,2026-06-08T00:00:00
PO-2025-03805,PO-003805,SUP-0002,FAC-US-01,WH-US-RAW-01,2025-08-24,2025-09-12,DELIVERED,473970.37,USD,2025-08-24T00:00:00
PO-2025-03806,PO-003806,SUP-0119,FAC-US-01,WH-US-RAW-01,2025-11-19,2025-12-19,DELIVERED,51114.58,USD,2025-11-19T00:00:00
PO-2025-03807,PO-003807,SUP-0009,FAC-APAC-01,WH-APAC-RAW-01,2025-11-17,2026-01-12,DELIVERED,108875.52,USD,2025-11-17T00:00:00
PO-2025-03808,PO-003808,SUP-0054,FAC-EU-01,WH-EU-RAW-01,2025-10-07,2025-11-01,DELIVERED,3239.55,USD,2025-10-07T00:00:00
PO-2025-03809,PO-003809,SUP-0057,FAC-APAC-01,WH-APAC-RAW-01,2025-06-30,2025-07-17,DELIVERED,48703.79,USD,2025-06-30T00:00:00
PO-2025-03810,PO-003810,SUP-0106,FAC-APAC-01,WH-APAC-RAW-01,2026-05-12,2026-06-15,PENDING,8026.83,USD,2026-05-12T00:00:00
PO-2025-03811,PO-003811,SUP-0095,FAC-US-01,WH-US-RAW-01,2026-02-26,2026-03-15,DELIVERED,43856.53,USD,2026-02-26T00:00:00
PO-2025-03812,PO-003812,SUP-0074,FAC-APAC-01,WH-APAC-RAW-01,2025-11-07,2025-11-30,DELIVERED,25683.0,USD,2025-11-07T00:00:00
PO-2025-03813,PO-003813,SUP-0099,FAC-MX-01,WH-MX-RAW-01,2025-12-08,2025-12-19,DELIVERED,264.32,USD,2025-12-08T00:00:00
PO-2025-03814,PO-003814,SUP-0075,FAC-EU-01,WH-EU-RAW-01,2025-07-29,2025-08-25,DELIVERED,4743.0,USD,2025-07-29T00:00:00
PO-2025-03815,PO-003815,SUP-0110,FAC-US-01,WH-US-RAW-01,2025-11-21,2025-12-05,DELIVERED,31274.64,USD,2025-11-21T00:00:00
PO-2025-03816,PO-003816,SUP-0032,FAC-US-01,WH-US-RAW-01,2026-01-02,2026-02-01,OVERDUE,1194.19,USD,2026-01-02T00:00:00
PO-2025-03817,PO-003817,SUP-0098,FAC-MX-01,WH-MX-RAW-01,2025-11-12,2025-12-03,OVERDUE,71088.16,USD,2025-11-12T00:00:00
PO-2025-03818,PO-003818,SUP-0049,FAC-US-01,WH-US-RAW-01,2026-05-29,2026-06-16,PENDING,49059.56,USD,2026-05-29T00:00:00
PO-2025-03819,PO-003819,SUP-0067,FAC-US-01,WH-US-RAW-01,2025-12-10,2026-01-02,DELIVERED,313671.66,USD,2025-12-10T00:00:00
PO-2025-03820,PO-003820,SUP-0099,FAC-MX-01,WH-MX-RAW-01,2025-09-25,2025-10-06,DELIVERED,3647.7,USD,2025-09-25T00:00:00
PO-2025-03821,PO-003821,SUP-0082,FAC-APAC-01,WH-APAC-RAW-01,2026-01-27,2026-04-05,OVERDUE,324.33,USD,2026-01-27T00:00:00
PO-2025-03822,PO-003822,SUP-0002,FAC-US-01,WH-US-RAW-01,2025-07-01,2025-07-24,DELIVERED,907.61,USD,2025-07-01T00:00:00
PO-2025-03823,PO-003823,SUP-0076,FAC-MX-01,WH-MX-RAW-01,2025-09-30,2025-11-05,DELIVERED,177735.84,USD,2025-09-30T00:00:00
PO-2025-03824,PO-003824,SUP-0083,FAC-EU-01,WH-EU-RAW-01,2025-09-16,2025-10-18,DELIVERED,182326.97,USD,2025-09-16T00:00:00
PO-2025-03825,PO-003825,SUP-0004,FAC-EU-01,WH-EU-RAW-01,2025-10-16,2025-11-17,DELIVERED,33922.51,USD,2025-10-16T00:00:00
PO-2025-03826,PO-003826,SUP-0101,FAC-US-01,WH-US-RAW-01,2026-01-30,2026-02-22,DELIVERED,96240.96,USD,2026-01-30T00:00:00
PO-2025-03827,PO-003827,SUP-0006,FAC-APAC-01,WH-APAC-RAW-01,2025-11-02,2025-11-12,DELIVERED,14941.69,USD,2025-11-02T00:00:00
PO-2025-03828,PO-003828,SUP-0041,FAC-APAC-01,WH-APAC-RAW-01,2026-02-03,2026-02-26,DELIVERED,495176.95,USD,2026-02-03T00:00:00
PO-2025-03829,PO-003829,SUP-0044,FAC-MX-01,WH-MX-RAW-01,2025-11-30,2026-01-25,DELIVERED,11284.5,USD,2025-11-30T00:00:00
PO-2025-03830,PO-003830,SUP-0085,FAC-EU-01,WH-EU-RAW-01,2025-09-14,2025-09-24,DELIVERED,2447.32,USD,2025-09-14T00:00:00
PO-2025-03831,PO-003831,SUP-0010,FAC-US-01,WH-US-RAW-01,2026-02-09,2026-03-02,DELIVERED,200285.57,USD,2026-02-09T00:00:00
PO-2025-03832,PO-003832,SUP-0080,FAC-US-01,WH-US-RAW-01,2025-08-03,2025-09-01,DELIVERED,61885.53,USD,2025-08-03T00:00:00
PO-2025-03833,PO-003833,SUP-0031,FAC-EU-01,WH-EU-RAW-01,2025-07-28,2025-09-27,DELIVERED,68748.73,USD,2025-07-28T00:00:00
PO-2025-03834,PO-003834,SUP-0087,FAC-MX-01,WH-MX-RAW-01,2025-11-09,2025-11-26,DELIVERED,20695.77,USD,2025-11-09T00:00:00
PO-2025-03835,PO-003835,SUP-0069,FAC-MX-01,WH-MX-RAW-01,2025-08-13,2025-09-05,DELIVERED,8384.0,USD,2025-08-13T00:00:00
PO-2025-03836,PO-003836,SUP-0115,FAC-APAC-01,WH-APAC-RAW-01,2025-02-11,2025-03-12,DELIVERED,7626.0,USD,2025-02-11T00:00:00
PO-2025-03837,PO-003837,SUP-0083,FAC-MX-01,WH-MX-RAW-01,2025-12-20,2026-01-20,DELIVERED,7125.3,USD,2025-12-20T00:00:00
PO-2025-03838,PO-003838,SUP-0019,FAC-APAC-01,WH-APAC-RAW-01,2025-11-11,2025-12-01,DELIVERED,136361.6,USD,2025-11-11T00:00:00
PO-2025-03839,PO-003839,SUP-0016,FAC-MX-01,WH-MX-RAW-01,2025-10-21,2025-11-16,DELIVERED,180.32,USD,2025-10-21T00:00:00
PO-2025-03840,PO-003840,SUP-0001,FAC-EU-01,WH-EU-RAW-01,2026-05-02,2026-07-04,PENDING,44675.11,USD,2026-05-02T00:00:00
PO-2025-03841,PO-003841,SUP-0039,FAC-US-01,WH-US-RAW-01,2025-11-29,2025-12-24,DELIVERED,32636.52,USD,2025-11-29T00:00:00
PO-2025-03842,PO-003842,SUP-0103,FAC-APAC-01,WH-APAC-RAW-01,2026-03-02,2026-04-20,IN_TRANSIT,6436.22,USD,2026-03-02T00:00:00
PO-2025-03843,PO-003843,SUP-0117,FAC-US-01,WH-US-RAW-01,2025-06-14,2025-07-16,DELIVERED,23327.04,USD,2025-06-14T00:00:00
PO-2025-03844,PO-003844,SUP-0101,FAC-EU-01,WH-EU-RAW-01,2025-11-28,2025-12-23,DELIVERED,36546.48,USD,2025-11-28T00:00:00
PO-2025-03845,PO-003845,SUP-0063,FAC-US-01,WH-US-RAW-01,2026-03-04,2026-04-07,DELIVERED,2495.08,USD,2026-03-04T00:00:00
PO-2025-03846,PO-003846,SUP-0118,FAC-US-01,WH-US-RAW-01,2025-12-02,2026-01-03,DELIVERED,5726.49,USD,2025-12-02T00:00:00
PO-2025-03847,PO-003847,SUP-0095,FAC-US-01,WH-US-RAW-01,2026-01-09,2026-01-26,DELIVERED,86148.06,USD,2026-01-09T00:00:00
PO-2025-03848,PO-003848,SUP-0019,FAC-EU-01,WH-EU-RAW-01,2025-09-26,2025-10-14,DELIVERED,10852.25,USD,2025-09-26T00:00:00
PO-2025-03849,PO-003849,SUP-0019,FAC-EU-01,WH-EU-RAW-01,2025-05-14,2025-06-04,DELIVERED,231151.51,USD,2025-05-14T00:00:00
PO-2025-03850,PO-003850,SUP-0004,FAC-MX-01,WH-MX-RAW-01,2025-10-25,2025-11-27,DELIVERED,338.14,USD,2025-10-25T00:00:00
PO-2025-03851,PO-003851,SUP-0055,FAC-EU-01,WH-EU-RAW-01,2025-10-03,2025-10-23,OVERDUE,191228.31,USD,2025-10-03T00:00:00
PO-2025-03852,PO-003852,SUP-0105,FAC-APAC-01,WH-APAC-RAW-01,2026-03-04,2026-03-23,DELIVERED,135331.06,USD,2026-03-04T00:00:00
PO-2025-03853,PO-003853,SUP-0019,FAC-EU-01,WH-EU-RAW-01,2025-08-06,2025-08-27,DELIVERED,11634.33,USD,2025-08-06T00:00:00
PO-2025-03854,PO-003854,SUP-0009,FAC-US-01,WH-US-RAW-01,2026-05-02,2026-06-25,PENDING,9694.0,USD,2026-05-02T00:00:00
PO-2025-03855,PO-003855,SUP-0095,FAC-APAC-01,WH-APAC-RAW-01,2026-04-25,2026-05-11,PENDING,34209.12,USD,2026-04-25T00:00:00
PO-2025-03856,PO-003856,SUP-0089,FAC-MX-01,WH-MX-RAW-01,2025-08-07,2025-08-26,DELIVERED,20715.1,USD,2025-08-07T00:00:00
PO-2025-03857,PO-003857,SUP-0096,FAC-US-01,WH-US-RAW-01,2025-09-17,2025-10-05,DELIVERED,191494.1,USD,2025-09-17T00:00:00
PO-2025-03858,PO-003858,SUP-0051,FAC-MX-01,WH-MX-RAW-01,2026-03-17,2026-04-10,OVERDUE,7028.83,USD,2026-03-17T00:00:00
PO-2025-03859,PO-003859,SUP-0112,FAC-APAC-01,WH-APAC-RAW-01,2026-05-02,2026-05-14,PENDING,46430.4,USD,2026-05-02T00:00:00
PO-2025-03860,PO-003860,SUP-0111,FAC-MX-01,WH-MX-RAW-01,2025-10-20,2025-11-25,DELIVERED,76969.5,USD,2025-10-20T00:00:00
PO-2025-03861,PO-003861,SUP-0051,FAC-US-01,WH-US-RAW-01,2025-09-06,2025-10-02,DELIVERED,92613.22,USD,2025-09-06T00:00:00
PO-2025-03862,PO-003862,SUP-0010,FAC-US-01,WH-US-RAW-01,2025-11-15,2025-12-05,CANCELLED,15924.48,USD,2025-11-15T00:00:00
PO-2025-03863,PO-003863,SUP-0051,FAC-APAC-01,WH-APAC-RAW-01,2025-12-31,2026-01-25,DELIVERED,10279.35,USD,2025-12-31T00:00:00
PO-2025-03864,PO-003864,SUP-0112,FAC-APAC-01,WH-APAC-RAW-01,2025-08-18,2025-09-02,DELIVERED,53408.88,USD,2025-08-18T00:00:00
PO-2025-03865,PO-003865,SUP-0031,FAC-US-01,WH-US-RAW-01,2026-01-15,2026-03-20,DELIVERED,131491.91,USD,2026-01-15T00:00:00
PO-2025-03866,PO-003866,SUP-0052,FAC-MX-01,WH-MX-RAW-01,2025-04-10,2025-05-06,DELIVERED,13502.16,USD,2025-04-10T00:00:00
PO-2025-03867,PO-003867,SUP-0084,FAC-MX-01,WH-MX-RAW-01,2025-04-08,2025-05-03,DELIVERED,997.5,USD,2025-04-08T00:00:00
PO-2025-03868,PO-003868,SUP-0040,FAC-EU-01,WH-EU-RAW-01,2025-10-01,2025-10-23,DELIVERED,180326.71,USD,2025-10-01T00:00:00
PO-2025-03869,PO-003869,SUP-0099,FAC-APAC-01,WH-APAC-RAW-01,2025-09-19,2025-10-01,DELIVERED,584885.76,USD,2025-09-19T00:00:00
PO-2025-03870,PO-003870,SUP-0002,FAC-EU-01,WH-EU-RAW-01,2025-09-04,2025-09-29,DELIVERED,7636.71,USD,2025-09-04T00:00:00
PO-2025-03871,PO-003871,SUP-0110,FAC-US-01,WH-US-RAW-01,2025-11-04,2025-11-17,DELIVERED,19725.3,USD,2025-11-04T00:00:00
PO-2025-03872,PO-003872,SUP-0091,FAC-EU-01,WH-EU-RAW-01,2025-09-06,2025-09-25,DELIVERED,2392.65,USD,2025-09-06T00:00:00
PO-2025-03873,PO-003873,SUP-0102,FAC-MX-01,WH-MX-RAW-01,2025-07-12,2025-08-06,DELIVERED,208040.56,USD,2025-07-12T00:00:00
PO-2025-03874,PO-003874,SUP-0019,FAC-APAC-01,WH-APAC-RAW-01,2025-09-02,2025-09-20,DELIVERED,2073.24,USD,2025-09-02T00:00:00
PO-2025-03875,PO-003875,SUP-0059,FAC-US-01,WH-US-RAW-01,2026-05-09,2026-07-12,PENDING,220302.47,USD,2026-05-09T00:00:00
PO-2025-03876,PO-003876,SUP-0052,FAC-MX-01,WH-MX-RAW-01,2025-10-09,2025-11-08,OVERDUE,7193.25,USD,2025-10-09T00:00:00
PO-2025-03877,PO-003877,SUP-0001,FAC-MX-01,WH-MX-RAW-01,2025-10-21,2025-12-23,OVERDUE,53528.87,USD,2025-10-21T00:00:00
PO-2025-03878,PO-003878,SUP-0042,FAC-APAC-01,WH-APAC-RAW-01,2025-11-30,2025-12-28,OVERDUE,26849.94,USD,2025-11-30T00:00:00
PO-2025-03879,PO-003879,SUP-0010,FAC-US-01,WH-US-RAW-01,2026-05-19,2026-06-04,PENDING,344211.79,USD,2026-05-19T00:00:00
PO-2025-03880,PO-003880,SUP-0080,FAC-MX-01,WH-MX-RAW-01,2025-08-04,2025-09-03,DELIVERED,23311.79,USD,2025-08-04T00:00:00
PO-2025-03881,PO-003881,SUP-0022,FAC-EU-01,WH-EU-RAW-01,2025-12-29,2026-01-13,DELIVERED,46915.38,USD,2025-12-29T00:00:00
PO-2025-03882,PO-003882,SUP-0089,FAC-US-01,WH-US-RAW-01,2026-01-09,2026-01-29,DELIVERED,87635.24,USD,2026-01-09T00:00:00
PO-2025-03883,PO-003883,SUP-0043,FAC-APAC-01,WH-APAC-RAW-01,2025-12-09,2026-01-01,DELIVERED,155511.22,USD,2025-12-09T00:00:00
PO-2025-03884,PO-003884,SUP-0095,FAC-EU-01,WH-EU-RAW-01,2025-05-11,2025-05-24,DELIVERED,963.39,USD,2025-05-11T00:00:00
PO-2025-03885,PO-003885,SUP-0031,FAC-US-01,WH-US-RAW-01,2025-12-28,2026-03-04,DELIVERED,389209.9,USD,2025-12-28T00:00:00
PO-2025-03886,PO-003886,SUP-0105,FAC-US-01,WH-US-RAW-01,2025-04-22,2025-05-11,DELIVERED,36563.18,USD,2025-04-22T00:00:00
PO-2025-03887,PO-003887,SUP-0079,FAC-US-01,WH-US-RAW-01,2025-12-06,2026-01-03,DELIVERED,161871.26,USD,2025-12-06T00:00:00
PO-2025-03888,PO-003888,SUP-0097,FAC-APAC-01,WH-APAC-RAW-01,2026-01-16,2026-02-17,DELIVERED,2584.08,USD,2026-01-16T00:00:00
PO-2025-03889,PO-003889,SUP-0001,FAC-EU-01,WH-EU-RAW-01,2025-07-21,2025-09-22,DELIVERED,37406.59,USD,2025-07-21T00:00:00
PO-2025-03890,PO-003890,SUP-0099,FAC-MX-01,WH-MX-RAW-01,2026-02-21,2026-03-04,OVERDUE,561277.09,USD,2026-02-21T00:00:00
PO-2025-03891,PO-003891,SUP-0048,FAC-US-01,WH-US-RAW-01,2025-03-18,2025-04-16,DELIVERED,59799.21,USD,2025-03-18T00:00:00
PO-2025-03892,PO-003892,SUP-0047,FAC-EU-01,WH-EU-RAW-01,2026-02-22,2026-03-06,DELIVERED,1683.35,USD,2026-02-22T00:00:00
PO-2025-03893,PO-003893,SUP-0095,FAC-EU-01,WH-EU-RAW-01,2025-10-26,2025-11-10,DELIVERED,324333.05,USD,2025-10-26T00:00:00
PO-2025-03894,PO-003894,SUP-0012,FAC-MX-01,WH-MX-RAW-01,2025-07-24,2025-08-09,DELIVERED,91030.06,USD,2025-07-24T00:00:00
PO-2025-03895,PO-003895,SUP-0010,FAC-US-01,WH-US-RAW-01,2025-06-10,2025-06-25,DELIVERED,7825.95,USD,2025-06-10T00:00:00
PO-2025-03896,PO-003896,SUP-0107,FAC-MX-01,WH-MX-RAW-01,2026-04-21,2026-05-04,PENDING,9797.16,USD,2026-04-21T00:00:00
PO-2025-03897,PO-003897,SUP-0067,FAC-MX-01,WH-MX-RAW-01,2025-04-29,2025-05-19,DELIVERED,2372.37,USD,2025-04-29T00:00:00
PO-2025-03898,PO-003898,SUP-0082,FAC-EU-01,WH-EU-RAW-01,2025-07-16,2025-09-16,DELIVERED,933787.89,USD,2025-07-16T00:00:00
PO-2025-03899,PO-003899,SUP-0098,FAC-APAC-01,WH-APAC-RAW-01,2025-09-17,2025-10-11,DELIVERED,10250.46,USD,2025-09-17T00:00:00
PO-2025-03900,PO-003900,SUP-0105,FAC-EU-01,WH-EU-RAW-01,2025-12-13,2026-01-01,CANCELLED,143116.85,USD,2025-12-13T00:00:00
PO-2025-03901,PO-003901,SUP-0043,FAC-MX-01,WH-MX-RAW-01,2025-11-21,2025-12-14,DELIVERED,6242.54,USD,2025-11-21T00:00:00
PO-2025-03902,PO-003902,SUP-0074,FAC-EU-01,WH-EU-RAW-01,2025-06-05,2025-06-25,DELIVERED,15424.0,USD,2025-06-05T00:00:00
PO-2025-03903,PO-003903,SUP-0044,FAC-APAC-01,WH-APAC-RAW-01,2025-08-25,2025-10-22,DELIVERED,7956.49,USD,2025-08-25T00:00:00
PO-2025-03904,PO-003904,SUP-0026,FAC-US-01,WH-US-RAW-01,2025-08-03,2025-09-02,DELIVERED,3488.36,USD,2025-08-03T00:00:00
PO-2025-03905,PO-003905,SUP-0096,FAC-APAC-01,WH-APAC-RAW-01,2025-07-23,2025-08-10,DELIVERED,3130.28,USD,2025-07-23T00:00:00
PO-2025-03906,PO-003906,SUP-0019,FAC-MX-01,WH-MX-RAW-01,2025-10-09,2025-10-25,DELIVERED,6387.15,USD,2025-10-09T00:00:00
PO-2025-03907,PO-003907,SUP-0090,FAC-MX-01,WH-MX-RAW-01,2026-01-05,2026-02-01,DELIVERED,1821.56,USD,2026-01-05T00:00:00
PO-2025-03908,PO-003908,SUP-0065,FAC-US-01,WH-US-RAW-01,2025-07-24,2025-08-26,DELIVERED,399037.42,USD,2025-07-24T00:00:00
PO-2025-03909,PO-003909,SUP-0034,FAC-APAC-01,WH-APAC-RAW-01,2025-09-24,2025-10-20,DELIVERED,4818.65,USD,2025-09-24T00:00:00
PO-2025-03910,PO-003910,SUP-0011,FAC-MX-01,WH-MX-RAW-01,2025-10-02,2025-10-25,DELIVERED,3043.44,USD,2025-10-02T00:00:00
PO-2025-03911,PO-003911,SUP-0094,FAC-MX-01,WH-MX-RAW-01,2026-05-11,2026-05-21,PENDING,445337.47,USD,2026-05-11T00:00:00
PO-2025-03912,PO-003912,SUP-0052,FAC-APAC-01,WH-APAC-RAW-01,2026-04-22,2026-05-18,PENDING,5398.31,USD,2026-04-22T00:00:00
PO-2025-03913,PO-003913,SUP-0006,FAC-US-01,WH-US-RAW-01,2026-02-05,2026-02-18,DELIVERED,160348.5,USD,2026-02-05T00:00:00
PO-2025-03914,PO-003914,SUP-0028,FAC-EU-01,WH-EU-RAW-01,2025-08-05,2025-09-03,DELIVERED,10422.97,USD,2025-08-05T00:00:00
PO-2025-03915,PO-003915,SUP-0060,FAC-EU-01,WH-EU-RAW-01,2025-04-25,2025-05-25,DELIVERED,29708.2,USD,2025-04-25T00:00:00
PO-2025-03916,PO-003916,SUP-0018,FAC-US-01,WH-US-RAW-01,2025-09-05,2025-10-02,DELIVERED,44409.8,USD,2025-09-05T00:00:00
PO-2025-03917,PO-003917,SUP-0109,FAC-US-01,WH-US-RAW-01,2025-08-15,2025-09-03,DELIVERED,37346.52,USD,2025-08-15T00:00:00
PO-2025-03918,PO-003918,SUP-0064,FAC-EU-01,WH-EU-RAW-01,2025-11-09,2025-12-02,DELIVERED,7080.42,USD,2025-11-09T00:00:00
PO-2025-03919,PO-003919,SUP-0025,FAC-MX-01,WH-MX-RAW-01,2026-01-28,2026-02-03,DELIVERED,30714.62,USD,2026-01-28T00:00:00
PO-2025-03920,PO-003920,SUP-0111,FAC-US-01,WH-US-RAW-01,2026-02-28,2026-04-05,DELIVERED,67842.54,USD,2026-02-28T00:00:00
PO-2025-03921,PO-003921,SUP-0019,FAC-US-01,WH-US-RAW-01,2026-02-23,2026-03-17,DELIVERED,132724.12,USD,2026-02-23T00:00:00
PO-2025-03922,PO-003922,SUP-0065,FAC-EU-01,WH-EU-RAW-01,2025-09-21,2025-10-25,DELIVERED,27997.8,USD,2025-09-21T00:00:00
PO-2025-03923,PO-003923,SUP-0040,FAC-US-01,WH-US-RAW-01,2025-12-31,2026-01-27,DELIVERED,83656.98,USD,2025-12-31T00:00:00
PO-2025-03924,PO-003924,SUP-0037,FAC-MX-01,WH-MX-RAW-01,2025-09-03,2025-09-26,DELIVERED,151575.05,USD,2025-09-03T00:00:00
PO-2025-03925,PO-003925,SUP-0068,FAC-APAC-01,WH-APAC-RAW-01,2025-04-19,2025-05-13,DELIVERED,47862.09,USD,2025-04-19T00:00:00
PO-2025-03926,PO-003926,SUP-0035,FAC-MX-01,WH-MX-RAW-01,2026-01-04,2026-02-16,DELIVERED,112959.04,USD,2026-01-04T00:00:00
PO-2025-03927,PO-003927,SUP-0009,FAC-APAC-01,WH-APAC-RAW-01,2025-02-13,2025-04-07,CANCELLED,699.4,USD,2025-02-13T00:00:00
PO-2025-03928,PO-003928,SUP-0084,FAC-APAC-01,WH-APAC-RAW-01,2025-10-09,2025-11-04,DELIVERED,1491.0,USD,2025-10-09T00:00:00
PO-2025-03929,PO-003929,SUP-0067,FAC-US-01,WH-US-RAW-01,2025-09-10,2025-10-01,DELIVERED,128715.47,USD,2025-09-10T00:00:00
PO-2025-03930,PO-003930,SUP-0007,FAC-APAC-01,WH-APAC-RAW-01,2026-01-02,2026-01-29,DELIVERED,68673.13,USD,2026-01-02T00:00:00
PO-2025-03931,PO-003931,SUP-0066,FAC-APAC-01,WH-APAC-RAW-01,2026-01-25,2026-02-14,DELIVERED,467.52,USD,2026-01-25T00:00:00
PO-2025-03932,PO-003932,SUP-0099,FAC-EU-01,WH-EU-RAW-01,2025-08-31,2025-09-13,DELIVERED,220220.44,USD,2025-08-31T00:00:00
PO-2025-03933,PO-003933,SUP-0004,FAC-US-01,WH-US-RAW-01,2026-02-10,2026-03-15,DELIVERED,4676.1,USD,2026-02-10T00:00:00
PO-2025-03934,PO-003934,SUP-0089,FAC-APAC-01,WH-APAC-RAW-01,2025-08-27,2025-09-10,DELIVERED,469068.26,USD,2025-08-27T00:00:00
PO-2025-03935,PO-003935,SUP-0096,FAC-EU-01,WH-EU-RAW-01,2025-10-21,2025-11-10,DELIVERED,27213.3,USD,2025-10-21T00:00:00
PO-2025-03936,PO-003936,SUP-0054,FAC-EU-01,WH-EU-RAW-01,2026-01-12,2026-02-06,DELIVERED,7082.46,USD,2026-01-12T00:00:00
PO-2025-03937,PO-003937,SUP-0042,FAC-APAC-01,WH-APAC-RAW-01,2026-01-02,2026-01-31,DELIVERED,47190.0,USD,2026-01-02T00:00:00
PO-2025-03938,PO-003938,SUP-0043,FAC-MX-01,WH-MX-RAW-01,2026-05-24,2026-06-22,PENDING,6322.47,USD,2026-05-24T00:00:00
PO-2025-03939,PO-003939,SUP-0055,FAC-EU-01,WH-EU-RAW-01,2025-07-28,2025-08-18,DELIVERED,21713.88,USD,2025-07-28T00:00:00
PO-2025-03940,PO-003940,SUP-0062,FAC-APAC-01,WH-APAC-RAW-01,2025-12-24,2026-01-25,DELIVERED,93357.39,USD,2025-12-24T00:00:00
PO-2025-03941,PO-003941,SUP-0062,FAC-MX-01,WH-MX-RAW-01,2025-12-10,2026-01-15,DELIVERED,3477.55,USD,2025-12-10T00:00:00
PO-2025-03942,PO-003942,SUP-0070,FAC-APAC-01,WH-APAC-RAW-01,2026-03-28,2026-05-23,IN_TRANSIT,388.37,USD,2026-03-28T00:00:00
PO-2025-03943,PO-003943,SUP-0047,FAC-MX-01,WH-MX-RAW-01,2025-06-23,2025-07-09,DELIVERED,416025.33,USD,2025-06-23T00:00:00
PO-2025-03944,PO-003944,SUP-0078,FAC-US-01,WH-US-RAW-01,2026-01-20,2026-02-10,DELIVERED,411359.78,USD,2026-01-20T00:00:00
PO-2025-03945,PO-003945,SUP-0004,FAC-APAC-01,WH-APAC-RAW-01,2025-11-28,2025-12-27,DELIVERED,10122.74,USD,2025-11-28T00:00:00
PO-2025-03946,PO-003946,SUP-0065,FAC-US-01,WH-US-RAW-01,2025-08-19,2025-09-21,DELIVERED,80278.92,USD,2025-08-19T00:00:00
PO-2025-03947,PO-003947,SUP-0004,FAC-MX-01,WH-MX-RAW-01,2025-10-30,2025-12-01,DELIVERED,126227.84,USD,2025-10-30T00:00:00
PO-2025-03948,PO-003948,SUP-0007,FAC-MX-01,WH-MX-RAW-01,2025-09-11,2025-10-04,DELIVERED,711.88,USD,2025-09-11T00:00:00
PO-2025-03949,PO-003949,SUP-0096,FAC-EU-01,WH-EU-RAW-01,2025-12-01,2025-12-19,DELIVERED,53429.33,USD,2025-12-01T00:00:00
PO-2025-03950,PO-003950,SUP-0018,FAC-APAC-01,WH-APAC-RAW-01,2026-03-14,2026-04-07,DELIVERED,19822.26,USD,2026-03-14T00:00:00
PO-2025-03951,PO-003951,SUP-0120,FAC-APAC-01,WH-APAC-RAW-01,2025-11-28,2025-12-25,DELIVERED,24305.8,USD,2025-11-28T00:00:00
PO-2025-03952,PO-003952,SUP-0021,FAC-APAC-01,WH-APAC-RAW-01,2025-12-16,2026-01-18,DELIVERED,497.52,USD,2025-12-16T00:00:00
PO-2025-03953,PO-003953,SUP-0052,FAC-MX-01,WH-MX-RAW-01,2025-11-13,2025-12-12,CANCELLED,47387.3,USD,2025-11-13T00:00:00
PO-2025-03954,PO-003954,SUP-0082,FAC-MX-01,WH-MX-RAW-01,2025-04-10,2025-06-13,CANCELLED,26642.8,USD,2025-04-10T00:00:00
PO-2025-03955,PO-003955,SUP-0109,FAC-APAC-01,WH-APAC-RAW-01,2025-08-01,2025-08-21,DELIVERED,1161.86,USD,2025-08-01T00:00:00
PO-2025-03956,PO-003956,SUP-0069,FAC-US-01,WH-US-RAW-01,2025-11-05,2025-11-24,DELIVERED,10670.4,USD,2025-11-05T00:00:00
PO-2025-03957,PO-003957,SUP-0013,FAC-MX-01,WH-MX-RAW-01,2025-09-02,2025-09-25,DELIVERED,57072.4,USD,2025-09-02T00:00:00
PO-2025-03958,PO-003958,SUP-0039,FAC-EU-01,WH-EU-RAW-01,2025-07-07,2025-08-02,DELIVERED,22091.76,USD,2025-07-07T00:00:00
PO-2025-03959,PO-003959,SUP-0066,FAC-MX-01,WH-MX-RAW-01,2025-11-08,2025-11-28,DELIVERED,20052.36,USD,2025-11-08T00:00:00
PO-2025-03960,PO-003960,SUP-0062,FAC-EU-01,WH-EU-RAW-01,2025-09-07,2025-10-11,DELIVERED,632803.08,USD,2025-09-07T00:00:00
PO-2025-03961,PO-003961,SUP-0118,FAC-EU-01,WH-EU-RAW-01,2025-08-12,2025-09-08,OVERDUE,740.48,USD,2025-08-12T00:00:00
PO-2025-03962,PO-003962,SUP-0105,FAC-APAC-01,WH-APAC-RAW-01,2025-10-27,2025-11-18,DELIVERED,14005.93,USD,2025-10-27T00:00:00
PO-2025-03963,PO-003963,SUP-0025,FAC-MX-01,WH-MX-RAW-01,2025-06-10,2025-06-23,DELIVERED,3580.64,USD,2025-06-10T00:00:00
PO-2025-03964,PO-003964,SUP-0113,FAC-EU-01,WH-EU-RAW-01,2026-04-04,2026-04-24,IN_TRANSIT,66894.66,USD,2026-04-04T00:00:00
PO-2025-03965,PO-003965,SUP-0046,FAC-US-01,WH-US-RAW-01,2026-03-04,2026-03-31,DELIVERED,13110.45,USD,2026-03-04T00:00:00
PO-2025-03966,PO-003966,SUP-0064,FAC-EU-01,WH-EU-RAW-01,2026-01-06,2026-01-25,DELIVERED,96824.46,USD,2026-01-06T00:00:00
PO-2025-03967,PO-003967,SUP-0035,FAC-US-01,WH-US-RAW-01,2025-05-24,2025-07-06,OVERDUE,199001.04,USD,2025-05-24T00:00:00
PO-2025-03968,PO-003968,SUP-0033,FAC-EU-01,WH-EU-RAW-01,2026-01-28,2026-02-14,DELIVERED,115752.66,USD,2026-01-28T00:00:00
PO-2025-03969,PO-003969,SUP-0047,FAC-MX-01,WH-MX-RAW-01,2026-02-08,2026-02-24,DELIVERED,363146.04,USD,2026-02-08T00:00:00
PO-2025-03970,PO-003970,SUP-0017,FAC-MX-01,WH-MX-RAW-01,2026-01-25,2026-03-22,CANCELLED,4780.6,USD,2026-01-25T00:00:00
PO-2025-03971,PO-003971,SUP-0074,FAC-MX-01,WH-MX-RAW-01,2025-05-29,2025-06-21,DELIVERED,5054.65,USD,2025-05-29T00:00:00
PO-2025-03972,PO-003972,SUP-0117,FAC-APAC-01,WH-APAC-RAW-01,2025-12-19,2026-01-15,DELIVERED,7913.28,USD,2025-12-19T00:00:00
PO-2025-03973,PO-003973,SUP-0003,FAC-US-01,WH-US-RAW-01,2026-02-18,2026-03-14,OVERDUE,23332.66,USD,2026-02-18T00:00:00
PO-2025-03974,PO-003974,SUP-0093,FAC-US-01,WH-US-RAW-01,2025-11-30,2026-01-16,DELIVERED,7152.6,USD,2025-11-30T00:00:00
PO-2025-03975,PO-003975,SUP-0007,FAC-US-01,WH-US-RAW-01,2025-12-20,2026-01-16,OVERDUE,6492.2,USD,2025-12-20T00:00:00
PO-2025-03976,PO-003976,SUP-0079,FAC-APAC-01,WH-APAC-RAW-01,2025-10-25,2025-11-24,DELIVERED,40075.66,USD,2025-10-25T00:00:00
PO-2025-03977,PO-003977,SUP-0104,FAC-EU-01,WH-EU-RAW-01,2025-11-16,2025-12-19,DELIVERED,8436.0,USD,2025-11-16T00:00:00
PO-2025-03978,PO-003978,SUP-0117,FAC-APAC-01,WH-APAC-RAW-01,2025-03-23,2025-04-21,DELIVERED,6713.3,USD,2025-03-23T00:00:00
PO-2025-03979,PO-003979,SUP-0024,FAC-EU-01,WH-EU-RAW-01,2025-12-18,2026-01-01,OVERDUE,13768.02,USD,2025-12-18T00:00:00
PO-2025-03980,PO-003980,SUP-0043,FAC-EU-01,WH-EU-RAW-01,2025-05-06,2025-06-02,DELIVERED,82731.8,USD,2025-05-06T00:00:00
PO-2025-03981,PO-003981,SUP-0033,FAC-US-01,WH-US-RAW-01,2025-10-17,2025-11-02,DELIVERED,428097.23,USD,2025-10-17T00:00:00
PO-2025-03982,PO-003982,SUP-0093,FAC-APAC-01,WH-APAC-RAW-01,2025-08-26,2025-10-07,DELIVERED,12674.33,USD,2025-08-26T00:00:00
PO-2025-03983,PO-003983,SUP-0033,FAC-APAC-01,WH-APAC-RAW-01,2025-11-21,2025-12-04,DELIVERED,34401.1,USD,2025-11-21T00:00:00
PO-2025-03984,PO-003984,SUP-0029,FAC-US-01,WH-US-RAW-01,2025-06-10,2025-07-11,DELIVERED,115872.93,USD,2025-06-10T00:00:00
PO-2025-03985,PO-003985,SUP-0095,FAC-MX-01,WH-MX-RAW-01,2026-01-01,2026-01-15,DELIVERED,1252.8,USD,2026-01-01T00:00:00
PO-2025-03986,PO-003986,SUP-0086,FAC-EU-01,WH-EU-RAW-01,2026-02-04,2026-02-13,DELIVERED,2987.05,USD,2026-02-04T00:00:00
PO-2025-03987,PO-003987,SUP-0048,FAC-APAC-01,WH-APAC-RAW-01,2025-06-27,2025-07-27,DELIVERED,12488.61,USD,2025-06-27T00:00:00
PO-2025-03988,PO-003988,SUP-0012,FAC-EU-01,WH-EU-RAW-01,2025-05-22,2025-06-04,DELIVERED,630569.07,USD,2025-05-22T00:00:00
PO-2025-03989,PO-003989,SUP-0086,FAC-EU-01,WH-EU-RAW-01,2025-06-17,2025-06-25,DELIVERED,28494.76,USD,2025-06-17T00:00:00
PO-2025-03990,PO-003990,SUP-0061,FAC-EU-01,WH-EU-RAW-01,2026-03-08,2026-03-22,OVERDUE,390756.82,USD,2026-03-08T00:00:00
PO-2025-03991,PO-003991,SUP-0076,FAC-APAC-01,WH-APAC-RAW-01,2025-11-16,2025-12-24,OVERDUE,14275.0,USD,2025-11-16T00:00:00
PO-2025-03992,PO-003992,SUP-0037,FAC-MX-01,WH-MX-RAW-01,2025-10-28,2025-11-22,DELIVERED,6296.94,USD,2025-10-28T00:00:00
PO-2025-03993,PO-003993,SUP-0004,FAC-EU-01,WH-EU-RAW-01,2025-05-24,2025-06-22,DELIVERED,166507.73,USD,2025-05-24T00:00:00
PO-2025-03994,PO-003994,SUP-0021,FAC-APAC-01,WH-APAC-RAW-01,2025-12-21,2026-01-17,CANCELLED,1122.0,USD,2025-12-21T00:00:00
PO-2025-03995,PO-003995,SUP-0042,FAC-MX-01,WH-MX-RAW-01,2026-03-04,2026-03-28,DELIVERED,135680.49,USD,2026-03-04T00:00:00
PO-2025-03996,PO-003996,SUP-0058,FAC-APAC-01,WH-APAC-RAW-01,2026-02-16,2026-03-19,DELIVERED,269521.85,USD,2026-02-16T00:00:00
PO-2025-03997,PO-003997,SUP-0032,FAC-MX-01,WH-MX-RAW-01,2025-12-14,2026-01-17,DELIVERED,29572.54,USD,2025-12-14T00:00:00
PO-2025-03998,PO-003998,SUP-0067,FAC-MX-01,WH-MX-RAW-01,2025-05-01,2025-05-22,DELIVERED,27101.31,USD,2025-05-01T00:00:00
PO-2025-03999,PO-003999,SUP-0019,FAC-MX-01,WH-MX-RAW-01,2025-05-28,2025-06-12,OVERDUE,69795.48,USD,2025-05-28T00:00:00
PO-2025-04000,PO-004000,SUP-0027,FAC-MX-01,WH-MX-RAW-01,2025-04-08,2025-05-05,DELIVERED,83060.15,USD,2025-04-08T00:00:00
PO-2025-04001,PO-004001,SUP-0091,FAC-EU-01,WH-EU-RAW-01,2025-08-11,2025-08-24,DELIVERED,191262.73,USD,2025-08-11T00:00:00
PO-2025-04002,PO-004002,SUP-0010,FAC-EU-01,WH-EU-RAW-01,2025-06-11,2025-06-26,DELIVERED,50650.4,USD,2025-06-11T00:00:00
PO-2025-04003,PO-004003,SUP-0068,FAC-US-01,WH-US-RAW-01,2025-08-13,2025-09-02,DELIVERED,50841.33,USD,2025-08-13T00:00:00
PO-2025-04004,PO-004004,SUP-0039,FAC-EU-01,WH-EU-RAW-01,2025-09-30,2025-10-26,DELIVERED,14527.35,USD,2025-09-30T00:00:00
PO-2025-04005,PO-004005,SUP-0093,FAC-US-01,WH-US-RAW-01,2026-04-14,2026-05-26,PENDING,8671.14,USD,2026-04-14T00:00:00
PO-2025-04006,PO-004006,SUP-0099,FAC-MX-01,WH-MX-RAW-01,2025-12-10,2025-12-21,DELIVERED,298776.42,USD,2025-12-10T00:00:00
PO-2025-04007,PO-004007,SUP-0117,FAC-MX-01,WH-MX-RAW-01,2026-02-19,2026-03-22,DELIVERED,771.1,USD,2026-02-19T00:00:00
PO-2025-04008,PO-004008,SUP-0055,FAC-EU-01,WH-EU-RAW-01,2026-01-07,2026-01-27,DELIVERED,5825.28,USD,2026-01-07T00:00:00
PO-2025-04009,PO-004009,SUP-0004,FAC-EU-01,WH-EU-RAW-01,2025-05-28,2025-06-24,CANCELLED,87716.35,USD,2025-05-28T00:00:00
PO-2025-04010,PO-004010,SUP-0048,FAC-US-01,WH-US-RAW-01,2026-01-15,2026-02-15,DELIVERED,15082.65,USD,2026-01-15T00:00:00
PO-2025-04011,PO-004011,SUP-0005,FAC-US-01,WH-US-RAW-01,2025-08-19,2025-09-14,DELIVERED,387297.5,USD,2025-08-19T00:00:00
PO-2025-04012,PO-004012,SUP-0001,FAC-MX-01,WH-MX-RAW-01,2025-12-18,2026-02-12,DELIVERED,21420.45,USD,2025-12-18T00:00:00
PO-2025-04013,PO-004013,SUP-0065,FAC-US-01,WH-US-RAW-01,2025-09-14,2025-10-20,DELIVERED,951.5,USD,2025-09-14T00:00:00
PO-2025-04014,PO-004014,SUP-0078,FAC-MX-01,WH-MX-RAW-01,2026-06-14,2026-07-05,PENDING,73733.42,USD,2026-06-14T00:00:00
PO-2025-04015,PO-004015,SUP-0095,FAC-MX-01,WH-MX-RAW-01,2025-08-14,2025-09-01,DELIVERED,20506.17,USD,2025-08-14T00:00:00
PO-2025-04016,PO-004016,SUP-0045,FAC-EU-01,WH-EU-RAW-01,2025-08-21,2025-09-02,DELIVERED,2199.36,USD,2025-08-21T00:00:00
PO-2025-04017,PO-004017,SUP-0119,FAC-US-01,WH-US-RAW-01,2026-04-06,2026-05-06,IN_TRANSIT,16559.66,USD,2026-04-06T00:00:00
PO-2025-04018,PO-004018,SUP-0095,FAC-MX-01,WH-MX-RAW-01,2025-03-10,2025-03-27,DELIVERED,41184.6,USD,2025-03-10T00:00:00
PO-2025-04019,PO-004019,SUP-0076,FAC-MX-01,WH-MX-RAW-01,2026-01-03,2026-02-05,OVERDUE,180821.44,USD,2026-01-03T00:00:00
PO-2025-04020,PO-004020,SUP-0003,FAC-MX-01,WH-MX-RAW-01,2026-01-12,2026-01-31,DELIVERED,63058.1,USD,2026-01-12T00:00:00
PO-2025-04021,PO-004021,SUP-0019,FAC-EU-01,WH-EU-RAW-01,2026-02-19,2026-03-13,DELIVERED,194833.92,USD,2026-02-19T00:00:00
PO-2025-04022,PO-004022,SUP-0052,FAC-EU-01,WH-EU-RAW-01,2026-05-09,2026-06-05,PENDING,17987.93,USD,2026-05-09T00:00:00
PO-2025-04023,PO-004023,SUP-0110,FAC-EU-01,WH-EU-RAW-01,2026-05-10,2026-05-26,PENDING,65917.48,USD,2026-05-10T00:00:00
PO-2025-04024,PO-004024,SUP-0006,FAC-US-01,WH-US-RAW-01,2025-04-23,2025-05-05,DELIVERED,54850.25,USD,2025-04-23T00:00:00
PO-2025-04025,PO-004025,SUP-0063,FAC-MX-01,WH-MX-RAW-01,2026-02-13,2026-03-20,DELIVERED,2495.08,USD,2026-02-13T00:00:00
PO-2025-04026,PO-004026,SUP-0112,FAC-EU-01,WH-EU-RAW-01,2025-12-20,2026-01-06,DELIVERED,48968.7,USD,2025-12-20T00:00:00
PO-2025-04027,PO-004027,SUP-0063,FAC-US-01,WH-US-RAW-01,2025-12-20,2026-01-23,DELIVERED,1526.84,USD,2025-12-20T00:00:00
PO-2025-04028,PO-004028,SUP-0111,FAC-EU-01,WH-EU-RAW-01,2025-06-07,2025-07-13,CANCELLED,135479.99,USD,2025-06-07T00:00:00
PO-2025-04029,PO-004029,SUP-0051,FAC-APAC-01,WH-APAC-RAW-01,2025-12-21,2026-01-11,DELIVERED,15795.66,USD,2025-12-21T00:00:00
PO-2025-04030,PO-004030,SUP-0088,FAC-US-01,WH-US-RAW-01,2026-05-18,2026-06-10,PENDING,1964.25,USD,2026-05-18T00:00:00
PO-2025-04031,PO-004031,SUP-0102,FAC-MX-01,WH-MX-RAW-01,2026-03-26,2026-04-22,IN_TRANSIT,3428.34,USD,2026-03-26T00:00:00
PO-2025-04032,PO-004032,SUP-0018,FAC-EU-01,WH-EU-RAW-01,2025-10-19,2025-11-15,DELIVERED,1931.2,USD,2025-10-19T00:00:00
PO-2025-04033,PO-004033,SUP-0003,FAC-US-01,WH-US-RAW-01,2025-03-29,2025-04-23,CANCELLED,92048.43,USD,2025-03-29T00:00:00
PO-2025-04034,PO-004034,SUP-0117,FAC-MX-01,WH-MX-RAW-01,2025-09-22,2025-10-20,DELIVERED,7275.6,USD,2025-09-22T00:00:00
PO-2025-04035,PO-004035,SUP-0090,FAC-US-01,WH-US-RAW-01,2026-02-15,2026-03-14,DELIVERED,1233.96,USD,2026-02-15T00:00:00
PO-2025-04036,PO-004036,SUP-0060,FAC-APAC-01,WH-APAC-RAW-01,2026-01-04,2026-01-30,DELIVERED,829608.25,USD,2026-01-04T00:00:00
PO-2025-04037,PO-004037,SUP-0056,FAC-APAC-01,WH-APAC-RAW-01,2025-10-25,2025-11-11,DELIVERED,11378.1,USD,2025-10-25T00:00:00
PO-2025-04038,PO-004038,SUP-0062,FAC-MX-01,WH-MX-RAW-01,2025-04-14,2025-05-22,DELIVERED,2289.8,USD,2025-04-14T00:00:00
PO-2025-04039,PO-004039,SUP-0088,FAC-US-01,WH-US-RAW-01,2025-10-15,2025-11-09,DELIVERED,535.8,USD,2025-10-15T00:00:00
PO-2025-04040,PO-004040,SUP-0114,FAC-EU-01,WH-EU-RAW-01,2025-10-28,2025-11-19,DELIVERED,9616.08,USD,2025-10-28T00:00:00
PO-2025-04041,PO-004041,SUP-0057,FAC-APAC-01,WH-APAC-RAW-01,2026-04-04,2026-04-19,IN_TRANSIT,52490.14,USD,2026-04-04T00:00:00
PO-2025-04042,PO-004042,SUP-0104,FAC-MX-01,WH-MX-RAW-01,2025-12-18,2026-01-19,DELIVERED,17147.9,USD,2025-12-18T00:00:00
PO-2025-04043,PO-004043,SUP-0095,FAC-EU-01,WH-EU-RAW-01,2025-09-03,2025-09-19,DELIVERED,66849.44,USD,2025-09-03T00:00:00
PO-2025-04044,PO-004044,SUP-0055,FAC-APAC-01,WH-APAC-RAW-01,2025-11-15,2025-12-03,DELIVERED,32958.69,USD,2025-11-15T00:00:00
PO-2025-04045,PO-004045,SUP-0111,FAC-US-01,WH-US-RAW-01,2025-04-23,2025-05-29,DELIVERED,26412.28,USD,2025-04-23T00:00:00
PO-2025-04046,PO-004046,SUP-0019,FAC-MX-01,WH-MX-RAW-01,2026-05-07,2026-05-22,PENDING,24111.64,USD,2026-05-07T00:00:00
PO-2025-04047,PO-004047,SUP-0053,FAC-US-01,WH-US-RAW-01,2025-09-21,2025-10-28,CANCELLED,31227.84,USD,2025-09-21T00:00:00
PO-2025-04048,PO-004048,SUP-0012,FAC-EU-01,WH-EU-RAW-01,2025-10-31,2025-11-18,DELIVERED,1900.21,USD,2025-10-31T00:00:00
PO-2025-04049,PO-004049,SUP-0011,FAC-MX-01,WH-MX-RAW-01,2025-09-19,2025-10-16,DELIVERED,245641.2,USD,2025-09-19T00:00:00
PO-2025-04050,PO-004050,SUP-0089,FAC-US-01,WH-US-RAW-01,2025-12-30,2026-01-19,DELIVERED,1388.1,USD,2025-12-30T00:00:00
PO-2025-04051,PO-004051,SUP-0006,FAC-APAC-01,WH-APAC-RAW-01,2025-12-24,2026-01-06,DELIVERED,6176.05,USD,2025-12-24T00:00:00
PO-2025-04052,PO-004052,SUP-0024,FAC-EU-01,WH-EU-RAW-01,2026-01-08,2026-01-23,DELIVERED,10792.23,USD,2026-01-08T00:00:00
PO-2025-04053,PO-004053,SUP-0004,FAC-US-01,WH-US-RAW-01,2025-08-16,2025-09-13,DELIVERED,1806.99,USD,2025-08-16T00:00:00
PO-2025-04054,PO-004054,SUP-0114,FAC-US-01,WH-US-RAW-01,2025-09-04,2025-09-23,DELIVERED,5482.05,USD,2025-09-04T00:00:00
PO-2025-04055,PO-004055,SUP-0115,FAC-MX-01,WH-MX-RAW-01,2025-06-05,2025-07-07,OVERDUE,4817.4,USD,2025-06-05T00:00:00
PO-2025-04056,PO-004056,SUP-0034,FAC-APAC-01,WH-APAC-RAW-01,2025-12-22,2026-01-17,DELIVERED,7571.69,USD,2025-12-22T00:00:00
PO-2025-04057,PO-004057,SUP-0051,FAC-EU-01,WH-EU-RAW-01,2025-03-29,2025-04-23,DELIVERED,10863.9,USD,2025-03-29T00:00:00
PO-2025-04058,PO-004058,SUP-0116,FAC-MX-01,WH-MX-RAW-01,2025-12-06,2025-12-17,DELIVERED,86602.63,USD,2025-12-06T00:00:00
PO-2025-04059,PO-004059,SUP-0001,FAC-US-01,WH-US-RAW-01,2026-03-05,2026-05-06,IN_TRANSIT,6615.4,USD,2026-03-05T00:00:00
PO-2025-04060,PO-004060,SUP-0064,FAC-EU-01,WH-EU-RAW-01,2026-03-15,2026-04-08,DELIVERED,16229.76,USD,2026-03-15T00:00:00
PO-2025-04061,PO-004061,SUP-0090,FAC-APAC-01,WH-APAC-RAW-01,2025-10-22,2025-11-19,DELIVERED,19190.5,USD,2025-10-22T00:00:00
PO-2025-04062,PO-004062,SUP-0040,FAC-APAC-01,WH-APAC-RAW-01,2025-10-25,2025-11-20,DELIVERED,313785.87,USD,2025-10-25T00:00:00
PO-2025-04063,PO-004063,SUP-0077,FAC-US-01,WH-US-RAW-01,2025-05-02,2025-05-24,DELIVERED,3556.05,USD,2025-05-02T00:00:00
PO-2025-04064,PO-004064,SUP-0065,FAC-EU-01,WH-EU-RAW-01,2025-12-26,2026-01-30,DELIVERED,761.2,USD,2025-12-26T00:00:00
PO-2025-04065,PO-004065,SUP-0034,FAC-APAC-01,WH-APAC-RAW-01,2026-02-13,2026-03-15,DELIVERED,83297.16,USD,2026-02-13T00:00:00
PO-2025-04066,PO-004066,SUP-0042,FAC-APAC-01,WH-APAC-RAW-01,2025-08-06,2025-08-31,DELIVERED,17857.15,USD,2025-08-06T00:00:00
PO-2025-04067,PO-004067,SUP-0040,FAC-APAC-01,WH-APAC-RAW-01,2025-10-13,2025-11-09,DELIVERED,384.3,USD,2025-10-13T00:00:00
PO-2025-04068,PO-004068,SUP-0012,FAC-US-01,WH-US-RAW-01,2026-02-20,2026-03-04,DELIVERED,31201.0,USD,2026-02-20T00:00:00
PO-2025-04069,PO-004069,SUP-0008,FAC-US-01,WH-US-RAW-01,2026-03-08,2026-04-09,DELIVERED,3744.0,USD,2026-03-08T00:00:00
PO-2025-04070,PO-004070,SUP-0047,FAC-APAC-01,WH-APAC-RAW-01,2025-08-05,2025-08-20,DELIVERED,123298.55,USD,2025-08-05T00:00:00
PO-2025-04071,PO-004071,SUP-0019,FAC-MX-01,WH-MX-RAW-01,2025-11-23,2025-12-09,OVERDUE,18462.98,USD,2025-11-23T00:00:00
PO-2025-04072,PO-004072,SUP-0088,FAC-EU-01,WH-EU-RAW-01,2025-07-12,2025-07-31,DELIVERED,20461.9,USD,2025-07-12T00:00:00
PO-2025-04073,PO-004073,SUP-0095,FAC-MX-01,WH-MX-RAW-01,2025-05-21,2025-06-05,DELIVERED,60224.8,USD,2025-05-21T00:00:00
PO-2025-04074,PO-004074,SUP-0083,FAC-EU-01,WH-EU-RAW-01,2026-03-25,2026-04-23,IN_TRANSIT,24465.07,USD,2026-03-25T00:00:00
PO-2025-04075,PO-004075,SUP-0062,FAC-MX-01,WH-MX-RAW-01,2026-02-13,2026-03-21,DELIVERED,4237.52,USD,2026-02-13T00:00:00
PO-2025-04076,PO-004076,SUP-0004,FAC-EU-01,WH-EU-RAW-01,2026-01-23,2026-02-25,DELIVERED,68199.66,USD,2026-01-23T00:00:00
PO-2025-04077,PO-004077,SUP-0036,FAC-MX-01,WH-MX-RAW-01,2025-04-08,2025-04-18,DELIVERED,30751.88,USD,2025-04-08T00:00:00
PO-2025-04078,PO-004078,SUP-0107,FAC-US-01,WH-US-RAW-01,2026-02-22,2026-03-06,DELIVERED,16089.28,USD,2026-02-22T00:00:00
PO-2025-04079,PO-004079,SUP-0111,FAC-US-01,WH-US-RAW-01,2025-10-18,2025-11-17,DELIVERED,36712.56,USD,2025-10-18T00:00:00
PO-2025-04080,PO-004080,SUP-0034,FAC-MX-01,WH-MX-RAW-01,2025-09-15,2025-10-12,DELIVERED,29905.02,USD,2025-09-15T00:00:00
PO-2025-04081,PO-004081,SUP-0066,FAC-EU-01,WH-EU-RAW-01,2025-11-21,2025-12-11,DELIVERED,70100.12,USD,2025-11-21T00:00:00
PO-2025-04082,PO-004082,SUP-0030,FAC-US-01,WH-US-RAW-01,2025-05-13,2025-06-19,DELIVERED,16415.36,USD,2025-05-13T00:00:00
PO-2025-04083,PO-004083,SUP-0116,FAC-MX-01,WH-MX-RAW-01,2026-01-21,2026-02-02,DELIVERED,52800.88,USD,2026-01-21T00:00:00
PO-2025-04084,PO-004084,SUP-0118,FAC-US-01,WH-US-RAW-01,2025-12-02,2026-01-05,DELIVERED,20456.96,USD,2025-12-02T00:00:00
PO-2025-04085,PO-004085,SUP-0033,FAC-APAC-01,WH-APAC-RAW-01,2025-07-09,2025-07-24,DELIVERED,8416.96,USD,2025-07-09T00:00:00
PO-2025-04086,PO-004086,SUP-0040,FAC-APAC-01,WH-APAC-RAW-01,2025-07-10,2025-08-02,DELIVERED,1938.44,USD,2025-07-10T00:00:00
PO-2025-04087,PO-004087,SUP-0046,FAC-MX-01,WH-MX-RAW-01,2025-07-08,2025-08-07,DELIVERED,540.69,USD,2025-07-08T00:00:00
PO-2025-04088,PO-004088,SUP-0048,FAC-EU-01,WH-EU-RAW-01,2025-04-15,2025-05-16,DELIVERED,94016.56,USD,2025-04-15T00:00:00
PO-2025-04089,PO-004089,SUP-0074,FAC-APAC-01,WH-APAC-RAW-01,2025-12-03,2025-12-29,DELIVERED,39070.04,USD,2025-12-03T00:00:00
PO-2025-04090,PO-004090,SUP-0029,FAC-US-01,WH-US-RAW-01,2026-02-21,2026-03-27,DELIVERED,220202.81,USD,2026-02-21T00:00:00
PO-2025-04091,PO-004091,SUP-0107,FAC-APAC-01,WH-APAC-RAW-01,2025-02-28,2025-03-12,CANCELLED,166169.21,USD,2025-02-28T00:00:00
PO-2025-04092,PO-004092,SUP-0025,FAC-US-01,WH-US-RAW-01,2025-04-08,2025-04-16,DELIVERED,43113.43,USD,2025-04-08T00:00:00
PO-2025-04093,PO-004093,SUP-0057,FAC-US-01,WH-US-RAW-01,2025-11-29,2025-12-15,DELIVERED,41608.26,USD,2025-11-29T00:00:00
PO-2025-04094,PO-004094,SUP-0092,FAC-APAC-01,WH-APAC-RAW-01,2026-02-13,2026-03-09,DELIVERED,7228.88,USD,2026-02-13T00:00:00
PO-2025-04095,PO-004095,SUP-0056,FAC-EU-01,WH-EU-RAW-01,2025-09-09,2025-09-30,DELIVERED,460641.57,USD,2025-09-09T00:00:00
PO-2025-04096,PO-004096,SUP-0082,FAC-EU-01,WH-EU-RAW-01,2025-09-17,2025-11-18,DELIVERED,213001.52,USD,2025-09-17T00:00:00
PO-2025-04097,PO-004097,SUP-0033,FAC-US-01,WH-US-RAW-01,2025-12-06,2025-12-26,DELIVERED,49389.75,USD,2025-12-06T00:00:00
PO-2025-04098,PO-004098,SUP-0102,FAC-MX-01,WH-MX-RAW-01,2025-08-19,2025-09-15,DELIVERED,19394.73,USD,2025-08-19T00:00:00
PO-2025-04099,PO-004099,SUP-0088,FAC-MX-01,WH-MX-RAW-01,2025-03-13,2025-04-01,DELIVERED,763.8,USD,2025-03-13T00:00:00
PO-2025-04100,PO-004100,SUP-0045,FAC-US-01,WH-US-RAW-01,2026-01-15,2026-01-28,DELIVERED,5839.2,USD,2026-01-15T00:00:00
PO-2025-04101,PO-004101,SUP-0108,FAC-APAC-01,WH-APAC-RAW-01,2025-12-14,2026-01-03,DELIVERED,15062.28,USD,2025-12-14T00:00:00
PO-2025-04102,PO-004102,SUP-0081,FAC-EU-01,WH-EU-RAW-01,2025-12-01,2026-01-07,DELIVERED,13737.75,USD,2025-12-01T00:00:00
PO-2025-04103,PO-004103,SUP-0055,FAC-APAC-01,WH-APAC-RAW-01,2026-01-17,2026-02-07,DELIVERED,83202.25,USD,2026-01-17T00:00:00
PO-2025-04104,PO-004104,SUP-0034,FAC-MX-01,WH-MX-RAW-01,2025-12-28,2026-01-29,DELIVERED,117748.8,USD,2025-12-28T00:00:00
PO-2025-04105,PO-004105,SUP-0077,FAC-EU-01,WH-EU-RAW-01,2025-07-19,2025-08-13,DELIVERED,24289.5,USD,2025-07-19T00:00:00
PO-2025-04106,PO-004106,SUP-0072,FAC-US-01,WH-US-RAW-01,2025-09-18,2025-11-13,DELIVERED,7770.0,USD,2025-09-18T00:00:00
PO-2025-04107,PO-004107,SUP-0107,FAC-EU-01,WH-EU-RAW-01,2025-06-06,2025-06-18,DELIVERED,35610.7,USD,2025-06-06T00:00:00
PO-2025-04108,PO-004108,SUP-0096,FAC-MX-01,WH-MX-RAW-01,2025-06-08,2025-06-26,DELIVERED,61217.1,USD,2025-06-08T00:00:00
PO-2025-04109,PO-004109,SUP-0051,FAC-EU-01,WH-EU-RAW-01,2025-12-28,2026-01-25,DELIVERED,618108.52,USD,2025-12-28T00:00:00
PO-2025-04110,PO-004110,SUP-0041,FAC-APAC-01,WH-APAC-RAW-01,2026-02-28,2026-03-17,DELIVERED,17105.33,USD,2026-02-28T00:00:00
PO-2025-04111,PO-004111,SUP-0077,FAC-MX-01,WH-MX-RAW-01,2026-04-28,2026-05-20,PENDING,95236.19,USD,2026-04-28T00:00:00
PO-2025-04112,PO-004112,SUP-0026,FAC-US-01,WH-US-RAW-01,2025-12-15,2026-01-12,DELIVERED,1425.96,USD,2025-12-15T00:00:00
PO-2025-04113,PO-004113,SUP-0046,FAC-APAC-01,WH-APAC-RAW-01,2025-07-08,2025-08-06,DELIVERED,3162.0,USD,2025-07-08T00:00:00
PO-2025-04114,PO-004114,SUP-0067,FAC-APAC-01,WH-APAC-RAW-01,2025-05-23,2025-06-13,DELIVERED,76871.27,USD,2025-05-23T00:00:00
PO-2025-04115,PO-004115,SUP-0098,FAC-APAC-01,WH-APAC-RAW-01,2026-02-10,2026-03-03,DELIVERED,11748.88,USD,2026-02-10T00:00:00
PO-2025-04116,PO-004116,SUP-0093,FAC-APAC-01,WH-APAC-RAW-01,2025-12-01,2026-01-12,DELIVERED,15045.24,USD,2025-12-01T00:00:00
PO-2025-04117,PO-004117,SUP-0012,FAC-EU-01,WH-EU-RAW-01,2025-12-12,2025-12-31,DELIVERED,21593.18,USD,2025-12-12T00:00:00
PO-2025-04118,PO-004118,SUP-0086,FAC-APAC-01,WH-APAC-RAW-01,2026-01-30,2026-02-09,DELIVERED,193895.84,USD,2026-01-30T00:00:00
PO-2025-04119,PO-004119,SUP-0031,FAC-EU-01,WH-EU-RAW-01,2026-01-05,2026-03-07,DELIVERED,45224.24,USD,2026-01-05T00:00:00
PO-2025-04120,PO-004120,SUP-0073,FAC-US-01,WH-US-RAW-01,2026-02-18,2026-03-17,DELIVERED,80949.56,USD,2026-02-18T00:00:00
PO-2025-04121,PO-004121,SUP-0091,FAC-APAC-01,WH-APAC-RAW-01,2025-04-15,2025-05-01,DELIVERED,129864.21,USD,2025-04-15T00:00:00
PO-2025-04122,PO-004122,SUP-0014,FAC-MX-01,WH-MX-RAW-01,2026-01-18,2026-03-19,CANCELLED,45520.2,USD,2026-01-18T00:00:00
PO-2025-04123,PO-004123,SUP-0095,FAC-MX-01,WH-MX-RAW-01,2026-02-25,2026-03-12,CANCELLED,58813.8,USD,2026-02-25T00:00:00
PO-2025-04124,PO-004124,SUP-0024,FAC-MX-01,WH-MX-RAW-01,2025-08-24,2025-09-09,DELIVERED,2337.28,USD,2025-08-24T00:00:00
PO-2025-04125,PO-004125,SUP-0028,FAC-MX-01,WH-MX-RAW-01,2025-12-18,2026-01-17,DELIVERED,166387.95,USD,2025-12-18T00:00:00
PO-2025-04126,PO-004126,SUP-0074,FAC-US-01,WH-US-RAW-01,2025-09-04,2025-10-01,DELIVERED,67779.66,USD,2025-09-04T00:00:00
PO-2025-04127,PO-004127,SUP-0019,FAC-US-01,WH-US-RAW-01,2026-04-24,2026-05-11,PENDING,30764.08,USD,2026-04-24T00:00:00
PO-2025-04128,PO-004128,SUP-0086,FAC-APAC-01,WH-APAC-RAW-01,2025-03-22,2025-04-04,DELIVERED,2170.74,USD,2025-03-22T00:00:00
PO-2025-04129,PO-004129,SUP-0119,FAC-MX-01,WH-MX-RAW-01,2025-12-01,2026-01-04,DELIVERED,125629.44,USD,2025-12-01T00:00:00
PO-2025-04130,PO-004130,SUP-0052,FAC-EU-01,WH-EU-RAW-01,2025-06-29,2025-07-30,OVERDUE,2639.56,USD,2025-06-29T00:00:00
PO-2025-04131,PO-004131,SUP-0004,FAC-APAC-01,WH-APAC-RAW-01,2026-01-08,2026-02-07,DELIVERED,73959.72,USD,2026-01-08T00:00:00
PO-2025-04132,PO-004132,SUP-0100,FAC-EU-01,WH-EU-RAW-01,2025-07-04,2025-07-14,DELIVERED,15584.72,USD,2025-07-04T00:00:00
PO-2025-04133,PO-004133,SUP-0036,FAC-MX-01,WH-MX-RAW-01,2025-08-02,2025-08-11,OVERDUE,37785.27,USD,2025-08-02T00:00:00
PO-2025-04134,PO-004134,SUP-0089,FAC-APAC-01,WH-APAC-RAW-01,2025-11-05,2025-11-20,OVERDUE,46076.25,USD,2025-11-05T00:00:00
PO-2025-04135,PO-004135,SUP-0006,FAC-EU-01,WH-EU-RAW-01,2026-03-27,2026-04-08,DELIVERED,19369.35,USD,2026-03-27T00:00:00
PO-2025-04136,PO-004136,SUP-0041,FAC-APAC-01,WH-APAC-RAW-01,2025-07-22,2025-08-08,DELIVERED,2199.35,USD,2025-07-22T00:00:00
PO-2025-04137,PO-004137,SUP-0060,FAC-MX-01,WH-MX-RAW-01,2025-06-16,2025-07-14,DELIVERED,38539.8,USD,2025-06-16T00:00:00
PO-2025-04138,PO-004138,SUP-0011,FAC-US-01,WH-US-RAW-01,2026-01-22,2026-02-13,DELIVERED,25477.82,USD,2026-01-22T00:00:00
PO-2025-04139,PO-004139,SUP-0068,FAC-MX-01,WH-MX-RAW-01,2025-11-07,2025-11-25,DELIVERED,36723.7,USD,2025-11-07T00:00:00
PO-2025-04140,PO-004140,SUP-0077,FAC-APAC-01,WH-APAC-RAW-01,2026-03-26,2026-04-18,IN_TRANSIT,52822.91,USD,2026-03-26T00:00:00
PO-2025-04141,PO-004141,SUP-0113,FAC-APAC-01,WH-APAC-RAW-01,2025-06-18,2025-07-04,DELIVERED,15902.83,USD,2025-06-18T00:00:00
PO-2025-04142,PO-004142,SUP-0012,FAC-US-01,WH-US-RAW-01,2025-12-20,2026-01-03,DELIVERED,1181826.43,USD,2025-12-20T00:00:00
PO-2025-04143,PO-004143,SUP-0077,FAC-EU-01,WH-EU-RAW-01,2025-08-01,2025-08-21,DELIVERED,36923.58,USD,2025-08-01T00:00:00
PO-2025-04144,PO-004144,SUP-0004,FAC-EU-01,WH-EU-RAW-01,2025-06-23,2025-07-26,DELIVERED,9344.58,USD,2025-06-23T00:00:00
PO-2025-04145,PO-004145,SUP-0063,FAC-APAC-01,WH-APAC-RAW-01,2025-12-30,2026-02-05,DELIVERED,372689.19,USD,2025-12-30T00:00:00
PO-2025-04146,PO-004146,SUP-0067,FAC-EU-01,WH-EU-RAW-01,2025-12-05,2025-12-27,DELIVERED,1372226.4,USD,2025-12-05T00:00:00
PO-2025-04147,PO-004147,SUP-0019,FAC-APAC-01,WH-APAC-RAW-01,2026-01-21,2026-02-08,DELIVERED,7489.78,USD,2026-01-21T00:00:00
PO-2025-04148,PO-004148,SUP-0062,FAC-US-01,WH-US-RAW-01,2025-09-02,2025-10-08,DELIVERED,15754.17,USD,2025-09-02T00:00:00
PO-2025-04149,PO-004149,SUP-0063,FAC-US-01,WH-US-RAW-01,2025-10-22,2025-11-29,DELIVERED,39038.05,USD,2025-10-22T00:00:00
PO-2025-04150,PO-004150,SUP-0080,FAC-US-01,WH-US-RAW-01,2025-10-07,2025-11-07,DELIVERED,71162.03,USD,2025-10-07T00:00:00
PO-2025-04151,PO-004151,SUP-0026,FAC-MX-01,WH-MX-RAW-01,2026-05-20,2026-06-22,PENDING,26132.6,USD,2026-05-20T00:00:00
PO-2025-04152,PO-004152,SUP-0062,FAC-MX-01,WH-MX-RAW-01,2025-08-26,2025-10-03,OVERDUE,76900.32,USD,2025-08-26T00:00:00
PO-2025-04153,PO-004153,SUP-0108,FAC-EU-01,WH-EU-RAW-01,2025-08-27,2025-09-14,DELIVERED,29464.6,USD,2025-08-27T00:00:00
PO-2025-04154,PO-004154,SUP-0012,FAC-US-01,WH-US-RAW-01,2025-09-19,2025-10-01,DELIVERED,30521.79,USD,2025-09-19T00:00:00
PO-2025-04155,PO-004155,SUP-0004,FAC-APAC-01,WH-APAC-RAW-01,2025-11-27,2025-12-24,DELIVERED,21970.26,USD,2025-11-27T00:00:00
PO-2025-04156,PO-004156,SUP-0061,FAC-US-01,WH-US-RAW-01,2025-08-09,2025-08-23,DELIVERED,1361.04,USD,2025-08-09T00:00:00
PO-2025-04157,PO-004157,SUP-0097,FAC-EU-01,WH-EU-RAW-01,2026-03-28,2026-05-04,IN_TRANSIT,18659.34,USD,2026-03-28T00:00:00
PO-2025-04158,PO-004158,SUP-0059,FAC-APAC-01,WH-APAC-RAW-01,2025-08-15,2025-10-17,DELIVERED,3039.96,USD,2025-08-15T00:00:00
PO-2025-04159,PO-004159,SUP-0060,FAC-EU-01,WH-EU-RAW-01,2026-03-17,2026-04-15,DELIVERED,8463.76,USD,2026-03-17T00:00:00
PO-2025-04160,PO-004160,SUP-0094,FAC-US-01,WH-US-RAW-01,2025-05-22,2025-05-31,DELIVERED,34935.52,USD,2025-05-22T00:00:00
PO-2025-04161,PO-004161,SUP-0077,FAC-EU-01,WH-EU-RAW-01,2025-12-23,2026-01-16,DELIVERED,32930.0,USD,2025-12-23T00:00:00
PO-2025-04162,PO-004162,SUP-0030,FAC-US-01,WH-US-RAW-01,2026-03-23,2026-04-26,IN_TRANSIT,113268.96,USD,2026-03-23T00:00:00
PO-2025-04163,PO-004163,SUP-0067,FAC-MX-01,WH-MX-RAW-01,2025-06-30,2025-07-18,DELIVERED,852.06,USD,2025-06-30T00:00:00
PO-2025-04164,PO-004164,SUP-0107,FAC-APAC-01,WH-APAC-RAW-01,2026-05-03,2026-05-21,PENDING,71764.81,USD,2026-05-03T00:00:00
PO-2025-04165,PO-004165,SUP-0084,FAC-MX-01,WH-MX-RAW-01,2025-10-23,2025-11-21,DELIVERED,5002.16,USD,2025-10-23T00:00:00
PO-2025-04166,PO-004166,SUP-0044,FAC-US-01,WH-US-RAW-01,2026-04-15,2026-06-09,PENDING,2462.28,USD,2026-04-15T00:00:00
PO-2025-04167,PO-004167,SUP-0058,FAC-MX-01,WH-MX-RAW-01,2025-12-28,2026-01-24,OVERDUE,3739.26,USD,2025-12-28T00:00:00
PO-2025-04168,PO-004168,SUP-0083,FAC-EU-01,WH-EU-RAW-01,2025-08-30,2025-09-27,DELIVERED,18951.63,USD,2025-08-30T00:00:00
PO-2025-04169,PO-004169,SUP-0061,FAC-MX-01,WH-MX-RAW-01,2025-07-10,2025-07-23,DELIVERED,83827.45,USD,2025-07-10T00:00:00
PO-2025-04170,PO-004170,SUP-0004,FAC-MX-01,WH-MX-RAW-01,2025-08-31,2025-10-03,OVERDUE,66672.45,USD,2025-08-31T00:00:00
PO-2025-04171,PO-004171,SUP-0081,FAC-APAC-01,WH-APAC-RAW-01,2025-05-15,2025-06-19,CANCELLED,3686.8,USD,2025-05-15T00:00:00
PO-2025-04172,PO-004172,SUP-0028,FAC-EU-01,WH-EU-RAW-01,2025-06-16,2025-07-11,DELIVERED,15740.4,USD,2025-06-16T00:00:00
PO-2025-04173,PO-004173,SUP-0058,FAC-EU-01,WH-EU-RAW-01,2025-05-23,2025-06-17,DELIVERED,78262.15,USD,2025-05-23T00:00:00
PO-2025-04174,PO-004174,SUP-0083,FAC-US-01,WH-US-RAW-01,2025-10-13,2025-11-13,OVERDUE,60626.46,USD,2025-10-13T00:00:00
PO-2025-04175,PO-004175,SUP-0098,FAC-APAC-01,WH-APAC-RAW-01,2026-02-04,2026-02-27,DELIVERED,336643.45,USD,2026-02-04T00:00:00
PO-2025-04176,PO-004176,SUP-0066,FAC-APAC-01,WH-APAC-RAW-01,2025-06-15,2025-07-03,DELIVERED,18233.73,USD,2025-06-15T00:00:00
PO-2025-04177,PO-004177,SUP-0019,FAC-EU-01,WH-EU-RAW-01,2025-06-08,2025-06-28,DELIVERED,105549.39,USD,2025-06-08T00:00:00
PO-2025-04178,PO-004178,SUP-0083,FAC-APAC-01,WH-APAC-RAW-01,2025-12-19,2026-01-16,DELIVERED,15426.98,USD,2025-12-19T00:00:00
PO-2025-04179,PO-004179,SUP-0110,FAC-APAC-01,WH-APAC-RAW-01,2025-07-15,2025-08-03,DELIVERED,126954.05,USD,2025-07-15T00:00:00
PO-2025-04180,PO-004180,SUP-0066,FAC-APAC-01,WH-APAC-RAW-01,2025-05-18,2025-06-12,DELIVERED,1914.57,USD,2025-05-18T00:00:00
PO-2025-04181,PO-004181,SUP-0031,FAC-US-01,WH-US-RAW-01,2025-06-29,2025-08-27,DELIVERED,58313.41,USD,2025-06-29T00:00:00
PO-2025-04182,PO-004182,SUP-0118,FAC-APAC-01,WH-APAC-RAW-01,2026-04-01,2026-05-04,IN_TRANSIT,6744.0,USD,2026-04-01T00:00:00
PO-2025-04183,PO-004183,SUP-0075,FAC-APAC-01,WH-APAC-RAW-01,2026-02-13,2026-03-12,DELIVERED,152759.59,USD,2026-02-13T00:00:00
PO-2025-04184,PO-004184,SUP-0078,FAC-EU-01,WH-EU-RAW-01,2025-09-19,2025-10-11,DELIVERED,13866.58,USD,2025-09-19T00:00:00
PO-2025-04185,PO-004185,SUP-0003,FAC-US-01,WH-US-RAW-01,2025-12-22,2026-01-09,OVERDUE,54335.0,USD,2025-12-22T00:00:00
PO-2025-04186,PO-004186,SUP-0097,FAC-MX-01,WH-MX-RAW-01,2025-11-19,2025-12-26,DELIVERED,310678.83,USD,2025-11-19T00:00:00
PO-2025-04187,PO-004187,SUP-0021,FAC-MX-01,WH-MX-RAW-01,2025-12-28,2026-01-27,DELIVERED,109902.44,USD,2025-12-28T00:00:00
PO-2025-04188,PO-004188,SUP-0016,FAC-EU-01,WH-EU-RAW-01,2025-12-30,2026-01-24,DELIVERED,2082.52,USD,2025-12-30T00:00:00
PO-2025-04189,PO-004189,SUP-0060,FAC-US-01,WH-US-RAW-01,2025-12-15,2026-01-15,DELIVERED,35659.63,USD,2025-12-15T00:00:00
PO-2025-04190,PO-004190,SUP-0019,FAC-APAC-01,WH-APAC-RAW-01,2025-08-15,2025-08-30,DELIVERED,518885.33,USD,2025-08-15T00:00:00
PO-2025-04191,PO-004191,SUP-0112,FAC-EU-01,WH-EU-RAW-01,2025-03-28,2025-04-10,DELIVERED,18343.41,USD,2025-03-28T00:00:00
PO-2025-04192,PO-004192,SUP-0079,FAC-EU-01,WH-EU-RAW-01,2025-10-24,2025-11-17,DELIVERED,107416.86,USD,2025-10-24T00:00:00
PO-2025-04193,PO-004193,SUP-0102,FAC-EU-01,WH-EU-RAW-01,2026-03-15,2026-04-12,DELIVERED,3134.12,USD,2026-03-15T00:00:00
PO-2025-04194,PO-004194,SUP-0089,FAC-US-01,WH-US-RAW-01,2025-11-28,2025-12-18,DELIVERED,119916.01,USD,2025-11-28T00:00:00
PO-2025-04195,PO-004195,SUP-0006,FAC-EU-01,WH-EU-RAW-01,2026-02-17,2026-02-27,DELIVERED,47849.73,USD,2026-02-17T00:00:00
PO-2025-04196,PO-004196,SUP-0036,FAC-US-01,WH-US-RAW-01,2026-05-31,2026-06-08,PENDING,83400.87,USD,2026-05-31T00:00:00
PO-2025-04197,PO-004197,SUP-0008,FAC-US-01,WH-US-RAW-01,2025-06-27,2025-08-01,DELIVERED,17492.68,USD,2025-06-27T00:00:00
PO-2025-04198,PO-004198,SUP-0050,FAC-MX-01,WH-MX-RAW-01,2026-01-01,2026-01-30,DELIVERED,11209.36,USD,2026-01-01T00:00:00
PO-2025-04199,PO-004199,SUP-0077,FAC-US-01,WH-US-RAW-01,2025-12-27,2026-01-23,DELIVERED,3325.44,USD,2025-12-27T00:00:00
PO-2025-04200,PO-004200,SUP-0049,FAC-EU-01,WH-EU-RAW-01,2026-05-15,2026-05-29,PENDING,10856.2,USD,2026-05-15T00:00:00
PO-2025-04201,PO-004201,SUP-0079,FAC-MX-01,WH-MX-RAW-01,2026-05-22,2026-06-19,PENDING,1719.95,USD,2026-05-22T00:00:00
PO-2025-04202,PO-004202,SUP-0003,FAC-US-01,WH-US-RAW-01,2025-12-31,2026-01-18,DELIVERED,350100.55,USD,2025-12-31T00:00:00
PO-2025-04203,PO-004203,SUP-0110,FAC-APAC-01,WH-APAC-RAW-01,2025-08-05,2025-08-17,DELIVERED,41626.24,USD,2025-08-05T00:00:00
PO-2025-04204,PO-004204,SUP-0007,FAC-APAC-01,WH-APAC-RAW-01,2026-02-05,2026-02-25,DELIVERED,289.68,USD,2026-02-05T00:00:00
PO-2025-04205,PO-004205,SUP-0041,FAC-US-01,WH-US-RAW-01,2025-05-24,2025-06-14,DELIVERED,90325.44,USD,2025-05-24T00:00:00
PO-2025-04206,PO-004206,SUP-0004,FAC-APAC-01,WH-APAC-RAW-01,2026-01-30,2026-03-03,DELIVERED,6670.57,USD,2026-01-30T00:00:00
PO-2025-04207,PO-004207,SUP-0059,FAC-MX-01,WH-MX-RAW-01,2026-03-25,2026-05-29,IN_TRANSIT,1240.8,USD,2026-03-25T00:00:00
PO-2025-04208,PO-004208,SUP-0106,FAC-EU-01,WH-EU-RAW-01,2025-09-29,2025-11-06,DELIVERED,68608.26,USD,2025-09-29T00:00:00
PO-2025-04209,PO-004209,SUP-0021,FAC-EU-01,WH-EU-RAW-01,2025-12-15,2026-01-15,DELIVERED,584.82,USD,2025-12-15T00:00:00
PO-2025-04210,PO-004210,SUP-0010,FAC-MX-01,WH-MX-RAW-01,2025-10-16,2025-11-05,DELIVERED,24426.55,USD,2025-10-16T00:00:00
PO-2025-04211,PO-004211,SUP-0052,FAC-EU-01,WH-EU-RAW-01,2025-10-18,2025-11-16,DELIVERED,13878.72,USD,2025-10-18T00:00:00
PO-2025-04212,PO-004212,SUP-0013,FAC-EU-01,WH-EU-RAW-01,2025-09-02,2025-09-25,OVERDUE,760.92,USD,2025-09-02T00:00:00
PO-2025-04213,PO-004213,SUP-0100,FAC-APAC-01,WH-APAC-RAW-01,2026-01-23,2026-01-31,DELIVERED,366330.2,USD,2026-01-23T00:00:00
PO-2025-04214,PO-004214,SUP-0038,FAC-MX-01,WH-MX-RAW-01,2026-04-09,2026-05-01,IN_TRANSIT,42470.3,USD,2026-04-09T00:00:00
PO-2025-04215,PO-004215,SUP-0023,FAC-MX-01,WH-MX-RAW-01,2026-04-12,2026-04-21,IN_TRANSIT,532.22,USD,2026-04-12T00:00:00
PO-2025-04216,PO-004216,SUP-0083,FAC-EU-01,WH-EU-RAW-01,2025-07-03,2025-07-31,DELIVERED,67772.8,USD,2025-07-03T00:00:00
PO-2025-04217,PO-004217,SUP-0103,FAC-US-01,WH-US-RAW-01,2026-03-07,2026-04-20,IN_TRANSIT,8122.12,USD,2026-03-07T00:00:00
PO-2025-04218,PO-004218,SUP-0019,FAC-EU-01,WH-EU-RAW-01,2026-01-15,2026-02-06,DELIVERED,941.85,USD,2026-01-15T00:00:00
PO-2025-04219,PO-004219,SUP-0055,FAC-EU-01,WH-EU-RAW-01,2025-08-09,2025-08-29,DELIVERED,4095.96,USD,2025-08-09T00:00:00
PO-2025-04220,PO-004220,SUP-0018,FAC-EU-01,WH-EU-RAW-01,2025-04-24,2025-05-20,DELIVERED,203511.6,USD,2025-04-24T00:00:00
PO-2025-04221,PO-004221,SUP-0023,FAC-MX-01,WH-MX-RAW-01,2025-08-16,2025-08-31,OVERDUE,3714.75,USD,2025-08-16T00:00:00
PO-2025-04222,PO-004222,SUP-0049,FAC-APAC-01,WH-APAC-RAW-01,2026-03-26,2026-04-10,CANCELLED,5402.3,USD,2026-03-26T00:00:00
PO-2025-04223,PO-004223,SUP-0019,FAC-MX-01,WH-MX-RAW-01,2025-12-16,2026-01-02,DELIVERED,2854.53,USD,2025-12-16T00:00:00
PO-2025-04224,PO-004224,SUP-0029,FAC-MX-01,WH-MX-RAW-01,2026-01-10,2026-02-15,DELIVERED,8388.35,USD,2026-01-10T00:00:00
PO-2025-04225,PO-004225,SUP-0037,FAC-US-01,WH-US-RAW-01,2025-08-11,2025-08-31,DELIVERED,16256.4,USD,2025-08-11T00:00:00
PO-2025-04226,PO-004226,SUP-0012,FAC-US-01,WH-US-RAW-01,2026-01-10,2026-01-25,DELIVERED,27031.59,USD,2026-01-10T00:00:00
PO-2025-04227,PO-004227,SUP-0048,FAC-EU-01,WH-EU-RAW-01,2025-03-15,2025-04-13,CANCELLED,1312.4,USD,2025-03-15T00:00:00
PO-2025-04228,PO-004228,SUP-0092,FAC-EU-01,WH-EU-RAW-01,2025-09-27,2025-10-17,DELIVERED,17169.72,USD,2025-09-27T00:00:00
PO-2025-04229,PO-004229,SUP-0114,FAC-EU-01,WH-EU-RAW-01,2025-12-14,2025-12-29,DELIVERED,12406.43,USD,2025-12-14T00:00:00
PO-2025-04230,PO-004230,SUP-0043,FAC-US-01,WH-US-RAW-01,2025-06-17,2025-07-15,CANCELLED,4645.08,USD,2025-06-17T00:00:00
PO-2025-04231,PO-004231,SUP-0013,FAC-US-01,WH-US-RAW-01,2026-02-14,2026-03-06,DELIVERED,14284.62,USD,2026-02-14T00:00:00
PO-2025-04232,PO-004232,SUP-0048,FAC-EU-01,WH-EU-RAW-01,2025-08-02,2025-09-06,DELIVERED,797.97,USD,2025-08-02T00:00:00
PO-2025-04233,PO-004233,SUP-0033,FAC-MX-01,WH-MX-RAW-01,2025-12-21,2026-01-06,OVERDUE,51999.48,USD,2025-12-21T00:00:00
PO-2025-04234,PO-004234,SUP-0096,FAC-US-01,WH-US-RAW-01,2025-10-07,2025-10-26,DELIVERED,80710.86,USD,2025-10-07T00:00:00
PO-2025-04235,PO-004235,SUP-0037,FAC-US-01,WH-US-RAW-01,2025-12-06,2025-12-31,DELIVERED,394.2,USD,2025-12-06T00:00:00
PO-2025-04236,PO-004236,SUP-0120,FAC-APAC-01,WH-APAC-RAW-01,2025-05-25,2025-06-17,DELIVERED,5741.82,USD,2025-05-25T00:00:00
PO-2025-04237,PO-004237,SUP-0012,FAC-EU-01,WH-EU-RAW-01,2025-02-27,2025-03-16,DELIVERED,180408.47,USD,2025-02-27T00:00:00
PO-2025-04238,PO-004238,SUP-0074,FAC-MX-01,WH-MX-RAW-01,2026-03-25,2026-04-18,IN_TRANSIT,1759.36,USD,2026-03-25T00:00:00
PO-2025-04239,PO-004239,SUP-0002,FAC-APAC-01,WH-APAC-RAW-01,2025-08-17,2025-09-05,DELIVERED,2703.89,USD,2025-08-17T00:00:00
PO-2025-04240,PO-004240,SUP-0117,FAC-US-01,WH-US-RAW-01,2026-02-13,2026-03-15,DELIVERED,2481.54,USD,2026-02-13T00:00:00
PO-2025-04241,PO-004241,SUP-0032,FAC-US-01,WH-US-RAW-01,2026-06-21,2026-07-27,PENDING,19478.64,USD,2026-06-21T00:00:00
PO-2025-04242,PO-004242,SUP-0043,FAC-US-01,WH-US-RAW-01,2025-07-22,2025-08-17,DELIVERED,13064.5,USD,2025-07-22T00:00:00
PO-2025-04243,PO-004243,SUP-0012,FAC-APAC-01,WH-APAC-RAW-01,2025-08-15,2025-08-27,DELIVERED,327880.61,USD,2025-08-15T00:00:00
PO-2025-04244,PO-004244,SUP-0001,FAC-MX-01,WH-MX-RAW-01,2025-12-24,2026-02-25,DELIVERED,22906.52,USD,2025-12-24T00:00:00
PO-2025-04245,PO-004245,SUP-0110,FAC-APAC-01,WH-APAC-RAW-01,2026-05-01,2026-05-16,PENDING,30978.47,USD,2026-05-01T00:00:00
PO-2025-04246,PO-004246,SUP-0051,FAC-APAC-01,WH-APAC-RAW-01,2026-03-28,2026-04-20,IN_TRANSIT,137479.52,USD,2026-03-28T00:00:00
PO-2025-04247,PO-004247,SUP-0013,FAC-US-01,WH-US-RAW-01,2025-11-08,2025-11-27,CANCELLED,41549.2,USD,2025-11-08T00:00:00
PO-2025-04248,PO-004248,SUP-0039,FAC-MX-01,WH-MX-RAW-01,2026-02-04,2026-03-08,DELIVERED,40816.28,USD,2026-02-04T00:00:00
PO-2025-04249,PO-004249,SUP-0084,FAC-EU-01,WH-EU-RAW-01,2025-06-11,2025-07-07,DELIVERED,378085.14,USD,2025-06-11T00:00:00
PO-2025-04250,PO-004250,SUP-0072,FAC-MX-01,WH-MX-RAW-01,2026-05-12,2026-07-01,PENDING,8446.99,USD,2026-05-12T00:00:00
PO-2025-04251,PO-004251,SUP-0034,FAC-US-01,WH-US-RAW-01,2026-04-30,2026-05-26,PENDING,25600.64,USD,2026-04-30T00:00:00
PO-2025-04252,PO-004252,SUP-0065,FAC-EU-01,WH-EU-RAW-01,2025-06-27,2025-07-30,DELIVERED,5909.64,USD,2025-06-27T00:00:00
PO-2025-04253,PO-004253,SUP-0049,FAC-US-01,WH-US-RAW-01,2025-08-29,2025-09-19,DELIVERED,50363.19,USD,2025-08-29T00:00:00
PO-2025-04254,PO-004254,SUP-0052,FAC-MX-01,WH-MX-RAW-01,2025-05-20,2025-06-14,DELIVERED,9877.34,USD,2025-05-20T00:00:00
PO-2025-04255,PO-004255,SUP-0082,FAC-APAC-01,WH-APAC-RAW-01,2025-08-18,2025-10-19,DELIVERED,7359.97,USD,2025-08-18T00:00:00
PO-2025-04256,PO-004256,SUP-0007,FAC-EU-01,WH-EU-RAW-01,2026-02-11,2026-03-05,DELIVERED,312746.17,USD,2026-02-11T00:00:00
PO-2025-04257,PO-004257,SUP-0001,FAC-EU-01,WH-EU-RAW-01,2025-09-28,2025-11-29,DELIVERED,42194.1,USD,2025-09-28T00:00:00
PO-2025-04258,PO-004258,SUP-0001,FAC-EU-01,WH-EU-RAW-01,2025-05-11,2025-07-07,DELIVERED,22571.28,USD,2025-05-11T00:00:00
PO-2025-04259,PO-004259,SUP-0048,FAC-EU-01,WH-EU-RAW-01,2025-09-15,2025-10-16,DELIVERED,4232.25,USD,2025-09-15T00:00:00
PO-2025-04260,PO-004260,SUP-0074,FAC-US-01,WH-US-RAW-01,2026-05-17,2026-06-06,PENDING,21736.68,USD,2026-05-17T00:00:00
PO-2025-04261,PO-004261,SUP-0019,FAC-MX-01,WH-MX-RAW-01,2025-12-15,2026-01-05,DELIVERED,18364.76,USD,2025-12-15T00:00:00
PO-2025-04262,PO-004262,SUP-0026,FAC-MX-01,WH-MX-RAW-01,2025-10-11,2025-11-11,DELIVERED,7746.3,USD,2025-10-11T00:00:00
PO-2025-04263,PO-004263,SUP-0069,FAC-APAC-01,WH-APAC-RAW-01,2025-06-29,2025-07-20,DELIVERED,16749.9,USD,2025-06-29T00:00:00
PO-2025-04264,PO-004264,SUP-0117,FAC-EU-01,WH-EU-RAW-01,2026-05-23,2026-06-18,PENDING,1303.86,USD,2026-05-23T00:00:00
PO-2025-04265,PO-004265,SUP-0001,FAC-EU-01,WH-EU-RAW-01,2026-02-13,2026-04-10,DELIVERED,45582.74,USD,2026-02-13T00:00:00
PO-2025-04266,PO-004266,SUP-0003,FAC-APAC-01,WH-APAC-RAW-01,2025-08-22,2025-09-11,DELIVERED,10256.78,USD,2025-08-22T00:00:00
PO-2025-04267,PO-004267,SUP-0002,FAC-APAC-01,WH-APAC-RAW-01,2025-04-27,2025-05-16,DELIVERED,69880.45,USD,2025-04-27T00:00:00
PO-2025-04268,PO-004268,SUP-0106,FAC-US-01,WH-US-RAW-01,2025-04-15,2025-05-18,DELIVERED,28211.74,USD,2025-04-15T00:00:00
PO-2025-04269,PO-004269,SUP-0077,FAC-APAC-01,WH-APAC-RAW-01,2025-06-02,2025-06-24,DELIVERED,37989.21,USD,2025-06-02T00:00:00
PO-2025-04270,PO-004270,SUP-0083,FAC-APAC-01,WH-APAC-RAW-01,2025-12-01,2025-12-28,DELIVERED,11053.35,USD,2025-12-01T00:00:00
PO-2025-04271,PO-004271,SUP-0048,FAC-US-01,WH-US-RAW-01,2026-04-04,2026-05-05,IN_TRANSIT,42822.23,USD,2026-04-04T00:00:00
PO-2025-04272,PO-004272,SUP-0019,FAC-MX-01,WH-MX-RAW-01,2025-11-06,2025-11-21,DELIVERED,107090.98,USD,2025-11-06T00:00:00
PO-2025-04273,PO-004273,SUP-0083,FAC-EU-01,WH-EU-RAW-01,2026-02-22,2026-03-24,OVERDUE,2966.52,USD,2026-02-22T00:00:00
PO-2025-04274,PO-004274,SUP-0089,FAC-MX-01,WH-MX-RAW-01,2025-10-21,2025-11-04,DELIVERED,19346.49,USD,2025-10-21T00:00:00
PO-2025-04275,PO-004275,SUP-0112,FAC-MX-01,WH-MX-RAW-01,2026-01-06,2026-01-24,CANCELLED,21303.36,USD,2026-01-06T00:00:00
PO-2025-04276,PO-004276,SUP-0081,FAC-EU-01,WH-EU-RAW-01,2026-01-14,2026-02-19,DELIVERED,1026.8,USD,2026-01-14T00:00:00
PO-2025-04277,PO-004277,SUP-0047,FAC-APAC-01,WH-APAC-RAW-01,2025-07-03,2025-07-19,DELIVERED,2821.91,USD,2025-07-03T00:00:00
PO-2025-04278,PO-004278,SUP-0044,FAC-US-01,WH-US-RAW-01,2025-09-22,2025-11-17,DELIVERED,164167.94,USD,2025-09-22T00:00:00
PO-2025-04279,PO-004279,SUP-0064,FAC-MX-01,WH-MX-RAW-01,2025-12-17,2026-01-09,DELIVERED,65067.42,USD,2025-12-17T00:00:00
PO-2025-04280,PO-004280,SUP-0048,FAC-MX-01,WH-MX-RAW-01,2025-04-27,2025-05-31,DELIVERED,93313.38,USD,2025-04-27T00:00:00
PO-2025-04281,PO-004281,SUP-0104,FAC-MX-01,WH-MX-RAW-01,2025-09-22,2025-10-27,DELIVERED,39364.49,USD,2025-09-22T00:00:00
PO-2025-04282,PO-004282,SUP-0109,FAC-US-01,WH-US-RAW-01,2025-11-18,2025-12-05,DELIVERED,13589.2,USD,2025-11-18T00:00:00
PO-2025-04283,PO-004283,SUP-0024,FAC-US-01,WH-US-RAW-01,2026-06-10,2026-06-29,PENDING,74689.97,USD,2026-06-10T00:00:00
PO-2025-04284,PO-004284,SUP-0012,FAC-APAC-01,WH-APAC-RAW-01,2025-10-30,2025-11-13,CANCELLED,14622.24,USD,2025-10-30T00:00:00
PO-2025-04285,PO-004285,SUP-0037,FAC-APAC-01,WH-APAC-RAW-01,2026-02-11,2026-03-04,DELIVERED,3713.58,USD,2026-02-11T00:00:00
PO-2025-04286,PO-004286,SUP-0055,FAC-MX-01,WH-MX-RAW-01,2025-10-16,2025-11-07,DELIVERED,3945.95,USD,2025-10-16T00:00:00
PO-2025-04287,PO-004287,SUP-0096,FAC-APAC-01,WH-APAC-RAW-01,2026-02-04,2026-02-18,DELIVERED,85388.24,USD,2026-02-04T00:00:00
PO-2025-04288,PO-004288,SUP-0102,FAC-US-01,WH-US-RAW-01,2025-12-06,2025-12-30,DELIVERED,26039.66,USD,2025-12-06T00:00:00
PO-2025-04289,PO-004289,SUP-0093,FAC-EU-01,WH-EU-RAW-01,2026-03-13,2026-04-30,IN_TRANSIT,41090.19,USD,2026-03-13T00:00:00
PO-2025-04290,PO-004290,SUP-0058,FAC-MX-01,WH-MX-RAW-01,2025-10-09,2025-11-09,DELIVERED,20070.0,USD,2025-10-09T00:00:00
PO-2025-04291,PO-004291,SUP-0026,FAC-APAC-01,WH-APAC-RAW-01,2025-12-08,2026-01-12,DELIVERED,1013.55,USD,2025-12-08T00:00:00
PO-2025-04292,PO-004292,SUP-0053,FAC-MX-01,WH-MX-RAW-01,2025-12-15,2026-01-20,DELIVERED,11023.0,USD,2025-12-15T00:00:00
PO-2025-04293,PO-004293,SUP-0087,FAC-MX-01,WH-MX-RAW-01,2025-10-11,2025-10-31,DELIVERED,28849.02,USD,2025-10-11T00:00:00
PO-2025-04294,PO-004294,SUP-0058,FAC-MX-01,WH-MX-RAW-01,2025-06-16,2025-07-17,DELIVERED,55083.38,USD,2025-06-16T00:00:00
PO-2025-04295,PO-004295,SUP-0044,FAC-APAC-01,WH-APAC-RAW-01,2025-05-15,2025-07-10,DELIVERED,48466.94,USD,2025-05-15T00:00:00
PO-2025-04296,PO-004296,SUP-0001,FAC-EU-01,WH-EU-RAW-01,2025-02-26,2025-04-30,DELIVERED,29783.53,USD,2025-02-26T00:00:00
PO-2025-04297,PO-004297,SUP-0098,FAC-EU-01,WH-EU-RAW-01,2026-03-07,2026-03-30,DELIVERED,52292.9,USD,2026-03-07T00:00:00
PO-2025-04298,PO-004298,SUP-0099,FAC-APAC-01,WH-APAC-RAW-01,2025-08-02,2025-08-14,DELIVERED,370077.88,USD,2025-08-02T00:00:00
PO-2025-04299,PO-004299,SUP-0084,FAC-MX-01,WH-MX-RAW-01,2025-07-22,2025-08-13,DELIVERED,1659.0,USD,2025-07-22T00:00:00
PO-2025-04300,PO-004300,SUP-0003,FAC-MX-01,WH-MX-RAW-01,2026-01-15,2026-02-03,DELIVERED,946.74,USD,2026-01-15T00:00:00
PO-2025-04301,PO-004301,SUP-0022,FAC-APAC-01,WH-APAC-RAW-01,2025-09-06,2025-09-22,DELIVERED,30737.7,USD,2025-09-06T00:00:00
PO-2025-04302,PO-004302,SUP-0068,FAC-EU-01,WH-EU-RAW-01,2025-11-09,2025-12-02,DELIVERED,46637.66,USD,2025-11-09T00:00:00
PO-2025-04303,PO-004303,SUP-0095,FAC-US-01,WH-US-RAW-01,2025-06-27,2025-07-12,DELIVERED,74320.4,USD,2025-06-27T00:00:00
PO-2025-04304,PO-004304,SUP-0067,FAC-US-01,WH-US-RAW-01,2026-04-26,2026-05-20,PENDING,5420.76,USD,2026-04-26T00:00:00
PO-2025-04305,PO-004305,SUP-0001,FAC-EU-01,WH-EU-RAW-01,2026-02-25,2026-04-29,IN_TRANSIT,37233.56,USD,2026-02-25T00:00:00
PO-2025-04306,PO-004306,SUP-0027,FAC-US-01,WH-US-RAW-01,2026-03-03,2026-03-26,DELIVERED,111025.79,USD,2026-03-03T00:00:00
PO-2025-04307,PO-004307,SUP-0051,FAC-US-01,WH-US-RAW-01,2025-10-08,2025-11-03,OVERDUE,17916.15,USD,2025-10-08T00:00:00
PO-2025-04308,PO-004308,SUP-0025,FAC-US-01,WH-US-RAW-01,2026-01-23,2026-02-05,DELIVERED,131612.78,USD,2026-01-23T00:00:00
PO-2025-04309,PO-004309,SUP-0080,FAC-US-01,WH-US-RAW-01,2025-06-16,2025-07-16,OVERDUE,231781.47,USD,2025-06-16T00:00:00
PO-2025-04310,PO-004310,SUP-0111,FAC-MX-01,WH-MX-RAW-01,2025-02-10,2025-03-14,DELIVERED,59811.68,USD,2025-02-10T00:00:00
PO-2025-04311,PO-004311,SUP-0049,FAC-MX-01,WH-MX-RAW-01,2025-03-04,2025-03-25,OVERDUE,349153.46,USD,2025-03-04T00:00:00
PO-2025-04312,PO-004312,SUP-0012,FAC-EU-01,WH-EU-RAW-01,2025-12-03,2025-12-17,DELIVERED,38037.38,USD,2025-12-03T00:00:00
PO-2025-04313,PO-004313,SUP-0017,FAC-MX-01,WH-MX-RAW-01,2025-10-24,2025-12-19,DELIVERED,134803.87,USD,2025-10-24T00:00:00
PO-2025-04314,PO-004314,SUP-0109,FAC-MX-01,WH-MX-RAW-01,2025-11-13,2025-11-28,DELIVERED,74736.27,USD,2025-11-13T00:00:00
PO-2025-04315,PO-004315,SUP-0114,FAC-APAC-01,WH-APAC-RAW-01,2025-02-07,2025-02-24,DELIVERED,247654.2,USD,2025-02-07T00:00:00
PO-2025-04316,PO-004316,SUP-0042,FAC-APAC-01,WH-APAC-RAW-01,2025-10-13,2025-11-05,DELIVERED,9398.5,USD,2025-10-13T00:00:00
PO-2025-04317,PO-004317,SUP-0079,FAC-EU-01,WH-EU-RAW-01,2026-01-09,2026-02-06,DELIVERED,86037.05,USD,2026-01-09T00:00:00
PO-2025-04318,PO-004318,SUP-0044,FAC-EU-01,WH-EU-RAW-01,2025-10-20,2025-12-12,DELIVERED,428176.59,USD,2025-10-20T00:00:00
PO-2025-04319,PO-004319,SUP-0108,FAC-MX-01,WH-MX-RAW-01,2026-01-14,2026-02-08,DELIVERED,45345.65,USD,2026-01-14T00:00:00
PO-2025-04320,PO-004320,SUP-0061,FAC-US-01,WH-US-RAW-01,2025-08-01,2025-08-16,DELIVERED,300269.55,USD,2025-08-01T00:00:00
PO-2025-04321,PO-004321,SUP-0097,FAC-APAC-01,WH-APAC-RAW-01,2026-02-10,2026-03-15,DELIVERED,426493.73,USD,2026-02-10T00:00:00
PO-2025-04322,PO-004322,SUP-0049,FAC-APAC-01,WH-APAC-RAW-01,2025-12-04,2025-12-22,DELIVERED,49574.35,USD,2025-12-04T00:00:00
PO-2025-04323,PO-004323,SUP-0068,FAC-APAC-01,WH-APAC-RAW-01,2025-07-21,2025-08-13,DELIVERED,233705.44,USD,2025-07-21T00:00:00
PO-2025-04324,PO-004324,SUP-0100,FAC-MX-01,WH-MX-RAW-01,2025-08-02,2025-08-10,DELIVERED,35080.5,USD,2025-08-02T00:00:00
PO-2025-04325,PO-004325,SUP-0036,FAC-EU-01,WH-EU-RAW-01,2025-12-15,2025-12-25,DELIVERED,61007.97,USD,2025-12-15T00:00:00
PO-2025-04326,PO-004326,SUP-0053,FAC-MX-01,WH-MX-RAW-01,2026-02-17,2026-03-28,DELIVERED,30762.2,USD,2026-02-17T00:00:00
PO-2025-04327,PO-004327,SUP-0075,FAC-MX-01,WH-MX-RAW-01,2025-10-11,2025-11-10,DELIVERED,5854.29,USD,2025-10-11T00:00:00
PO-2025-04328,PO-004328,SUP-0118,FAC-US-01,WH-US-RAW-01,2025-08-12,2025-09-08,DELIVERED,271468.07,USD,2025-08-12T00:00:00
PO-2025-04329,PO-004329,SUP-0003,FAC-EU-01,WH-EU-RAW-01,2026-03-04,2026-03-22,DELIVERED,8409.63,USD,2026-03-04T00:00:00
PO-2025-04330,PO-004330,SUP-0019,FAC-APAC-01,WH-APAC-RAW-01,2025-12-26,2026-01-12,DELIVERED,167504.57,USD,2025-12-26T00:00:00
PO-2025-04331,PO-004331,SUP-0066,FAC-EU-01,WH-EU-RAW-01,2025-10-22,2025-11-14,DELIVERED,14437.77,USD,2025-10-22T00:00:00
PO-2025-04332,PO-004332,SUP-0012,FAC-EU-01,WH-EU-RAW-01,2025-11-03,2025-11-22,DELIVERED,11795.5,USD,2025-11-03T00:00:00
PO-2025-04333,PO-004333,SUP-0016,FAC-EU-01,WH-EU-RAW-01,2025-07-18,2025-08-10,DELIVERED,5041.04,USD,2025-07-18T00:00:00
PO-2025-04334,PO-004334,SUP-0052,FAC-APAC-01,WH-APAC-RAW-01,2025-12-14,2026-01-12,CANCELLED,55249.32,USD,2025-12-14T00:00:00
PO-2025-04335,PO-004335,SUP-0100,FAC-US-01,WH-US-RAW-01,2025-09-21,2025-10-05,DELIVERED,492048.92,USD,2025-09-21T00:00:00
PO-2025-04336,PO-004336,SUP-0006,FAC-US-01,WH-US-RAW-01,2026-06-08,2026-06-19,PENDING,57280.85,USD,2026-06-08T00:00:00
PO-2025-04337,PO-004337,SUP-0003,FAC-MX-01,WH-MX-RAW-01,2025-11-01,2025-11-19,OVERDUE,52538.8,USD,2025-11-01T00:00:00
PO-2025-04338,PO-004338,SUP-0117,FAC-US-01,WH-US-RAW-01,2025-11-03,2025-11-29,OVERDUE,306571.76,USD,2025-11-03T00:00:00
PO-2025-04339,PO-004339,SUP-0003,FAC-US-01,WH-US-RAW-01,2025-11-27,2025-12-22,DELIVERED,623810.01,USD,2025-11-27T00:00:00
PO-2025-04340,PO-004340,SUP-0012,FAC-APAC-01,WH-APAC-RAW-01,2026-03-28,2026-04-11,DELIVERED,6345.65,USD,2026-03-28T00:00:00
PO-2025-04341,PO-004341,SUP-0004,FAC-US-01,WH-US-RAW-01,2026-02-06,2026-03-05,DELIVERED,11188.38,USD,2026-02-06T00:00:00
PO-2025-04342,PO-004342,SUP-0117,FAC-APAC-01,WH-APAC-RAW-01,2025-10-23,2025-11-20,CANCELLED,36375.88,USD,2025-10-23T00:00:00
PO-2025-04343,PO-004343,SUP-0080,FAC-EU-01,WH-EU-RAW-01,2026-01-09,2026-02-09,DELIVERED,12911.77,USD,2026-01-09T00:00:00
PO-2025-04344,PO-004344,SUP-0089,FAC-US-01,WH-US-RAW-01,2025-12-03,2025-12-23,DELIVERED,26407.66,USD,2025-12-03T00:00:00
PO-2025-04345,PO-004345,SUP-0079,FAC-US-01,WH-US-RAW-01,2025-11-05,2025-12-04,DELIVERED,111603.8,USD,2025-11-05T00:00:00
PO-2025-04346,PO-004346,SUP-0055,FAC-US-01,WH-US-RAW-01,2025-07-12,2025-07-31,CANCELLED,6672.33,USD,2025-07-12T00:00:00
PO-2025-04347,PO-004347,SUP-0052,FAC-APAC-01,WH-APAC-RAW-01,2025-10-27,2025-11-25,DELIVERED,65751.74,USD,2025-10-27T00:00:00
PO-2025-04348,PO-004348,SUP-0108,FAC-APAC-01,WH-APAC-RAW-01,2025-08-06,2025-08-25,DELIVERED,7754.47,USD,2025-08-06T00:00:00
PO-2025-04349,PO-004349,SUP-0016,FAC-EU-01,WH-EU-RAW-01,2026-03-27,2026-04-18,IN_TRANSIT,750256.88,USD,2026-03-27T00:00:00
PO-2025-04350,PO-004350,SUP-0054,FAC-APAC-01,WH-APAC-RAW-01,2025-09-12,2025-10-08,DELIVERED,337965.03,USD,2025-09-12T00:00:00
PO-2025-04351,PO-004351,SUP-0101,FAC-MX-01,WH-MX-RAW-01,2026-04-20,2026-05-13,PENDING,52065.9,USD,2026-04-20T00:00:00
PO-2025-04352,PO-004352,SUP-0089,FAC-EU-01,WH-EU-RAW-01,2025-11-17,2025-12-01,DELIVERED,6760.57,USD,2025-11-17T00:00:00
PO-2025-04353,PO-004353,SUP-0097,FAC-APAC-01,WH-APAC-RAW-01,2025-12-16,2026-01-21,DELIVERED,21316.08,USD,2025-12-16T00:00:00
PO-2025-04354,PO-004354,SUP-0001,FAC-US-01,WH-US-RAW-01,2025-11-20,2026-01-18,DELIVERED,8081.08,USD,2025-11-20T00:00:00
PO-2025-04355,PO-004355,SUP-0032,FAC-APAC-01,WH-APAC-RAW-01,2025-06-08,2025-07-13,DELIVERED,31732.06,USD,2025-06-08T00:00:00
PO-2025-04356,PO-004356,SUP-0051,FAC-APAC-01,WH-APAC-RAW-01,2025-09-27,2025-10-25,CANCELLED,24324.3,USD,2025-09-27T00:00:00
PO-2025-04357,PO-004357,SUP-0089,FAC-APAC-01,WH-APAC-RAW-01,2025-05-19,2025-06-03,OVERDUE,1398.12,USD,2025-05-19T00:00:00
PO-2025-04358,PO-004358,SUP-0004,FAC-US-01,WH-US-RAW-01,2025-12-13,2026-01-11,DELIVERED,7961.03,USD,2025-12-13T00:00:00
PO-2025-04359,PO-004359,SUP-0052,FAC-APAC-01,WH-APAC-RAW-01,2025-10-21,2025-11-18,DELIVERED,34650.0,USD,2025-10-21T00:00:00
PO-2025-04360,PO-004360,SUP-0021,FAC-EU-01,WH-EU-RAW-01,2026-01-29,2026-02-28,DELIVERED,68414.58,USD,2026-01-29T00:00:00
PO-2025-04361,PO-004361,SUP-0104,FAC-APAC-01,WH-APAC-RAW-01,2025-07-26,2025-08-29,DELIVERED,7291.36,USD,2025-07-26T00:00:00
PO-2025-04362,PO-004362,SUP-0035,FAC-MX-01,WH-MX-RAW-01,2025-06-28,2025-08-12,DELIVERED,21910.4,USD,2025-06-28T00:00:00
PO-2025-04363,PO-004363,SUP-0113,FAC-US-01,WH-US-RAW-01,2025-10-08,2025-10-26,DELIVERED,180854.88,USD,2025-10-08T00:00:00
PO-2025-04364,PO-004364,SUP-0095,FAC-US-01,WH-US-RAW-01,2026-04-03,2026-04-14,DELIVERED,90791.26,USD,2026-04-03T00:00:00
PO-2025-04365,PO-004365,SUP-0009,FAC-MX-01,WH-MX-RAW-01,2026-01-07,2026-03-04,DELIVERED,1554127.56,USD,2026-01-07T00:00:00
PO-2025-04366,PO-004366,SUP-0109,FAC-EU-01,WH-EU-RAW-01,2025-10-12,2025-10-27,DELIVERED,15797.62,USD,2025-10-12T00:00:00
PO-2025-04367,PO-004367,SUP-0019,FAC-MX-01,WH-MX-RAW-01,2025-11-13,2025-11-29,DELIVERED,2999.43,USD,2025-11-13T00:00:00
PO-2025-04368,PO-004368,SUP-0096,FAC-APAC-01,WH-APAC-RAW-01,2025-05-08,2025-05-22,OVERDUE,33573.58,USD,2025-05-08T00:00:00
PO-2025-04369,PO-004369,SUP-0045,FAC-US-01,WH-US-RAW-01,2026-05-20,2026-06-07,PENDING,3220.7,USD,2026-05-20T00:00:00
PO-2025-04370,PO-004370,SUP-0092,FAC-APAC-01,WH-APAC-RAW-01,2025-12-25,2026-01-17,DELIVERED,155729.55,USD,2025-12-25T00:00:00
PO-2025-04371,PO-004371,SUP-0048,FAC-US-01,WH-US-RAW-01,2025-08-23,2025-09-24,DELIVERED,10282.8,USD,2025-08-23T00:00:00
PO-2025-04372,PO-004372,SUP-0092,FAC-US-01,WH-US-RAW-01,2025-12-03,2025-12-27,DELIVERED,79021.75,USD,2025-12-03T00:00:00
PO-2025-04373,PO-004373,SUP-0067,FAC-US-01,WH-US-RAW-01,2025-05-26,2025-06-17,DELIVERED,193773.18,USD,2025-05-26T00:00:00
PO-2025-04374,PO-004374,SUP-0040,FAC-EU-01,WH-EU-RAW-01,2026-05-01,2026-05-23,PENDING,30995.64,USD,2026-05-01T00:00:00
PO-2025-04375,PO-004375,SUP-0108,FAC-APAC-01,WH-APAC-RAW-01,2025-07-03,2025-07-28,DELIVERED,12065.0,USD,2025-07-03T00:00:00
PO-2025-04376,PO-004376,SUP-0009,FAC-EU-01,WH-EU-RAW-01,2025-12-20,2026-02-15,DELIVERED,284731.81,USD,2025-12-20T00:00:00
PO-2025-04377,PO-004377,SUP-0001,FAC-US-01,WH-US-RAW-01,2025-08-06,2025-10-06,DELIVERED,34375.03,USD,2025-08-06T00:00:00
PO-2025-04378,PO-004378,SUP-0062,FAC-APAC-01,WH-APAC-RAW-01,2026-01-09,2026-02-11,DELIVERED,3041.5,USD,2026-01-09T00:00:00
PO-2025-04379,PO-004379,SUP-0030,FAC-EU-01,WH-EU-RAW-01,2026-01-28,2026-03-01,DELIVERED,2573.45,USD,2026-01-28T00:00:00
PO-2025-04380,PO-004380,SUP-0021,FAC-MX-01,WH-MX-RAW-01,2025-12-27,2026-01-24,DELIVERED,3052.92,USD,2025-12-27T00:00:00
PO-2025-04381,PO-004381,SUP-0014,FAC-US-01,WH-US-RAW-01,2025-12-11,2026-02-15,CANCELLED,70092.9,USD,2025-12-11T00:00:00
PO-2025-04382,PO-004382,SUP-0104,FAC-APAC-01,WH-APAC-RAW-01,2026-03-16,2026-04-16,IN_TRANSIT,1046.5,USD,2026-03-16T00:00:00
PO-2025-04383,PO-004383,SUP-0009,FAC-US-01,WH-US-RAW-01,2025-05-04,2025-06-26,DELIVERED,218794.4,USD,2025-05-04T00:00:00
PO-2025-04384,PO-004384,SUP-0062,FAC-EU-01,WH-EU-RAW-01,2025-09-10,2025-10-16,DELIVERED,2418.2,USD,2025-09-10T00:00:00
PO-2025-04385,PO-004385,SUP-0107,FAC-US-01,WH-US-RAW-01,2025-08-07,2025-08-22,DELIVERED,26933.0,USD,2025-08-07T00:00:00
PO-2025-04386,PO-004386,SUP-0018,FAC-MX-01,WH-MX-RAW-01,2026-05-25,2026-06-18,PENDING,165435.79,USD,2026-05-25T00:00:00
PO-2025-04387,PO-004387,SUP-0089,FAC-APAC-01,WH-APAC-RAW-01,2025-10-02,2025-10-21,DELIVERED,68565.21,USD,2025-10-02T00:00:00
PO-2025-04388,PO-004388,SUP-0064,FAC-EU-01,WH-EU-RAW-01,2026-01-14,2026-02-08,DELIVERED,53814.56,USD,2026-01-14T00:00:00
PO-2025-04389,PO-004389,SUP-0089,FAC-MX-01,WH-MX-RAW-01,2025-12-30,2026-01-15,DELIVERED,35984.9,USD,2025-12-30T00:00:00
PO-2025-04390,PO-004390,SUP-0036,FAC-APAC-01,WH-APAC-RAW-01,2025-07-22,2025-07-30,DELIVERED,24411.18,USD,2025-07-22T00:00:00
PO-2025-04391,PO-004391,SUP-0047,FAC-MX-01,WH-MX-RAW-01,2025-08-03,2025-08-17,DELIVERED,4215.2,USD,2025-08-03T00:00:00
PO-2025-04392,PO-004392,SUP-0086,FAC-MX-01,WH-MX-RAW-01,2025-08-22,2025-08-31,OVERDUE,30679.35,USD,2025-08-22T00:00:00
PO-2025-04393,PO-004393,SUP-0024,FAC-EU-01,WH-EU-RAW-01,2025-10-09,2025-10-24,DELIVERED,24471.72,USD,2025-10-09T00:00:00
PO-2025-04394,PO-004394,SUP-0106,FAC-US-01,WH-US-RAW-01,2025-08-01,2025-09-06,DELIVERED,11564.45,USD,2025-08-01T00:00:00
PO-2025-04395,PO-004395,SUP-0062,FAC-US-01,WH-US-RAW-01,2025-03-03,2025-04-07,DELIVERED,4384.44,USD,2025-03-03T00:00:00
PO-2025-04396,PO-004396,SUP-0048,FAC-MX-01,WH-MX-RAW-01,2026-03-10,2026-04-13,DELIVERED,10618.9,USD,2026-03-10T00:00:00
PO-2025-04397,PO-004397,SUP-0097,FAC-MX-01,WH-MX-RAW-01,2026-05-01,2026-06-01,PENDING,46480.8,USD,2026-05-01T00:00:00
PO-2025-04398,PO-004398,SUP-0112,FAC-APAC-01,WH-APAC-RAW-01,2025-09-14,2025-09-27,DELIVERED,50800.32,USD,2025-09-14T00:00:00
PO-2025-04399,PO-004399,SUP-0116,FAC-EU-01,WH-EU-RAW-01,2025-09-13,2025-09-22,DELIVERED,92613.93,USD,2025-09-13T00:00:00
PO-2025-04400,PO-004400,SUP-0073,FAC-MX-01,WH-MX-RAW-01,2025-02-07,2025-03-09,DELIVERED,198975.6,USD,2025-02-07T00:00:00
PO-2025-04401,PO-004401,SUP-0086,FAC-APAC-01,WH-APAC-RAW-01,2025-12-29,2026-01-10,DELIVERED,27144.64,USD,2025-12-29T00:00:00
PO-2025-04402,PO-004402,SUP-0081,FAC-MX-01,WH-MX-RAW-01,2026-02-15,2026-03-26,DELIVERED,4066.4,USD,2026-02-15T00:00:00
PO-2025-04403,PO-004403,SUP-0062,FAC-MX-01,WH-MX-RAW-01,2025-06-18,2025-07-20,DELIVERED,24332.26,USD,2025-06-18T00:00:00
PO-2025-04404,PO-004404,SUP-0106,FAC-APAC-01,WH-APAC-RAW-01,2025-06-25,2025-07-31,DELIVERED,1358.4,USD,2025-06-25T00:00:00
PO-2025-04405,PO-004405,SUP-0006,FAC-MX-01,WH-MX-RAW-01,2026-02-02,2026-02-18,DELIVERED,14137.11,USD,2026-02-02T00:00:00
PO-2025-04406,PO-004406,SUP-0063,FAC-MX-01,WH-MX-RAW-01,2025-12-11,2026-01-12,DELIVERED,2206.75,USD,2025-12-11T00:00:00
PO-2025-04407,PO-004407,SUP-0113,FAC-EU-01,WH-EU-RAW-01,2025-04-04,2025-04-27,DELIVERED,11737.57,USD,2025-04-04T00:00:00
PO-2025-04408,PO-004408,SUP-0069,FAC-MX-01,WH-MX-RAW-01,2025-12-13,2026-01-04,DELIVERED,6815.04,USD,2025-12-13T00:00:00
PO-2025-04409,PO-004409,SUP-0103,FAC-US-01,WH-US-RAW-01,2025-09-02,2025-10-15,DELIVERED,33849.54,USD,2025-09-02T00:00:00
PO-2025-04410,PO-004410,SUP-0012,FAC-EU-01,WH-EU-RAW-01,2025-09-24,2025-10-11,DELIVERED,23826.46,USD,2025-09-24T00:00:00
PO-2025-04411,PO-004411,SUP-0051,FAC-US-01,WH-US-RAW-01,2026-01-26,2026-02-23,DELIVERED,50242.36,USD,2026-01-26T00:00:00
PO-2025-04412,PO-004412,SUP-0085,FAC-APAC-01,WH-APAC-RAW-01,2026-02-09,2026-02-21,CANCELLED,5506.43,USD,2026-02-09T00:00:00
PO-2025-04413,PO-004413,SUP-0083,FAC-EU-01,WH-EU-RAW-01,2025-10-06,2025-11-03,DELIVERED,10562.34,USD,2025-10-06T00:00:00
PO-2025-04414,PO-004414,SUP-0026,FAC-APAC-01,WH-APAC-RAW-01,2026-04-16,2026-05-16,PENDING,27136.11,USD,2026-04-16T00:00:00
PO-2025-04415,PO-004415,SUP-0074,FAC-APAC-01,WH-APAC-RAW-01,2025-10-08,2025-11-03,DELIVERED,88438.35,USD,2025-10-08T00:00:00
PO-2025-04416,PO-004416,SUP-0112,FAC-APAC-01,WH-APAC-RAW-01,2026-01-26,2026-02-09,DELIVERED,96775.12,USD,2026-01-26T00:00:00
PO-2025-04417,PO-004417,SUP-0060,FAC-MX-01,WH-MX-RAW-01,2025-11-02,2025-12-01,OVERDUE,12350.24,USD,2025-11-02T00:00:00
PO-2025-04418,PO-004418,SUP-0012,FAC-EU-01,WH-EU-RAW-01,2026-03-18,2026-04-01,DELIVERED,116634.0,USD,2026-03-18T00:00:00
PO-2025-04419,PO-004419,SUP-0045,FAC-MX-01,WH-MX-RAW-01,2026-03-24,2026-04-09,OVERDUE,8464.23,USD,2026-03-24T00:00:00
PO-2025-04420,PO-004420,SUP-0107,FAC-APAC-01,WH-APAC-RAW-01,2025-05-10,2025-05-24,DELIVERED,384841.03,USD,2025-05-10T00:00:00
PO-2025-04421,PO-004421,SUP-0007,FAC-EU-01,WH-EU-RAW-01,2026-04-09,2026-05-06,IN_TRANSIT,28464.14,USD,2026-04-09T00:00:00
PO-2025-04422,PO-004422,SUP-0007,FAC-EU-01,WH-EU-RAW-01,2026-02-15,2026-03-09,CANCELLED,41454.62,USD,2026-02-15T00:00:00
PO-2025-04423,PO-004423,SUP-0120,FAC-APAC-01,WH-APAC-RAW-01,2026-02-02,2026-02-25,DELIVERED,2461.32,USD,2026-02-02T00:00:00
PO-2025-04424,PO-004424,SUP-0048,FAC-MX-01,WH-MX-RAW-01,2025-07-16,2025-08-14,DELIVERED,1699.2,USD,2025-07-16T00:00:00
PO-2025-04425,PO-004425,SUP-0068,FAC-APAC-01,WH-APAC-RAW-01,2026-02-07,2026-02-27,DELIVERED,18179.7,USD,2026-02-07T00:00:00
PO-2025-04426,PO-004426,SUP-0004,FAC-US-01,WH-US-RAW-01,2026-02-25,2026-03-23,DELIVERED,75891.91,USD,2026-02-25T00:00:00
PO-2025-04427,PO-004427,SUP-0035,FAC-MX-01,WH-MX-RAW-01,2025-08-25,2025-10-13,DELIVERED,16303.14,USD,2025-08-25T00:00:00
PO-2025-04428,PO-004428,SUP-0006,FAC-EU-01,WH-EU-RAW-01,2026-04-20,2026-05-03,PENDING,27446.64,USD,2026-04-20T00:00:00
PO-2025-04429,PO-004429,SUP-0107,FAC-MX-01,WH-MX-RAW-01,2025-04-09,2025-04-23,OVERDUE,124097.67,USD,2025-04-09T00:00:00
PO-2025-04430,PO-004430,SUP-0103,FAC-APAC-01,WH-APAC-RAW-01,2025-06-20,2025-08-04,DELIVERED,6198.94,USD,2025-06-20T00:00:00
PO-2025-04431,PO-004431,SUP-0040,FAC-EU-01,WH-EU-RAW-01,2025-11-19,2025-12-12,DELIVERED,88378.04,USD,2025-11-19T00:00:00
PO-2025-04432,PO-004432,SUP-0052,FAC-EU-01,WH-EU-RAW-01,2025-11-30,2025-12-26,DELIVERED,7014.03,USD,2025-11-30T00:00:00
PO-2025-04433,PO-004433,SUP-0101,FAC-EU-01,WH-EU-RAW-01,2025-12-19,2026-01-17,DELIVERED,19535.12,USD,2025-12-19T00:00:00
PO-2025-04434,PO-004434,SUP-0099,FAC-US-01,WH-US-RAW-01,2025-02-27,2025-03-09,DELIVERED,384137.0,USD,2025-02-27T00:00:00
PO-2025-04435,PO-004435,SUP-0012,FAC-MX-01,WH-MX-RAW-01,2026-04-26,2026-05-11,PENDING,83232.9,USD,2026-04-26T00:00:00
PO-2025-04436,PO-004436,SUP-0012,FAC-US-01,WH-US-RAW-01,2025-04-03,2025-04-20,DELIVERED,177616.97,USD,2025-04-03T00:00:00
PO-2025-04437,PO-004437,SUP-0084,FAC-EU-01,WH-EU-RAW-01,2025-06-16,2025-07-11,DELIVERED,1081.5,USD,2025-06-16T00:00:00
PO-2025-04438,PO-004438,SUP-0093,FAC-US-01,WH-US-RAW-01,2025-02-22,2025-04-10,DELIVERED,45596.67,USD,2025-02-22T00:00:00
PO-2025-04439,PO-004439,SUP-0119,FAC-APAC-01,WH-APAC-RAW-01,2025-11-27,2026-01-01,DELIVERED,144290.43,USD,2025-11-27T00:00:00
PO-2025-04440,PO-004440,SUP-0010,FAC-APAC-01,WH-APAC-RAW-01,2026-04-07,2026-04-26,IN_TRANSIT,7907.45,USD,2026-04-07T00:00:00
PO-2025-04441,PO-004441,SUP-0077,FAC-MX-01,WH-MX-RAW-01,2025-12-25,2026-01-14,DELIVERED,48482.61,USD,2025-12-25T00:00:00
PO-2025-04442,PO-004442,SUP-0069,FAC-APAC-01,WH-APAC-RAW-01,2026-02-14,2026-03-11,DELIVERED,5505.63,USD,2026-02-14T00:00:00
PO-2025-04443,PO-004443,SUP-0093,FAC-APAC-01,WH-APAC-RAW-01,2025-02-20,2025-04-06,DELIVERED,120419.79,USD,2025-02-20T00:00:00
PO-2025-04444,PO-004444,SUP-0043,FAC-US-01,WH-US-RAW-01,2025-11-20,2025-12-14,DELIVERED,3100.09,USD,2025-11-20T00:00:00
PO-2025-04445,PO-004445,SUP-0073,FAC-APAC-01,WH-APAC-RAW-01,2025-10-25,2025-11-20,DELIVERED,87360.44,USD,2025-10-25T00:00:00
PO-2025-04446,PO-004446,SUP-0096,FAC-EU-01,WH-EU-RAW-01,2025-11-07,2025-11-27,DELIVERED,64303.44,USD,2025-11-07T00:00:00
PO-2025-04447,PO-004447,SUP-0062,FAC-US-01,WH-US-RAW-01,2025-04-29,2025-05-31,DELIVERED,2268.09,USD,2025-04-29T00:00:00
PO-2025-04448,PO-004448,SUP-0002,FAC-EU-01,WH-EU-RAW-01,2025-12-30,2026-01-19,OVERDUE,31261.76,USD,2025-12-30T00:00:00
PO-2025-04449,PO-004449,SUP-0041,FAC-MX-01,WH-MX-RAW-01,2025-11-08,2025-11-30,DELIVERED,38555.32,USD,2025-11-08T00:00:00
PO-2025-04450,PO-004450,SUP-0003,FAC-EU-01,WH-EU-RAW-01,2026-01-24,2026-02-12,DELIVERED,5407.1,USD,2026-01-24T00:00:00
PO-2025-04451,PO-004451,SUP-0019,FAC-EU-01,WH-EU-RAW-01,2025-11-03,2025-11-20,OVERDUE,30638.01,USD,2025-11-03T00:00:00
PO-2025-04452,PO-004452,SUP-0062,FAC-MX-01,WH-MX-RAW-01,2025-06-19,2025-07-25,DELIVERED,4499.82,USD,2025-06-19T00:00:00
PO-2025-04453,PO-004453,SUP-0012,FAC-MX-01,WH-MX-RAW-01,2025-12-20,2026-01-07,DELIVERED,5536.4,USD,2025-12-20T00:00:00
PO-2025-04454,PO-004454,SUP-0013,FAC-APAC-01,WH-APAC-RAW-01,2025-07-02,2025-07-21,DELIVERED,14712.7,USD,2025-07-02T00:00:00
PO-2025-04455,PO-004455,SUP-0097,FAC-EU-01,WH-EU-RAW-01,2026-03-06,2026-04-10,DELIVERED,5211.15,USD,2026-03-06T00:00:00
PO-2025-04456,PO-004456,SUP-0094,FAC-MX-01,WH-MX-RAW-01,2025-12-11,2025-12-23,DELIVERED,31094.75,USD,2025-12-11T00:00:00
PO-2025-04457,PO-004457,SUP-0109,FAC-MX-01,WH-MX-RAW-01,2025-06-24,2025-07-13,DELIVERED,20306.88,USD,2025-06-24T00:00:00
PO-2025-04458,PO-004458,SUP-0089,FAC-MX-01,WH-MX-RAW-01,2026-04-28,2026-05-17,PENDING,2234.7,USD,2026-04-28T00:00:00
PO-2025-04459,PO-004459,SUP-0004,FAC-US-01,WH-US-RAW-01,2025-11-13,2025-12-11,DELIVERED,19258.43,USD,2025-11-13T00:00:00
PO-2025-04460,PO-004460,SUP-0084,FAC-MX-01,WH-MX-RAW-01,2025-04-29,2025-05-21,DELIVERED,338718.76,USD,2025-04-29T00:00:00
PO-2025-04461,PO-004461,SUP-0084,FAC-APAC-01,WH-APAC-RAW-01,2025-12-14,2026-01-07,DELIVERED,2881.44,USD,2025-12-14T00:00:00
PO-2025-04462,PO-004462,SUP-0054,FAC-EU-01,WH-EU-RAW-01,2025-08-10,2025-09-10,DELIVERED,6472.75,USD,2025-08-10T00:00:00
PO-2025-04463,PO-004463,SUP-0109,FAC-MX-01,WH-MX-RAW-01,2026-02-07,2026-02-24,OVERDUE,6216.82,USD,2026-02-07T00:00:00
PO-2025-04464,PO-004464,SUP-0085,FAC-EU-01,WH-EU-RAW-01,2026-02-12,2026-02-22,DELIVERED,238100.35,USD,2026-02-12T00:00:00
PO-2025-04465,PO-004465,SUP-0033,FAC-EU-01,WH-EU-RAW-01,2026-05-14,2026-05-29,PENDING,25497.15,USD,2026-05-14T00:00:00
PO-2025-04466,PO-004466,SUP-0109,FAC-US-01,WH-US-RAW-01,2025-11-08,2025-11-26,DELIVERED,1516.85,USD,2025-11-08T00:00:00
PO-2025-04467,PO-004467,SUP-0012,FAC-US-01,WH-US-RAW-01,2025-10-24,2025-11-05,DELIVERED,1357.0,USD,2025-10-24T00:00:00
PO-2025-04468,PO-004468,SUP-0103,FAC-US-01,WH-US-RAW-01,2026-01-20,2026-03-07,DELIVERED,14463.96,USD,2026-01-20T00:00:00
PO-2025-04469,PO-004469,SUP-0011,FAC-MX-01,WH-MX-RAW-01,2025-06-09,2025-07-01,CANCELLED,53548.69,USD,2025-06-09T00:00:00
PO-2025-04470,PO-004470,SUP-0090,FAC-APAC-01,WH-APAC-RAW-01,2025-11-21,2025-12-14,DELIVERED,11968.75,USD,2025-11-21T00:00:00
PO-2025-04471,PO-004471,SUP-0072,FAC-EU-01,WH-EU-RAW-01,2025-11-21,2026-01-12,OVERDUE,6217.75,USD,2025-11-21T00:00:00
PO-2025-04472,PO-004472,SUP-0065,FAC-EU-01,WH-EU-RAW-01,2025-05-12,2025-06-13,DELIVERED,5850.25,USD,2025-05-12T00:00:00
PO-2025-04473,PO-004473,SUP-0044,FAC-MX-01,WH-MX-RAW-01,2025-10-12,2025-12-07,DELIVERED,34367.4,USD,2025-10-12T00:00:00
PO-2025-04474,PO-004474,SUP-0088,FAC-US-01,WH-US-RAW-01,2026-02-26,2026-03-23,DELIVERED,29922.7,USD,2026-02-26T00:00:00
PO-2025-04475,PO-004475,SUP-0021,FAC-APAC-01,WH-APAC-RAW-01,2026-02-27,2026-03-26,DELIVERED,22880.03,USD,2026-02-27T00:00:00
PO-2025-04476,PO-004476,SUP-0055,FAC-MX-01,WH-MX-RAW-01,2025-05-19,2025-06-08,DELIVERED,63719.81,USD,2025-05-19T00:00:00
PO-2025-04477,PO-004477,SUP-0112,FAC-US-01,WH-US-RAW-01,2025-05-13,2025-05-26,DELIVERED,30411.2,USD,2025-05-13T00:00:00
PO-2025-04478,PO-004478,SUP-0045,FAC-MX-01,WH-MX-RAW-01,2025-08-14,2025-08-28,DELIVERED,13106.55,USD,2025-08-14T00:00:00
PO-2025-04479,PO-004479,SUP-0088,FAC-APAC-01,WH-APAC-RAW-01,2026-03-07,2026-03-31,OVERDUE,38771.81,USD,2026-03-07T00:00:00
PO-2025-04480,PO-004480,SUP-0108,FAC-APAC-01,WH-APAC-RAW-01,2025-06-07,2025-06-26,CANCELLED,14597.73,USD,2025-06-07T00:00:00
PO-2025-04481,PO-004481,SUP-0034,FAC-APAC-01,WH-APAC-RAW-01,2026-01-10,2026-02-09,DELIVERED,31695.73,USD,2026-01-10T00:00:00
PO-2025-04482,PO-004482,SUP-0065,FAC-US-01,WH-US-RAW-01,2025-05-20,2025-06-21,DELIVERED,21725.46,USD,2025-05-20T00:00:00
PO-2025-04483,PO-004483,SUP-0035,FAC-APAC-01,WH-APAC-RAW-01,2025-12-13,2026-01-26,DELIVERED,61222.2,USD,2025-12-13T00:00:00
PO-2025-04484,PO-004484,SUP-0113,FAC-EU-01,WH-EU-RAW-01,2025-09-20,2025-10-10,CANCELLED,21860.44,USD,2025-09-20T00:00:00
PO-2025-04485,PO-004485,SUP-0117,FAC-EU-01,WH-EU-RAW-01,2026-02-01,2026-03-04,DELIVERED,16220.64,USD,2026-02-01T00:00:00
PO-2025-04486,PO-004486,SUP-0105,FAC-APAC-01,WH-APAC-RAW-01,2025-08-01,2025-08-19,DELIVERED,1260.63,USD,2025-08-01T00:00:00
PO-2025-04487,PO-004487,SUP-0037,FAC-EU-01,WH-EU-RAW-01,2025-12-18,2026-01-08,DELIVERED,36251.91,USD,2025-12-18T00:00:00
PO-2025-04488,PO-004488,SUP-0078,FAC-US-01,WH-US-RAW-01,2025-08-02,2025-08-22,DELIVERED,13113.24,USD,2025-08-02T00:00:00
PO-2025-04489,PO-004489,SUP-0055,FAC-US-01,WH-US-RAW-01,2026-01-08,2026-01-25,DELIVERED,4092.43,USD,2026-01-08T00:00:00
PO-2025-04490,PO-004490,SUP-0052,FAC-APAC-01,WH-APAC-RAW-01,2026-03-07,2026-03-31,DELIVERED,2361.35,USD,2026-03-07T00:00:00
PO-2025-04491,PO-004491,SUP-0081,FAC-US-01,WH-US-RAW-01,2025-06-06,2025-07-12,DELIVERED,117981.75,USD,2025-06-06T00:00:00
PO-2025-04492,PO-004492,SUP-0093,FAC-EU-01,WH-EU-RAW-01,2026-03-04,2026-04-18,IN_TRANSIT,140231.21,USD,2026-03-04T00:00:00
PO-2025-04493,PO-004493,SUP-0109,FAC-APAC-01,WH-APAC-RAW-01,2025-12-05,2025-12-22,DELIVERED,998.73,USD,2025-12-05T00:00:00
PO-2025-04494,PO-004494,SUP-0089,FAC-EU-01,WH-EU-RAW-01,2025-06-06,2025-06-23,OVERDUE,13153.02,USD,2025-06-06T00:00:00
PO-2025-04495,PO-004495,SUP-0009,FAC-MX-01,WH-MX-RAW-01,2025-10-15,2025-12-10,DELIVERED,1362019.14,USD,2025-10-15T00:00:00
PO-2025-04496,PO-004496,SUP-0087,FAC-US-01,WH-US-RAW-01,2025-06-26,2025-07-13,OVERDUE,73146.74,USD,2025-06-26T00:00:00
PO-2025-04497,PO-004497,SUP-0018,FAC-US-01,WH-US-RAW-01,2026-01-04,2026-01-30,DELIVERED,2953.92,USD,2026-01-04T00:00:00
PO-2025-04498,PO-004498,SUP-0109,FAC-US-01,WH-US-RAW-01,2026-01-22,2026-02-08,DELIVERED,3653.17,USD,2026-01-22T00:00:00
PO-2025-04499,PO-004499,SUP-0081,FAC-MX-01,WH-MX-RAW-01,2025-05-23,2025-06-25,DELIVERED,15985.74,USD,2025-05-23T00:00:00
PO-2025-04500,PO-004500,SUP-0052,FAC-US-01,WH-US-RAW-01,2025-11-09,2025-12-09,DELIVERED,120672.87,USD,2025-11-09T00:00:00
PO-2025-04501,PO-004501,SUP-0095,FAC-MX-01,WH-MX-RAW-01,2026-02-11,2026-03-01,DELIVERED,1163.19,USD,2026-02-11T00:00:00
PO-2025-04502,PO-004502,SUP-0060,FAC-MX-01,WH-MX-RAW-01,2026-04-09,2026-05-09,IN_TRANSIT,115220.27,USD,2026-04-09T00:00:00
PO-2025-04503,PO-004503,SUP-0029,FAC-MX-01,WH-MX-RAW-01,2025-11-11,2025-12-12,CANCELLED,1872.26,USD,2025-11-11T00:00:00
PO-2025-04504,PO-004504,SUP-0062,FAC-APAC-01,WH-APAC-RAW-01,2026-04-19,2026-05-21,PENDING,53928.6,USD,2026-04-19T00:00:00
PO-2025-04505,PO-004505,SUP-0110,FAC-MX-01,WH-MX-RAW-01,2025-11-18,2025-12-07,DELIVERED,39871.76,USD,2025-11-18T00:00:00
PO-2025-04506,PO-004506,SUP-0013,FAC-US-01,WH-US-RAW-01,2025-10-03,2025-10-20,DELIVERED,10809.87,USD,2025-10-03T00:00:00
PO-2025-04507,PO-004507,SUP-0105,FAC-US-01,WH-US-RAW-01,2026-02-24,2026-03-19,CANCELLED,14708.6,USD,2026-02-24T00:00:00
PO-2025-04508,PO-004508,SUP-0078,FAC-US-01,WH-US-RAW-01,2025-11-05,2025-11-28,DELIVERED,11575.21,USD,2025-11-05T00:00:00
PO-2025-04509,PO-004509,SUP-0068,FAC-EU-01,WH-EU-RAW-01,2025-10-29,2025-11-22,DELIVERED,14945.4,USD,2025-10-29T00:00:00
PO-2025-04510,PO-004510,SUP-0076,FAC-APAC-01,WH-APAC-RAW-01,2025-11-04,2025-12-08,DELIVERED,26462.8,USD,2025-11-04T00:00:00
PO-2025-04511,PO-004511,SUP-0104,FAC-APAC-01,WH-APAC-RAW-01,2026-02-23,2026-03-30,DELIVERED,30653.92,USD,2026-02-23T00:00:00
PO-2025-04512,PO-004512,SUP-0102,FAC-EU-01,WH-EU-RAW-01,2026-02-17,2026-03-13,DELIVERED,27400.81,USD,2026-02-17T00:00:00
PO-2025-04513,PO-004513,SUP-0085,FAC-EU-01,WH-EU-RAW-01,2025-10-07,2025-10-19,DELIVERED,23450.88,USD,2025-10-07T00:00:00
PO-2025-04514,PO-004514,SUP-0093,FAC-MX-01,WH-MX-RAW-01,2025-09-11,2025-10-28,DELIVERED,54373.24,USD,2025-09-11T00:00:00
PO-2025-04515,PO-004515,SUP-0029,FAC-EU-01,WH-EU-RAW-01,2025-11-05,2025-12-06,DELIVERED,26882.43,USD,2025-11-05T00:00:00
PO-2025-04516,PO-004516,SUP-0054,FAC-EU-01,WH-EU-RAW-01,2025-11-29,2025-12-29,DELIVERED,16491.43,USD,2025-11-29T00:00:00
PO-2025-04517,PO-004517,SUP-0003,FAC-US-01,WH-US-RAW-01,2025-08-03,2025-08-27,DELIVERED,2637.3,USD,2025-08-03T00:00:00
PO-2025-04518,PO-004518,SUP-0085,FAC-APAC-01,WH-APAC-RAW-01,2026-02-03,2026-02-13,DELIVERED,168643.81,USD,2026-02-03T00:00:00
PO-2025-04519,PO-004519,SUP-0046,FAC-EU-01,WH-EU-RAW-01,2025-11-03,2025-12-03,DELIVERED,17315.92,USD,2025-11-03T00:00:00
PO-2025-04520,PO-004520,SUP-0002,FAC-MX-01,WH-MX-RAW-01,2025-09-11,2025-10-01,DELIVERED,3557.75,USD,2025-09-11T00:00:00
PO-2025-04521,PO-004521,SUP-0041,FAC-MX-01,WH-MX-RAW-01,2025-05-24,2025-06-13,DELIVERED,196389.82,USD,2025-05-24T00:00:00
PO-2025-04522,PO-004522,SUP-0019,FAC-US-01,WH-US-RAW-01,2025-08-03,2025-08-22,DELIVERED,911.0,USD,2025-08-03T00:00:00
PO-2025-04523,PO-004523,SUP-0073,FAC-MX-01,WH-MX-RAW-01,2026-04-18,2026-05-21,PENDING,146083.71,USD,2026-04-18T00:00:00
PO-2025-04524,PO-004524,SUP-0073,FAC-APAC-01,WH-APAC-RAW-01,2025-08-31,2025-09-26,CANCELLED,80702.86,USD,2025-08-31T00:00:00
PO-2025-04525,PO-004525,SUP-0083,FAC-MX-01,WH-MX-RAW-01,2025-06-30,2025-07-27,DELIVERED,18740.91,USD,2025-06-30T00:00:00
PO-2025-04526,PO-004526,SUP-0020,FAC-EU-01,WH-EU-RAW-01,2025-10-26,2025-11-10,CANCELLED,55383.77,USD,2025-10-26T00:00:00
PO-2025-04527,PO-004527,SUP-0030,FAC-APAC-01,WH-APAC-RAW-01,2025-09-01,2025-10-03,DELIVERED,31238.86,USD,2025-09-01T00:00:00
PO-2025-04528,PO-004528,SUP-0120,FAC-US-01,WH-US-RAW-01,2025-03-24,2025-04-20,DELIVERED,120847.22,USD,2025-03-24T00:00:00
PO-2025-04529,PO-004529,SUP-0119,FAC-APAC-01,WH-APAC-RAW-01,2025-09-07,2025-10-12,DELIVERED,32954.76,USD,2025-09-07T00:00:00
PO-2025-04530,PO-004530,SUP-0083,FAC-EU-01,WH-EU-RAW-01,2025-11-21,2025-12-20,DELIVERED,36559.53,USD,2025-11-21T00:00:00
PO-2025-04531,PO-004531,SUP-0053,FAC-US-01,WH-US-RAW-01,2025-11-23,2025-12-25,DELIVERED,141447.06,USD,2025-11-23T00:00:00
PO-2025-04532,PO-004532,SUP-0116,FAC-MX-01,WH-MX-RAW-01,2025-09-20,2025-09-28,DELIVERED,4417.8,USD,2025-09-20T00:00:00
PO-2025-04533,PO-004533,SUP-0044,FAC-APAC-01,WH-APAC-RAW-01,2025-10-21,2025-12-14,DELIVERED,10053.6,USD,2025-10-21T00:00:00
PO-2025-04534,PO-004534,SUP-0062,FAC-APAC-01,WH-APAC-RAW-01,2026-05-01,2026-06-08,PENDING,35319.2,USD,2026-05-01T00:00:00
PO-2025-04535,PO-004535,SUP-0029,FAC-APAC-01,WH-APAC-RAW-01,2025-09-27,2025-11-01,OVERDUE,2831.29,USD,2025-09-27T00:00:00
PO-2025-04536,PO-004536,SUP-0058,FAC-EU-01,WH-EU-RAW-01,2025-08-12,2025-09-08,DELIVERED,100396.94,USD,2025-08-12T00:00:00
PO-2025-04537,PO-004537,SUP-0010,FAC-APAC-01,WH-APAC-RAW-01,2025-08-05,2025-08-21,DELIVERED,5062.75,USD,2025-08-05T00:00:00
PO-2025-04538,PO-004538,SUP-0088,FAC-EU-01,WH-EU-RAW-01,2025-10-25,2025-11-13,DELIVERED,489.6,USD,2025-10-25T00:00:00
PO-2025-04539,PO-004539,SUP-0017,FAC-MX-01,WH-MX-RAW-01,2026-01-22,2026-03-13,DELIVERED,79554.38,USD,2026-01-22T00:00:00
PO-2025-04540,PO-004540,SUP-0083,FAC-EU-01,WH-EU-RAW-01,2025-07-19,2025-08-20,DELIVERED,76186.98,USD,2025-07-19T00:00:00
PO-2025-04541,PO-004541,SUP-0068,FAC-MX-01,WH-MX-RAW-01,2026-01-07,2026-02-01,DELIVERED,128769.03,USD,2026-01-07T00:00:00
PO-2025-04542,PO-004542,SUP-0099,FAC-US-01,WH-US-RAW-01,2025-03-05,2025-03-21,DELIVERED,310149.57,USD,2025-03-05T00:00:00
PO-2025-04543,PO-004543,SUP-0086,FAC-EU-01,WH-EU-RAW-01,2025-10-12,2025-10-21,DELIVERED,53199.84,USD,2025-10-12T00:00:00
PO-2025-04544,PO-004544,SUP-0091,FAC-US-01,WH-US-RAW-01,2026-01-28,2026-02-16,DELIVERED,74887.94,USD,2026-01-28T00:00:00
PO-2025-04545,PO-004545,SUP-0068,FAC-US-01,WH-US-RAW-01,2025-09-13,2025-10-03,OVERDUE,103876.46,USD,2025-09-13T00:00:00
PO-2025-04546,PO-004546,SUP-0120,FAC-MX-01,WH-MX-RAW-01,2025-11-26,2025-12-26,OVERDUE,1905.12,USD,2025-11-26T00:00:00
PO-2025-04547,PO-004547,SUP-0055,FAC-EU-01,WH-EU-RAW-01,2025-07-18,2025-08-07,DELIVERED,12571.35,USD,2025-07-18T00:00:00
PO-2025-04548,PO-004548,SUP-0099,FAC-EU-01,WH-EU-RAW-01,2026-01-17,2026-01-31,DELIVERED,5920.38,USD,2026-01-17T00:00:00
PO-2025-04549,PO-004549,SUP-0058,FAC-MX-01,WH-MX-RAW-01,2025-04-11,2025-05-07,DELIVERED,125067.49,USD,2025-04-11T00:00:00
PO-2025-04550,PO-004550,SUP-0108,FAC-APAC-01,WH-APAC-RAW-01,2026-02-26,2026-03-18,DELIVERED,19114.95,USD,2026-02-26T00:00:00
PO-2025-04551,PO-004551,SUP-0008,FAC-APAC-01,WH-APAC-RAW-01,2025-07-15,2025-08-19,DELIVERED,69293.7,USD,2025-07-15T00:00:00
PO-2025-04552,PO-004552,SUP-0031,FAC-APAC-01,WH-APAC-RAW-01,2026-03-07,2026-05-12,IN_TRANSIT,54099.76,USD,2026-03-07T00:00:00
PO-2025-04553,PO-004553,SUP-0009,FAC-APAC-01,WH-APAC-RAW-01,2025-09-18,2025-11-10,DELIVERED,55264.46,USD,2025-09-18T00:00:00
PO-2025-04554,PO-004554,SUP-0084,FAC-EU-01,WH-EU-RAW-01,2026-01-11,2026-02-05,DELIVERED,7725.53,USD,2026-01-11T00:00:00
PO-2025-04555,PO-004555,SUP-0088,FAC-EU-01,WH-EU-RAW-01,2025-09-06,2025-09-29,DELIVERED,48004.48,USD,2025-09-06T00:00:00
PO-2025-04556,PO-004556,SUP-0100,FAC-MX-01,WH-MX-RAW-01,2026-03-23,2026-04-06,DELIVERED,310144.86,USD,2026-03-23T00:00:00
PO-2025-04557,PO-004557,SUP-0029,FAC-APAC-01,WH-APAC-RAW-01,2025-06-06,2025-07-07,DELIVERED,765.18,USD,2025-06-06T00:00:00
PO-2025-04558,PO-004558,SUP-0093,FAC-APAC-01,WH-APAC-RAW-01,2025-07-05,2025-08-19,DELIVERED,18537.48,USD,2025-07-05T00:00:00
PO-2025-04559,PO-004559,SUP-0095,FAC-US-01,WH-US-RAW-01,2025-11-05,2025-11-21,DELIVERED,68195.58,USD,2025-11-05T00:00:00
PO-2025-04560,PO-004560,SUP-0076,FAC-EU-01,WH-EU-RAW-01,2025-05-06,2025-06-10,DELIVERED,9104.52,USD,2025-05-06T00:00:00
PO-2025-04561,PO-004561,SUP-0012,FAC-EU-01,WH-EU-RAW-01,2025-07-14,2025-07-27,DELIVERED,519801.5,USD,2025-07-14T00:00:00
PO-2025-04562,PO-004562,SUP-0118,FAC-US-01,WH-US-RAW-01,2026-04-14,2026-05-13,PENDING,31149.06,USD,2026-04-14T00:00:00
PO-2025-04563,PO-004563,SUP-0081,FAC-APAC-01,WH-APAC-RAW-01,2026-05-11,2026-06-17,PENDING,72719.41,USD,2026-05-11T00:00:00
PO-2025-04564,PO-004564,SUP-0017,FAC-MX-01,WH-MX-RAW-01,2025-09-27,2025-11-19,DELIVERED,58599.66,USD,2025-09-27T00:00:00
PO-2025-04565,PO-004565,SUP-0095,FAC-US-01,WH-US-RAW-01,2026-04-01,2026-04-19,IN_TRANSIT,1774.8,USD,2026-04-01T00:00:00
PO-2025-04566,PO-004566,SUP-0034,FAC-EU-01,WH-EU-RAW-01,2025-11-21,2025-12-17,OVERDUE,65386.08,USD,2025-11-21T00:00:00
PO-2025-04567,PO-004567,SUP-0029,FAC-EU-01,WH-EU-RAW-01,2025-08-17,2025-09-18,DELIVERED,42016.48,USD,2025-08-17T00:00:00
PO-2025-04568,PO-004568,SUP-0088,FAC-MX-01,WH-MX-RAW-01,2026-01-05,2026-01-29,DELIVERED,2095.2,USD,2026-01-05T00:00:00
PO-2025-04569,PO-004569,SUP-0086,FAC-US-01,WH-US-RAW-01,2025-12-23,2026-01-04,OVERDUE,301280.08,USD,2025-12-23T00:00:00
PO-2025-04570,PO-004570,SUP-0076,FAC-EU-01,WH-EU-RAW-01,2026-05-27,2026-07-06,PENDING,1415.04,USD,2026-05-27T00:00:00
PO-2025-04571,PO-004571,SUP-0090,FAC-EU-01,WH-EU-RAW-01,2025-08-15,2025-09-10,CANCELLED,94625.19,USD,2025-08-15T00:00:00
PO-2025-04572,PO-004572,SUP-0084,FAC-MX-01,WH-MX-RAW-01,2025-12-27,2026-01-23,OVERDUE,163289.41,USD,2025-12-27T00:00:00
PO-2025-04573,PO-004573,SUP-0081,FAC-APAC-01,WH-APAC-RAW-01,2025-04-11,2025-05-14,DELIVERED,122216.44,USD,2025-04-11T00:00:00
PO-2025-04574,PO-004574,SUP-0065,FAC-APAC-01,WH-APAC-RAW-01,2025-05-29,2025-06-29,DELIVERED,109866.72,USD,2025-05-29T00:00:00
PO-2025-04575,PO-004575,SUP-0001,FAC-MX-01,WH-MX-RAW-01,2025-01-28,2025-04-01,DELIVERED,480820.61,USD,2025-01-28T00:00:00
PO-2025-04576,PO-004576,SUP-0102,FAC-US-01,WH-US-RAW-01,2026-06-22,2026-07-18,PENDING,14568.15,USD,2026-06-22T00:00:00
PO-2025-04577,PO-004577,SUP-0058,FAC-EU-01,WH-EU-RAW-01,2026-02-06,2026-03-04,DELIVERED,13619.55,USD,2026-02-06T00:00:00
PO-2025-04578,PO-004578,SUP-0069,FAC-EU-01,WH-EU-RAW-01,2026-02-01,2026-02-26,DELIVERED,34864.45,USD,2026-02-01T00:00:00
PO-2025-04579,PO-004579,SUP-0018,FAC-US-01,WH-US-RAW-01,2025-11-10,2025-12-02,DELIVERED,100401.86,USD,2025-11-10T00:00:00
PO-2025-04580,PO-004580,SUP-0058,FAC-EU-01,WH-EU-RAW-01,2025-08-29,2025-09-29,DELIVERED,81547.7,USD,2025-08-29T00:00:00
PO-2025-04581,PO-004581,SUP-0113,FAC-MX-01,WH-MX-RAW-01,2025-06-20,2025-07-10,DELIVERED,692.92,USD,2025-06-20T00:00:00
PO-2025-04582,PO-004582,SUP-0104,FAC-EU-01,WH-EU-RAW-01,2025-08-23,2025-09-26,DELIVERED,140399.7,USD,2025-08-23T00:00:00
PO-2025-04583,PO-004583,SUP-0004,FAC-APAC-01,WH-APAC-RAW-01,2025-09-27,2025-10-26,OVERDUE,152863.4,USD,2025-09-27T00:00:00
PO-2025-04584,PO-004584,SUP-0044,FAC-EU-01,WH-EU-RAW-01,2026-01-21,2026-03-19,OVERDUE,31270.78,USD,2026-01-21T00:00:00
PO-2025-04585,PO-004585,SUP-0107,FAC-MX-01,WH-MX-RAW-01,2025-11-19,2025-12-06,DELIVERED,135123.19,USD,2025-11-19T00:00:00
PO-2025-04586,PO-004586,SUP-0052,FAC-EU-01,WH-EU-RAW-01,2025-05-03,2025-05-28,DELIVERED,6933.13,USD,2025-05-03T00:00:00
PO-2025-04587,PO-004587,SUP-0082,FAC-EU-01,WH-EU-RAW-01,2025-02-28,2025-05-07,DELIVERED,168195.86,USD,2025-02-28T00:00:00
PO-2025-04588,PO-004588,SUP-0058,FAC-APAC-01,WH-APAC-RAW-01,2025-05-21,2025-06-14,DELIVERED,232959.23,USD,2025-05-21T00:00:00
PO-2025-04589,PO-004589,SUP-0079,FAC-US-01,WH-US-RAW-01,2025-10-09,2025-11-02,DELIVERED,34151.86,USD,2025-10-09T00:00:00
PO-2025-04590,PO-004590,SUP-0048,FAC-EU-01,WH-EU-RAW-01,2026-04-07,2026-05-09,IN_TRANSIT,182484.97,USD,2026-04-07T00:00:00
PO-2025-04591,PO-004591,SUP-0079,FAC-APAC-01,WH-APAC-RAW-01,2025-12-17,2026-01-12,DELIVERED,1820.63,USD,2025-12-17T00:00:00
PO-2025-04592,PO-004592,SUP-0030,FAC-EU-01,WH-EU-RAW-01,2026-02-06,2026-03-15,DELIVERED,115385.41,USD,2026-02-06T00:00:00
PO-2025-04593,PO-004593,SUP-0009,FAC-APAC-01,WH-APAC-RAW-01,2025-10-28,2025-12-17,DELIVERED,646.12,USD,2025-10-28T00:00:00
PO-2025-04594,PO-004594,SUP-0012,FAC-US-01,WH-US-RAW-01,2025-09-22,2025-10-07,DELIVERED,103542.58,USD,2025-09-22T00:00:00
PO-2025-04595,PO-004595,SUP-0118,FAC-MX-01,WH-MX-RAW-01,2025-05-25,2025-06-21,CANCELLED,12518.84,USD,2025-05-25T00:00:00
PO-2025-04596,PO-004596,SUP-0108,FAC-EU-01,WH-EU-RAW-01,2026-03-08,2026-03-31,DELIVERED,33411.85,USD,2026-03-08T00:00:00
PO-2025-04597,PO-004597,SUP-0019,FAC-EU-01,WH-EU-RAW-01,2026-01-30,2026-02-20,DELIVERED,6204.66,USD,2026-01-30T00:00:00
PO-2025-04598,PO-004598,SUP-0077,FAC-APAC-01,WH-APAC-RAW-01,2025-06-30,2025-07-22,DELIVERED,15250.96,USD,2025-06-30T00:00:00
PO-2025-04599,PO-004599,SUP-0059,FAC-EU-01,WH-EU-RAW-01,2025-11-11,2026-01-14,DELIVERED,125545.56,USD,2025-11-11T00:00:00
PO-2025-04600,PO-004600,SUP-0044,FAC-US-01,WH-US-RAW-01,2025-11-03,2025-12-31,OVERDUE,77517.21,USD,2025-11-03T00:00:00
PO-2025-04601,PO-004601,SUP-0083,FAC-APAC-01,WH-APAC-RAW-01,2025-12-14,2026-01-11,DELIVERED,2187.18,USD,2025-12-14T00:00:00
PO-2025-04602,PO-004602,SUP-0006,FAC-APAC-01,WH-APAC-RAW-01,2026-04-16,2026-05-02,PENDING,137463.39,USD,2026-04-16T00:00:00
PO-2025-04603,PO-004603,SUP-0084,FAC-APAC-01,WH-APAC-RAW-01,2025-12-01,2025-12-26,DELIVERED,41032.34,USD,2025-12-01T00:00:00
PO-2025-04604,PO-004604,SUP-0076,FAC-APAC-01,WH-APAC-RAW-01,2025-11-19,2025-12-23,DELIVERED,346064.52,USD,2025-11-19T00:00:00
PO-2025-04605,PO-004605,SUP-0017,FAC-MX-01,WH-MX-RAW-01,2025-04-09,2025-05-29,DELIVERED,31609.23,USD,2025-04-09T00:00:00
PO-2025-04606,PO-004606,SUP-0013,FAC-US-01,WH-US-RAW-01,2025-04-21,2025-05-10,DELIVERED,30156.42,USD,2025-04-21T00:00:00
PO-2025-04607,PO-004607,SUP-0077,FAC-EU-01,WH-EU-RAW-01,2025-07-10,2025-08-02,DELIVERED,13311.9,USD,2025-07-10T00:00:00
PO-2025-04608,PO-004608,SUP-0092,FAC-US-01,WH-US-RAW-01,2025-03-21,2025-04-14,OVERDUE,33836.39,USD,2025-03-21T00:00:00
PO-2025-04609,PO-004609,SUP-0012,FAC-EU-01,WH-EU-RAW-01,2026-01-17,2026-02-01,DELIVERED,1438.42,USD,2026-01-17T00:00:00
PO-2025-04610,PO-004610,SUP-0110,FAC-US-01,WH-US-RAW-01,2026-01-11,2026-01-26,DELIVERED,13646.24,USD,2026-01-11T00:00:00
PO-2025-04611,PO-004611,SUP-0113,FAC-EU-01,WH-EU-RAW-01,2025-06-12,2025-06-30,OVERDUE,13289.58,USD,2025-06-12T00:00:00
PO-2025-04612,PO-004612,SUP-0082,FAC-APAC-01,WH-APAC-RAW-01,2026-02-19,2026-04-23,IN_TRANSIT,28113.21,USD,2026-02-19T00:00:00
PO-2025-04613,PO-004613,SUP-0103,FAC-APAC-01,WH-APAC-RAW-01,2025-06-22,2025-08-10,DELIVERED,76474.3,USD,2025-06-22T00:00:00
PO-2025-04614,PO-004614,SUP-0011,FAC-US-01,WH-US-RAW-01,2025-08-30,2025-09-19,DELIVERED,53801.72,USD,2025-08-30T00:00:00
PO-2025-04615,PO-004615,SUP-0052,FAC-US-01,WH-US-RAW-01,2025-08-08,2025-09-02,DELIVERED,17717.16,USD,2025-08-08T00:00:00
PO-2025-04616,PO-004616,SUP-0100,FAC-EU-01,WH-EU-RAW-01,2025-09-26,2025-10-11,DELIVERED,18241.86,USD,2025-09-26T00:00:00
PO-2025-04617,PO-004617,SUP-0026,FAC-US-01,WH-US-RAW-01,2025-08-10,2025-09-12,DELIVERED,1174.32,USD,2025-08-10T00:00:00
PO-2025-04618,PO-004618,SUP-0118,FAC-MX-01,WH-MX-RAW-01,2025-11-04,2025-12-04,DELIVERED,23707.76,USD,2025-11-04T00:00:00
PO-2025-04619,PO-004619,SUP-0043,FAC-US-01,WH-US-RAW-01,2025-10-08,2025-11-04,DELIVERED,339189.35,USD,2025-10-08T00:00:00
PO-2025-04620,PO-004620,SUP-0052,FAC-APAC-01,WH-APAC-RAW-01,2026-05-23,2026-06-20,PENDING,21502.8,USD,2026-05-23T00:00:00
PO-2025-04621,PO-004621,SUP-0011,FAC-MX-01,WH-MX-RAW-01,2025-04-14,2025-05-04,DELIVERED,4696.0,USD,2025-04-14T00:00:00
PO-2025-04622,PO-004622,SUP-0001,FAC-US-01,WH-US-RAW-01,2025-06-15,2025-08-12,DELIVERED,27275.25,USD,2025-06-15T00:00:00
PO-2025-04623,PO-004623,SUP-0031,FAC-MX-01,WH-MX-RAW-01,2025-04-11,2025-06-13,DELIVERED,671146.82,USD,2025-04-11T00:00:00
PO-2025-04624,PO-004624,SUP-0074,FAC-EU-01,WH-EU-RAW-01,2025-12-14,2026-01-04,DELIVERED,20433.0,USD,2025-12-14T00:00:00
PO-2025-04625,PO-004625,SUP-0107,FAC-US-01,WH-US-RAW-01,2025-04-13,2025-04-26,DELIVERED,14993.28,USD,2025-04-13T00:00:00
PO-2025-04626,PO-004626,SUP-0089,FAC-APAC-01,WH-APAC-RAW-01,2026-02-19,2026-03-05,DELIVERED,439283.11,USD,2026-02-19T00:00:00
PO-2025-04627,PO-004627,SUP-0116,FAC-APAC-01,WH-APAC-RAW-01,2025-11-11,2025-11-21,DELIVERED,8368.8,USD,2025-11-11T00:00:00
PO-2025-04628,PO-004628,SUP-0109,FAC-MX-01,WH-MX-RAW-01,2025-11-15,2025-11-30,DELIVERED,74714.66,USD,2025-11-15T00:00:00
PO-2025-04629,PO-004629,SUP-0051,FAC-EU-01,WH-EU-RAW-01,2025-11-26,2025-12-18,DELIVERED,4137.6,USD,2025-11-26T00:00:00
PO-2025-04630,PO-004630,SUP-0055,FAC-US-01,WH-US-RAW-01,2025-07-01,2025-07-20,DELIVERED,4802.16,USD,2025-07-01T00:00:00
PO-2025-04631,PO-004631,SUP-0082,FAC-APAC-01,WH-APAC-RAW-01,2025-07-15,2025-09-19,DELIVERED,68847.32,USD,2025-07-15T00:00:00
PO-2025-04632,PO-004632,SUP-0077,FAC-APAC-01,WH-APAC-RAW-01,2025-09-06,2025-09-28,DELIVERED,19270.56,USD,2025-09-06T00:00:00
PO-2025-04633,PO-004633,SUP-0013,FAC-APAC-01,WH-APAC-RAW-01,2025-12-05,2025-12-27,DELIVERED,49896.0,USD,2025-12-05T00:00:00
PO-2025-04634,PO-004634,SUP-0006,FAC-US-01,WH-US-RAW-01,2025-07-21,2025-08-04,DELIVERED,1683.63,USD,2025-07-21T00:00:00
PO-2025-04635,PO-004635,SUP-0113,FAC-EU-01,WH-EU-RAW-01,2025-05-30,2025-06-16,DELIVERED,209307.71,USD,2025-05-30T00:00:00
PO-2025-04636,PO-004636,SUP-0086,FAC-APAC-01,WH-APAC-RAW-01,2026-05-05,2026-05-17,PENDING,19929.6,USD,2026-05-05T00:00:00
PO-2025-04637,PO-004637,SUP-0106,FAC-MX-01,WH-MX-RAW-01,2025-03-07,2025-04-15,OVERDUE,2900.75,USD,2025-03-07T00:00:00
PO-2025-04638,PO-004638,SUP-0064,FAC-US-01,WH-US-RAW-01,2026-02-06,2026-03-02,DELIVERED,57047.64,USD,2026-02-06T00:00:00
PO-2025-04639,PO-004639,SUP-0084,FAC-APAC-01,WH-APAC-RAW-01,2026-02-01,2026-02-23,DELIVERED,6740.73,USD,2026-02-01T00:00:00
PO-2025-04640,PO-004640,SUP-0118,FAC-EU-01,WH-EU-RAW-01,2025-08-28,2025-09-27,CANCELLED,130474.36,USD,2025-08-28T00:00:00
PO-2025-04641,PO-004641,SUP-0054,FAC-EU-01,WH-EU-RAW-01,2025-06-11,2025-07-12,DELIVERED,777847.61,USD,2025-06-11T00:00:00
PO-2025-04642,PO-004642,SUP-0058,FAC-MX-01,WH-MX-RAW-01,2025-06-17,2025-07-18,DELIVERED,77967.5,USD,2025-06-17T00:00:00
PO-2025-04643,PO-004643,SUP-0004,FAC-EU-01,WH-EU-RAW-01,2026-01-03,2026-02-04,CANCELLED,41931.0,USD,2026-01-03T00:00:00
PO-2025-04644,PO-004644,SUP-0081,FAC-APAC-01,WH-APAC-RAW-01,2025-12-19,2026-01-21,DELIVERED,16707.85,USD,2025-12-19T00:00:00
PO-2025-04645,PO-004645,SUP-0021,FAC-US-01,WH-US-RAW-01,2026-01-30,2026-02-26,OVERDUE,29363.14,USD,2026-01-30T00:00:00
PO-2025-04646,PO-004646,SUP-0025,FAC-MX-01,WH-MX-RAW-01,2026-04-10,2026-04-19,IN_TRANSIT,36338.4,USD,2026-04-10T00:00:00
PO-2025-04647,PO-004647,SUP-0006,FAC-MX-01,WH-MX-RAW-01,2026-01-02,2026-01-16,DELIVERED,52566.56,USD,2026-01-02T00:00:00
PO-2025-04648,PO-004648,SUP-0085,FAC-EU-01,WH-EU-RAW-01,2025-06-23,2025-07-03,DELIVERED,21096.89,USD,2025-06-23T00:00:00
PO-2025-04649,PO-004649,SUP-0001,FAC-APAC-01,WH-APAC-RAW-01,2025-08-05,2025-09-30,DELIVERED,123910.32,USD,2025-08-05T00:00:00
PO-2025-04650,PO-004650,SUP-0085,FAC-US-01,WH-US-RAW-01,2026-02-21,2026-02-28,DELIVERED,14226.3,USD,2026-02-21T00:00:00
PO-2025-04651,PO-004651,SUP-0086,FAC-EU-01,WH-EU-RAW-01,2025-07-21,2025-07-30,DELIVERED,151327.72,USD,2025-07-21T00:00:00
PO-2025-04652,PO-004652,SUP-0069,FAC-US-01,WH-US-RAW-01,2025-04-29,2025-05-24,DELIVERED,4212.96,USD,2025-04-29T00:00:00
PO-2025-04653,PO-004653,SUP-0046,FAC-EU-01,WH-EU-RAW-01,2026-01-05,2026-01-31,OVERDUE,6337.1,USD,2026-01-05T00:00:00
PO-2025-04654,PO-004654,SUP-0110,FAC-APAC-01,WH-APAC-RAW-01,2025-10-06,2025-10-25,DELIVERED,110649.52,USD,2025-10-06T00:00:00
PO-2025-04655,PO-004655,SUP-0105,FAC-US-01,WH-US-RAW-01,2026-03-30,2026-04-17,IN_TRANSIT,35002.56,USD,2026-03-30T00:00:00
PO-2025-04656,PO-004656,SUP-0091,FAC-EU-01,WH-EU-RAW-01,2025-12-21,2026-01-10,DELIVERED,49180.79,USD,2025-12-21T00:00:00
PO-2025-04657,PO-004657,SUP-0041,FAC-APAC-01,WH-APAC-RAW-01,2025-05-13,2025-06-01,DELIVERED,13440.2,USD,2025-05-13T00:00:00
PO-2025-04658,PO-004658,SUP-0058,FAC-MX-01,WH-MX-RAW-01,2026-04-17,2026-05-18,PENDING,186563.49,USD,2026-04-17T00:00:00
PO-2025-04659,PO-004659,SUP-0050,FAC-MX-01,WH-MX-RAW-01,2025-08-12,2025-09-11,DELIVERED,402.57,USD,2025-08-12T00:00:00
PO-2025-04660,PO-004660,SUP-0059,FAC-US-01,WH-US-RAW-01,2025-09-13,2025-11-10,DELIVERED,1303.56,USD,2025-09-13T00:00:00
PO-2025-04661,PO-004661,SUP-0109,FAC-MX-01,WH-MX-RAW-01,2025-10-06,2025-10-26,DELIVERED,17010.44,USD,2025-10-06T00:00:00
PO-2025-04662,PO-004662,SUP-0008,FAC-US-01,WH-US-RAW-01,2025-04-10,2025-05-16,DELIVERED,91209.49,USD,2025-04-10T00:00:00
PO-2025-04663,PO-004663,SUP-0043,FAC-APAC-01,WH-APAC-RAW-01,2025-11-06,2025-12-05,OVERDUE,21556.95,USD,2025-11-06T00:00:00
PO-2025-04664,PO-004664,SUP-0111,FAC-EU-01,WH-EU-RAW-01,2025-06-04,2025-07-08,DELIVERED,55633.2,USD,2025-06-04T00:00:00
PO-2025-04665,PO-004665,SUP-0118,FAC-APAC-01,WH-APAC-RAW-01,2025-10-06,2025-11-07,DELIVERED,75836.2,USD,2025-10-06T00:00:00
PO-2025-04666,PO-004666,SUP-0105,FAC-EU-01,WH-EU-RAW-01,2025-09-18,2025-10-07,DELIVERED,316687.31,USD,2025-09-18T00:00:00
PO-2025-04667,PO-004667,SUP-0076,FAC-US-01,WH-US-RAW-01,2026-01-27,2026-03-01,DELIVERED,24308.7,USD,2026-01-27T00:00:00
PO-2025-04668,PO-004668,SUP-0002,FAC-US-01,WH-US-RAW-01,2026-02-06,2026-03-02,DELIVERED,39595.04,USD,2026-02-06T00:00:00
PO-2025-04669,PO-004669,SUP-0077,FAC-EU-01,WH-EU-RAW-01,2025-06-22,2025-07-14,DELIVERED,81195.39,USD,2025-06-22T00:00:00
PO-2025-04670,PO-004670,SUP-0008,FAC-US-01,WH-US-RAW-01,2025-09-24,2025-10-30,DELIVERED,2506.4,USD,2025-09-24T00:00:00
PO-2025-04671,PO-004671,SUP-0107,FAC-EU-01,WH-EU-RAW-01,2025-09-26,2025-10-14,DELIVERED,8945.58,USD,2025-09-26T00:00:00
PO-2025-04672,PO-004672,SUP-0042,FAC-EU-01,WH-EU-RAW-01,2025-06-20,2025-07-15,DELIVERED,162008.5,USD,2025-06-20T00:00:00
PO-2025-04673,PO-004673,SUP-0059,FAC-MX-01,WH-MX-RAW-01,2026-02-05,2026-04-05,DELIVERED,464151.19,USD,2026-02-05T00:00:00
PO-2025-04674,PO-004674,SUP-0049,FAC-EU-01,WH-EU-RAW-01,2026-01-06,2026-01-22,DELIVERED,49411.63,USD,2026-01-06T00:00:00
PO-2025-04675,PO-004675,SUP-0093,FAC-APAC-01,WH-APAC-RAW-01,2025-07-11,2025-08-23,DELIVERED,47415.94,USD,2025-07-11T00:00:00
PO-2025-04676,PO-004676,SUP-0042,FAC-US-01,WH-US-RAW-01,2025-09-24,2025-10-22,DELIVERED,43265.72,USD,2025-09-24T00:00:00
PO-2025-04677,PO-004677,SUP-0026,FAC-US-01,WH-US-RAW-01,2025-05-23,2025-06-21,DELIVERED,953.82,USD,2025-05-23T00:00:00
PO-2025-04678,PO-004678,SUP-0087,FAC-EU-01,WH-EU-RAW-01,2025-12-15,2026-01-04,DELIVERED,12744.34,USD,2025-12-15T00:00:00
PO-2025-04679,PO-004679,SUP-0024,FAC-APAC-01,WH-APAC-RAW-01,2025-06-03,2025-06-18,DELIVERED,2370.06,USD,2025-06-03T00:00:00
PO-2025-04680,PO-004680,SUP-0084,FAC-EU-01,WH-EU-RAW-01,2026-05-22,2026-06-20,PENDING,116136.13,USD,2026-05-22T00:00:00
PO-2025-04681,PO-004681,SUP-0112,FAC-US-01,WH-US-RAW-01,2026-01-30,2026-02-14,DELIVERED,3979.13,USD,2026-01-30T00:00:00
PO-2025-04682,PO-004682,SUP-0026,FAC-MX-01,WH-MX-RAW-01,2025-10-02,2025-11-03,DELIVERED,11635.97,USD,2025-10-02T00:00:00
PO-2025-04683,PO-004683,SUP-0004,FAC-APAC-01,WH-APAC-RAW-01,2025-12-01,2025-12-29,DELIVERED,1105.77,USD,2025-12-01T00:00:00
PO-2025-04684,PO-004684,SUP-0099,FAC-US-01,WH-US-RAW-01,2026-03-25,2026-04-07,DELIVERED,8847.15,USD,2026-03-25T00:00:00
PO-2025-04685,PO-004685,SUP-0038,FAC-MX-01,WH-MX-RAW-01,2025-11-24,2025-12-18,DELIVERED,5936.07,USD,2025-11-24T00:00:00
PO-2025-04686,PO-004686,SUP-0090,FAC-US-01,WH-US-RAW-01,2025-07-03,2025-07-31,DELIVERED,1214.59,USD,2025-07-03T00:00:00
PO-2025-04687,PO-004687,SUP-0022,FAC-EU-01,WH-EU-RAW-01,2025-09-28,2025-10-10,DELIVERED,150393.74,USD,2025-09-28T00:00:00
PO-2025-04688,PO-004688,SUP-0019,FAC-MX-01,WH-MX-RAW-01,2026-02-22,2026-03-16,DELIVERED,358244.72,USD,2026-02-22T00:00:00
PO-2025-04689,PO-004689,SUP-0009,FAC-EU-01,WH-EU-RAW-01,2025-12-19,2026-02-09,DELIVERED,453110.76,USD,2025-12-19T00:00:00
PO-2025-04690,PO-004690,SUP-0090,FAC-EU-01,WH-EU-RAW-01,2025-12-21,2026-01-18,DELIVERED,29335.24,USD,2025-12-21T00:00:00
PO-2025-04691,PO-004691,SUP-0065,FAC-US-01,WH-US-RAW-01,2026-03-04,2026-04-05,DELIVERED,13847.52,USD,2026-03-04T00:00:00
PO-2025-04692,PO-004692,SUP-0082,FAC-MX-01,WH-MX-RAW-01,2026-03-17,2026-05-23,IN_TRANSIT,10078.62,USD,2026-03-17T00:00:00
PO-2025-04693,PO-004693,SUP-0015,FAC-US-01,WH-US-RAW-01,2026-03-30,2026-05-29,IN_TRANSIT,1255.37,USD,2026-03-30T00:00:00
PO-2025-04694,PO-004694,SUP-0065,FAC-US-01,WH-US-RAW-01,2025-05-16,2025-06-19,DELIVERED,6799.52,USD,2025-05-16T00:00:00
PO-2025-04695,PO-004695,SUP-0089,FAC-MX-01,WH-MX-RAW-01,2025-11-21,2025-12-07,DELIVERED,30179.07,USD,2025-11-21T00:00:00
PO-2025-04696,PO-004696,SUP-0090,FAC-US-01,WH-US-RAW-01,2026-01-16,2026-02-12,DELIVERED,28982.3,USD,2026-01-16T00:00:00
PO-2025-04697,PO-004697,SUP-0112,FAC-US-01,WH-US-RAW-01,2026-01-22,2026-02-04,CANCELLED,21445.24,USD,2026-01-22T00:00:00
PO-2025-04698,PO-004698,SUP-0047,FAC-EU-01,WH-EU-RAW-01,2025-12-09,2025-12-27,DELIVERED,1991.75,USD,2025-12-09T00:00:00
PO-2025-04699,PO-004699,SUP-0006,FAC-MX-01,WH-MX-RAW-01,2025-06-29,2025-07-09,DELIVERED,40356.36,USD,2025-06-29T00:00:00
PO-2025-04700,PO-004700,SUP-0052,FAC-EU-01,WH-EU-RAW-01,2026-02-04,2026-03-01,CANCELLED,44047.64,USD,2026-02-04T00:00:00
PO-2025-04701,PO-004701,SUP-0006,FAC-US-01,WH-US-RAW-01,2026-01-10,2026-01-21,DELIVERED,147328.85,USD,2026-01-10T00:00:00
PO-2025-04702,PO-004702,SUP-0083,FAC-EU-01,WH-EU-RAW-01,2025-05-09,2025-06-07,DELIVERED,74455.03,USD,2025-05-09T00:00:00
PO-2025-04703,PO-004703,SUP-0004,FAC-US-01,WH-US-RAW-01,2025-10-27,2025-11-28,DELIVERED,719.55,USD,2025-10-27T00:00:00
PO-2025-04704,PO-004704,SUP-0104,FAC-MX-01,WH-MX-RAW-01,2025-07-03,2025-08-01,DELIVERED,322.92,USD,2025-07-03T00:00:00
PO-2025-04705,PO-004705,SUP-0057,FAC-EU-01,WH-EU-RAW-01,2025-09-13,2025-09-30,DELIVERED,30464.0,USD,2025-09-13T00:00:00
PO-2025-04706,PO-004706,SUP-0100,FAC-EU-01,WH-EU-RAW-01,2025-03-01,2025-03-09,DELIVERED,189776.34,USD,2025-03-01T00:00:00
PO-2025-04707,PO-004707,SUP-0004,FAC-EU-01,WH-EU-RAW-01,2025-10-06,2025-11-05,DELIVERED,5077.44,USD,2025-10-06T00:00:00
PO-2025-04708,PO-004708,SUP-0093,FAC-MX-01,WH-MX-RAW-01,2025-11-22,2026-01-09,DELIVERED,56652.22,USD,2025-11-22T00:00:00
PO-2025-04709,PO-004709,SUP-0018,FAC-APAC-01,WH-APAC-RAW-01,2025-12-12,2026-01-02,DELIVERED,158139.31,USD,2025-12-12T00:00:00
PO-2025-04710,PO-004710,SUP-0057,FAC-APAC-01,WH-APAC-RAW-01,2025-12-24,2026-01-09,DELIVERED,1496.11,USD,2025-12-24T00:00:00
PO-2025-04711,PO-004711,SUP-0102,FAC-MX-01,WH-MX-RAW-01,2026-02-19,2026-03-14,DELIVERED,717.5,USD,2026-02-19T00:00:00
PO-2025-04712,PO-004712,SUP-0060,FAC-US-01,WH-US-RAW-01,2025-07-23,2025-08-19,DELIVERED,46437.3,USD,2025-07-23T00:00:00
PO-2025-04713,PO-004713,SUP-0057,FAC-APAC-01,WH-APAC-RAW-01,2025-06-02,2025-06-22,DELIVERED,13791.75,USD,2025-06-02T00:00:00
PO-2025-04714,PO-004714,SUP-0049,FAC-US-01,WH-US-RAW-01,2026-02-25,2026-03-13,OVERDUE,93103.73,USD,2026-02-25T00:00:00
PO-2025-04715,PO-004715,SUP-0020,FAC-US-01,WH-US-RAW-01,2025-06-23,2025-07-10,DELIVERED,120604.86,USD,2025-06-23T00:00:00
PO-2025-04716,PO-004716,SUP-0093,FAC-APAC-01,WH-APAC-RAW-01,2026-05-09,2026-06-23,PENDING,34414.9,USD,2026-05-09T00:00:00
PO-2025-04717,PO-004717,SUP-0022,FAC-EU-01,WH-EU-RAW-01,2026-02-22,2026-03-08,DELIVERED,21773.6,USD,2026-02-22T00:00:00
PO-2025-04718,PO-004718,SUP-0087,FAC-EU-01,WH-EU-RAW-01,2025-11-07,2025-11-22,DELIVERED,13592.7,USD,2025-11-07T00:00:00
PO-2025-04719,PO-004719,SUP-0017,FAC-APAC-01,WH-APAC-RAW-01,2026-05-17,2026-07-10,PENDING,1880.67,USD,2026-05-17T00:00:00
PO-2025-04720,PO-004720,SUP-0003,FAC-MX-01,WH-MX-RAW-01,2025-05-18,2025-06-05,DELIVERED,21542.97,USD,2025-05-18T00:00:00
PO-2025-04721,PO-004721,SUP-0060,FAC-MX-01,WH-MX-RAW-01,2025-08-30,2025-09-27,DELIVERED,163748.32,USD,2025-08-30T00:00:00
PO-2025-04722,PO-004722,SUP-0084,FAC-EU-01,WH-EU-RAW-01,2025-12-18,2026-01-15,DELIVERED,227927.08,USD,2025-12-18T00:00:00
PO-2025-04723,PO-004723,SUP-0007,FAC-APAC-01,WH-APAC-RAW-01,2025-09-17,2025-10-08,OVERDUE,22293.27,USD,2025-09-17T00:00:00
PO-2025-04724,PO-004724,SUP-0084,FAC-APAC-01,WH-APAC-RAW-01,2026-04-04,2026-05-01,IN_TRANSIT,11040.71,USD,2026-04-04T00:00:00
PO-2025-04725,PO-004725,SUP-0054,FAC-APAC-01,WH-APAC-RAW-01,2025-04-23,2025-05-24,DELIVERED,32268.96,USD,2025-04-23T00:00:00
PO-2025-04726,PO-004726,SUP-0027,FAC-EU-01,WH-EU-RAW-01,2025-11-22,2025-12-16,DELIVERED,316474.44,USD,2025-11-22T00:00:00
PO-2025-04727,PO-004727,SUP-0031,FAC-MX-01,WH-MX-RAW-01,2025-12-04,2026-02-06,DELIVERED,273554.78,USD,2025-12-04T00:00:00
PO-2025-04728,PO-004728,SUP-0058,FAC-APAC-01,WH-APAC-RAW-01,2025-12-21,2026-01-20,DELIVERED,8119.8,USD,2025-12-21T00:00:00
PO-2025-04729,PO-004729,SUP-0089,FAC-EU-01,WH-EU-RAW-01,2025-08-11,2025-08-25,DELIVERED,20723.5,USD,2025-08-11T00:00:00
PO-2025-04730,PO-004730,SUP-0100,FAC-EU-01,WH-EU-RAW-01,2025-09-23,2025-10-07,DELIVERED,45504.18,USD,2025-09-23T00:00:00
PO-2025-04731,PO-004731,SUP-0079,FAC-EU-01,WH-EU-RAW-01,2026-02-22,2026-03-21,DELIVERED,494.4,USD,2026-02-22T00:00:00
PO-2025-04732,PO-004732,SUP-0085,FAC-EU-01,WH-EU-RAW-01,2025-07-14,2025-07-24,DELIVERED,1574.06,USD,2025-07-14T00:00:00
PO-2025-04733,PO-004733,SUP-0070,FAC-MX-01,WH-MX-RAW-01,2026-02-15,2026-04-11,DELIVERED,9557.25,USD,2026-02-15T00:00:00
PO-2025-04734,PO-004734,SUP-0074,FAC-US-01,WH-US-RAW-01,2025-11-26,2025-12-17,DELIVERED,118626.78,USD,2025-11-26T00:00:00
PO-2025-04735,PO-004735,SUP-0051,FAC-MX-01,WH-MX-RAW-01,2026-01-23,2026-02-13,DELIVERED,18794.16,USD,2026-01-23T00:00:00
PO-2025-04736,PO-004736,SUP-0026,FAC-APAC-01,WH-APAC-RAW-01,2026-01-08,2026-02-06,DELIVERED,75831.5,USD,2026-01-08T00:00:00
PO-2025-04737,PO-004737,SUP-0041,FAC-US-01,WH-US-RAW-01,2025-07-20,2025-08-11,DELIVERED,46865.66,USD,2025-07-20T00:00:00
PO-2025-04738,PO-004738,SUP-0091,FAC-APAC-01,WH-APAC-RAW-01,2025-11-28,2025-12-11,DELIVERED,1593.9,USD,2025-11-28T00:00:00
PO-2025-04739,PO-004739,SUP-0001,FAC-US-01,WH-US-RAW-01,2026-03-04,2026-05-04,IN_TRANSIT,24082.05,USD,2026-03-04T00:00:00
PO-2025-04740,PO-004740,SUP-0058,FAC-US-01,WH-US-RAW-01,2025-10-16,2025-11-09,DELIVERED,42330.07,USD,2025-10-16T00:00:00
PO-2025-04741,PO-004741,SUP-0059,FAC-MX-01,WH-MX-RAW-01,2026-05-02,2026-07-06,PENDING,292760.0,USD,2026-05-02T00:00:00
PO-2025-04742,PO-004742,SUP-0035,FAC-APAC-01,WH-APAC-RAW-01,2025-10-23,2025-12-11,DELIVERED,12162.66,USD,2025-10-23T00:00:00
PO-2025-04743,PO-004743,SUP-0076,FAC-US-01,WH-US-RAW-01,2025-06-16,2025-07-21,DELIVERED,2983.16,USD,2025-06-16T00:00:00
PO-2025-04744,PO-004744,SUP-0013,FAC-MX-01,WH-MX-RAW-01,2025-10-02,2025-10-24,DELIVERED,24878.48,USD,2025-10-02T00:00:00
PO-2025-04745,PO-004745,SUP-0095,FAC-MX-01,WH-MX-RAW-01,2026-04-20,2026-05-06,PENDING,91696.02,USD,2026-04-20T00:00:00
PO-2025-04746,PO-004746,SUP-0052,FAC-US-01,WH-US-RAW-01,2025-09-06,2025-10-04,DELIVERED,146050.43,USD,2025-09-06T00:00:00
PO-2025-04747,PO-004747,SUP-0074,FAC-US-01,WH-US-RAW-01,2026-03-04,2026-03-30,DELIVERED,15888.42,USD,2026-03-04T00:00:00
PO-2025-04748,PO-004748,SUP-0084,FAC-US-01,WH-US-RAW-01,2026-03-10,2026-04-07,DELIVERED,337896.7,USD,2026-03-10T00:00:00
PO-2025-04749,PO-004749,SUP-0093,FAC-APAC-01,WH-APAC-RAW-01,2025-09-18,2025-10-29,DELIVERED,5366.73,USD,2025-09-18T00:00:00
PO-2025-04750,PO-004750,SUP-0061,FAC-APAC-01,WH-APAC-RAW-01,2025-05-07,2025-05-26,OVERDUE,1002.0,USD,2025-05-07T00:00:00
PO-2025-04751,PO-004751,SUP-0072,FAC-EU-01,WH-EU-RAW-01,2026-01-11,2026-03-06,DELIVERED,24970.35,USD,2026-01-11T00:00:00
PO-2025-04752,PO-004752,SUP-0019,FAC-EU-01,WH-EU-RAW-01,2025-09-03,2025-09-20,OVERDUE,171145.26,USD,2025-09-03T00:00:00
PO-2025-04753,PO-004753,SUP-0097,FAC-US-01,WH-US-RAW-01,2026-01-30,2026-03-06,DELIVERED,57648.23,USD,2026-01-30T00:00:00
PO-2025-04754,PO-004754,SUP-0088,FAC-US-01,WH-US-RAW-01,2025-10-20,2025-11-09,DELIVERED,168631.05,USD,2025-10-20T00:00:00
PO-2025-04755,PO-004755,SUP-0095,FAC-APAC-01,WH-APAC-RAW-01,2025-11-03,2025-11-21,DELIVERED,4082.4,USD,2025-11-03T00:00:00
PO-2025-04756,PO-004756,SUP-0014,FAC-MX-01,WH-MX-RAW-01,2026-01-29,2026-03-31,DELIVERED,2351.52,USD,2026-01-29T00:00:00
PO-2025-04757,PO-004757,SUP-0009,FAC-US-01,WH-US-RAW-01,2025-09-29,2025-11-18,DELIVERED,73979.9,USD,2025-09-29T00:00:00
PO-2025-04758,PO-004758,SUP-0109,FAC-APAC-01,WH-APAC-RAW-01,2025-10-20,2025-11-04,OVERDUE,1549.47,USD,2025-10-20T00:00:00
PO-2025-04759,PO-004759,SUP-0003,FAC-MX-01,WH-MX-RAW-01,2025-09-27,2025-10-18,DELIVERED,68533.15,USD,2025-09-27T00:00:00
PO-2025-04760,PO-004760,SUP-0051,FAC-EU-01,WH-EU-RAW-01,2025-09-24,2025-10-16,DELIVERED,183052.73,USD,2025-09-24T00:00:00
PO-2025-04761,PO-004761,SUP-0065,FAC-MX-01,WH-MX-RAW-01,2025-11-15,2025-12-18,DELIVERED,19124.48,USD,2025-11-15T00:00:00
PO-2025-04762,PO-004762,SUP-0059,FAC-APAC-01,WH-APAC-RAW-01,2026-02-09,2026-04-10,DELIVERED,59409.46,USD,2026-02-09T00:00:00
PO-2025-04763,PO-004763,SUP-0085,FAC-APAC-01,WH-APAC-RAW-01,2025-09-22,2025-10-02,DELIVERED,68876.16,USD,2025-09-22T00:00:00
PO-2025-04764,PO-004764,SUP-0047,FAC-APAC-01,WH-APAC-RAW-01,2025-11-15,2025-11-27,OVERDUE,63215.13,USD,2025-11-15T00:00:00
PO-2025-04765,PO-004765,SUP-0069,FAC-MX-01,WH-MX-RAW-01,2025-12-26,2026-01-16,DELIVERED,435095.32,USD,2025-12-26T00:00:00
PO-2025-04766,PO-004766,SUP-0103,FAC-US-01,WH-US-RAW-01,2025-08-17,2025-09-30,DELIVERED,21328.86,USD,2025-08-17T00:00:00
PO-2025-04767,PO-004767,SUP-0043,FAC-MX-01,WH-MX-RAW-01,2025-08-20,2025-09-15,DELIVERED,68314.6,USD,2025-08-20T00:00:00
PO-2025-04768,PO-004768,SUP-0063,FAC-MX-01,WH-MX-RAW-01,2026-04-07,2026-05-10,IN_TRANSIT,2817.85,USD,2026-04-07T00:00:00
PO-2025-04769,PO-004769,SUP-0120,FAC-US-01,WH-US-RAW-01,2026-01-11,2026-02-09,DELIVERED,109551.43,USD,2026-01-11T00:00:00
PO-2025-04770,PO-004770,SUP-0023,FAC-APAC-01,WH-APAC-RAW-01,2025-11-30,2025-12-15,DELIVERED,21913.2,USD,2025-11-30T00:00:00
PO-2025-04771,PO-004771,SUP-0035,FAC-EU-01,WH-EU-RAW-01,2025-12-20,2026-02-04,DELIVERED,39952.72,USD,2025-12-20T00:00:00
PO-2025-04772,PO-004772,SUP-0083,FAC-EU-01,WH-EU-RAW-01,2025-03-17,2025-04-19,DELIVERED,59880.35,USD,2025-03-17T00:00:00
PO-2025-04773,PO-004773,SUP-0001,FAC-US-01,WH-US-RAW-01,2025-12-12,2026-02-09,DELIVERED,14950.98,USD,2025-12-12T00:00:00
PO-2025-04774,PO-004774,SUP-0056,FAC-US-01,WH-US-RAW-01,2025-11-10,2025-11-30,OVERDUE,174564.36,USD,2025-11-10T00:00:00
PO-2025-04775,PO-004775,SUP-0093,FAC-APAC-01,WH-APAC-RAW-01,2025-11-21,2026-01-07,DELIVERED,21089.77,USD,2025-11-21T00:00:00
PO-2025-04776,PO-004776,SUP-0003,FAC-MX-01,WH-MX-RAW-01,2025-09-21,2025-10-10,DELIVERED,63494.2,USD,2025-09-21T00:00:00
PO-2025-04777,PO-004777,SUP-0105,FAC-APAC-01,WH-APAC-RAW-01,2025-05-06,2025-05-26,OVERDUE,35525.0,USD,2025-05-06T00:00:00
PO-2025-04778,PO-004778,SUP-0004,FAC-APAC-01,WH-APAC-RAW-01,2025-07-13,2025-08-15,DELIVERED,1812.24,USD,2025-07-13T00:00:00
PO-2025-04779,PO-004779,SUP-0113,FAC-MX-01,WH-MX-RAW-01,2026-04-19,2026-05-10,PENDING,14213.7,USD,2026-04-19T00:00:00
PO-2025-04780,PO-004780,SUP-0052,FAC-EU-01,WH-EU-RAW-01,2025-10-08,2025-11-04,DELIVERED,1239.56,USD,2025-10-08T00:00:00
PO-2025-04781,PO-004781,SUP-0013,FAC-MX-01,WH-MX-RAW-01,2025-10-28,2025-11-19,DELIVERED,157187.1,USD,2025-10-28T00:00:00
PO-2025-04782,PO-004782,SUP-0118,FAC-APAC-01,WH-APAC-RAW-01,2025-04-11,2025-05-08,DELIVERED,406488.96,USD,2025-04-11T00:00:00
PO-2025-04783,PO-004783,SUP-0078,FAC-EU-01,WH-EU-RAW-01,2025-03-27,2025-04-19,DELIVERED,54879.24,USD,2025-03-27T00:00:00
PO-2025-04784,PO-004784,SUP-0107,FAC-APAC-01,WH-APAC-RAW-01,2026-01-09,2026-01-26,DELIVERED,6913.24,USD,2026-01-09T00:00:00
PO-2025-04785,PO-004785,SUP-0024,FAC-APAC-01,WH-APAC-RAW-01,2025-11-19,2025-12-03,DELIVERED,110170.6,USD,2025-11-19T00:00:00
PO-2025-04786,PO-004786,SUP-0096,FAC-EU-01,WH-EU-RAW-01,2025-11-10,2025-11-29,DELIVERED,19964.0,USD,2025-11-10T00:00:00
PO-2025-04787,PO-004787,SUP-0041,FAC-MX-01,WH-MX-RAW-01,2025-08-05,2025-08-22,DELIVERED,31855.05,USD,2025-08-05T00:00:00
PO-2025-04788,PO-004788,SUP-0114,FAC-EU-01,WH-EU-RAW-01,2026-01-18,2026-02-03,DELIVERED,109117.21,USD,2026-01-18T00:00:00
PO-2025-04789,PO-004789,SUP-0019,FAC-US-01,WH-US-RAW-01,2025-06-30,2025-07-18,DELIVERED,19126.23,USD,2025-06-30T00:00:00
PO-2025-04790,PO-004790,SUP-0101,FAC-US-01,WH-US-RAW-01,2025-07-11,2025-08-04,DELIVERED,83733.4,USD,2025-07-11T00:00:00
PO-2025-04791,PO-004791,SUP-0005,FAC-MX-01,WH-MX-RAW-01,2025-10-26,2025-11-19,DELIVERED,23728.68,USD,2025-10-26T00:00:00
PO-2025-04792,PO-004792,SUP-0012,FAC-APAC-01,WH-APAC-RAW-01,2025-08-24,2025-09-07,DELIVERED,143559.41,USD,2025-08-24T00:00:00
PO-2025-04793,PO-004793,SUP-0062,FAC-MX-01,WH-MX-RAW-01,2025-08-07,2025-09-12,DELIVERED,728240.24,USD,2025-08-07T00:00:00
PO-2025-04794,PO-004794,SUP-0023,FAC-US-01,WH-US-RAW-01,2025-12-19,2025-12-31,DELIVERED,19070.61,USD,2025-12-19T00:00:00
PO-2025-04795,PO-004795,SUP-0070,FAC-EU-01,WH-EU-RAW-01,2025-12-21,2026-02-14,DELIVERED,134229.42,USD,2025-12-21T00:00:00
PO-2025-04796,PO-004796,SUP-0069,FAC-APAC-01,WH-APAC-RAW-01,2026-02-14,2026-03-05,DELIVERED,54601.6,USD,2026-02-14T00:00:00
PO-2025-04797,PO-004797,SUP-0020,FAC-MX-01,WH-MX-RAW-01,2025-10-11,2025-10-31,DELIVERED,7992.27,USD,2025-10-11T00:00:00
PO-2025-04798,PO-004798,SUP-0075,FAC-MX-01,WH-MX-RAW-01,2025-04-29,2025-05-24,DELIVERED,9618.6,USD,2025-04-29T00:00:00
PO-2025-04799,PO-004799,SUP-0097,FAC-EU-01,WH-EU-RAW-01,2025-08-18,2025-09-19,OVERDUE,485194.03,USD,2025-08-18T00:00:00
PO-2025-04800,PO-004800,SUP-0001,FAC-MX-01,WH-MX-RAW-01,2026-05-15,2026-07-14,PENDING,285051.57,USD,2026-05-15T00:00:00
PO-2025-04801,PO-004801,SUP-0016,FAC-APAC-01,WH-APAC-RAW-01,2025-12-06,2025-12-31,DELIVERED,8970.24,USD,2025-12-06T00:00:00
PO-2025-04802,PO-004802,SUP-0030,FAC-EU-01,WH-EU-RAW-01,2026-01-07,2026-02-09,DELIVERED,65062.23,USD,2026-01-07T00:00:00
PO-2025-04803,PO-004803,SUP-0086,FAC-MX-01,WH-MX-RAW-01,2025-02-07,2025-02-22,DELIVERED,565071.8,USD,2025-02-07T00:00:00
PO-2025-04804,PO-004804,SUP-0059,FAC-EU-01,WH-EU-RAW-01,2025-11-13,2026-01-11,DELIVERED,172684.2,USD,2025-11-13T00:00:00
PO-2025-04805,PO-004805,SUP-0041,FAC-APAC-01,WH-APAC-RAW-01,2025-03-27,2025-04-13,DELIVERED,20981.64,USD,2025-03-27T00:00:00
PO-2025-04806,PO-004806,SUP-0119,FAC-EU-01,WH-EU-RAW-01,2025-11-28,2026-01-03,DELIVERED,62737.85,USD,2025-11-28T00:00:00
PO-2025-04807,PO-004807,SUP-0002,FAC-EU-01,WH-EU-RAW-01,2026-03-31,2026-04-22,IN_TRANSIT,21990.81,USD,2026-03-31T00:00:00
PO-2025-04808,PO-004808,SUP-0095,FAC-EU-01,WH-EU-RAW-01,2026-05-03,2026-05-18,PENDING,40225.89,USD,2026-05-03T00:00:00
PO-2025-04809,PO-004809,SUP-0019,FAC-MX-01,WH-MX-RAW-01,2025-11-20,2025-12-11,DELIVERED,2926.98,USD,2025-11-20T00:00:00
PO-2025-04810,PO-004810,SUP-0040,FAC-MX-01,WH-MX-RAW-01,2025-10-25,2025-11-22,DELIVERED,422003.26,USD,2025-10-25T00:00:00
PO-2025-04811,PO-004811,SUP-0003,FAC-MX-01,WH-MX-RAW-01,2026-04-15,2026-05-07,PENDING,3595.16,USD,2026-04-15T00:00:00
PO-2025-04812,PO-004812,SUP-0107,FAC-APAC-01,WH-APAC-RAW-01,2025-12-27,2026-01-11,DELIVERED,17936.64,USD,2025-12-27T00:00:00
PO-2025-04813,PO-004813,SUP-0045,FAC-APAC-01,WH-APAC-RAW-01,2025-04-22,2025-05-04,DELIVERED,7655.42,USD,2025-04-22T00:00:00
PO-2025-04814,PO-004814,SUP-0033,FAC-EU-01,WH-EU-RAW-01,2025-10-27,2025-11-16,DELIVERED,12965.62,USD,2025-10-27T00:00:00
PO-2025-04815,PO-004815,SUP-0046,FAC-EU-01,WH-EU-RAW-01,2025-08-04,2025-08-30,DELIVERED,113056.52,USD,2025-08-04T00:00:00
PO-2025-04816,PO-004816,SUP-0117,FAC-APAC-01,WH-APAC-RAW-01,2025-10-29,2025-11-24,DELIVERED,4027.98,USD,2025-10-29T00:00:00
PO-2025-04817,PO-004817,SUP-0108,FAC-MX-01,WH-MX-RAW-01,2025-10-24,2025-11-18,DELIVERED,8193.66,USD,2025-10-24T00:00:00
PO-2025-04818,PO-004818,SUP-0077,FAC-MX-01,WH-MX-RAW-01,2025-12-02,2025-12-27,DELIVERED,59825.93,USD,2025-12-02T00:00:00
PO-2025-04819,PO-004819,SUP-0012,FAC-MX-01,WH-MX-RAW-01,2025-09-20,2025-10-06,DELIVERED,299810.62,USD,2025-09-20T00:00:00
PO-2025-04820,PO-004820,SUP-0011,FAC-EU-01,WH-EU-RAW-01,2025-06-28,2025-07-23,DELIVERED,81831.75,USD,2025-06-28T00:00:00
PO-2025-04821,PO-004821,SUP-0076,FAC-EU-01,WH-EU-RAW-01,2025-11-08,2025-12-18,DELIVERED,217345.43,USD,2025-11-08T00:00:00
PO-2025-04822,PO-004822,SUP-0029,FAC-EU-01,WH-EU-RAW-01,2026-02-17,2026-03-24,OVERDUE,1330.55,USD,2026-02-17T00:00:00
PO-2025-04823,PO-004823,SUP-0038,FAC-APAC-01,WH-APAC-RAW-01,2025-12-25,2026-01-16,DELIVERED,63701.15,USD,2025-12-25T00:00:00
PO-2025-04824,PO-004824,SUP-0105,FAC-MX-01,WH-MX-RAW-01,2025-09-13,2025-10-05,DELIVERED,8545.5,USD,2025-09-13T00:00:00
PO-2025-04825,PO-004825,SUP-0097,FAC-APAC-01,WH-APAC-RAW-01,2026-04-09,2026-05-12,IN_TRANSIT,6733.21,USD,2026-04-09T00:00:00
PO-2025-04826,PO-004826,SUP-0061,FAC-MX-01,WH-MX-RAW-01,2026-03-26,2026-04-08,CANCELLED,236736.6,USD,2026-03-26T00:00:00
PO-2025-04827,PO-004827,SUP-0082,FAC-EU-01,WH-EU-RAW-01,2025-07-21,2025-09-28,DELIVERED,274263.99,USD,2025-07-21T00:00:00
PO-2025-04828,PO-004828,SUP-0032,FAC-US-01,WH-US-RAW-01,2025-03-29,2025-04-29,DELIVERED,6489.06,USD,2025-03-29T00:00:00
PO-2025-04829,PO-004829,SUP-0085,FAC-APAC-01,WH-APAC-RAW-01,2026-01-17,2026-01-28,DELIVERED,4569.66,USD,2026-01-17T00:00:00
PO-2025-04830,PO-004830,SUP-0107,FAC-EU-01,WH-EU-RAW-01,2026-02-16,2026-03-01,DELIVERED,53573.25,USD,2026-02-16T00:00:00
PO-2025-04831,PO-004831,SUP-0076,FAC-EU-01,WH-EU-RAW-01,2026-05-03,2026-06-09,PENDING,585080.67,USD,2026-05-03T00:00:00
PO-2025-04832,PO-004832,SUP-0014,FAC-EU-01,WH-EU-RAW-01,2026-03-14,2026-05-13,IN_TRANSIT,1638.36,USD,2026-03-14T00:00:00
PO-2025-04833,PO-004833,SUP-0077,FAC-US-01,WH-US-RAW-01,2025-12-07,2026-01-01,DELIVERED,285.65,USD,2025-12-07T00:00:00
PO-2025-04834,PO-004834,SUP-0051,FAC-EU-01,WH-EU-RAW-01,2025-11-16,2025-12-11,DELIVERED,82161.71,USD,2025-11-16T00:00:00
PO-2025-04835,PO-004835,SUP-0068,FAC-EU-01,WH-EU-RAW-01,2025-03-15,2025-04-09,DELIVERED,9962.64,USD,2025-03-15T00:00:00
PO-2025-04836,PO-004836,SUP-0047,FAC-APAC-01,WH-APAC-RAW-01,2025-08-07,2025-08-19,DELIVERED,413682.86,USD,2025-08-07T00:00:00
PO-2025-04837,PO-004837,SUP-0042,FAC-MX-01,WH-MX-RAW-01,2025-10-25,2025-11-18,DELIVERED,75948.68,USD,2025-10-25T00:00:00
PO-2025-04838,PO-004838,SUP-0082,FAC-EU-01,WH-EU-RAW-01,2025-12-15,2026-02-17,DELIVERED,34373.58,USD,2025-12-15T00:00:00
PO-2025-04839,PO-004839,SUP-0073,FAC-APAC-01,WH-APAC-RAW-01,2025-11-25,2025-12-22,OVERDUE,307401.81,USD,2025-11-25T00:00:00
PO-2025-04840,PO-004840,SUP-0047,FAC-EU-01,WH-EU-RAW-01,2026-01-17,2026-01-29,DELIVERED,104724.2,USD,2026-01-17T00:00:00
PO-2025-04841,PO-004841,SUP-0037,FAC-MX-01,WH-MX-RAW-01,2025-08-21,2025-09-11,DELIVERED,6474.75,USD,2025-08-21T00:00:00
PO-2025-04842,PO-004842,SUP-0036,FAC-US-01,WH-US-RAW-01,2025-11-27,2025-12-11,DELIVERED,15408.6,USD,2025-11-27T00:00:00
PO-2025-04843,PO-004843,SUP-0072,FAC-US-01,WH-US-RAW-01,2025-05-11,2025-07-06,DELIVERED,16051.05,USD,2025-05-11T00:00:00
PO-2025-04844,PO-004844,SUP-0117,FAC-EU-01,WH-EU-RAW-01,2025-10-10,2025-11-07,DELIVERED,7898.0,USD,2025-10-10T00:00:00
PO-2025-04845,PO-004845,SUP-0019,FAC-US-01,WH-US-RAW-01,2026-01-19,2026-02-10,DELIVERED,4011.84,USD,2026-01-19T00:00:00
PO-2025-04846,PO-004846,SUP-0034,FAC-US-01,WH-US-RAW-01,2026-01-02,2026-02-03,DELIVERED,58524.15,USD,2026-01-02T00:00:00
PO-2025-04847,PO-004847,SUP-0086,FAC-EU-01,WH-EU-RAW-01,2026-05-29,2026-06-08,PENDING,10362.28,USD,2026-05-29T00:00:00
PO-2025-04848,PO-004848,SUP-0025,FAC-APAC-01,WH-APAC-RAW-01,2025-08-20,2025-08-31,DELIVERED,6102.1,USD,2025-08-20T00:00:00
PO-2025-04849,PO-004849,SUP-0085,FAC-US-01,WH-US-RAW-01,2025-11-07,2025-11-14,DELIVERED,10777.5,USD,2025-11-07T00:00:00
PO-2025-04850,PO-004850,SUP-0036,FAC-MX-01,WH-MX-RAW-01,2025-09-10,2025-09-22,DELIVERED,352641.07,USD,2025-09-10T00:00:00
PO-2025-04851,PO-004851,SUP-0117,FAC-MX-01,WH-MX-RAW-01,2025-10-19,2025-11-17,DELIVERED,8956.5,USD,2025-10-19T00:00:00
PO-2025-04852,PO-004852,SUP-0114,FAC-EU-01,WH-EU-RAW-01,2026-02-28,2026-03-17,DELIVERED,112894.3,USD,2026-02-28T00:00:00
PO-2025-04853,PO-004853,SUP-0049,FAC-MX-01,WH-MX-RAW-01,2025-12-30,2026-01-18,DELIVERED,637479.0,USD,2025-12-30T00:00:00
PO-2025-04854,PO-004854,SUP-0048,FAC-APAC-01,WH-APAC-RAW-01,2026-03-11,2026-04-11,DELIVERED,12127.06,USD,2026-03-11T00:00:00
PO-2025-04855,PO-004855,SUP-0035,FAC-APAC-01,WH-APAC-RAW-01,2025-07-18,2025-09-02,DELIVERED,74539.94,USD,2025-07-18T00:00:00
PO-2025-04856,PO-004856,SUP-0056,FAC-EU-01,WH-EU-RAW-01,2026-03-07,2026-03-27,CANCELLED,6421.12,USD,2026-03-07T00:00:00
PO-2025-04857,PO-004857,SUP-0120,FAC-EU-01,WH-EU-RAW-01,2025-04-18,2025-05-17,DELIVERED,193748.41,USD,2025-04-18T00:00:00
PO-2025-04858,PO-004858,SUP-0068,FAC-APAC-01,WH-APAC-RAW-01,2026-03-14,2026-04-06,DELIVERED,31365.16,USD,2026-03-14T00:00:00
PO-2025-04859,PO-004859,SUP-0044,FAC-EU-01,WH-EU-RAW-01,2025-09-10,2025-11-07,DELIVERED,4545.9,USD,2025-09-10T00:00:00
PO-2025-04860,PO-004860,SUP-0095,FAC-MX-01,WH-MX-RAW-01,2025-09-04,2025-09-21,DELIVERED,60709.77,USD,2025-09-04T00:00:00
PO-2025-04861,PO-004861,SUP-0019,FAC-MX-01,WH-MX-RAW-01,2025-11-11,2025-11-30,DELIVERED,1567.8,USD,2025-11-11T00:00:00
PO-2025-04862,PO-004862,SUP-0109,FAC-MX-01,WH-MX-RAW-01,2026-04-12,2026-04-28,IN_TRANSIT,41180.39,USD,2026-04-12T00:00:00
PO-2025-04863,PO-004863,SUP-0062,FAC-EU-01,WH-EU-RAW-01,2025-04-07,2025-05-11,DELIVERED,52539.75,USD,2025-04-07T00:00:00
PO-2025-04864,PO-004864,SUP-0062,FAC-EU-01,WH-EU-RAW-01,2025-09-18,2025-10-25,DELIVERED,2653.49,USD,2025-09-18T00:00:00
PO-2025-04865,PO-004865,SUP-0083,FAC-EU-01,WH-EU-RAW-01,2026-02-27,2026-04-01,CANCELLED,24001.9,USD,2026-02-27T00:00:00
PO-2025-04866,PO-004866,SUP-0065,FAC-EU-01,WH-EU-RAW-01,2025-10-04,2025-11-05,DELIVERED,8302.85,USD,2025-10-04T00:00:00
PO-2025-04867,PO-004867,SUP-0057,FAC-MX-01,WH-MX-RAW-01,2025-07-16,2025-08-07,DELIVERED,4187.78,USD,2025-07-16T00:00:00
PO-2025-04868,PO-004868,SUP-0004,FAC-MX-01,WH-MX-RAW-01,2025-10-14,2025-11-13,OVERDUE,41221.28,USD,2025-10-14T00:00:00
PO-2025-04869,PO-004869,SUP-0108,FAC-EU-01,WH-EU-RAW-01,2025-09-30,2025-10-23,DELIVERED,18296.2,USD,2025-09-30T00:00:00
PO-2025-04870,PO-004870,SUP-0022,FAC-MX-01,WH-MX-RAW-01,2026-03-28,2026-04-15,DELIVERED,810.9,USD,2026-03-28T00:00:00
PO-2025-04871,PO-004871,SUP-0105,FAC-MX-01,WH-MX-RAW-01,2026-01-23,2026-02-15,DELIVERED,15672.36,USD,2026-01-23T00:00:00
PO-2025-04872,PO-004872,SUP-0097,FAC-MX-01,WH-MX-RAW-01,2025-11-09,2025-12-13,DELIVERED,100505.1,USD,2025-11-09T00:00:00
PO-2025-04873,PO-004873,SUP-0118,FAC-US-01,WH-US-RAW-01,2026-05-26,2026-06-27,PENDING,8501.12,USD,2026-05-26T00:00:00
PO-2025-04874,PO-004874,SUP-0002,FAC-EU-01,WH-EU-RAW-01,2025-10-27,2025-11-17,DELIVERED,2988.51,USD,2025-10-27T00:00:00
PO-2025-04875,PO-004875,SUP-0040,FAC-MX-01,WH-MX-RAW-01,2025-04-17,2025-05-10,CANCELLED,53971.06,USD,2025-04-17T00:00:00
PO-2025-04876,PO-004876,SUP-0057,FAC-EU-01,WH-EU-RAW-01,2025-08-14,2025-08-31,DELIVERED,1901.43,USD,2025-08-14T00:00:00
PO-2025-04877,PO-004877,SUP-0021,FAC-APAC-01,WH-APAC-RAW-01,2025-10-18,2025-11-14,DELIVERED,185448.05,USD,2025-10-18T00:00:00
PO-2025-04878,PO-004878,SUP-0097,FAC-EU-01,WH-EU-RAW-01,2025-06-24,2025-07-30,CANCELLED,129647.94,USD,2025-06-24T00:00:00
PO-2025-04879,PO-004879,SUP-0039,FAC-APAC-01,WH-APAC-RAW-01,2026-04-17,2026-05-19,PENDING,8272.38,USD,2026-04-17T00:00:00
PO-2025-04880,PO-004880,SUP-0019,FAC-MX-01,WH-MX-RAW-01,2026-01-25,2026-02-11,DELIVERED,8002.2,USD,2026-01-25T00:00:00
PO-2025-04881,PO-004881,SUP-0081,FAC-US-01,WH-US-RAW-01,2025-08-16,2025-09-17,DELIVERED,116235.61,USD,2025-08-16T00:00:00
PO-2025-04882,PO-004882,SUP-0110,FAC-APAC-01,WH-APAC-RAW-01,2025-12-04,2025-12-16,OVERDUE,86546.27,USD,2025-12-04T00:00:00
PO-2025-04883,PO-004883,SUP-0083,FAC-APAC-01,WH-APAC-RAW-01,2026-01-10,2026-02-13,DELIVERED,66863.14,USD,2026-01-10T00:00:00
PO-2025-04884,PO-004884,SUP-0015,FAC-APAC-01,WH-APAC-RAW-01,2026-04-12,2026-06-11,IN_TRANSIT,302748.0,USD,2026-04-12T00:00:00
PO-2025-04885,PO-004885,SUP-0004,FAC-MX-01,WH-MX-RAW-01,2026-03-11,2026-04-07,DELIVERED,61825.86,USD,2026-03-11T00:00:00
PO-2025-04886,PO-004886,SUP-0002,FAC-MX-01,WH-MX-RAW-01,2025-11-12,2025-12-07,DELIVERED,3842.37,USD,2025-11-12T00:00:00
PO-2025-04887,PO-004887,SUP-0048,FAC-MX-01,WH-MX-RAW-01,2026-01-27,2026-02-25,DELIVERED,4419.8,USD,2026-01-27T00:00:00
PO-2025-04888,PO-004888,SUP-0047,FAC-US-01,WH-US-RAW-01,2025-11-26,2025-12-09,DELIVERED,2634.25,USD,2025-11-26T00:00:00
PO-2025-04889,PO-004889,SUP-0025,FAC-MX-01,WH-MX-RAW-01,2025-11-23,2025-12-05,DELIVERED,660276.91,USD,2025-11-23T00:00:00
PO-2025-04890,PO-004890,SUP-0089,FAC-APAC-01,WH-APAC-RAW-01,2025-05-29,2025-06-17,DELIVERED,20056.68,USD,2025-05-29T00:00:00
PO-2025-04891,PO-004891,SUP-0100,FAC-US-01,WH-US-RAW-01,2025-06-06,2025-06-16,DELIVERED,210108.52,USD,2025-06-06T00:00:00
PO-2025-04892,PO-004892,SUP-0073,FAC-APAC-01,WH-APAC-RAW-01,2025-11-16,2025-12-17,DELIVERED,164229.54,USD,2025-11-16T00:00:00
PO-2025-04893,PO-004893,SUP-0013,FAC-APAC-01,WH-APAC-RAW-01,2025-08-16,2025-09-06,DELIVERED,7620.65,USD,2025-08-16T00:00:00
PO-2025-04894,PO-004894,SUP-0061,FAC-EU-01,WH-EU-RAW-01,2025-03-05,2025-03-18,DELIVERED,178433.94,USD,2025-03-05T00:00:00
PO-2025-04895,PO-004895,SUP-0031,FAC-MX-01,WH-MX-RAW-01,2026-01-11,2026-03-17,DELIVERED,154550.03,USD,2026-01-11T00:00:00
PO-2025-04896,PO-004896,SUP-0095,FAC-US-01,WH-US-RAW-01,2025-03-21,2025-04-06,DELIVERED,73873.44,USD,2025-03-21T00:00:00
PO-2025-04897,PO-004897,SUP-0059,FAC-US-01,WH-US-RAW-01,2025-12-06,2026-02-07,DELIVERED,563294.5,USD,2025-12-06T00:00:00
PO-2025-04898,PO-004898,SUP-0101,FAC-MX-01,WH-MX-RAW-01,2025-11-19,2025-12-15,DELIVERED,32672.49,USD,2025-11-19T00:00:00
PO-2025-04899,PO-004899,SUP-0030,FAC-MX-01,WH-MX-RAW-01,2026-05-04,2026-06-08,PENDING,4912.95,USD,2026-05-04T00:00:00
PO-2025-04900,PO-004900,SUP-0113,FAC-US-01,WH-US-RAW-01,2025-11-02,2025-11-25,DELIVERED,170758.93,USD,2025-11-02T00:00:00
PO-2025-04901,PO-004901,SUP-0078,FAC-EU-01,WH-EU-RAW-01,2025-04-21,2025-05-15,OVERDUE,28382.95,USD,2025-04-21T00:00:00
PO-2025-04902,PO-004902,SUP-0056,FAC-EU-01,WH-EU-RAW-01,2025-11-23,2025-12-08,DELIVERED,31792.99,USD,2025-11-23T00:00:00
PO-2025-04903,PO-004903,SUP-0096,FAC-EU-01,WH-EU-RAW-01,2026-02-21,2026-03-07,DELIVERED,95057.61,USD,2026-02-21T00:00:00
PO-2025-04904,PO-004904,SUP-0111,FAC-EU-01,WH-EU-RAW-01,2026-06-11,2026-07-12,PENDING,353943.84,USD,2026-06-11T00:00:00
PO-2025-04905,PO-004905,SUP-0004,FAC-APAC-01,WH-APAC-RAW-01,2025-10-16,2025-11-17,DELIVERED,105511.22,USD,2025-10-16T00:00:00
PO-2025-04906,PO-004906,SUP-0059,FAC-US-01,WH-US-RAW-01,2025-09-06,2025-11-06,DELIVERED,12905.34,USD,2025-09-06T00:00:00
PO-2025-04907,PO-004907,SUP-0032,FAC-APAC-01,WH-APAC-RAW-01,2026-03-23,2026-04-25,IN_TRANSIT,4699.74,USD,2026-03-23T00:00:00
PO-2025-04908,PO-004908,SUP-0084,FAC-US-01,WH-US-RAW-01,2025-07-12,2025-08-08,DELIVERED,7063.5,USD,2025-07-12T00:00:00
PO-2025-04909,PO-004909,SUP-0043,FAC-APAC-01,WH-APAC-RAW-01,2025-12-11,2026-01-08,CANCELLED,191346.13,USD,2025-12-11T00:00:00
PO-2025-04910,PO-004910,SUP-0089,FAC-APAC-01,WH-APAC-RAW-01,2025-10-07,2025-10-21,DELIVERED,1610.7,USD,2025-10-07T00:00:00
PO-2025-04911,PO-004911,SUP-0074,FAC-APAC-01,WH-APAC-RAW-01,2025-03-31,2025-04-20,DELIVERED,9476.63,USD,2025-03-31T00:00:00
PO-2025-04912,PO-004912,SUP-0077,FAC-US-01,WH-US-RAW-01,2025-09-16,2025-10-11,DELIVERED,38892.2,USD,2025-09-16T00:00:00
PO-2025-04913,PO-004913,SUP-0087,FAC-EU-01,WH-EU-RAW-01,2025-08-15,2025-09-06,DELIVERED,657379.78,USD,2025-08-15T00:00:00
PO-2025-04914,PO-004914,SUP-0068,FAC-EU-01,WH-EU-RAW-01,2025-12-31,2026-01-23,OVERDUE,6294.08,USD,2025-12-31T00:00:00
PO-2025-04915,PO-004915,SUP-0104,FAC-MX-01,WH-MX-RAW-01,2026-04-18,2026-05-17,PENDING,376.72,USD,2026-04-18T00:00:00
PO-2025-04916,PO-004916,SUP-0059,FAC-MX-01,WH-MX-RAW-01,2025-08-16,2025-10-14,OVERDUE,27316.11,USD,2025-08-16T00:00:00
PO-2025-04917,PO-004917,SUP-0029,FAC-EU-01,WH-EU-RAW-01,2026-02-10,2026-03-12,DELIVERED,289748.93,USD,2026-02-10T00:00:00
PO-2025-04918,PO-004918,SUP-0091,FAC-EU-01,WH-EU-RAW-01,2025-04-14,2025-05-04,DELIVERED,44268.9,USD,2025-04-14T00:00:00
PO-2025-04919,PO-004919,SUP-0114,FAC-APAC-01,WH-APAC-RAW-01,2025-11-19,2025-12-06,DELIVERED,75810.46,USD,2025-11-19T00:00:00
PO-2025-04920,PO-004920,SUP-0101,FAC-EU-01,WH-EU-RAW-01,2025-04-27,2025-05-24,DELIVERED,39746.38,USD,2025-04-27T00:00:00
PO-2025-04921,PO-004921,SUP-0076,FAC-MX-01,WH-MX-RAW-01,2026-04-08,2026-05-16,IN_TRANSIT,3666.24,USD,2026-04-08T00:00:00
PO-2025-04922,PO-004922,SUP-0039,FAC-MX-01,WH-MX-RAW-01,2026-01-25,2026-02-25,DELIVERED,16138.98,USD,2026-01-25T00:00:00
PO-2025-04923,PO-004923,SUP-0089,FAC-US-01,WH-US-RAW-01,2025-12-23,2026-01-06,DELIVERED,154332.88,USD,2025-12-23T00:00:00
PO-2025-04924,PO-004924,SUP-0039,FAC-EU-01,WH-EU-RAW-01,2026-02-14,2026-03-12,DELIVERED,15022.66,USD,2026-02-14T00:00:00
PO-2025-04925,PO-004925,SUP-0036,FAC-APAC-01,WH-APAC-RAW-01,2025-12-20,2026-01-04,DELIVERED,10597.11,USD,2025-12-20T00:00:00
PO-2025-04926,PO-004926,SUP-0005,FAC-US-01,WH-US-RAW-01,2026-05-04,2026-05-27,PENDING,394841.51,USD,2026-05-04T00:00:00
PO-2025-04927,PO-004927,SUP-0095,FAC-MX-01,WH-MX-RAW-01,2026-01-08,2026-01-25,DELIVERED,59149.8,USD,2026-01-08T00:00:00
PO-2025-04928,PO-004928,SUP-0039,FAC-US-01,WH-US-RAW-01,2026-04-02,2026-04-27,IN_TRANSIT,34135.63,USD,2026-04-02T00:00:00
PO-2025-04929,PO-004929,SUP-0078,FAC-MX-01,WH-MX-RAW-01,2025-11-12,2025-12-04,DELIVERED,13298.85,USD,2025-11-12T00:00:00
PO-2025-04930,PO-004930,SUP-0119,FAC-EU-01,WH-EU-RAW-01,2025-05-31,2025-07-06,OVERDUE,45071.17,USD,2025-05-31T00:00:00
PO-2025-04931,PO-004931,SUP-0019,FAC-US-01,WH-US-RAW-01,2025-11-16,2025-12-03,DELIVERED,959.4,USD,2025-11-16T00:00:00
PO-2025-04932,PO-004932,SUP-0070,FAC-EU-01,WH-EU-RAW-01,2025-06-06,2025-07-27,DELIVERED,344.61,USD,2025-06-06T00:00:00
PO-2025-04933,PO-004933,SUP-0079,FAC-APAC-01,WH-APAC-RAW-01,2025-12-05,2025-12-30,DELIVERED,25919.44,USD,2025-12-05T00:00:00
PO-2025-04934,PO-004934,SUP-0049,FAC-EU-01,WH-EU-RAW-01,2025-11-02,2025-11-22,DELIVERED,57893.5,USD,2025-11-02T00:00:00
PO-2025-04935,PO-004935,SUP-0080,FAC-EU-01,WH-EU-RAW-01,2025-12-13,2026-01-12,DELIVERED,1994.04,USD,2025-12-13T00:00:00
PO-2025-04936,PO-004936,SUP-0039,FAC-EU-01,WH-EU-RAW-01,2025-02-14,2025-03-16,DELIVERED,10959.68,USD,2025-02-14T00:00:00
PO-2025-04937,PO-004937,SUP-0019,FAC-APAC-01,WH-APAC-RAW-01,2025-07-13,2025-08-01,DELIVERED,7994.81,USD,2025-07-13T00:00:00
PO-2025-04938,PO-004938,SUP-0072,FAC-MX-01,WH-MX-RAW-01,2025-11-04,2025-12-30,DELIVERED,216368.29,USD,2025-11-04T00:00:00
PO-2025-04939,PO-004939,SUP-0041,FAC-APAC-01,WH-APAC-RAW-01,2026-04-19,2026-05-11,PENDING,19213.65,USD,2026-04-19T00:00:00
PO-2025-04940,PO-004940,SUP-0111,FAC-EU-01,WH-EU-RAW-01,2025-09-30,2025-11-04,DELIVERED,37236.13,USD,2025-09-30T00:00:00
PO-2025-04941,PO-004941,SUP-0047,FAC-APAC-01,WH-APAC-RAW-01,2025-10-14,2025-10-25,OVERDUE,11112.8,USD,2025-10-14T00:00:00
PO-2025-04942,PO-004942,SUP-0031,FAC-MX-01,WH-MX-RAW-01,2026-01-08,2026-03-09,DELIVERED,510.94,USD,2026-01-08T00:00:00
PO-2025-04943,PO-004943,SUP-0083,FAC-US-01,WH-US-RAW-01,2025-12-08,2026-01-10,DELIVERED,35348.46,USD,2025-12-08T00:00:00
PO-2025-04944,PO-004944,SUP-0049,FAC-APAC-01,WH-APAC-RAW-01,2025-08-29,2025-09-16,DELIVERED,6950.15,USD,2025-08-29T00:00:00
PO-2025-04945,PO-004945,SUP-0005,FAC-APAC-01,WH-APAC-RAW-01,2025-10-09,2025-10-29,DELIVERED,213187.84,USD,2025-10-09T00:00:00
PO-2025-04946,PO-004946,SUP-0095,FAC-APAC-01,WH-APAC-RAW-01,2025-07-25,2025-08-09,DELIVERED,61580.64,USD,2025-07-25T00:00:00
PO-2025-04947,PO-004947,SUP-0017,FAC-APAC-01,WH-APAC-RAW-01,2026-05-01,2026-06-24,PENDING,2646.87,USD,2026-05-01T00:00:00
PO-2025-04948,PO-004948,SUP-0096,FAC-APAC-01,WH-APAC-RAW-01,2025-06-08,2025-06-23,DELIVERED,70882.67,USD,2025-06-08T00:00:00
PO-2025-04949,PO-004949,SUP-0098,FAC-US-01,WH-US-RAW-01,2025-09-25,2025-10-21,OVERDUE,15935.5,USD,2025-09-25T00:00:00
PO-2025-04950,PO-004950,SUP-0101,FAC-APAC-01,WH-APAC-RAW-01,2025-03-12,2025-04-04,DELIVERED,3133.95,USD,2025-03-12T00:00:00
PO-2025-04951,PO-004951,SUP-0095,FAC-US-01,WH-US-RAW-01,2025-07-26,2025-08-06,DELIVERED,57791.06,USD,2025-07-26T00:00:00
PO-2025-04952,PO-004952,SUP-0059,FAC-US-01,WH-US-RAW-01,2026-01-29,2026-04-01,OVERDUE,460910.47,USD,2026-01-29T00:00:00
PO-2025-04953,PO-004953,SUP-0029,FAC-APAC-01,WH-APAC-RAW-01,2025-07-17,2025-08-20,DELIVERED,32506.52,USD,2025-07-17T00:00:00
PO-2025-04954,PO-004954,SUP-0040,FAC-MX-01,WH-MX-RAW-01,2025-05-05,2025-05-28,DELIVERED,103.35,USD,2025-05-05T00:00:00
PO-2025-04955,PO-004955,SUP-0081,FAC-US-01,WH-US-RAW-01,2025-10-30,2025-12-05,DELIVERED,19243.98,USD,2025-10-30T00:00:00
PO-2025-04956,PO-004956,SUP-0055,FAC-APAC-01,WH-APAC-RAW-01,2025-02-13,2025-03-02,DELIVERED,56594.57,USD,2025-02-13T00:00:00
PO-2025-04957,PO-004957,SUP-0095,FAC-MX-01,WH-MX-RAW-01,2025-05-08,2025-05-19,DELIVERED,9598.9,USD,2025-05-08T00:00:00
PO-2025-04958,PO-004958,SUP-0098,FAC-US-01,WH-US-RAW-01,2026-02-08,2026-03-01,DELIVERED,37750.05,USD,2026-02-08T00:00:00
PO-2025-04959,PO-004959,SUP-0096,FAC-US-01,WH-US-RAW-01,2026-01-26,2026-02-09,DELIVERED,4278.08,USD,2026-01-26T00:00:00
PO-2025-04960,PO-004960,SUP-0083,FAC-EU-01,WH-EU-RAW-01,2026-03-28,2026-05-01,IN_TRANSIT,358404.87,USD,2026-03-28T00:00:00
PO-2025-04961,PO-004961,SUP-0051,FAC-EU-01,WH-EU-RAW-01,2026-02-27,2026-03-22,DELIVERED,60013.8,USD,2026-02-27T00:00:00
PO-2025-04962,PO-004962,SUP-0112,FAC-US-01,WH-US-RAW-01,2025-12-30,2026-01-15,DELIVERED,53098.15,USD,2025-12-30T00:00:00
PO-2025-04963,PO-004963,SUP-0098,FAC-APAC-01,WH-APAC-RAW-01,2025-04-11,2025-05-02,DELIVERED,149467.3,USD,2025-04-11T00:00:00
PO-2025-04964,PO-004964,SUP-0048,FAC-EU-01,WH-EU-RAW-01,2026-01-30,2026-03-05,DELIVERED,57569.8,USD,2026-01-30T00:00:00
PO-2025-04965,PO-004965,SUP-0090,FAC-EU-01,WH-EU-RAW-01,2026-02-23,2026-03-23,OVERDUE,74923.87,USD,2026-02-23T00:00:00
PO-2025-04966,PO-004966,SUP-0096,FAC-MX-01,WH-MX-RAW-01,2026-02-05,2026-02-22,DELIVERED,87862.72,USD,2026-02-05T00:00:00
PO-2025-04967,PO-004967,SUP-0104,FAC-US-01,WH-US-RAW-01,2025-11-10,2025-12-16,DELIVERED,2380.32,USD,2025-11-10T00:00:00
PO-2025-04968,PO-004968,SUP-0078,FAC-US-01,WH-US-RAW-01,2025-08-01,2025-08-22,DELIVERED,1139.37,USD,2025-08-01T00:00:00
PO-2025-04969,PO-004969,SUP-0079,FAC-APAC-01,WH-APAC-RAW-01,2026-02-23,2026-03-20,DELIVERED,102438.83,USD,2026-02-23T00:00:00
PO-2025-04970,PO-004970,SUP-0009,FAC-APAC-01,WH-APAC-RAW-01,2026-01-12,2026-03-03,CANCELLED,211147.01,USD,2026-01-12T00:00:00
PO-2025-04971,PO-004971,SUP-0116,FAC-EU-01,WH-EU-RAW-01,2026-05-16,2026-05-24,PENDING,405.5,USD,2026-05-16T00:00:00
PO-2025-04972,PO-004972,SUP-0077,FAC-MX-01,WH-MX-RAW-01,2025-06-23,2025-07-16,DELIVERED,55594.36,USD,2025-06-23T00:00:00
PO-2025-04973,PO-004973,SUP-0058,FAC-EU-01,WH-EU-RAW-01,2025-07-28,2025-08-23,DELIVERED,52336.72,USD,2025-07-28T00:00:00
PO-2025-04974,PO-004974,SUP-0015,FAC-MX-01,WH-MX-RAW-01,2025-07-22,2025-09-24,DELIVERED,1363.6,USD,2025-07-22T00:00:00
PO-2025-04975,PO-004975,SUP-0109,FAC-APAC-01,WH-APAC-RAW-01,2026-02-03,2026-02-22,DELIVERED,976.06,USD,2026-02-03T00:00:00
PO-2025-04976,PO-004976,SUP-0038,FAC-APAC-01,WH-APAC-RAW-01,2025-07-09,2025-08-05,DELIVERED,3593.58,USD,2025-07-09T00:00:00
PO-2025-04977,PO-004977,SUP-0068,FAC-EU-01,WH-EU-RAW-01,2025-04-24,2025-05-13,DELIVERED,119515.37,USD,2025-04-24T00:00:00
PO-2025-04978,PO-004978,SUP-0096,FAC-APAC-01,WH-APAC-RAW-01,2026-06-17,2026-07-02,PENDING,15100.44,USD,2026-06-17T00:00:00
PO-2025-04979,PO-004979,SUP-0043,FAC-EU-01,WH-EU-RAW-01,2025-03-11,2025-04-07,DELIVERED,6501.02,USD,2025-03-11T00:00:00
PO-2025-04980,PO-004980,SUP-0117,FAC-EU-01,WH-EU-RAW-01,2026-02-19,2026-03-22,OVERDUE,56983.86,USD,2026-02-19T00:00:00
PO-2025-04981,PO-004981,SUP-0114,FAC-APAC-01,WH-APAC-RAW-01,2025-09-23,2025-10-11,OVERDUE,241100.4,USD,2025-09-23T00:00:00
PO-2025-04982,PO-004982,SUP-0078,FAC-US-01,WH-US-RAW-01,2026-02-21,2026-03-17,DELIVERED,205315.15,USD,2026-02-21T00:00:00
PO-2025-04983,PO-004983,SUP-0002,FAC-EU-01,WH-EU-RAW-01,2025-11-24,2025-12-16,DELIVERED,46348.41,USD,2025-11-24T00:00:00
PO-2025-04984,PO-004984,SUP-0041,FAC-US-01,WH-US-RAW-01,2026-03-20,2026-04-09,DELIVERED,45736.8,USD,2026-03-20T00:00:00
PO-2025-04985,PO-004985,SUP-0115,FAC-EU-01,WH-EU-RAW-01,2026-04-03,2026-05-03,IN_TRANSIT,142001.0,USD,2026-04-03T00:00:00
PO-2025-04986,PO-004986,SUP-0095,FAC-APAC-01,WH-APAC-RAW-01,2025-02-11,2025-02-26,DELIVERED,257015.01,USD,2025-02-11T00:00:00
PO-2025-04987,PO-004987,SUP-0107,FAC-APAC-01,WH-APAC-RAW-01,2025-05-01,2025-05-16,OVERDUE,120404.48,USD,2025-05-01T00:00:00
PO-2025-04988,PO-004988,SUP-0016,FAC-APAC-01,WH-APAC-RAW-01,2025-08-08,2025-08-30,DELIVERED,3739.07,USD,2025-08-08T00:00:00
PO-2025-04989,PO-004989,SUP-0009,FAC-MX-01,WH-MX-RAW-01,2025-12-26,2026-02-14,DELIVERED,111256.28,USD,2025-12-26T00:00:00
PO-2025-04990,PO-004990,SUP-0091,FAC-EU-01,WH-EU-RAW-01,2026-03-14,2026-03-29,DELIVERED,1435.59,USD,2026-03-14T00:00:00
PO-2025-04991,PO-004991,SUP-0113,FAC-MX-01,WH-MX-RAW-01,2025-10-25,2025-11-10,DELIVERED,90676.84,USD,2025-10-25T00:00:00
PO-2025-04992,PO-004992,SUP-0012,FAC-US-01,WH-US-RAW-01,2025-12-09,2025-12-26,DELIVERED,12331.99,USD,2025-12-09T00:00:00
PO-2025-04993,PO-004993,SUP-0023,FAC-APAC-01,WH-APAC-RAW-01,2025-07-10,2025-07-23,DELIVERED,2225.88,USD,2025-07-10T00:00:00
PO-2025-04994,PO-004994,SUP-0052,FAC-MX-01,WH-MX-RAW-01,2026-02-07,2026-03-09,DELIVERED,3584.7,USD,2026-02-07T00:00:00
PO-2025-04995,PO-004995,SUP-0081,FAC-EU-01,WH-EU-RAW-01,2026-05-02,2026-06-08,PENDING,1914.3,USD,2026-05-02T00:00:00
PO-2025-04996,PO-004996,SUP-0041,FAC-EU-01,WH-EU-RAW-01,2025-08-16,2025-09-02,DELIVERED,30235.8,USD,2025-08-16T00:00:00
PO-2025-04997,PO-004997,SUP-0002,FAC-APAC-01,WH-APAC-RAW-01,2025-11-06,2025-11-24,DELIVERED,1751760.29,USD,2025-11-06T00:00:00
PO-2025-04998,PO-004998,SUP-0061,FAC-EU-01,WH-EU-RAW-01,2025-05-09,2025-05-22,CANCELLED,113319.46,USD,2025-05-09T00:00:00
PO-2025-04999,PO-004999,SUP-0112,FAC-US-01,WH-US-RAW-01,2025-11-25,2025-12-07,DELIVERED,1063.53,USD,2025-11-25T00:00:00
PO-2025-05000,PO-005000,SUP-0019,FAC-APAC-01,WH-APAC-RAW-01,2025-11-08,2025-11-29,OVERDUE,658514.93,USD,2025-11-08T00:00:00
PO-2025-05001,PO-005001,SUP-0048,FAC-US-01,WH-US-RAW-01,2025-06-16,2025-07-16,DELIVERED,113463.3,USD,2025-06-16T00:00:00
PO-2025-05002,PO-005002,SUP-0119,FAC-APAC-01,WH-APAC-RAW-01,2025-10-20,2025-11-22,DELIVERED,9255.72,USD,2025-10-20T00:00:00
PO-2025-05003,PO-005003,SUP-0100,FAC-US-01,WH-US-RAW-01,2025-09-11,2025-09-25,DELIVERED,161802.34,USD,2025-09-11T00:00:00
PO-2025-05004,PO-005004,SUP-0051,FAC-APAC-01,WH-APAC-RAW-01,2025-11-14,2025-12-09,DELIVERED,1707.03,USD,2025-11-14T00:00:00
PO-2025-05005,PO-005005,SUP-0051,FAC-MX-01,WH-MX-RAW-01,2025-12-03,2025-12-25,DELIVERED,354682.26,USD,2025-12-03T00:00:00
PO-2025-05006,PO-005006,SUP-0109,FAC-APAC-01,WH-APAC-RAW-01,2025-02-10,2025-03-01,DELIVERED,687265.84,USD,2025-02-10T00:00:00
PO-2025-05007,PO-005007,SUP-0103,FAC-EU-01,WH-EU-RAW-01,2026-01-23,2026-03-09,DELIVERED,182940.05,USD,2026-01-23T00:00:00
PO-2025-05008,PO-005008,SUP-0114,FAC-APAC-01,WH-APAC-RAW-01,2026-01-08,2026-01-29,DELIVERED,16582.35,USD,2026-01-08T00:00:00
PO-2025-05009,PO-005009,SUP-0083,FAC-US-01,WH-US-RAW-01,2025-09-23,2025-10-20,DELIVERED,24868.32,USD,2025-09-23T00:00:00
PO-2025-05010,PO-005010,SUP-0062,FAC-US-01,WH-US-RAW-01,2025-04-12,2025-05-18,DELIVERED,533603.75,USD,2025-04-12T00:00:00
PO-2025-05011,PO-005011,SUP-0004,FAC-APAC-01,WH-APAC-RAW-01,2026-01-21,2026-02-23,DELIVERED,1612911.15,USD,2026-01-21T00:00:00
PO-2025-05012,PO-005012,SUP-0084,FAC-APAC-01,WH-APAC-RAW-01,2026-04-22,2026-05-15,PENDING,25828.53,USD,2026-04-22T00:00:00
PO-2025-05013,PO-005013,SUP-0016,FAC-EU-01,WH-EU-RAW-01,2025-08-04,2025-08-27,DELIVERED,5537.61,USD,2025-08-04T00:00:00
PO-2025-05014,PO-005014,SUP-0099,FAC-US-01,WH-US-RAW-01,2025-09-07,2025-09-20,DELIVERED,407036.5,USD,2025-09-07T00:00:00
PO-2025-05015,PO-005015,SUP-0061,FAC-APAC-01,WH-APAC-RAW-01,2025-07-08,2025-07-24,DELIVERED,822615.47,USD,2025-07-08T00:00:00
PO-2025-05016,PO-005016,SUP-0012,FAC-EU-01,WH-EU-RAW-01,2025-11-30,2025-12-19,DELIVERED,201962.4,USD,2025-11-30T00:00:00
PO-2025-05017,PO-005017,SUP-0090,FAC-US-01,WH-US-RAW-01,2025-06-22,2025-07-15,DELIVERED,40783.61,USD,2025-06-22T00:00:00
PO-2025-05018,PO-005018,SUP-0024,FAC-EU-01,WH-EU-RAW-01,2025-09-20,2025-10-03,DELIVERED,7402.5,USD,2025-09-20T00:00:00
PO-2025-05019,PO-005019,SUP-0064,FAC-US-01,WH-US-RAW-01,2026-01-03,2026-01-28,DELIVERED,10955.04,USD,2026-01-03T00:00:00
PO-2025-05020,PO-005020,SUP-0024,FAC-US-01,WH-US-RAW-01,2025-11-25,2025-12-09,DELIVERED,28944.93,USD,2025-11-25T00:00:00
PO-2025-05021,PO-005021,SUP-0114,FAC-EU-01,WH-EU-RAW-01,2025-10-01,2025-10-19,DELIVERED,4552.08,USD,2025-10-01T00:00:00
PO-2025-05022,PO-005022,SUP-0032,FAC-APAC-01,WH-APAC-RAW-01,2025-10-12,2025-11-13,DELIVERED,5038.46,USD,2025-10-12T00:00:00
PO-2025-05023,PO-005023,SUP-0091,FAC-EU-01,WH-EU-RAW-01,2025-11-26,2025-12-14,DELIVERED,8120.84,USD,2025-11-26T00:00:00
PO-2025-05024,PO-005024,SUP-0007,FAC-APAC-01,WH-APAC-RAW-01,2025-02-03,2025-02-26,DELIVERED,8566.94,USD,2025-02-03T00:00:00
PO-2025-05025,PO-005025,SUP-0091,FAC-APAC-01,WH-APAC-RAW-01,2025-05-04,2025-05-23,DELIVERED,51720.78,USD,2025-05-04T00:00:00
PO-2025-05026,PO-005026,SUP-0098,FAC-US-01,WH-US-RAW-01,2026-03-10,2026-04-01,DELIVERED,124459.32,USD,2026-03-10T00:00:00
PO-2025-05027,PO-005027,SUP-0082,FAC-EU-01,WH-EU-RAW-01,2025-05-03,2025-07-06,DELIVERED,1883.37,USD,2025-05-03T00:00:00
PO-2025-05028,PO-005028,SUP-0086,FAC-EU-01,WH-EU-RAW-01,2026-01-06,2026-01-14,DELIVERED,7955.64,USD,2026-01-06T00:00:00
PO-2025-05029,PO-005029,SUP-0017,FAC-EU-01,WH-EU-RAW-01,2026-03-30,2026-05-20,IN_TRANSIT,1339.38,USD,2026-03-30T00:00:00
PO-2025-05030,PO-005030,SUP-0106,FAC-EU-01,WH-EU-RAW-01,2025-08-17,2025-09-24,DELIVERED,11073.4,USD,2025-08-17T00:00:00
PO-2025-05031,PO-005031,SUP-0035,FAC-EU-01,WH-EU-RAW-01,2025-09-25,2025-11-12,DELIVERED,201247.72,USD,2025-09-25T00:00:00
PO-2025-05032,PO-005032,SUP-0001,FAC-EU-01,WH-EU-RAW-01,2025-11-28,2026-01-27,DELIVERED,13716.56,USD,2025-11-28T00:00:00
PO-2025-05033,PO-005033,SUP-0047,FAC-EU-01,WH-EU-RAW-01,2026-03-11,2026-03-26,DELIVERED,18738.48,USD,2026-03-11T00:00:00
PO-2025-05034,PO-005034,SUP-0011,FAC-APAC-01,WH-APAC-RAW-01,2026-04-13,2026-05-06,PENDING,62130.54,USD,2026-04-13T00:00:00
PO-2025-05035,PO-005035,SUP-0023,FAC-APAC-01,WH-APAC-RAW-01,2026-01-16,2026-01-26,DELIVERED,34271.99,USD,2026-01-16T00:00:00
PO-2025-05036,PO-005036,SUP-0095,FAC-MX-01,WH-MX-RAW-01,2025-05-10,2025-05-24,DELIVERED,75143.57,USD,2025-05-10T00:00:00
PO-2025-05037,PO-005037,SUP-0033,FAC-EU-01,WH-EU-RAW-01,2025-12-26,2026-01-12,DELIVERED,54414.09,USD,2025-12-26T00:00:00
PO-2025-05038,PO-005038,SUP-0096,FAC-EU-01,WH-EU-RAW-01,2025-10-09,2025-10-28,CANCELLED,181230.3,USD,2025-10-09T00:00:00
PO-2025-05039,PO-005039,SUP-0110,FAC-MX-01,WH-MX-RAW-01,2025-10-29,2025-11-12,DELIVERED,148346.94,USD,2025-10-29T00:00:00
PO-2025-05040,PO-005040,SUP-0095,FAC-APAC-01,WH-APAC-RAW-01,2025-04-08,2025-04-23,DELIVERED,38218.04,USD,2025-04-08T00:00:00
PO-2025-05041,PO-005041,SUP-0041,FAC-MX-01,WH-MX-RAW-01,2025-07-12,2025-08-05,DELIVERED,653.37,USD,2025-07-12T00:00:00
PO-2025-05042,PO-005042,SUP-0044,FAC-MX-01,WH-MX-RAW-01,2026-02-02,2026-04-01,DELIVERED,38977.89,USD,2026-02-02T00:00:00
PO-2025-05043,PO-005043,SUP-0087,FAC-EU-01,WH-EU-RAW-01,2025-10-24,2025-11-11,DELIVERED,45884.28,USD,2025-10-24T00:00:00
PO-2025-05044,PO-005044,SUP-0059,FAC-MX-01,WH-MX-RAW-01,2025-08-30,2025-10-27,DELIVERED,17035.38,USD,2025-08-30T00:00:00
PO-2025-05045,PO-005045,SUP-0044,FAC-APAC-01,WH-APAC-RAW-01,2025-09-30,2025-11-22,DELIVERED,3470.76,USD,2025-09-30T00:00:00
PO-2025-05046,PO-005046,SUP-0086,FAC-APAC-01,WH-APAC-RAW-01,2026-02-26,2026-03-12,CANCELLED,302490.11,USD,2026-02-26T00:00:00
PO-2025-05047,PO-005047,SUP-0035,FAC-EU-01,WH-EU-RAW-01,2026-01-19,2026-03-05,CANCELLED,88903.38,USD,2026-01-19T00:00:00
PO-2025-05048,PO-005048,SUP-0105,FAC-US-01,WH-US-RAW-01,2025-08-18,2025-09-07,DELIVERED,15203.62,USD,2025-08-18T00:00:00
PO-2025-05049,PO-005049,SUP-0119,FAC-EU-01,WH-EU-RAW-01,2025-05-31,2025-07-02,DELIVERED,4531.34,USD,2025-05-31T00:00:00
PO-2025-05050,PO-005050,SUP-0039,FAC-US-01,WH-US-RAW-01,2025-08-09,2025-09-08,DELIVERED,2666.68,USD,2025-08-09T00:00:00
PO-2025-05051,PO-005051,SUP-0031,FAC-US-01,WH-US-RAW-01,2026-03-31,2026-06-01,IN_TRANSIT,47195.42,USD,2026-03-31T00:00:00
PO-2025-05052,PO-005052,SUP-0093,FAC-US-01,WH-US-RAW-01,2025-12-02,2026-01-13,DELIVERED,34965.0,USD,2025-12-02T00:00:00
PO-2025-05053,PO-005053,SUP-0059,FAC-EU-01,WH-EU-RAW-01,2025-11-17,2026-01-19,DELIVERED,318802.62,USD,2025-11-17T00:00:00
PO-2025-05054,PO-005054,SUP-0022,FAC-US-01,WH-US-RAW-01,2025-12-06,2025-12-25,DELIVERED,2784.09,USD,2025-12-06T00:00:00
PO-2025-05055,PO-005055,SUP-0103,FAC-APAC-01,WH-APAC-RAW-01,2025-09-23,2025-11-06,DELIVERED,51775.69,USD,2025-09-23T00:00:00
PO-2025-05056,PO-005056,SUP-0025,FAC-EU-01,WH-EU-RAW-01,2026-02-08,2026-02-21,DELIVERED,36867.6,USD,2026-02-08T00:00:00
PO-2025-05057,PO-005057,SUP-0019,FAC-MX-01,WH-MX-RAW-01,2025-11-14,2025-12-01,DELIVERED,33891.07,USD,2025-11-14T00:00:00
PO-2025-05058,PO-005058,SUP-0049,FAC-EU-01,WH-EU-RAW-01,2025-05-31,2025-06-16,DELIVERED,14304.64,USD,2025-05-31T00:00:00
PO-2025-05059,PO-005059,SUP-0026,FAC-APAC-01,WH-APAC-RAW-01,2025-06-07,2025-07-06,DELIVERED,14508.73,USD,2025-06-07T00:00:00
PO-2025-05060,PO-005060,SUP-0015,FAC-EU-01,WH-EU-RAW-01,2025-11-18,2026-01-14,OVERDUE,1051.92,USD,2025-11-18T00:00:00
PO-2025-05061,PO-005061,SUP-0019,FAC-US-01,WH-US-RAW-01,2026-04-09,2026-04-28,IN_TRANSIT,117674.42,USD,2026-04-09T00:00:00
PO-2025-05062,PO-005062,SUP-0019,FAC-US-01,WH-US-RAW-01,2025-09-01,2025-09-23,DELIVERED,1530.48,USD,2025-09-01T00:00:00
PO-2025-05063,PO-005063,SUP-0106,FAC-US-01,WH-US-RAW-01,2026-03-05,2026-04-09,DELIVERED,8976.24,USD,2026-03-05T00:00:00
PO-2025-05064,PO-005064,SUP-0042,FAC-US-01,WH-US-RAW-01,2026-01-24,2026-02-19,OVERDUE,76629.54,USD,2026-01-24T00:00:00
PO-2025-05065,PO-005065,SUP-0069,FAC-MX-01,WH-MX-RAW-01,2025-08-07,2025-08-28,OVERDUE,17715.66,USD,2025-08-07T00:00:00
PO-2025-05066,PO-005066,SUP-0086,FAC-MX-01,WH-MX-RAW-01,2025-03-25,2025-04-06,DELIVERED,6028.41,USD,2025-03-25T00:00:00
PO-2025-05067,PO-005067,SUP-0105,FAC-EU-01,WH-EU-RAW-01,2025-05-21,2025-06-08,DELIVERED,330407.52,USD,2025-05-21T00:00:00
PO-2025-05068,PO-005068,SUP-0027,FAC-APAC-01,WH-APAC-RAW-01,2026-01-12,2026-02-07,DELIVERED,8313.36,USD,2026-01-12T00:00:00
PO-2025-05069,PO-005069,SUP-0012,FAC-MX-01,WH-MX-RAW-01,2025-07-16,2025-07-31,CANCELLED,70994.94,USD,2025-07-16T00:00:00
PO-2025-05070,PO-005070,SUP-0062,FAC-MX-01,WH-MX-RAW-01,2025-09-25,2025-10-29,DELIVERED,224897.31,USD,2025-09-25T00:00:00
PO-2025-05071,PO-005071,SUP-0060,FAC-APAC-01,WH-APAC-RAW-01,2025-11-08,2025-12-10,DELIVERED,3581.76,USD,2025-11-08T00:00:00
PO-2025-05072,PO-005072,SUP-0052,FAC-MX-01,WH-MX-RAW-01,2026-01-12,2026-02-07,DELIVERED,82075.3,USD,2026-01-12T00:00:00
PO-2025-05073,PO-005073,SUP-0009,FAC-EU-01,WH-EU-RAW-01,2025-05-28,2025-07-22,DELIVERED,2927.68,USD,2025-05-28T00:00:00
PO-2025-05074,PO-005074,SUP-0068,FAC-US-01,WH-US-RAW-01,2025-10-08,2025-10-27,DELIVERED,236989.38,USD,2025-10-08T00:00:00
PO-2025-05075,PO-005075,SUP-0095,FAC-APAC-01,WH-APAC-RAW-01,2025-11-03,2025-11-21,DELIVERED,69064.68,USD,2025-11-03T00:00:00
PO-2025-05076,PO-005076,SUP-0089,FAC-US-01,WH-US-RAW-01,2025-11-20,2025-12-04,OVERDUE,125976.06,USD,2025-11-20T00:00:00
PO-2025-05077,PO-005077,SUP-0085,FAC-APAC-01,WH-APAC-RAW-01,2026-02-12,2026-02-20,OVERDUE,76003.59,USD,2026-02-12T00:00:00
PO-2025-05078,PO-005078,SUP-0074,FAC-EU-01,WH-EU-RAW-01,2025-07-02,2025-07-27,DELIVERED,22655.52,USD,2025-07-02T00:00:00
PO-2025-05079,PO-005079,SUP-0111,FAC-US-01,WH-US-RAW-01,2026-02-08,2026-03-14,CANCELLED,14210.07,USD,2026-02-08T00:00:00
PO-2025-05080,PO-005080,SUP-0103,FAC-APAC-01,WH-APAC-RAW-01,2026-01-02,2026-02-19,DELIVERED,22826.8,USD,2026-01-02T00:00:00
PO-2025-05081,PO-005081,SUP-0055,FAC-MX-01,WH-MX-RAW-01,2025-11-24,2025-12-09,DELIVERED,15137.28,USD,2025-11-24T00:00:00
PO-2025-05082,PO-005082,SUP-0025,FAC-MX-01,WH-MX-RAW-01,2026-01-04,2026-01-14,OVERDUE,101976.35,USD,2026-01-04T00:00:00
PO-2025-05083,PO-005083,SUP-0086,FAC-US-01,WH-US-RAW-01,2025-10-10,2025-10-19,DELIVERED,335455.88,USD,2025-10-10T00:00:00
PO-2025-05084,PO-005084,SUP-0097,FAC-APAC-01,WH-APAC-RAW-01,2025-06-13,2025-07-21,DELIVERED,1030.14,USD,2025-06-13T00:00:00
PO-2025-05085,PO-005085,SUP-0115,FAC-US-01,WH-US-RAW-01,2025-12-25,2026-01-23,DELIVERED,21169.48,USD,2025-12-25T00:00:00
PO-2025-05086,PO-005086,SUP-0026,FAC-APAC-01,WH-APAC-RAW-01,2025-11-15,2025-12-15,DELIVERED,40086.63,USD,2025-11-15T00:00:00
PO-2025-05087,PO-005087,SUP-0075,FAC-APAC-01,WH-APAC-RAW-01,2025-12-18,2026-01-17,DELIVERED,184887.94,USD,2025-12-18T00:00:00
PO-2025-05088,PO-005088,SUP-0003,FAC-APAC-01,WH-APAC-RAW-01,2025-09-13,2025-10-07,DELIVERED,99643.4,USD,2025-09-13T00:00:00
PO-2025-05089,PO-005089,SUP-0067,FAC-MX-01,WH-MX-RAW-01,2026-03-23,2026-04-15,DELIVERED,27255.46,USD,2026-03-23T00:00:00
PO-2025-05090,PO-005090,SUP-0095,FAC-APAC-01,WH-APAC-RAW-01,2025-12-03,2025-12-15,DELIVERED,36352.86,USD,2025-12-03T00:00:00
PO-2025-05091,PO-005091,SUP-0107,FAC-EU-01,WH-EU-RAW-01,2025-05-09,2025-05-21,DELIVERED,11223.04,USD,2025-05-09T00:00:00
PO-2025-05092,PO-005092,SUP-0094,FAC-US-01,WH-US-RAW-01,2025-10-22,2025-11-06,DELIVERED,2805.0,USD,2025-10-22T00:00:00
PO-2025-05093,PO-005093,SUP-0095,FAC-APAC-01,WH-APAC-RAW-01,2026-01-21,2026-02-07,DELIVERED,4766.29,USD,2026-01-21T00:00:00
PO-2025-05094,PO-005094,SUP-0084,FAC-MX-01,WH-MX-RAW-01,2026-02-03,2026-02-27,DELIVERED,23624.7,USD,2026-02-03T00:00:00
PO-2025-05095,PO-005095,SUP-0103,FAC-MX-01,WH-MX-RAW-01,2025-11-06,2025-12-24,DELIVERED,11931.36,USD,2025-11-06T00:00:00
PO-2025-05096,PO-005096,SUP-0021,FAC-US-01,WH-US-RAW-01,2026-03-17,2026-04-17,IN_TRANSIT,800.28,USD,2026-03-17T00:00:00
PO-2025-05097,PO-005097,SUP-0119,FAC-MX-01,WH-MX-RAW-01,2025-08-16,2025-09-21,DELIVERED,16435.13,USD,2025-08-16T00:00:00
PO-2025-05098,PO-005098,SUP-0062,FAC-EU-01,WH-EU-RAW-01,2025-10-09,2025-11-09,DELIVERED,413088.59,USD,2025-10-09T00:00:00
PO-2025-05099,PO-005099,SUP-0109,FAC-US-01,WH-US-RAW-01,2026-03-19,2026-04-08,DELIVERED,53545.41,USD,2026-03-19T00:00:00
PO-2025-05100,PO-005100,SUP-0083,FAC-US-01,WH-US-RAW-01,2026-03-18,2026-04-21,IN_TRANSIT,82038.03,USD,2026-03-18T00:00:00
PO-2025-05101,PO-005101,SUP-0038,FAC-MX-01,WH-MX-RAW-01,2025-12-31,2026-01-23,DELIVERED,13484.82,USD,2025-12-31T00:00:00
PO-2025-05102,PO-005102,SUP-0002,FAC-EU-01,WH-EU-RAW-01,2026-02-28,2026-03-23,DELIVERED,2354.88,USD,2026-02-28T00:00:00
PO-2025-05103,PO-005103,SUP-0018,FAC-APAC-01,WH-APAC-RAW-01,2025-05-11,2025-06-07,DELIVERED,63084.56,USD,2025-05-11T00:00:00
PO-2025-05104,PO-005104,SUP-0022,FAC-MX-01,WH-MX-RAW-01,2026-03-03,2026-03-20,DELIVERED,137536.29,USD,2026-03-03T00:00:00
PO-2025-05105,PO-005105,SUP-0023,FAC-APAC-01,WH-APAC-RAW-01,2025-09-06,2025-09-22,DELIVERED,164838.72,USD,2025-09-06T00:00:00
PO-2025-05106,PO-005106,SUP-0011,FAC-US-01,WH-US-RAW-01,2025-07-05,2025-07-30,DELIVERED,62190.12,USD,2025-07-05T00:00:00
PO-2025-05107,PO-005107,SUP-0009,FAC-EU-01,WH-EU-RAW-01,2025-08-03,2025-09-28,DELIVERED,127806.14,USD,2025-08-03T00:00:00
PO-2025-05108,PO-005108,SUP-0002,FAC-APAC-01,WH-APAC-RAW-01,2025-10-12,2025-10-30,DELIVERED,61218.04,USD,2025-10-12T00:00:00
PO-2025-05109,PO-005109,SUP-0095,FAC-US-01,WH-US-RAW-01,2025-08-09,2025-08-26,DELIVERED,118181.14,USD,2025-08-09T00:00:00
PO-2025-05110,PO-005110,SUP-0105,FAC-EU-01,WH-EU-RAW-01,2025-09-06,2025-09-22,DELIVERED,109689.54,USD,2025-09-06T00:00:00
PO-2025-05111,PO-005111,SUP-0114,FAC-MX-01,WH-MX-RAW-01,2025-06-11,2025-07-01,DELIVERED,70803.23,USD,2025-06-11T00:00:00
PO-2025-05112,PO-005112,SUP-0104,FAC-EU-01,WH-EU-RAW-01,2025-08-28,2025-09-26,DELIVERED,4323.52,USD,2025-08-28T00:00:00
PO-2025-05113,PO-005113,SUP-0062,FAC-MX-01,WH-MX-RAW-01,2025-11-29,2026-01-04,DELIVERED,587458.6,USD,2025-11-29T00:00:00
PO-2025-05114,PO-005114,SUP-0117,FAC-US-01,WH-US-RAW-01,2025-10-20,2025-11-19,DELIVERED,56574.75,USD,2025-10-20T00:00:00
PO-2025-05115,PO-005115,SUP-0030,FAC-US-01,WH-US-RAW-01,2025-09-16,2025-10-17,DELIVERED,114758.33,USD,2025-09-16T00:00:00
PO-2025-05116,PO-005116,SUP-0096,FAC-US-01,WH-US-RAW-01,2026-01-18,2026-02-04,DELIVERED,66144.33,USD,2026-01-18T00:00:00
PO-2025-05117,PO-005117,SUP-0029,FAC-US-01,WH-US-RAW-01,2026-03-16,2026-04-17,IN_TRANSIT,14577.81,USD,2026-03-16T00:00:00
PO-2025-05118,PO-005118,SUP-0046,FAC-EU-01,WH-EU-RAW-01,2026-01-21,2026-02-22,DELIVERED,13321.65,USD,2026-01-21T00:00:00
PO-2025-05119,PO-005119,SUP-0010,FAC-MX-01,WH-MX-RAW-01,2025-09-11,2025-10-03,DELIVERED,15053.22,USD,2025-09-11T00:00:00
PO-2025-05120,PO-005120,SUP-0076,FAC-APAC-01,WH-APAC-RAW-01,2026-01-18,2026-02-22,DELIVERED,194310.13,USD,2026-01-18T00:00:00
PO-2025-05121,PO-005121,SUP-0025,FAC-MX-01,WH-MX-RAW-01,2025-06-21,2025-06-28,DELIVERED,86074.03,USD,2025-06-21T00:00:00
PO-2025-05122,PO-005122,SUP-0017,FAC-US-01,WH-US-RAW-01,2025-06-08,2025-08-01,DELIVERED,2602.27,USD,2025-06-08T00:00:00
PO-2025-05123,PO-005123,SUP-0061,FAC-MX-01,WH-MX-RAW-01,2025-09-16,2025-10-05,DELIVERED,32009.04,USD,2025-09-16T00:00:00
PO-2025-05124,PO-005124,SUP-0032,FAC-APAC-01,WH-APAC-RAW-01,2026-02-08,2026-03-14,DELIVERED,396584.46,USD,2026-02-08T00:00:00
PO-2025-05125,PO-005125,SUP-0103,FAC-US-01,WH-US-RAW-01,2025-08-07,2025-09-24,DELIVERED,55107.78,USD,2025-08-07T00:00:00
PO-2025-05126,PO-005126,SUP-0059,FAC-US-01,WH-US-RAW-01,2025-04-21,2025-06-25,OVERDUE,26366.22,USD,2025-04-21T00:00:00
PO-2025-05127,PO-005127,SUP-0087,FAC-APAC-01,WH-APAC-RAW-01,2025-06-09,2025-06-27,DELIVERED,153042.17,USD,2025-06-09T00:00:00
PO-2025-05128,PO-005128,SUP-0057,FAC-EU-01,WH-EU-RAW-01,2026-02-28,2026-03-19,DELIVERED,25665.79,USD,2026-02-28T00:00:00
PO-2025-05129,PO-005129,SUP-0041,FAC-MX-01,WH-MX-RAW-01,2025-12-16,2026-01-04,DELIVERED,114999.2,USD,2025-12-16T00:00:00
PO-2025-05130,PO-005130,SUP-0102,FAC-US-01,WH-US-RAW-01,2025-08-10,2025-09-04,DELIVERED,109989.97,USD,2025-08-10T00:00:00
PO-2025-05131,PO-005131,SUP-0022,FAC-EU-01,WH-EU-RAW-01,2025-11-24,2025-12-07,CANCELLED,64892.63,USD,2025-11-24T00:00:00
PO-2025-05132,PO-005132,SUP-0082,FAC-MX-01,WH-MX-RAW-01,2025-11-16,2026-01-24,DELIVERED,681645.61,USD,2025-11-16T00:00:00
PO-2025-05133,PO-005133,SUP-0068,FAC-US-01,WH-US-RAW-01,2025-12-22,2026-01-13,DELIVERED,19902.74,USD,2025-12-22T00:00:00
PO-2025-05134,PO-005134,SUP-0031,FAC-APAC-01,WH-APAC-RAW-01,2025-08-01,2025-09-30,DELIVERED,831.36,USD,2025-08-01T00:00:00
PO-2025-05135,PO-005135,SUP-0029,FAC-MX-01,WH-MX-RAW-01,2026-03-03,2026-04-03,DELIVERED,44966.4,USD,2026-03-03T00:00:00
PO-2025-05136,PO-005136,SUP-0062,FAC-EU-01,WH-EU-RAW-01,2025-09-02,2025-10-03,DELIVERED,17958.24,USD,2025-09-02T00:00:00
PO-2025-05137,PO-005137,SUP-0096,FAC-US-01,WH-US-RAW-01,2026-01-02,2026-01-19,DELIVERED,486.0,USD,2026-01-02T00:00:00
PO-2025-05138,PO-005138,SUP-0058,FAC-EU-01,WH-EU-RAW-01,2025-02-25,2025-03-21,CANCELLED,58813.7,USD,2025-02-25T00:00:00
PO-2025-05139,PO-005139,SUP-0049,FAC-MX-01,WH-MX-RAW-01,2025-09-26,2025-10-15,DELIVERED,69615.86,USD,2025-09-26T00:00:00
PO-2025-05140,PO-005140,SUP-0046,FAC-EU-01,WH-EU-RAW-01,2025-09-18,2025-10-17,DELIVERED,710.16,USD,2025-09-18T00:00:00
PO-2025-05141,PO-005141,SUP-0063,FAC-US-01,WH-US-RAW-01,2025-11-20,2025-12-24,DELIVERED,678992.25,USD,2025-11-20T00:00:00
PO-2025-05142,PO-005142,SUP-0011,FAC-EU-01,WH-EU-RAW-01,2025-04-29,2025-05-19,DELIVERED,10225.8,USD,2025-04-29T00:00:00
PO-2025-05143,PO-005143,SUP-0065,FAC-EU-01,WH-EU-RAW-01,2026-02-02,2026-03-06,DELIVERED,181439.64,USD,2026-02-02T00:00:00
PO-2025-05144,PO-005144,SUP-0056,FAC-MX-01,WH-MX-RAW-01,2025-07-25,2025-08-16,DELIVERED,17483.58,USD,2025-07-25T00:00:00
PO-2025-05145,PO-005145,SUP-0091,FAC-APAC-01,WH-APAC-RAW-01,2025-12-28,2026-01-11,CANCELLED,1300.62,USD,2025-12-28T00:00:00
PO-2025-05146,PO-005146,SUP-0035,FAC-US-01,WH-US-RAW-01,2026-02-06,2026-03-28,DELIVERED,139451.64,USD,2026-02-06T00:00:00
PO-2025-05147,PO-005147,SUP-0006,FAC-MX-01,WH-MX-RAW-01,2025-11-26,2025-12-11,DELIVERED,25113.44,USD,2025-11-26T00:00:00
PO-2025-05148,PO-005148,SUP-0060,FAC-APAC-01,WH-APAC-RAW-01,2026-01-16,2026-02-11,DELIVERED,78815.26,USD,2026-01-16T00:00:00
PO-2025-05149,PO-005149,SUP-0029,FAC-MX-01,WH-MX-RAW-01,2025-12-24,2026-01-24,DELIVERED,208908.82,USD,2025-12-24T00:00:00
PO-2025-05150,PO-005150,SUP-0056,FAC-EU-01,WH-EU-RAW-01,2025-09-19,2025-10-06,DELIVERED,281.37,USD,2025-09-19T00:00:00
PO-2025-05151,PO-005151,SUP-0038,FAC-US-01,WH-US-RAW-01,2026-02-09,2026-03-02,DELIVERED,4142.53,USD,2026-02-09T00:00:00
PO-2025-05152,PO-005152,SUP-0024,FAC-US-01,WH-US-RAW-01,2025-08-27,2025-09-13,DELIVERED,130573.55,USD,2025-08-27T00:00:00
PO-2025-05153,PO-005153,SUP-0032,FAC-MX-01,WH-MX-RAW-01,2025-11-29,2025-12-29,CANCELLED,217436.55,USD,2025-11-29T00:00:00
PO-2025-05154,PO-005154,SUP-0052,FAC-MX-01,WH-MX-RAW-01,2026-01-18,2026-02-17,DELIVERED,52015.32,USD,2026-01-18T00:00:00
PO-2025-05155,PO-005155,SUP-0083,FAC-US-01,WH-US-RAW-01,2025-09-28,2025-10-30,DELIVERED,112396.71,USD,2025-09-28T00:00:00
PO-2025-05156,PO-005156,SUP-0086,FAC-MX-01,WH-MX-RAW-01,2025-08-30,2025-09-12,DELIVERED,592.02,USD,2025-08-30T00:00:00
PO-2025-05157,PO-005157,SUP-0012,FAC-APAC-01,WH-APAC-RAW-01,2025-10-25,2025-11-07,DELIVERED,3700.8,USD,2025-10-25T00:00:00
PO-2025-05158,PO-005158,SUP-0102,FAC-MX-01,WH-MX-RAW-01,2026-02-12,2026-03-06,DELIVERED,110697.32,USD,2026-02-12T00:00:00
PO-2025-05159,PO-005159,SUP-0019,FAC-MX-01,WH-MX-RAW-01,2026-04-05,2026-04-26,IN_TRANSIT,293643.03,USD,2026-04-05T00:00:00
PO-2025-05160,PO-005160,SUP-0084,FAC-MX-01,WH-MX-RAW-01,2025-11-21,2025-12-13,DELIVERED,185332.81,USD,2025-11-21T00:00:00
PO-2025-05161,PO-005161,SUP-0055,FAC-US-01,WH-US-RAW-01,2025-12-24,2026-01-10,DELIVERED,15045.45,USD,2025-12-24T00:00:00
PO-2025-05162,PO-005162,SUP-0009,FAC-EU-01,WH-EU-RAW-01,2026-03-21,2026-05-15,IN_TRANSIT,10408.17,USD,2026-03-21T00:00:00
PO-2025-05163,PO-005163,SUP-0062,FAC-MX-01,WH-MX-RAW-01,2025-05-18,2025-06-21,DELIVERED,271108.25,USD,2025-05-18T00:00:00
PO-2025-05164,PO-005164,SUP-0073,FAC-US-01,WH-US-RAW-01,2025-07-31,2025-08-26,DELIVERED,75071.78,USD,2025-07-31T00:00:00
PO-2025-05165,PO-005165,SUP-0043,FAC-APAC-01,WH-APAC-RAW-01,2026-01-07,2026-02-05,CANCELLED,26120.43,USD,2026-01-07T00:00:00
PO-2025-05166,PO-005166,SUP-0077,FAC-MX-01,WH-MX-RAW-01,2026-02-14,2026-03-13,DELIVERED,16430.21,USD,2026-02-14T00:00:00
PO-2025-05167,PO-005167,SUP-0036,FAC-EU-01,WH-EU-RAW-01,2026-02-28,2026-03-10,CANCELLED,5468.9,USD,2026-02-28T00:00:00
PO-2025-05168,PO-005168,SUP-0019,FAC-APAC-01,WH-APAC-RAW-01,2025-10-11,2025-10-29,DELIVERED,5056.27,USD,2025-10-11T00:00:00
PO-2025-05169,PO-005169,SUP-0105,FAC-MX-01,WH-MX-RAW-01,2025-05-12,2025-06-04,DELIVERED,3480.46,USD,2025-05-12T00:00:00
PO-2025-05170,PO-005170,SUP-0009,FAC-MX-01,WH-MX-RAW-01,2025-10-18,2025-12-09,DELIVERED,33371.3,USD,2025-10-18T00:00:00
PO-2025-05171,PO-005171,SUP-0117,FAC-APAC-01,WH-APAC-RAW-01,2025-07-31,2025-08-30,DELIVERED,229533.4,USD,2025-07-31T00:00:00
PO-2025-05172,PO-005172,SUP-0077,FAC-MX-01,WH-MX-RAW-01,2025-08-26,2025-09-17,OVERDUE,6806.76,USD,2025-08-26T00:00:00
PO-2025-05173,PO-005173,SUP-0065,FAC-MX-01,WH-MX-RAW-01,2026-01-27,2026-02-28,CANCELLED,245104.62,USD,2026-01-27T00:00:00
PO-2025-05174,PO-005174,SUP-0103,FAC-US-01,WH-US-RAW-01,2025-05-01,2025-06-14,DELIVERED,153894.6,USD,2025-05-01T00:00:00
PO-2025-05175,PO-005175,SUP-0100,FAC-MX-01,WH-MX-RAW-01,2026-02-16,2026-02-28,DELIVERED,87448.14,USD,2026-02-16T00:00:00
PO-2025-05176,PO-005176,SUP-0005,FAC-EU-01,WH-EU-RAW-01,2025-10-15,2025-11-05,DELIVERED,181250.42,USD,2025-10-15T00:00:00
PO-2025-05177,PO-005177,SUP-0065,FAC-US-01,WH-US-RAW-01,2025-12-06,2026-01-10,DELIVERED,98531.16,USD,2025-12-06T00:00:00
PO-2025-05178,PO-005178,SUP-0065,FAC-EU-01,WH-EU-RAW-01,2025-05-12,2025-06-14,DELIVERED,350515.19,USD,2025-05-12T00:00:00
PO-2025-05179,PO-005179,SUP-0090,FAC-MX-01,WH-MX-RAW-01,2025-09-13,2025-10-11,DELIVERED,16780.75,USD,2025-09-13T00:00:00
PO-2025-05180,PO-005180,SUP-0005,FAC-US-01,WH-US-RAW-01,2025-05-12,2025-06-07,DELIVERED,49544.64,USD,2025-05-12T00:00:00
PO-2025-05181,PO-005181,SUP-0050,FAC-MX-01,WH-MX-RAW-01,2026-04-27,2026-05-26,PENDING,3500.41,USD,2026-04-27T00:00:00
PO-2025-05182,PO-005182,SUP-0104,FAC-EU-01,WH-EU-RAW-01,2026-02-08,2026-03-11,DELIVERED,10770.72,USD,2026-02-08T00:00:00
PO-2025-05183,PO-005183,SUP-0120,FAC-APAC-01,WH-APAC-RAW-01,2025-10-25,2025-11-20,DELIVERED,131150.46,USD,2025-10-25T00:00:00
PO-2025-05184,PO-005184,SUP-0098,FAC-US-01,WH-US-RAW-01,2025-07-27,2025-08-22,DELIVERED,20319.78,USD,2025-07-27T00:00:00
PO-2025-05185,PO-005185,SUP-0085,FAC-APAC-01,WH-APAC-RAW-01,2026-04-07,2026-04-19,IN_TRANSIT,11207.76,USD,2026-04-07T00:00:00
PO-2025-05186,PO-005186,SUP-0095,FAC-EU-01,WH-EU-RAW-01,2025-09-15,2025-09-27,OVERDUE,78734.41,USD,2025-09-15T00:00:00
PO-2025-05187,PO-005187,SUP-0056,FAC-EU-01,WH-EU-RAW-01,2025-06-26,2025-07-13,DELIVERED,1011.2,USD,2025-06-26T00:00:00
PO-2025-05188,PO-005188,SUP-0012,FAC-US-01,WH-US-RAW-01,2025-11-26,2025-12-10,OVERDUE,38213.54,USD,2025-11-26T00:00:00
PO-2025-05189,PO-005189,SUP-0059,FAC-MX-01,WH-MX-RAW-01,2026-04-14,2026-06-18,PENDING,230439.9,USD,2026-04-14T00:00:00
PO-2025-05190,PO-005190,SUP-0080,FAC-APAC-01,WH-APAC-RAW-01,2025-01-28,2025-03-03,DELIVERED,19165.2,USD,2025-01-28T00:00:00
PO-2025-05191,PO-005191,SUP-0072,FAC-APAC-01,WH-APAC-RAW-01,2025-08-03,2025-09-28,DELIVERED,9502.45,USD,2025-08-03T00:00:00
PO-2025-05192,PO-005192,SUP-0075,FAC-APAC-01,WH-APAC-RAW-01,2026-04-11,2026-05-11,IN_TRANSIT,292470.24,USD,2026-04-11T00:00:00
PO-2025-05193,PO-005193,SUP-0083,FAC-EU-01,WH-EU-RAW-01,2025-07-01,2025-07-29,DELIVERED,56617.32,USD,2025-07-01T00:00:00
PO-2025-05194,PO-005194,SUP-0033,FAC-EU-01,WH-EU-RAW-01,2025-05-28,2025-06-16,DELIVERED,684.6,USD,2025-05-28T00:00:00
PO-2025-05195,PO-005195,SUP-0039,FAC-US-01,WH-US-RAW-01,2025-11-28,2025-12-25,DELIVERED,2429.6,USD,2025-11-28T00:00:00
PO-2025-05196,PO-005196,SUP-0092,FAC-EU-01,WH-EU-RAW-01,2026-03-02,2026-03-20,DELIVERED,1268.82,USD,2026-03-02T00:00:00
PO-2025-05197,PO-005197,SUP-0051,FAC-EU-01,WH-EU-RAW-01,2025-10-31,2025-11-21,DELIVERED,244405.12,USD,2025-10-31T00:00:00
PO-2025-05198,PO-005198,SUP-0048,FAC-MX-01,WH-MX-RAW-01,2026-06-06,2026-07-04,PENDING,7847.4,USD,2026-06-06T00:00:00
PO-2025-05199,PO-005199,SUP-0093,FAC-US-01,WH-US-RAW-01,2025-12-29,2026-02-09,DELIVERED,6536.64,USD,2025-12-29T00:00:00
PO-2025-05200,PO-005200,SUP-0012,FAC-EU-01,WH-EU-RAW-01,2025-04-30,2025-05-15,DELIVERED,17135.22,USD,2025-04-30T00:00:00
PO-2025-05201,PO-005201,SUP-0054,FAC-EU-01,WH-EU-RAW-01,2026-06-02,2026-06-27,PENDING,502888.43,USD,2026-06-02T00:00:00
PO-2025-05202,PO-005202,SUP-0086,FAC-EU-01,WH-EU-RAW-01,2025-10-08,2025-10-18,DELIVERED,27679.92,USD,2025-10-08T00:00:00
PO-2025-05203,PO-005203,SUP-0033,FAC-US-01,WH-US-RAW-01,2025-08-24,2025-09-09,DELIVERED,17922.32,USD,2025-08-24T00:00:00
PO-2025-05204,PO-005204,SUP-0004,FAC-US-01,WH-US-RAW-01,2025-11-25,2025-12-25,DELIVERED,3702.72,USD,2025-11-25T00:00:00
PO-2025-05205,PO-005205,SUP-0119,FAC-US-01,WH-US-RAW-01,2025-08-31,2025-10-03,DELIVERED,10070.97,USD,2025-08-31T00:00:00
PO-2025-05206,PO-005206,SUP-0027,FAC-APAC-01,WH-APAC-RAW-01,2025-05-10,2025-06-02,DELIVERED,325610.38,USD,2025-05-10T00:00:00
PO-2025-05207,PO-005207,SUP-0016,FAC-APAC-01,WH-APAC-RAW-01,2025-01-17,2025-02-14,DELIVERED,228229.37,USD,2025-01-17T00:00:00
PO-2025-05208,PO-005208,SUP-0010,FAC-EU-01,WH-EU-RAW-01,2025-10-22,2025-11-11,DELIVERED,69761.43,USD,2025-10-22T00:00:00
PO-2025-05209,PO-005209,SUP-0085,FAC-EU-01,WH-EU-RAW-01,2026-02-19,2026-03-05,DELIVERED,93332.05,USD,2026-02-19T00:00:00
PO-2025-05210,PO-005210,SUP-0055,FAC-APAC-01,WH-APAC-RAW-01,2025-11-29,2025-12-20,OVERDUE,2846.2,USD,2025-11-29T00:00:00
PO-2025-05211,PO-005211,SUP-0013,FAC-MX-01,WH-MX-RAW-01,2026-06-20,2026-07-10,PENDING,8468.72,USD,2026-06-20T00:00:00
PO-2025-05212,PO-005212,SUP-0025,FAC-APAC-01,WH-APAC-RAW-01,2025-08-24,2025-09-01,DELIVERED,9419.76,USD,2025-08-24T00:00:00
PO-2025-05213,PO-005213,SUP-0045,FAC-US-01,WH-US-RAW-01,2025-08-21,2025-09-05,DELIVERED,97521.54,USD,2025-08-21T00:00:00
PO-2025-05214,PO-005214,SUP-0003,FAC-EU-01,WH-EU-RAW-01,2025-06-25,2025-07-16,CANCELLED,129226.6,USD,2025-06-25T00:00:00
PO-2025-05215,PO-005215,SUP-0030,FAC-EU-01,WH-EU-RAW-01,2025-06-27,2025-07-31,DELIVERED,73395.15,USD,2025-06-27T00:00:00
PO-2025-05216,PO-005216,SUP-0061,FAC-EU-01,WH-EU-RAW-01,2025-08-23,2025-09-08,DELIVERED,179659.29,USD,2025-08-23T00:00:00
PO-2025-05217,PO-005217,SUP-0012,FAC-MX-01,WH-MX-RAW-01,2026-02-03,2026-02-21,DELIVERED,17043.4,USD,2026-02-03T00:00:00
PO-2025-05218,PO-005218,SUP-0020,FAC-US-01,WH-US-RAW-01,2026-03-23,2026-04-07,DELIVERED,5980.23,USD,2026-03-23T00:00:00
PO-2025-05219,PO-005219,SUP-0029,FAC-US-01,WH-US-RAW-01,2026-05-10,2026-06-09,PENDING,64740.6,USD,2026-05-10T00:00:00
PO-2025-05220,PO-005220,SUP-0022,FAC-MX-01,WH-MX-RAW-01,2025-07-31,2025-08-15,DELIVERED,27347.22,USD,2025-07-31T00:00:00
PO-2025-05221,PO-005221,SUP-0003,FAC-US-01,WH-US-RAW-01,2026-03-10,2026-04-01,DELIVERED,1554.4,USD,2026-03-10T00:00:00
PO-2025-05222,PO-005222,SUP-0109,FAC-EU-01,WH-EU-RAW-01,2025-09-09,2025-09-23,CANCELLED,90766.72,USD,2025-09-09T00:00:00
PO-2025-05223,PO-005223,SUP-0048,FAC-APAC-01,WH-APAC-RAW-01,2025-05-28,2025-07-02,DELIVERED,46994.19,USD,2025-05-28T00:00:00
PO-2025-05224,PO-005224,SUP-0028,FAC-EU-01,WH-EU-RAW-01,2026-03-05,2026-03-31,DELIVERED,32803.72,USD,2026-03-05T00:00:00
PO-2025-05225,PO-005225,SUP-0091,FAC-APAC-01,WH-APAC-RAW-01,2025-12-17,2025-12-30,DELIVERED,234.63,USD,2025-12-17T00:00:00
PO-2025-05226,PO-005226,SUP-0090,FAC-APAC-01,WH-APAC-RAW-01,2025-06-28,2025-07-23,DELIVERED,17010.44,USD,2025-06-28T00:00:00
PO-2025-05227,PO-005227,SUP-0081,FAC-EU-01,WH-EU-RAW-01,2025-10-16,2025-11-23,DELIVERED,45202.87,USD,2025-10-16T00:00:00
PO-2025-05228,PO-005228,SUP-0009,FAC-US-01,WH-US-RAW-01,2025-08-24,2025-10-19,DELIVERED,634.84,USD,2025-08-24T00:00:00
PO-2025-05229,PO-005229,SUP-0004,FAC-MX-01,WH-MX-RAW-01,2026-01-15,2026-02-11,DELIVERED,35885.25,USD,2026-01-15T00:00:00
PO-2025-05230,PO-005230,SUP-0029,FAC-EU-01,WH-EU-RAW-01,2025-10-23,2025-11-28,DELIVERED,1546.32,USD,2025-10-23T00:00:00
PO-2025-05231,PO-005231,SUP-0093,FAC-MX-01,WH-MX-RAW-01,2026-05-27,2026-07-07,PENDING,6514.14,USD,2026-05-27T00:00:00
PO-2025-05232,PO-005232,SUP-0012,FAC-US-01,WH-US-RAW-01,2025-04-13,2025-04-30,DELIVERED,168843.74,USD,2025-04-13T00:00:00
PO-2025-05233,PO-005233,SUP-0084,FAC-US-01,WH-US-RAW-01,2025-09-19,2025-10-18,DELIVERED,1860.93,USD,2025-09-19T00:00:00
PO-2025-05234,PO-005234,SUP-0058,FAC-EU-01,WH-EU-RAW-01,2025-11-02,2025-11-26,DELIVERED,12087.76,USD,2025-11-02T00:00:00
PO-2025-05235,PO-005235,SUP-0019,FAC-EU-01,WH-EU-RAW-01,2025-11-08,2025-11-24,CANCELLED,73537.94,USD,2025-11-08T00:00:00
PO-2025-05236,PO-005236,SUP-0026,FAC-US-01,WH-US-RAW-01,2025-09-04,2025-10-08,DELIVERED,5894.47,USD,2025-09-04T00:00:00
PO-2025-05237,PO-005237,SUP-0014,FAC-MX-01,WH-MX-RAW-01,2026-01-13,2026-03-16,DELIVERED,12895.64,USD,2026-01-13T00:00:00
PO-2025-05238,PO-005238,SUP-0058,FAC-APAC-01,WH-APAC-RAW-01,2026-03-07,2026-04-02,DELIVERED,90683.4,USD,2026-03-07T00:00:00
PO-2025-05239,PO-005239,SUP-0012,FAC-EU-01,WH-EU-RAW-01,2026-04-11,2026-04-28,IN_TRANSIT,40594.23,USD,2026-04-11T00:00:00
PO-2025-05240,PO-005240,SUP-0046,FAC-APAC-01,WH-APAC-RAW-01,2026-02-07,2026-03-05,DELIVERED,8143.6,USD,2026-02-07T00:00:00
PO-2025-05241,PO-005241,SUP-0031,FAC-APAC-01,WH-APAC-RAW-01,2026-02-25,2026-04-29,IN_TRANSIT,177085.86,USD,2026-02-25T00:00:00
PO-2025-05242,PO-005242,SUP-0110,FAC-EU-01,WH-EU-RAW-01,2025-11-23,2025-12-09,CANCELLED,176892.8,USD,2025-11-23T00:00:00
PO-2025-05243,PO-005243,SUP-0061,FAC-MX-01,WH-MX-RAW-01,2026-02-15,2026-03-06,DELIVERED,12141.36,USD,2026-02-15T00:00:00
PO-2025-05244,PO-005244,SUP-0104,FAC-EU-01,WH-EU-RAW-01,2025-08-31,2025-10-01,OVERDUE,17404.0,USD,2025-08-31T00:00:00
PO-2025-05245,PO-005245,SUP-0034,FAC-MX-01,WH-MX-RAW-01,2025-10-05,2025-11-06,DELIVERED,57409.44,USD,2025-10-05T00:00:00
PO-2025-05246,PO-005246,SUP-0095,FAC-EU-01,WH-EU-RAW-01,2025-09-05,2025-09-22,DELIVERED,49505.1,USD,2025-09-05T00:00:00
PO-2025-05247,PO-005247,SUP-0095,FAC-US-01,WH-US-RAW-01,2025-10-28,2025-11-15,DELIVERED,26241.88,USD,2025-10-28T00:00:00
PO-2025-05248,PO-005248,SUP-0017,FAC-US-01,WH-US-RAW-01,2025-08-23,2025-10-12,DELIVERED,9524.1,USD,2025-08-23T00:00:00
PO-2025-05249,PO-005249,SUP-0110,FAC-EU-01,WH-EU-RAW-01,2026-04-27,2026-05-12,PENDING,42170.88,USD,2026-04-27T00:00:00
PO-2025-05250,PO-005250,SUP-0114,FAC-US-01,WH-US-RAW-01,2025-09-03,2025-09-22,DELIVERED,8080.68,USD,2025-09-03T00:00:00
PO-2025-05251,PO-005251,SUP-0041,FAC-EU-01,WH-EU-RAW-01,2025-05-18,2025-06-05,DELIVERED,139220.06,USD,2025-05-18T00:00:00
PO-2025-05252,PO-005252,SUP-0068,FAC-MX-01,WH-MX-RAW-01,2025-11-15,2025-12-05,DELIVERED,15118.68,USD,2025-11-15T00:00:00
PO-2025-05253,PO-005253,SUP-0034,FAC-APAC-01,WH-APAC-RAW-01,2025-04-15,2025-05-15,DELIVERED,1074.13,USD,2025-04-15T00:00:00
PO-2025-05254,PO-005254,SUP-0091,FAC-MX-01,WH-MX-RAW-01,2025-05-27,2025-06-10,DELIVERED,7939.2,USD,2025-05-27T00:00:00
PO-2025-05255,PO-005255,SUP-0063,FAC-APAC-01,WH-APAC-RAW-01,2025-07-25,2025-09-01,DELIVERED,85882.34,USD,2025-07-25T00:00:00
PO-2025-05256,PO-005256,SUP-0068,FAC-EU-01,WH-EU-RAW-01,2025-10-27,2025-11-14,OVERDUE,162482.2,USD,2025-10-27T00:00:00
PO-2025-05257,PO-005257,SUP-0048,FAC-APAC-01,WH-APAC-RAW-01,2025-10-17,2025-11-20,DELIVERED,303873.6,USD,2025-10-17T00:00:00
PO-2025-05258,PO-005258,SUP-0099,FAC-MX-01,WH-MX-RAW-01,2026-02-05,2026-02-15,DELIVERED,7883.85,USD,2026-02-05T00:00:00
PO-2025-05259,PO-005259,SUP-0019,FAC-US-01,WH-US-RAW-01,2026-01-16,2026-02-06,DELIVERED,67370.24,USD,2026-01-16T00:00:00
PO-2025-05260,PO-005260,SUP-0076,FAC-MX-01,WH-MX-RAW-01,2025-10-14,2025-11-16,DELIVERED,19242.03,USD,2025-10-14T00:00:00
PO-2025-05261,PO-005261,SUP-0091,FAC-APAC-01,WH-APAC-RAW-01,2025-09-11,2025-10-01,OVERDUE,18844.38,USD,2025-09-11T00:00:00
PO-2025-05262,PO-005262,SUP-0089,FAC-MX-01,WH-MX-RAW-01,2025-09-05,2025-09-24,DELIVERED,34032.59,USD,2025-09-05T00:00:00
PO-2025-05263,PO-005263,SUP-0017,FAC-APAC-01,WH-APAC-RAW-01,2026-01-27,2026-03-18,DELIVERED,1727.33,USD,2026-01-27T00:00:00
PO-2025-05264,PO-005264,SUP-0107,FAC-MX-01,WH-MX-RAW-01,2025-04-11,2025-04-26,DELIVERED,26007.74,USD,2025-04-11T00:00:00
PO-2025-05265,PO-005265,SUP-0116,FAC-APAC-01,WH-APAC-RAW-01,2025-02-19,2025-02-26,OVERDUE,120535.68,USD,2025-02-19T00:00:00
PO-2025-05266,PO-005266,SUP-0012,FAC-MX-01,WH-MX-RAW-01,2026-02-04,2026-02-16,DELIVERED,152450.45,USD,2026-02-04T00:00:00
PO-2025-05267,PO-005267,SUP-0051,FAC-US-01,WH-US-RAW-01,2025-10-31,2025-11-26,DELIVERED,35128.03,USD,2025-10-31T00:00:00
PO-2025-05268,PO-005268,SUP-0051,FAC-EU-01,WH-EU-RAW-01,2025-06-08,2025-06-29,CANCELLED,532647.07,USD,2025-06-08T00:00:00
PO-2025-05269,PO-005269,SUP-0045,FAC-US-01,WH-US-RAW-01,2025-08-02,2025-08-17,DELIVERED,18047.57,USD,2025-08-02T00:00:00
PO-2025-05270,PO-005270,SUP-0120,FAC-MX-01,WH-MX-RAW-01,2026-04-07,2026-05-02,IN_TRANSIT,46835.88,USD,2026-04-07T00:00:00
PO-2025-05271,PO-005271,SUP-0112,FAC-APAC-01,WH-APAC-RAW-01,2026-03-01,2026-03-17,DELIVERED,1581.66,USD,2026-03-01T00:00:00
PO-2025-05272,PO-005272,SUP-0090,FAC-MX-01,WH-MX-RAW-01,2026-01-07,2026-02-01,OVERDUE,22661.76,USD,2026-01-07T00:00:00
PO-2025-05273,PO-005273,SUP-0059,FAC-MX-01,WH-MX-RAW-01,2025-11-02,2026-01-06,DELIVERED,30531.16,USD,2025-11-02T00:00:00
PO-2025-05274,PO-005274,SUP-0017,FAC-APAC-01,WH-APAC-RAW-01,2025-11-13,2026-01-08,DELIVERED,22408.59,USD,2025-11-13T00:00:00
PO-2025-05275,PO-005275,SUP-0043,FAC-APAC-01,WH-APAC-RAW-01,2026-05-10,2026-06-02,PENDING,59516.95,USD,2026-05-10T00:00:00
PO-2025-05276,PO-005276,SUP-0089,FAC-MX-01,WH-MX-RAW-01,2026-05-01,2026-05-17,PENDING,81899.31,USD,2026-05-01T00:00:00
PO-2025-05277,PO-005277,SUP-0062,FAC-EU-01,WH-EU-RAW-01,2025-07-23,2025-08-30,DELIVERED,7579.43,USD,2025-07-23T00:00:00
PO-2025-05278,PO-005278,SUP-0104,FAC-US-01,WH-US-RAW-01,2026-02-09,2026-03-11,DELIVERED,3292.32,USD,2026-02-09T00:00:00
PO-2025-05279,PO-005279,SUP-0110,FAC-APAC-01,WH-APAC-RAW-01,2025-07-15,2025-07-29,DELIVERED,177317.37,USD,2025-07-15T00:00:00
PO-2025-05280,PO-005280,SUP-0059,FAC-US-01,WH-US-RAW-01,2025-07-23,2025-09-21,DELIVERED,136200.29,USD,2025-07-23T00:00:00
PO-2025-05281,PO-005281,SUP-0104,FAC-MX-01,WH-MX-RAW-01,2025-12-28,2026-01-26,DELIVERED,8207.36,USD,2025-12-28T00:00:00
PO-2025-05282,PO-005282,SUP-0083,FAC-US-01,WH-US-RAW-01,2025-10-07,2025-11-10,DELIVERED,9787.47,USD,2025-10-07T00:00:00
PO-2025-05283,PO-005283,SUP-0116,FAC-US-01,WH-US-RAW-01,2026-04-06,2026-04-16,IN_TRANSIT,8831.9,USD,2026-04-06T00:00:00
PO-2025-05284,PO-005284,SUP-0093,FAC-APAC-01,WH-APAC-RAW-01,2025-05-12,2025-06-27,DELIVERED,211801.6,USD,2025-05-12T00:00:00
PO-2025-05285,PO-005285,SUP-0037,FAC-US-01,WH-US-RAW-01,2025-11-11,2025-12-06,DELIVERED,1453.14,USD,2025-11-11T00:00:00
PO-2025-05286,PO-005286,SUP-0077,FAC-MX-01,WH-MX-RAW-01,2026-03-29,2026-04-21,IN_TRANSIT,18727.98,USD,2026-03-29T00:00:00
PO-2025-05287,PO-005287,SUP-0086,FAC-MX-01,WH-MX-RAW-01,2026-03-22,2026-04-04,DELIVERED,943.95,USD,2026-03-22T00:00:00
PO-2025-05288,PO-005288,SUP-0070,FAC-APAC-01,WH-APAC-RAW-01,2025-06-23,2025-08-14,OVERDUE,20170.8,USD,2025-06-23T00:00:00
PO-2025-05289,PO-005289,SUP-0012,FAC-US-01,WH-US-RAW-01,2025-09-24,2025-10-12,DELIVERED,21130.92,USD,2025-09-24T00:00:00
PO-2025-05290,PO-005290,SUP-0002,FAC-MX-01,WH-MX-RAW-01,2025-12-12,2026-01-05,DELIVERED,31966.8,USD,2025-12-12T00:00:00
PO-2025-05291,PO-005291,SUP-0029,FAC-EU-01,WH-EU-RAW-01,2025-06-25,2025-07-28,DELIVERED,46289.13,USD,2025-06-25T00:00:00
PO-2025-05292,PO-005292,SUP-0023,FAC-APAC-01,WH-APAC-RAW-01,2026-05-03,2026-05-13,PENDING,2154.47,USD,2026-05-03T00:00:00
PO-2025-05293,PO-005293,SUP-0119,FAC-US-01,WH-US-RAW-01,2026-03-27,2026-04-29,IN_TRANSIT,12105.6,USD,2026-03-27T00:00:00
PO-2025-05294,PO-005294,SUP-0012,FAC-APAC-01,WH-APAC-RAW-01,2025-06-29,2025-07-11,CANCELLED,983.71,USD,2025-06-29T00:00:00
PO-2025-05295,PO-005295,SUP-0071,FAC-APAC-01,WH-APAC-RAW-01,2025-06-02,2025-07-08,DELIVERED,20593.9,USD,2025-06-02T00:00:00
PO-2025-05296,PO-005296,SUP-0038,FAC-APAC-01,WH-APAC-RAW-01,2025-05-09,2025-05-30,OVERDUE,42754.62,USD,2025-05-09T00:00:00
PO-2025-05297,PO-005297,SUP-0065,FAC-EU-01,WH-EU-RAW-01,2026-03-24,2026-04-27,IN_TRANSIT,107252.4,USD,2026-03-24T00:00:00
PO-2025-05298,PO-005298,SUP-0114,FAC-US-01,WH-US-RAW-01,2025-07-13,2025-08-02,DELIVERED,4500.6,USD,2025-07-13T00:00:00
PO-2025-05299,PO-005299,SUP-0057,FAC-EU-01,WH-EU-RAW-01,2025-10-11,2025-11-01,DELIVERED,13875.08,USD,2025-10-11T00:00:00
PO-2025-05300,PO-005300,SUP-0067,FAC-US-01,WH-US-RAW-01,2025-10-22,2025-11-09,CANCELLED,63442.65,USD,2025-10-22T00:00:00
PO-2025-05301,PO-005301,SUP-0036,FAC-US-01,WH-US-RAW-01,2025-12-07,2025-12-15,DELIVERED,55608.51,USD,2025-12-07T00:00:00
PO-2025-05302,PO-005302,SUP-0103,FAC-MX-01,WH-MX-RAW-01,2025-04-28,2025-06-16,DELIVERED,78099.95,USD,2025-04-28T00:00:00
PO-2025-05303,PO-005303,SUP-0055,FAC-MX-01,WH-MX-RAW-01,2025-07-29,2025-08-13,DELIVERED,72060.88,USD,2025-07-29T00:00:00
PO-2025-05304,PO-005304,SUP-0038,FAC-US-01,WH-US-RAW-01,2026-04-06,2026-04-29,IN_TRANSIT,52028.36,USD,2026-04-06T00:00:00
PO-2025-05305,PO-005305,SUP-0041,FAC-APAC-01,WH-APAC-RAW-01,2026-03-24,2026-04-16,IN_TRANSIT,52944.06,USD,2026-03-24T00:00:00
PO-2025-05306,PO-005306,SUP-0043,FAC-EU-01,WH-EU-RAW-01,2026-01-30,2026-02-25,CANCELLED,60605.82,USD,2026-01-30T00:00:00
PO-2025-05307,PO-005307,SUP-0062,FAC-APAC-01,WH-APAC-RAW-01,2025-03-03,2025-04-04,DELIVERED,27676.6,USD,2025-03-03T00:00:00
PO-2025-05308,PO-005308,SUP-0119,FAC-EU-01,WH-EU-RAW-01,2025-09-09,2025-10-10,DELIVERED,172601.64,USD,2025-09-09T00:00:00
PO-2025-05309,PO-005309,SUP-0062,FAC-MX-01,WH-MX-RAW-01,2025-12-15,2026-01-18,DELIVERED,8536.24,USD,2025-12-15T00:00:00
PO-2025-05310,PO-005310,SUP-0017,FAC-MX-01,WH-MX-RAW-01,2025-08-19,2025-10-11,DELIVERED,413189.27,USD,2025-08-19T00:00:00
PO-2025-05311,PO-005311,SUP-0112,FAC-EU-01,WH-EU-RAW-01,2026-03-25,2026-04-12,DELIVERED,40058.0,USD,2026-03-25T00:00:00
PO-2025-05312,PO-005312,SUP-0106,FAC-EU-01,WH-EU-RAW-01,2025-12-16,2026-01-24,CANCELLED,12351.1,USD,2025-12-16T00:00:00
PO-2025-05313,PO-005313,SUP-0095,FAC-APAC-01,WH-APAC-RAW-01,2025-04-28,2025-05-13,DELIVERED,4492.89,USD,2025-04-28T00:00:00
PO-2025-05314,PO-005314,SUP-0113,FAC-US-01,WH-US-RAW-01,2026-03-24,2026-04-09,DELIVERED,66293.68,USD,2026-03-24T00:00:00
PO-2025-05315,PO-005315,SUP-0105,FAC-EU-01,WH-EU-RAW-01,2026-04-24,2026-05-15,PENDING,116060.0,USD,2026-04-24T00:00:00
PO-2025-05316,PO-005316,SUP-0014,FAC-APAC-01,WH-APAC-RAW-01,2025-05-03,2025-07-05,DELIVERED,3202.39,USD,2025-05-03T00:00:00
PO-2025-05317,PO-005317,SUP-0068,FAC-APAC-01,WH-APAC-RAW-01,2025-11-17,2025-12-10,OVERDUE,22490.3,USD,2025-11-17T00:00:00
PO-2025-05318,PO-005318,SUP-0107,FAC-MX-01,WH-MX-RAW-01,2025-08-31,2025-09-14,DELIVERED,134253.08,USD,2025-08-31T00:00:00
PO-2025-05319,PO-005319,SUP-0037,FAC-MX-01,WH-MX-RAW-01,2025-10-03,2025-10-25,DELIVERED,66235.05,USD,2025-10-03T00:00:00
PO-2025-05320,PO-005320,SUP-0034,FAC-US-01,WH-US-RAW-01,2025-07-06,2025-08-04,DELIVERED,60229.58,USD,2025-07-06T00:00:00
PO-2025-05321,PO-005321,SUP-0052,FAC-EU-01,WH-EU-RAW-01,2025-12-01,2025-12-29,DELIVERED,19262.75,USD,2025-12-01T00:00:00
PO-2025-05322,PO-005322,SUP-0066,FAC-EU-01,WH-EU-RAW-01,2026-04-24,2026-05-12,PENDING,12232.86,USD,2026-04-24T00:00:00
PO-2025-05323,PO-005323,SUP-0091,FAC-US-01,WH-US-RAW-01,2025-11-08,2025-11-21,DELIVERED,18508.8,USD,2025-11-08T00:00:00
PO-2025-05324,PO-005324,SUP-0108,FAC-US-01,WH-US-RAW-01,2025-05-07,2025-05-27,DELIVERED,23284.5,USD,2025-05-07T00:00:00
PO-2025-05325,PO-005325,SUP-0024,FAC-EU-01,WH-EU-RAW-01,2025-12-12,2025-12-26,DELIVERED,39201.72,USD,2025-12-12T00:00:00
PO-2025-05326,PO-005326,SUP-0054,FAC-APAC-01,WH-APAC-RAW-01,2025-09-14,2025-10-15,DELIVERED,666582.71,USD,2025-09-14T00:00:00
PO-2025-05327,PO-005327,SUP-0062,FAC-EU-01,WH-EU-RAW-01,2026-02-27,2026-03-30,DELIVERED,3164.1,USD,2026-02-27T00:00:00
PO-2025-05328,PO-005328,SUP-0068,FAC-EU-01,WH-EU-RAW-01,2025-10-17,2025-11-11,DELIVERED,172570.62,USD,2025-10-17T00:00:00
PO-2025-05329,PO-005329,SUP-0119,FAC-EU-01,WH-EU-RAW-01,2025-07-12,2025-08-15,DELIVERED,30938.1,USD,2025-07-12T00:00:00
PO-2025-05330,PO-005330,SUP-0114,FAC-MX-01,WH-MX-RAW-01,2025-07-12,2025-07-27,DELIVERED,39813.84,USD,2025-07-12T00:00:00
PO-2025-05331,PO-005331,SUP-0113,FAC-US-01,WH-US-RAW-01,2026-01-25,2026-02-13,DELIVERED,36878.64,USD,2026-01-25T00:00:00
PO-2025-05332,PO-005332,SUP-0096,FAC-US-01,WH-US-RAW-01,2025-08-15,2025-09-03,DELIVERED,88037.12,USD,2025-08-15T00:00:00
PO-2025-05333,PO-005333,SUP-0049,FAC-APAC-01,WH-APAC-RAW-01,2026-01-25,2026-02-10,CANCELLED,1536.4,USD,2026-01-25T00:00:00
PO-2025-05334,PO-005334,SUP-0069,FAC-US-01,WH-US-RAW-01,2025-07-19,2025-08-08,DELIVERED,38862.48,USD,2025-07-19T00:00:00
PO-2025-05335,PO-005335,SUP-0041,FAC-MX-01,WH-MX-RAW-01,2025-09-07,2025-09-28,DELIVERED,21136.97,USD,2025-09-07T00:00:00
PO-2025-05336,PO-005336,SUP-0023,FAC-MX-01,WH-MX-RAW-01,2025-10-27,2025-11-09,DELIVERED,1494.31,USD,2025-10-27T00:00:00
PO-2025-05337,PO-005337,SUP-0069,FAC-EU-01,WH-EU-RAW-01,2026-04-14,2026-05-07,PENDING,57530.0,USD,2026-04-14T00:00:00
PO-2025-05338,PO-005338,SUP-0019,FAC-APAC-01,WH-APAC-RAW-01,2026-04-06,2026-04-27,IN_TRANSIT,46591.53,USD,2026-04-06T00:00:00
PO-2025-05339,PO-005339,SUP-0039,FAC-APAC-01,WH-APAC-RAW-01,2025-07-19,2025-08-16,DELIVERED,96098.04,USD,2025-07-19T00:00:00
PO-2025-05340,PO-005340,SUP-0012,FAC-APAC-01,WH-APAC-RAW-01,2025-09-20,2025-10-07,DELIVERED,108527.38,USD,2025-09-20T00:00:00
PO-2025-05341,PO-005341,SUP-0096,FAC-MX-01,WH-MX-RAW-01,2025-06-19,2025-07-02,DELIVERED,88229.0,USD,2025-06-19T00:00:00
PO-2025-05342,PO-005342,SUP-0058,FAC-APAC-01,WH-APAC-RAW-01,2025-11-10,2025-12-06,DELIVERED,48936.68,USD,2025-11-10T00:00:00
PO-2025-05343,PO-005343,SUP-0012,FAC-APAC-01,WH-APAC-RAW-01,2025-10-26,2025-11-12,DELIVERED,147906.68,USD,2025-10-26T00:00:00
PO-2025-05344,PO-005344,SUP-0072,FAC-APAC-01,WH-APAC-RAW-01,2026-03-20,2026-05-12,IN_TRANSIT,5342.38,USD,2026-03-20T00:00:00
PO-2025-05345,PO-005345,SUP-0072,FAC-US-01,WH-US-RAW-01,2026-04-05,2026-05-30,IN_TRANSIT,19355.18,USD,2026-04-05T00:00:00
PO-2025-05346,PO-005346,SUP-0103,FAC-US-01,WH-US-RAW-01,2025-09-30,2025-11-16,DELIVERED,148061.05,USD,2025-09-30T00:00:00
PO-2025-05347,PO-005347,SUP-0048,FAC-APAC-01,WH-APAC-RAW-01,2025-11-05,2025-12-08,DELIVERED,7830.79,USD,2025-11-05T00:00:00
PO-2025-05348,PO-005348,SUP-0058,FAC-MX-01,WH-MX-RAW-01,2026-03-18,2026-04-15,DELIVERED,8446.62,USD,2026-03-18T00:00:00
PO-2025-05349,PO-005349,SUP-0108,FAC-APAC-01,WH-APAC-RAW-01,2026-02-08,2026-02-26,CANCELLED,2863.04,USD,2026-02-08T00:00:00
PO-2025-05350,PO-005350,SUP-0025,FAC-US-01,WH-US-RAW-01,2025-01-27,2025-02-02,OVERDUE,5501.38,USD,2025-01-27T00:00:00
PO-2025-05351,PO-005351,SUP-0005,FAC-APAC-01,WH-APAC-RAW-01,2025-09-06,2025-09-28,DELIVERED,37878.94,USD,2025-09-06T00:00:00
PO-2025-05352,PO-005352,SUP-0021,FAC-APAC-01,WH-APAC-RAW-01,2025-10-13,2025-11-09,DELIVERED,203968.18,USD,2025-10-13T00:00:00
PO-2025-05353,PO-005353,SUP-0003,FAC-APAC-01,WH-APAC-RAW-01,2025-07-30,2025-08-22,DELIVERED,3806.64,USD,2025-07-30T00:00:00
PO-2025-05354,PO-005354,SUP-0017,FAC-EU-01,WH-EU-RAW-01,2025-07-16,2025-09-10,DELIVERED,53534.42,USD,2025-07-16T00:00:00
PO-2025-05355,PO-005355,SUP-0006,FAC-US-01,WH-US-RAW-01,2025-03-27,2025-04-10,DELIVERED,7485.84,USD,2025-03-27T00:00:00
PO-2025-05356,PO-005356,SUP-0099,FAC-US-01,WH-US-RAW-01,2025-12-19,2025-12-28,DELIVERED,355.18,USD,2025-12-19T00:00:00
PO-2025-05357,PO-005357,SUP-0083,FAC-EU-01,WH-EU-RAW-01,2025-08-14,2025-09-13,OVERDUE,372266.09,USD,2025-08-14T00:00:00
PO-2025-05358,PO-005358,SUP-0040,FAC-US-01,WH-US-RAW-01,2025-04-11,2025-05-09,DELIVERED,2564.52,USD,2025-04-11T00:00:00
PO-2025-05359,PO-005359,SUP-0104,FAC-US-01,WH-US-RAW-01,2025-07-31,2025-09-04,DELIVERED,102.92,USD,2025-07-31T00:00:00
PO-2025-05360,PO-005360,SUP-0083,FAC-US-01,WH-US-RAW-01,2026-02-06,2026-03-05,DELIVERED,12025.0,USD,2026-02-06T00:00:00
PO-2025-05361,PO-005361,SUP-0075,FAC-US-01,WH-US-RAW-01,2026-02-25,2026-03-26,DELIVERED,59948.76,USD,2026-02-25T00:00:00
PO-2025-05362,PO-005362,SUP-0105,FAC-APAC-01,WH-APAC-RAW-01,2025-11-02,2025-11-23,DELIVERED,1260.63,USD,2025-11-02T00:00:00
PO-2025-05363,PO-005363,SUP-0079,FAC-APAC-01,WH-APAC-RAW-01,2025-10-11,2025-11-10,DELIVERED,17407.68,USD,2025-10-11T00:00:00
PO-2025-05364,PO-005364,SUP-0103,FAC-MX-01,WH-MX-RAW-01,2026-05-13,2026-06-25,PENDING,91868.38,USD,2026-05-13T00:00:00
PO-2025-05365,PO-005365,SUP-0022,FAC-US-01,WH-US-RAW-01,2025-07-16,2025-07-28,DELIVERED,35990.26,USD,2025-07-16T00:00:00
PO-2025-05366,PO-005366,SUP-0073,FAC-MX-01,WH-MX-RAW-01,2025-07-23,2025-08-18,DELIVERED,63297.94,USD,2025-07-23T00:00:00
PO-2025-05367,PO-005367,SUP-0079,FAC-US-01,WH-US-RAW-01,2025-08-26,2025-09-26,DELIVERED,7459.3,USD,2025-08-26T00:00:00
PO-2025-05368,PO-005368,SUP-0100,FAC-APAC-01,WH-APAC-RAW-01,2025-07-02,2025-07-15,OVERDUE,15514.11,USD,2025-07-02T00:00:00
PO-2025-05369,PO-005369,SUP-0112,FAC-EU-01,WH-EU-RAW-01,2025-09-28,2025-10-17,DELIVERED,31899.0,USD,2025-09-28T00:00:00
PO-2025-05370,PO-005370,SUP-0100,FAC-US-01,WH-US-RAW-01,2026-03-25,2026-04-09,CANCELLED,319620.2,USD,2026-03-25T00:00:00
PO-2025-05371,PO-005371,SUP-0060,FAC-US-01,WH-US-RAW-01,2025-12-11,2026-01-09,OVERDUE,22623.36,USD,2025-12-11T00:00:00
PO-2025-05372,PO-005372,SUP-0078,FAC-EU-01,WH-EU-RAW-01,2025-10-10,2025-11-01,DELIVERED,110336.39,USD,2025-10-10T00:00:00
PO-2025-05373,PO-005373,SUP-0078,FAC-US-01,WH-US-RAW-01,2026-04-08,2026-04-29,IN_TRANSIT,51583.3,USD,2026-04-08T00:00:00
PO-2025-05374,PO-005374,SUP-0009,FAC-APAC-01,WH-APAC-RAW-01,2025-04-07,2025-05-27,DELIVERED,9605.44,USD,2025-04-07T00:00:00
PO-2025-05375,PO-005375,SUP-0078,FAC-APAC-01,WH-APAC-RAW-01,2025-07-21,2025-08-13,DELIVERED,57824.82,USD,2025-07-21T00:00:00
PO-2025-05376,PO-005376,SUP-0061,FAC-MX-01,WH-MX-RAW-01,2025-11-27,2025-12-12,DELIVERED,411158.63,USD,2025-11-27T00:00:00
PO-2025-05377,PO-005377,SUP-0057,FAC-APAC-01,WH-APAC-RAW-01,2025-12-11,2025-12-30,DELIVERED,185517.06,USD,2025-12-11T00:00:00
PO-2025-05378,PO-005378,SUP-0012,FAC-US-01,WH-US-RAW-01,2025-03-29,2025-04-12,DELIVERED,43504.66,USD,2025-03-29T00:00:00
PO-2025-05379,PO-005379,SUP-0117,FAC-EU-01,WH-EU-RAW-01,2025-10-06,2025-11-05,DELIVERED,8025.92,USD,2025-10-06T00:00:00
PO-2025-05380,PO-005380,SUP-0084,FAC-EU-01,WH-EU-RAW-01,2025-12-21,2026-01-14,DELIVERED,77299.28,USD,2025-12-21T00:00:00
PO-2025-05381,PO-005381,SUP-0029,FAC-APAC-01,WH-APAC-RAW-01,2026-01-03,2026-02-03,OVERDUE,1061.45,USD,2026-01-03T00:00:00
PO-2025-05382,PO-005382,SUP-0083,FAC-EU-01,WH-EU-RAW-01,2025-12-18,2026-01-20,DELIVERED,20923.5,USD,2025-12-18T00:00:00
PO-2025-05383,PO-005383,SUP-0039,FAC-EU-01,WH-EU-RAW-01,2025-09-06,2025-10-07,DELIVERED,3313.44,USD,2025-09-06T00:00:00
PO-2025-05384,PO-005384,SUP-0067,FAC-MX-01,WH-MX-RAW-01,2025-05-15,2025-06-01,DELIVERED,129642.92,USD,2025-05-15T00:00:00
PO-2025-05385,PO-005385,SUP-0076,FAC-US-01,WH-US-RAW-01,2025-10-15,2025-11-19,DELIVERED,104366.52,USD,2025-10-15T00:00:00
PO-2025-05386,PO-005386,SUP-0085,FAC-US-01,WH-US-RAW-01,2025-06-07,2025-06-21,DELIVERED,562796.93,USD,2025-06-07T00:00:00
PO-2025-05387,PO-005387,SUP-0096,FAC-MX-01,WH-MX-RAW-01,2026-04-17,2026-05-04,PENDING,74517.74,USD,2026-04-17T00:00:00
PO-2025-05388,PO-005388,SUP-0109,FAC-MX-01,WH-MX-RAW-01,2025-10-30,2025-11-17,DELIVERED,5054.94,USD,2025-10-30T00:00:00
PO-2025-05389,PO-005389,SUP-0117,FAC-EU-01,WH-EU-RAW-01,2025-09-05,2025-10-03,DELIVERED,38377.67,USD,2025-09-05T00:00:00
PO-2025-05390,PO-005390,SUP-0084,FAC-APAC-01,WH-APAC-RAW-01,2026-01-25,2026-02-21,CANCELLED,469.03,USD,2026-01-25T00:00:00
PO-2025-05391,PO-005391,SUP-0041,FAC-EU-01,WH-EU-RAW-01,2025-11-07,2025-11-27,DELIVERED,10344.33,USD,2025-11-07T00:00:00
PO-2025-05392,PO-005392,SUP-0077,FAC-MX-01,WH-MX-RAW-01,2025-09-02,2025-09-22,DELIVERED,1702.62,USD,2025-09-02T00:00:00
PO-2025-05393,PO-005393,SUP-0051,FAC-APAC-01,WH-APAC-RAW-01,2026-02-10,2026-03-08,DELIVERED,181218.32,USD,2026-02-10T00:00:00
PO-2025-05394,PO-005394,SUP-0066,FAC-EU-01,WH-EU-RAW-01,2026-03-04,2026-03-26,DELIVERED,75707.74,USD,2026-03-04T00:00:00
PO-2025-05395,PO-005395,SUP-0117,FAC-APAC-01,WH-APAC-RAW-01,2025-12-27,2026-01-26,DELIVERED,206523.85,USD,2025-12-27T00:00:00
PO-2025-05396,PO-005396,SUP-0079,FAC-MX-01,WH-MX-RAW-01,2025-04-06,2025-05-07,DELIVERED,177.6,USD,2025-04-06T00:00:00
PO-2025-05397,PO-005397,SUP-0067,FAC-US-01,WH-US-RAW-01,2025-11-27,2025-12-17,DELIVERED,87899.14,USD,2025-11-27T00:00:00
PO-2025-05398,PO-005398,SUP-0022,FAC-US-01,WH-US-RAW-01,2026-01-24,2026-02-12,DELIVERED,56871.0,USD,2026-01-24T00:00:00
PO-2025-05399,PO-005399,SUP-0100,FAC-EU-01,WH-EU-RAW-01,2025-06-12,2025-06-20,DELIVERED,25161.15,USD,2025-06-12T00:00:00
PO-2025-05400,PO-005400,SUP-0105,FAC-EU-01,WH-EU-RAW-01,2025-07-30,2025-08-18,CANCELLED,1040.65,USD,2025-07-30T00:00:00
PO-2025-05401,PO-005401,SUP-0115,FAC-APAC-01,WH-APAC-RAW-01,2026-03-11,2026-04-08,CANCELLED,13031.76,USD,2026-03-11T00:00:00
PO-2025-05402,PO-005402,SUP-0007,FAC-EU-01,WH-EU-RAW-01,2025-03-04,2025-03-25,DELIVERED,121500.64,USD,2025-03-04T00:00:00
PO-2025-05403,PO-005403,SUP-0095,FAC-MX-01,WH-MX-RAW-01,2026-01-20,2026-01-31,DELIVERED,92978.75,USD,2026-01-20T00:00:00
PO-2025-05404,PO-005404,SUP-0116,FAC-EU-01,WH-EU-RAW-01,2025-10-30,2025-11-05,DELIVERED,196815.88,USD,2025-10-30T00:00:00
PO-2025-05405,PO-005405,SUP-0116,FAC-US-01,WH-US-RAW-01,2025-10-21,2025-10-27,DELIVERED,11947.9,USD,2025-10-21T00:00:00
PO-2025-05406,PO-005406,SUP-0051,FAC-APAC-01,WH-APAC-RAW-01,2025-02-07,2025-03-02,DELIVERED,22670.25,USD,2025-02-07T00:00:00
PO-2025-05407,PO-005407,SUP-0079,FAC-MX-01,WH-MX-RAW-01,2026-02-12,2026-03-14,DELIVERED,28719.0,USD,2026-02-12T00:00:00
PO-2025-05408,PO-005408,SUP-0069,FAC-EU-01,WH-EU-RAW-01,2025-09-21,2025-10-16,DELIVERED,5530.2,USD,2025-09-21T00:00:00
PO-2025-05409,PO-005409,SUP-0075,FAC-EU-01,WH-EU-RAW-01,2025-11-20,2025-12-16,DELIVERED,9010.48,USD,2025-11-20T00:00:00
PO-2025-05410,PO-005410,SUP-0111,FAC-EU-01,WH-EU-RAW-01,2025-12-28,2026-01-31,DELIVERED,2671.77,USD,2025-12-28T00:00:00
PO-2025-05411,PO-005411,SUP-0089,FAC-MX-01,WH-MX-RAW-01,2026-01-05,2026-01-25,DELIVERED,6590.7,USD,2026-01-05T00:00:00
PO-2025-05412,PO-005412,SUP-0042,FAC-APAC-01,WH-APAC-RAW-01,2026-04-23,2026-05-19,PENDING,4197.6,USD,2026-04-23T00:00:00
PO-2025-05413,PO-005413,SUP-0084,FAC-US-01,WH-US-RAW-01,2025-11-17,2025-12-13,DELIVERED,131484.46,USD,2025-11-17T00:00:00
PO-2025-05414,PO-005414,SUP-0064,FAC-APAC-01,WH-APAC-RAW-01,2025-10-05,2025-10-31,DELIVERED,49473.94,USD,2025-10-05T00:00:00
PO-2025-05415,PO-005415,SUP-0065,FAC-US-01,WH-US-RAW-01,2026-04-21,2026-05-25,PENDING,63566.94,USD,2026-04-21T00:00:00
PO-2025-05416,PO-005416,SUP-0033,FAC-EU-01,WH-EU-RAW-01,2025-12-19,2026-01-04,DELIVERED,73033.78,USD,2025-12-19T00:00:00
PO-2025-05417,PO-005417,SUP-0055,FAC-APAC-01,WH-APAC-RAW-01,2025-08-28,2025-09-16,DELIVERED,151525.39,USD,2025-08-28T00:00:00
PO-2025-05418,PO-005418,SUP-0049,FAC-APAC-01,WH-APAC-RAW-01,2025-06-06,2025-06-24,CANCELLED,4546.56,USD,2025-06-06T00:00:00
PO-2025-05419,PO-005419,SUP-0079,FAC-APAC-01,WH-APAC-RAW-01,2026-02-22,2026-03-25,DELIVERED,1044.98,USD,2026-02-22T00:00:00
PO-2025-05420,PO-005420,SUP-0048,FAC-MX-01,WH-MX-RAW-01,2025-09-22,2025-10-21,DELIVERED,35412.53,USD,2025-09-22T00:00:00
PO-2025-05421,PO-005421,SUP-0105,FAC-MX-01,WH-MX-RAW-01,2025-12-24,2026-01-15,DELIVERED,122354.95,USD,2025-12-24T00:00:00
PO-2025-05422,PO-005422,SUP-0078,FAC-APAC-01,WH-APAC-RAW-01,2025-10-29,2025-11-19,DELIVERED,75887.29,USD,2025-10-29T00:00:00
PO-2025-05423,PO-005423,SUP-0089,FAC-MX-01,WH-MX-RAW-01,2025-07-15,2025-07-31,DELIVERED,81462.81,USD,2025-07-15T00:00:00
PO-2025-05424,PO-005424,SUP-0084,FAC-MX-01,WH-MX-RAW-01,2025-12-07,2026-01-01,DELIVERED,45878.72,USD,2025-12-07T00:00:00
PO-2025-05425,PO-005425,SUP-0089,FAC-APAC-01,WH-APAC-RAW-01,2025-04-19,2025-05-09,DELIVERED,20056.4,USD,2025-04-19T00:00:00
PO-2025-05426,PO-005426,SUP-0080,FAC-EU-01,WH-EU-RAW-01,2025-10-10,2025-11-07,DELIVERED,1829.52,USD,2025-10-10T00:00:00
PO-2025-05427,PO-005427,SUP-0083,FAC-EU-01,WH-EU-RAW-01,2025-11-21,2025-12-20,DELIVERED,16460.6,USD,2025-11-21T00:00:00
PO-2025-05428,PO-005428,SUP-0053,FAC-APAC-01,WH-APAC-RAW-01,2025-10-18,2025-11-19,DELIVERED,15769.53,USD,2025-10-18T00:00:00
PO-2025-05429,PO-005429,SUP-0002,FAC-US-01,WH-US-RAW-01,2026-01-19,2026-02-12,DELIVERED,2281.29,USD,2026-01-19T00:00:00
PO-2025-05430,PO-005430,SUP-0046,FAC-MX-01,WH-MX-RAW-01,2026-02-16,2026-03-16,DELIVERED,2698.24,USD,2026-02-16T00:00:00
PO-2025-05431,PO-005431,SUP-0054,FAC-EU-01,WH-EU-RAW-01,2026-01-26,2026-02-20,DELIVERED,136282.54,USD,2026-01-26T00:00:00
PO-2025-05432,PO-005432,SUP-0043,FAC-US-01,WH-US-RAW-01,2025-03-28,2025-04-23,DELIVERED,693538.65,USD,2025-03-28T00:00:00
PO-2025-05433,PO-005433,SUP-0048,FAC-US-01,WH-US-RAW-01,2025-07-13,2025-08-14,DELIVERED,16108.32,USD,2025-07-13T00:00:00
PO-2025-05434,PO-005434,SUP-0069,FAC-US-01,WH-US-RAW-01,2025-11-18,2025-12-10,DELIVERED,35650.05,USD,2025-11-18T00:00:00
PO-2025-05435,PO-005435,SUP-0047,FAC-APAC-01,WH-APAC-RAW-01,2026-04-08,2026-04-19,IN_TRANSIT,2796.45,USD,2026-04-08T00:00:00
PO-2025-05436,PO-005436,SUP-0115,FAC-US-01,WH-US-RAW-01,2026-02-19,2026-03-20,DELIVERED,1627.5,USD,2026-02-19T00:00:00
PO-2025-05437,PO-005437,SUP-0107,FAC-APAC-01,WH-APAC-RAW-01,2026-02-22,2026-03-09,DELIVERED,12988.58,USD,2026-02-22T00:00:00
PO-2025-05438,PO-005438,SUP-0058,FAC-EU-01,WH-EU-RAW-01,2025-08-30,2025-09-25,DELIVERED,297410.03,USD,2025-08-30T00:00:00
PO-2025-05439,PO-005439,SUP-0085,FAC-US-01,WH-US-RAW-01,2025-10-15,2025-10-29,DELIVERED,38072.8,USD,2025-10-15T00:00:00
PO-2025-05440,PO-005440,SUP-0079,FAC-EU-01,WH-EU-RAW-01,2025-10-29,2025-11-24,DELIVERED,254.4,USD,2025-10-29T00:00:00
PO-2025-05441,PO-005441,SUP-0016,FAC-US-01,WH-US-RAW-01,2025-06-24,2025-07-22,DELIVERED,354.2,USD,2025-06-24T00:00:00
PO-2025-05442,PO-005442,SUP-0019,FAC-MX-01,WH-MX-RAW-01,2025-03-19,2025-04-05,DELIVERED,20568.8,USD,2025-03-19T00:00:00
PO-2025-05443,PO-005443,SUP-0093,FAC-APAC-01,WH-APAC-RAW-01,2026-04-16,2026-05-30,PENDING,8987.16,USD,2026-04-16T00:00:00
PO-2025-05444,PO-005444,SUP-0026,FAC-APAC-01,WH-APAC-RAW-01,2025-08-04,2025-09-04,DELIVERED,1014.38,USD,2025-08-04T00:00:00
PO-2025-05445,PO-005445,SUP-0008,FAC-MX-01,WH-MX-RAW-01,2025-08-04,2025-09-03,DELIVERED,16715.6,USD,2025-08-04T00:00:00
PO-2025-05446,PO-005446,SUP-0053,FAC-US-01,WH-US-RAW-01,2025-05-07,2025-06-12,DELIVERED,1678.32,USD,2025-05-07T00:00:00
PO-2025-05447,PO-005447,SUP-0089,FAC-APAC-01,WH-APAC-RAW-01,2026-04-04,2026-04-25,IN_TRANSIT,1500.47,USD,2026-04-04T00:00:00
PO-2025-05448,PO-005448,SUP-0096,FAC-APAC-01,WH-APAC-RAW-01,2025-12-01,2025-12-19,CANCELLED,90199.68,USD,2025-12-01T00:00:00
PO-2025-05449,PO-005449,SUP-0028,FAC-APAC-01,WH-APAC-RAW-01,2025-12-25,2026-01-22,DELIVERED,39765.38,USD,2025-12-25T00:00:00
PO-2025-05450,PO-005450,SUP-0017,FAC-APAC-01,WH-APAC-RAW-01,2026-03-26,2026-05-15,IN_TRANSIT,98376.33,USD,2026-03-26T00:00:00
PO-2025-05451,PO-005451,SUP-0070,FAC-MX-01,WH-MX-RAW-01,2025-09-16,2025-11-05,DELIVERED,18153.72,USD,2025-09-16T00:00:00
PO-2025-05452,PO-005452,SUP-0042,FAC-EU-01,WH-EU-RAW-01,2025-12-13,2026-01-06,DELIVERED,214709.23,USD,2025-12-13T00:00:00
PO-2025-05453,PO-005453,SUP-0043,FAC-US-01,WH-US-RAW-01,2025-03-28,2025-04-20,DELIVERED,451185.7,USD,2025-03-28T00:00:00
PO-2025-05454,PO-005454,SUP-0017,FAC-APAC-01,WH-APAC-RAW-01,2025-07-09,2025-08-31,DELIVERED,58580.08,USD,2025-07-09T00:00:00
PO-2025-05455,PO-005455,SUP-0016,FAC-US-01,WH-US-RAW-01,2026-02-17,2026-03-14,OVERDUE,702206.12,USD,2026-02-17T00:00:00
PO-2025-05456,PO-005456,SUP-0067,FAC-MX-01,WH-MX-RAW-01,2026-01-25,2026-02-13,DELIVERED,11471.61,USD,2026-01-25T00:00:00
PO-2025-05457,PO-005457,SUP-0063,FAC-US-01,WH-US-RAW-01,2025-09-18,2025-10-24,DELIVERED,191234.75,USD,2025-09-18T00:00:00
PO-2025-05458,PO-005458,SUP-0019,FAC-EU-01,WH-EU-RAW-01,2025-09-27,2025-10-19,DELIVERED,206540.78,USD,2025-09-27T00:00:00
PO-2025-05459,PO-005459,SUP-0004,FAC-APAC-01,WH-APAC-RAW-01,2025-11-17,2025-12-14,OVERDUE,206108.98,USD,2025-11-17T00:00:00
PO-2025-05460,PO-005460,SUP-0096,FAC-APAC-01,WH-APAC-RAW-01,2025-01-07,2025-01-27,DELIVERED,9134.56,USD,2025-01-07T00:00:00
PO-2025-05461,PO-005461,SUP-0064,FAC-APAC-01,WH-APAC-RAW-01,2025-08-04,2025-08-23,DELIVERED,83573.86,USD,2025-08-04T00:00:00
PO-2025-05462,PO-005462,SUP-0039,FAC-APAC-01,WH-APAC-RAW-01,2025-07-20,2025-08-20,DELIVERED,600352.98,USD,2025-07-20T00:00:00
PO-2025-05463,PO-005463,SUP-0083,FAC-US-01,WH-US-RAW-01,2025-08-08,2025-09-05,DELIVERED,12058.2,USD,2025-08-08T00:00:00
PO-2025-05464,PO-005464,SUP-0055,FAC-MX-01,WH-MX-RAW-01,2026-02-07,2026-02-28,DELIVERED,13475.49,USD,2026-02-07T00:00:00
PO-2025-05465,PO-005465,SUP-0009,FAC-APAC-01,WH-APAC-RAW-01,2025-08-21,2025-10-17,DELIVERED,4259.6,USD,2025-08-21T00:00:00
PO-2025-05466,PO-005466,SUP-0056,FAC-EU-01,WH-EU-RAW-01,2025-07-12,2025-07-31,DELIVERED,334921.94,USD,2025-07-12T00:00:00
PO-2025-05467,PO-005467,SUP-0023,FAC-APAC-01,WH-APAC-RAW-01,2025-11-09,2025-11-21,DELIVERED,2162.81,USD,2025-11-09T00:00:00
PO-2025-05468,PO-005468,SUP-0035,FAC-MX-01,WH-MX-RAW-01,2026-03-03,2026-04-20,IN_TRANSIT,17351.22,USD,2026-03-03T00:00:00
PO-2025-05469,PO-005469,SUP-0036,FAC-US-01,WH-US-RAW-01,2025-08-04,2025-08-13,CANCELLED,15016.38,USD,2025-08-04T00:00:00
PO-2025-05470,PO-005470,SUP-0019,FAC-US-01,WH-US-RAW-01,2025-05-04,2025-05-25,DELIVERED,432500.2,USD,2025-05-04T00:00:00
PO-2025-05471,PO-005471,SUP-0052,FAC-MX-01,WH-MX-RAW-01,2025-09-20,2025-10-17,DELIVERED,22435.52,USD,2025-09-20T00:00:00
PO-2025-05472,PO-005472,SUP-0029,FAC-US-01,WH-US-RAW-01,2026-01-19,2026-02-19,DELIVERED,214421.01,USD,2026-01-19T00:00:00
PO-2025-05473,PO-005473,SUP-0118,FAC-APAC-01,WH-APAC-RAW-01,2025-11-23,2025-12-21,DELIVERED,2204.83,USD,2025-11-23T00:00:00
PO-2025-05474,PO-005474,SUP-0029,FAC-MX-01,WH-MX-RAW-01,2026-02-11,2026-03-16,DELIVERED,336347.6,USD,2026-02-11T00:00:00
PO-2025-05475,PO-005475,SUP-0021,FAC-MX-01,WH-MX-RAW-01,2026-04-26,2026-05-23,PENDING,254294.16,USD,2026-04-26T00:00:00
PO-2025-05476,PO-005476,SUP-0118,FAC-EU-01,WH-EU-RAW-01,2026-02-03,2026-03-06,DELIVERED,20734.42,USD,2026-02-03T00:00:00
PO-2025-05477,PO-005477,SUP-0050,FAC-US-01,WH-US-RAW-01,2025-12-08,2026-01-09,DELIVERED,26444.52,USD,2025-12-08T00:00:00
PO-2025-05478,PO-005478,SUP-0002,FAC-MX-01,WH-MX-RAW-01,2025-11-05,2025-11-27,DELIVERED,1300.09,USD,2025-11-05T00:00:00
PO-2025-05479,PO-005479,SUP-0083,FAC-APAC-01,WH-APAC-RAW-01,2025-03-29,2025-04-27,DELIVERED,46161.27,USD,2025-03-29T00:00:00
PO-2025-05480,PO-005480,SUP-0089,FAC-APAC-01,WH-APAC-RAW-01,2026-05-20,2026-06-07,PENDING,969.96,USD,2026-05-20T00:00:00
PO-2025-05481,PO-005481,SUP-0059,FAC-US-01,WH-US-RAW-01,2025-09-30,2025-12-04,DELIVERED,2171.4,USD,2025-09-30T00:00:00
PO-2025-05482,PO-005482,SUP-0059,FAC-EU-01,WH-EU-RAW-01,2025-06-21,2025-08-19,DELIVERED,2109.36,USD,2025-06-21T00:00:00
PO-2025-05483,PO-005483,SUP-0103,FAC-MX-01,WH-MX-RAW-01,2025-12-25,2026-02-08,DELIVERED,31832.09,USD,2025-12-25T00:00:00
PO-2025-05484,PO-005484,SUP-0005,FAC-EU-01,WH-EU-RAW-01,2025-08-23,2025-09-11,DELIVERED,78269.13,USD,2025-08-23T00:00:00
PO-2025-05485,PO-005485,SUP-0115,FAC-US-01,WH-US-RAW-01,2025-12-03,2025-12-30,DELIVERED,2281.38,USD,2025-12-03T00:00:00
PO-2025-05486,PO-005486,SUP-0004,FAC-APAC-01,WH-APAC-RAW-01,2025-12-03,2026-01-02,DELIVERED,96071.09,USD,2025-12-03T00:00:00
PO-2025-05487,PO-005487,SUP-0038,FAC-US-01,WH-US-RAW-01,2025-10-21,2025-11-15,DELIVERED,5509.42,USD,2025-10-21T00:00:00
PO-2025-05488,PO-005488,SUP-0052,FAC-US-01,WH-US-RAW-01,2026-02-19,2026-03-21,DELIVERED,16039.21,USD,2026-02-19T00:00:00
PO-2025-05489,PO-005489,SUP-0078,FAC-EU-01,WH-EU-RAW-01,2025-08-15,2025-09-03,DELIVERED,63148.9,USD,2025-08-15T00:00:00
PO-2025-05490,PO-005490,SUP-0034,FAC-US-01,WH-US-RAW-01,2025-10-22,2025-11-22,DELIVERED,242700.23,USD,2025-10-22T00:00:00
PO-2025-05491,PO-005491,SUP-0011,FAC-EU-01,WH-EU-RAW-01,2025-11-19,2025-12-09,DELIVERED,4879.2,USD,2025-11-19T00:00:00
PO-2025-05492,PO-005492,SUP-0012,FAC-EU-01,WH-EU-RAW-01,2025-12-24,2026-01-06,DELIVERED,26028.94,USD,2025-12-24T00:00:00
PO-2025-05493,PO-005493,SUP-0088,FAC-EU-01,WH-EU-RAW-01,2026-01-31,2026-02-21,DELIVERED,46686.6,USD,2026-01-31T00:00:00
PO-2025-05494,PO-005494,SUP-0109,FAC-EU-01,WH-EU-RAW-01,2025-10-04,2025-10-21,DELIVERED,17506.26,USD,2025-10-04T00:00:00
PO-2025-05495,PO-005495,SUP-0089,FAC-US-01,WH-US-RAW-01,2025-12-20,2026-01-06,DELIVERED,124714.9,USD,2025-12-20T00:00:00
PO-2025-05496,PO-005496,SUP-0095,FAC-EU-01,WH-EU-RAW-01,2025-06-20,2025-07-03,DELIVERED,57780.91,USD,2025-06-20T00:00:00
PO-2025-05497,PO-005497,SUP-0019,FAC-MX-01,WH-MX-RAW-01,2026-04-07,2026-04-23,IN_TRANSIT,169044.48,USD,2026-04-07T00:00:00
PO-2025-05498,PO-005498,SUP-0050,FAC-MX-01,WH-MX-RAW-01,2025-09-29,2025-10-27,DELIVERED,27234.78,USD,2025-09-29T00:00:00
PO-2025-05499,PO-005499,SUP-0105,FAC-US-01,WH-US-RAW-01,2026-01-13,2026-02-02,DELIVERED,880.55,USD,2026-01-13T00:00:00
PO-2025-05500,PO-005500,SUP-0096,FAC-EU-01,WH-EU-RAW-01,2025-03-04,2025-03-19,DELIVERED,132007.6,USD,2025-03-04T00:00:00
PO-2025-05501,PO-005501,SUP-0096,FAC-APAC-01,WH-APAC-RAW-01,2025-07-19,2025-08-05,DELIVERED,44107.34,USD,2025-07-19T00:00:00
PO-2025-05502,PO-005502,SUP-0020,FAC-EU-01,WH-EU-RAW-01,2025-11-03,2025-11-18,DELIVERED,67146.94,USD,2025-11-03T00:00:00
PO-2025-05503,PO-005503,SUP-0076,FAC-US-01,WH-US-RAW-01,2026-03-09,2026-04-14,DELIVERED,1640.16,USD,2026-03-09T00:00:00
PO-2025-05504,PO-005504,SUP-0008,FAC-EU-01,WH-EU-RAW-01,2025-11-16,2025-12-16,DELIVERED,169978.25,USD,2025-11-16T00:00:00
PO-2025-05505,PO-005505,SUP-0087,FAC-MX-01,WH-MX-RAW-01,2026-04-05,2026-04-23,IN_TRANSIT,407882.3,USD,2026-04-05T00:00:00
PO-2025-05506,PO-005506,SUP-0119,FAC-MX-01,WH-MX-RAW-01,2025-11-02,2025-12-02,DELIVERED,75546.32,USD,2025-11-02T00:00:00
PO-2025-05507,PO-005507,SUP-0102,FAC-EU-01,WH-EU-RAW-01,2025-11-04,2025-12-03,DELIVERED,82147.39,USD,2025-11-04T00:00:00
PO-2025-05508,PO-005508,SUP-0039,FAC-US-01,WH-US-RAW-01,2025-06-02,2025-07-02,DELIVERED,10752.5,USD,2025-06-02T00:00:00
PO-2025-05509,PO-005509,SUP-0089,FAC-EU-01,WH-EU-RAW-01,2026-02-06,2026-02-27,OVERDUE,19289.04,USD,2026-02-06T00:00:00
PO-2025-05510,PO-005510,SUP-0046,FAC-US-01,WH-US-RAW-01,2025-08-07,2025-09-07,DELIVERED,613.32,USD,2025-08-07T00:00:00
PO-2025-05511,PO-005511,SUP-0003,FAC-APAC-01,WH-APAC-RAW-01,2026-03-19,2026-04-12,DELIVERED,6880.5,USD,2026-03-19T00:00:00
PO-2025-05512,PO-005512,SUP-0096,FAC-EU-01,WH-EU-RAW-01,2026-03-25,2026-04-07,DELIVERED,41350.68,USD,2026-03-25T00:00:00
PO-2025-05513,PO-005513,SUP-0083,FAC-APAC-01,WH-APAC-RAW-01,2026-04-14,2026-05-17,PENDING,798.56,USD,2026-04-14T00:00:00
PO-2025-05514,PO-005514,SUP-0024,FAC-EU-01,WH-EU-RAW-01,2025-11-13,2025-12-01,DELIVERED,12610.02,USD,2025-11-13T00:00:00
PO-2025-05515,PO-005515,SUP-0004,FAC-US-01,WH-US-RAW-01,2025-12-28,2026-01-30,CANCELLED,506865.5,USD,2025-12-28T00:00:00
PO-2025-05516,PO-005516,SUP-0038,FAC-US-01,WH-US-RAW-01,2026-01-29,2026-02-21,DELIVERED,690.59,USD,2026-01-29T00:00:00
PO-2025-05517,PO-005517,SUP-0029,FAC-EU-01,WH-EU-RAW-01,2025-06-09,2025-07-11,DELIVERED,28731.48,USD,2025-06-09T00:00:00
PO-2025-05518,PO-005518,SUP-0026,FAC-APAC-01,WH-APAC-RAW-01,2025-12-07,2026-01-05,OVERDUE,3418.11,USD,2025-12-07T00:00:00
PO-2025-05519,PO-005519,SUP-0088,FAC-APAC-01,WH-APAC-RAW-01,2025-03-23,2025-04-11,CANCELLED,98168.04,USD,2025-03-23T00:00:00
PO-2025-05520,PO-005520,SUP-0052,FAC-EU-01,WH-EU-RAW-01,2025-11-06,2025-11-30,DELIVERED,2735.46,USD,2025-11-06T00:00:00
PO-2025-05521,PO-005521,SUP-0118,FAC-MX-01,WH-MX-RAW-01,2025-06-22,2025-07-22,DELIVERED,336054.18,USD,2025-06-22T00:00:00
PO-2025-05522,PO-005522,SUP-0109,FAC-US-01,WH-US-RAW-01,2025-07-07,2025-07-27,DELIVERED,3902.91,USD,2025-07-07T00:00:00
PO-2025-05523,PO-005523,SUP-0005,FAC-EU-01,WH-EU-RAW-01,2025-09-23,2025-10-19,DELIVERED,9387.57,USD,2025-09-23T00:00:00
PO-2025-05524,PO-005524,SUP-0074,FAC-MX-01,WH-MX-RAW-01,2025-10-16,2025-11-08,OVERDUE,6048.0,USD,2025-10-16T00:00:00
PO-2025-05525,PO-005525,SUP-0105,FAC-US-01,WH-US-RAW-01,2025-12-13,2026-01-02,CANCELLED,37325.14,USD,2025-12-13T00:00:00
PO-2025-05526,PO-005526,SUP-0114,FAC-US-01,WH-US-RAW-01,2025-04-30,2025-05-19,DELIVERED,966.68,USD,2025-04-30T00:00:00
PO-2025-05527,PO-005527,SUP-0062,FAC-MX-01,WH-MX-RAW-01,2025-11-08,2025-12-13,DELIVERED,663.4,USD,2025-11-08T00:00:00
PO-2025-05528,PO-005528,SUP-0014,FAC-APAC-01,WH-APAC-RAW-01,2025-07-07,2025-09-05,DELIVERED,22591.98,USD,2025-07-07T00:00:00
PO-2025-05529,PO-005529,SUP-0063,FAC-EU-01,WH-EU-RAW-01,2025-11-29,2026-01-04,DELIVERED,4168.56,USD,2025-11-29T00:00:00
PO-2025-05530,PO-005530,SUP-0117,FAC-US-01,WH-US-RAW-01,2025-12-17,2026-01-18,DELIVERED,158893.9,USD,2025-12-17T00:00:00
PO-2025-05531,PO-005531,SUP-0026,FAC-US-01,WH-US-RAW-01,2025-11-24,2025-12-24,DELIVERED,83314.27,USD,2025-11-24T00:00:00
PO-2025-05532,PO-005532,SUP-0049,FAC-EU-01,WH-EU-RAW-01,2026-01-16,2026-01-31,DELIVERED,423651.24,USD,2026-01-16T00:00:00
PO-2025-05533,PO-005533,SUP-0095,FAC-APAC-01,WH-APAC-RAW-01,2025-09-12,2025-09-24,DELIVERED,206531.98,USD,2025-09-12T00:00:00
PO-2025-05534,PO-005534,SUP-0030,FAC-EU-01,WH-EU-RAW-01,2026-01-24,2026-03-02,DELIVERED,45574.61,USD,2026-01-24T00:00:00
PO-2025-05535,PO-005535,SUP-0009,FAC-MX-01,WH-MX-RAW-01,2025-10-17,2025-12-07,DELIVERED,61068.0,USD,2025-10-17T00:00:00
PO-2025-05536,PO-005536,SUP-0054,FAC-APAC-01,WH-APAC-RAW-01,2025-11-02,2025-11-29,DELIVERED,201108.32,USD,2025-11-02T00:00:00
PO-2025-05537,PO-005537,SUP-0001,FAC-MX-01,WH-MX-RAW-01,2025-12-20,2026-02-18,OVERDUE,66754.72,USD,2025-12-20T00:00:00
PO-2025-05538,PO-005538,SUP-0009,FAC-MX-01,WH-MX-RAW-01,2025-03-01,2025-04-27,DELIVERED,21125.16,USD,2025-03-01T00:00:00
PO-2025-05539,PO-005539,SUP-0069,FAC-US-01,WH-US-RAW-01,2025-12-22,2026-01-16,DELIVERED,25727.31,USD,2025-12-22T00:00:00
PO-2025-05540,PO-005540,SUP-0014,FAC-EU-01,WH-EU-RAW-01,2025-12-12,2026-02-09,OVERDUE,172424.02,USD,2025-12-12T00:00:00
PO-2025-05541,PO-005541,SUP-0025,FAC-EU-01,WH-EU-RAW-01,2025-09-02,2025-09-14,DELIVERED,4885.79,USD,2025-09-02T00:00:00
PO-2025-05542,PO-005542,SUP-0036,FAC-EU-01,WH-EU-RAW-01,2025-05-09,2025-05-19,DELIVERED,11352.6,USD,2025-05-09T00:00:00
PO-2025-05543,PO-005543,SUP-0068,FAC-EU-01,WH-EU-RAW-01,2025-05-13,2025-06-02,DELIVERED,15941.02,USD,2025-05-13T00:00:00
PO-2025-05544,PO-005544,SUP-0029,FAC-APAC-01,WH-APAC-RAW-01,2026-04-01,2026-05-07,IN_TRANSIT,547618.1,USD,2026-04-01T00:00:00
PO-2025-05545,PO-005545,SUP-0026,FAC-MX-01,WH-MX-RAW-01,2026-01-01,2026-01-30,DELIVERED,2280.33,USD,2026-01-01T00:00:00
PO-2025-05546,PO-005546,SUP-0067,FAC-MX-01,WH-MX-RAW-01,2025-06-06,2025-06-30,DELIVERED,7837.2,USD,2025-06-06T00:00:00
PO-2025-05547,PO-005547,SUP-0048,FAC-US-01,WH-US-RAW-01,2025-09-20,2025-10-21,DELIVERED,272237.76,USD,2025-09-20T00:00:00
PO-2025-05548,PO-005548,SUP-0048,FAC-US-01,WH-US-RAW-01,2025-12-05,2026-01-04,DELIVERED,421107.84,USD,2025-12-05T00:00:00
PO-2025-05549,PO-005549,SUP-0095,FAC-MX-01,WH-MX-RAW-01,2026-02-19,2026-03-09,DELIVERED,32299.32,USD,2026-02-19T00:00:00
PO-2025-05550,PO-005550,SUP-0117,FAC-EU-01,WH-EU-RAW-01,2025-04-02,2025-05-03,DELIVERED,52910.13,USD,2025-04-02T00:00:00
PO-2025-05551,PO-005551,SUP-0007,FAC-MX-01,WH-MX-RAW-01,2025-08-02,2025-08-23,DELIVERED,458219.65,USD,2025-08-02T00:00:00
PO-2025-05552,PO-005552,SUP-0024,FAC-APAC-01,WH-APAC-RAW-01,2026-03-14,2026-03-31,DELIVERED,182213.52,USD,2026-03-14T00:00:00
PO-2025-05553,PO-005553,SUP-0095,FAC-APAC-01,WH-APAC-RAW-01,2025-02-12,2025-02-23,DELIVERED,30921.72,USD,2025-02-12T00:00:00
PO-2025-05554,PO-005554,SUP-0070,FAC-US-01,WH-US-RAW-01,2025-07-17,2025-09-05,DELIVERED,443.07,USD,2025-07-17T00:00:00
PO-2025-05555,PO-005555,SUP-0099,FAC-EU-01,WH-EU-RAW-01,2026-04-25,2026-05-05,PENDING,301.49,USD,2026-04-25T00:00:00
PO-2025-05556,PO-005556,SUP-0063,FAC-MX-01,WH-MX-RAW-01,2025-12-11,2026-01-17,OVERDUE,24437.1,USD,2025-12-11T00:00:00
PO-2025-05557,PO-005557,SUP-0104,FAC-MX-01,WH-MX-RAW-01,2025-08-13,2025-09-13,DELIVERED,26642.0,USD,2025-08-13T00:00:00
PO-2025-05558,PO-005558,SUP-0097,FAC-MX-01,WH-MX-RAW-01,2025-04-24,2025-05-30,DELIVERED,5568.85,USD,2025-04-24T00:00:00
PO-2025-05559,PO-005559,SUP-0059,FAC-APAC-01,WH-APAC-RAW-01,2025-03-15,2025-05-13,DELIVERED,40934.64,USD,2025-03-15T00:00:00
PO-2025-05560,PO-005560,SUP-0018,FAC-APAC-01,WH-APAC-RAW-01,2025-08-06,2025-08-31,DELIVERED,4123.52,USD,2025-08-06T00:00:00
PO-2025-05561,PO-005561,SUP-0105,FAC-MX-01,WH-MX-RAW-01,2026-03-11,2026-04-01,DELIVERED,985.32,USD,2026-03-11T00:00:00
PO-2025-05562,PO-005562,SUP-0044,FAC-APAC-01,WH-APAC-RAW-01,2025-10-11,2025-12-02,DELIVERED,2727.54,USD,2025-10-11T00:00:00
PO-2025-05563,PO-005563,SUP-0096,FAC-EU-01,WH-EU-RAW-01,2026-01-10,2026-01-27,DELIVERED,75713.73,USD,2026-01-10T00:00:00
PO-2025-05564,PO-005564,SUP-0089,FAC-EU-01,WH-EU-RAW-01,2026-03-29,2026-04-14,OVERDUE,113288.05,USD,2026-03-29T00:00:00
PO-2025-05565,PO-005565,SUP-0107,FAC-US-01,WH-US-RAW-01,2025-10-08,2025-10-22,OVERDUE,38572.38,USD,2025-10-08T00:00:00
PO-2025-05566,PO-005566,SUP-0105,FAC-APAC-01,WH-APAC-RAW-01,2025-07-12,2025-08-01,DELIVERED,31669.5,USD,2025-07-12T00:00:00
PO-2025-05567,PO-005567,SUP-0041,FAC-US-01,WH-US-RAW-01,2025-11-12,2025-12-06,DELIVERED,30590.78,USD,2025-11-12T00:00:00
PO-2025-05568,PO-005568,SUP-0037,FAC-MX-01,WH-MX-RAW-01,2026-03-24,2026-04-20,IN_TRANSIT,1255.6,USD,2026-03-24T00:00:00
PO-2025-05569,PO-005569,SUP-0119,FAC-MX-01,WH-MX-RAW-01,2026-02-07,2026-03-11,DELIVERED,43045.79,USD,2026-02-07T00:00:00
PO-2025-05570,PO-005570,SUP-0093,FAC-APAC-01,WH-APAC-RAW-01,2025-04-23,2025-06-03,DELIVERED,85631.0,USD,2025-04-23T00:00:00
PO-2025-05571,PO-005571,SUP-0056,FAC-EU-01,WH-EU-RAW-01,2026-01-02,2026-01-19,DELIVERED,52225.73,USD,2026-01-02T00:00:00
PO-2025-05572,PO-005572,SUP-0090,FAC-MX-01,WH-MX-RAW-01,2025-11-29,2025-12-21,DELIVERED,123260.88,USD,2025-11-29T00:00:00
PO-2025-05573,PO-005573,SUP-0081,FAC-US-01,WH-US-RAW-01,2026-03-23,2026-04-29,IN_TRANSIT,1843.4,USD,2026-03-23T00:00:00
PO-2025-05574,PO-005574,SUP-0001,FAC-APAC-01,WH-APAC-RAW-01,2025-06-03,2025-08-02,DELIVERED,46240.7,USD,2025-06-03T00:00:00
PO-2025-05575,PO-005575,SUP-0090,FAC-MX-01,WH-MX-RAW-01,2025-11-18,2025-12-09,DELIVERED,414.96,USD,2025-11-18T00:00:00
PO-2025-05576,PO-005576,SUP-0120,FAC-US-01,WH-US-RAW-01,2026-03-10,2026-04-03,DELIVERED,165670.88,USD,2026-03-10T00:00:00
PO-2025-05577,PO-005577,SUP-0042,FAC-MX-01,WH-MX-RAW-01,2025-10-09,2025-11-03,OVERDUE,13022.84,USD,2025-10-09T00:00:00
PO-2025-05578,PO-005578,SUP-0062,FAC-MX-01,WH-MX-RAW-01,2025-11-02,2025-12-03,DELIVERED,13813.54,USD,2025-11-02T00:00:00
PO-2025-05579,PO-005579,SUP-0089,FAC-MX-01,WH-MX-RAW-01,2025-04-27,2025-05-16,DELIVERED,753.17,USD,2025-04-27T00:00:00
PO-2025-05580,PO-005580,SUP-0012,FAC-US-01,WH-US-RAW-01,2025-08-20,2025-09-05,DELIVERED,35907.4,USD,2025-08-20T00:00:00
PO-2025-05581,PO-005581,SUP-0010,FAC-MX-01,WH-MX-RAW-01,2025-09-08,2025-09-29,DELIVERED,5469.75,USD,2025-09-08T00:00:00
PO-2025-05582,PO-005582,SUP-0039,FAC-MX-01,WH-MX-RAW-01,2026-04-15,2026-05-15,PENDING,99473.48,USD,2026-04-15T00:00:00
PO-2025-05583,PO-005583,SUP-0043,FAC-US-01,WH-US-RAW-01,2025-08-22,2025-09-19,DELIVERED,2683.88,USD,2025-08-22T00:00:00
PO-2025-05584,PO-005584,SUP-0080,FAC-APAC-01,WH-APAC-RAW-01,2025-10-26,2025-11-23,DELIVERED,66730.01,USD,2025-10-26T00:00:00
PO-2025-05585,PO-005585,SUP-0113,FAC-MX-01,WH-MX-RAW-01,2025-12-27,2026-01-16,DELIVERED,8525.11,USD,2025-12-27T00:00:00
PO-2025-05586,PO-005586,SUP-0020,FAC-APAC-01,WH-APAC-RAW-01,2025-06-26,2025-07-15,DELIVERED,43998.04,USD,2025-06-26T00:00:00
PO-2025-05587,PO-005587,SUP-0017,FAC-US-01,WH-US-RAW-01,2025-11-03,2025-12-29,DELIVERED,8565.24,USD,2025-11-03T00:00:00
PO-2025-05588,PO-005588,SUP-0113,FAC-EU-01,WH-EU-RAW-01,2026-01-16,2026-02-05,DELIVERED,11465.52,USD,2026-01-16T00:00:00
PO-2025-05589,PO-005589,SUP-0016,FAC-EU-01,WH-EU-RAW-01,2026-03-04,2026-04-01,DELIVERED,730238.4,USD,2026-03-04T00:00:00
PO-2025-05590,PO-005590,SUP-0032,FAC-APAC-01,WH-APAC-RAW-01,2025-12-14,2026-01-18,DELIVERED,7935.6,USD,2025-12-14T00:00:00
PO-2025-05591,PO-005591,SUP-0114,FAC-APAC-01,WH-APAC-RAW-01,2025-12-26,2026-01-16,DELIVERED,24747.6,USD,2025-12-26T00:00:00
PO-2025-05592,PO-005592,SUP-0003,FAC-US-01,WH-US-RAW-01,2025-06-06,2025-06-24,DELIVERED,14571.86,USD,2025-06-06T00:00:00
PO-2025-05593,PO-005593,SUP-0097,FAC-US-01,WH-US-RAW-01,2026-04-15,2026-05-16,PENDING,96872.45,USD,2026-04-15T00:00:00
PO-2025-05594,PO-005594,SUP-0085,FAC-APAC-01,WH-APAC-RAW-01,2025-06-09,2025-06-22,DELIVERED,72307.62,USD,2025-06-09T00:00:00
PO-2025-05595,PO-005595,SUP-0020,FAC-EU-01,WH-EU-RAW-01,2026-01-27,2026-02-14,DELIVERED,15892.8,USD,2026-01-27T00:00:00
PO-2025-05596,PO-005596,SUP-0057,FAC-EU-01,WH-EU-RAW-01,2025-08-15,2025-09-01,DELIVERED,16373.25,USD,2025-08-15T00:00:00
PO-2025-05597,PO-005597,SUP-0003,FAC-EU-01,WH-EU-RAW-01,2026-04-07,2026-04-27,IN_TRANSIT,44065.84,USD,2026-04-07T00:00:00
PO-2025-05598,PO-005598,SUP-0102,FAC-EU-01,WH-EU-RAW-01,2026-01-10,2026-02-05,DELIVERED,20748.77,USD,2026-01-10T00:00:00
PO-2025-05599,PO-005599,SUP-0013,FAC-US-01,WH-US-RAW-01,2026-01-21,2026-02-06,DELIVERED,95515.3,USD,2026-01-21T00:00:00
PO-2025-05600,PO-005600,SUP-0117,FAC-MX-01,WH-MX-RAW-01,2025-07-25,2025-08-25,DELIVERED,5933.28,USD,2025-07-25T00:00:00
PO-2025-05601,PO-005601,SUP-0043,FAC-MX-01,WH-MX-RAW-01,2025-10-20,2025-11-15,DELIVERED,9002.96,USD,2025-10-20T00:00:00
PO-2025-05602,PO-005602,SUP-0109,FAC-MX-01,WH-MX-RAW-01,2025-12-12,2026-01-01,DELIVERED,6064.26,USD,2025-12-12T00:00:00
PO-2025-05603,PO-005603,SUP-0097,FAC-EU-01,WH-EU-RAW-01,2026-01-26,2026-03-03,DELIVERED,60866.36,USD,2026-01-26T00:00:00
PO-2025-05604,PO-005604,SUP-0002,FAC-US-01,WH-US-RAW-01,2025-05-22,2025-06-14,CANCELLED,2866.53,USD,2025-05-22T00:00:00
PO-2025-05605,PO-005605,SUP-0048,FAC-EU-01,WH-EU-RAW-01,2026-04-28,2026-06-02,PENDING,94421.88,USD,2026-04-28T00:00:00
PO-2025-05606,PO-005606,SUP-0049,FAC-MX-01,WH-MX-RAW-01,2026-03-15,2026-03-30,DELIVERED,7601.28,USD,2026-03-15T00:00:00
PO-2025-05607,PO-005607,SUP-0008,FAC-EU-01,WH-EU-RAW-01,2025-08-17,2025-09-16,DELIVERED,290026.57,USD,2025-08-17T00:00:00
PO-2025-05608,PO-005608,SUP-0098,FAC-US-01,WH-US-RAW-01,2026-02-14,2026-03-14,DELIVERED,196458.28,USD,2026-02-14T00:00:00
PO-2025-05609,PO-005609,SUP-0052,FAC-MX-01,WH-MX-RAW-01,2025-11-13,2025-12-11,DELIVERED,3243.3,USD,2025-11-13T00:00:00
PO-2025-05610,PO-005610,SUP-0007,FAC-EU-01,WH-EU-RAW-01,2025-10-26,2025-11-16,OVERDUE,105233.3,USD,2025-10-26T00:00:00
PO-2025-05611,PO-005611,SUP-0003,FAC-MX-01,WH-MX-RAW-01,2025-09-04,2025-09-26,DELIVERED,37132.6,USD,2025-09-04T00:00:00
PO-2025-05612,PO-005612,SUP-0095,FAC-MX-01,WH-MX-RAW-01,2025-12-01,2025-12-17,DELIVERED,98304.4,USD,2025-12-01T00:00:00
PO-2025-05613,PO-005613,SUP-0019,FAC-MX-01,WH-MX-RAW-01,2026-01-13,2026-01-30,OVERDUE,14804.16,USD,2026-01-13T00:00:00
PO-2025-05614,PO-005614,SUP-0071,FAC-EU-01,WH-EU-RAW-01,2025-10-09,2025-11-15,DELIVERED,188016.48,USD,2025-10-09T00:00:00
PO-2025-05615,PO-005615,SUP-0008,FAC-MX-01,WH-MX-RAW-01,2025-12-15,2026-01-17,OVERDUE,8557.12,USD,2025-12-15T00:00:00
PO-2025-05616,PO-005616,SUP-0057,FAC-US-01,WH-US-RAW-01,2026-01-04,2026-01-21,DELIVERED,72390.19,USD,2026-01-04T00:00:00
PO-2025-05617,PO-005617,SUP-0110,FAC-EU-01,WH-EU-RAW-01,2026-01-07,2026-01-24,DELIVERED,47992.25,USD,2026-01-07T00:00:00
PO-2025-05618,PO-005618,SUP-0114,FAC-APAC-01,WH-APAC-RAW-01,2025-04-11,2025-04-30,DELIVERED,790.92,USD,2025-04-11T00:00:00
PO-2025-05619,PO-005619,SUP-0008,FAC-APAC-01,WH-APAC-RAW-01,2026-03-01,2026-04-05,DELIVERED,142231.0,USD,2026-03-01T00:00:00
PO-2025-05620,PO-005620,SUP-0104,FAC-US-01,WH-US-RAW-01,2025-10-25,2025-11-25,DELIVERED,103827.12,USD,2025-10-25T00:00:00
PO-2025-05621,PO-005621,SUP-0090,FAC-US-01,WH-US-RAW-01,2025-08-14,2025-09-07,DELIVERED,13361.76,USD,2025-08-14T00:00:00
PO-2025-05622,PO-005622,SUP-0009,FAC-EU-01,WH-EU-RAW-01,2025-08-05,2025-09-25,DELIVERED,570.28,USD,2025-08-05T00:00:00
PO-2025-05623,PO-005623,SUP-0019,FAC-MX-01,WH-MX-RAW-01,2025-11-02,2025-11-24,DELIVERED,1454.64,USD,2025-11-02T00:00:00
PO-2025-05624,PO-005624,SUP-0113,FAC-APAC-01,WH-APAC-RAW-01,2026-03-13,2026-04-04,DELIVERED,2715.8,USD,2026-03-13T00:00:00
PO-2025-05625,PO-005625,SUP-0001,FAC-MX-01,WH-MX-RAW-01,2025-09-28,2025-11-29,DELIVERED,13334.84,USD,2025-09-28T00:00:00
PO-2025-05626,PO-005626,SUP-0102,FAC-APAC-01,WH-APAC-RAW-01,2026-01-19,2026-02-14,DELIVERED,5849.97,USD,2026-01-19T00:00:00
PO-2025-05627,PO-005627,SUP-0055,FAC-MX-01,WH-MX-RAW-01,2025-05-17,2025-06-04,DELIVERED,8689.92,USD,2025-05-17T00:00:00
PO-2025-05628,PO-005628,SUP-0079,FAC-US-01,WH-US-RAW-01,2025-10-31,2025-12-01,CANCELLED,174106.63,USD,2025-10-31T00:00:00
PO-2025-05629,PO-005629,SUP-0021,FAC-EU-01,WH-EU-RAW-01,2026-05-31,2026-07-01,PENDING,773.92,USD,2026-05-31T00:00:00
PO-2025-05630,PO-005630,SUP-0059,FAC-US-01,WH-US-RAW-01,2026-01-26,2026-03-29,DELIVERED,162774.56,USD,2026-01-26T00:00:00
PO-2025-05631,PO-005631,SUP-0109,FAC-US-01,WH-US-RAW-01,2025-07-21,2025-08-10,DELIVERED,817.89,USD,2025-07-21T00:00:00
PO-2025-05632,PO-005632,SUP-0041,FAC-APAC-01,WH-APAC-RAW-01,2025-11-08,2025-11-30,DELIVERED,5528.05,USD,2025-11-08T00:00:00
PO-2025-05633,PO-005633,SUP-0007,FAC-EU-01,WH-EU-RAW-01,2025-08-01,2025-08-24,DELIVERED,16275.17,USD,2025-08-01T00:00:00
PO-2025-05634,PO-005634,SUP-0064,FAC-APAC-01,WH-APAC-RAW-01,2025-10-09,2025-10-31,DELIVERED,692267.68,USD,2025-10-09T00:00:00
PO-2025-05635,PO-005635,SUP-0004,FAC-APAC-01,WH-APAC-RAW-01,2026-01-29,2026-03-02,DELIVERED,1445.25,USD,2026-01-29T00:00:00
PO-2025-05636,PO-005636,SUP-0026,FAC-EU-01,WH-EU-RAW-01,2026-01-26,2026-02-23,DELIVERED,178131.55,USD,2026-01-26T00:00:00
PO-2025-05637,PO-005637,SUP-0107,FAC-US-01,WH-US-RAW-01,2025-07-29,2025-08-10,DELIVERED,8198.08,USD,2025-07-29T00:00:00
PO-2025-05638,PO-005638,SUP-0102,FAC-US-01,WH-US-RAW-01,2026-04-01,2026-04-23,IN_TRANSIT,33951.0,USD,2026-04-01T00:00:00
PO-2025-05639,PO-005639,SUP-0106,FAC-US-01,WH-US-RAW-01,2025-12-05,2026-01-06,DELIVERED,373553.45,USD,2025-12-05T00:00:00
PO-2025-05640,PO-005640,SUP-0037,FAC-APAC-01,WH-APAC-RAW-01,2025-09-28,2025-10-20,DELIVERED,133046.76,USD,2025-09-28T00:00:00
PO-2025-05641,PO-005641,SUP-0057,FAC-APAC-01,WH-APAC-RAW-01,2025-11-08,2025-11-30,DELIVERED,35812.89,USD,2025-11-08T00:00:00
PO-2025-05642,PO-005642,SUP-0074,FAC-EU-01,WH-EU-RAW-01,2025-12-08,2026-01-04,DELIVERED,21222.64,USD,2025-12-08T00:00:00
PO-2025-05643,PO-005643,SUP-0038,FAC-APAC-01,WH-APAC-RAW-01,2025-11-25,2025-12-17,DELIVERED,62231.56,USD,2025-11-25T00:00:00
PO-2025-05644,PO-005644,SUP-0067,FAC-US-01,WH-US-RAW-01,2025-11-03,2025-11-26,DELIVERED,24064.76,USD,2025-11-03T00:00:00
PO-2025-05645,PO-005645,SUP-0117,FAC-APAC-01,WH-APAC-RAW-01,2025-11-09,2025-12-11,DELIVERED,371998.66,USD,2025-11-09T00:00:00
PO-2025-05646,PO-005646,SUP-0008,FAC-APAC-01,WH-APAC-RAW-01,2025-07-04,2025-08-10,OVERDUE,1955.2,USD,2025-07-04T00:00:00
PO-2025-05647,PO-005647,SUP-0011,FAC-APAC-01,WH-APAC-RAW-01,2026-02-10,2026-03-02,DELIVERED,57625.75,USD,2026-02-10T00:00:00
PO-2025-05648,PO-005648,SUP-0094,FAC-MX-01,WH-MX-RAW-01,2025-11-20,2025-12-01,DELIVERED,742509.57,USD,2025-11-20T00:00:00
PO-2025-05649,PO-005649,SUP-0070,FAC-MX-01,WH-MX-RAW-01,2025-06-09,2025-08-05,DELIVERED,556458.05,USD,2025-06-09T00:00:00
PO-2025-05650,PO-005650,SUP-0007,FAC-APAC-01,WH-APAC-RAW-01,2026-01-25,2026-02-19,DELIVERED,36193.37,USD,2026-01-25T00:00:00
PO-2025-05651,PO-005651,SUP-0024,FAC-APAC-01,WH-APAC-RAW-01,2026-04-07,2026-04-26,IN_TRANSIT,268375.09,USD,2026-04-07T00:00:00
PO-2025-05652,PO-005652,SUP-0048,FAC-US-01,WH-US-RAW-01,2026-04-16,2026-05-17,PENDING,10189.48,USD,2026-04-16T00:00:00
PO-2025-05653,PO-005653,SUP-0084,FAC-APAC-01,WH-APAC-RAW-01,2025-09-24,2025-10-20,DELIVERED,73860.59,USD,2025-09-24T00:00:00
PO-2025-05654,PO-005654,SUP-0085,FAC-MX-01,WH-MX-RAW-01,2025-06-11,2025-06-25,DELIVERED,44475.84,USD,2025-06-11T00:00:00
PO-2025-05655,PO-005655,SUP-0002,FAC-US-01,WH-US-RAW-01,2025-11-13,2025-12-06,CANCELLED,39297.96,USD,2025-11-13T00:00:00
PO-2025-05656,PO-005656,SUP-0095,FAC-MX-01,WH-MX-RAW-01,2025-05-28,2025-06-12,DELIVERED,130984.76,USD,2025-05-28T00:00:00
PO-2025-05657,PO-005657,SUP-0114,FAC-US-01,WH-US-RAW-01,2026-04-08,2026-04-24,IN_TRANSIT,45670.35,USD,2026-04-08T00:00:00
PO-2025-05658,PO-005658,SUP-0089,FAC-US-01,WH-US-RAW-01,2025-07-08,2025-07-29,DELIVERED,42786.45,USD,2025-07-08T00:00:00
PO-2025-05659,PO-005659,SUP-0011,FAC-US-01,WH-US-RAW-01,2025-08-09,2025-08-30,DELIVERED,22264.21,USD,2025-08-09T00:00:00
PO-2025-05660,PO-005660,SUP-0084,FAC-EU-01,WH-EU-RAW-01,2025-10-08,2025-10-30,DELIVERED,13376.88,USD,2025-10-08T00:00:00
PO-2025-05661,PO-005661,SUP-0068,FAC-US-01,WH-US-RAW-01,2025-09-29,2025-10-23,DELIVERED,193686.53,USD,2025-09-29T00:00:00
PO-2025-05662,PO-005662,SUP-0028,FAC-EU-01,WH-EU-RAW-01,2026-02-03,2026-02-27,DELIVERED,42384.24,USD,2026-02-03T00:00:00
PO-2025-05663,PO-005663,SUP-0041,FAC-EU-01,WH-EU-RAW-01,2025-10-24,2025-11-17,DELIVERED,56173.16,USD,2025-10-24T00:00:00
PO-2025-05664,PO-005664,SUP-0089,FAC-EU-01,WH-EU-RAW-01,2025-07-01,2025-07-17,DELIVERED,99515.57,USD,2025-07-01T00:00:00
PO-2025-05665,PO-005665,SUP-0115,FAC-US-01,WH-US-RAW-01,2025-08-16,2025-09-12,DELIVERED,5338.2,USD,2025-08-16T00:00:00
PO-2025-05666,PO-005666,SUP-0060,FAC-US-01,WH-US-RAW-01,2025-11-10,2025-12-10,DELIVERED,154360.46,USD,2025-11-10T00:00:00
PO-2025-05667,PO-005667,SUP-0029,FAC-MX-01,WH-MX-RAW-01,2025-06-18,2025-07-19,DELIVERED,11588.17,USD,2025-06-18T00:00:00
PO-2025-05668,PO-005668,SUP-0065,FAC-MX-01,WH-MX-RAW-01,2025-12-10,2026-01-12,DELIVERED,1282.56,USD,2025-12-10T00:00:00
PO-2025-05669,PO-005669,SUP-0048,FAC-MX-01,WH-MX-RAW-01,2025-11-27,2025-12-25,DELIVERED,213996.16,USD,2025-11-27T00:00:00
PO-2025-05670,PO-005670,SUP-0006,FAC-APAC-01,WH-APAC-RAW-01,2026-01-08,2026-01-22,DELIVERED,729653.5,USD,2026-01-08T00:00:00
PO-2025-05671,PO-005671,SUP-0008,FAC-US-01,WH-US-RAW-01,2026-04-10,2026-05-12,IN_TRANSIT,4784.0,USD,2026-04-10T00:00:00
PO-2025-05672,PO-005672,SUP-0045,FAC-MX-01,WH-MX-RAW-01,2026-03-26,2026-04-10,DELIVERED,7263.63,USD,2026-03-26T00:00:00
PO-2025-05673,PO-005673,SUP-0085,FAC-APAC-01,WH-APAC-RAW-01,2026-04-16,2026-04-27,PENDING,22839.42,USD,2026-04-16T00:00:00
PO-2025-05674,PO-005674,SUP-0093,FAC-US-01,WH-US-RAW-01,2025-08-06,2025-09-22,DELIVERED,40596.72,USD,2025-08-06T00:00:00
PO-2025-05675,PO-005675,SUP-0047,FAC-EU-01,WH-EU-RAW-01,2025-06-09,2025-06-21,DELIVERED,3324.06,USD,2025-06-09T00:00:00
PO-2025-05676,PO-005676,SUP-0019,FAC-APAC-01,WH-APAC-RAW-01,2025-08-30,2025-09-14,DELIVERED,145766.07,USD,2025-08-30T00:00:00
PO-2025-05677,PO-005677,SUP-0096,FAC-APAC-01,WH-APAC-RAW-01,2026-03-17,2026-04-04,DELIVERED,53296.64,USD,2026-03-17T00:00:00
PO-2025-05678,PO-005678,SUP-0075,FAC-MX-01,WH-MX-RAW-01,2026-05-07,2026-06-06,PENDING,10711.69,USD,2026-05-07T00:00:00
PO-2025-05679,PO-005679,SUP-0038,FAC-MX-01,WH-MX-RAW-01,2026-03-01,2026-03-28,DELIVERED,11954.88,USD,2026-03-01T00:00:00
PO-2025-05680,PO-005680,SUP-0047,FAC-APAC-01,WH-APAC-RAW-01,2025-05-26,2025-06-10,DELIVERED,46496.94,USD,2025-05-26T00:00:00
PO-2025-05681,PO-005681,SUP-0109,FAC-US-01,WH-US-RAW-01,2026-04-17,2026-04-30,PENDING,92762.11,USD,2026-04-17T00:00:00
PO-2025-05682,PO-005682,SUP-0097,FAC-EU-01,WH-EU-RAW-01,2025-10-13,2025-11-20,DELIVERED,198951.01,USD,2025-10-13T00:00:00
PO-2025-05683,PO-005683,SUP-0056,FAC-APAC-01,WH-APAC-RAW-01,2025-02-12,2025-03-01,DELIVERED,119.52,USD,2025-02-12T00:00:00
PO-2025-05684,PO-005684,SUP-0053,FAC-APAC-01,WH-APAC-RAW-01,2025-10-20,2025-11-28,DELIVERED,3996.37,USD,2025-10-20T00:00:00
PO-2025-05685,PO-005685,SUP-0027,FAC-EU-01,WH-EU-RAW-01,2025-04-05,2025-04-29,DELIVERED,8819.88,USD,2025-04-05T00:00:00
PO-2025-05686,PO-005686,SUP-0074,FAC-APAC-01,WH-APAC-RAW-01,2025-11-21,2025-12-11,DELIVERED,109980.06,USD,2025-11-21T00:00:00
PO-2025-05687,PO-005687,SUP-0101,FAC-APAC-01,WH-APAC-RAW-01,2025-09-13,2025-10-13,OVERDUE,4424.4,USD,2025-09-13T00:00:00
PO-2025-05688,PO-005688,SUP-0049,FAC-APAC-01,WH-APAC-RAW-01,2025-10-30,2025-11-20,OVERDUE,12500.35,USD,2025-10-30T00:00:00
PO-2025-05689,PO-005689,SUP-0117,FAC-EU-01,WH-EU-RAW-01,2025-12-11,2026-01-05,DELIVERED,36771.27,USD,2025-12-11T00:00:00
PO-2025-05690,PO-005690,SUP-0111,FAC-APAC-01,WH-APAC-RAW-01,2026-03-05,2026-04-06,CANCELLED,80840.2,USD,2026-03-05T00:00:00
PO-2025-05691,PO-005691,SUP-0096,FAC-APAC-01,WH-APAC-RAW-01,2025-12-24,2026-01-06,DELIVERED,15852.65,USD,2025-12-24T00:00:00
PO-2025-05692,PO-005692,SUP-0079,FAC-EU-01,WH-EU-RAW-01,2025-10-17,2025-11-13,DELIVERED,8387.28,USD,2025-10-17T00:00:00
PO-2025-05693,PO-005693,SUP-0076,FAC-MX-01,WH-MX-RAW-01,2026-02-12,2026-03-22,DELIVERED,31129.38,USD,2026-02-12T00:00:00
PO-2025-05694,PO-005694,SUP-0024,FAC-APAC-01,WH-APAC-RAW-01,2026-03-22,2026-04-05,DELIVERED,6321.44,USD,2026-03-22T00:00:00
PO-2025-05695,PO-005695,SUP-0104,FAC-EU-01,WH-EU-RAW-01,2025-06-02,2025-07-03,DELIVERED,2481.24,USD,2025-06-02T00:00:00
PO-2025-05696,PO-005696,SUP-0016,FAC-APAC-01,WH-APAC-RAW-01,2025-11-17,2025-12-10,DELIVERED,7331.84,USD,2025-11-17T00:00:00
PO-2025-05697,PO-005697,SUP-0079,FAC-MX-01,WH-MX-RAW-01,2025-08-23,2025-09-17,DELIVERED,2937.58,USD,2025-08-23T00:00:00
PO-2025-05698,PO-005698,SUP-0019,FAC-EU-01,WH-EU-RAW-01,2025-04-06,2025-04-21,DELIVERED,1617.91,USD,2025-04-06T00:00:00
PO-2025-05699,PO-005699,SUP-0108,FAC-MX-01,WH-MX-RAW-01,2025-12-26,2026-01-15,DELIVERED,49808.41,USD,2025-12-26T00:00:00
PO-2025-05700,PO-005700,SUP-0006,FAC-US-01,WH-US-RAW-01,2026-03-02,2026-03-13,OVERDUE,140427.88,USD,2026-03-02T00:00:00
PO-2025-05701,PO-005701,SUP-0040,FAC-MX-01,WH-MX-RAW-01,2025-06-27,2025-07-24,DELIVERED,174671.93,USD,2025-06-27T00:00:00
PO-2025-05702,PO-005702,SUP-0081,FAC-APAC-01,WH-APAC-RAW-01,2026-02-10,2026-03-15,DELIVERED,1425.44,USD,2026-02-10T00:00:00
PO-2025-05703,PO-005703,SUP-0097,FAC-EU-01,WH-EU-RAW-01,2026-02-26,2026-04-01,DELIVERED,189145.11,USD,2026-02-26T00:00:00
PO-2025-05704,PO-005704,SUP-0022,FAC-EU-01,WH-EU-RAW-01,2026-03-27,2026-04-10,DELIVERED,4845.96,USD,2026-03-27T00:00:00
PO-2025-05705,PO-005705,SUP-0093,FAC-MX-01,WH-MX-RAW-01,2025-08-15,2025-10-01,CANCELLED,62695.68,USD,2025-08-15T00:00:00
PO-2025-05706,PO-005706,SUP-0112,FAC-EU-01,WH-EU-RAW-01,2026-03-22,2026-04-06,DELIVERED,1653.42,USD,2026-03-22T00:00:00
PO-2025-05707,PO-005707,SUP-0058,FAC-MX-01,WH-MX-RAW-01,2025-09-06,2025-10-06,DELIVERED,156590.07,USD,2025-09-06T00:00:00
PO-2025-05708,PO-005708,SUP-0012,FAC-US-01,WH-US-RAW-01,2025-11-23,2025-12-09,DELIVERED,5051.72,USD,2025-11-23T00:00:00
PO-2025-05709,PO-005709,SUP-0094,FAC-APAC-01,WH-APAC-RAW-01,2025-04-09,2025-04-20,DELIVERED,288666.82,USD,2025-04-09T00:00:00
PO-2025-05710,PO-005710,SUP-0114,FAC-MX-01,WH-MX-RAW-01,2025-04-03,2025-04-24,DELIVERED,7403.33,USD,2025-04-03T00:00:00
PO-2025-05711,PO-005711,SUP-0081,FAC-MX-01,WH-MX-RAW-01,2026-01-10,2026-02-18,DELIVERED,21409.2,USD,2026-01-10T00:00:00
PO-2025-05712,PO-005712,SUP-0012,FAC-US-01,WH-US-RAW-01,2025-10-20,2025-11-07,DELIVERED,4982.76,USD,2025-10-20T00:00:00
PO-2025-05713,PO-005713,SUP-0020,FAC-EU-01,WH-EU-RAW-01,2025-08-11,2025-09-01,DELIVERED,32145.45,USD,2025-08-11T00:00:00
PO-2025-05714,PO-005714,SUP-0117,FAC-MX-01,WH-MX-RAW-01,2025-07-11,2025-08-05,DELIVERED,40371.4,USD,2025-07-11T00:00:00
PO-2025-05715,PO-005715,SUP-0071,FAC-MX-01,WH-MX-RAW-01,2025-12-26,2026-01-29,CANCELLED,10240.0,USD,2025-12-26T00:00:00
PO-2025-05716,PO-005716,SUP-0039,FAC-US-01,WH-US-RAW-01,2025-01-09,2025-02-07,DELIVERED,16871.4,USD,2025-01-09T00:00:00
PO-2025-05717,PO-005717,SUP-0041,FAC-US-01,WH-US-RAW-01,2026-02-07,2026-03-03,DELIVERED,199826.62,USD,2026-02-07T00:00:00
PO-2025-05718,PO-005718,SUP-0059,FAC-MX-01,WH-MX-RAW-01,2025-05-04,2025-07-05,DELIVERED,108158.49,USD,2025-05-04T00:00:00
PO-2025-05719,PO-005719,SUP-0028,FAC-APAC-01,WH-APAC-RAW-01,2025-07-12,2025-08-07,DELIVERED,7365.7,USD,2025-07-12T00:00:00
PO-2025-05720,PO-005720,SUP-0098,FAC-APAC-01,WH-APAC-RAW-01,2025-10-01,2025-10-29,DELIVERED,20941.18,USD,2025-10-01T00:00:00
PO-2025-05721,PO-005721,SUP-0104,FAC-US-01,WH-US-RAW-01,2025-11-02,2025-12-01,DELIVERED,54108.56,USD,2025-11-02T00:00:00
PO-2025-05722,PO-005722,SUP-0040,FAC-US-01,WH-US-RAW-01,2025-09-19,2025-10-12,DELIVERED,290.97,USD,2025-09-19T00:00:00
PO-2025-05723,PO-005723,SUP-0061,FAC-MX-01,WH-MX-RAW-01,2025-09-06,2025-09-20,DELIVERED,83397.65,USD,2025-09-06T00:00:00
PO-2025-05724,PO-005724,SUP-0100,FAC-MX-01,WH-MX-RAW-01,2026-04-29,2026-05-14,PENDING,264903.98,USD,2026-04-29T00:00:00
PO-2025-05725,PO-005725,SUP-0110,FAC-US-01,WH-US-RAW-01,2025-12-18,2026-01-02,DELIVERED,13421.12,USD,2025-12-18T00:00:00
PO-2025-05726,PO-005726,SUP-0019,FAC-EU-01,WH-EU-RAW-01,2025-03-09,2025-03-27,DELIVERED,45499.07,USD,2025-03-09T00:00:00
PO-2025-05727,PO-005727,SUP-0083,FAC-MX-01,WH-MX-RAW-01,2025-10-16,2025-11-13,DELIVERED,20551.75,USD,2025-10-16T00:00:00
PO-2025-05728,PO-005728,SUP-0066,FAC-US-01,WH-US-RAW-01,2026-03-08,2026-03-28,DELIVERED,36245.34,USD,2026-03-08T00:00:00
PO-2025-05729,PO-005729,SUP-0062,FAC-MX-01,WH-MX-RAW-01,2025-08-30,2025-10-02,DELIVERED,5033.49,USD,2025-08-30T00:00:00
PO-2025-05730,PO-005730,SUP-0040,FAC-EU-01,WH-EU-RAW-01,2025-05-16,2025-06-12,DELIVERED,77553.54,USD,2025-05-16T00:00:00
PO-2025-05731,PO-005731,SUP-0007,FAC-MX-01,WH-MX-RAW-01,2026-01-22,2026-02-11,DELIVERED,677.84,USD,2026-01-22T00:00:00
PO-2025-05732,PO-005732,SUP-0081,FAC-EU-01,WH-EU-RAW-01,2025-12-09,2026-01-14,DELIVERED,22377.3,USD,2025-12-09T00:00:00
PO-2025-05733,PO-005733,SUP-0029,FAC-US-01,WH-US-RAW-01,2025-11-28,2025-12-27,DELIVERED,4848.07,USD,2025-11-28T00:00:00
PO-2025-05734,PO-005734,SUP-0035,FAC-APAC-01,WH-APAC-RAW-01,2025-04-12,2025-05-28,CANCELLED,15787.4,USD,2025-04-12T00:00:00
PO-2025-05735,PO-005735,SUP-0018,FAC-US-01,WH-US-RAW-01,2025-06-14,2025-07-10,DELIVERED,96257.1,USD,2025-06-14T00:00:00
PO-2025-05736,PO-005736,SUP-0006,FAC-MX-01,WH-MX-RAW-01,2025-12-13,2025-12-30,DELIVERED,140037.69,USD,2025-12-13T00:00:00
PO-2025-05737,PO-005737,SUP-0007,FAC-MX-01,WH-MX-RAW-01,2025-07-20,2025-08-14,DELIVERED,16811.55,USD,2025-07-20T00:00:00
PO-2025-05738,PO-005738,SUP-0119,FAC-EU-01,WH-EU-RAW-01,2025-11-08,2025-12-09,DELIVERED,20831.72,USD,2025-11-08T00:00:00
PO-2025-05739,PO-005739,SUP-0063,FAC-US-01,WH-US-RAW-01,2025-11-21,2025-12-27,DELIVERED,61403.13,USD,2025-11-21T00:00:00
PO-2025-05740,PO-005740,SUP-0059,FAC-EU-01,WH-EU-RAW-01,2025-08-22,2025-10-26,DELIVERED,2245.02,USD,2025-08-22T00:00:00
PO-2025-05741,PO-005741,SUP-0106,FAC-MX-01,WH-MX-RAW-01,2026-04-17,2026-05-20,PENDING,9839.34,USD,2026-04-17T00:00:00
PO-2025-05742,PO-005742,SUP-0095,FAC-US-01,WH-US-RAW-01,2026-02-22,2026-03-12,DELIVERED,13066.2,USD,2026-02-22T00:00:00
PO-2025-05743,PO-005743,SUP-0003,FAC-US-01,WH-US-RAW-01,2026-01-11,2026-02-02,DELIVERED,580.26,USD,2026-01-11T00:00:00
PO-2025-05744,PO-005744,SUP-0022,FAC-MX-01,WH-MX-RAW-01,2025-05-03,2025-05-21,DELIVERED,193639.18,USD,2025-05-03T00:00:00
PO-2025-05745,PO-005745,SUP-0078,FAC-EU-01,WH-EU-RAW-01,2025-05-24,2025-06-11,DELIVERED,19467.92,USD,2025-05-24T00:00:00
PO-2025-05746,PO-005746,SUP-0053,FAC-US-01,WH-US-RAW-01,2025-11-05,2025-12-11,CANCELLED,1587.67,USD,2025-11-05T00:00:00
PO-2025-05747,PO-005747,SUP-0024,FAC-EU-01,WH-EU-RAW-01,2025-06-26,2025-07-09,DELIVERED,44002.28,USD,2025-06-26T00:00:00
PO-2025-05748,PO-005748,SUP-0102,FAC-MX-01,WH-MX-RAW-01,2026-05-13,2026-06-04,PENDING,348161.55,USD,2026-05-13T00:00:00
PO-2025-05749,PO-005749,SUP-0019,FAC-EU-01,WH-EU-RAW-01,2025-06-24,2025-07-16,DELIVERED,829845.96,USD,2025-06-24T00:00:00
PO-2025-05750,PO-005750,SUP-0105,FAC-EU-01,WH-EU-RAW-01,2025-11-03,2025-11-21,OVERDUE,2799.9,USD,2025-11-03T00:00:00
PO-2025-05751,PO-005751,SUP-0041,FAC-APAC-01,WH-APAC-RAW-01,2025-09-23,2025-10-15,OVERDUE,113645.04,USD,2025-09-23T00:00:00
PO-2025-05752,PO-005752,SUP-0032,FAC-APAC-01,WH-APAC-RAW-01,2025-12-18,2026-01-17,OVERDUE,366003.99,USD,2025-12-18T00:00:00
PO-2025-05753,PO-005753,SUP-0018,FAC-EU-01,WH-EU-RAW-01,2025-06-07,2025-06-30,OVERDUE,51271.4,USD,2025-06-07T00:00:00
PO-2025-05754,PO-005754,SUP-0082,FAC-EU-01,WH-EU-RAW-01,2025-10-16,2025-12-19,DELIVERED,7439.18,USD,2025-10-16T00:00:00
PO-2025-05755,PO-005755,SUP-0060,FAC-EU-01,WH-EU-RAW-01,2025-08-19,2025-09-16,DELIVERED,16958.31,USD,2025-08-19T00:00:00
PO-2025-05756,PO-005756,SUP-0080,FAC-US-01,WH-US-RAW-01,2026-03-13,2026-04-13,DELIVERED,49926.65,USD,2026-03-13T00:00:00
PO-2025-05757,PO-005757,SUP-0006,FAC-US-01,WH-US-RAW-01,2025-03-30,2025-04-13,OVERDUE,825090.69,USD,2025-03-30T00:00:00
PO-2025-05758,PO-005758,SUP-0108,FAC-US-01,WH-US-RAW-01,2026-03-27,2026-04-20,IN_TRANSIT,154946.06,USD,2026-03-27T00:00:00
PO-2025-05759,PO-005759,SUP-0096,FAC-EU-01,WH-EU-RAW-01,2026-02-18,2026-03-05,OVERDUE,1669.53,USD,2026-02-18T00:00:00
PO-2025-05760,PO-005760,SUP-0043,FAC-APAC-01,WH-APAC-RAW-01,2025-08-28,2025-09-22,DELIVERED,6162.5,USD,2025-08-28T00:00:00
PO-2025-05761,PO-005761,SUP-0087,FAC-US-01,WH-US-RAW-01,2026-02-01,2026-02-16,DELIVERED,575.25,USD,2026-02-01T00:00:00
PO-2025-05762,PO-005762,SUP-0059,FAC-MX-01,WH-MX-RAW-01,2025-03-19,2025-05-20,CANCELLED,42641.72,USD,2025-03-19T00:00:00
PO-2025-05763,PO-005763,SUP-0038,FAC-US-01,WH-US-RAW-01,2026-05-02,2026-05-26,PENDING,9062.7,USD,2026-05-02T00:00:00
PO-2025-05764,PO-005764,SUP-0091,FAC-EU-01,WH-EU-RAW-01,2025-11-15,2025-12-02,DELIVERED,118.8,USD,2025-11-15T00:00:00
PO-2025-05765,PO-005765,SUP-0107,FAC-MX-01,WH-MX-RAW-01,2025-08-30,2025-09-15,DELIVERED,31853.0,USD,2025-08-30T00:00:00
PO-2025-05766,PO-005766,SUP-0090,FAC-APAC-01,WH-APAC-RAW-01,2025-09-22,2025-10-20,DELIVERED,14425.23,USD,2025-09-22T00:00:00
PO-2025-05767,PO-005767,SUP-0024,FAC-EU-01,WH-EU-RAW-01,2025-04-24,2025-05-08,DELIVERED,13476.84,USD,2025-04-24T00:00:00
PO-2025-05768,PO-005768,SUP-0096,FAC-US-01,WH-US-RAW-01,2026-05-27,2026-06-09,PENDING,3253.6,USD,2026-05-27T00:00:00
PO-2025-05769,PO-005769,SUP-0095,FAC-EU-01,WH-EU-RAW-01,2025-03-29,2025-04-12,CANCELLED,18843.73,USD,2025-03-29T00:00:00
PO-2025-05770,PO-005770,SUP-0102,FAC-APAC-01,WH-APAC-RAW-01,2025-12-22,2026-01-19,DELIVERED,1993.75,USD,2025-12-22T00:00:00
PO-2025-05771,PO-005771,SUP-0023,FAC-MX-01,WH-MX-RAW-01,2025-10-20,2025-11-02,DELIVERED,852.41,USD,2025-10-20T00:00:00
PO-2025-05772,PO-005772,SUP-0064,FAC-MX-01,WH-MX-RAW-01,2026-04-18,2026-05-13,PENDING,6752.46,USD,2026-04-18T00:00:00
PO-2025-05773,PO-005773,SUP-0093,FAC-MX-01,WH-MX-RAW-01,2025-08-06,2025-09-18,DELIVERED,17373.67,USD,2025-08-06T00:00:00
PO-2025-05774,PO-005774,SUP-0010,FAC-APAC-01,WH-APAC-RAW-01,2025-11-17,2025-12-04,DELIVERED,25441.17,USD,2025-11-17T00:00:00
PO-2025-05775,PO-005775,SUP-0004,FAC-US-01,WH-US-RAW-01,2025-11-02,2025-11-28,CANCELLED,158088.19,USD,2025-11-02T00:00:00
PO-2025-05776,PO-005776,SUP-0063,FAC-EU-01,WH-EU-RAW-01,2026-01-05,2026-02-10,OVERDUE,182427.41,USD,2026-01-05T00:00:00
PO-2025-05777,PO-005777,SUP-0103,FAC-MX-01,WH-MX-RAW-01,2025-04-25,2025-06-12,DELIVERED,87021.64,USD,2025-04-25T00:00:00
PO-2025-05778,PO-005778,SUP-0042,FAC-US-01,WH-US-RAW-01,2025-07-13,2025-08-04,DELIVERED,52500.61,USD,2025-07-13T00:00:00
PO-2025-05779,PO-005779,SUP-0095,FAC-APAC-01,WH-APAC-RAW-01,2025-07-23,2025-08-08,DELIVERED,55369.04,USD,2025-07-23T00:00:00
PO-2025-05780,PO-005780,SUP-0041,FAC-APAC-01,WH-APAC-RAW-01,2026-01-16,2026-02-04,DELIVERED,36170.41,USD,2026-01-16T00:00:00
PO-2025-05781,PO-005781,SUP-0063,FAC-MX-01,WH-MX-RAW-01,2025-07-11,2025-08-16,OVERDUE,6489.69,USD,2025-07-11T00:00:00
PO-2025-05782,PO-005782,SUP-0011,FAC-APAC-01,WH-APAC-RAW-01,2025-11-29,2025-12-23,DELIVERED,60801.52,USD,2025-11-29T00:00:00
PO-2025-05783,PO-005783,SUP-0062,FAC-US-01,WH-US-RAW-01,2025-07-23,2025-08-25,DELIVERED,1769.16,USD,2025-07-23T00:00:00
PO-2025-05784,PO-005784,SUP-0094,FAC-US-01,WH-US-RAW-01,2026-03-02,2026-03-11,DELIVERED,59155.45,USD,2026-03-02T00:00:00
PO-2025-05785,PO-005785,SUP-0084,FAC-APAC-01,WH-APAC-RAW-01,2026-04-13,2026-05-06,PENDING,69888.86,USD,2026-04-13T00:00:00
PO-2025-05786,PO-005786,SUP-0107,FAC-EU-01,WH-EU-RAW-01,2025-11-13,2025-11-27,DELIVERED,2555.88,USD,2025-11-13T00:00:00
PO-2025-05787,PO-005787,SUP-0077,FAC-MX-01,WH-MX-RAW-01,2025-09-18,2025-10-09,DELIVERED,2217.61,USD,2025-09-18T00:00:00
PO-2025-05788,PO-005788,SUP-0009,FAC-US-01,WH-US-RAW-01,2025-08-01,2025-09-22,DELIVERED,70427.1,USD,2025-08-01T00:00:00
PO-2025-05789,PO-005789,SUP-0087,FAC-EU-01,WH-EU-RAW-01,2025-04-09,2025-04-27,DELIVERED,115716.79,USD,2025-04-09T00:00:00
PO-2025-05790,PO-005790,SUP-0046,FAC-US-01,WH-US-RAW-01,2025-08-16,2025-09-16,DELIVERED,228951.83,USD,2025-08-16T00:00:00
PO-2025-05791,PO-005791,SUP-0095,FAC-US-01,WH-US-RAW-01,2025-12-22,2026-01-06,DELIVERED,190377.29,USD,2025-12-22T00:00:00
PO-2025-05792,PO-005792,SUP-0092,FAC-EU-01,WH-EU-RAW-01,2025-11-17,2025-12-10,DELIVERED,54727.66,USD,2025-11-17T00:00:00
PO-2025-05793,PO-005793,SUP-0001,FAC-US-01,WH-US-RAW-01,2026-04-14,2026-06-09,PENDING,21101.73,USD,2026-04-14T00:00:00
PO-2025-05794,PO-005794,SUP-0083,FAC-MX-01,WH-MX-RAW-01,2025-10-04,2025-11-02,DELIVERED,3160.08,USD,2025-10-04T00:00:00
PO-2025-05795,PO-005795,SUP-0012,FAC-APAC-01,WH-APAC-RAW-01,2026-01-02,2026-01-20,DELIVERED,121807.79,USD,2026-01-02T00:00:00
PO-2025-05796,PO-005796,SUP-0111,FAC-APAC-01,WH-APAC-RAW-01,2025-11-04,2025-12-10,DELIVERED,6306.48,USD,2025-11-04T00:00:00
PO-2025-05797,PO-005797,SUP-0029,FAC-US-01,WH-US-RAW-01,2025-11-11,2025-12-17,DELIVERED,122298.6,USD,2025-11-11T00:00:00
PO-2025-05798,PO-005798,SUP-0016,FAC-US-01,WH-US-RAW-01,2025-08-16,2025-09-13,DELIVERED,123510.71,USD,2025-08-16T00:00:00
PO-2025-05799,PO-005799,SUP-0018,FAC-US-01,WH-US-RAW-01,2025-10-24,2025-11-16,DELIVERED,26513.57,USD,2025-10-24T00:00:00
PO-2025-05800,PO-005800,SUP-0092,FAC-US-01,WH-US-RAW-01,2025-10-29,2025-11-20,DELIVERED,92446.84,USD,2025-10-29T00:00:00
PO-2025-05801,PO-005801,SUP-0104,FAC-EU-01,WH-EU-RAW-01,2026-01-06,2026-02-05,DELIVERED,6074.76,USD,2026-01-06T00:00:00
PO-2025-05802,PO-005802,SUP-0004,FAC-MX-01,WH-MX-RAW-01,2026-04-12,2026-05-09,IN_TRANSIT,147645.46,USD,2026-04-12T00:00:00
PO-2025-05803,PO-005803,SUP-0012,FAC-US-01,WH-US-RAW-01,2025-09-10,2025-09-22,DELIVERED,24059.75,USD,2025-09-10T00:00:00
PO-2025-05804,PO-005804,SUP-0051,FAC-EU-01,WH-EU-RAW-01,2025-04-01,2025-04-27,DELIVERED,809.75,USD,2025-04-01T00:00:00
PO-2025-05805,PO-005805,SUP-0089,FAC-APAC-01,WH-APAC-RAW-01,2025-11-06,2025-11-20,CANCELLED,38309.7,USD,2025-11-06T00:00:00
PO-2025-05806,PO-005806,SUP-0006,FAC-APAC-01,WH-APAC-RAW-01,2025-11-21,2025-12-03,OVERDUE,17083.17,USD,2025-11-21T00:00:00
PO-2025-05807,PO-005807,SUP-0001,FAC-EU-01,WH-EU-RAW-01,2025-06-30,2025-08-31,DELIVERED,10661.85,USD,2025-06-30T00:00:00
PO-2025-05808,PO-005808,SUP-0002,FAC-APAC-01,WH-APAC-RAW-01,2026-01-23,2026-02-11,DELIVERED,14927.55,USD,2026-01-23T00:00:00
PO-2025-05809,PO-005809,SUP-0115,FAC-APAC-01,WH-APAC-RAW-01,2026-05-21,2026-06-22,PENDING,2038.68,USD,2026-05-21T00:00:00
PO-2025-05810,PO-005810,SUP-0118,FAC-MX-01,WH-MX-RAW-01,2026-04-15,2026-05-18,PENDING,16994.26,USD,2026-04-15T00:00:00
PO-2025-05811,PO-005811,SUP-0103,FAC-US-01,WH-US-RAW-01,2025-07-15,2025-08-31,DELIVERED,23588.6,USD,2025-07-15T00:00:00
PO-2025-05812,PO-005812,SUP-0052,FAC-MX-01,WH-MX-RAW-01,2026-03-08,2026-04-01,DELIVERED,22395.02,USD,2026-03-08T00:00:00
PO-2025-05813,PO-005813,SUP-0048,FAC-APAC-01,WH-APAC-RAW-01,2026-01-05,2026-02-06,DELIVERED,2516.72,USD,2026-01-05T00:00:00
PO-2025-05814,PO-005814,SUP-0043,FAC-EU-01,WH-EU-RAW-01,2025-10-24,2025-11-21,DELIVERED,4305.2,USD,2025-10-24T00:00:00
PO-2025-05815,PO-005815,SUP-0096,FAC-EU-01,WH-EU-RAW-01,2025-11-20,2025-12-04,CANCELLED,20356.0,USD,2025-11-20T00:00:00
PO-2025-05816,PO-005816,SUP-0065,FAC-US-01,WH-US-RAW-01,2026-02-24,2026-03-27,DELIVERED,70887.26,USD,2026-02-24T00:00:00
PO-2025-05817,PO-005817,SUP-0019,FAC-US-01,WH-US-RAW-01,2025-11-01,2025-11-23,DELIVERED,107605.88,USD,2025-11-01T00:00:00
PO-2025-05818,PO-005818,SUP-0101,FAC-EU-01,WH-EU-RAW-01,2025-09-26,2025-10-19,DELIVERED,5508.0,USD,2025-09-26T00:00:00
PO-2025-05819,PO-005819,SUP-0112,FAC-APAC-01,WH-APAC-RAW-01,2025-11-05,2025-11-22,DELIVERED,30411.2,USD,2025-11-05T00:00:00
PO-2025-05820,PO-005820,SUP-0074,FAC-EU-01,WH-EU-RAW-01,2025-12-01,2025-12-22,OVERDUE,350388.5,USD,2025-12-01T00:00:00
PO-2025-05821,PO-005821,SUP-0031,FAC-APAC-01,WH-APAC-RAW-01,2025-07-11,2025-09-08,DELIVERED,170337.97,USD,2025-07-11T00:00:00
PO-2025-05822,PO-005822,SUP-0012,FAC-EU-01,WH-EU-RAW-01,2026-03-20,2026-04-06,DELIVERED,27078.45,USD,2026-03-20T00:00:00
PO-2025-05823,PO-005823,SUP-0048,FAC-MX-01,WH-MX-RAW-01,2025-12-27,2026-01-27,DELIVERED,243424.8,USD,2025-12-27T00:00:00
PO-2025-05824,PO-005824,SUP-0062,FAC-EU-01,WH-EU-RAW-01,2025-12-16,2026-01-18,DELIVERED,51532.77,USD,2025-12-16T00:00:00
PO-2025-05825,PO-005825,SUP-0110,FAC-MX-01,WH-MX-RAW-01,2025-05-19,2025-05-31,DELIVERED,29205.0,USD,2025-05-19T00:00:00
PO-2025-05826,PO-005826,SUP-0030,FAC-MX-01,WH-MX-RAW-01,2025-12-08,2026-01-12,DELIVERED,2760.61,USD,2025-12-08T00:00:00
PO-2025-05827,PO-005827,SUP-0042,FAC-EU-01,WH-EU-RAW-01,2025-06-02,2025-06-28,DELIVERED,16110.28,USD,2025-06-02T00:00:00
PO-2025-05828,PO-005828,SUP-0110,FAC-APAC-01,WH-APAC-RAW-01,2025-05-04,2025-05-16,DELIVERED,23303.25,USD,2025-05-04T00:00:00
PO-2025-05829,PO-005829,SUP-0105,FAC-EU-01,WH-EU-RAW-01,2025-11-16,2025-12-09,DELIVERED,99573.13,USD,2025-11-16T00:00:00
PO-2025-05830,PO-005830,SUP-0055,FAC-APAC-01,WH-APAC-RAW-01,2025-10-06,2025-10-25,DELIVERED,10561.28,USD,2025-10-06T00:00:00
PO-2025-05831,PO-005831,SUP-0030,FAC-EU-01,WH-EU-RAW-01,2025-12-04,2026-01-06,DELIVERED,10779.55,USD,2025-12-04T00:00:00
PO-2025-05832,PO-005832,SUP-0004,FAC-APAC-01,WH-APAC-RAW-01,2025-05-12,2025-06-13,DELIVERED,627.3,USD,2025-05-12T00:00:00
PO-2025-05833,PO-005833,SUP-0042,FAC-EU-01,WH-EU-RAW-01,2025-10-16,2025-11-14,DELIVERED,156867.81,USD,2025-10-16T00:00:00
PO-2025-05834,PO-005834,SUP-0066,FAC-US-01,WH-US-RAW-01,2025-07-03,2025-07-25,DELIVERED,47344.57,USD,2025-07-03T00:00:00
PO-2025-05835,PO-005835,SUP-0089,FAC-APAC-01,WH-APAC-RAW-01,2026-05-24,2026-06-09,PENDING,691.6,USD,2026-05-24T00:00:00
PO-2025-05836,PO-005836,SUP-0076,FAC-MX-01,WH-MX-RAW-01,2025-11-26,2026-01-04,DELIVERED,4474.74,USD,2025-11-26T00:00:00
PO-2025-05837,PO-005837,SUP-0010,FAC-APAC-01,WH-APAC-RAW-01,2025-12-31,2026-01-16,DELIVERED,28164.65,USD,2025-12-31T00:00:00
PO-2025-05838,PO-005838,SUP-0104,FAC-MX-01,WH-MX-RAW-01,2025-09-08,2025-10-11,DELIVERED,2502.45,USD,2025-09-08T00:00:00
PO-2025-05839,PO-005839,SUP-0095,FAC-EU-01,WH-EU-RAW-01,2025-05-16,2025-06-01,DELIVERED,1148.4,USD,2025-05-16T00:00:00
PO-2025-05840,PO-005840,SUP-0066,FAC-MX-01,WH-MX-RAW-01,2026-05-10,2026-05-31,PENDING,10025.82,USD,2026-05-10T00:00:00
PO-2025-05841,PO-005841,SUP-0079,FAC-APAC-01,WH-APAC-RAW-01,2025-08-24,2025-09-20,DELIVERED,259.2,USD,2025-08-24T00:00:00
PO-2025-05842,PO-005842,SUP-0104,FAC-US-01,WH-US-RAW-01,2025-10-14,2025-11-19,DELIVERED,39482.04,USD,2025-10-14T00:00:00
PO-2025-05843,PO-005843,SUP-0097,FAC-MX-01,WH-MX-RAW-01,2025-12-21,2026-01-24,DELIVERED,36879.99,USD,2025-12-21T00:00:00
PO-2025-05844,PO-005844,SUP-0109,FAC-APAC-01,WH-APAC-RAW-01,2025-03-11,2025-03-31,DELIVERED,42944.58,USD,2025-03-11T00:00:00
PO-2025-05845,PO-005845,SUP-0073,FAC-MX-01,WH-MX-RAW-01,2026-02-09,2026-03-13,DELIVERED,18357.03,USD,2026-02-09T00:00:00
PO-2025-05846,PO-005846,SUP-0097,FAC-US-01,WH-US-RAW-01,2025-11-18,2025-12-22,DELIVERED,195828.06,USD,2025-11-18T00:00:00
PO-2025-05847,PO-005847,SUP-0011,FAC-APAC-01,WH-APAC-RAW-01,2025-08-20,2025-09-09,DELIVERED,40382.87,USD,2025-08-20T00:00:00
PO-2025-05848,PO-005848,SUP-0031,FAC-APAC-01,WH-APAC-RAW-01,2025-04-20,2025-06-25,DELIVERED,30711.06,USD,2025-04-20T00:00:00
PO-2025-05849,PO-005849,SUP-0062,FAC-MX-01,WH-MX-RAW-01,2025-06-27,2025-07-30,DELIVERED,81488.03,USD,2025-06-27T00:00:00
PO-2025-05850,PO-005850,SUP-0006,FAC-MX-01,WH-MX-RAW-01,2026-03-17,2026-03-28,CANCELLED,153221.9,USD,2026-03-17T00:00:00
PO-2025-05851,PO-005851,SUP-0007,FAC-MX-01,WH-MX-RAW-01,2025-12-31,2026-01-27,DELIVERED,16595.46,USD,2025-12-31T00:00:00
PO-2025-05852,PO-005852,SUP-0112,FAC-MX-01,WH-MX-RAW-01,2025-08-08,2025-08-26,DELIVERED,8380.96,USD,2025-08-08T00:00:00
PO-2025-05853,PO-005853,SUP-0076,FAC-MX-01,WH-MX-RAW-01,2025-04-23,2025-05-31,DELIVERED,147147.48,USD,2025-04-23T00:00:00
PO-2025-05854,PO-005854,SUP-0065,FAC-APAC-01,WH-APAC-RAW-01,2026-01-01,2026-02-03,OVERDUE,14828.98,USD,2026-01-01T00:00:00
PO-2025-05855,PO-005855,SUP-0042,FAC-EU-01,WH-EU-RAW-01,2025-11-29,2025-12-25,DELIVERED,8080.38,USD,2025-11-29T00:00:00
PO-2025-05856,PO-005856,SUP-0043,FAC-EU-01,WH-EU-RAW-01,2025-10-07,2025-10-29,DELIVERED,10064.34,USD,2025-10-07T00:00:00
PO-2025-05857,PO-005857,SUP-0067,FAC-EU-01,WH-EU-RAW-01,2025-09-22,2025-10-12,DELIVERED,252805.18,USD,2025-09-22T00:00:00
PO-2025-05858,PO-005858,SUP-0021,FAC-MX-01,WH-MX-RAW-01,2025-07-24,2025-08-22,DELIVERED,3476.55,USD,2025-07-24T00:00:00
PO-2025-05859,PO-005859,SUP-0116,FAC-US-01,WH-US-RAW-01,2025-12-26,2026-01-07,DELIVERED,4588.36,USD,2025-12-26T00:00:00
PO-2025-05860,PO-005860,SUP-0091,FAC-APAC-01,WH-APAC-RAW-01,2026-05-05,2026-05-19,PENDING,45379.71,USD,2026-05-05T00:00:00
PO-2025-05861,PO-005861,SUP-0006,FAC-APAC-01,WH-APAC-RAW-01,2025-07-04,2025-07-14,DELIVERED,36865.62,USD,2025-07-04T00:00:00
PO-2025-05862,PO-005862,SUP-0084,FAC-MX-01,WH-MX-RAW-01,2025-12-06,2025-12-30,DELIVERED,36467.93,USD,2025-12-06T00:00:00
PO-2025-05863,PO-005863,SUP-0110,FAC-MX-01,WH-MX-RAW-01,2025-10-14,2025-10-28,DELIVERED,15653.04,USD,2025-10-14T00:00:00
PO-2025-05864,PO-005864,SUP-0082,FAC-MX-01,WH-MX-RAW-01,2025-10-21,2025-12-29,DELIVERED,16534.62,USD,2025-10-21T00:00:00
PO-2025-05865,PO-005865,SUP-0011,FAC-EU-01,WH-EU-RAW-01,2025-08-10,2025-09-04,DELIVERED,4180.0,USD,2025-08-10T00:00:00
PO-2025-05866,PO-005866,SUP-0096,FAC-APAC-01,WH-APAC-RAW-01,2026-02-15,2026-03-05,DELIVERED,6840.89,USD,2026-02-15T00:00:00
PO-2025-05867,PO-005867,SUP-0092,FAC-EU-01,WH-EU-RAW-01,2025-11-03,2025-11-23,DELIVERED,2249.42,USD,2025-11-03T00:00:00
PO-2025-05868,PO-005868,SUP-0047,FAC-EU-01,WH-EU-RAW-01,2025-11-20,2025-12-01,DELIVERED,40622.63,USD,2025-11-20T00:00:00
PO-2025-05869,PO-005869,SUP-0099,FAC-MX-01,WH-MX-RAW-01,2025-08-31,2025-09-10,OVERDUE,5610.8,USD,2025-08-31T00:00:00
PO-2025-05870,PO-005870,SUP-0096,FAC-MX-01,WH-MX-RAW-01,2025-07-07,2025-07-26,DELIVERED,91884.92,USD,2025-07-07T00:00:00
PO-2025-05871,PO-005871,SUP-0096,FAC-EU-01,WH-EU-RAW-01,2025-05-09,2025-05-26,DELIVERED,1462.56,USD,2025-05-09T00:00:00
PO-2025-05872,PO-005872,SUP-0097,FAC-APAC-01,WH-APAC-RAW-01,2026-01-08,2026-02-09,DELIVERED,129556.97,USD,2026-01-08T00:00:00
PO-2025-05873,PO-005873,SUP-0081,FAC-MX-01,WH-MX-RAW-01,2025-07-14,2025-08-15,DELIVERED,10413.44,USD,2025-07-14T00:00:00
PO-2025-05874,PO-005874,SUP-0023,FAC-EU-01,WH-EU-RAW-01,2026-01-01,2026-01-12,DELIVERED,15416.71,USD,2026-01-01T00:00:00
PO-2025-05875,PO-005875,SUP-0105,FAC-MX-01,WH-MX-RAW-01,2025-10-02,2025-10-24,DELIVERED,64219.25,USD,2025-10-02T00:00:00
PO-2025-05876,PO-005876,SUP-0044,FAC-EU-01,WH-EU-RAW-01,2025-10-11,2025-12-09,DELIVERED,4988.44,USD,2025-10-11T00:00:00
PO-2025-05877,PO-005877,SUP-0043,FAC-US-01,WH-US-RAW-01,2025-10-28,2025-11-26,DELIVERED,59871.94,USD,2025-10-28T00:00:00
PO-2025-05878,PO-005878,SUP-0012,FAC-APAC-01,WH-APAC-RAW-01,2025-09-24,2025-10-08,DELIVERED,145303.61,USD,2025-09-24T00:00:00
PO-2025-05879,PO-005879,SUP-0012,FAC-MX-01,WH-MX-RAW-01,2025-05-20,2025-06-02,DELIVERED,35913.43,USD,2025-05-20T00:00:00
PO-2025-05880,PO-005880,SUP-0062,FAC-US-01,WH-US-RAW-01,2025-09-02,2025-10-03,OVERDUE,461689.65,USD,2025-09-02T00:00:00
PO-2025-05881,PO-005881,SUP-0077,FAC-US-01,WH-US-RAW-01,2025-12-25,2026-01-14,DELIVERED,24088.2,USD,2025-12-25T00:00:00
PO-2025-05882,PO-005882,SUP-0086,FAC-EU-01,WH-EU-RAW-01,2025-12-25,2026-01-05,DELIVERED,1030.95,USD,2025-12-25T00:00:00
PO-2025-05883,PO-005883,SUP-0015,FAC-EU-01,WH-EU-RAW-01,2025-08-24,2025-10-20,DELIVERED,3312.04,USD,2025-08-24T00:00:00
PO-2025-05884,PO-005884,SUP-0062,FAC-MX-01,WH-MX-RAW-01,2025-10-26,2025-11-28,DELIVERED,11351.34,USD,2025-10-26T00:00:00
PO-2025-05885,PO-005885,SUP-0012,FAC-EU-01,WH-EU-RAW-01,2025-07-13,2025-07-30,DELIVERED,68288.16,USD,2025-07-13T00:00:00
PO-2025-05886,PO-005886,SUP-0019,FAC-MX-01,WH-MX-RAW-01,2025-07-21,2025-08-10,DELIVERED,1312061.62,USD,2025-07-21T00:00:00
PO-2025-05887,PO-005887,SUP-0104,FAC-MX-01,WH-MX-RAW-01,2025-03-08,2025-04-12,DELIVERED,211770.16,USD,2025-03-08T00:00:00
PO-2025-05888,PO-005888,SUP-0042,FAC-US-01,WH-US-RAW-01,2026-03-18,2026-04-11,DELIVERED,19566.3,USD,2026-03-18T00:00:00
PO-2025-05889,PO-005889,SUP-0042,FAC-APAC-01,WH-APAC-RAW-01,2025-07-21,2025-08-19,DELIVERED,124162.53,USD,2025-07-21T00:00:00
PO-2025-05890,PO-005890,SUP-0018,FAC-US-01,WH-US-RAW-01,2025-07-29,2025-08-22,DELIVERED,4365.0,USD,2025-07-29T00:00:00
PO-2025-05891,PO-005891,SUP-0112,FAC-APAC-01,WH-APAC-RAW-01,2025-08-21,2025-09-09,DELIVERED,2553.56,USD,2025-08-21T00:00:00
PO-2025-05892,PO-005892,SUP-0029,FAC-US-01,WH-US-RAW-01,2025-06-06,2025-07-07,DELIVERED,51303.4,USD,2025-06-06T00:00:00
PO-2025-05893,PO-005893,SUP-0089,FAC-EU-01,WH-EU-RAW-01,2025-12-18,2026-01-07,DELIVERED,1579.82,USD,2025-12-18T00:00:00
PO-2025-05894,PO-005894,SUP-0115,FAC-MX-01,WH-MX-RAW-01,2025-05-01,2025-05-31,DELIVERED,21539.2,USD,2025-05-01T00:00:00
PO-2025-05895,PO-005895,SUP-0034,FAC-MX-01,WH-MX-RAW-01,2025-06-10,2025-07-12,DELIVERED,12771.36,USD,2025-06-10T00:00:00
PO-2025-05896,PO-005896,SUP-0019,FAC-MX-01,WH-MX-RAW-01,2025-12-19,2026-01-08,DELIVERED,33428.56,USD,2025-12-19T00:00:00
PO-2025-05897,PO-005897,SUP-0044,FAC-EU-01,WH-EU-RAW-01,2025-09-14,2025-11-12,DELIVERED,45325.38,USD,2025-09-14T00:00:00
PO-2025-05898,PO-005898,SUP-0019,FAC-MX-01,WH-MX-RAW-01,2026-01-06,2026-01-24,DELIVERED,5325.24,USD,2026-01-06T00:00:00
PO-2025-05899,PO-005899,SUP-0095,FAC-US-01,WH-US-RAW-01,2025-11-25,2025-12-10,DELIVERED,10418.73,USD,2025-11-25T00:00:00
PO-2025-05900,PO-005900,SUP-0024,FAC-US-01,WH-US-RAW-01,2025-08-11,2025-08-28,DELIVERED,652776.4,USD,2025-08-11T00:00:00
PO-2025-05901,PO-005901,SUP-0076,FAC-MX-01,WH-MX-RAW-01,2025-12-21,2026-01-25,DELIVERED,18406.38,USD,2025-12-21T00:00:00
PO-2025-05902,PO-005902,SUP-0095,FAC-US-01,WH-US-RAW-01,2025-05-30,2025-06-13,DELIVERED,4003.14,USD,2025-05-30T00:00:00
PO-2025-05903,PO-005903,SUP-0017,FAC-MX-01,WH-MX-RAW-01,2025-11-18,2026-01-11,DELIVERED,146131.83,USD,2025-11-18T00:00:00
PO-2025-05904,PO-005904,SUP-0091,FAC-EU-01,WH-EU-RAW-01,2025-10-18,2025-11-05,DELIVERED,18812.86,USD,2025-10-18T00:00:00
PO-2025-05905,PO-005905,SUP-0008,FAC-US-01,WH-US-RAW-01,2025-08-16,2025-09-17,DELIVERED,277597.79,USD,2025-08-16T00:00:00
PO-2025-05906,PO-005906,SUP-0010,FAC-EU-01,WH-EU-RAW-01,2025-12-08,2025-12-27,CANCELLED,15602.31,USD,2025-12-08T00:00:00
PO-2025-05907,PO-005907,SUP-0076,FAC-US-01,WH-US-RAW-01,2026-03-06,2026-04-08,DELIVERED,33545.8,USD,2026-03-06T00:00:00
PO-2025-05908,PO-005908,SUP-0096,FAC-APAC-01,WH-APAC-RAW-01,2026-06-19,2026-07-02,PENDING,30545.35,USD,2026-06-19T00:00:00
PO-2025-05909,PO-005909,SUP-0009,FAC-APAC-01,WH-APAC-RAW-01,2025-12-09,2026-02-01,DELIVERED,241684.7,USD,2025-12-09T00:00:00
PO-2025-05910,PO-005910,SUP-0088,FAC-US-01,WH-US-RAW-01,2025-10-07,2025-10-28,DELIVERED,33059.16,USD,2025-10-07T00:00:00
PO-2025-05911,PO-005911,SUP-0057,FAC-EU-01,WH-EU-RAW-01,2025-07-28,2025-08-13,DELIVERED,2759.06,USD,2025-07-28T00:00:00
PO-2025-05912,PO-005912,SUP-0096,FAC-APAC-01,WH-APAC-RAW-01,2025-08-11,2025-08-24,DELIVERED,104536.33,USD,2025-08-11T00:00:00
PO-2025-05913,PO-005913,SUP-0052,FAC-EU-01,WH-EU-RAW-01,2025-11-01,2025-11-29,DELIVERED,5007.71,USD,2025-11-01T00:00:00
PO-2025-05914,PO-005914,SUP-0025,FAC-MX-01,WH-MX-RAW-01,2025-09-24,2025-10-02,DELIVERED,10600.22,USD,2025-09-24T00:00:00
PO-2025-05915,PO-005915,SUP-0086,FAC-EU-01,WH-EU-RAW-01,2026-03-27,2026-04-05,DELIVERED,191172.88,USD,2026-03-27T00:00:00
PO-2025-05916,PO-005916,SUP-0021,FAC-MX-01,WH-MX-RAW-01,2025-09-24,2025-10-26,DELIVERED,693.76,USD,2025-09-24T00:00:00
PO-2025-05917,PO-005917,SUP-0100,FAC-EU-01,WH-EU-RAW-01,2025-09-26,2025-10-04,CANCELLED,99579.05,USD,2025-09-26T00:00:00
PO-2025-05918,PO-005918,SUP-0010,FAC-US-01,WH-US-RAW-01,2025-09-30,2025-10-20,DELIVERED,9216.35,USD,2025-09-30T00:00:00
PO-2025-05919,PO-005919,SUP-0055,FAC-MX-01,WH-MX-RAW-01,2026-02-19,2026-03-13,DELIVERED,16963.42,USD,2026-02-19T00:00:00
PO-2025-05920,PO-005920,SUP-0073,FAC-US-01,WH-US-RAW-01,2025-12-21,2026-01-18,DELIVERED,95190.48,USD,2025-12-21T00:00:00
PO-2025-05921,PO-005921,SUP-0040,FAC-EU-01,WH-EU-RAW-01,2025-12-11,2026-01-04,DELIVERED,64657.66,USD,2025-12-11T00:00:00
PO-2025-05922,PO-005922,SUP-0097,FAC-APAC-01,WH-APAC-RAW-01,2025-09-11,2025-10-17,DELIVERED,190945.92,USD,2025-09-11T00:00:00
PO-2025-05923,PO-005923,SUP-0042,FAC-APAC-01,WH-APAC-RAW-01,2026-02-12,2026-03-10,DELIVERED,30904.11,USD,2026-02-12T00:00:00
PO-2025-05924,PO-005924,SUP-0118,FAC-MX-01,WH-MX-RAW-01,2025-03-28,2025-04-28,DELIVERED,17069.63,USD,2025-03-28T00:00:00
PO-2025-05925,PO-005925,SUP-0038,FAC-MX-01,WH-MX-RAW-01,2026-03-06,2026-03-26,DELIVERED,27198.31,USD,2026-03-06T00:00:00
PO-2025-05926,PO-005926,SUP-0054,FAC-EU-01,WH-EU-RAW-01,2025-11-11,2025-12-06,CANCELLED,590042.21,USD,2025-11-11T00:00:00
PO-2025-05927,PO-005927,SUP-0034,FAC-US-01,WH-US-RAW-01,2025-10-05,2025-11-06,DELIVERED,4216.11,USD,2025-10-05T00:00:00
PO-2025-05928,PO-005928,SUP-0091,FAC-US-01,WH-US-RAW-01,2025-11-06,2025-11-24,DELIVERED,33213.18,USD,2025-11-06T00:00:00
PO-2025-05929,PO-005929,SUP-0012,FAC-EU-01,WH-EU-RAW-01,2025-12-26,2026-01-13,DELIVERED,43681.14,USD,2025-12-26T00:00:00
PO-2025-05930,PO-005930,SUP-0048,FAC-MX-01,WH-MX-RAW-01,2025-02-19,2025-03-21,DELIVERED,26781.3,USD,2025-02-19T00:00:00
PO-2025-05931,PO-005931,SUP-0008,FAC-MX-01,WH-MX-RAW-01,2026-03-06,2026-04-06,DELIVERED,22176.99,USD,2026-03-06T00:00:00
PO-2025-05932,PO-005932,SUP-0022,FAC-EU-01,WH-EU-RAW-01,2025-10-21,2025-11-07,DELIVERED,7485.72,USD,2025-10-21T00:00:00
PO-2025-05933,PO-005933,SUP-0026,FAC-MX-01,WH-MX-RAW-01,2025-09-15,2025-10-15,DELIVERED,9120.42,USD,2025-09-15T00:00:00
PO-2025-05934,PO-005934,SUP-0099,FAC-US-01,WH-US-RAW-01,2025-06-13,2025-06-27,DELIVERED,10364.1,USD,2025-06-13T00:00:00
PO-2025-05935,PO-005935,SUP-0080,FAC-APAC-01,WH-APAC-RAW-01,2025-10-19,2025-11-15,DELIVERED,98072.7,USD,2025-10-19T00:00:00
PO-2025-05936,PO-005936,SUP-0032,FAC-US-01,WH-US-RAW-01,2025-11-06,2025-12-06,DELIVERED,3684.93,USD,2025-11-06T00:00:00
PO-2025-05937,PO-005937,SUP-0055,FAC-US-01,WH-US-RAW-01,2025-10-07,2025-10-25,OVERDUE,42056.52,USD,2025-10-07T00:00:00
PO-2025-05938,PO-005938,SUP-0067,FAC-EU-01,WH-EU-RAW-01,2025-12-29,2026-01-15,CANCELLED,66566.85,USD,2025-12-29T00:00:00
PO-2025-05939,PO-005939,SUP-0013,FAC-US-01,WH-US-RAW-01,2025-10-13,2025-11-05,DELIVERED,18911.2,USD,2025-10-13T00:00:00
PO-2025-05940,PO-005940,SUP-0036,FAC-EU-01,WH-EU-RAW-01,2026-04-27,2026-05-07,PENDING,166358.29,USD,2026-04-27T00:00:00
PO-2025-05941,PO-005941,SUP-0008,FAC-MX-01,WH-MX-RAW-01,2025-12-07,2026-01-11,CANCELLED,128397.62,USD,2025-12-07T00:00:00
PO-2025-05942,PO-005942,SUP-0076,FAC-US-01,WH-US-RAW-01,2026-02-08,2026-03-14,DELIVERED,1543.68,USD,2026-02-08T00:00:00
PO-2025-05943,PO-005943,SUP-0074,FAC-MX-01,WH-MX-RAW-01,2025-05-26,2025-06-21,DELIVERED,12146.4,USD,2025-05-26T00:00:00
PO-2025-05944,PO-005944,SUP-0119,FAC-EU-01,WH-EU-RAW-01,2025-10-04,2025-11-08,DELIVERED,113143.92,USD,2025-10-04T00:00:00
PO-2025-05945,PO-005945,SUP-0059,FAC-MX-01,WH-MX-RAW-01,2025-09-13,2025-11-15,DELIVERED,588467.11,USD,2025-09-13T00:00:00
PO-2025-05946,PO-005946,SUP-0062,FAC-US-01,WH-US-RAW-01,2025-11-28,2026-01-02,DELIVERED,45265.32,USD,2025-11-28T00:00:00
PO-2025-05947,PO-005947,SUP-0119,FAC-EU-01,WH-EU-RAW-01,2026-03-01,2026-04-03,DELIVERED,60584.6,USD,2026-03-01T00:00:00
PO-2025-05948,PO-005948,SUP-0034,FAC-APAC-01,WH-APAC-RAW-01,2025-05-03,2025-06-03,DELIVERED,8072.6,USD,2025-05-03T00:00:00
PO-2025-05949,PO-005949,SUP-0081,FAC-EU-01,WH-EU-RAW-01,2025-04-29,2025-06-03,DELIVERED,7602.56,USD,2025-04-29T00:00:00
PO-2025-05950,PO-005950,SUP-0043,FAC-MX-01,WH-MX-RAW-01,2026-02-25,2026-03-23,CANCELLED,119505.5,USD,2026-02-25T00:00:00
PO-2025-05951,PO-005951,SUP-0059,FAC-EU-01,WH-EU-RAW-01,2025-07-22,2025-09-25,DELIVERED,21263.73,USD,2025-07-22T00:00:00
PO-2025-05952,PO-005952,SUP-0033,FAC-APAC-01,WH-APAC-RAW-01,2025-12-26,2026-01-08,OVERDUE,4172.8,USD,2025-12-26T00:00:00
PO-2025-05953,PO-005953,SUP-0080,FAC-MX-01,WH-MX-RAW-01,2025-11-20,2025-12-17,DELIVERED,38069.68,USD,2025-11-20T00:00:00
PO-2025-05954,PO-005954,SUP-0074,FAC-US-01,WH-US-RAW-01,2026-02-18,2026-03-15,DELIVERED,3298.8,USD,2026-02-18T00:00:00
PO-2025-05955,PO-005955,SUP-0095,FAC-EU-01,WH-EU-RAW-01,2025-06-05,2025-06-22,DELIVERED,19702.04,USD,2025-06-05T00:00:00
PO-2025-05956,PO-005956,SUP-0011,FAC-US-01,WH-US-RAW-01,2025-06-08,2025-06-30,DELIVERED,165857.64,USD,2025-06-08T00:00:00
PO-2025-05957,PO-005957,SUP-0079,FAC-US-01,WH-US-RAW-01,2025-11-24,2025-12-25,DELIVERED,1121.28,USD,2025-11-24T00:00:00
PO-2025-05958,PO-005958,SUP-0083,FAC-US-01,WH-US-RAW-01,2026-04-16,2026-05-17,PENDING,2452.14,USD,2026-04-16T00:00:00
PO-2025-05959,PO-005959,SUP-0038,FAC-MX-01,WH-MX-RAW-01,2025-10-11,2025-11-05,DELIVERED,54689.6,USD,2025-10-11T00:00:00
PO-2025-05960,PO-005960,SUP-0052,FAC-APAC-01,WH-APAC-RAW-01,2025-09-09,2025-10-09,DELIVERED,5801.58,USD,2025-09-09T00:00:00
PO-2025-05961,PO-005961,SUP-0051,FAC-EU-01,WH-EU-RAW-01,2025-12-09,2026-01-03,DELIVERED,234374.94,USD,2025-12-09T00:00:00
PO-2025-05962,PO-005962,SUP-0120,FAC-APAC-01,WH-APAC-RAW-01,2026-04-05,2026-05-01,IN_TRANSIT,24061.29,USD,2026-04-05T00:00:00
PO-2025-05963,PO-005963,SUP-0084,FAC-EU-01,WH-EU-RAW-01,2026-02-19,2026-03-20,DELIVERED,11630.13,USD,2026-02-19T00:00:00
PO-2025-05964,PO-005964,SUP-0026,FAC-MX-01,WH-MX-RAW-01,2026-06-08,2026-07-13,PENDING,4367.79,USD,2026-06-08T00:00:00
PO-2025-05965,PO-005965,SUP-0092,FAC-APAC-01,WH-APAC-RAW-01,2025-03-08,2025-03-27,DELIVERED,45939.62,USD,2025-03-08T00:00:00
PO-2025-05966,PO-005966,SUP-0092,FAC-MX-01,WH-MX-RAW-01,2025-05-28,2025-06-20,DELIVERED,26287.52,USD,2025-05-28T00:00:00
PO-2025-05967,PO-005967,SUP-0004,FAC-MX-01,WH-MX-RAW-01,2025-12-10,2026-01-12,DELIVERED,14116.73,USD,2025-12-10T00:00:00
PO-2025-05968,PO-005968,SUP-0032,FAC-US-01,WH-US-RAW-01,2026-02-13,2026-03-20,DELIVERED,1289.91,USD,2026-02-13T00:00:00
PO-2025-05969,PO-005969,SUP-0096,FAC-MX-01,WH-MX-RAW-01,2025-08-23,2025-09-06,DELIVERED,40007.36,USD,2025-08-23T00:00:00
PO-2025-05970,PO-005970,SUP-0098,FAC-MX-01,WH-MX-RAW-01,2025-08-03,2025-08-27,DELIVERED,60372.16,USD,2025-08-03T00:00:00
PO-2025-05971,PO-005971,SUP-0006,FAC-US-01,WH-US-RAW-01,2026-02-01,2026-02-11,DELIVERED,16784.4,USD,2026-02-01T00:00:00
PO-2025-05972,PO-005972,SUP-0079,FAC-APAC-01,WH-APAC-RAW-01,2025-04-15,2025-05-15,DELIVERED,179987.39,USD,2025-04-15T00:00:00
PO-2025-05973,PO-005973,SUP-0094,FAC-US-01,WH-US-RAW-01,2025-09-25,2025-10-06,DELIVERED,13127.27,USD,2025-09-25T00:00:00
PO-2025-05974,PO-005974,SUP-0115,FAC-US-01,WH-US-RAW-01,2025-11-09,2025-12-11,DELIVERED,84213.53,USD,2025-11-09T00:00:00
PO-2025-05975,PO-005975,SUP-0035,FAC-EU-01,WH-EU-RAW-01,2025-11-25,2026-01-07,OVERDUE,6660.18,USD,2025-11-25T00:00:00
PO-2025-05976,PO-005976,SUP-0020,FAC-EU-01,WH-EU-RAW-01,2026-01-13,2026-02-04,CANCELLED,4378.71,USD,2026-01-13T00:00:00
PO-2025-05977,PO-005977,SUP-0100,FAC-US-01,WH-US-RAW-01,2025-09-19,2025-09-30,DELIVERED,4159.96,USD,2025-09-19T00:00:00
PO-2025-05978,PO-005978,SUP-0079,FAC-EU-01,WH-EU-RAW-01,2025-12-10,2026-01-06,DELIVERED,48667.85,USD,2025-12-10T00:00:00
PO-2025-05979,PO-005979,SUP-0004,FAC-MX-01,WH-MX-RAW-01,2025-12-03,2026-01-01,DELIVERED,58124.7,USD,2025-12-03T00:00:00
PO-2025-05980,PO-005980,SUP-0093,FAC-EU-01,WH-EU-RAW-01,2025-11-22,2026-01-06,DELIVERED,24013.08,USD,2025-11-22T00:00:00
PO-2025-05981,PO-005981,SUP-0076,FAC-APAC-01,WH-APAC-RAW-01,2025-12-18,2026-01-25,DELIVERED,93715.46,USD,2025-12-18T00:00:00
PO-2025-05982,PO-005982,SUP-0009,FAC-US-01,WH-US-RAW-01,2025-08-12,2025-10-06,DELIVERED,28738.71,USD,2025-08-12T00:00:00
PO-2025-05983,PO-005983,SUP-0049,FAC-APAC-01,WH-APAC-RAW-01,2025-05-08,2025-05-25,DELIVERED,180051.85,USD,2025-05-08T00:00:00
PO-2025-05984,PO-005984,SUP-0027,FAC-US-01,WH-US-RAW-01,2025-06-01,2025-06-25,DELIVERED,76067.56,USD,2025-06-01T00:00:00
PO-2025-05985,PO-005985,SUP-0051,FAC-US-01,WH-US-RAW-01,2025-07-28,2025-08-20,DELIVERED,363955.7,USD,2025-07-28T00:00:00
PO-2025-05986,PO-005986,SUP-0083,FAC-APAC-01,WH-APAC-RAW-01,2025-11-07,2025-12-10,OVERDUE,347852.18,USD,2025-11-07T00:00:00
PO-2025-05987,PO-005987,SUP-0112,FAC-APAC-01,WH-APAC-RAW-01,2026-02-21,2026-03-08,CANCELLED,126084.0,USD,2026-02-21T00:00:00
PO-2025-05988,PO-005988,SUP-0031,FAC-MX-01,WH-MX-RAW-01,2026-01-04,2026-03-08,DELIVERED,220519.05,USD,2026-01-04T00:00:00
PO-2025-05989,PO-005989,SUP-0042,FAC-EU-01,WH-EU-RAW-01,2026-02-01,2026-02-23,DELIVERED,361632.98,USD,2026-02-01T00:00:00
PO-2025-05990,PO-005990,SUP-0022,FAC-APAC-01,WH-APAC-RAW-01,2025-09-18,2025-10-06,DELIVERED,136339.08,USD,2025-09-18T00:00:00
PO-2025-05991,PO-005991,SUP-0068,FAC-MX-01,WH-MX-RAW-01,2025-10-07,2025-10-29,DELIVERED,21155.36,USD,2025-10-07T00:00:00
PO-2025-05992,PO-005992,SUP-0037,FAC-MX-01,WH-MX-RAW-01,2025-10-03,2025-10-23,DELIVERED,14997.1,USD,2025-10-03T00:00:00
PO-2025-05993,PO-005993,SUP-0114,FAC-US-01,WH-US-RAW-01,2025-07-12,2025-07-31,DELIVERED,15683.58,USD,2025-07-12T00:00:00
PO-2025-05994,PO-005994,SUP-0004,FAC-US-01,WH-US-RAW-01,2025-04-19,2025-05-17,DELIVERED,3221.76,USD,2025-04-19T00:00:00
PO-2025-05995,PO-005995,SUP-0075,FAC-MX-01,WH-MX-RAW-01,2025-12-04,2025-12-31,DELIVERED,70298.79,USD,2025-12-04T00:00:00
PO-2025-05996,PO-005996,SUP-0105,FAC-EU-01,WH-EU-RAW-01,2026-05-27,2026-06-13,PENDING,25065.2,USD,2026-05-27T00:00:00
PO-2025-05997,PO-005997,SUP-0031,FAC-APAC-01,WH-APAC-RAW-01,2025-06-29,2025-08-31,DELIVERED,59598.06,USD,2025-06-29T00:00:00
PO-2025-05998,PO-005998,SUP-0109,FAC-US-01,WH-US-RAW-01,2025-04-05,2025-04-24,OVERDUE,515904.95,USD,2025-04-05T00:00:00
PO-2025-05999,PO-005999,SUP-0088,FAC-MX-01,WH-MX-RAW-01,2026-01-29,2026-02-22,CANCELLED,31182.77,USD,2026-01-29T00:00:00
PO-2025-06000,PO-006000,SUP-0057,FAC-MX-01,WH-MX-RAW-01,2025-08-09,2025-08-31,DELIVERED,3417.87,USD,2025-08-09T00:00:00
