po_line_id,po_id,line_number,material_id,quantity_ordered,unit_price,line_total,line_status
POL-0000001,PO-2025-00001,1,MAT-00888,214,16.51,3533.14,CANCELLED
POL-0000002,PO-2025-00002,1,MAT-00677,44,7.13,313.72,DELIVERED
POL-0000003,PO-2025-00002,2,MAT-00787,210,67.61,14198.1,DELIVERED
POL-0000004,PO-2025-00003,1,MAT-00452,2407,72.32,174074.24,PENDING
POL-0000005,PO-2025-00004,1,MAT-00399,160,22.77,3643.2,DELIVERED
POL-0000006,PO-2025-00004,2,MAT-01121,327,79.69,26058.63,DELIVERED
POL-0000007,PO-2025-00004,3,MAT-00432,501,2.59,1297.59,DELIVERED
POL-0000008,PO-2025-00005,1,MAT-00136,63,136.45,8596.35,DELIVERED
POL-0000009,PO-2025-00006,1,MAT-00960,1061,44.8,47532.8,DELIVERED
POL-0000010,PO-2025-00006,2,MAT-00702,173,85.18,14736.14,DELIVERED
POL-0000011,PO-2025-00007,1,MAT-00763,2302,434.25,999643.5,DELIVERED
POL-0000012,PO-2025-00008,1,MAT-00678,1679,160.83,270033.57,DELIVERED
POL-0000013,PO-2025-00008,2,MAT-00572,1056,154.68,163342.08,DELIVERED
POL-0000014,PO-2025-00008,3,MAT-00503,476,5.68,2703.68,DELIVERED
POL-0000015,PO-2025-00009,1,MAT-00046,220,11.46,2521.2,DELIVERED
POL-0000016,PO-2025-00009,2,MAT-00829,1205,16.67,20087.35,DELIVERED
POL-0000017,PO-2025-00009,3,MAT-00616,2103,30.43,63994.29,DELIVERED
POL-0000018,PO-2025-00010,1,MAT-00528,46,29.61,1362.06,DELIVERED
POL-0000019,PO-2025-00010,2,MAT-00510,285,9.74,2775.9,DELIVERED
POL-0000020,PO-2025-00010,3,MAT-00314,1176,68.97,81108.72,DELIVERED
POL-0000021,PO-2025-00011,1,MAT-01111,1162,19.73,22926.26,DELIVERED
POL-0000022,PO-2025-00012,1,MAT-00167,4793,67.37,322904.41,IN_TRANSIT
POL-0000023,PO-2025-00012,2,MAT-00136,204,136.45,27835.8,IN_TRANSIT
POL-0000024,PO-2025-00013,1,MAT-00117,144,23.25,3348.0,DELIVERED
POL-0000025,PO-2025-00014,1,MAT-00063,1129,7.25,8185.25,DELIVERED
POL-0000026,PO-2025-00015,1,MAT-01008,536,54.19,29045.84,DELIVERED
POL-0000027,PO-2025-00015,2,MAT-00338,234,17.48,4090.32,DELIVERED
POL-0000028,PO-2025-00015,3,MAT-00670,3373,91.39,308258.47,DELIVERED
POL-0000029,PO-2025-00016,1,MAT-00170,800,10.55,8440.0,DELIVERED
POL-0000030,PO-2025-00016,2,MAT-00878,742,33.42,24797.64,DELIVERED
POL-0000031,PO-2025-00017,1,MAT-00190,1533,4.66,7143.78,DELIVERED
POL-0000032,PO-2025-00018,1,MAT-00752,232,5.32,1234.24,DELIVERED
POL-0000033,PO-2025-00018,2,MAT-00080,249,2.95,734.55,DELIVERED
POL-0000034,PO-2025-00018,3,MAT-00169,2476,20.81,51525.56,DELIVERED
POL-0000035,PO-2025-00019,1,MAT-00001,148,43.14,6384.72,OVERDUE
POL-0000036,PO-2025-00019,2,MAT-00548,843,20.62,17382.66,OVERDUE
POL-0000037,PO-2025-00019,3,MAT-01078,64,14.68,939.52,OVERDUE
POL-0000038,PO-2025-00020,1,MAT-00583,1629,55.31,90099.99,DELIVERED
POL-0000039,PO-2025-00020,2,MAT-01055,34,13.19,448.46,DELIVERED
POL-0000040,PO-2025-00020,3,MAT-00459,939,15.31,14376.09,DELIVERED
POL-0000041,PO-2025-00021,1,MAT-00066,424,124.59,52826.16,DELIVERED
POL-0000042,PO-2025-00021,2,MAT-00735,480,84.64,40627.2,DELIVERED
POL-0000043,PO-2025-00022,1,MAT-00628,417,21.55,8986.35,DELIVERED
POL-0000044,PO-2025-00022,2,MAT-00634,366,16.76,6134.16,DELIVERED
POL-0000045,PO-2025-00022,3,MAT-00432,981,2.59,2540.79,DELIVERED
POL-0000046,PO-2025-00023,1,MAT-00305,147,25.36,3727.92,DELIVERED
POL-0000047,PO-2025-00023,2,MAT-00221,4992,352.89,1761626.88,DELIVERED
POL-0000048,PO-2025-00024,1,MAT-00259,2279,44.12,100549.48,DELIVERED
POL-0000049,PO-2025-00025,1,MAT-00490,367,74.01,27161.67,DELIVERED
POL-0000050,PO-2025-00025,2,MAT-01131,97,38.46,3730.62,DELIVERED
POL-0000051,PO-2025-00025,3,MAT-00620,237,31.76,7527.12,DELIVERED
POL-0000052,PO-2025-00026,1,MAT-00430,1190,3.54,4212.6,DELIVERED
POL-0000053,PO-2025-00027,1,MAT-00101,713,5.32,3793.16,DELIVERED
POL-0000054,PO-2025-00027,2,MAT-00815,4134,84.5,349323.0,DELIVERED
POL-0000055,PO-2025-00027,3,MAT-00663,699,22.62,15811.38,DELIVERED
POL-0000056,PO-2025-00028,1,MAT-00670,4472,91.39,408696.08,CANCELLED
POL-0000057,PO-2025-00028,2,MAT-00377,514,71.37,36684.18,CANCELLED
POL-0000058,PO-2025-00029,1,MAT-00337,116,10.5,1218.0,DELIVERED
POL-0000059,PO-2025-00029,2,MAT-00087,226,65.37,14773.62,DELIVERED
POL-0000060,PO-2025-00029,3,MAT-00492,305,134.98,41168.9,DELIVERED
POL-0000061,PO-2025-00030,1,MAT-01015,1020,157.79,160945.8,DELIVERED
POL-0000062,PO-2025-00031,1,MAT-00739,1021,150.17,153323.57,DELIVERED
POL-0000063,PO-2025-00032,1,MAT-01027,110,28.8,3168.0,DELIVERED
POL-0000064,PO-2025-00032,2,MAT-01035,1046,14.5,15167.0,DELIVERED
POL-0000065,PO-2025-00033,1,MAT-00801,57,67.85,3867.45,DELIVERED
POL-0000066,PO-2025-00033,2,MAT-01121,216,79.69,17213.04,DELIVERED
POL-0000067,PO-2025-00034,1,MAT-00935,175,44.85,7848.75,DELIVERED
POL-0000068,PO-2025-00035,1,MAT-00129,85,31.21,2652.85,OVERDUE
POL-0000069,PO-2025-00035,2,MAT-00473,2346,4.49,10533.54,OVERDUE
POL-0000070,PO-2025-00035,3,MAT-00457,2797,22.22,62149.34,OVERDUE
POL-0000071,PO-2025-00036,1,MAT-00615,64,393.03,25153.92,DELIVERED
POL-0000072,PO-2025-00036,2,MAT-00009,1561,16.69,26053.09,DELIVERED
POL-0000073,PO-2025-00037,1,MAT-00084,252,13.84,3487.68,PENDING
POL-0000074,PO-2025-00038,1,MAT-00098,475,37.1,17622.5,DELIVERED
POL-0000075,PO-2025-00038,2,MAT-00034,300,8.39,2517.0,DELIVERED
POL-0000076,PO-2025-00038,3,MAT-00628,407,21.55,8770.85,DELIVERED
POL-0000077,PO-2025-00039,1,MAT-00105,1029,20.21,20796.09,DELIVERED
POL-0000078,PO-2025-00039,2,MAT-00481,117,20.47,2394.99,DELIVERED
POL-0000079,PO-2025-00040,1,MAT-00797,935,25.64,23973.4,DELIVERED
POL-0000080,PO-2025-00041,1,MAT-00164,379,10.01,3793.79,CANCELLED
POL-0000081,PO-2025-00042,1,MAT-00529,115,36.94,4248.1,DELIVERED
POL-0000082,PO-2025-00043,1,MAT-00418,55,31.86,1752.3,DELIVERED
POL-0000083,PO-2025-00043,2,MAT-01111,1883,19.73,37151.59,DELIVERED
POL-0000084,PO-2025-00043,3,MAT-00141,65,33.2,2158.0,DELIVERED
POL-0000085,PO-2025-00044,1,MAT-00319,631,38.12,24053.72,PENDING
POL-0000086,PO-2025-00044,2,MAT-00554,2430,32.22,78294.6,PENDING
POL-0000087,PO-2025-00044,3,MAT-00233,405,29.51,11951.55,PENDING
POL-0000088,PO-2025-00044,4,MAT-00692,371,84.82,31468.22,PENDING
POL-0000089,PO-2025-00045,1,MAT-01095,414,56.28,23299.92,DELIVERED
POL-0000090,PO-2025-00045,2,MAT-00730,2078,10.79,22421.62,DELIVERED
POL-0000091,PO-2025-00046,1,MAT-00724,1000,62.9,62900.0,DELIVERED
POL-0000092,PO-2025-00047,1,MAT-00038,77,3.22,247.94,DELIVERED
POL-0000093,PO-2025-00048,1,MAT-01096,120,24.14,2896.8,CANCELLED
POL-0000094,PO-2025-00048,2,MAT-00697,4414,39.32,173558.48,CANCELLED
POL-0000095,PO-2025-00049,1,MAT-00886,177,203.43,36007.11,DELIVERED
POL-0000096,PO-2025-00050,1,MAT-00138,1144,19.38,22170.72,DELIVERED
POL-0000097,PO-2025-00051,1,MAT-00756,1641,487.53,800036.73,DELIVERED
POL-0000098,PO-2025-00052,1,MAT-00036,1087,6.28,6826.36,IN_TRANSIT
POL-0000099,PO-2025-00053,1,MAT-00646,308,20.48,6307.84,DELIVERED
POL-0000100,PO-2025-00054,1,MAT-00239,3903,13.02,50817.06,DELIVERED
POL-0000101,PO-2025-00054,2,MAT-00698,36,6.02,216.72,DELIVERED
POL-0000102,PO-2025-00054,3,MAT-00067,207,23.77,4920.39,DELIVERED
POL-0000103,PO-2025-00054,4,MAT-00650,198,54.47,10785.06,DELIVERED
POL-0000104,PO-2025-00055,1,MAT-01100,475,39.55,18786.25,DELIVERED
POL-0000105,PO-2025-00056,1,MAT-00281,1099,26.61,29244.39,CANCELLED
POL-0000106,PO-2025-00057,1,MAT-00153,131,12.75,1670.25,DELIVERED
POL-0000107,PO-2025-00057,2,MAT-00054,1231,49.45,60872.95,DELIVERED
POL-0000108,PO-2025-00058,1,MAT-00672,170,2.47,419.9,OVERDUE
POL-0000109,PO-2025-00058,2,MAT-00206,122,9.16,1117.52,OVERDUE
POL-0000110,PO-2025-00058,3,MAT-00195,489,30.41,14870.49,OVERDUE
POL-0000111,PO-2025-00059,1,MAT-00684,4201,47.87,201101.87,DELIVERED
POL-0000112,PO-2025-00060,1,MAT-00475,4019,149.15,599433.85,DELIVERED
POL-0000113,PO-2025-00060,2,MAT-00164,1061,10.01,10620.61,DELIVERED
POL-0000114,PO-2025-00061,1,MAT-01125,236,155.11,36605.96,DELIVERED
POL-0000115,PO-2025-00062,1,MAT-00639,60,5.89,353.4,DELIVERED
POL-0000116,PO-2025-00063,1,MAT-00141,143,33.2,4747.6,DELIVERED
POL-0000117,PO-2025-00064,1,MAT-00740,811,72.02,58408.22,DELIVERED
POL-0000118,PO-2025-00064,2,MAT-00508,66,9.86,650.76,DELIVERED
POL-0000119,PO-2025-00065,1,MAT-00345,187,14.77,2761.99,DELIVERED
POL-0000120,PO-2025-00066,1,MAT-00260,309,64.9,20054.1,CANCELLED
POL-0000121,PO-2025-00067,1,MAT-00560,461,16.8,7744.8,DELIVERED
POL-0000122,PO-2025-00068,1,MAT-00796,1681,75.17,126360.77,DELIVERED
POL-0000123,PO-2025-00069,1,MAT-01185,221,9.35,2066.35,PENDING
POL-0000124,PO-2025-00070,1,MAT-00256,4911,16.01,78625.11,DELIVERED
POL-0000125,PO-2025-00071,1,MAT-00831,1064,5.82,6192.48,DELIVERED
POL-0000126,PO-2025-00071,2,MAT-01189,147,49.09,7216.23,DELIVERED
POL-0000127,PO-2025-00072,1,MAT-00510,118,9.74,1149.32,DELIVERED
POL-0000128,PO-2025-00073,1,MAT-00148,725,6.47,4690.75,CANCELLED
POL-0000129,PO-2025-00074,1,MAT-00006,1427,20.44,29167.88,DELIVERED
POL-0000130,PO-2025-00075,1,MAT-00423,74,20.76,1536.24,DELIVERED
POL-0000131,PO-2025-00075,2,MAT-00756,1150,487.53,560659.5,DELIVERED
POL-0000132,PO-2025-00076,1,MAT-00842,180,52.45,9441.0,PENDING
POL-0000133,PO-2025-00077,1,MAT-00299,1108,60.43,66956.44,DELIVERED
POL-0000134,PO-2025-00077,2,MAT-00498,739,20.15,14890.85,DELIVERED
POL-0000135,PO-2025-00077,3,MAT-00561,1374,36.74,50480.76,DELIVERED
POL-0000136,PO-2025-00078,1,MAT-00517,455,40.81,18568.55,DELIVERED
POL-0000137,PO-2025-00079,1,MAT-00123,2148,130.9,281173.2,DELIVERED
POL-0000138,PO-2025-00080,1,MAT-00581,207,40.49,8381.43,DELIVERED
POL-0000139,PO-2025-00081,1,MAT-01085,279,38.18,10652.22,DELIVERED
POL-0000140,PO-2025-00081,2,MAT-00565,435,99.63,43339.05,DELIVERED
POL-0000141,PO-2025-00082,1,MAT-00800,383,26.27,10061.41,DELIVERED
POL-0000142,PO-2025-00083,1,MAT-00481,75,20.47,1535.25,DELIVERED
POL-0000143,PO-2025-00083,2,MAT-00297,719,70.09,50394.71,DELIVERED
POL-0000144,PO-2025-00083,3,MAT-00760,77,54.98,4233.46,DELIVERED
POL-0000145,PO-2025-00084,1,MAT-00203,326,91.24,29744.24,DELIVERED
POL-0000146,PO-2025-00085,1,MAT-00220,4830,29.8,143934.0,DELIVERED
POL-0000147,PO-2025-00086,1,MAT-01139,241,51.2,12339.2,CANCELLED
POL-0000148,PO-2025-00087,1,MAT-00671,886,93.17,82548.62,IN_TRANSIT
POL-0000149,PO-2025-00088,1,MAT-00223,836,50.15,41925.4,DELIVERED
POL-0000150,PO-2025-00088,2,MAT-00824,91,18.89,1718.99,DELIVERED
POL-0000151,PO-2025-00088,3,MAT-01158,162,318.69,51627.78,DELIVERED
POL-0000152,PO-2025-00089,1,MAT-00197,229,10.51,2406.79,DELIVERED
POL-0000153,PO-2025-00089,2,MAT-00689,121,57.33,6936.93,DELIVERED
POL-0000154,PO-2025-00089,3,MAT-00494,156,10.66,1662.96,DELIVERED
POL-0000155,PO-2025-00090,1,MAT-01010,326,13.21,4306.46,CANCELLED
POL-0000156,PO-2025-00091,1,MAT-01158,58,318.69,18484.02,PENDING
POL-0000157,PO-2025-00092,1,MAT-00957,247,38.32,9465.04,IN_TRANSIT
POL-0000158,PO-2025-00093,1,MAT-01124,2483,6.69,16611.27,DELIVERED
POL-0000159,PO-2025-00094,1,MAT-00075,248,1.59,394.32,OVERDUE
POL-0000160,PO-2025-00095,1,MAT-00922,36,7.6,273.6,DELIVERED
POL-0000161,PO-2025-00096,1,MAT-00513,166,20.25,3361.5,DELIVERED
POL-0000162,PO-2025-00097,1,MAT-00014,1400,3.31,4634.0,DELIVERED
POL-0000163,PO-2025-00097,2,MAT-01032,1665,4.18,6959.7,DELIVERED
POL-0000164,PO-2025-00097,3,MAT-01179,1055,8.13,8577.15,DELIVERED
POL-0000165,PO-2025-00098,1,MAT-00875,828,25.78,21345.84,DELIVERED
POL-0000166,PO-2025-00098,2,MAT-00200,4922,7.7,37899.4,DELIVERED
POL-0000167,PO-2025-00099,1,MAT-01171,1936,56.02,108454.72,DELIVERED
POL-0000168,PO-2025-00099,2,MAT-00093,982,11.8,11587.6,DELIVERED
POL-0000169,PO-2025-00099,3,MAT-00402,1077,14.37,15476.49,DELIVERED
POL-0000170,PO-2025-00100,1,MAT-00405,475,15.34,7286.5,DELIVERED
POL-0000171,PO-2025-00100,2,MAT-00276,112,45.13,5054.56,DELIVERED
POL-0000172,PO-2025-00101,1,MAT-00419,375,88.75,33281.25,DELIVERED
POL-0000173,PO-2025-00102,1,MAT-00326,3132,7.37,23082.84,DELIVERED
POL-0000174,PO-2025-00103,1,MAT-00861,807,34.48,27825.36,DELIVERED
POL-0000175,PO-2025-00104,1,MAT-00223,963,50.15,48294.45,DELIVERED
POL-0000176,PO-2025-00105,1,MAT-01137,78,86.68,6761.04,DELIVERED
POL-0000177,PO-2025-00105,2,MAT-01162,931,295.71,275306.01,DELIVERED
POL-0000178,PO-2025-00105,3,MAT-00920,269,29.44,7919.36,DELIVERED
POL-0000179,PO-2025-00105,4,MAT-00912,2116,30.69,64940.04,DELIVERED
POL-0000180,PO-2025-00106,1,MAT-00533,2045,21.7,44376.5,DELIVERED
POL-0000181,PO-2025-00107,1,MAT-00953,121,6.61,799.81,DELIVERED
POL-0000182,PO-2025-00108,1,MAT-01093,359,59.23,21263.57,IN_TRANSIT
POL-0000183,PO-2025-00109,1,MAT-00277,752,30.42,22875.84,DELIVERED
POL-0000184,PO-2025-00110,1,MAT-00104,77,9.85,758.45,DELIVERED
POL-0000185,PO-2025-00111,1,MAT-00192,1713,63.17,108210.21,DELIVERED
POL-0000186,PO-2025-00112,1,MAT-00876,94,179.11,16836.34,DELIVERED
POL-0000187,PO-2025-00112,2,MAT-00184,1535,43.08,66127.8,DELIVERED
POL-0000188,PO-2025-00113,1,MAT-00906,395,28.07,11087.65,DELIVERED
POL-0000189,PO-2025-00114,1,MAT-00660,587,21.91,12861.17,DELIVERED
POL-0000190,PO-2025-00114,2,MAT-00068,1015,81.19,82407.85,DELIVERED
POL-0000191,PO-2025-00114,3,MAT-00056,2050,65.62,134521.0,DELIVERED
POL-0000192,PO-2025-00114,4,MAT-00050,222,3.6,799.2,DELIVERED
POL-0000193,PO-2025-00115,1,MAT-00063,992,7.25,7192.0,IN_TRANSIT
POL-0000194,PO-2025-00116,1,MAT-01200,1055,112.14,118307.7,DELIVERED
POL-0000195,PO-2025-00117,1,MAT-00900,998,11.44,11417.12,PENDING
POL-0000196,PO-2025-00117,2,MAT-00053,193,11.16,2153.88,PENDING
POL-0000197,PO-2025-00118,1,MAT-00724,1508,62.9,94853.2,DELIVERED
POL-0000198,PO-2025-00118,2,MAT-00594,401,35.36,14179.36,DELIVERED
POL-0000199,PO-2025-00119,1,MAT-00535,918,11.88,10905.84,DELIVERED
POL-0000200,PO-2025-00120,1,MAT-01106,116,8.11,940.76,IN_TRANSIT
POL-0000201,PO-2025-00121,1,MAT-00157,174,216.85,37731.9,DELIVERED
POL-0000202,PO-2025-00122,1,MAT-00087,143,65.37,9347.91,DELIVERED
POL-0000203,PO-2025-00123,1,MAT-00091,2511,29.94,75179.34,DELIVERED
POL-0000204,PO-2025-00123,2,MAT-00700,338,22.01,7439.38,DELIVERED
POL-0000205,PO-2025-00123,3,MAT-01057,2100,27.41,57561.0,DELIVERED
POL-0000206,PO-2025-00124,1,MAT-00308,399,12.64,5043.36,DELIVERED
POL-0000207,PO-2025-00125,1,MAT-00552,1120,23.06,25827.2,DELIVERED
POL-0000208,PO-2025-00126,1,MAT-00349,287,12.65,3630.55,DELIVERED
POL-0000209,PO-2025-00127,1,MAT-00833,161,7.83,1260.63,DELIVERED
POL-0000210,PO-2025-00127,2,MAT-00728,4146,34.17,141668.82,DELIVERED
POL-0000211,PO-2025-00127,3,MAT-00035,408,67.89,27699.12,DELIVERED
POL-0000212,PO-2025-00128,1,MAT-01077,118,4.68,552.24,DELIVERED
POL-0000213,PO-2025-00129,1,MAT-00251,3223,6.02,19402.46,DELIVERED
POL-0000214,PO-2025-00130,1,MAT-01084,221,229.9,50807.9,DELIVERED
POL-0000215,PO-2025-00131,1,MAT-00364,44,37.38,1644.72,OVERDUE
POL-0000216,PO-2025-00132,1,MAT-00385,31,10.25,317.75,DELIVERED
POL-0000217,PO-2025-00133,1,MAT-00820,1833,90.41,165721.53,DELIVERED
POL-0000218,PO-2025-00133,2,MAT-00630,65,90.2,5863.0,DELIVERED
POL-0000219,PO-2025-00134,1,MAT-00325,100,7.8,780.0,PENDING
POL-0000220,PO-2025-00134,2,MAT-00268,2473,4.89,12092.97,PENDING
POL-0000221,PO-2025-00134,3,MAT-01083,1361,17.97,24457.17,PENDING
POL-0000222,PO-2025-00135,1,MAT-00214,428,50.56,21639.68,DELIVERED
POL-0000223,PO-2025-00135,2,MAT-00598,478,8.31,3972.18,DELIVERED
POL-0000224,PO-2025-00135,3,MAT-00799,406,24.99,10145.94,DELIVERED
POL-0000225,PO-2025-00136,1,MAT-00766,97,11.4,1105.8,DELIVERED
POL-0000226,PO-2025-00136,2,MAT-00756,1179,487.53,574797.87,DELIVERED
POL-0000227,PO-2025-00137,1,MAT-00383,1093,2.31,2524.83,CANCELLED
POL-0000228,PO-2025-00137,2,MAT-00174,1439,39.12,56293.68,CANCELLED
POL-0000229,PO-2025-00137,3,MAT-00631,264,4.35,1148.4,CANCELLED
POL-0000230,PO-2025-00138,1,MAT-00574,123,20.04,2464.92,DELIVERED
POL-0000231,PO-2025-00138,2,MAT-01139,189,51.2,9676.8,DELIVERED
POL-0000232,PO-2025-00139,1,MAT-01063,244,91.29,22274.76,IN_TRANSIT
POL-0000233,PO-2025-00140,1,MAT-00954,615,125.17,76979.55,DELIVERED
POL-0000234,PO-2025-00140,2,MAT-00597,48,19.38,930.24,DELIVERED
POL-0000235,PO-2025-00141,1,MAT-00443,1674,2.45,4101.3,DELIVERED
POL-0000236,PO-2025-00142,1,MAT-00251,1360,6.02,8187.2,DELIVERED
POL-0000237,PO-2025-00142,2,MAT-00932,1552,199.06,308941.12,DELIVERED
POL-0000238,PO-2025-00142,3,MAT-00254,317,80.96,25664.32,DELIVERED
POL-0000239,PO-2025-00143,1,MAT-00407,93,8.37,778.41,DELIVERED
POL-0000240,PO-2025-00144,1,MAT-00830,1139,18.38,20934.82,DELIVERED
POL-0000241,PO-2025-00145,1,MAT-00158,639,40.12,25636.68,DELIVERED
POL-0000242,PO-2025-00146,1,MAT-00946,428,7.45,3188.6,DELIVERED
POL-0000243,PO-2025-00147,1,MAT-00061,1511,15.72,23752.92,DELIVERED
POL-0000244,PO-2025-00148,1,MAT-01073,354,29.22,10343.88,DELIVERED
POL-0000245,PO-2025-00149,1,MAT-01019,2420,18.3,44286.0,DELIVERED
POL-0000246,PO-2025-00149,2,MAT-00851,233,14.09,3282.97,DELIVERED
POL-0000247,PO-2025-00150,1,MAT-00438,4543,5.2,23623.6,DELIVERED
POL-0000248,PO-2025-00151,1,MAT-00157,224,216.85,48574.4,PENDING
POL-0000249,PO-2025-00151,2,MAT-01178,536,21.0,11256.0,PENDING
POL-0000250,PO-2025-00151,3,MAT-01105,542,86.37,46812.54,PENDING
POL-0000251,PO-2025-00152,1,MAT-00474,155,123.61,19159.55,DELIVERED
POL-0000252,PO-2025-00153,1,MAT-00835,815,25.41,20709.15,PENDING
POL-0000253,PO-2025-00153,2,MAT-00442,171,24.22,4141.62,PENDING
POL-0000254,PO-2025-00153,3,MAT-01036,1591,155.05,246684.55,PENDING
POL-0000255,PO-2025-00154,1,MAT-00492,136,134.98,18357.28,DELIVERED
POL-0000256,PO-2025-00155,1,MAT-00075,199,1.59,316.41,DELIVERED
POL-0000257,PO-2025-00156,1,MAT-00752,271,5.32,1441.72,DELIVERED
POL-0000258,PO-2025-00156,2,MAT-00095,153,15.95,2440.35,DELIVERED
POL-0000259,PO-2025-00156,3,MAT-00197,146,10.51,1534.46,DELIVERED
POL-0000260,PO-2025-00157,1,MAT-00264,224,8.15,1825.6,OVERDUE
POL-0000261,PO-2025-00157,2,MAT-00114,77,400.81,30862.37,OVERDUE
POL-0000262,PO-2025-00157,3,MAT-00417,244,155.32,37898.08,OVERDUE
POL-0000263,PO-2025-00158,1,MAT-00815,1290,84.5,109005.0,DELIVERED
POL-0000264,PO-2025-00158,2,MAT-00436,69,28.44,1962.36,DELIVERED
POL-0000265,PO-2025-00159,1,MAT-00360,213,10.14,2159.82,OVERDUE
POL-0000266,PO-2025-00160,1,MAT-01043,438,86.42,37851.96,DELIVERED
POL-0000267,PO-2025-00161,1,MAT-00870,2161,232.82,503124.02,CANCELLED
POL-0000268,PO-2025-00161,2,MAT-00083,146,142.68,20831.28,CANCELLED
POL-0000269,PO-2025-00161,3,MAT-00623,114,213.25,24310.5,CANCELLED
POL-0000270,PO-2025-00162,1,MAT-00011,2225,15.09,33575.25,DELIVERED
POL-0000271,PO-2025-00163,1,MAT-01127,624,35.07,21883.68,DELIVERED
POL-0000272,PO-2025-00164,1,MAT-00255,1887,4.64,8755.68,DELIVERED
POL-0000273,PO-2025-00165,1,MAT-00098,172,37.1,6381.2,DELIVERED
POL-0000274,PO-2025-00166,1,MAT-00033,4024,24.38,98105.12,DELIVERED
POL-0000275,PO-2025-00167,1,MAT-01174,432,23.68,10229.76,OVERDUE
POL-0000276,PO-2025-00167,2,MAT-00935,67,44.85,3004.95,OVERDUE
POL-0000277,PO-2025-00168,1,MAT-01070,2464,34.39,84736.96,PENDING
POL-0000278,PO-2025-00169,1,MAT-00787,108,67.61,7301.88,DELIVERED
POL-0000279,PO-2025-00170,1,MAT-01025,143,185.16,26477.88,CANCELLED
POL-0000280,PO-2025-00170,2,MAT-00457,2177,22.22,48372.94,CANCELLED
POL-0000281,PO-2025-00170,3,MAT-00290,2052,12.44,25526.88,CANCELLED
POL-0000282,PO-2025-00171,1,MAT-00881,379,410.69,155651.51,PENDING
POL-0000283,PO-2025-00172,1,MAT-01143,202,23.88,4823.76,DELIVERED
POL-0000284,PO-2025-00173,1,MAT-00063,1193,7.25,8649.25,DELIVERED
POL-0000285,PO-2025-00174,1,MAT-00468,611,58.82,35939.02,DELIVERED
POL-0000286,PO-2025-00174,2,MAT-00500,229,5.98,1369.42,DELIVERED
POL-0000287,PO-2025-00175,1,MAT-01066,1078,8.04,8667.12,DELIVERED
POL-0000288,PO-2025-00175,2,MAT-00706,121,49.23,5956.83,DELIVERED
POL-0000289,PO-2025-00175,3,MAT-00242,123,20.76,2553.48,DELIVERED
POL-0000290,PO-2025-00175,4,MAT-01160,86,18.22,1566.92,DELIVERED
POL-0000291,PO-2025-00176,1,MAT-00700,794,22.01,17475.94,DELIVERED
POL-0000292,PO-2025-00176,2,MAT-00301,68,10.18,692.24,DELIVERED
POL-0000293,PO-2025-00177,1,MAT-00545,1760,1.76,3097.6,DELIVERED
POL-0000294,PO-2025-00178,1,MAT-00444,2161,22.79,49249.19,DELIVERED
POL-0000295,PO-2025-00179,1,MAT-00299,1000,60.43,60430.0,DELIVERED
POL-0000296,PO-2025-00179,2,MAT-00516,1093,55.41,60563.13,DELIVERED
POL-0000297,PO-2025-00179,3,MAT-00547,64,47.33,3029.12,DELIVERED
POL-0000298,PO-2025-00179,4,MAT-00306,98,31.01,3038.98,DELIVERED
POL-0000299,PO-2025-00180,1,MAT-00637,216,58.6,12657.6,PENDING
POL-0000300,PO-2025-00180,2,MAT-00337,145,10.5,1522.5,PENDING
POL-0000301,PO-2025-00180,3,MAT-00459,250,15.31,3827.5,PENDING
POL-0000302,PO-2025-00181,1,MAT-01053,124,40.63,5038.12,OVERDUE
POL-0000303,PO-2025-00182,1,MAT-00240,212,67.09,14223.08,DELIVERED
POL-0000304,PO-2025-00182,2,MAT-00686,214,52.4,11213.6,DELIVERED
POL-0000305,PO-2025-00183,1,MAT-00053,179,11.16,1997.64,DELIVERED
POL-0000306,PO-2025-00184,1,MAT-00165,70,69.19,4843.3,DELIVERED
POL-0000307,PO-2025-00185,1,MAT-00363,1201,22.75,27322.75,DELIVERED
POL-0000308,PO-2025-00185,2,MAT-00755,188,9.46,1778.48,DELIVERED
POL-0000309,PO-2025-00186,1,MAT-00574,169,20.04,3386.76,OVERDUE
POL-0000310,PO-2025-00187,1,MAT-00801,77,67.85,5224.45,DELIVERED
POL-0000311,PO-2025-00188,1,MAT-00826,3221,125.95,405684.95,DELIVERED
POL-0000312,PO-2025-00189,1,MAT-00189,2463,10.69,26329.47,OVERDUE
POL-0000313,PO-2025-00189,2,MAT-01158,189,318.69,60232.41,OVERDUE
POL-0000314,PO-2025-00189,3,MAT-00137,101,10.76,1086.76,OVERDUE
POL-0000315,PO-2025-00190,1,MAT-00540,1025,14.25,14606.25,OVERDUE
POL-0000316,PO-2025-00190,2,MAT-00400,179,96.78,17323.62,OVERDUE
POL-0000317,PO-2025-00191,1,MAT-00930,56,22.16,1240.96,OVERDUE
POL-0000318,PO-2025-00191,2,MAT-00351,452,37.0,16724.0,OVERDUE
POL-0000319,PO-2025-00191,3,MAT-00822,35,129.03,4516.05,OVERDUE
POL-0000320,PO-2025-00191,4,MAT-01116,1177,35.7,42018.9,OVERDUE
POL-0000321,PO-2025-00192,1,MAT-00951,414,20.4,8445.6,DELIVERED
POL-0000322,PO-2025-00192,2,MAT-00209,1314,43.72,57448.08,DELIVERED
POL-0000323,PO-2025-00192,3,MAT-00335,25,78.13,1953.25,DELIVERED
POL-0000324,PO-2025-00193,1,MAT-00231,3678,10.55,38802.9,DELIVERED
POL-0000325,PO-2025-00194,1,MAT-00272,62,5.47,339.14,DELIVERED
POL-0000326,PO-2025-00194,2,MAT-00390,936,13.74,12860.64,DELIVERED
POL-0000327,PO-2025-00194,3,MAT-00153,228,12.75,2907.0,DELIVERED
POL-0000328,PO-2025-00194,4,MAT-01117,109,341.91,37268.19,DELIVERED
POL-0000329,PO-2025-00195,1,MAT-00542,390,7.41,2889.9,OVERDUE
POL-0000330,PO-2025-00196,1,MAT-00811,2101,20.36,42776.36,CANCELLED
POL-0000331,PO-2025-00197,1,MAT-00109,70,33.39,2337.3,DELIVERED
POL-0000332,PO-2025-00198,1,MAT-00964,299,57.29,17129.71,OVERDUE
POL-0000333,PO-2025-00198,2,MAT-01052,168,39.07,6563.76,OVERDUE
POL-0000334,PO-2025-00199,1,MAT-00383,4512,2.31,10422.72,DELIVERED
POL-0000335,PO-2025-00199,2,MAT-01099,4309,64.93,279783.37,DELIVERED
POL-0000336,PO-2025-00200,1,MAT-00210,84,1869.34,157024.56,DELIVERED
POL-0000337,PO-2025-00200,2,MAT-01119,2360,31.06,73301.6,DELIVERED
POL-0000338,PO-2025-00200,3,MAT-01007,1034,70.22,72607.48,DELIVERED
POL-0000339,PO-2025-00200,4,MAT-00897,48,19.49,935.52,DELIVERED
POL-0000340,PO-2025-00201,1,MAT-00873,85,5.67,481.95,OVERDUE
POL-0000341,PO-2025-00201,2,MAT-00653,658,18.07,11890.06,OVERDUE
POL-0000342,PO-2025-00201,3,MAT-00694,95,49.22,4675.9,OVERDUE
POL-0000343,PO-2025-00202,1,MAT-00921,193,76.15,14696.95,DELIVERED
POL-0000344,PO-2025-00202,2,MAT-00878,652,33.42,21789.84,DELIVERED
POL-0000345,PO-2025-00203,1,MAT-00244,237,63.18,14973.66,DELIVERED
POL-0000346,PO-2025-00204,1,MAT-00484,2029,31.07,63041.03,OVERDUE
POL-0000347,PO-2025-00205,1,MAT-00771,1895,52.83,100112.85,DELIVERED
POL-0000348,PO-2025-00206,1,MAT-00716,2246,87.73,197041.58,DELIVERED
POL-0000349,PO-2025-00207,1,MAT-00750,139,5.8,806.2,PENDING
POL-0000350,PO-2025-00208,1,MAT-00215,77,18.37,1414.49,DELIVERED
POL-0000351,PO-2025-00208,2,MAT-00357,1291,24.25,31306.75,DELIVERED
POL-0000352,PO-2025-00209,1,MAT-01169,487,50.44,24564.28,PENDING
POL-0000353,PO-2025-00209,2,MAT-00081,323,20.25,6540.75,PENDING
POL-0000354,PO-2025-00210,1,MAT-01095,215,56.28,12100.2,DELIVERED
POL-0000355,PO-2025-00210,2,MAT-01120,111,80.79,8967.69,DELIVERED
POL-0000356,PO-2025-00211,1,MAT-00325,120,7.8,936.0,DELIVERED
POL-0000357,PO-2025-00211,2,MAT-00471,182,17.46,3177.72,DELIVERED
POL-0000358,PO-2025-00212,1,MAT-01111,759,19.73,14975.07,DELIVERED
POL-0000359,PO-2025-00213,1,MAT-00692,795,84.82,67431.9,DELIVERED
POL-0000360,PO-2025-00214,1,MAT-00938,194,54.51,10574.94,DELIVERED
POL-0000361,PO-2025-00214,2,MAT-01115,1303,32.28,42060.84,DELIVERED
POL-0000362,PO-2025-00214,3,MAT-00800,727,26.27,19098.29,DELIVERED
POL-0000363,PO-2025-00215,1,MAT-01105,630,86.37,54413.1,OVERDUE
POL-0000364,PO-2025-00216,1,MAT-00160,1268,48.48,61472.64,DELIVERED
POL-0000365,PO-2025-00217,1,MAT-00308,1084,12.64,13701.76,DELIVERED
POL-0000366,PO-2025-00218,1,MAT-00656,3573,28.04,100186.92,CANCELLED
POL-0000367,PO-2025-00219,1,MAT-00652,104,87.78,9129.12,DELIVERED
POL-0000368,PO-2025-00219,2,MAT-00756,603,487.53,293980.59,DELIVERED
POL-0000369,PO-2025-00220,1,MAT-00552,1955,23.06,45082.3,DELIVERED
POL-0000370,PO-2025-00221,1,MAT-00680,2118,111.31,235754.58,DELIVERED
POL-0000371,PO-2025-00222,1,MAT-01110,43,205.1,8819.3,DELIVERED
POL-0000372,PO-2025-00223,1,MAT-01073,241,29.22,7042.02,DELIVERED
POL-0000373,PO-2025-00224,1,MAT-00603,156,65.44,10208.64,DELIVERED
POL-0000374,PO-2025-00225,1,MAT-01180,944,7.26,6853.44,IN_TRANSIT
POL-0000375,PO-2025-00225,2,MAT-00399,318,22.77,7240.86,IN_TRANSIT
POL-0000376,PO-2025-00225,3,MAT-01173,2369,30.61,72515.09,IN_TRANSIT
POL-0000377,PO-2025-00226,1,MAT-00697,3737,39.32,146938.84,PENDING
POL-0000378,PO-2025-00227,1,MAT-00672,85,2.47,209.95,DELIVERED
POL-0000379,PO-2025-00227,2,MAT-00704,255,5.04,1285.2,DELIVERED
POL-0000380,PO-2025-00227,3,MAT-01179,843,8.13,6853.59,DELIVERED
POL-0000381,PO-2025-00228,1,MAT-00454,2480,46.37,114997.6,DELIVERED
POL-0000382,PO-2025-00228,2,MAT-00458,222,8.73,1938.06,DELIVERED
POL-0000383,PO-2025-00229,1,MAT-01034,358,49.3,17649.4,DELIVERED
POL-0000384,PO-2025-00230,1,MAT-01063,53,91.29,4838.37,CANCELLED
POL-0000385,PO-2025-00230,2,MAT-00657,201,28.52,5732.52,CANCELLED
POL-0000386,PO-2025-00231,1,MAT-00589,87,64.45,5607.15,DELIVERED
POL-0000387,PO-2025-00232,1,MAT-01050,1659,125.08,207507.72,OVERDUE
POL-0000388,PO-2025-00232,2,MAT-00408,308,19.97,6150.76,OVERDUE
POL-0000389,PO-2025-00233,1,MAT-00684,2456,47.87,117568.72,DELIVERED
POL-0000390,PO-2025-00234,1,MAT-00808,1153,15.09,17398.77,DELIVERED
POL-0000391,PO-2025-00235,1,MAT-00672,173,2.47,427.31,DELIVERED
POL-0000392,PO-2025-00236,1,MAT-00440,34,24.07,818.38,DELIVERED
POL-0000393,PO-2025-00236,2,MAT-00873,139,5.67,788.13,DELIVERED
POL-0000394,PO-2025-00236,3,MAT-00650,118,54.47,6427.46,DELIVERED
POL-0000395,PO-2025-00236,4,MAT-00545,2405,1.76,4232.8,DELIVERED
POL-0000396,PO-2025-00237,1,MAT-00307,570,95.19,54258.3,CANCELLED
POL-0000397,PO-2025-00237,2,MAT-00725,1709,28.78,49185.02,CANCELLED
POL-0000398,PO-2025-00238,1,MAT-00785,216,43.23,9337.68,DELIVERED
POL-0000399,PO-2025-00238,2,MAT-00979,1026,4.59,4709.34,DELIVERED
POL-0000400,PO-2025-00239,1,MAT-00740,1106,72.02,79654.12,DELIVERED
POL-0000401,PO-2025-00240,1,MAT-00714,161,39.35,6335.35,OVERDUE
POL-0000402,PO-2025-00240,2,MAT-00877,66,14.6,963.6,OVERDUE
POL-0000403,PO-2025-00240,3,MAT-00665,111,11.14,1236.54,OVERDUE
POL-0000404,PO-2025-00241,1,MAT-01196,4450,44.16,196512.0,DELIVERED
POL-0000405,PO-2025-00242,1,MAT-00284,1143,6.4,7315.2,DELIVERED
POL-0000406,PO-2025-00242,2,MAT-00573,1582,37.85,59878.7,DELIVERED
POL-0000407,PO-2025-00242,3,MAT-00696,3931,17.59,69146.29,DELIVERED
POL-0000408,PO-2025-00242,4,MAT-00865,4858,12.6,61210.8,DELIVERED
POL-0000409,PO-2025-00243,1,MAT-00650,345,54.47,18792.15,DELIVERED
POL-0000410,PO-2025-00244,1,MAT-00244,236,63.18,14910.48,CANCELLED
POL-0000411,PO-2025-00245,1,MAT-00013,889,32.0,28448.0,DELIVERED
POL-0000412,PO-2025-00246,1,MAT-00476,1133,18.94,21459.02,DELIVERED
POL-0000413,PO-2025-00246,2,MAT-00238,4197,30.05,126119.85,DELIVERED
POL-0000414,PO-2025-00246,3,MAT-00650,127,54.47,6917.69,DELIVERED
POL-0000415,PO-2025-00247,1,MAT-00012,353,14.52,5125.56,DELIVERED
POL-0000416,PO-2025-00248,1,MAT-00872,769,10.02,7705.38,DELIVERED
POL-0000417,PO-2025-00249,1,MAT-00785,188,43.23,8127.24,DELIVERED
POL-0000418,PO-2025-00249,2,MAT-00455,67,15.14,1014.38,DELIVERED
POL-0000419,PO-2025-00249,3,MAT-00904,969,112.52,109031.88,DELIVERED
POL-0000420,PO-2025-00249,4,MAT-00600,178,36.77,6545.06,DELIVERED
POL-0000421,PO-2025-00250,1,MAT-00307,1977,95.19,188190.63,DELIVERED
POL-0000422,PO-2025-00251,1,MAT-00344,1551,16.09,24955.59,DELIVERED
POL-0000423,PO-2025-00251,2,MAT-00355,191,27.03,5162.73,DELIVERED
POL-0000424,PO-2025-00251,3,MAT-00217,98,11.66,1142.68,DELIVERED
POL-0000425,PO-2025-00251,4,MAT-00390,2172,13.74,29843.28,DELIVERED
POL-0000426,PO-2025-00252,1,MAT-00259,3507,44.12,154728.84,OVERDUE
POL-0000427,PO-2025-00252,2,MAT-00190,1235,4.66,5755.1,OVERDUE
POL-0000428,PO-2025-00253,1,MAT-00017,295,9.18,2708.1,PENDING
POL-0000429,PO-2025-00254,1,MAT-00418,72,31.86,2293.92,DELIVERED
POL-0000430,PO-2025-00255,1,MAT-01063,120,91.29,10954.8,DELIVERED
POL-0000431,PO-2025-00256,1,MAT-00951,877,20.4,17890.8,DELIVERED
POL-0000432,PO-2025-00257,1,MAT-00991,28,35.34,989.52,DELIVERED
POL-0000433,PO-2025-00257,2,MAT-00292,1737,14.48,25151.76,DELIVERED
POL-0000434,PO-2025-00258,1,MAT-01047,195,57.37,11187.15,OVERDUE
POL-0000435,PO-2025-00258,2,MAT-00804,60,14.02,841.2,OVERDUE
POL-0000436,PO-2025-00259,1,MAT-00373,2828,116.36,329066.08,DELIVERED
POL-0000437,PO-2025-00260,1,MAT-00441,4703,42.64,200535.92,DELIVERED
POL-0000438,PO-2025-00260,2,MAT-01194,486,36.64,17807.04,DELIVERED
POL-0000439,PO-2025-00261,1,MAT-00060,3267,78.27,255708.09,DELIVERED
POL-0000440,PO-2025-00261,2,MAT-00439,198,3.81,754.38,DELIVERED
POL-0000441,PO-2025-00262,1,MAT-00351,835,37.0,30895.0,DELIVERED
POL-0000442,PO-2025-00262,2,MAT-00621,972,9.78,9506.16,DELIVERED
POL-0000443,PO-2025-00263,1,MAT-01128,61,11.12,678.32,OVERDUE
POL-0000444,PO-2025-00264,1,MAT-00501,267,76.28,20366.76,DELIVERED
POL-0000445,PO-2025-00265,1,MAT-01002,539,76.22,41082.58,DELIVERED
POL-0000446,PO-2025-00265,2,MAT-00041,328,61.01,20011.28,DELIVERED
POL-0000447,PO-2025-00265,3,MAT-00535,1115,11.88,13246.2,DELIVERED
POL-0000448,PO-2025-00266,1,MAT-01183,4299,73.63,316535.37,DELIVERED
POL-0000449,PO-2025-00267,1,MAT-01193,319,13.05,4162.95,DELIVERED
POL-0000450,PO-2025-00268,1,MAT-00114,84,400.81,33668.04,PENDING
POL-0000451,PO-2025-00268,2,MAT-01080,1160,68.28,79204.8,PENDING
POL-0000452,PO-2025-00269,1,MAT-00231,1553,10.55,16384.15,DELIVERED
POL-0000453,PO-2025-00269,2,MAT-01144,2391,28.6,68382.6,DELIVERED
POL-0000454,PO-2025-00269,3,MAT-01063,98,91.29,8946.42,DELIVERED
POL-0000455,PO-2025-00270,1,MAT-00306,195,31.01,6046.95,DELIVERED
POL-0000456,PO-2025-00271,1,MAT-00112,404,25.98,10495.92,DELIVERED
POL-0000457,PO-2025-00272,1,MAT-01002,989,76.22,75381.58,DELIVERED
POL-0000458,PO-2025-00273,1,MAT-00763,2348,434.25,1019619.0,DELIVERED
POL-0000459,PO-2025-00274,1,MAT-00083,469,142.68,66916.92,DELIVERED
POL-0000460,PO-2025-00275,1,MAT-00168,224,189.97,42553.28,DELIVERED
POL-0000461,PO-2025-00276,1,MAT-00431,1669,7.03,11733.07,DELIVERED
POL-0000462,PO-2025-00276,2,MAT-00714,182,39.35,7161.7,DELIVERED
POL-0000463,PO-2025-00277,1,MAT-00190,3939,4.66,18355.74,DELIVERED
POL-0000464,PO-2025-00277,2,MAT-00395,613,88.52,54262.76,DELIVERED
POL-0000465,PO-2025-00278,1,MAT-00403,936,28.29,26479.44,CANCELLED
POL-0000466,PO-2025-00279,1,MAT-01024,160,285.56,45689.6,DELIVERED
POL-0000467,PO-2025-00280,1,MAT-00311,223,19.43,4332.89,PENDING
POL-0000468,PO-2025-00281,1,MAT-00943,365,51.39,18757.35,DELIVERED
POL-0000469,PO-2025-00282,1,MAT-00183,4653,7.24,33687.72,DELIVERED
POL-0000470,PO-2025-00283,1,MAT-00086,389,15.13,5885.57,PENDING
POL-0000471,PO-2025-00284,1,MAT-01084,195,229.9,44830.5,DELIVERED
POL-0000472,PO-2025-00284,2,MAT-00076,108,61.74,6667.92,DELIVERED
POL-0000473,PO-2025-00285,1,MAT-00395,1820,88.52,161106.4,DELIVERED
POL-0000474,PO-2025-00286,1,MAT-00933,1704,5.69,9695.76,DELIVERED
POL-0000475,PO-2025-00286,2,MAT-00185,1068,19.38,20697.84,DELIVERED
POL-0000476,PO-2025-00287,1,MAT-01144,1652,28.6,47247.2,OVERDUE
POL-0000477,PO-2025-00287,2,MAT-00669,4927,1.61,7932.47,OVERDUE
POL-0000478,PO-2025-00287,3,MAT-00308,846,12.64,10693.44,OVERDUE
POL-0000479,PO-2025-00288,1,MAT-00770,1901,171.68,326363.68,DELIVERED
POL-0000480,PO-2025-00288,2,MAT-00752,497,5.32,2644.04,DELIVERED
POL-0000481,PO-2025-00289,1,MAT-00717,50,30.37,1518.5,DELIVERED
POL-0000482,PO-2025-00289,2,MAT-00440,96,24.07,2310.72,DELIVERED
POL-0000483,PO-2025-00290,1,MAT-01166,4293,347.29,1490915.97,DELIVERED
POL-0000484,PO-2025-00290,2,MAT-00200,1915,7.7,14745.5,DELIVERED
POL-0000485,PO-2025-00291,1,MAT-00930,60,22.16,1329.6,DELIVERED
POL-0000486,PO-2025-00292,1,MAT-00669,1848,1.61,2975.28,DELIVERED
POL-0000487,PO-2025-00292,2,MAT-00056,1018,65.62,66801.16,DELIVERED
POL-0000488,PO-2025-00292,3,MAT-00154,4552,31.56,143661.12,DELIVERED
POL-0000489,PO-2025-00293,1,MAT-00320,268,22.51,6032.68,CANCELLED
POL-0000490,PO-2025-00293,2,MAT-00742,864,5.96,5149.44,CANCELLED
POL-0000491,PO-2025-00293,3,MAT-00982,1923,37.26,71650.98,CANCELLED
POL-0000492,PO-2025-00294,1,MAT-01014,2772,12.66,35093.52,DELIVERED
POL-0000493,PO-2025-00294,2,MAT-00175,2724,32.53,88611.72,DELIVERED
POL-0000494,PO-2025-00295,1,MAT-00046,312,11.46,3575.52,DELIVERED
POL-0000495,PO-2025-00295,2,MAT-00220,2369,29.8,70596.2,DELIVERED
POL-0000496,PO-2025-00295,3,MAT-00535,1202,11.88,14279.76,DELIVERED
POL-0000497,PO-2025-00296,1,MAT-00325,28,7.8,218.4,DELIVERED
POL-0000498,PO-2025-00296,2,MAT-00121,374,59.21,22144.54,DELIVERED
POL-0000499,PO-2025-00296,3,MAT-00744,115,24.53,2820.95,DELIVERED
POL-0000500,PO-2025-00297,1,MAT-00831,1143,5.82,6652.26,PENDING
POL-0000501,PO-2025-00298,1,MAT-00632,124,130.83,16222.92,DELIVERED
POL-0000502,PO-2025-00298,2,MAT-00762,53,28.94,1533.82,DELIVERED
POL-0000503,PO-2025-00299,1,MAT-00354,2173,23.19,50391.87,DELIVERED
POL-0000504,PO-2025-00300,1,MAT-00515,618,14.31,8843.58,DELIVERED
POL-0000505,PO-2025-00301,1,MAT-00243,197,45.06,8876.82,DELIVERED
POL-0000506,PO-2025-00301,2,MAT-00845,803,33.47,26876.41,DELIVERED
POL-0000507,PO-2025-00301,3,MAT-00206,139,9.16,1273.24,DELIVERED
POL-0000508,PO-2025-00302,1,MAT-00566,1588,15.75,25011.0,DELIVERED
POL-0000509,PO-2025-00303,1,MAT-01059,1121,48.3,54144.3,DELIVERED
POL-0000510,PO-2025-00304,1,MAT-00222,116,3.54,410.64,DELIVERED
POL-0000511,PO-2025-00305,1,MAT-00928,116,42.49,4928.84,DELIVERED
POL-0000512,PO-2025-00305,2,MAT-00098,425,37.1,15767.5,DELIVERED
POL-0000513,PO-2025-00306,1,MAT-00590,650,10.8,7020.0,DELIVERED
POL-0000514,PO-2025-00307,1,MAT-00234,137,11.9,1630.3,IN_TRANSIT
POL-0000515,PO-2025-00308,1,MAT-00715,50,26.1,1305.0,DELIVERED
POL-0000516,PO-2025-00309,1,MAT-00061,4999,15.72,78584.28,DELIVERED
POL-0000517,PO-2025-00310,1,MAT-00411,68,58.42,3972.56,DELIVERED
POL-0000518,PO-2025-00310,2,MAT-00521,1088,4.17,4536.96,DELIVERED
POL-0000519,PO-2025-00310,3,MAT-00807,1373,30.8,42288.4,DELIVERED
POL-0000520,PO-2025-00311,1,MAT-00305,309,25.36,7836.24,IN_TRANSIT
POL-0000521,PO-2025-00311,2,MAT-00284,949,6.4,6073.6,IN_TRANSIT
POL-0000522,PO-2025-00312,1,MAT-00973,664,62.65,41599.6,DELIVERED
POL-0000523,PO-2025-00313,1,MAT-00206,63,9.16,577.08,DELIVERED
POL-0000524,PO-2025-00314,1,MAT-00239,1497,13.02,19490.94,DELIVERED
POL-0000525,PO-2025-00314,2,MAT-00517,114,40.81,4652.34,DELIVERED
POL-0000526,PO-2025-00315,1,MAT-00538,949,15.39,14605.11,DELIVERED
POL-0000527,PO-2025-00315,2,MAT-00553,824,90.33,74431.92,DELIVERED
POL-0000528,PO-2025-00316,1,MAT-00646,202,20.48,4136.96,DELIVERED
POL-0000529,PO-2025-00317,1,MAT-01028,3391,31.51,106850.41,PENDING
POL-0000530,PO-2025-00317,2,MAT-01018,235,14.92,3506.2,PENDING
POL-0000531,PO-2025-00318,1,MAT-00809,897,102.9,92301.3,IN_TRANSIT
POL-0000532,PO-2025-00318,2,MAT-00900,935,11.44,10696.4,IN_TRANSIT
POL-0000533,PO-2025-00319,1,MAT-00850,120,15.13,1815.6,DELIVERED
POL-0000534,PO-2025-00319,2,MAT-00305,186,25.36,4716.96,DELIVERED
POL-0000535,PO-2025-00319,3,MAT-00588,1202,10.35,12440.7,DELIVERED
POL-0000536,PO-2025-00320,1,MAT-00994,2024,13.17,26656.08,DELIVERED
POL-0000537,PO-2025-00320,2,MAT-00895,866,109.37,94714.42,DELIVERED
POL-0000538,PO-2025-00320,3,MAT-01056,91,13.03,1185.73,DELIVERED
POL-0000539,PO-2025-00321,1,MAT-00593,1072,45.4,48668.8,DELIVERED
POL-0000540,PO-2025-00322,1,MAT-00541,779,67.19,52341.01,DELIVERED
POL-0000541,PO-2025-00322,2,MAT-00439,143,3.81,544.83,DELIVERED
POL-0000542,PO-2025-00322,3,MAT-01056,71,13.03,925.13,DELIVERED
POL-0000543,PO-2025-00322,4,MAT-01108,218,8.07,1759.26,DELIVERED
POL-0000544,PO-2025-00323,1,MAT-00217,91,11.66,1061.06,DELIVERED
POL-0000545,PO-2025-00324,1,MAT-00057,3182,9.87,31406.34,DELIVERED
POL-0000546,PO-2025-00324,2,MAT-00172,97,10.25,994.25,DELIVERED
POL-0000547,PO-2025-00324,3,MAT-01171,3051,56.02,170917.02,DELIVERED
POL-0000548,PO-2025-00325,1,MAT-01034,277,49.3,13656.1,OVERDUE
POL-0000549,PO-2025-00326,1,MAT-00046,488,11.46,5592.48,DELIVERED
POL-0000550,PO-2025-00326,2,MAT-00818,1144,65.99,75492.56,DELIVERED
POL-0000551,PO-2025-00326,3,MAT-00623,78,213.25,16633.5,DELIVERED
POL-0000552,PO-2025-00327,1,MAT-00330,308,46.68,14377.44,CANCELLED
POL-0000553,PO-2025-00327,2,MAT-00478,821,36.9,30294.9,CANCELLED
POL-0000554,PO-2025-00327,3,MAT-00902,1222,15.79,19295.38,CANCELLED
POL-0000555,PO-2025-00328,1,MAT-00766,27,11.4,307.8,DELIVERED
POL-0000556,PO-2025-00329,1,MAT-01107,1374,48.98,67298.52,DELIVERED
POL-0000557,PO-2025-00330,1,MAT-00369,2612,27.23,71124.76,DELIVERED
POL-0000558,PO-2025-00331,1,MAT-00173,1041,24.6,25608.6,DELIVERED
POL-0000559,PO-2025-00331,2,MAT-00868,323,35.58,11492.34,DELIVERED
POL-0000560,PO-2025-00332,1,MAT-01034,477,49.3,23516.1,DELIVERED
POL-0000561,PO-2025-00333,1,MAT-00978,96,1.78,170.88,DELIVERED
POL-0000562,PO-2025-00334,1,MAT-00530,1488,8.81,13109.28,DELIVERED
POL-0000563,PO-2025-00335,1,MAT-01131,105,38.46,4038.3,DELIVERED
POL-0000564,PO-2025-00335,2,MAT-01133,323,162.9,52616.7,DELIVERED
POL-0000565,PO-2025-00336,1,MAT-00683,3324,14.72,48929.28,DELIVERED
POL-0000566,PO-2025-00336,2,MAT-00816,172,4.83,830.76,DELIVERED
POL-0000567,PO-2025-00336,3,MAT-00093,1134,11.8,13381.2,DELIVERED
POL-0000568,PO-2025-00337,1,MAT-00864,1029,168.91,173808.39,DELIVERED
POL-0000569,PO-2025-00338,1,MAT-00880,62,103.54,6419.48,DELIVERED
POL-0000570,PO-2025-00339,1,MAT-00024,492,4.87,2396.04,DELIVERED
POL-0000571,PO-2025-00340,1,MAT-00729,25,15.56,389.0,DELIVERED
POL-0000572,PO-2025-00341,1,MAT-01176,150,20.33,3049.5,DELIVERED
POL-0000573,PO-2025-00342,1,MAT-00085,129,10.07,1299.03,PENDING
POL-0000574,PO-2025-00342,2,MAT-00310,124,19.19,2379.56,PENDING
POL-0000575,PO-2025-00342,3,MAT-01080,695,68.28,47454.6,PENDING
POL-0000576,PO-2025-00342,4,MAT-01180,636,7.26,4617.36,PENDING
POL-0000577,PO-2025-00343,1,MAT-00046,431,11.46,4939.26,DELIVERED
POL-0000578,PO-2025-00344,1,MAT-00509,1929,26.62,51349.98,CANCELLED
POL-0000579,PO-2025-00344,2,MAT-00222,193,3.54,683.22,CANCELLED
POL-0000580,PO-2025-00344,3,MAT-00974,3878,11.91,46186.98,CANCELLED
POL-0000581,PO-2025-00345,1,MAT-00001,100,43.14,4314.0,CANCELLED
POL-0000582,PO-2025-00346,1,MAT-01140,27,60.83,1642.41,DELIVERED
POL-0000583,PO-2025-00346,2,MAT-00340,61,14.49,883.89,DELIVERED
POL-0000584,PO-2025-00346,3,MAT-00571,100,24.27,2427.0,DELIVERED
POL-0000585,PO-2025-00347,1,MAT-01015,567,157.79,89466.93,DELIVERED
POL-0000586,PO-2025-00348,1,MAT-00065,66,64.8,4276.8,DELIVERED
POL-0000587,PO-2025-00348,2,MAT-00130,2880,13.81,39772.8,DELIVERED
POL-0000588,PO-2025-00349,1,MAT-00992,3292,2.75,9053.0,DELIVERED
POL-0000589,PO-2025-00349,2,MAT-01120,88,80.79,7109.52,DELIVERED
POL-0000590,PO-2025-00350,1,MAT-01120,34,80.79,2746.86,DELIVERED
POL-0000591,PO-2025-00350,2,MAT-00164,692,10.01,6926.92,DELIVERED
POL-0000592,PO-2025-00351,1,MAT-00848,467,356.33,166406.11,DELIVERED
POL-0000593,PO-2025-00351,2,MAT-00772,1197,12.97,15525.09,DELIVERED
POL-0000594,PO-2025-00352,1,MAT-01119,3785,31.06,117562.1,DELIVERED
POL-0000595,PO-2025-00352,2,MAT-01126,2761,7.09,19575.49,DELIVERED
POL-0000596,PO-2025-00353,1,MAT-01038,577,4.76,2746.52,DELIVERED
POL-0000597,PO-2025-00353,2,MAT-00535,1228,11.88,14588.64,DELIVERED
POL-0000598,PO-2025-00353,3,MAT-00101,360,5.32,1915.2,DELIVERED
POL-0000599,PO-2025-00354,1,MAT-00277,2489,30.42,75715.38,DELIVERED
POL-0000600,PO-2025-00354,2,MAT-00505,94,13.36,1255.84,DELIVERED
POL-0000601,PO-2025-00355,1,MAT-00782,672,5.92,3978.24,DELIVERED
POL-0000602,PO-2025-00356,1,MAT-00127,660,9.12,6019.2,DELIVERED
POL-0000603,PO-2025-00357,1,MAT-00258,1257,12.63,15875.91,DELIVERED
POL-0000604,PO-2025-00357,2,MAT-00016,119,14.33,1705.27,DELIVERED
POL-0000605,PO-2025-00358,1,MAT-01173,1000,30.61,30610.0,DELIVERED
POL-0000606,PO-2025-00358,2,MAT-00097,2173,38.03,82639.19,DELIVERED
POL-0000607,PO-2025-00358,3,MAT-00771,4994,52.83,263833.02,DELIVERED
POL-0000608,PO-2025-00358,4,MAT-00562,207,256.03,52998.21,DELIVERED
POL-0000609,PO-2025-00359,1,MAT-01141,1200,20.07,24084.0,PENDING
POL-0000610,PO-2025-00360,1,MAT-00893,56,78.98,4422.88,DELIVERED
POL-0000611,PO-2025-00360,2,MAT-00868,446,35.58,15868.68,DELIVERED
POL-0000612,PO-2025-00361,1,MAT-01004,700,11.94,8358.0,DELIVERED
POL-0000613,PO-2025-00362,1,MAT-00632,85,130.83,11120.55,DELIVERED
POL-0000614,PO-2025-00363,1,MAT-00871,1048,22.39,23464.72,DELIVERED
POL-0000615,PO-2025-00364,1,MAT-00781,1078,29.37,31660.86,DELIVERED
POL-0000616,PO-2025-00365,1,MAT-00223,597,50.15,29939.55,PENDING
POL-0000617,PO-2025-00365,2,MAT-00110,103,22.42,2309.26,PENDING
POL-0000618,PO-2025-00366,1,MAT-00872,431,10.02,4318.62,DELIVERED
POL-0000619,PO-2025-00367,1,MAT-00926,260,4.52,1175.2,DELIVERED
POL-0000620,PO-2025-00368,1,MAT-00648,2123,24.06,51079.38,DELIVERED
POL-0000621,PO-2025-00369,1,MAT-00205,1065,5.44,5793.6,OVERDUE
POL-0000622,PO-2025-00369,2,MAT-00515,1566,14.31,22409.46,OVERDUE
POL-0000623,PO-2025-00369,3,MAT-01059,3557,48.3,171803.1,OVERDUE
POL-0000624,PO-2025-00370,1,MAT-00123,4927,130.9,644944.3,DELIVERED
POL-0000625,PO-2025-00370,2,MAT-00986,96,7.51,720.96,DELIVERED
POL-0000626,PO-2025-00371,1,MAT-01145,84,21.86,1836.24,OVERDUE
POL-0000627,PO-2025-00372,1,MAT-00734,769,3.9,2999.1,OVERDUE
POL-0000628,PO-2025-00373,1,MAT-00837,39,154.21,6014.19,DELIVERED
POL-0000629,PO-2025-00374,1,MAT-00228,3941,7.91,31173.31,DELIVERED
POL-0000630,PO-2025-00375,1,MAT-00981,391,66.4,25962.4,DELIVERED
POL-0000631,PO-2025-00375,2,MAT-01091,1192,24.48,29180.16,DELIVERED
POL-0000632,PO-2025-00376,1,MAT-01135,76,18.83,1431.08,DELIVERED
POL-0000633,PO-2025-00377,1,MAT-00635,965,8.68,8376.2,DELIVERED
POL-0000634,PO-2025-00377,2,MAT-00665,112,11.14,1247.68,DELIVERED
POL-0000635,PO-2025-00378,1,MAT-00742,504,5.96,3003.84,DELIVERED
POL-0000636,PO-2025-00378,2,MAT-00753,107,8.73,934.11,DELIVERED
POL-0000637,PO-2025-00378,3,MAT-00957,117,38.32,4483.44,DELIVERED
POL-0000638,PO-2025-00379,1,MAT-00299,404,60.43,24413.72,DELIVERED
POL-0000639,PO-2025-00379,2,MAT-00917,214,48.1,10293.4,DELIVERED
POL-0000640,PO-2025-00379,3,MAT-01101,86,80.68,6938.48,DELIVERED
POL-0000641,PO-2025-00380,1,MAT-01007,1014,70.22,71203.08,DELIVERED
POL-0000642,PO-2025-00380,2,MAT-00498,914,20.15,18417.1,DELIVERED
POL-0000643,PO-2025-00381,1,MAT-00341,1610,10.09,16244.9,DELIVERED
POL-0000644,PO-2025-00381,2,MAT-00778,93,21.4,1990.2,DELIVERED
POL-0000645,PO-2025-00381,3,MAT-00150,114,32.61,3717.54,DELIVERED
POL-0000646,PO-2025-00382,1,MAT-00725,4136,28.78,119034.08,DELIVERED
POL-0000647,PO-2025-00383,1,MAT-00506,1132,14.65,16583.8,DELIVERED
POL-0000648,PO-2025-00383,2,MAT-00471,114,17.46,1990.44,DELIVERED
POL-0000649,PO-2025-00384,1,MAT-01117,219,341.91,74878.29,DELIVERED
POL-0000650,PO-2025-00385,1,MAT-00626,4151,14.4,59774.4,DELIVERED
POL-0000651,PO-2025-00385,2,MAT-00213,764,76.17,58193.88,DELIVERED
POL-0000652,PO-2025-00385,3,MAT-00812,2762,16.77,46318.74,DELIVERED
POL-0000653,PO-2025-00386,1,MAT-01035,844,14.5,12238.0,DELIVERED
POL-0000654,PO-2025-00387,1,MAT-00521,1075,4.17,4482.75,DELIVERED
POL-0000655,PO-2025-00388,1,MAT-00431,2801,7.03,19691.03,DELIVERED
POL-0000656,PO-2025-00388,2,MAT-01132,142,44.46,6313.32,DELIVERED
POL-0000657,PO-2025-00389,1,MAT-00657,150,28.52,4278.0,DELIVERED
POL-0000658,PO-2025-00390,1,MAT-00524,1026,51.02,52346.52,CANCELLED
POL-0000659,PO-2025-00391,1,MAT-00125,435,51.67,22476.45,DELIVERED
POL-0000660,PO-2025-00391,2,MAT-00215,52,18.37,955.24,DELIVERED
POL-0000661,PO-2025-00392,1,MAT-00921,67,76.15,5102.05,DELIVERED
POL-0000662,PO-2025-00393,1,MAT-01107,1814,48.98,88849.72,DELIVERED
POL-0000663,PO-2025-00394,1,MAT-01141,3272,20.07,65669.04,DELIVERED
POL-0000664,PO-2025-00395,1,MAT-00212,299,92.6,27687.4,CANCELLED
POL-0000665,PO-2025-00395,2,MAT-00803,4679,27.11,126847.69,CANCELLED
POL-0000666,PO-2025-00396,1,MAT-00322,299,53.98,16140.02,DELIVERED
POL-0000667,PO-2025-00397,1,MAT-01184,146,4.64,677.44,DELIVERED
POL-0000668,PO-2025-00398,1,MAT-00380,188,10.13,1904.44,OVERDUE
POL-0000669,PO-2025-00399,1,MAT-00791,1119,44.76,50086.44,DELIVERED
POL-0000670,PO-2025-00400,1,MAT-01144,2135,28.6,61061.0,DELIVERED
POL-0000671,PO-2025-00401,1,MAT-00388,116,187.97,21804.52,DELIVERED
POL-0000672,PO-2025-00402,1,MAT-00482,33,8.65,285.45,DELIVERED
POL-0000673,PO-2025-00402,2,MAT-01046,1005,69.27,69616.35,DELIVERED
POL-0000674,PO-2025-00403,1,MAT-00989,3201,18.9,60498.9,DELIVERED
POL-0000675,PO-2025-00403,2,MAT-00284,444,6.4,2841.6,DELIVERED
POL-0000676,PO-2025-00404,1,MAT-00634,113,16.76,1893.88,DELIVERED
POL-0000677,PO-2025-00404,2,MAT-00407,196,8.37,1640.52,DELIVERED
POL-0000678,PO-2025-00405,1,MAT-00035,426,67.89,28921.14,OVERDUE
POL-0000679,PO-2025-00406,1,MAT-00572,269,154.68,41608.92,DELIVERED
POL-0000680,PO-2025-00407,1,MAT-00095,183,15.95,2918.85,PENDING
POL-0000681,PO-2025-00407,2,MAT-00865,2074,12.6,26132.4,PENDING
POL-0000682,PO-2025-00407,3,MAT-00152,105,40.97,4301.85,PENDING
POL-0000683,PO-2025-00407,4,MAT-00805,466,15.46,7204.36,PENDING
POL-0000684,PO-2025-00408,1,MAT-00613,4567,36.77,167928.59,IN_TRANSIT
POL-0000685,PO-2025-00408,2,MAT-00461,4947,233.85,1156855.95,IN_TRANSIT
POL-0000686,PO-2025-00409,1,MAT-00004,4689,144.49,677513.61,DELIVERED
POL-0000687,PO-2025-00409,2,MAT-00551,2044,30.92,63200.48,DELIVERED
POL-0000688,PO-2025-00410,1,MAT-00962,88,102.48,9018.24,DELIVERED
POL-0000689,PO-2025-00410,2,MAT-00860,798,55.59,44360.82,DELIVERED
POL-0000690,PO-2025-00411,1,MAT-00603,174,65.44,11386.56,DELIVERED
POL-0000691,PO-2025-00411,2,MAT-00327,127,96.4,12242.8,DELIVERED
POL-0000692,PO-2025-00412,1,MAT-00941,308,6.32,1946.56,DELIVERED
POL-0000693,PO-2025-00412,2,MAT-01159,1473,76.87,113229.51,DELIVERED
POL-0000694,PO-2025-00413,1,MAT-01084,168,229.9,38623.2,DELIVERED
POL-0000695,PO-2025-00414,1,MAT-00370,458,10.05,4602.9,DELIVERED
POL-0000696,PO-2025-00414,2,MAT-00048,377,78.45,29575.65,DELIVERED
POL-0000697,PO-2025-00415,1,MAT-00485,113,11.23,1268.99,CANCELLED
POL-0000698,PO-2025-00416,1,MAT-00735,131,84.64,11087.84,DELIVERED
POL-0000699,PO-2025-00417,1,MAT-00012,244,14.52,3542.88,CANCELLED
POL-0000700,PO-2025-00417,2,MAT-01046,564,69.27,39068.28,CANCELLED
POL-0000701,PO-2025-00418,1,MAT-00242,92,20.76,1909.92,DELIVERED
POL-0000702,PO-2025-00418,2,MAT-00283,73,150.43,10981.39,DELIVERED
POL-0000703,PO-2025-00419,1,MAT-00789,1084,25.4,27533.6,DELIVERED
POL-0000704,PO-2025-00419,2,MAT-01130,394,37.06,14601.64,DELIVERED
POL-0000705,PO-2025-00420,1,MAT-00189,781,10.69,8348.89,DELIVERED
POL-0000706,PO-2025-00421,1,MAT-00978,113,1.78,201.14,DELIVERED
POL-0000707,PO-2025-00421,2,MAT-00542,971,7.41,7195.11,DELIVERED
POL-0000708,PO-2025-00421,3,MAT-00751,516,9.47,4886.52,DELIVERED
POL-0000709,PO-2025-00422,1,MAT-00271,2166,130.15,281904.9,DELIVERED
POL-0000710,PO-2025-00423,1,MAT-00093,1094,11.8,12909.2,DELIVERED
POL-0000711,PO-2025-00424,1,MAT-00290,1649,12.44,20513.56,DELIVERED
POL-0000712,PO-2025-00425,1,MAT-00102,2368,15.85,37532.8,DELIVERED
POL-0000713,PO-2025-00425,2,MAT-00564,240,17.34,4161.6,DELIVERED
POL-0000714,PO-2025-00426,1,MAT-00941,445,6.32,2812.4,DELIVERED
POL-0000715,PO-2025-00427,1,MAT-00364,52,37.38,1943.76,OVERDUE
POL-0000716,PO-2025-00427,2,MAT-00120,1355,54.58,73955.9,OVERDUE
POL-0000717,PO-2025-00427,3,MAT-01066,901,8.04,7244.04,OVERDUE
POL-0000718,PO-2025-00428,1,MAT-01059,3868,48.3,186824.4,IN_TRANSIT
POL-0000719,PO-2025-00428,2,MAT-00493,1360,29.45,40052.0,IN_TRANSIT
POL-0000720,PO-2025-00429,1,MAT-00860,1181,55.59,65651.79,CANCELLED
POL-0000721,PO-2025-00430,1,MAT-00765,2385,91.59,218442.15,DELIVERED
POL-0000722,PO-2025-00430,2,MAT-00121,341,59.21,20190.61,DELIVERED
POL-0000723,PO-2025-00431,1,MAT-01177,218,4.33,943.94,IN_TRANSIT
POL-0000724,PO-2025-00431,2,MAT-00224,2462,3.99,9823.38,IN_TRANSIT
POL-0000725,PO-2025-00432,1,MAT-00177,29,25.39,736.31,DELIVERED
POL-0000726,PO-2025-00432,2,MAT-00743,47,13.32,626.04,DELIVERED
POL-0000727,PO-2025-00433,1,MAT-00903,1283,29.08,37309.64,DELIVERED
POL-0000728,PO-2025-00434,1,MAT-00882,462,14.83,6851.46,DELIVERED
POL-0000729,PO-2025-00435,1,MAT-00178,89,138.41,12318.49,DELIVERED
POL-0000730,PO-2025-00436,1,MAT-01163,1115,6.11,6812.65,DELIVERED
POL-0000731,PO-2025-00436,2,MAT-00845,594,33.47,19881.18,DELIVERED
POL-0000732,PO-2025-00437,1,MAT-00527,982,4.28,4202.96,DELIVERED
POL-0000733,PO-2025-00438,1,MAT-01055,78,13.19,1028.82,DELIVERED
POL-0000734,PO-2025-00439,1,MAT-00437,2407,152.09,366080.63,DELIVERED
POL-0000735,PO-2025-00440,1,MAT-01150,114,10.88,1240.32,DELIVERED
POL-0000736,PO-2025-00441,1,MAT-00437,4295,152.09,653226.55,DELIVERED
POL-0000737,PO-2025-00441,2,MAT-00691,448,16.58,7427.84,DELIVERED
POL-0000738,PO-2025-00442,1,MAT-00311,159,19.43,3089.37,DELIVERED
POL-0000739,PO-2025-00443,1,MAT-00080,247,2.95,728.65,DELIVERED
POL-0000740,PO-2025-00444,1,MAT-00515,1135,14.31,16241.85,DELIVERED
POL-0000741,PO-2025-00444,2,MAT-00467,1265,46.79,59189.35,DELIVERED
POL-0000742,PO-2025-00444,3,MAT-00611,262,57.93,15177.66,DELIVERED
POL-0000743,PO-2025-00444,4,MAT-00283,79,150.43,11883.97,DELIVERED
POL-0000744,PO-2025-00445,1,MAT-00678,1053,160.83,169353.99,DELIVERED
POL-0000745,PO-2025-00446,1,MAT-00103,330,16.35,5395.5,DELIVERED
POL-0000746,PO-2025-00447,1,MAT-00814,25,33.95,848.75,DELIVERED
POL-0000747,PO-2025-00447,2,MAT-00070,158,12.85,2030.3,DELIVERED
POL-0000748,PO-2025-00448,1,MAT-00683,2237,14.72,32928.64,DELIVERED
POL-0000749,PO-2025-00448,2,MAT-00057,3664,9.87,36163.68,DELIVERED
POL-0000750,PO-2025-00449,1,MAT-00209,4987,43.72,218031.64,PENDING
POL-0000751,PO-2025-00449,2,MAT-00948,411,11.94,4907.34,PENDING
POL-0000752,PO-2025-00449,3,MAT-00795,68,7.58,515.44,PENDING
POL-0000753,PO-2025-00449,4,MAT-00040,156,31.14,4857.84,PENDING
POL-0000754,PO-2025-00450,1,MAT-00605,1672,39.73,66428.56,DELIVERED
POL-0000755,PO-2025-00450,2,MAT-00049,1312,37.58,49304.96,DELIVERED
POL-0000756,PO-2025-00451,1,MAT-00760,94,54.98,5168.12,DELIVERED
POL-0000757,PO-2025-00451,2,MAT-00171,186,9.09,1690.74,DELIVERED
POL-0000758,PO-2025-00451,3,MAT-00002,457,21.88,9999.16,DELIVERED
POL-0000759,PO-2025-00452,1,MAT-00277,2300,30.42,69966.0,OVERDUE
POL-0000760,PO-2025-00452,2,MAT-00732,448,8.69,3893.12,OVERDUE
POL-0000761,PO-2025-00453,1,MAT-00122,379,9.54,3615.66,DELIVERED
POL-0000762,PO-2025-00453,2,MAT-00104,32,9.85,315.2,DELIVERED
POL-0000763,PO-2025-00454,1,MAT-00228,4626,7.91,36591.66,OVERDUE
POL-0000764,PO-2025-00454,2,MAT-00711,4866,34.88,169726.08,OVERDUE
POL-0000765,PO-2025-00454,3,MAT-00532,2760,4.5,12420.0,OVERDUE
POL-0000766,PO-2025-00455,1,MAT-00696,4823,17.59,84836.57,IN_TRANSIT
POL-0000767,PO-2025-00456,1,MAT-01009,713,74.38,53032.94,DELIVERED
POL-0000768,PO-2025-00456,2,MAT-01128,29,11.12,322.48,DELIVERED
POL-0000769,PO-2025-00456,3,MAT-00725,3833,28.78,110313.74,DELIVERED
POL-0000770,PO-2025-00457,1,MAT-00750,59,5.8,342.2,DELIVERED
POL-0000771,PO-2025-00457,2,MAT-00805,215,15.46,3323.9,DELIVERED
POL-0000772,PO-2025-00457,3,MAT-00443,2439,2.45,5975.55,DELIVERED
POL-0000773,PO-2025-00458,1,MAT-00025,2375,13.45,31943.75,DELIVERED
POL-0000774,PO-2025-00459,1,MAT-00440,101,24.07,2431.07,DELIVERED
POL-0000775,PO-2025-00459,2,MAT-00132,322,29.72,9569.84,DELIVERED
POL-0000776,PO-2025-00460,1,MAT-00615,86,393.03,33800.58,CANCELLED
POL-0000777,PO-2025-00461,1,MAT-00357,2495,24.25,60503.75,DELIVERED
POL-0000778,PO-2025-00462,1,MAT-01162,566,295.71,167371.86,DELIVERED
POL-0000779,PO-2025-00463,1,MAT-00835,1356,25.41,34455.96,DELIVERED
POL-0000780,PO-2025-00464,1,MAT-01122,145,99.6,14442.0,DELIVERED
POL-0000781,PO-2025-00464,2,MAT-00091,4113,29.94,123143.22,DELIVERED
POL-0000782,PO-2025-00465,1,MAT-00495,75,132.83,9962.25,IN_TRANSIT
POL-0000783,PO-2025-00465,2,MAT-00447,182,38.86,7072.52,IN_TRANSIT
POL-0000784,PO-2025-00466,1,MAT-01168,62,50.51,3131.62,DELIVERED
POL-0000785,PO-2025-00466,2,MAT-00461,1082,233.85,253025.7,DELIVERED
POL-0000786,PO-2025-00466,3,MAT-00805,296,15.46,4576.16,DELIVERED
POL-0000787,PO-2025-00466,4,MAT-00773,1008,48.74,49129.92,DELIVERED
POL-0000788,PO-2025-00467,1,MAT-00322,597,53.98,32226.06,DELIVERED
POL-0000789,PO-2025-00468,1,MAT-00023,505,26.29,13276.45,DELIVERED
POL-0000790,PO-2025-00469,1,MAT-00802,1735,15.7,27239.5,DELIVERED
POL-0000791,PO-2025-00470,1,MAT-00126,232,271.29,62939.28,DELIVERED
POL-0000792,PO-2025-00471,1,MAT-00196,289,35.98,10398.22,DELIVERED
POL-0000793,PO-2025-00472,1,MAT-00864,2418,168.91,408424.38,DELIVERED
POL-0000794,PO-2025-00472,2,MAT-01139,232,51.2,11878.4,DELIVERED
POL-0000795,PO-2025-00473,1,MAT-01046,1136,69.27,78690.72,PENDING
POL-0000796,PO-2025-00474,1,MAT-00239,1544,13.02,20102.88,DELIVERED
POL-0000797,PO-2025-00475,1,MAT-00014,4694,3.31,15537.14,IN_TRANSIT
POL-0000798,PO-2025-00475,2,MAT-00935,116,44.85,5202.6,IN_TRANSIT
POL-0000799,PO-2025-00475,3,MAT-01153,1612,12.76,20569.12,IN_TRANSIT
POL-0000800,PO-2025-00475,4,MAT-01113,2804,71.94,201719.76,IN_TRANSIT
POL-0000801,PO-2025-00476,1,MAT-01159,4084,76.87,313937.08,DELIVERED
POL-0000802,PO-2025-00476,2,MAT-00639,83,5.89,488.87,DELIVERED
POL-0000803,PO-2025-00477,1,MAT-00096,1716,5.63,9661.08,DELIVERED
POL-0000804,PO-2025-00477,2,MAT-00018,2269,39.05,88604.45,DELIVERED
POL-0000805,PO-2025-00477,3,MAT-00290,1415,12.44,17602.6,DELIVERED
POL-0000806,PO-2025-00478,1,MAT-00725,4559,28.78,131208.02,DELIVERED
POL-0000807,PO-2025-00478,2,MAT-00259,1004,44.12,44296.48,DELIVERED
POL-0000808,PO-2025-00478,3,MAT-00912,1458,30.69,44746.02,DELIVERED
POL-0000809,PO-2025-00478,4,MAT-00706,109,49.23,5366.07,DELIVERED
POL-0000810,PO-2025-00479,1,MAT-00463,41,12.08,495.28,DELIVERED
POL-0000811,PO-2025-00479,2,MAT-00351,317,37.0,11729.0,DELIVERED
POL-0000812,PO-2025-00480,1,MAT-01075,1872,77.99,145997.28,PENDING
POL-0000813,PO-2025-00480,2,MAT-01159,1377,76.87,105849.99,PENDING
POL-0000814,PO-2025-00481,1,MAT-00218,800,19.32,15456.0,DELIVERED
POL-0000815,PO-2025-00482,1,MAT-00168,190,189.97,36094.3,DELIVERED
POL-0000816,PO-2025-00483,1,MAT-00193,2046,32.7,66904.2,DELIVERED
POL-0000817,PO-2025-00483,2,MAT-00485,72,11.23,808.56,DELIVERED
POL-0000818,PO-2025-00484,1,MAT-00443,2317,2.45,5676.65,DELIVERED
POL-0000819,PO-2025-00485,1,MAT-00983,446,9.13,4071.98,DELIVERED
POL-0000820,PO-2025-00485,2,MAT-00197,498,10.51,5233.98,DELIVERED
POL-0000821,PO-2025-00485,3,MAT-00283,41,150.43,6167.63,DELIVERED
POL-0000822,PO-2025-00486,1,MAT-00977,160,15.0,2400.0,PENDING
POL-0000823,PO-2025-00487,1,MAT-00604,309,120.87,37348.83,DELIVERED
POL-0000824,PO-2025-00487,2,MAT-00182,210,10.58,2221.8,DELIVERED
POL-0000825,PO-2025-00487,3,MAT-00998,247,52.87,13058.89,DELIVERED
POL-0000826,PO-2025-00488,1,MAT-00433,482,18.12,8733.84,DELIVERED
POL-0000827,PO-2025-00488,2,MAT-01183,3409,73.63,251004.67,DELIVERED
POL-0000828,PO-2025-00488,3,MAT-00402,951,14.37,13665.87,DELIVERED
POL-0000829,PO-2025-00488,4,MAT-00260,394,64.9,25570.6,DELIVERED
POL-0000830,PO-2025-00489,1,MAT-00027,2107,7.89,16624.23,DELIVERED
POL-0000831,PO-2025-00489,2,MAT-00306,93,31.01,2883.93,DELIVERED
POL-0000832,PO-2025-00489,3,MAT-00269,76,16.2,1231.2,DELIVERED
POL-0000833,PO-2025-00489,4,MAT-00899,2992,92.02,275323.84,DELIVERED
POL-0000834,PO-2025-00490,1,MAT-00261,229,9.62,2202.98,DELIVERED
POL-0000835,PO-2025-00491,1,MAT-00268,2013,4.89,9843.57,DELIVERED
POL-0000836,PO-2025-00492,1,MAT-00404,480,27.52,13209.6,DELIVERED
POL-0000837,PO-2025-00492,2,MAT-00902,706,15.79,11147.74,DELIVERED
POL-0000838,PO-2025-00493,1,MAT-00729,101,15.56,1571.56,DELIVERED
POL-0000839,PO-2025-00494,1,MAT-00047,187,14.98,2801.26,DELIVERED
POL-0000840,PO-2025-00494,2,MAT-00152,287,40.97,11758.39,DELIVERED
POL-0000841,PO-2025-00494,3,MAT-00775,111,47.0,5217.0,DELIVERED
POL-0000842,PO-2025-00495,1,MAT-00084,513,13.84,7099.92,DELIVERED
POL-0000843,PO-2025-00495,2,MAT-01109,107,12.76,1365.32,DELIVERED
POL-0000844,PO-2025-00496,1,MAT-00137,105,10.76,1129.8,DELIVERED
POL-0000845,PO-2025-00496,2,MAT-00416,4755,12.29,58438.95,DELIVERED
POL-0000846,PO-2025-00497,1,MAT-00860,616,55.59,34243.44,IN_TRANSIT
POL-0000847,PO-2025-00498,1,MAT-01142,2842,119.95,340897.9,DELIVERED
POL-0000848,PO-2025-00498,2,MAT-00084,633,13.84,8760.72,DELIVERED
POL-0000849,PO-2025-00498,3,MAT-00807,2359,30.8,72657.2,DELIVERED
POL-0000850,PO-2025-00499,1,MAT-00173,536,24.6,13185.6,DELIVERED
POL-0000851,PO-2025-00500,1,MAT-00522,122,48.45,5910.9,DELIVERED
POL-0000852,PO-2025-00501,1,MAT-00628,220,21.55,4741.0,DELIVERED
POL-0000853,PO-2025-00502,1,MAT-00772,635,12.97,8235.95,DELIVERED
POL-0000854,PO-2025-00502,2,MAT-00889,4528,51.09,231335.52,DELIVERED
POL-0000855,PO-2025-00502,3,MAT-00241,67,10.63,712.21,DELIVERED
POL-0000856,PO-2025-00503,1,MAT-00301,116,10.18,1180.88,DELIVERED
POL-0000857,PO-2025-00503,2,MAT-00704,476,5.04,2399.04,DELIVERED
POL-0000858,PO-2025-00504,1,MAT-01137,76,86.68,6587.68,DELIVERED
POL-0000859,PO-2025-00505,1,MAT-01052,374,39.07,14612.18,CANCELLED
POL-0000860,PO-2025-00505,2,MAT-00201,3959,37.48,148383.32,CANCELLED
POL-0000861,PO-2025-00506,1,MAT-00835,2314,25.41,58798.74,PENDING
POL-0000862,PO-2025-00506,2,MAT-00174,1816,39.12,71041.92,PENDING
POL-0000863,PO-2025-00507,1,MAT-01170,210,64.75,13597.5,DELIVERED
POL-0000864,PO-2025-00507,2,MAT-00275,388,8.09,3138.92,DELIVERED
POL-0000865,PO-2025-00508,1,MAT-00577,1229,32.71,40200.59,OVERDUE
POL-0000866,PO-2025-00508,2,MAT-00484,949,31.07,29485.43,OVERDUE
POL-0000867,PO-2025-00509,1,MAT-00534,65,6.61,429.65,DELIVERED
POL-0000868,PO-2025-00510,1,MAT-00750,103,5.8,597.4,DELIVERED
POL-0000869,PO-2025-00510,2,MAT-00957,205,38.32,7855.6,DELIVERED
POL-0000870,PO-2025-00510,3,MAT-00800,1166,26.27,30630.82,DELIVERED
POL-0000871,PO-2025-00510,4,MAT-01155,370,149.31,55244.7,DELIVERED
POL-0000872,PO-2025-00511,1,MAT-01023,970,23.04,22348.8,DELIVERED
POL-0000873,PO-2025-00511,2,MAT-00550,3886,12.78,49663.08,DELIVERED
POL-0000874,PO-2025-00512,1,MAT-00688,814,17.7,14407.8,CANCELLED
POL-0000875,PO-2025-00513,1,MAT-00555,75,38.96,2922.0,OVERDUE
POL-0000876,PO-2025-00513,2,MAT-00131,680,4.8,3264.0,OVERDUE
POL-0000877,PO-2025-00514,1,MAT-00575,272,58.55,15925.6,DELIVERED
POL-0000878,PO-2025-00515,1,MAT-00017,174,9.18,1597.32,DELIVERED
POL-0000879,PO-2025-00515,2,MAT-00818,845,65.99,55761.55,DELIVERED
POL-0000880,PO-2025-00515,3,MAT-00662,4146,15.18,62936.28,DELIVERED
POL-0000881,PO-2025-00516,1,MAT-00761,72,14.1,1015.2,DELIVERED
POL-0000882,PO-2025-00517,1,MAT-00491,489,26.72,13066.08,OVERDUE
POL-0000883,PO-2025-00518,1,MAT-00244,107,63.18,6760.26,DELIVERED
POL-0000884,PO-2025-00518,2,MAT-00543,90,42.16,3794.4,DELIVERED
POL-0000885,PO-2025-00518,3,MAT-01196,1781,44.16,78648.96,DELIVERED
POL-0000886,PO-2025-00519,1,MAT-00323,55,10.79,593.45,DELIVERED
POL-0000887,PO-2025-00520,1,MAT-00115,952,22.51,21429.52,DELIVERED
POL-0000888,PO-2025-00520,2,MAT-00038,27,3.22,86.94,DELIVERED
POL-0000889,PO-2025-00521,1,MAT-00250,370,42.88,15865.6,OVERDUE
POL-0000890,PO-2025-00522,1,MAT-00755,227,9.46,2147.42,OVERDUE
POL-0000891,PO-2025-00522,2,MAT-00429,2450,85.43,209303.5,OVERDUE
POL-0000892,PO-2025-00523,1,MAT-00573,1421,37.85,53784.85,OVERDUE
POL-0000893,PO-2025-00524,1,MAT-00547,121,47.33,5726.93,DELIVERED
POL-0000894,PO-2025-00525,1,MAT-00052,945,15.67,14808.15,OVERDUE
POL-0000895,PO-2025-00525,2,MAT-00911,142,18.73,2659.66,OVERDUE
POL-0000896,PO-2025-00525,3,MAT-00271,1654,130.15,215268.1,OVERDUE
POL-0000897,PO-2025-00526,1,MAT-00820,722,90.41,65276.02,DELIVERED
POL-0000898,PO-2025-00527,1,MAT-00127,1182,9.12,10779.84,DELIVERED
POL-0000899,PO-2025-00527,2,MAT-00129,27,31.21,842.67,DELIVERED
POL-0000900,PO-2025-00527,3,MAT-00753,115,8.73,1003.95,DELIVERED
POL-0000901,PO-2025-00528,1,MAT-01064,442,3.59,1586.78,DELIVERED
POL-0000902,PO-2025-00529,1,MAT-00365,1825,51.48,93951.0,DELIVERED
POL-0000903,PO-2025-00530,1,MAT-00400,487,96.78,47131.86,DELIVERED
POL-0000904,PO-2025-00531,1,MAT-00253,1755,283.71,497911.05,PENDING
POL-0000905,PO-2025-00532,1,MAT-00178,44,138.41,6090.04,OVERDUE
POL-0000906,PO-2025-00533,1,MAT-00709,115,2.49,286.35,DELIVERED
POL-0000907,PO-2025-00534,1,MAT-00055,3876,78.07,302599.32,DELIVERED
POL-0000908,PO-2025-00535,1,MAT-00722,188,4.1,770.8,DELIVERED
POL-0000909,PO-2025-00536,1,MAT-00907,1697,6.14,10419.58,OVERDUE
POL-0000910,PO-2025-00536,2,MAT-00589,61,64.45,3931.45,OVERDUE
POL-0000911,PO-2025-00537,1,MAT-00971,2707,28.49,77122.43,DELIVERED
POL-0000912,PO-2025-00538,1,MAT-01039,119,30.4,3617.6,DELIVERED
POL-0000913,PO-2025-00539,1,MAT-00941,483,6.32,3052.56,DELIVERED
POL-0000914,PO-2025-00540,1,MAT-01036,2965,155.05,459723.25,DELIVERED
POL-0000915,PO-2025-00541,1,MAT-00320,429,22.51,9656.79,DELIVERED
POL-0000916,PO-2025-00541,2,MAT-01134,94,44.39,4172.66,DELIVERED
POL-0000917,PO-2025-00541,3,MAT-01144,1855,28.6,53053.0,DELIVERED
POL-0000918,PO-2025-00542,1,MAT-00375,68,270.63,18402.84,DELIVERED
POL-0000919,PO-2025-00542,2,MAT-00537,3136,10.62,33304.32,DELIVERED
POL-0000920,PO-2025-00542,3,MAT-00529,102,36.94,3767.88,DELIVERED
POL-0000921,PO-2025-00543,1,MAT-00980,158,60.76,9600.08,DELIVERED
POL-0000922,PO-2025-00544,1,MAT-00444,2339,22.79,53305.81,PENDING
POL-0000923,PO-2025-00544,2,MAT-01042,266,14.79,3934.14,PENDING
POL-0000924,PO-2025-00544,3,MAT-00218,1004,19.32,19397.28,PENDING
POL-0000925,PO-2025-00544,4,MAT-00599,100,16.78,1678.0,PENDING
POL-0000926,PO-2025-00545,1,MAT-00316,93,27.03,2513.79,DELIVERED
POL-0000927,PO-2025-00545,2,MAT-00378,1714,32.63,55927.82,DELIVERED
POL-0000928,PO-2025-00546,1,MAT-00725,3471,28.78,99895.38,DELIVERED
POL-0000929,PO-2025-00546,2,MAT-00692,461,84.82,39102.02,DELIVERED
POL-0000930,PO-2025-00546,3,MAT-00101,1150,5.32,6118.0,DELIVERED
POL-0000931,PO-2025-00547,1,MAT-00497,3126,7.66,23945.16,DELIVERED
POL-0000932,PO-2025-00547,2,MAT-00557,129,14.49,1869.21,DELIVERED
POL-0000933,PO-2025-00548,1,MAT-01008,919,54.19,49800.61,DELIVERED
POL-0000934,PO-2025-00549,1,MAT-00470,26,14.39,374.14,DELIVERED
POL-0000935,PO-2025-00550,1,MAT-00147,151,6.15,928.65,DELIVERED
POL-0000936,PO-2025-00550,2,MAT-00588,913,10.35,9449.55,DELIVERED
POL-0000937,PO-2025-00551,1,MAT-00470,52,14.39,748.28,DELIVERED
POL-0000938,PO-2025-00552,1,MAT-00976,209,3.26,681.34,DELIVERED
POL-0000939,PO-2025-00552,2,MAT-00138,1236,19.38,23953.68,DELIVERED
POL-0000940,PO-2025-00553,1,MAT-00877,101,14.6,1474.6,IN_TRANSIT
POL-0000941,PO-2025-00554,1,MAT-00701,3682,13.66,50296.12,DELIVERED
POL-0000942,PO-2025-00554,2,MAT-01181,1941,29.63,57511.83,DELIVERED
POL-0000943,PO-2025-00555,1,MAT-00434,173,51.67,8938.91,DELIVERED
POL-0000944,PO-2025-00556,1,MAT-00978,122,1.78,217.16,DELIVERED
POL-0000945,PO-2025-00557,1,MAT-00031,339,12.93,4383.27,DELIVERED
POL-0000946,PO-2025-00557,2,MAT-00630,32,90.2,2886.4,DELIVERED
POL-0000947,PO-2025-00558,1,MAT-00414,2851,95.4,271985.4,OVERDUE
POL-0000948,PO-2025-00558,2,MAT-01161,179,1.66,297.14,OVERDUE
POL-0000949,PO-2025-00559,1,MAT-00832,1481,8.81,13047.61,DELIVERED
POL-0000950,PO-2025-00560,1,MAT-00991,123,35.34,4346.82,IN_TRANSIT
POL-0000951,PO-2025-00560,2,MAT-00380,76,10.13,769.88,IN_TRANSIT
POL-0000952,PO-2025-00561,1,MAT-00798,121,51.28,6204.88,CANCELLED
POL-0000953,PO-2025-00561,2,MAT-01096,174,24.14,4200.36,CANCELLED
POL-0000954,PO-2025-00562,1,MAT-01116,887,35.7,31665.9,PENDING
POL-0000955,PO-2025-00563,1,MAT-00426,1019,122.87,125204.53,DELIVERED
POL-0000956,PO-2025-00564,1,MAT-00674,975,17.6,17160.0,DELIVERED
POL-0000957,PO-2025-00565,1,MAT-01185,81,9.35,757.35,DELIVERED
POL-0000958,PO-2025-00566,1,MAT-00142,1256,108.48,136250.88,DELIVERED
POL-0000959,PO-2025-00567,1,MAT-00580,1004,89.7,90058.8,DELIVERED
POL-0000960,PO-2025-00567,2,MAT-00862,243,4.61,1120.23,DELIVERED
POL-0000961,PO-2025-00568,1,MAT-00951,685,20.4,13974.0,DELIVERED
POL-0000962,PO-2025-00568,2,MAT-00822,54,129.03,6967.62,DELIVERED
POL-0000963,PO-2025-00569,1,MAT-00918,2132,34.2,72914.4,OVERDUE
POL-0000964,PO-2025-00570,1,MAT-00790,4431,4.0,17724.0,DELIVERED
POL-0000965,PO-2025-00571,1,MAT-00068,470,81.19,38159.3,DELIVERED
POL-0000966,PO-2025-00572,1,MAT-00408,346,19.97,6909.62,CANCELLED
POL-0000967,PO-2025-00572,2,MAT-00952,69,38.65,2666.85,CANCELLED
POL-0000968,PO-2025-00573,1,MAT-00226,114,87.58,9984.12,DELIVERED
POL-0000969,PO-2025-00574,1,MAT-00102,2399,15.85,38024.15,DELIVERED
POL-0000970,PO-2025-00575,1,MAT-00331,182,25.68,4673.76,PENDING
POL-0000971,PO-2025-00576,1,MAT-00614,466,7.97,3714.02,DELIVERED
POL-0000972,PO-2025-00576,2,MAT-01147,1090,7.16,7804.4,DELIVERED
POL-0000973,PO-2025-00577,1,MAT-00687,1327,19.31,25624.37,PENDING
POL-0000974,PO-2025-00577,2,MAT-00891,1992,68.06,135575.52,PENDING
POL-0000975,PO-2025-00577,3,MAT-00677,100,7.13,713.0,PENDING
POL-0000976,PO-2025-00578,1,MAT-00599,208,16.78,3490.24,DELIVERED
POL-0000977,PO-2025-00578,2,MAT-00626,3447,14.4,49636.8,DELIVERED
POL-0000978,PO-2025-00579,1,MAT-00811,2033,20.36,41391.88,DELIVERED
POL-0000979,PO-2025-00579,2,MAT-01185,140,9.35,1309.0,DELIVERED
POL-0000980,PO-2025-00579,3,MAT-00464,3299,30.4,100289.6,DELIVERED
POL-0000981,PO-2025-00580,1,MAT-00553,1086,90.33,98098.38,DELIVERED
POL-0000982,PO-2025-00580,2,MAT-01150,42,10.88,456.96,DELIVERED
POL-0000983,PO-2025-00581,1,MAT-00460,389,6.99,2719.11,DELIVERED
POL-0000984,PO-2025-00582,1,MAT-00448,103,8.88,914.64,DELIVERED
POL-0000985,PO-2025-00583,1,MAT-01170,222,64.75,14374.5,DELIVERED
POL-0000986,PO-2025-00584,1,MAT-00089,2390,13.87,33149.3,DELIVERED
POL-0000987,PO-2025-00584,2,MAT-00588,880,10.35,9108.0,DELIVERED
POL-0000988,PO-2025-00584,3,MAT-00846,62,41.22,2555.64,DELIVERED
POL-0000989,PO-2025-00585,1,MAT-00968,2207,192.33,424472.31,DELIVERED
POL-0000990,PO-2025-00586,1,MAT-01161,194,1.66,322.04,DELIVERED
POL-0000991,PO-2025-00587,1,MAT-00458,121,8.73,1056.33,DELIVERED
POL-0000992,PO-2025-00587,2,MAT-00280,4115,17.99,74028.85,DELIVERED
POL-0000993,PO-2025-00588,1,MAT-00418,77,31.86,2453.22,DELIVERED
POL-0000994,PO-2025-00588,2,MAT-00803,1761,27.11,47740.71,DELIVERED
POL-0000995,PO-2025-00588,3,MAT-01193,587,13.05,7660.35,DELIVERED
POL-0000996,PO-2025-00589,1,MAT-00966,329,132.2,43493.8,CANCELLED
POL-0000997,PO-2025-00590,1,MAT-00448,175,8.88,1554.0,DELIVERED
POL-0000998,PO-2025-00590,2,MAT-00671,1293,93.17,120468.81,DELIVERED
POL-0000999,PO-2025-00591,1,MAT-00454,2483,46.37,115136.71,DELIVERED
POL-0001000,PO-2025-00592,1,MAT-00420,1182,25.29,29892.78,DELIVERED
POL-0001001,PO-2025-00593,1,MAT-00278,86,14.49,1246.14,DELIVERED
POL-0001002,PO-2025-00594,1,MAT-00833,140,7.83,1096.2,DELIVERED
POL-0001003,PO-2025-00595,1,MAT-01187,55,9.34,513.7,DELIVERED
POL-0001004,PO-2025-00596,1,MAT-01131,100,38.46,3846.0,DELIVERED
POL-0001005,PO-2025-00597,1,MAT-00103,688,16.35,11248.8,DELIVERED
POL-0001006,PO-2025-00597,2,MAT-00586,314,33.81,10616.34,DELIVERED
POL-0001007,PO-2025-00597,3,MAT-00540,876,14.25,12483.0,DELIVERED
POL-0001008,PO-2025-00597,4,MAT-00077,110,30.35,3338.5,DELIVERED
POL-0001009,PO-2025-00598,1,MAT-00653,1084,18.07,19587.88,DELIVERED
POL-0001010,PO-2025-00598,2,MAT-00097,1653,38.03,62863.59,DELIVERED
POL-0001011,PO-2025-00599,1,MAT-01146,200,28.45,5690.0,DELIVERED
POL-0001012,PO-2025-00600,1,MAT-00327,174,96.4,16773.6,DELIVERED
POL-0001013,PO-2025-00600,2,MAT-00479,259,761.57,197246.63,DELIVERED
POL-0001014,PO-2025-00600,3,MAT-00034,153,8.39,1283.67,DELIVERED
POL-0001015,PO-2025-00600,4,MAT-00822,82,129.03,10580.46,DELIVERED
POL-0001016,PO-2025-00601,1,MAT-00221,1877,352.89,662374.53,OVERDUE
POL-0001017,PO-2025-00602,1,MAT-00520,74,58.4,4321.6,DELIVERED
POL-0001018,PO-2025-00602,2,MAT-00877,103,14.6,1503.8,DELIVERED
POL-0001019,PO-2025-00603,1,MAT-00748,291,11.55,3361.05,DELIVERED
POL-0001020,PO-2025-00604,1,MAT-00712,105,21.29,2235.45,OVERDUE
POL-0001021,PO-2025-00605,1,MAT-00759,1160,10.65,12354.0,DELIVERED
POL-0001022,PO-2025-00605,2,MAT-01192,806,6.1,4916.6,DELIVERED
POL-0001023,PO-2025-00605,3,MAT-00530,2132,8.81,18782.92,DELIVERED
POL-0001024,PO-2025-00606,1,MAT-00350,240,22.16,5318.4,DELIVERED
POL-0001025,PO-2025-00606,2,MAT-00270,29,31.02,899.58,DELIVERED
POL-0001026,PO-2025-00607,1,MAT-01107,3326,48.98,162907.48,DELIVERED
POL-0001027,PO-2025-00607,2,MAT-00034,136,8.39,1141.04,DELIVERED
POL-0001028,PO-2025-00607,3,MAT-00334,2415,12.59,30404.85,DELIVERED
POL-0001029,PO-2025-00607,4,MAT-00272,54,5.47,295.38,DELIVERED
POL-0001030,PO-2025-00608,1,MAT-00765,2332,91.59,213587.88,DELIVERED
POL-0001031,PO-2025-00608,2,MAT-00531,3642,54.83,199690.86,DELIVERED
POL-0001032,PO-2025-00609,1,MAT-01120,88,80.79,7109.52,DELIVERED
POL-0001033,PO-2025-00610,1,MAT-01015,1082,157.79,170728.78,DELIVERED
POL-0001034,PO-2025-00610,2,MAT-00375,117,270.63,31663.71,DELIVERED
POL-0001035,PO-2025-00611,1,MAT-00103,1122,16.35,18344.7,DELIVERED
POL-0001036,PO-2025-00612,1,MAT-00903,4488,29.08,130511.04,DELIVERED
POL-0001037,PO-2025-00613,1,MAT-00132,1205,29.72,35812.6,DELIVERED
POL-0001038,PO-2025-00614,1,MAT-00703,504,12.47,6284.88,DELIVERED
POL-0001039,PO-2025-00615,1,MAT-01039,280,30.4,8512.0,DELIVERED
POL-0001040,PO-2025-00615,2,MAT-00157,208,216.85,45104.8,DELIVERED
POL-0001041,PO-2025-00616,1,MAT-00205,780,5.44,4243.2,DELIVERED
POL-0001042,PO-2025-00617,1,MAT-01052,321,39.07,12541.47,DELIVERED
POL-0001043,PO-2025-00617,2,MAT-00103,919,16.35,15025.65,DELIVERED
POL-0001044,PO-2025-00617,3,MAT-00152,281,40.97,11512.57,DELIVERED
POL-0001045,PO-2025-00617,4,MAT-00102,4451,15.85,70548.35,DELIVERED
POL-0001046,PO-2025-00618,1,MAT-00993,4730,21.06,99613.8,PENDING
POL-0001047,PO-2025-00618,2,MAT-00310,60,19.19,1151.4,PENDING
POL-0001048,PO-2025-00619,1,MAT-00516,1147,55.41,63555.27,DELIVERED
POL-0001049,PO-2025-00619,2,MAT-00225,1487,14.79,21992.73,DELIVERED
POL-0001050,PO-2025-00620,1,MAT-00354,1996,23.19,46287.24,OVERDUE
POL-0001051,PO-2025-00620,2,MAT-00512,94,22.65,2129.1,OVERDUE
POL-0001052,PO-2025-00620,3,MAT-00931,431,13.9,5990.9,OVERDUE
POL-0001053,PO-2025-00621,1,MAT-00044,42,20.06,842.52,DELIVERED
POL-0001054,PO-2025-00622,1,MAT-00657,89,28.52,2538.28,DELIVERED
POL-0001055,PO-2025-00623,1,MAT-00004,2771,144.49,400381.79,CANCELLED
POL-0001056,PO-2025-00624,1,MAT-00038,58,3.22,186.76,DELIVERED
POL-0001057,PO-2025-00624,2,MAT-00555,71,38.96,2766.16,DELIVERED
POL-0001058,PO-2025-00625,1,MAT-00341,1514,10.09,15276.26,DELIVERED
POL-0001059,PO-2025-00626,1,MAT-00716,1493,87.73,130980.89,DELIVERED
POL-0001060,PO-2025-00626,2,MAT-00373,2589,116.36,301256.04,DELIVERED
POL-0001061,PO-2025-00627,1,MAT-00429,2809,85.43,239972.87,DELIVERED
POL-0001062,PO-2025-00628,1,MAT-01020,1217,38.72,47122.24,DELIVERED
POL-0001063,PO-2025-00629,1,MAT-00315,317,112.99,35817.83,DELIVERED
POL-0001064,PO-2025-00630,1,MAT-00291,4709,21.89,103080.01,DELIVERED
POL-0001065,PO-2025-00630,2,MAT-00310,84,19.19,1611.96,DELIVERED
POL-0001066,PO-2025-00631,1,MAT-00240,203,67.09,13619.27,OVERDUE
POL-0001067,PO-2025-00631,2,MAT-00448,116,8.88,1030.08,OVERDUE
POL-0001068,PO-2025-00631,3,MAT-00651,565,193.06,109078.9,OVERDUE
POL-0001069,PO-2025-00631,4,MAT-01192,652,6.1,3977.2,OVERDUE
POL-0001070,PO-2025-00632,1,MAT-00893,89,78.98,7029.22,DELIVERED
POL-0001071,PO-2025-00632,2,MAT-00353,1076,62.67,67432.92,DELIVERED
POL-0001072,PO-2025-00632,3,MAT-00608,914,6.22,5685.08,DELIVERED
POL-0001073,PO-2025-00633,1,MAT-00369,2036,27.23,55440.28,DELIVERED
POL-0001074,PO-2025-00634,1,MAT-01054,1427,37.29,53212.83,DELIVERED
POL-0001075,PO-2025-00635,1,MAT-01103,440,278.63,122597.2,DELIVERED
POL-0001076,PO-2025-00636,1,MAT-00322,1199,53.98,64722.02,DELIVERED
POL-0001077,PO-2025-00637,1,MAT-00355,232,27.03,6270.96,DELIVERED
POL-0001078,PO-2025-00638,1,MAT-00231,3173,10.55,33475.15,IN_TRANSIT
POL-0001079,PO-2025-00638,2,MAT-01098,74,2.97,219.78,IN_TRANSIT
POL-0001080,PO-2025-00638,3,MAT-00823,2191,336.33,736899.03,IN_TRANSIT
POL-0001081,PO-2025-00639,1,MAT-00018,1574,39.05,61464.7,DELIVERED
POL-0001082,PO-2025-00640,1,MAT-00798,92,51.28,4717.76,DELIVERED
POL-0001083,PO-2025-00640,2,MAT-00088,4178,36.74,153499.72,DELIVERED
POL-0001084,PO-2025-00640,3,MAT-00364,82,37.38,3065.16,DELIVERED
POL-0001085,PO-2025-00641,1,MAT-01030,2163,8.23,17801.49,DELIVERED
POL-0001086,PO-2025-00642,1,MAT-01067,4480,5.91,26476.8,DELIVERED
POL-0001087,PO-2025-00643,1,MAT-00637,181,58.6,10606.6,DELIVERED
POL-0001088,PO-2025-00644,1,MAT-00229,177,11.05,1955.85,DELIVERED
POL-0001089,PO-2025-00645,1,MAT-00036,502,6.28,3152.56,DELIVERED
POL-0001090,PO-2025-00646,1,MAT-00445,116,6.48,751.68,DELIVERED
POL-0001091,PO-2025-00646,2,MAT-01164,204,3.97,809.88,DELIVERED
POL-0001092,PO-2025-00646,3,MAT-00230,68,57.9,3937.2,DELIVERED
POL-0001093,PO-2025-00647,1,MAT-00915,172,22.52,3873.44,DELIVERED
POL-0001094,PO-2025-00647,2,MAT-01179,1881,8.13,15292.53,DELIVERED
POL-0001095,PO-2025-00648,1,MAT-00198,1228,30.26,37159.28,DELIVERED
POL-0001096,PO-2025-00649,1,MAT-00885,836,55.94,46765.84,DELIVERED
POL-0001097,PO-2025-00649,2,MAT-00005,624,21.07,13147.68,DELIVERED
POL-0001098,PO-2025-00650,1,MAT-00713,2584,13.48,34832.32,DELIVERED
POL-0001099,PO-2025-00651,1,MAT-00198,1717,30.26,51956.42,DELIVERED
POL-0001100,PO-2025-00652,1,MAT-00501,164,76.28,12509.92,OVERDUE
POL-0001101,PO-2025-00652,2,MAT-00856,436,14.88,6487.68,OVERDUE
POL-0001102,PO-2025-00653,1,MAT-00351,783,37.0,28971.0,PENDING
POL-0001103,PO-2025-00654,1,MAT-00886,221,203.43,44958.03,DELIVERED
POL-0001104,PO-2025-00654,2,MAT-00364,109,37.38,4074.42,DELIVERED
POL-0001105,PO-2025-00654,3,MAT-00424,2264,70.34,159249.76,DELIVERED
POL-0001106,PO-2025-00655,1,MAT-01028,4600,31.51,144946.0,DELIVERED
POL-0001107,PO-2025-00656,1,MAT-00171,232,9.09,2108.88,OVERDUE
POL-0001108,PO-2025-00656,2,MAT-00825,85,14.59,1240.15,OVERDUE
POL-0001109,PO-2025-00656,3,MAT-00932,709,199.06,141133.54,OVERDUE
POL-0001110,PO-2025-00656,4,MAT-00889,3208,51.09,163896.72,OVERDUE
POL-0001111,PO-2025-00657,1,MAT-00223,1041,50.15,52206.15,DELIVERED
POL-0001112,PO-2025-00657,2,MAT-00412,1150,7.13,8199.5,DELIVERED
POL-0001113,PO-2025-00658,1,MAT-00313,87,63.5,5524.5,IN_TRANSIT
POL-0001114,PO-2025-00659,1,MAT-00130,4763,13.81,65777.03,DELIVERED
POL-0001115,PO-2025-00659,2,MAT-00041,262,61.01,15984.62,DELIVERED
POL-0001116,PO-2025-00660,1,MAT-00988,1005,65.33,65656.65,DELIVERED
POL-0001117,PO-2025-00661,1,MAT-00759,772,10.65,8221.8,DELIVERED
POL-0001118,PO-2025-00661,2,MAT-00546,994,9.91,9850.54,DELIVERED
POL-0001119,PO-2025-00661,3,MAT-00154,3484,31.56,109955.04,DELIVERED
POL-0001120,PO-2025-00662,1,MAT-00957,233,38.32,8928.56,IN_TRANSIT
POL-0001121,PO-2025-00663,1,MAT-00227,49,28.17,1380.33,DELIVERED
POL-0001122,PO-2025-00664,1,MAT-00613,4962,36.77,182452.74,DELIVERED
POL-0001123,PO-2025-00664,2,MAT-00309,380,48.14,18293.2,DELIVERED
POL-0001124,PO-2025-00665,1,MAT-00772,861,12.97,11167.17,DELIVERED
POL-0001125,PO-2025-00665,2,MAT-00725,3298,28.78,94916.44,DELIVERED
POL-0001126,PO-2025-00666,1,MAT-00193,1116,32.7,36493.2,PENDING
POL-0001127,PO-2025-00667,1,MAT-01039,368,30.4,11187.2,DELIVERED
POL-0001128,PO-2025-00667,2,MAT-00019,1013,9.25,9370.25,DELIVERED
POL-0001129,PO-2025-00668,1,MAT-00611,157,57.93,9095.01,DELIVERED
POL-0001130,PO-2025-00668,2,MAT-00844,673,42.57,28649.61,DELIVERED
POL-0001131,PO-2025-00669,1,MAT-00624,27,113.97,3077.19,DELIVERED
POL-0001132,PO-2025-00670,1,MAT-00008,161,60.03,9664.83,DELIVERED
POL-0001133,PO-2025-00671,1,MAT-01170,88,64.75,5698.0,DELIVERED
POL-0001134,PO-2025-00671,2,MAT-01033,1096,41.82,45834.72,DELIVERED
POL-0001135,PO-2025-00671,3,MAT-00231,2643,10.55,27883.65,DELIVERED
POL-0001136,PO-2025-00671,4,MAT-00497,2155,7.66,16507.3,DELIVERED
POL-0001137,PO-2025-00672,1,MAT-00939,423,34.32,14517.36,DELIVERED
POL-0001138,PO-2025-00672,2,MAT-00219,249,15.65,3896.85,DELIVERED
POL-0001139,PO-2025-00673,1,MAT-00600,170,36.77,6250.9,DELIVERED
POL-0001140,PO-2025-00674,1,MAT-01055,108,13.19,1424.52,DELIVERED
POL-0001141,PO-2025-00675,1,MAT-00065,64,64.8,4147.2,DELIVERED
POL-0001142,PO-2025-00676,1,MAT-00594,313,35.36,11067.68,DELIVERED
POL-0001143,PO-2025-00677,1,MAT-00518,1127,8.68,9782.36,DELIVERED
POL-0001144,PO-2025-00678,1,MAT-01174,425,23.68,10064.0,DELIVERED
POL-0001145,PO-2025-00679,1,MAT-01129,4979,25.13,125122.27,DELIVERED
POL-0001146,PO-2025-00679,2,MAT-01134,119,44.39,5282.41,DELIVERED
POL-0001147,PO-2025-00679,3,MAT-00485,26,11.23,291.98,DELIVERED
POL-0001148,PO-2025-00680,1,MAT-00916,371,38.32,14216.72,DELIVERED
POL-0001149,PO-2025-00681,1,MAT-00800,846,26.27,22224.42,DELIVERED
POL-0001150,PO-2025-00681,2,MAT-00417,106,155.32,16463.92,DELIVERED
POL-0001151,PO-2025-00681,3,MAT-00733,2549,37.92,96658.08,DELIVERED
POL-0001152,PO-2025-00682,1,MAT-00199,365,26.32,9606.8,DELIVERED
POL-0001153,PO-2025-00682,2,MAT-00603,136,65.44,8899.84,DELIVERED
POL-0001154,PO-2025-00682,3,MAT-01167,603,114.2,68862.6,DELIVERED
POL-0001155,PO-2025-00682,4,MAT-00983,465,9.13,4245.45,DELIVERED
POL-0001156,PO-2025-00683,1,MAT-00040,421,31.14,13109.94,DELIVERED
POL-0001157,PO-2025-00683,2,MAT-00064,145,7.54,1093.3,DELIVERED
POL-0001158,PO-2025-00683,3,MAT-00418,67,31.86,2134.62,DELIVERED
POL-0001159,PO-2025-00684,1,MAT-00252,4798,65.87,316044.26,DELIVERED
POL-0001160,PO-2025-00685,1,MAT-00517,237,40.81,9671.97,DELIVERED
POL-0001161,PO-2025-00686,1,MAT-00865,2511,12.6,31638.6,DELIVERED
POL-0001162,PO-2025-00686,2,MAT-00259,1467,44.12,64724.04,DELIVERED
POL-0001163,PO-2025-00686,3,MAT-00705,3445,4.83,16639.35,DELIVERED
POL-0001164,PO-2025-00687,1,MAT-00894,1713,93.26,159754.38,DELIVERED
POL-0001165,PO-2025-00688,1,MAT-00371,88,26.71,2350.48,DELIVERED
POL-0001166,PO-2025-00689,1,MAT-00604,1150,120.87,139000.5,DELIVERED
POL-0001167,PO-2025-00690,1,MAT-00622,137,39.47,5407.39,DELIVERED
POL-0001168,PO-2025-00691,1,MAT-00350,147,22.16,3257.52,DELIVERED
POL-0001169,PO-2025-00692,1,MAT-00168,70,189.97,13297.9,DELIVERED
POL-0001170,PO-2025-00693,1,MAT-00116,478,35.47,16954.66,DELIVERED
POL-0001171,PO-2025-00693,2,MAT-00140,2358,6.41,15114.78,DELIVERED
POL-0001172,PO-2025-00694,1,MAT-00968,1628,192.33,313113.24,DELIVERED
POL-0001173,PO-2025-00695,1,MAT-00555,57,38.96,2220.72,DELIVERED
POL-0001174,PO-2025-00695,2,MAT-00666,420,31.46,13213.2,DELIVERED
POL-0001175,PO-2025-00696,1,MAT-01197,596,23.44,13970.24,PENDING
POL-0001176,PO-2025-00696,2,MAT-00641,140,18.57,2599.8,PENDING
POL-0001177,PO-2025-00697,1,MAT-00237,1336,2.92,3901.12,IN_TRANSIT
POL-0001178,PO-2025-00698,1,MAT-00137,88,10.76,946.88,OVERDUE
POL-0001179,PO-2025-00699,1,MAT-00744,51,24.53,1251.03,DELIVERED
POL-0001180,PO-2025-00700,1,MAT-00472,1376,2.18,2999.68,DELIVERED
POL-0001181,PO-2025-00701,1,MAT-01084,73,229.9,16782.7,DELIVERED
POL-0001182,PO-2025-00701,2,MAT-01190,550,8.45,4647.5,DELIVERED
POL-0001183,PO-2025-00701,3,MAT-01170,141,64.75,9129.75,DELIVERED
POL-0001184,PO-2025-00702,1,MAT-00533,1521,21.7,33005.7,DELIVERED
POL-0001185,PO-2025-00703,1,MAT-00063,333,7.25,2414.25,DELIVERED
POL-0001186,PO-2025-00704,1,MAT-00141,170,33.2,5644.0,DELIVERED
POL-0001187,PO-2025-00705,1,MAT-00374,113,70.9,8011.7,DELIVERED
POL-0001188,PO-2025-00706,1,MAT-01141,2900,20.07,58203.0,DELIVERED
POL-0001189,PO-2025-00707,1,MAT-00020,1126,5.41,6091.66,DELIVERED
POL-0001190,PO-2025-00707,2,MAT-00251,2780,6.02,16735.6,DELIVERED
POL-0001191,PO-2025-00708,1,MAT-00627,115,7.98,917.7,DELIVERED
POL-0001192,PO-2025-00709,1,MAT-00464,1429,30.4,43441.6,DELIVERED
POL-0001193,PO-2025-00709,2,MAT-00871,935,22.39,20934.65,DELIVERED
POL-0001194,PO-2025-00710,1,MAT-00386,1970,31.26,61582.2,OVERDUE
POL-0001195,PO-2025-00711,1,MAT-00907,4728,6.14,29029.92,DELIVERED
POL-0001196,PO-2025-00712,1,MAT-00636,341,4.36,1486.76,DELIVERED
POL-0001197,PO-2025-00713,1,MAT-00527,302,4.28,1292.56,DELIVERED
POL-0001198,PO-2025-00713,2,MAT-01178,835,21.0,17535.0,DELIVERED
POL-0001199,PO-2025-00713,3,MAT-00060,3757,78.27,294060.39,DELIVERED
POL-0001200,PO-2025-00714,1,MAT-00230,156,57.9,9032.4,DELIVERED
POL-0001201,PO-2025-00714,2,MAT-00480,216,96.46,20835.36,DELIVERED
POL-0001202,PO-2025-00715,1,MAT-00698,65,6.02,391.3,DELIVERED
POL-0001203,PO-2025-00716,1,MAT-01070,2107,34.39,72459.73,DELIVERED
POL-0001204,PO-2025-00717,1,MAT-01054,3244,37.29,120968.76,DELIVERED
POL-0001205,PO-2025-00718,1,MAT-00760,100,54.98,5498.0,DELIVERED
POL-0001206,PO-2025-00718,2,MAT-00259,4781,44.12,210937.72,DELIVERED
POL-0001207,PO-2025-00719,1,MAT-00228,3335,7.91,26379.85,DELIVERED
POL-0001208,PO-2025-00720,1,MAT-01104,889,22.29,19815.81,DELIVERED
POL-0001209,PO-2025-00721,1,MAT-00926,332,4.52,1500.64,DELIVERED
POL-0001210,PO-2025-00722,1,MAT-00613,4179,36.77,153661.83,DELIVERED
POL-0001211,PO-2025-00722,2,MAT-00423,135,20.76,2802.6,DELIVERED
POL-0001212,PO-2025-00723,1,MAT-00328,355,63.39,22503.45,DELIVERED
POL-0001213,PO-2025-00723,2,MAT-00430,1556,3.54,5508.24,DELIVERED
POL-0001214,PO-2025-00724,1,MAT-00700,859,22.01,18906.59,DELIVERED
POL-0001215,PO-2025-00724,2,MAT-01007,1084,70.22,76118.48,DELIVERED
POL-0001216,PO-2025-00725,1,MAT-00164,272,10.01,2722.72,DELIVERED
POL-0001217,PO-2025-00725,2,MAT-01174,352,23.68,8335.36,DELIVERED
POL-0001218,PO-2025-00725,3,MAT-00342,433,36.28,15709.24,DELIVERED
POL-0001219,PO-2025-00726,1,MAT-00912,4445,30.69,136417.05,DELIVERED
POL-0001220,PO-2025-00727,1,MAT-00867,2494,36.16,90183.04,PENDING
POL-0001221,PO-2025-00727,2,MAT-00642,1989,172.68,343460.52,PENDING
POL-0001222,PO-2025-00727,3,MAT-01103,400,278.63,111452.0,PENDING
POL-0001223,PO-2025-00728,1,MAT-00952,26,38.65,1004.9,DELIVERED
POL-0001224,PO-2025-00728,2,MAT-00249,743,177.94,132209.42,DELIVERED
POL-0001225,PO-2025-00729,1,MAT-00494,75,10.66,799.5,DELIVERED
POL-0001226,PO-2025-00729,2,MAT-01175,246,10.94,2691.24,DELIVERED
POL-0001227,PO-2025-00729,3,MAT-00630,38,90.2,3427.6,DELIVERED
POL-0001228,PO-2025-00730,1,MAT-00646,329,20.48,6737.92,DELIVERED
POL-0001229,PO-2025-00731,1,MAT-01088,58,33.16,1923.28,DELIVERED
POL-0001230,PO-2025-00731,2,MAT-00672,62,2.47,153.14,DELIVERED
POL-0001231,PO-2025-00732,1,MAT-00278,63,14.49,912.87,DELIVERED
POL-0001232,PO-2025-00733,1,MAT-00703,1165,12.47,14527.55,DELIVERED
POL-0001233,PO-2025-00734,1,MAT-00162,327,66.09,21611.43,DELIVERED
POL-0001234,PO-2025-00734,2,MAT-00429,2412,85.43,206057.16,DELIVERED
POL-0001235,PO-2025-00735,1,MAT-00124,490,5.16,2528.4,DELIVERED
POL-0001236,PO-2025-00735,2,MAT-00882,136,14.83,2016.88,DELIVERED
POL-0001237,PO-2025-00735,3,MAT-00598,280,8.31,2326.8,DELIVERED
POL-0001238,PO-2025-00735,4,MAT-00505,33,13.36,440.88,DELIVERED
POL-0001239,PO-2025-00736,1,MAT-00685,43,6.91,297.13,DELIVERED
POL-0001240,PO-2025-00737,1,MAT-00711,4826,34.88,168330.88,DELIVERED
POL-0001241,PO-2025-00738,1,MAT-00088,1112,36.74,40854.88,DELIVERED
POL-0001242,PO-2025-00739,1,MAT-00325,59,7.8,460.2,PENDING
POL-0001243,PO-2025-00740,1,MAT-00511,100,36.13,3613.0,DELIVERED
POL-0001244,PO-2025-00741,1,MAT-00141,249,33.2,8266.8,DELIVERED
POL-0001245,PO-2025-00742,1,MAT-00946,353,7.45,2629.85,DELIVERED
POL-0001246,PO-2025-00742,2,MAT-00614,263,7.97,2096.11,DELIVERED
POL-0001247,PO-2025-00742,3,MAT-00544,585,128.6,75231.0,DELIVERED
POL-0001248,PO-2025-00743,1,MAT-00765,502,91.59,45978.18,DELIVERED
POL-0001249,PO-2025-00743,2,MAT-01005,4920,54.05,265926.0,DELIVERED
POL-0001250,PO-2025-00744,1,MAT-00017,153,9.18,1404.54,DELIVERED
POL-0001251,PO-2025-00745,1,MAT-01043,281,86.42,24284.02,DELIVERED
POL-0001252,PO-2025-00745,2,MAT-01084,200,229.9,45980.0,DELIVERED
POL-0001253,PO-2025-00746,1,MAT-00471,165,17.46,2880.9,OVERDUE
POL-0001254,PO-2025-00746,2,MAT-00092,2673,81.1,216780.3,OVERDUE
POL-0001255,PO-2025-00747,1,MAT-00824,78,18.89,1473.42,DELIVERED
POL-0001256,PO-2025-00748,1,MAT-00570,120,16.45,1974.0,OVERDUE
POL-0001257,PO-2025-00748,2,MAT-00486,432,5.73,2475.36,OVERDUE
POL-0001258,PO-2025-00749,1,MAT-00674,515,17.6,9064.0,DELIVERED
POL-0001259,PO-2025-00750,1,MAT-00403,1235,28.29,34938.15,DELIVERED
POL-0001260,PO-2025-00750,2,MAT-00217,100,11.66,1166.0,DELIVERED
POL-0001261,PO-2025-00750,3,MAT-00555,102,38.96,3973.92,DELIVERED
POL-0001262,PO-2025-00750,4,MAT-00072,45,141.17,6352.65,DELIVERED
POL-0001263,PO-2025-00751,1,MAT-00427,180,8.13,1463.4,DELIVERED
POL-0001264,PO-2025-00752,1,MAT-00736,1449,39.69,57510.81,DELIVERED
POL-0001265,PO-2025-00753,1,MAT-00029,262,12.48,3269.76,DELIVERED
POL-0001266,PO-2025-00754,1,MAT-00231,2676,10.55,28231.8,DELIVERED
POL-0001267,PO-2025-00754,2,MAT-00048,174,78.45,13650.3,DELIVERED
POL-0001268,PO-2025-00755,1,MAT-00262,487,25.33,12335.71,DELIVERED
POL-0001269,PO-2025-00755,2,MAT-00537,1271,10.62,13498.02,DELIVERED
POL-0001270,PO-2025-00756,1,MAT-00349,242,12.65,3061.3,DELIVERED
POL-0001271,PO-2025-00756,2,MAT-00946,153,7.45,1139.85,DELIVERED
POL-0001272,PO-2025-00757,1,MAT-00550,3829,12.78,48934.62,IN_TRANSIT
POL-0001273,PO-2025-00758,1,MAT-01014,2484,12.66,31447.44,DELIVERED
POL-0001274,PO-2025-00759,1,MAT-00492,223,134.98,30100.54,DELIVERED
POL-0001275,PO-2025-00759,2,MAT-00296,1576,11.79,18581.04,DELIVERED
POL-0001276,PO-2025-00760,1,MAT-00568,724,8.08,5849.92,DELIVERED
POL-0001277,PO-2025-00760,2,MAT-00799,1232,24.99,30787.68,DELIVERED
POL-0001278,PO-2025-00761,1,MAT-01177,248,4.33,1073.84,DELIVERED
POL-0001279,PO-2025-00762,1,MAT-00612,1140,21.98,25057.2,DELIVERED
POL-0001280,PO-2025-00763,1,MAT-00439,174,3.81,662.94,DELIVERED
POL-0001281,PO-2025-00764,1,MAT-00073,136,24.11,3278.96,IN_TRANSIT
POL-0001282,PO-2025-00765,1,MAT-00782,649,5.92,3842.08,DELIVERED
POL-0001283,PO-2025-00766,1,MAT-00348,1170,5.1,5967.0,DELIVERED
POL-0001284,PO-2025-00767,1,MAT-00485,32,11.23,359.36,PENDING
POL-0001285,PO-2025-00767,2,MAT-00739,446,150.17,66975.82,PENDING
POL-0001286,PO-2025-00768,1,MAT-01114,112,46.78,5239.36,DELIVERED
POL-0001287,PO-2025-00769,1,MAT-00123,4191,130.9,548601.9,DELIVERED
POL-0001288,PO-2025-00770,1,MAT-00026,1758,30.32,53302.56,DELIVERED
POL-0001289,PO-2025-00771,1,MAT-00071,790,35.54,28076.6,DELIVERED
POL-0001290,PO-2025-00772,1,MAT-00780,745,48.79,36348.55,OVERDUE
POL-0001291,PO-2025-00772,2,MAT-00381,1479,9.39,13887.81,OVERDUE
POL-0001292,PO-2025-00773,1,MAT-00520,249,58.4,14541.6,DELIVERED
POL-0001293,PO-2025-00773,2,MAT-00228,3277,7.91,25921.07,DELIVERED
POL-0001294,PO-2025-00774,1,MAT-01121,222,79.69,17691.18,DELIVERED
POL-0001295,PO-2025-00775,1,MAT-00834,2172,11.89,25825.08,DELIVERED
POL-0001296,PO-2025-00775,2,MAT-00270,43,31.02,1333.86,DELIVERED
POL-0001297,PO-2025-00776,1,MAT-00296,1858,11.79,21905.82,DELIVERED
POL-0001298,PO-2025-00777,1,MAT-00553,914,90.33,82561.62,CANCELLED
POL-0001299,PO-2025-00777,2,MAT-00035,333,67.89,22607.37,CANCELLED
POL-0001300,PO-2025-00777,3,MAT-00625,99,156.15,15458.85,CANCELLED
POL-0001301,PO-2025-00778,1,MAT-00914,109,158.72,17300.48,PENDING
POL-0001302,PO-2025-00779,1,MAT-00375,47,270.63,12719.61,IN_TRANSIT
POL-0001303,PO-2025-00780,1,MAT-00268,4273,4.89,20894.97,DELIVERED
POL-0001304,PO-2025-00781,1,MAT-01142,3768,119.95,451971.6,DELIVERED
POL-0001305,PO-2025-00782,1,MAT-01197,356,23.44,8344.64,DELIVERED
POL-0001306,PO-2025-00783,1,MAT-00227,113,28.17,3183.21,DELIVERED
POL-0001307,PO-2025-00784,1,MAT-00585,1128,29.99,33828.72,DELIVERED
POL-0001308,PO-2025-00785,1,MAT-01053,30,40.63,1218.9,DELIVERED
POL-0001309,PO-2025-00786,1,MAT-00020,1998,5.41,10809.18,DELIVERED
POL-0001310,PO-2025-00787,1,MAT-00898,869,30.18,26226.42,DELIVERED
POL-0001311,PO-2025-00788,1,MAT-01162,1307,295.71,386492.97,DELIVERED
POL-0001312,PO-2025-00789,1,MAT-01084,75,229.9,17242.5,DELIVERED
POL-0001313,PO-2025-00789,2,MAT-00405,1035,15.34,15876.9,DELIVERED
POL-0001314,PO-2025-00790,1,MAT-00472,2389,2.18,5208.02,DELIVERED
POL-0001315,PO-2025-00791,1,MAT-00081,264,20.25,5346.0,DELIVERED
POL-0001316,PO-2025-00791,2,MAT-00562,136,256.03,34820.08,DELIVERED
POL-0001317,PO-2025-00791,3,MAT-00304,385,45.95,17690.75,DELIVERED
POL-0001318,PO-2025-00791,4,MAT-00020,836,5.41,4522.76,DELIVERED
POL-0001319,PO-2025-00792,1,MAT-00341,2232,10.09,22520.88,DELIVERED
POL-0001320,PO-2025-00792,2,MAT-00736,2305,39.69,91485.45,DELIVERED
POL-0001321,PO-2025-00793,1,MAT-00004,3194,144.49,461501.06,DELIVERED
POL-0001322,PO-2025-00794,1,MAT-00772,703,12.97,9117.91,DELIVERED
POL-0001323,PO-2025-00794,2,MAT-00228,3448,7.91,27273.68,DELIVERED
POL-0001324,PO-2025-00794,3,MAT-00007,153,139.18,21294.54,DELIVERED
POL-0001325,PO-2025-00794,4,MAT-01171,4072,56.02,228113.44,DELIVERED
POL-0001326,PO-2025-00795,1,MAT-01164,50,3.97,198.5,DELIVERED
POL-0001327,PO-2025-00796,1,MAT-01188,80,20.71,1656.8,DELIVERED
POL-0001328,PO-2025-00796,2,MAT-00482,38,8.65,328.7,DELIVERED
POL-0001329,PO-2025-00797,1,MAT-01013,1663,271.16,450939.08,PENDING
POL-0001330,PO-2025-00797,2,MAT-01090,119,21.24,2527.56,PENDING
POL-0001331,PO-2025-00798,1,MAT-01183,3932,73.63,289513.16,DELIVERED
POL-0001332,PO-2025-00799,1,MAT-00615,49,393.03,19258.47,DELIVERED
POL-0001333,PO-2025-00800,1,MAT-00104,36,9.85,354.6,DELIVERED
POL-0001334,PO-2025-00801,1,MAT-00199,452,26.32,11896.64,DELIVERED
POL-0001335,PO-2025-00802,1,MAT-00652,39,87.78,3423.42,DELIVERED
POL-0001336,PO-2025-00803,1,MAT-01175,101,10.94,1104.94,CANCELLED
POL-0001337,PO-2025-00804,1,MAT-00025,2025,13.45,27236.25,IN_TRANSIT
POL-0001338,PO-2025-00805,1,MAT-00569,119,3.19,379.61,DELIVERED
POL-0001339,PO-2025-00806,1,MAT-00513,159,20.25,3219.75,OVERDUE
POL-0001340,PO-2025-00807,1,MAT-00110,357,22.42,8003.94,DELIVERED
POL-0001341,PO-2025-00808,1,MAT-00033,1551,24.38,37813.38,DELIVERED
POL-0001342,PO-2025-00809,1,MAT-00456,159,10.4,1653.6,IN_TRANSIT
POL-0001343,PO-2025-00809,2,MAT-00801,78,67.85,5292.3,IN_TRANSIT
POL-0001344,PO-2025-00809,3,MAT-01088,119,33.16,3946.04,IN_TRANSIT
POL-0001345,PO-2025-00809,4,MAT-00144,149,32.34,4818.66,IN_TRANSIT
POL-0001346,PO-2025-00810,1,MAT-00666,887,31.46,27905.02,DELIVERED
POL-0001347,PO-2025-00810,2,MAT-00395,1323,88.52,117111.96,DELIVERED
POL-0001348,PO-2025-00810,3,MAT-00328,480,63.39,30427.2,DELIVERED
POL-0001349,PO-2025-00811,1,MAT-00456,163,10.4,1695.2,DELIVERED
POL-0001350,PO-2025-00812,1,MAT-00194,1337,6.96,9305.52,DELIVERED
POL-0001351,PO-2025-00813,1,MAT-00143,91,4.13,375.83,DELIVERED
POL-0001352,PO-2025-00814,1,MAT-00815,1876,84.5,158522.0,DELIVERED
POL-0001353,PO-2025-00814,2,MAT-00542,676,7.41,5009.16,DELIVERED
POL-0001354,PO-2025-00815,1,MAT-00049,786,37.58,29537.88,DELIVERED
POL-0001355,PO-2025-00816,1,MAT-00178,42,138.41,5813.22,DELIVERED
POL-0001356,PO-2025-00816,2,MAT-00261,163,9.62,1568.06,DELIVERED
POL-0001357,PO-2025-00817,1,MAT-00875,2308,25.78,59500.24,DELIVERED
POL-0001358,PO-2025-00818,1,MAT-01091,4005,24.48,98042.4,DELIVERED
POL-0001359,PO-2025-00819,1,MAT-00460,450,6.99,3145.5,DELIVERED
POL-0001360,PO-2025-00820,1,MAT-00364,88,37.38,3289.44,DELIVERED
POL-0001361,PO-2025-00821,1,MAT-00785,51,43.23,2204.73,DELIVERED
POL-0001362,PO-2025-00822,1,MAT-01023,484,23.04,11151.36,DELIVERED
POL-0001363,PO-2025-00823,1,MAT-01144,838,28.6,23966.8,DELIVERED
POL-0001364,PO-2025-00824,1,MAT-00651,433,193.06,83594.98,DELIVERED
POL-0001365,PO-2025-00824,2,MAT-00928,247,42.49,10495.03,DELIVERED
POL-0001366,PO-2025-00825,1,MAT-01044,1202,24.02,28872.04,DELIVERED
POL-0001367,PO-2025-00826,1,MAT-00820,2353,90.41,212734.73,DELIVERED
POL-0001368,PO-2025-00827,1,MAT-00906,416,28.07,11677.12,DELIVERED
POL-0001369,PO-2025-00827,2,MAT-00601,144,63.86,9195.84,DELIVERED
POL-0001370,PO-2025-00827,3,MAT-00165,91,69.19,6296.29,DELIVERED
POL-0001371,PO-2025-00828,1,MAT-01185,244,9.35,2281.4,DELIVERED
POL-0001372,PO-2025-00829,1,MAT-00223,375,50.15,18806.25,CANCELLED
POL-0001373,PO-2025-00829,2,MAT-00642,2228,172.68,384731.04,CANCELLED
POL-0001374,PO-2025-00829,3,MAT-00430,1115,3.54,3947.1,CANCELLED
POL-0001375,PO-2025-00829,4,MAT-00630,97,90.2,8749.4,CANCELLED
POL-0001376,PO-2025-00830,1,MAT-00775,88,47.0,4136.0,DELIVERED
POL-0001377,PO-2025-00831,1,MAT-00518,422,8.68,3662.96,DELIVERED
POL-0001378,PO-2025-00831,2,MAT-00819,909,29.25,26588.25,DELIVERED
POL-0001379,PO-2025-00832,1,MAT-00567,1920,2.78,5337.6,DELIVERED
POL-0001380,PO-2025-00833,1,MAT-01010,252,13.21,3328.92,DELIVERED
POL-0001381,PO-2025-00834,1,MAT-00879,2077,27.65,57429.05,DELIVERED
POL-0001382,PO-2025-00834,2,MAT-01025,449,185.16,83136.84,DELIVERED
POL-0001383,PO-2025-00835,1,MAT-01030,1054,8.23,8674.42,IN_TRANSIT
POL-0001384,PO-2025-00836,1,MAT-00860,268,55.59,14898.12,DELIVERED
POL-0001385,PO-2025-00836,2,MAT-00202,4266,45.92,195894.72,DELIVERED
POL-0001386,PO-2025-00836,3,MAT-00090,172,43.84,7540.48,DELIVERED
POL-0001387,PO-2025-00837,1,MAT-00330,132,46.68,6161.76,DELIVERED
POL-0001388,PO-2025-00837,2,MAT-00382,99,12.27,1214.73,DELIVERED
POL-0001389,PO-2025-00838,1,MAT-00061,4804,15.72,75518.88,DELIVERED
POL-0001390,PO-2025-00838,2,MAT-00869,25,57.93,1448.25,DELIVERED
POL-0001391,PO-2025-00839,1,MAT-00491,1122,26.72,29979.84,DELIVERED
POL-0001392,PO-2025-00839,2,MAT-00789,302,25.4,7670.8,DELIVERED
POL-0001393,PO-2025-00840,1,MAT-00120,1420,54.58,77503.6,DELIVERED
POL-0001394,PO-2025-00840,2,MAT-00915,160,22.52,3603.2,DELIVERED
POL-0001395,PO-2025-00841,1,MAT-00102,1052,15.85,16674.2,DELIVERED
POL-0001396,PO-2025-00842,1,MAT-00610,2985,123.85,369692.25,DELIVERED
POL-0001397,PO-2025-00842,2,MAT-00203,335,91.24,30565.4,DELIVERED
POL-0001398,PO-2025-00843,1,MAT-00956,176,82.45,14511.2,DELIVERED
POL-0001399,PO-2025-00844,1,MAT-00795,200,7.58,1516.0,DELIVERED
POL-0001400,PO-2025-00844,2,MAT-00105,971,20.21,19623.91,DELIVERED
POL-0001401,PO-2025-00845,1,MAT-00530,2142,8.81,18871.02,DELIVERED
POL-0001402,PO-2025-00845,2,MAT-00674,1117,17.6,19659.2,DELIVERED
POL-0001403,PO-2025-00846,1,MAT-00020,946,5.41,5117.86,DELIVERED
POL-0001404,PO-2025-00847,1,MAT-01086,469,38.69,18145.61,IN_TRANSIT
POL-0001405,PO-2025-00848,1,MAT-01144,1697,28.6,48534.2,DELIVERED
POL-0001406,PO-2025-00848,2,MAT-00116,386,35.47,13691.42,DELIVERED
POL-0001407,PO-2025-00849,1,MAT-00959,188,47.22,8877.36,DELIVERED
POL-0001408,PO-2025-00850,1,MAT-00228,3382,7.91,26751.62,DELIVERED
POL-0001409,PO-2025-00851,1,MAT-00787,179,67.61,12102.19,DELIVERED
POL-0001410,PO-2025-00852,1,MAT-00694,222,49.22,10926.84,DELIVERED
POL-0001411,PO-2025-00853,1,MAT-00015,386,3.92,1513.12,DELIVERED
POL-0001412,PO-2025-00853,2,MAT-00751,1034,9.47,9791.98,DELIVERED
POL-0001413,PO-2025-00854,1,MAT-00954,2236,125.17,279880.12,DELIVERED
POL-0001414,PO-2025-00855,1,MAT-00398,164,119.47,19593.08,OVERDUE
POL-0001415,PO-2025-00855,2,MAT-00249,1281,177.94,227941.14,OVERDUE
POL-0001416,PO-2025-00855,3,MAT-00078,1039,19.35,20104.65,OVERDUE
POL-0001417,PO-2025-00855,4,MAT-00788,1704,40.01,68177.04,OVERDUE
POL-0001418,PO-2025-00856,1,MAT-00784,107,46.72,4999.04,DELIVERED
POL-0001419,PO-2025-00856,2,MAT-00907,3728,6.14,22889.92,DELIVERED
POL-0001420,PO-2025-00857,1,MAT-00731,3312,34.48,114197.76,DELIVERED
POL-0001421,PO-2025-00858,1,MAT-00747,108,32.16,3473.28,DELIVERED
POL-0001422,PO-2025-00858,2,MAT-00611,429,57.93,24851.97,DELIVERED
POL-0001423,PO-2025-00859,1,MAT-00796,895,75.17,67277.15,DELIVERED
POL-0001424,PO-2025-00860,1,MAT-00096,3992,5.63,22474.96,DELIVERED
POL-0001425,PO-2025-00861,1,MAT-00231,4421,10.55,46641.55,PENDING
POL-0001426,PO-2025-00862,1,MAT-01031,714,20.02,14294.28,DELIVERED
POL-0001427,PO-2025-00863,1,MAT-00871,397,22.39,8888.83,DELIVERED
POL-0001428,PO-2025-00864,1,MAT-00755,423,9.46,4001.58,DELIVERED
POL-0001429,PO-2025-00865,1,MAT-01127,481,35.07,16868.67,DELIVERED
POL-0001430,PO-2025-00865,2,MAT-00676,965,10.15,9794.75,DELIVERED
POL-0001431,PO-2025-00866,1,MAT-01127,368,35.07,12905.76,DELIVERED
POL-0001432,PO-2025-00867,1,MAT-00566,1481,15.75,23325.75,DELIVERED
POL-0001433,PO-2025-00867,2,MAT-01199,1037,34.48,35755.76,DELIVERED
POL-0001434,PO-2025-00867,3,MAT-00251,2280,6.02,13725.6,DELIVERED
POL-0001435,PO-2025-00867,4,MAT-00506,3207,14.65,46982.55,DELIVERED
POL-0001436,PO-2025-00868,1,MAT-00658,326,24.03,7833.78,PENDING
POL-0001437,PO-2025-00869,1,MAT-00920,336,29.44,9891.84,DELIVERED
POL-0001438,PO-2025-00870,1,MAT-01153,1252,12.76,15975.52,DELIVERED
POL-0001439,PO-2025-00871,1,MAT-00094,80,17.19,1375.2,DELIVERED
POL-0001440,PO-2025-00872,1,MAT-00600,142,36.77,5221.34,DELIVERED
POL-0001441,PO-2025-00873,1,MAT-00290,1421,12.44,17677.24,DELIVERED
POL-0001442,PO-2025-00874,1,MAT-00126,401,271.29,108787.29,DELIVERED
POL-0001443,PO-2025-00874,2,MAT-00985,312,27.89,8701.68,DELIVERED
POL-0001444,PO-2025-00874,3,MAT-00471,146,17.46,2549.16,DELIVERED
POL-0001445,PO-2025-00875,1,MAT-00126,191,271.29,51816.39,DELIVERED
POL-0001446,PO-2025-00876,1,MAT-00033,2206,24.38,53782.28,DELIVERED
POL-0001447,PO-2025-00877,1,MAT-00665,42,11.14,467.88,DELIVERED
POL-0001448,PO-2025-00878,1,MAT-00532,1743,4.5,7843.5,CANCELLED
POL-0001449,PO-2025-00878,2,MAT-01058,1083,91.18,98747.94,CANCELLED
POL-0001450,PO-2025-00878,3,MAT-00094,139,17.19,2389.41,CANCELLED
POL-0001451,PO-2025-00879,1,MAT-00878,627,33.42,20954.34,DELIVERED
POL-0001452,PO-2025-00879,2,MAT-00424,787,70.34,55357.58,DELIVERED
POL-0001453,PO-2025-00880,1,MAT-00139,79,59.59,4707.61,PENDING
POL-0001454,PO-2025-00881,1,MAT-00822,37,129.03,4774.11,DELIVERED
POL-0001455,PO-2025-00882,1,MAT-01084,184,229.9,42301.6,DELIVERED
POL-0001456,PO-2025-00883,1,MAT-00062,61,20.03,1221.83,DELIVERED
POL-0001457,PO-2025-00884,1,MAT-00686,55,52.4,2882.0,DELIVERED
POL-0001458,PO-2025-00885,1,MAT-01075,1336,77.99,104194.64,PENDING
POL-0001459,PO-2025-00886,1,MAT-00172,51,10.25,522.75,DELIVERED
POL-0001460,PO-2025-00887,1,MAT-00393,3946,6.21,24504.66,PENDING
POL-0001461,PO-2025-00888,1,MAT-01025,163,185.16,30181.08,DELIVERED
POL-0001462,PO-2025-00889,1,MAT-00158,397,40.12,15927.64,DELIVERED
POL-0001463,PO-2025-00890,1,MAT-00371,38,26.71,1014.98,OVERDUE
POL-0001464,PO-2025-00890,2,MAT-00423,86,20.76,1785.36,OVERDUE
POL-0001465,PO-2025-00891,1,MAT-00361,325,48.82,15866.5,DELIVERED
POL-0001466,PO-2025-00892,1,MAT-00952,74,38.65,2860.1,DELIVERED
POL-0001467,PO-2025-00893,1,MAT-00867,4532,36.16,163877.12,DELIVERED
POL-0001468,PO-2025-00894,1,MAT-00762,82,28.94,2373.08,DELIVERED
POL-0001469,PO-2025-00894,2,MAT-00477,28,47.35,1325.8,DELIVERED
POL-0001470,PO-2025-00895,1,MAT-00360,166,10.14,1683.24,CANCELLED
POL-0001471,PO-2025-00896,1,MAT-00367,124,33.11,4105.64,OVERDUE
POL-0001472,PO-2025-00896,2,MAT-01165,2089,81.53,170316.17,OVERDUE
POL-0001473,PO-2025-00897,1,MAT-00029,745,12.48,9297.6,DELIVERED
POL-0001474,PO-2025-00898,1,MAT-00159,70,6.41,448.7,DELIVERED
POL-0001475,PO-2025-00898,2,MAT-00040,468,31.14,14573.52,DELIVERED
POL-0001476,PO-2025-00898,3,MAT-00165,65,69.19,4497.35,DELIVERED
POL-0001477,PO-2025-00899,1,MAT-00398,476,119.47,56867.72,OVERDUE
POL-0001478,PO-2025-00899,2,MAT-00597,83,19.38,1608.54,OVERDUE
POL-0001479,PO-2025-00900,1,MAT-00428,466,56.03,26109.98,DELIVERED
POL-0001480,PO-2025-00901,1,MAT-00772,813,12.97,10544.61,OVERDUE
POL-0001481,PO-2025-00902,1,MAT-00909,188,55.6,10452.8,OVERDUE
POL-0001482,PO-2025-00903,1,MAT-01153,621,12.76,7923.96,DELIVERED
POL-0001483,PO-2025-00904,1,MAT-00717,93,30.37,2824.41,PENDING
POL-0001484,PO-2025-00904,2,MAT-00461,1508,233.85,352645.8,PENDING
POL-0001485,PO-2025-00905,1,MAT-00324,228,263.42,60059.76,DELIVERED
POL-0001486,PO-2025-00906,1,MAT-00242,122,20.76,2532.72,DELIVERED
POL-0001487,PO-2025-00907,1,MAT-01154,133,6.47,860.51,DELIVERED
POL-0001488,PO-2025-00908,1,MAT-00810,894,8.88,7938.72,DELIVERED
POL-0001489,PO-2025-00909,1,MAT-00729,83,15.56,1291.48,DELIVERED
POL-0001490,PO-2025-00909,2,MAT-00048,281,78.45,22044.45,DELIVERED
POL-0001491,PO-2025-00910,1,MAT-00002,298,21.88,6520.24,DELIVERED
POL-0001492,PO-2025-00911,1,MAT-00745,91,46.09,4194.19,DELIVERED
POL-0001493,PO-2025-00912,1,MAT-00212,461,92.6,42688.6,DELIVERED
POL-0001494,PO-2025-00912,2,MAT-00613,4528,36.77,166494.56,DELIVERED
POL-0001495,PO-2025-00913,1,MAT-00488,82,7.79,638.78,PENDING
POL-0001496,PO-2025-00914,1,MAT-00071,442,35.54,15708.68,OVERDUE
POL-0001497,PO-2025-00915,1,MAT-00423,63,20.76,1307.88,CANCELLED
POL-0001498,PO-2025-00916,1,MAT-00316,36,27.03,973.08,DELIVERED
POL-0001499,PO-2025-00916,2,MAT-00464,4957,30.4,150692.8,DELIVERED
POL-0001500,PO-2025-00916,3,MAT-00581,115,40.49,4656.35,DELIVERED
POL-0001501,PO-2025-00916,4,MAT-00069,190,37.62,7147.8,DELIVERED
POL-0001502,PO-2025-00917,1,MAT-00830,1982,18.38,36429.16,DELIVERED
POL-0001503,PO-2025-00917,2,MAT-00333,544,26.94,14655.36,DELIVERED
POL-0001504,PO-2025-00918,1,MAT-00505,106,13.36,1416.16,DELIVERED
POL-0001505,PO-2025-00919,1,MAT-00055,4154,78.07,324302.78,DELIVERED
POL-0001506,PO-2025-00919,2,MAT-00554,680,32.22,21909.6,DELIVERED
POL-0001507,PO-2025-00919,3,MAT-01188,61,20.71,1263.31,DELIVERED
POL-0001508,PO-2025-00920,1,MAT-00683,3459,14.72,50916.48,OVERDUE
POL-0001509,PO-2025-00920,2,MAT-00116,147,35.47,5214.09,OVERDUE
POL-0001510,PO-2025-00921,1,MAT-00498,558,20.15,11243.7,DELIVERED
POL-0001511,PO-2025-00922,1,MAT-00762,43,28.94,1244.42,DELIVERED
POL-0001512,PO-2025-00923,1,MAT-00550,4943,12.78,63171.54,OVERDUE
POL-0001513,PO-2025-00924,1,MAT-00201,1304,37.48,48873.92,PENDING
POL-0001514,PO-2025-00925,1,MAT-00470,37,14.39,532.43,DELIVERED
POL-0001515,PO-2025-00925,2,MAT-00868,441,35.58,15690.78,DELIVERED
POL-0001516,PO-2025-00926,1,MAT-00562,175,256.03,44805.25,DELIVERED
POL-0001517,PO-2025-00926,2,MAT-00817,100,34.98,3498.0,DELIVERED
POL-0001518,PO-2025-00926,3,MAT-00211,2294,45.23,103757.62,DELIVERED
POL-0001519,PO-2025-00927,1,MAT-00291,1914,21.89,41897.46,DELIVERED
POL-0001520,PO-2025-00927,2,MAT-00010,328,46.25,15170.0,DELIVERED
POL-0001521,PO-2025-00927,3,MAT-00325,90,7.8,702.0,DELIVERED
POL-0001522,PO-2025-00928,1,MAT-01092,441,22.52,9931.32,OVERDUE
POL-0001523,PO-2025-00929,1,MAT-00217,60,11.66,699.6,DELIVERED
POL-0001524,PO-2025-00929,2,MAT-00651,344,193.06,66412.64,DELIVERED
POL-0001525,PO-2025-00929,3,MAT-00430,1939,3.54,6864.06,DELIVERED
POL-0001526,PO-2025-00930,1,MAT-00286,1197,3.27,3914.19,DELIVERED
POL-0001527,PO-2025-00930,2,MAT-00905,1470,31.39,46143.3,DELIVERED
POL-0001528,PO-2025-00931,1,MAT-00945,249,179.18,44615.82,DELIVERED
POL-0001529,PO-2025-00931,2,MAT-00515,2219,14.31,31753.89,DELIVERED
POL-0001530,PO-2025-00931,3,MAT-00315,488,112.99,55139.12,DELIVERED
POL-0001531,PO-2025-00931,4,MAT-01028,3181,31.51,100233.31,DELIVERED
POL-0001532,PO-2025-00932,1,MAT-00521,1219,4.17,5083.23,DELIVERED
POL-0001533,PO-2025-00932,2,MAT-00620,204,31.76,6479.04,DELIVERED
POL-0001534,PO-2025-00933,1,MAT-00990,107,26.97,2885.79,DELIVERED
POL-0001535,PO-2025-00933,2,MAT-00407,242,8.37,2025.54,DELIVERED
POL-0001536,PO-2025-00934,1,MAT-00481,86,20.47,1760.42,DELIVERED
POL-0001537,PO-2025-00935,1,MAT-00118,3171,7.27,23053.17,PENDING
POL-0001538,PO-2025-00936,1,MAT-00594,354,35.36,12517.44,DELIVERED
POL-0001539,PO-2025-00937,1,MAT-00736,1374,39.69,54534.06,CANCELLED
POL-0001540,PO-2025-00938,1,MAT-00979,1071,4.59,4915.89,PENDING
POL-0001541,PO-2025-00938,2,MAT-01041,2064,153.41,316638.24,PENDING
POL-0001542,PO-2025-00939,1,MAT-00988,1112,65.33,72646.96,DELIVERED
POL-0001543,PO-2025-00939,2,MAT-00654,3948,7.32,28899.36,DELIVERED
POL-0001544,PO-2025-00939,3,MAT-00165,103,69.19,7126.57,DELIVERED
POL-0001545,PO-2025-00940,1,MAT-00803,1034,27.11,28031.74,DELIVERED
POL-0001546,PO-2025-00940,2,MAT-00218,783,19.32,15127.56,DELIVERED
POL-0001547,PO-2025-00940,3,MAT-00723,195,5.49,1070.55,DELIVERED
POL-0001548,PO-2025-00941,1,MAT-00831,438,5.82,2549.16,DELIVERED
POL-0001549,PO-2025-00941,2,MAT-00516,1130,55.41,62613.3,DELIVERED
POL-0001550,PO-2025-00942,1,MAT-00027,2094,7.89,16521.66,DELIVERED
POL-0001551,PO-2025-00943,1,MAT-00589,90,64.45,5800.5,DELIVERED
POL-0001552,PO-2025-00943,2,MAT-00808,840,15.09,12675.6,DELIVERED
POL-0001553,PO-2025-00944,1,MAT-00909,467,55.6,25965.2,DELIVERED
POL-0001554,PO-2025-00945,1,MAT-00702,145,85.18,12351.1,DELIVERED
POL-0001555,PO-2025-00946,1,MAT-00584,119,318.37,37886.03,DELIVERED
POL-0001556,PO-2025-00946,2,MAT-00173,824,24.6,20270.4,DELIVERED
POL-0001557,PO-2025-00947,1,MAT-00504,1641,44.11,72384.51,DELIVERED
POL-0001558,PO-2025-00948,1,MAT-00950,1102,33.91,37368.82,CANCELLED
POL-0001559,PO-2025-00949,1,MAT-00096,2943,5.63,16569.09,OVERDUE
POL-0001560,PO-2025-00950,1,MAT-00077,187,30.35,5675.45,DELIVERED
POL-0001561,PO-2025-00951,1,MAT-00857,2240,11.28,25267.2,PENDING
POL-0001562,PO-2025-00951,2,MAT-00801,106,67.85,7192.1,PENDING
POL-0001563,PO-2025-00951,3,MAT-01077,385,4.68,1801.8,PENDING
POL-0001564,PO-2025-00951,4,MAT-00725,1041,28.78,29959.98,PENDING
POL-0001565,PO-2025-00952,1,MAT-01173,1347,30.61,41231.67,DELIVERED
POL-0001566,PO-2025-00953,1,MAT-00911,91,18.73,1704.43,DELIVERED
POL-0001567,PO-2025-00953,2,MAT-00406,103,55.54,5720.62,DELIVERED
POL-0001568,PO-2025-00954,1,MAT-00235,1370,252.41,345801.7,DELIVERED
POL-0001569,PO-2025-00955,1,MAT-00282,2134,48.44,103370.96,DELIVERED
POL-0001570,PO-2025-00956,1,MAT-00239,2879,13.02,37484.58,PENDING
POL-0001571,PO-2025-00957,1,MAT-00796,2004,75.17,150640.68,CANCELLED
POL-0001572,PO-2025-00957,2,MAT-00865,4434,12.6,55868.4,CANCELLED
POL-0001573,PO-2025-00957,3,MAT-00427,208,8.13,1691.04,CANCELLED
POL-0001574,PO-2025-00958,1,MAT-00599,211,16.78,3540.58,DELIVERED
POL-0001575,PO-2025-00958,2,MAT-00970,1155,5.12,5913.6,DELIVERED
POL-0001576,PO-2025-00958,3,MAT-00697,1400,39.32,55048.0,DELIVERED
POL-0001577,PO-2025-00959,1,MAT-01128,74,11.12,822.88,CANCELLED
POL-0001578,PO-2025-00959,2,MAT-01157,438,11.78,5159.64,CANCELLED
POL-0001579,PO-2025-00959,3,MAT-00614,378,7.97,3012.66,CANCELLED
POL-0001580,PO-2025-00960,1,MAT-00085,103,10.07,1037.21,DELIVERED
POL-0001581,PO-2025-00961,1,MAT-00548,678,20.62,13980.36,DELIVERED
POL-0001582,PO-2025-00962,1,MAT-00687,2021,19.31,39025.51,DELIVERED
POL-0001583,PO-2025-00963,1,MAT-00023,619,26.29,16273.51,OVERDUE
POL-0001584,PO-2025-00963,2,MAT-00462,62,25.14,1558.68,OVERDUE
POL-0001585,PO-2025-00964,1,MAT-00281,717,26.61,19079.37,IN_TRANSIT
POL-0001586,PO-2025-00965,1,MAT-00406,120,55.54,6664.8,DELIVERED
POL-0001587,PO-2025-00966,1,MAT-00695,99,48.21,4772.79,DELIVERED
POL-0001588,PO-2025-00967,1,MAT-00549,2285,41.83,95581.55,DELIVERED
POL-0001589,PO-2025-00968,1,MAT-00033,1310,24.38,31937.8,IN_TRANSIT
POL-0001590,PO-2025-00969,1,MAT-00876,66,179.11,11821.26,DELIVERED
POL-0001591,PO-2025-00969,2,MAT-00193,1087,32.7,35544.9,DELIVERED
POL-0001592,PO-2025-00970,1,MAT-00934,195,2.13,415.35,DELIVERED
POL-0001593,PO-2025-00971,1,MAT-00169,1328,20.81,27635.68,OVERDUE
POL-0001594,PO-2025-00972,1,MAT-00958,4698,41.38,194403.24,DELIVERED
POL-0001595,PO-2025-00973,1,MAT-00138,1245,19.38,24128.1,OVERDUE
POL-0001596,PO-2025-00974,1,MAT-01060,945,16.97,16036.65,DELIVERED
POL-0001597,PO-2025-00975,1,MAT-01182,116,116.22,13481.52,DELIVERED
POL-0001598,PO-2025-00976,1,MAT-00931,661,13.9,9187.9,DELIVERED
POL-0001599,PO-2025-00977,1,MAT-00878,497,33.42,16609.74,OVERDUE
POL-0001600,PO-2025-00978,1,MAT-00547,89,47.33,4212.37,DELIVERED
POL-0001601,PO-2025-00979,1,MAT-00433,461,18.12,8353.32,DELIVERED
POL-0001602,PO-2025-00979,2,MAT-01123,118,48.63,5738.34,DELIVERED
POL-0001603,PO-2025-00980,1,MAT-00375,110,270.63,29769.3,PENDING
POL-0001604,PO-2025-00981,1,MAT-01177,140,4.33,606.2,DELIVERED
POL-0001605,PO-2025-00981,2,MAT-01039,272,30.4,8268.8,DELIVERED
POL-0001606,PO-2025-00982,1,MAT-00447,200,38.86,7772.0,PENDING
POL-0001607,PO-2025-00983,1,MAT-01173,1892,30.61,57914.12,DELIVERED
POL-0001608,PO-2025-00983,2,MAT-01032,2011,4.18,8405.98,DELIVERED
POL-0001609,PO-2025-00983,3,MAT-00819,274,29.25,8014.5,DELIVERED
POL-0001610,PO-2025-00984,1,MAT-00645,821,20.52,16846.92,DELIVERED
POL-0001611,PO-2025-00984,2,MAT-00285,1078,292.76,315595.28,DELIVERED
POL-0001612,PO-2025-00985,1,MAT-00933,4059,5.69,23095.71,DELIVERED
POL-0001613,PO-2025-00985,2,MAT-00160,1590,48.48,77083.2,DELIVERED
POL-0001614,PO-2025-00986,1,MAT-00823,4355,336.33,1464717.15,DELIVERED
POL-0001615,PO-2025-00987,1,MAT-00143,114,4.13,470.82,DELIVERED
POL-0001616,PO-2025-00987,2,MAT-00031,724,12.93,9361.32,DELIVERED
POL-0001617,PO-2025-00987,3,MAT-01189,332,49.09,16297.88,DELIVERED
POL-0001618,PO-2025-00987,4,MAT-01043,435,86.42,37592.7,DELIVERED
POL-0001619,PO-2025-00988,1,MAT-00165,95,69.19,6573.05,DELIVERED
POL-0001620,PO-2025-00989,1,MAT-00418,117,31.86,3727.62,DELIVERED
POL-0001621,PO-2025-00989,2,MAT-01094,134,26.14,3502.76,DELIVERED
POL-0001622,PO-2025-00990,1,MAT-00631,112,4.35,487.2,DELIVERED
POL-0001623,PO-2025-00991,1,MAT-01097,2307,29.26,67502.82,DELIVERED
POL-0001624,PO-2025-00992,1,MAT-00040,491,31.14,15289.74,DELIVERED
POL-0001625,PO-2025-00992,2,MAT-00921,55,76.15,4188.25,DELIVERED
POL-0001626,PO-2025-00993,1,MAT-00780,689,48.79,33616.31,DELIVERED
POL-0001627,PO-2025-00993,2,MAT-00005,1235,21.07,26021.45,DELIVERED
POL-0001628,PO-2025-00993,3,MAT-01087,164,73.87,12114.68,DELIVERED
POL-0001629,PO-2025-00994,1,MAT-00557,60,14.49,869.4,DELIVERED
POL-0001630,PO-2025-00995,1,MAT-00301,72,10.18,732.96,DELIVERED
POL-0001631,PO-2025-00996,1,MAT-00012,188,14.52,2729.76,CANCELLED
POL-0001632,PO-2025-00997,1,MAT-00234,100,11.9,1190.0,DELIVERED
POL-0001633,PO-2025-00997,2,MAT-01190,1171,8.45,9894.95,DELIVERED
POL-0001634,PO-2025-00998,1,MAT-00291,4098,21.89,89705.22,DELIVERED
POL-0001635,PO-2025-00998,2,MAT-00235,1451,252.41,366246.91,DELIVERED
POL-0001636,PO-2025-00998,3,MAT-00320,264,22.51,5942.64,DELIVERED
POL-0001637,PO-2025-00999,1,MAT-00612,763,21.98,16770.74,OVERDUE
POL-0001638,PO-2025-01000,1,MAT-01105,778,86.37,67195.86,DELIVERED
POL-0001639,PO-2025-01001,1,MAT-00850,57,15.13,862.41,DELIVERED
POL-0001640,PO-2025-01001,2,MAT-00062,182,20.03,3645.46,DELIVERED
POL-0001641,PO-2025-01001,3,MAT-00040,283,31.14,8812.62,DELIVERED
POL-0001642,PO-2025-01002,1,MAT-01058,525,91.18,47869.5,DELIVERED
POL-0001643,PO-2025-01003,1,MAT-00155,724,38.82,28105.68,DELIVERED
POL-0001644,PO-2025-01003,2,MAT-00789,1108,25.4,28143.2,DELIVERED
POL-0001645,PO-2025-01004,1,MAT-00352,28,135.81,3802.68,DELIVERED
POL-0001646,PO-2025-01005,1,MAT-00274,885,25.6,22656.0,DELIVERED
POL-0001647,PO-2025-01006,1,MAT-00359,4529,35.51,160824.79,PENDING
POL-0001648,PO-2025-01006,2,MAT-00575,519,58.55,30387.45,PENDING
POL-0001649,PO-2025-01007,1,MAT-00668,3087,137.32,423906.84,DELIVERED
POL-0001650,PO-2025-01008,1,MAT-00993,3943,21.06,83039.58,PENDING
POL-0001651,PO-2025-01009,1,MAT-00605,1859,39.73,73858.07,DELIVERED
POL-0001652,PO-2025-01009,2,MAT-00039,167,6.02,1005.34,DELIVERED
POL-0001653,PO-2025-01009,3,MAT-00320,482,22.51,10849.82,DELIVERED
POL-0001654,PO-2025-01010,1,MAT-00940,516,14.26,7358.16,DELIVERED
POL-0001655,PO-2025-01010,2,MAT-00925,655,100.58,65879.9,DELIVERED
POL-0001656,PO-2025-01011,1,MAT-00121,381,59.21,22559.01,DELIVERED
POL-0001657,PO-2025-01012,1,MAT-00602,228,10.19,2323.32,DELIVERED
POL-0001658,PO-2025-01012,2,MAT-00632,29,130.83,3794.07,DELIVERED
POL-0001659,PO-2025-01012,3,MAT-00727,188,24.56,4617.28,DELIVERED
POL-0001660,PO-2025-01013,1,MAT-00871,1039,22.39,23263.21,DELIVERED
POL-0001661,PO-2025-01013,2,MAT-00571,92,24.27,2232.84,DELIVERED
POL-0001662,PO-2025-01013,3,MAT-00498,1123,20.15,22628.45,DELIVERED
POL-0001663,PO-2025-01014,1,MAT-00558,70,15.06,1054.2,DELIVERED
POL-0001664,PO-2025-01014,2,MAT-01021,99,49.68,4918.32,DELIVERED
POL-0001665,PO-2025-01015,1,MAT-00757,4842,48.01,232464.42,DELIVERED
POL-0001666,PO-2025-01015,2,MAT-00473,1355,4.49,6083.95,DELIVERED
POL-0001667,PO-2025-01015,3,MAT-00781,1306,29.37,38357.22,DELIVERED
POL-0001668,PO-2025-01015,4,MAT-00950,854,33.91,28959.14,DELIVERED
POL-0001669,PO-2025-01016,1,MAT-01084,166,229.9,38163.4,DELIVERED
POL-0001670,PO-2025-01017,1,MAT-01162,1013,295.71,299554.23,DELIVERED
POL-0001671,PO-2025-01018,1,MAT-01075,1739,77.99,135624.61,DELIVERED
POL-0001672,PO-2025-01019,1,MAT-00023,1198,26.29,31495.42,DELIVERED
POL-0001673,PO-2025-01019,2,MAT-01166,3333,347.29,1157517.57,DELIVERED
POL-0001674,PO-2025-01019,3,MAT-00363,1756,22.75,39949.0,DELIVERED
POL-0001675,PO-2025-01019,4,MAT-00707,62,6.54,405.48,DELIVERED
POL-0001676,PO-2025-01020,1,MAT-00317,2909,55.54,161565.86,DELIVERED
POL-0001677,PO-2025-01020,2,MAT-00819,805,29.25,23546.25,DELIVERED
POL-0001678,PO-2025-01021,1,MAT-00951,1030,20.4,21012.0,DELIVERED
POL-0001679,PO-2025-01022,1,MAT-00026,3100,30.32,93992.0,IN_TRANSIT
POL-0001680,PO-2025-01023,1,MAT-00101,777,5.32,4133.64,DELIVERED
POL-0001681,PO-2025-01024,1,MAT-00389,2609,70.87,184899.83,IN_TRANSIT
POL-0001682,PO-2025-01024,2,MAT-00061,1017,15.72,15987.24,IN_TRANSIT
POL-0001683,PO-2025-01024,3,MAT-00137,53,10.76,570.28,IN_TRANSIT
POL-0001684,PO-2025-01024,4,MAT-00102,3609,15.85,57202.65,IN_TRANSIT
POL-0001685,PO-2025-01025,1,MAT-00956,238,82.45,19623.1,DELIVERED
POL-0001686,PO-2025-01025,2,MAT-00625,99,156.15,15458.85,DELIVERED
POL-0001687,PO-2025-01026,1,MAT-00465,187,22.89,4280.43,DELIVERED
POL-0001688,PO-2025-01026,2,MAT-00243,53,45.06,2388.18,DELIVERED
POL-0001689,PO-2025-01027,1,MAT-01058,793,91.18,72305.74,DELIVERED
POL-0001690,PO-2025-01027,2,MAT-00272,28,5.47,153.16,DELIVERED
POL-0001691,PO-2025-01028,1,MAT-01107,1639,48.98,80278.22,DELIVERED
POL-0001692,PO-2025-01029,1,MAT-00278,243,14.49,3521.07,PENDING
POL-0001693,PO-2025-01030,1,MAT-00310,28,19.19,537.32,DELIVERED
POL-0001694,PO-2025-01030,2,MAT-00993,4973,21.06,104731.38,DELIVERED
POL-0001695,PO-2025-01030,3,MAT-00877,85,14.6,1241.0,DELIVERED
POL-0001696,PO-2025-01031,1,MAT-00210,238,1869.34,444902.92,DELIVERED
POL-0001697,PO-2025-01031,2,MAT-01117,234,341.91,80006.94,DELIVERED
POL-0001698,PO-2025-01031,3,MAT-00070,179,12.85,2300.15,DELIVERED
POL-0001699,PO-2025-01032,1,MAT-00758,908,29.62,26894.96,OVERDUE
POL-0001700,PO-2025-01033,1,MAT-00504,4745,44.11,209301.95,DELIVERED
POL-0001701,PO-2025-01034,1,MAT-00882,405,14.83,6006.15,IN_TRANSIT
POL-0001702,PO-2025-01035,1,MAT-00595,148,75.23,11134.04,DELIVERED
POL-0001703,PO-2025-01035,2,MAT-00247,3843,15.77,60604.11,DELIVERED
POL-0001704,PO-2025-01035,3,MAT-00652,47,87.78,4125.66,DELIVERED
POL-0001705,PO-2025-01036,1,MAT-00149,1309,44.52,58276.68,DELIVERED
POL-0001706,PO-2025-01037,1,MAT-00027,1678,7.89,13239.42,DELIVERED
POL-0001707,PO-2025-01038,1,MAT-01017,330,13.77,4544.1,DELIVERED
POL-0001708,PO-2025-01039,1,MAT-00368,3976,26.65,105960.4,DELIVERED
POL-0001709,PO-2025-01039,2,MAT-01196,3390,44.16,149702.4,DELIVERED
POL-0001710,PO-2025-01039,3,MAT-00146,336,66.13,22219.68,DELIVERED
POL-0001711,PO-2025-01040,1,MAT-01057,2193,27.41,60110.13,DELIVERED
POL-0001712,PO-2025-01041,1,MAT-00377,1599,71.37,114120.63,DELIVERED
POL-0001713,PO-2025-01042,1,MAT-00001,241,43.14,10396.74,DELIVERED
POL-0001714,PO-2025-01043,1,MAT-00852,487,15.26,7431.62,DELIVERED
POL-0001715,PO-2025-01044,1,MAT-00011,1716,15.09,25894.44,DELIVERED
POL-0001716,PO-2025-01044,2,MAT-00966,351,132.2,46402.2,DELIVERED
POL-0001717,PO-2025-01045,1,MAT-01142,3629,119.95,435298.55,DELIVERED
POL-0001718,PO-2025-01046,1,MAT-01103,488,278.63,135971.44,DELIVERED
POL-0001719,PO-2025-01047,1,MAT-00076,158,61.74,9754.92,DELIVERED
POL-0001720,PO-2025-01048,1,MAT-00162,208,66.09,13746.72,OVERDUE
POL-0001721,PO-2025-01049,1,MAT-00804,129,14.02,1808.58,DELIVERED
POL-0001722,PO-2025-01050,1,MAT-01008,495,54.19,26824.05,DELIVERED
POL-0001723,PO-2025-01051,1,MAT-00026,2105,30.32,63823.6,OVERDUE
POL-0001724,PO-2025-01052,1,MAT-00038,27,3.22,86.94,DELIVERED
POL-0001725,PO-2025-01052,2,MAT-00429,3354,85.43,286532.22,DELIVERED
POL-0001726,PO-2025-01052,3,MAT-00807,2037,30.8,62739.6,DELIVERED
POL-0001727,PO-2025-01053,1,MAT-00082,2597,38.31,99491.07,OVERDUE
POL-0001728,PO-2025-01054,1,MAT-00571,64,24.27,1553.28,DELIVERED
POL-0001729,PO-2025-01055,1,MAT-00323,94,10.79,1014.26,CANCELLED
POL-0001730,PO-2025-01056,1,MAT-00424,900,70.34,63306.0,DELIVERED
POL-0001731,PO-2025-01057,1,MAT-00389,4631,70.87,328198.97,DELIVERED
POL-0001732,PO-2025-01058,1,MAT-00110,342,22.42,7667.64,DELIVERED
POL-0001733,PO-2025-01058,2,MAT-00990,124,26.97,3344.28,DELIVERED
POL-0001734,PO-2025-01059,1,MAT-00088,3397,36.74,124805.78,CANCELLED
POL-0001735,PO-2025-01059,2,MAT-00190,3163,4.66,14739.58,CANCELLED
POL-0001736,PO-2025-01060,1,MAT-00578,4641,59.6,276603.6,DELIVERED
POL-0001737,PO-2025-01060,2,MAT-00799,628,24.99,15693.72,DELIVERED
POL-0001738,PO-2025-01061,1,MAT-00198,2371,30.26,71746.46,DELIVERED
POL-0001739,PO-2025-01061,2,MAT-00818,490,65.99,32335.1,DELIVERED
POL-0001740,PO-2025-01062,1,MAT-00245,104,7.12,740.48,DELIVERED
POL-0001741,PO-2025-01062,2,MAT-00326,1586,7.37,11688.82,DELIVERED
POL-0001742,PO-2025-01062,3,MAT-00643,95,20.33,1931.35,DELIVERED
POL-0001743,PO-2025-01062,4,MAT-00964,371,57.29,21254.59,DELIVERED
POL-0001744,PO-2025-01063,1,MAT-00975,1460,14.88,21724.8,DELIVERED
POL-0001745,PO-2025-01064,1,MAT-00117,107,23.25,2487.75,DELIVERED
POL-0001746,PO-2025-01064,2,MAT-00151,107,32.31,3457.17,DELIVERED
POL-0001747,PO-2025-01065,1,MAT-01173,2085,30.61,63821.85,DELIVERED
POL-0001748,PO-2025-01066,1,MAT-00794,115,6.76,777.4,OVERDUE
POL-0001749,PO-2025-01067,1,MAT-01181,775,29.63,22963.25,DELIVERED
POL-0001750,PO-2025-01067,2,MAT-00788,647,40.01,25886.47,DELIVERED
POL-0001751,PO-2025-01067,3,MAT-01095,220,56.28,12381.6,DELIVERED
POL-0001752,PO-2025-01067,4,MAT-00266,623,6.1,3800.3,DELIVERED
POL-0001753,PO-2025-01068,1,MAT-01138,651,6.66,4335.66,DELIVERED
POL-0001754,PO-2025-01069,1,MAT-00678,977,160.83,157130.91,DELIVERED
POL-0001755,PO-2025-01070,1,MAT-00018,1782,39.05,69587.1,DELIVERED
POL-0001756,PO-2025-01071,1,MAT-00879,521,27.65,14405.65,DELIVERED
POL-0001757,PO-2025-01071,2,MAT-00444,1673,22.79,38127.67,DELIVERED
POL-0001758,PO-2025-01072,1,MAT-00243,55,45.06,2478.3,DELIVERED
POL-0001759,PO-2025-01073,1,MAT-00748,375,11.55,4331.25,DELIVERED
POL-0001760,PO-2025-01074,1,MAT-00943,1107,51.39,56888.73,DELIVERED
POL-0001761,PO-2025-01075,1,MAT-01177,156,4.33,675.48,DELIVERED
POL-0001762,PO-2025-01075,2,MAT-00089,1532,13.87,21248.84,DELIVERED
POL-0001763,PO-2025-01076,1,MAT-00950,507,33.91,17192.37,OVERDUE
POL-0001764,PO-2025-01076,2,MAT-00560,1231,16.8,20680.8,OVERDUE
POL-0001765,PO-2025-01077,1,MAT-00281,854,26.61,22724.94,DELIVERED
POL-0001766,PO-2025-01077,2,MAT-00585,1175,29.99,35238.25,DELIVERED
POL-0001767,PO-2025-01078,1,MAT-00462,88,25.14,2212.32,PENDING
POL-0001768,PO-2025-01078,2,MAT-00248,1936,12.46,24122.56,PENDING
POL-0001769,PO-2025-01079,1,MAT-00798,108,51.28,5538.24,DELIVERED
POL-0001770,PO-2025-01080,1,MAT-00580,1671,89.7,149888.7,CANCELLED
POL-0001771,PO-2025-01081,1,MAT-00760,56,54.98,3078.88,DELIVERED
POL-0001772,PO-2025-01082,1,MAT-00835,705,25.41,17914.05,DELIVERED
POL-0001773,PO-2025-01082,2,MAT-00861,2180,34.48,75166.4,DELIVERED
POL-0001774,PO-2025-01082,3,MAT-00635,1583,8.68,13740.44,DELIVERED
POL-0001775,PO-2025-01083,1,MAT-00063,404,7.25,2929.0,DELIVERED
POL-0001776,PO-2025-01083,2,MAT-00864,2303,168.91,388999.73,DELIVERED
POL-0001777,PO-2025-01083,3,MAT-00832,532,8.81,4686.92,DELIVERED
POL-0001778,PO-2025-01084,1,MAT-00403,321,28.29,9081.09,DELIVERED
POL-0001779,PO-2025-01085,1,MAT-00408,353,19.97,7049.41,DELIVERED
POL-0001780,PO-2025-01085,2,MAT-00185,1346,19.38,26085.48,DELIVERED
POL-0001781,PO-2025-01086,1,MAT-00193,1644,32.7,53758.8,DELIVERED
POL-0001782,PO-2025-01087,1,MAT-00765,990,91.59,90674.1,DELIVERED
POL-0001783,PO-2025-01088,1,MAT-00669,2501,1.61,4026.61,DELIVERED
POL-0001784,PO-2025-01089,1,MAT-00542,1061,7.41,7862.01,PENDING
POL-0001785,PO-2025-01090,1,MAT-00958,4734,41.38,195892.92,DELIVERED
POL-0001786,PO-2025-01091,1,MAT-00164,1186,10.01,11871.86,PENDING
POL-0001787,PO-2025-01091,2,MAT-00829,3322,16.67,55377.74,PENDING
POL-0001788,PO-2025-01091,3,MAT-00880,116,103.54,12010.64,PENDING
POL-0001789,PO-2025-01091,4,MAT-00253,1607,283.71,455921.97,PENDING
POL-0001790,PO-2025-01092,1,MAT-00399,284,22.77,6466.68,DELIVERED
POL-0001791,PO-2025-01092,2,MAT-01121,481,79.69,38330.89,DELIVERED
POL-0001792,PO-2025-01093,1,MAT-00767,124,22.92,2842.08,DELIVERED
POL-0001793,PO-2025-01093,2,MAT-00980,439,60.76,26673.64,DELIVERED
POL-0001794,PO-2025-01093,3,MAT-00182,316,10.58,3343.28,DELIVERED
POL-0001795,PO-2025-01093,4,MAT-00501,442,76.28,33715.76,DELIVERED
POL-0001796,PO-2025-01094,1,MAT-00206,147,9.16,1346.52,DELIVERED
POL-0001797,PO-2025-01095,1,MAT-00445,72,6.48,466.56,DELIVERED
POL-0001798,PO-2025-01095,2,MAT-00273,92,97.71,8989.32,DELIVERED
POL-0001799,PO-2025-01096,1,MAT-00830,4686,18.38,86128.68,DELIVERED
POL-0001800,PO-2025-01096,2,MAT-00660,490,21.91,10735.9,DELIVERED
POL-0001801,PO-2025-01096,3,MAT-00336,2130,20.44,43537.2,DELIVERED
POL-0001802,PO-2025-01097,1,MAT-00943,1168,51.39,60023.52,DELIVERED
POL-0001803,PO-2025-01098,1,MAT-00327,97,96.4,9350.8,DELIVERED
POL-0001804,PO-2025-01099,1,MAT-00374,124,70.9,8791.6,PENDING
POL-0001805,PO-2025-01100,1,MAT-00134,766,45.71,35013.86,DELIVERED
POL-0001806,PO-2025-01100,2,MAT-00601,77,63.86,4917.22,DELIVERED
POL-0001807,PO-2025-01101,1,MAT-00609,2278,3.42,7790.76,DELIVERED
POL-0001808,PO-2025-01102,1,MAT-00019,578,9.25,5346.5,DELIVERED
POL-0001809,PO-2025-01102,2,MAT-00551,1880,30.92,58129.6,DELIVERED
POL-0001810,PO-2025-01102,3,MAT-00260,458,64.9,29724.2,DELIVERED
POL-0001811,PO-2025-01103,1,MAT-00118,3489,7.27,25365.03,DELIVERED
POL-0001812,PO-2025-01103,2,MAT-00414,3204,95.4,305661.6,DELIVERED
POL-0001813,PO-2025-01104,1,MAT-00453,415,9.49,3938.35,DELIVERED
POL-0001814,PO-2025-01104,2,MAT-00504,1853,44.11,81735.83,DELIVERED
POL-0001815,PO-2025-01104,3,MAT-00317,1737,55.54,96472.98,DELIVERED
POL-0001816,PO-2025-01105,1,MAT-00886,93,203.43,18918.99,DELIVERED
POL-0001817,PO-2025-01106,1,MAT-00155,1097,38.82,42585.54,CANCELLED
POL-0001818,PO-2025-01107,1,MAT-00980,120,60.76,7291.2,DELIVERED
POL-0001819,PO-2025-01107,2,MAT-00776,1047,4.92,5151.24,DELIVERED
POL-0001820,PO-2025-01108,1,MAT-00687,770,19.31,14868.7,DELIVERED
POL-0001821,PO-2025-01108,2,MAT-00590,334,10.8,3607.2,DELIVERED
POL-0001822,PO-2025-01109,1,MAT-00077,149,30.35,4522.15,DELIVERED
POL-0001823,PO-2025-01110,1,MAT-00038,41,3.22,132.02,DELIVERED
POL-0001824,PO-2025-01111,1,MAT-00929,4367,144.62,631555.54,DELIVERED
POL-0001825,PO-2025-01111,2,MAT-00881,432,410.69,177418.08,DELIVERED
POL-0001826,PO-2025-01111,3,MAT-00029,1092,12.48,13628.16,DELIVERED
POL-0001827,PO-2025-01112,1,MAT-00502,121,205.13,24820.73,DELIVERED
POL-0001828,PO-2025-01112,2,MAT-00827,4532,151.97,688728.04,DELIVERED
POL-0001829,PO-2025-01113,1,MAT-00538,565,15.39,8695.35,DELIVERED
POL-0001830,PO-2025-01114,1,MAT-00995,3348,8.66,28993.68,DELIVERED
POL-0001831,PO-2025-01115,1,MAT-01169,130,50.44,6557.2,DELIVERED
POL-0001832,PO-2025-01115,2,MAT-01037,270,6.68,1803.6,DELIVERED
POL-0001833,PO-2025-01116,1,MAT-00646,420,20.48,8601.6,OVERDUE
POL-0001834,PO-2025-01116,2,MAT-00426,392,122.87,48165.04,OVERDUE
POL-0001835,PO-2025-01117,1,MAT-00854,944,98.17,92672.48,DELIVERED
POL-0001836,PO-2025-01118,1,MAT-00527,798,4.28,3415.44,DELIVERED
POL-0001837,PO-2025-01119,1,MAT-01093,473,59.23,28015.79,DELIVERED
POL-0001838,PO-2025-01120,1,MAT-00467,1870,46.79,87497.3,DELIVERED
POL-0001839,PO-2025-01121,1,MAT-00895,2444,109.37,267300.28,OVERDUE
POL-0001840,PO-2025-01121,2,MAT-00623,118,213.25,25163.5,OVERDUE
POL-0001841,PO-2025-01121,3,MAT-00615,42,393.03,16507.26,OVERDUE
POL-0001842,PO-2025-01122,1,MAT-00331,378,25.68,9707.04,DELIVERED
POL-0001843,PO-2025-01122,2,MAT-00132,1097,29.72,32602.84,DELIVERED
POL-0001844,PO-2025-01123,1,MAT-01027,79,28.8,2275.2,DELIVERED
POL-0001845,PO-2025-01124,1,MAT-00990,54,26.97,1456.38,DELIVERED
POL-0001846,PO-2025-01124,2,MAT-00795,154,7.58,1167.32,DELIVERED
POL-0001847,PO-2025-01124,3,MAT-00788,1895,40.01,75818.95,DELIVERED
POL-0001848,PO-2025-01124,4,MAT-00410,947,46.71,44234.37,DELIVERED
POL-0001849,PO-2025-01125,1,MAT-00524,824,51.02,42040.48,DELIVERED
POL-0001850,PO-2025-01125,2,MAT-01099,4889,64.93,317442.77,DELIVERED
POL-0001851,PO-2025-01126,1,MAT-00556,2713,16.6,45035.8,DELIVERED
POL-0001852,PO-2025-01127,1,MAT-00909,196,55.6,10897.6,DELIVERED
POL-0001853,PO-2025-01127,2,MAT-00008,221,60.03,13266.63,DELIVERED
POL-0001854,PO-2025-01128,1,MAT-00911,217,18.73,4064.41,DELIVERED
POL-0001855,PO-2025-01129,1,MAT-00122,102,9.54,973.08,DELIVERED
POL-0001856,PO-2025-01130,1,MAT-00858,3737,39.46,147462.02,OVERDUE
POL-0001857,PO-2025-01130,2,MAT-00833,240,7.83,1879.2,OVERDUE
POL-0001858,PO-2025-01131,1,MAT-00677,60,7.13,427.8,DELIVERED
POL-0001859,PO-2025-01131,2,MAT-01011,1204,116.18,139880.72,DELIVERED
POL-0001860,PO-2025-01132,1,MAT-00353,302,62.67,18926.34,DELIVERED
POL-0001861,PO-2025-01133,1,MAT-01073,423,29.22,12360.06,DELIVERED
POL-0001862,PO-2025-01133,2,MAT-00272,54,5.47,295.38,DELIVERED
POL-0001863,PO-2025-01133,3,MAT-00118,2429,7.27,17658.83,DELIVERED
POL-0001864,PO-2025-01134,1,MAT-00850,42,15.13,635.46,DELIVERED
POL-0001865,PO-2025-01135,1,MAT-00526,1723,3.7,6375.1,DELIVERED
POL-0001866,PO-2025-01136,1,MAT-00607,45,10.84,487.8,DELIVERED
POL-0001867,PO-2025-01136,2,MAT-00833,232,7.83,1816.56,DELIVERED
POL-0001868,PO-2025-01136,3,MAT-00873,53,5.67,300.51,DELIVERED
POL-0001869,PO-2025-01137,1,MAT-00478,702,36.9,25903.8,OVERDUE
POL-0001870,PO-2025-01137,2,MAT-00503,658,5.68,3737.44,OVERDUE
POL-0001871,PO-2025-01138,1,MAT-00094,178,17.19,3059.82,DELIVERED
POL-0001872,PO-2025-01139,1,MAT-00125,119,51.67,6148.73,DELIVERED
POL-0001873,PO-2025-01140,1,MAT-01096,105,24.14,2534.7,CANCELLED
POL-0001874,PO-2025-01140,2,MAT-00142,925,108.48,100344.0,CANCELLED
POL-0001875,PO-2025-01141,1,MAT-01185,145,9.35,1355.75,DELIVERED
POL-0001876,PO-2025-01141,2,MAT-00993,4472,21.06,94180.32,DELIVERED
POL-0001877,PO-2025-01141,3,MAT-01180,2255,7.26,16371.3,DELIVERED
POL-0001878,PO-2025-01142,1,MAT-00277,719,30.42,21871.98,CANCELLED
POL-0001879,PO-2025-01142,2,MAT-00743,63,13.32,839.16,CANCELLED
POL-0001880,PO-2025-01143,1,MAT-00554,909,32.22,29287.98,DELIVERED
POL-0001881,PO-2025-01144,1,MAT-00774,1056,76.97,81280.32,CANCELLED
POL-0001882,PO-2025-01144,2,MAT-00660,748,21.91,16388.68,CANCELLED
POL-0001883,PO-2025-01144,3,MAT-00457,3292,22.22,73148.24,CANCELLED
POL-0001884,PO-2025-01144,4,MAT-00039,227,6.02,1366.54,CANCELLED
POL-0001885,PO-2025-01145,1,MAT-01198,837,45.99,38493.63,DELIVERED
POL-0001886,PO-2025-01146,1,MAT-00514,294,9.35,2748.9,DELIVERED
POL-0001887,PO-2025-01146,2,MAT-00478,1219,36.9,44981.1,DELIVERED
POL-0001888,PO-2025-01146,3,MAT-00725,4645,28.78,133683.1,DELIVERED
POL-0001889,PO-2025-01147,1,MAT-00287,224,21.7,4860.8,PENDING
POL-0001890,PO-2025-01147,2,MAT-00960,441,44.8,19756.8,PENDING
POL-0001891,PO-2025-01148,1,MAT-00640,138,5.69,785.22,DELIVERED
POL-0001892,PO-2025-01148,2,MAT-00942,2884,69.64,200841.76,DELIVERED
POL-0001893,PO-2025-01149,1,MAT-01091,4794,24.48,117357.12,DELIVERED
POL-0001894,PO-2025-01150,1,MAT-00633,936,20.47,19159.92,DELIVERED
POL-0001895,PO-2025-01150,2,MAT-00326,1805,7.37,13302.85,DELIVERED
POL-0001896,PO-2025-01150,3,MAT-01026,3087,41.81,129067.47,DELIVERED
POL-0001897,PO-2025-01150,4,MAT-00265,2178,19.46,42383.88,DELIVERED
POL-0001898,PO-2025-01151,1,MAT-00656,1978,28.04,55463.12,DELIVERED
POL-0001899,PO-2025-01152,1,MAT-00451,194,23.45,4549.3,DELIVERED
POL-0001900,PO-2025-01152,2,MAT-00772,966,12.97,12529.02,DELIVERED
POL-0001901,PO-2025-01153,1,MAT-00574,235,20.04,4709.4,DELIVERED
POL-0001902,PO-2025-01154,1,MAT-00430,504,3.54,1784.16,PENDING
POL-0001903,PO-2025-01155,1,MAT-00826,3725,125.95,469163.75,DELIVERED
POL-0001904,PO-2025-01155,2,MAT-00761,68,14.1,958.8,DELIVERED
POL-0001905,PO-2025-01156,1,MAT-01085,411,38.18,15691.98,DELIVERED
POL-0001906,PO-2025-01157,1,MAT-00782,798,5.92,4724.16,DELIVERED
POL-0001907,PO-2025-01158,1,MAT-00048,157,78.45,12316.65,DELIVERED
POL-0001908,PO-2025-01159,1,MAT-00971,1107,28.49,31538.43,DELIVERED
POL-0001909,PO-2025-01159,2,MAT-00311,226,19.43,4391.18,DELIVERED
POL-0001910,PO-2025-01159,3,MAT-00467,1443,46.79,67517.97,DELIVERED
POL-0001911,PO-2025-01160,1,MAT-01174,491,23.68,11626.88,DELIVERED
POL-0001912,PO-2025-01160,2,MAT-00648,4295,24.06,103337.7,DELIVERED
POL-0001913,PO-2025-01161,1,MAT-01111,2119,19.73,41807.87,DELIVERED
POL-0001914,PO-2025-01161,2,MAT-00915,166,22.52,3738.32,DELIVERED
POL-0001915,PO-2025-01162,1,MAT-00532,1810,4.5,8145.0,DELIVERED
POL-0001916,PO-2025-01163,1,MAT-01075,1425,77.99,111135.75,DELIVERED
POL-0001917,PO-2025-01163,2,MAT-00136,120,136.45,16374.0,DELIVERED
POL-0001918,PO-2025-01164,1,MAT-00133,220,7.66,1685.2,DELIVERED
POL-0001919,PO-2025-01164,2,MAT-01045,123,22.55,2773.65,DELIVERED
POL-0001920,PO-2025-01165,1,MAT-00800,513,26.27,13476.51,DELIVERED
POL-0001921,PO-2025-01166,1,MAT-01049,1622,119.58,193958.76,DELIVERED
POL-0001922,PO-2025-01167,1,MAT-00035,259,67.89,17583.51,DELIVERED
POL-0001923,PO-2025-01168,1,MAT-00223,852,50.15,42727.8,OVERDUE
POL-0001924,PO-2025-01168,2,MAT-00684,3952,47.87,189182.24,OVERDUE
POL-0001925,PO-2025-01169,1,MAT-01121,316,79.69,25182.04,OVERDUE
POL-0001926,PO-2025-01169,2,MAT-00793,2194,31.91,70010.54,OVERDUE
POL-0001927,PO-2025-01170,1,MAT-00202,2953,45.92,135601.76,PENDING
POL-0001928,PO-2025-01170,2,MAT-00823,2552,336.33,858314.16,PENDING
POL-0001929,PO-2025-01171,1,MAT-00076,146,61.74,9014.04,DELIVERED
POL-0001930,PO-2025-01172,1,MAT-00301,47,10.18,478.46,DELIVERED
POL-0001931,PO-2025-01172,2,MAT-01048,1825,4.58,8358.5,DELIVERED
POL-0001932,PO-2025-01172,3,MAT-00895,1822,109.37,199272.14,DELIVERED
POL-0001933,PO-2025-01173,1,MAT-00931,740,13.9,10286.0,DELIVERED
POL-0001934,PO-2025-01174,1,MAT-00943,604,51.39,31039.56,CANCELLED
POL-0001935,PO-2025-01175,1,MAT-00914,406,158.72,64440.32,DELIVERED
POL-0001936,PO-2025-01175,2,MAT-00447,70,38.86,2720.2,DELIVERED
POL-0001937,PO-2025-01176,1,MAT-00675,275,5.74,1578.5,DELIVERED
POL-0001938,PO-2025-01176,2,MAT-00068,607,81.19,49282.33,DELIVERED
POL-0001939,PO-2025-01177,1,MAT-00192,2120,63.17,133920.4,DELIVERED
POL-0001940,PO-2025-01177,2,MAT-00092,2244,81.1,181988.4,DELIVERED
POL-0001941,PO-2025-01178,1,MAT-01043,223,86.42,19271.66,CANCELLED
POL-0001942,PO-2025-01179,1,MAT-00990,122,26.97,3290.34,DELIVERED
POL-0001943,PO-2025-01179,2,MAT-00661,110,12.91,1420.1,DELIVERED
POL-0001944,PO-2025-01179,3,MAT-00407,130,8.37,1088.1,DELIVERED
POL-0001945,PO-2025-01180,1,MAT-00910,2368,283.12,670428.16,DELIVERED
POL-0001946,PO-2025-01181,1,MAT-01094,224,26.14,5855.36,DELIVERED
POL-0001947,PO-2025-01182,1,MAT-00915,210,22.52,4729.2,DELIVERED
POL-0001948,PO-2025-01182,2,MAT-00547,60,47.33,2839.8,DELIVERED
POL-0001949,PO-2025-01182,3,MAT-01050,2167,125.08,271048.36,DELIVERED
POL-0001950,PO-2025-01182,4,MAT-00844,1226,42.57,52190.82,DELIVERED
POL-0001951,PO-2025-01183,1,MAT-01177,213,4.33,922.29,OVERDUE
POL-0001952,PO-2025-01183,2,MAT-00867,3902,36.16,141096.32,OVERDUE
POL-0001953,PO-2025-01183,3,MAT-00876,120,179.11,21493.2,OVERDUE
POL-0001954,PO-2025-01183,4,MAT-00045,1265,4.78,6046.7,OVERDUE
POL-0001955,PO-2025-01184,1,MAT-00447,151,38.86,5867.86,DELIVERED
POL-0001956,PO-2025-01184,2,MAT-00427,223,8.13,1812.99,DELIVERED
POL-0001957,PO-2025-01185,1,MAT-00728,3405,34.17,116348.85,DELIVERED
POL-0001958,PO-2025-01185,2,MAT-00302,91,12.84,1168.44,DELIVERED
POL-0001959,PO-2025-01185,3,MAT-00479,354,761.57,269595.78,DELIVERED
POL-0001960,PO-2025-01186,1,MAT-00806,2159,17.82,38473.38,PENDING
POL-0001961,PO-2025-01187,1,MAT-00679,249,77.08,19192.92,PENDING
POL-0001962,PO-2025-01187,2,MAT-00465,190,22.89,4349.1,PENDING
POL-0001963,PO-2025-01188,1,MAT-00615,31,393.03,12183.93,DELIVERED
POL-0001964,PO-2025-01188,2,MAT-00711,3507,34.88,122324.16,DELIVERED
POL-0001965,PO-2025-01189,1,MAT-00521,273,4.17,1138.41,PENDING
POL-0001966,PO-2025-01189,2,MAT-00956,232,82.45,19128.4,PENDING
POL-0001967,PO-2025-01190,1,MAT-00615,63,393.03,24760.89,DELIVERED
POL-0001968,PO-2025-01190,2,MAT-00251,2381,6.02,14333.62,DELIVERED
POL-0001969,PO-2025-01191,1,MAT-01173,2343,30.61,71719.23,PENDING
POL-0001970,PO-2025-01191,2,MAT-00998,103,52.87,5445.61,PENDING
POL-0001971,PO-2025-01192,1,MAT-00236,479,47.86,22924.94,DELIVERED
POL-0001972,PO-2025-01193,1,MAT-00340,89,14.49,1289.61,DELIVERED
POL-0001973,PO-2025-01193,2,MAT-00588,1141,10.35,11809.35,DELIVERED
POL-0001974,PO-2025-01194,1,MAT-00203,254,91.24,23174.96,DELIVERED
POL-0001975,PO-2025-01194,2,MAT-00120,3820,54.58,208495.6,DELIVERED
POL-0001976,PO-2025-01195,1,MAT-00523,3943,13.51,53269.93,DELIVERED
POL-0001977,PO-2025-01196,1,MAT-00264,98,8.15,798.7,DELIVERED
POL-0001978,PO-2025-01196,2,MAT-00413,102,4.8,489.6,DELIVERED
POL-0001979,PO-2025-01197,1,MAT-00059,2438,39.01,95106.38,CANCELLED
POL-0001980,PO-2025-01197,2,MAT-00061,3300,15.72,51876.0,CANCELLED
POL-0001981,PO-2025-01198,1,MAT-01199,665,34.48,22929.2,DELIVERED
POL-0001982,PO-2025-01198,2,MAT-00927,2838,15.13,42938.94,DELIVERED
POL-0001983,PO-2025-01198,3,MAT-00774,4959,76.97,381694.23,DELIVERED
POL-0001984,PO-2025-01199,1,MAT-00848,398,356.33,141819.34,DELIVERED
POL-0001985,PO-2025-01199,2,MAT-00493,2111,29.45,62168.95,DELIVERED
POL-0001986,PO-2025-01199,3,MAT-00066,153,124.59,19062.27,DELIVERED
POL-0001987,PO-2025-01199,4,MAT-00263,767,1.44,1104.48,DELIVERED
POL-0001988,PO-2025-01200,1,MAT-00451,195,23.45,4572.75,DELIVERED
POL-0001989,PO-2025-01200,2,MAT-00868,321,35.58,11421.18,DELIVERED
POL-0001990,PO-2025-01200,3,MAT-00863,738,139.81,103179.78,DELIVERED
POL-0001991,PO-2025-01200,4,MAT-00034,137,8.39,1149.43,DELIVERED
POL-0001992,PO-2025-01201,1,MAT-00927,4257,15.13,64408.41,DELIVERED
POL-0001993,PO-2025-01202,1,MAT-00247,1981,15.77,31240.37,DELIVERED
POL-0001994,PO-2025-01203,1,MAT-00718,122,29.18,3559.96,DELIVERED
POL-0001995,PO-2025-01204,1,MAT-00630,63,90.2,5682.6,DELIVERED
POL-0001996,PO-2025-01205,1,MAT-01003,2064,27.55,56863.2,DELIVERED
POL-0001997,PO-2025-01205,2,MAT-00731,3940,34.48,135851.2,DELIVERED
POL-0001998,PO-2025-01206,1,MAT-00782,432,5.92,2557.44,DELIVERED
POL-0001999,PO-2025-01207,1,MAT-00899,2194,92.02,201891.88,IN_TRANSIT
POL-0002000,PO-2025-01207,2,MAT-00093,276,11.8,3256.8,IN_TRANSIT
POL-0002001,PO-2025-01207,3,MAT-01122,114,99.6,11354.4,IN_TRANSIT
POL-0002002,PO-2025-01208,1,MAT-00367,45,33.11,1489.95,DELIVERED
POL-0002003,PO-2025-01208,2,MAT-00556,4117,16.6,68342.2,DELIVERED
POL-0002004,PO-2025-01209,1,MAT-00524,785,51.02,40050.7,DELIVERED
POL-0002005,PO-2025-01210,1,MAT-01173,982,30.61,30059.02,IN_TRANSIT
POL-0002006,PO-2025-01211,1,MAT-00479,981,761.57,747100.17,OVERDUE
POL-0002007,PO-2025-01212,1,MAT-00172,79,10.25,809.75,DELIVERED
POL-0002008,PO-2025-01212,2,MAT-00191,72,16.95,1220.4,DELIVERED
POL-0002009,PO-2025-01212,3,MAT-00938,310,54.51,16898.1,DELIVERED
POL-0002010,PO-2025-01213,1,MAT-00956,51,82.45,4204.95,DELIVERED
POL-0002011,PO-2025-01213,2,MAT-00029,833,12.48,10395.84,DELIVERED
POL-0002012,PO-2025-01213,3,MAT-00585,493,29.99,14785.07,DELIVERED
POL-0002013,PO-2025-01214,1,MAT-01015,948,157.79,149584.92,DELIVERED
POL-0002014,PO-2025-01215,1,MAT-00766,73,11.4,832.2,DELIVERED
POL-0002015,PO-2025-01215,2,MAT-00499,67,10.27,688.09,DELIVERED
POL-0002016,PO-2025-01216,1,MAT-00423,95,20.76,1972.2,DELIVERED
POL-0002017,PO-2025-01217,1,MAT-00986,26,7.51,195.26,DELIVERED
POL-0002018,PO-2025-01217,2,MAT-01124,1310,6.69,8763.9,DELIVERED
POL-0002019,PO-2025-01217,3,MAT-00935,69,44.85,3094.65,DELIVERED
POL-0002020,PO-2025-01218,1,MAT-00831,580,5.82,3375.6,PENDING
POL-0002021,PO-2025-01219,1,MAT-00931,252,13.9,3502.8,DELIVERED
POL-0002022,PO-2025-01219,2,MAT-00877,107,14.6,1562.2,DELIVERED
POL-0002023,PO-2025-01220,1,MAT-00406,95,55.54,5276.3,DELIVERED
POL-0002024,PO-2025-01221,1,MAT-00402,304,14.37,4368.48,DELIVERED
POL-0002025,PO-2025-01222,1,MAT-01029,234,54.15,12671.1,CANCELLED
POL-0002026,PO-2025-01222,2,MAT-00039,185,6.02,1113.7,CANCELLED
POL-0002027,PO-2025-01223,1,MAT-00283,103,150.43,15494.29,DELIVERED
POL-0002028,PO-2025-01224,1,MAT-00056,650,65.62,42653.0,DELIVERED
POL-0002029,PO-2025-01225,1,MAT-00655,1348,457.75,617047.0,DELIVERED
POL-0002030,PO-2025-01225,2,MAT-00512,91,22.65,2061.15,DELIVERED
POL-0002031,PO-2025-01225,3,MAT-01064,156,3.59,560.04,DELIVERED
POL-0002032,PO-2025-01226,1,MAT-00278,96,14.49,1391.04,DELIVERED
POL-0002033,PO-2025-01226,2,MAT-00268,1736,4.89,8489.04,DELIVERED
POL-0002034,PO-2025-01226,3,MAT-00361,297,48.82,14499.54,DELIVERED
POL-0002035,PO-2025-01226,4,MAT-00774,1559,76.97,119996.23,DELIVERED
POL-0002036,PO-2025-01227,1,MAT-00057,1830,9.87,18062.1,DELIVERED
POL-0002037,PO-2025-01228,1,MAT-01095,191,56.28,10749.48,DELIVERED
POL-0002038,PO-2025-01229,1,MAT-00357,1466,24.25,35550.5,DELIVERED
POL-0002039,PO-2025-01229,2,MAT-00440,40,24.07,962.8,DELIVERED
POL-0002040,PO-2025-01229,3,MAT-00521,585,4.17,2439.45,DELIVERED
POL-0002041,PO-2025-01229,4,MAT-00844,929,42.57,39547.53,DELIVERED
POL-0002042,PO-2025-01230,1,MAT-00683,2193,14.72,32280.96,DELIVERED
POL-0002043,PO-2025-01231,1,MAT-00611,333,57.93,19290.69,DELIVERED
POL-0002044,PO-2025-01232,1,MAT-00881,391,410.69,160579.79,DELIVERED
POL-0002045,PO-2025-01232,2,MAT-01195,240,4.36,1046.4,DELIVERED
POL-0002046,PO-2025-01233,1,MAT-00507,4619,13.18,60878.42,DELIVERED
POL-0002047,PO-2025-01234,1,MAT-00497,1928,7.66,14768.48,DELIVERED
POL-0002048,PO-2025-01235,1,MAT-00829,4989,16.67,83166.63,PENDING
POL-0002049,PO-2025-01235,2,MAT-00828,620,15.32,9498.4,PENDING
POL-0002050,PO-2025-01236,1,MAT-00681,484,61.82,29920.88,DELIVERED
POL-0002051,PO-2025-01236,2,MAT-00758,1037,29.62,30715.94,DELIVERED
POL-0002052,PO-2025-01236,3,MAT-01047,62,57.37,3556.94,DELIVERED
POL-0002053,PO-2025-01237,1,MAT-00854,2485,98.17,243952.45,DELIVERED
POL-0002054,PO-2025-01238,1,MAT-00449,81,15.44,1250.64,DELIVERED
POL-0002055,PO-2025-01238,2,MAT-00905,2054,31.39,64475.06,DELIVERED
POL-0002056,PO-2025-01239,1,MAT-00555,91,38.96,3545.36,PENDING
POL-0002057,PO-2025-01239,2,MAT-00693,1833,7.3,13380.9,PENDING
POL-0002058,PO-2025-01240,1,MAT-01189,330,49.09,16199.7,DELIVERED
POL-0002059,PO-2025-01240,2,MAT-00695,99,48.21,4772.79,DELIVERED
POL-0002060,PO-2025-01240,3,MAT-00316,53,27.03,1432.59,DELIVERED
POL-0002061,PO-2025-01241,1,MAT-00796,1177,75.17,88475.09,PENDING
POL-0002062,PO-2025-01242,1,MAT-00168,189,189.97,35904.33,PENDING
POL-0002063,PO-2025-01242,2,MAT-00857,2401,11.28,27083.28,PENDING
POL-0002064,PO-2025-01242,3,MAT-01121,472,79.69,37613.68,PENDING
POL-0002065,PO-2025-01243,1,MAT-00664,3194,14.77,47175.38,CANCELLED
POL-0002066,PO-2025-01244,1,MAT-01025,110,185.16,20367.6,PENDING
POL-0002067,PO-2025-01244,2,MAT-00208,128,42.66,5460.48,PENDING
POL-0002068,PO-2025-01245,1,MAT-01103,194,278.63,54054.22,DELIVERED
POL-0002069,PO-2025-01245,2,MAT-01119,4149,31.06,128867.94,DELIVERED
POL-0002070,PO-2025-01246,1,MAT-00159,119,6.41,762.79,DELIVERED
POL-0002071,PO-2025-01247,1,MAT-00171,89,9.09,809.01,OVERDUE
POL-0002072,PO-2025-01248,1,MAT-00946,183,7.45,1363.35,DELIVERED
POL-0002073,PO-2025-01249,1,MAT-00268,4320,4.89,21124.8,DELIVERED
POL-0002074,PO-2025-01250,1,MAT-00009,1463,16.69,24417.47,DELIVERED
POL-0002075,PO-2025-01251,1,MAT-01135,52,18.83,979.16,PENDING
POL-0002076,PO-2025-01252,1,MAT-00426,648,122.87,79619.76,CANCELLED
POL-0002077,PO-2025-01252,2,MAT-00403,842,28.29,23820.18,CANCELLED
POL-0002078,PO-2025-01252,3,MAT-00610,4131,123.85,511624.35,CANCELLED
POL-0002079,PO-2025-01252,4,MAT-00906,258,28.07,7242.06,CANCELLED
POL-0002080,PO-2025-01253,1,MAT-00663,882,22.62,19950.84,DELIVERED
POL-0002081,PO-2025-01253,2,MAT-00796,2184,75.17,164171.28,DELIVERED
POL-0002082,PO-2025-01253,3,MAT-00608,594,6.22,3694.68,DELIVERED
POL-0002083,PO-2025-01253,4,MAT-00831,455,5.82,2648.1,DELIVERED
POL-0002084,PO-2025-01254,1,MAT-00392,1180,47.29,55802.2,IN_TRANSIT
POL-0002085,PO-2025-01255,1,MAT-00616,1645,30.43,50057.35,PENDING
POL-0002086,PO-2025-01256,1,MAT-01036,2654,155.05,411502.7,PENDING
POL-0002087,PO-2025-01257,1,MAT-00785,247,43.23,10677.81,DELIVERED
POL-0002088,PO-2025-01258,1,MAT-00053,94,11.16,1049.04,PENDING
POL-0002089,PO-2025-01259,1,MAT-00228,2399,7.91,18976.09,CANCELLED
POL-0002090,PO-2025-01260,1,MAT-01170,163,64.75,10554.25,DELIVERED
POL-0002091,PO-2025-01260,2,MAT-00558,98,15.06,1475.88,DELIVERED
POL-0002092,PO-2025-01261,1,MAT-00070,104,12.85,1336.4,DELIVERED
POL-0002093,PO-2025-01262,1,MAT-00976,187,3.26,609.62,DELIVERED
POL-0002094,PO-2025-01263,1,MAT-01093,418,59.23,24758.14,DELIVERED
POL-0002095,PO-2025-01263,2,MAT-00544,677,128.6,87062.2,DELIVERED
POL-0002096,PO-2025-01264,1,MAT-00128,1295,14.64,18958.8,DELIVERED
POL-0002097,PO-2025-01265,1,MAT-00515,1656,14.31,23697.36,DELIVERED
POL-0002098,PO-2025-01265,2,MAT-00171,204,9.09,1854.36,DELIVERED
POL-0002099,PO-2025-01265,3,MAT-00098,439,37.1,16286.9,DELIVERED
POL-0002100,PO-2025-01265,4,MAT-00331,457,25.68,11735.76,DELIVERED
POL-0002101,PO-2025-01266,1,MAT-00080,130,2.95,383.5,DELIVERED
POL-0002102,PO-2025-01266,2,MAT-01115,2498,32.28,80635.44,DELIVERED
POL-0002103,PO-2025-01266,3,MAT-00149,2252,44.52,100259.04,DELIVERED
POL-0002104,PO-2025-01267,1,MAT-00082,4078,38.31,156228.18,DELIVERED
POL-0002105,PO-2025-01267,2,MAT-00529,75,36.94,2770.5,DELIVERED
POL-0002106,PO-2025-01267,3,MAT-00675,220,5.74,1262.8,DELIVERED
POL-0002107,PO-2025-01267,4,MAT-00535,1138,11.88,13519.44,DELIVERED
POL-0002108,PO-2025-01268,1,MAT-00123,3781,130.9,494932.9,DELIVERED
POL-0002109,PO-2025-01269,1,MAT-01159,1398,76.87,107464.26,DELIVERED
POL-0002110,PO-2025-01269,2,MAT-01114,126,46.78,5894.28,DELIVERED
POL-0002111,PO-2025-01269,3,MAT-00164,573,10.01,5735.73,DELIVERED
POL-0002112,PO-2025-01270,1,MAT-00985,450,27.89,12550.5,DELIVERED
POL-0002113,PO-2025-01271,1,MAT-00201,2855,37.48,107005.4,CANCELLED
POL-0002114,PO-2025-01272,1,MAT-00009,2180,16.69,36384.2,DELIVERED
POL-0002115,PO-2025-01273,1,MAT-00941,293,6.32,1851.76,IN_TRANSIT
POL-0002116,PO-2025-01274,1,MAT-00154,2963,31.56,93512.28,DELIVERED
POL-0002117,PO-2025-01275,1,MAT-00604,1038,120.87,125463.06,DELIVERED
POL-0002118,PO-2025-01276,1,MAT-00164,907,10.01,9079.07,DELIVERED
POL-0002119,PO-2025-01276,2,MAT-00777,74,11.98,886.52,DELIVERED
POL-0002120,PO-2025-01276,3,MAT-01183,4995,73.63,367781.85,DELIVERED
POL-0002121,PO-2025-01276,4,MAT-00347,199,5.12,1018.88,DELIVERED
POL-0002122,PO-2025-01277,1,MAT-00311,191,19.43,3711.13,DELIVERED
POL-0002123,PO-2025-01278,1,MAT-00169,1826,20.81,37999.06,DELIVERED
POL-0002124,PO-2025-01279,1,MAT-00380,118,10.13,1195.34,DELIVERED
POL-0002125,PO-2025-01280,1,MAT-00343,2247,33.01,74173.47,DELIVERED
POL-0002126,PO-2025-01281,1,MAT-00154,3882,31.56,122515.92,DELIVERED
POL-0002127,PO-2025-01282,1,MAT-00134,608,45.71,27791.68,DELIVERED
POL-0002128,PO-2025-01282,2,MAT-00800,854,26.27,22434.58,DELIVERED
POL-0002129,PO-2025-01282,3,MAT-01038,820,4.76,3903.2,DELIVERED
POL-0002130,PO-2025-01283,1,MAT-00453,351,9.49,3330.99,DELIVERED
POL-0002131,PO-2025-01283,2,MAT-00698,68,6.02,409.36,DELIVERED
POL-0002132,PO-2025-01284,1,MAT-00713,2184,13.48,29440.32,DELIVERED
POL-0002133,PO-2025-01284,2,MAT-00299,1101,60.43,66533.43,DELIVERED
POL-0002134,PO-2025-01285,1,MAT-00378,1533,32.63,50021.79,DELIVERED
POL-0002135,PO-2025-01286,1,MAT-00741,51,3.4,173.4,DELIVERED
POL-0002136,PO-2025-01287,1,MAT-00047,234,14.98,3505.32,DELIVERED
POL-0002137,PO-2025-01287,2,MAT-00228,4355,7.91,34448.05,DELIVERED
POL-0002138,PO-2025-01287,3,MAT-00011,2473,15.09,37317.57,DELIVERED
POL-0002139,PO-2025-01287,4,MAT-00775,75,47.0,3525.0,DELIVERED
POL-0002140,PO-2025-01288,1,MAT-00863,950,139.81,132819.5,IN_TRANSIT
POL-0002141,PO-2025-01289,1,MAT-00912,3552,30.69,109010.88,PENDING
POL-0002142,PO-2025-01290,1,MAT-00844,1054,42.57,44868.78,DELIVERED
POL-0002143,PO-2025-01290,2,MAT-00206,147,9.16,1346.52,DELIVERED
POL-0002144,PO-2025-01290,3,MAT-01099,1562,64.93,101420.66,DELIVERED
POL-0002145,PO-2025-01290,4,MAT-00967,1315,12.75,16766.25,DELIVERED
POL-0002146,PO-2025-01291,1,MAT-00394,411,198.6,81624.6,DELIVERED
POL-0002147,PO-2025-01291,2,MAT-00470,39,14.39,561.21,DELIVERED
POL-0002148,PO-2025-01292,1,MAT-00304,314,45.95,14428.3,DELIVERED
POL-0002149,PO-2025-01293,1,MAT-00965,855,25.4,21717.0,DELIVERED
POL-0002150,PO-2025-01294,1,MAT-00609,2002,3.42,6846.84,DELIVERED
POL-0002151,PO-2025-01295,1,MAT-00549,1407,41.83,58854.81,DELIVERED
POL-0002152,PO-2025-01295,2,MAT-00237,4744,2.92,13852.48,DELIVERED
POL-0002153,PO-2025-01295,3,MAT-00711,3668,34.88,127939.84,DELIVERED
POL-0002154,PO-2025-01296,1,MAT-00644,238,4.89,1163.82,PENDING
POL-0002155,PO-2025-01296,2,MAT-00299,414,60.43,25018.02,PENDING
POL-0002156,PO-2025-01296,3,MAT-01087,336,73.87,24820.32,PENDING
POL-0002157,PO-2025-01296,4,MAT-00016,416,14.33,5961.28,PENDING
POL-0002158,PO-2025-01297,1,MAT-00895,1218,109.37,133212.66,DELIVERED
POL-0002159,PO-2025-01297,2,MAT-01003,1613,27.55,44438.15,DELIVERED
POL-0002160,PO-2025-01297,3,MAT-00084,848,13.84,11736.32,DELIVERED
POL-0002161,PO-2025-01298,1,MAT-00952,110,38.65,4251.5,DELIVERED
POL-0002162,PO-2025-01299,1,MAT-00049,1924,37.58,72303.92,DELIVERED
POL-0002163,PO-2025-01299,2,MAT-00675,197,5.74,1130.78,DELIVERED
POL-0002164,PO-2025-01299,3,MAT-00159,86,6.41,551.26,DELIVERED
POL-0002165,PO-2025-01300,1,MAT-00259,4199,44.12,185259.88,DELIVERED
POL-0002166,PO-2025-01300,2,MAT-00590,982,10.8,10605.6,DELIVERED
POL-0002167,PO-2025-01301,1,MAT-00264,161,8.15,1312.15,DELIVERED
POL-0002168,PO-2025-01302,1,MAT-00458,246,8.73,2147.58,DELIVERED
POL-0002169,PO-2025-01303,1,MAT-01146,73,28.45,2076.85,DELIVERED
POL-0002170,PO-2025-01303,2,MAT-00299,347,60.43,20969.21,DELIVERED
POL-0002171,PO-2025-01304,1,MAT-00911,165,18.73,3090.45,DELIVERED
POL-0002172,PO-2025-01305,1,MAT-00654,4136,7.32,30275.52,CANCELLED
POL-0002173,PO-2025-01305,2,MAT-01172,1112,33.4,37140.8,CANCELLED
POL-0002174,PO-2025-01305,3,MAT-00043,1589,24.39,38755.71,CANCELLED
POL-0002175,PO-2025-01306,1,MAT-00570,135,16.45,2220.75,DELIVERED
POL-0002176,PO-2025-01306,2,MAT-00101,939,5.32,4995.48,DELIVERED
POL-0002177,PO-2025-01307,1,MAT-00736,596,39.69,23655.24,DELIVERED
POL-0002178,PO-2025-01308,1,MAT-00680,2093,111.31,232971.83,DELIVERED
POL-0002179,PO-2025-01309,1,MAT-00910,1328,283.12,375983.36,DELIVERED
POL-0002180,PO-2025-01310,1,MAT-00457,1234,22.22,27419.48,DELIVERED
POL-0002181,PO-2025-01310,2,MAT-00733,1879,37.92,71251.68,DELIVERED
POL-0002182,PO-2025-01310,3,MAT-00042,152,32.69,4968.88,DELIVERED
POL-0002183,PO-2025-01311,1,MAT-00399,345,22.77,7855.65,DELIVERED
POL-0002184,PO-2025-01312,1,MAT-00815,2995,84.5,253077.5,DELIVERED
POL-0002185,PO-2025-01312,2,MAT-00370,229,10.05,2301.45,DELIVERED
POL-0002186,PO-2025-01313,1,MAT-00019,500,9.25,4625.0,DELIVERED
POL-0002187,PO-2025-01314,1,MAT-00436,140,28.44,3981.6,DELIVERED
POL-0002188,PO-2025-01315,1,MAT-00259,2368,44.12,104476.16,PENDING
POL-0002189,PO-2025-01315,2,MAT-00816,340,4.83,1642.2,PENDING
POL-0002190,PO-2025-01316,1,MAT-00671,1669,93.17,155500.73,DELIVERED
POL-0002191,PO-2025-01316,2,MAT-00059,1268,39.01,49464.68,DELIVERED
POL-0002192,PO-2025-01316,3,MAT-01022,813,14.64,11902.32,DELIVERED
POL-0002193,PO-2025-01317,1,MAT-00776,311,4.92,1530.12,DELIVERED
POL-0002194,PO-2025-01318,1,MAT-00437,3399,152.09,516953.91,DELIVERED
POL-0002195,PO-2025-01319,1,MAT-00735,315,84.64,26661.6,DELIVERED
POL-0002196,PO-2025-01320,1,MAT-00286,4312,3.27,14100.24,DELIVERED
POL-0002197,PO-2025-01321,1,MAT-00892,170,43.57,7406.9,OVERDUE
POL-0002198,PO-2025-01321,2,MAT-00907,1631,6.14,10014.34,OVERDUE
POL-0002199,PO-2025-01322,1,MAT-00995,1105,8.66,9569.3,DELIVERED
POL-0002200,PO-2025-01322,2,MAT-00179,131,20.01,2621.31,DELIVERED
POL-0002201,PO-2025-01322,3,MAT-01110,117,205.1,23996.7,DELIVERED
POL-0002202,PO-2025-01323,1,MAT-00363,4599,22.75,104627.25,DELIVERED
POL-0002203,PO-2025-01323,2,MAT-00784,341,46.72,15931.52,DELIVERED
POL-0002204,PO-2025-01324,1,MAT-00973,376,62.65,23556.4,PENDING
POL-0002205,PO-2025-01325,1,MAT-00727,192,24.56,4715.52,IN_TRANSIT
POL-0002206,PO-2025-01326,1,MAT-00322,608,53.98,32819.84,DELIVERED
POL-0002207,PO-2025-01326,2,MAT-00379,1604,294.03,471624.12,DELIVERED
POL-0002208,PO-2025-01326,3,MAT-00857,690,11.28,7783.2,DELIVERED
POL-0002209,PO-2025-01327,1,MAT-01199,461,34.48,15895.28,DELIVERED
POL-0002210,PO-2025-01327,2,MAT-00463,73,12.08,881.84,DELIVERED
POL-0002211,PO-2025-01328,1,MAT-00998,86,52.87,4546.82,DELIVERED
POL-0002212,PO-2025-01328,2,MAT-01192,898,6.1,5477.8,DELIVERED
POL-0002213,PO-2025-01329,1,MAT-00882,250,14.83,3707.5,DELIVERED
POL-0002214,PO-2025-01329,2,MAT-00576,1900,2.21,4199.0,DELIVERED
POL-0002215,PO-2025-01329,3,MAT-00132,764,29.72,22706.08,DELIVERED
POL-0002216,PO-2025-01330,1,MAT-00755,499,9.46,4720.54,DELIVERED
POL-0002217,PO-2025-01331,1,MAT-00293,195,13.28,2589.6,DELIVERED
POL-0002218,PO-2025-01331,2,MAT-00445,38,6.48,246.24,DELIVERED
POL-0002219,PO-2025-01332,1,MAT-00480,233,96.46,22475.18,DELIVERED
POL-0002220,PO-2025-01333,1,MAT-01095,393,56.28,22118.04,DELIVERED
POL-0002221,PO-2025-01334,1,MAT-00502,109,205.13,22359.17,DELIVERED
POL-0002222,PO-2025-01335,1,MAT-00723,244,5.49,1339.56,OVERDUE
POL-0002223,PO-2025-01335,2,MAT-00877,121,14.6,1766.6,OVERDUE
POL-0002224,PO-2025-01336,1,MAT-00877,89,14.6,1299.4,DELIVERED
POL-0002225,PO-2025-01336,2,MAT-00857,633,11.28,7140.24,DELIVERED
POL-0002226,PO-2025-01337,1,MAT-00055,2907,78.07,226949.49,DELIVERED
POL-0002227,PO-2025-01337,2,MAT-00113,131,30.06,3937.86,DELIVERED
POL-0002228,PO-2025-01338,1,MAT-00152,127,40.97,5203.19,IN_TRANSIT
POL-0002229,PO-2025-01339,1,MAT-00234,138,11.9,1642.2,DELIVERED
POL-0002230,PO-2025-01339,2,MAT-00792,351,30.47,10694.97,DELIVERED
POL-0002231,PO-2025-01340,1,MAT-00979,1793,4.59,8229.87,DELIVERED
POL-0002232,PO-2025-01341,1,MAT-00996,1552,20.62,32002.24,DELIVERED
POL-0002233,PO-2025-01342,1,MAT-01059,1335,48.3,64480.5,DELIVERED
POL-0002234,PO-2025-01342,2,MAT-00586,1095,33.81,37021.95,DELIVERED
POL-0002235,PO-2025-01342,3,MAT-00639,88,5.89,518.32,DELIVERED
POL-0002236,PO-2025-01343,1,MAT-00083,463,142.68,66060.84,DELIVERED
POL-0002237,PO-2025-01344,1,MAT-01167,786,114.2,89761.2,DELIVERED
POL-0002238,PO-2025-01345,1,MAT-00896,488,55.89,27274.32,DELIVERED
POL-0002239,PO-2025-01346,1,MAT-01097,4205,29.26,123038.3,DELIVERED
POL-0002240,PO-2025-01346,2,MAT-01018,132,14.92,1969.44,DELIVERED
POL-0002241,PO-2025-01347,1,MAT-01168,38,50.51,1919.38,OVERDUE
POL-0002242,PO-2025-01347,2,MAT-00194,696,6.96,4844.16,OVERDUE
POL-0002243,PO-2025-01347,3,MAT-00563,91,72.75,6620.25,OVERDUE
POL-0002244,PO-2025-01348,1,MAT-00063,542,7.25,3929.5,DELIVERED
POL-0002245,PO-2025-01349,1,MAT-00883,4221,15.57,65720.97,OVERDUE
POL-0002246,PO-2025-01350,1,MAT-01000,484,48.67,23556.28,DELIVERED
POL-0002247,PO-2025-01351,1,MAT-00510,400,9.74,3896.0,DELIVERED
POL-0002248,PO-2025-01352,1,MAT-00962,167,102.48,17114.16,DELIVERED
POL-0002249,PO-2025-01353,1,MAT-00328,383,63.39,24278.37,DELIVERED
POL-0002250,PO-2025-01353,2,MAT-00247,1086,15.77,17126.22,DELIVERED
POL-0002251,PO-2025-01354,1,MAT-00834,1518,11.89,18049.02,DELIVERED
POL-0002252,PO-2025-01355,1,MAT-01163,1108,6.11,6769.88,DELIVERED
POL-0002253,PO-2025-01355,2,MAT-00293,213,13.28,2828.64,DELIVERED
POL-0002254,PO-2025-01355,3,MAT-00112,446,25.98,11587.08,DELIVERED
POL-0002255,PO-2025-01356,1,MAT-00259,4778,44.12,210805.36,DELIVERED
POL-0002256,PO-2025-01357,1,MAT-00655,1869,457.75,855534.75,DELIVERED
POL-0002257,PO-2025-01358,1,MAT-00552,1374,23.06,31684.44,DELIVERED
POL-0002258,PO-2025-01359,1,MAT-00761,89,14.1,1254.9,PENDING
POL-0002259,PO-2025-01360,1,MAT-01011,1485,116.18,172527.3,DELIVERED
POL-0002260,PO-2025-01361,1,MAT-01162,1082,295.71,319958.22,DELIVERED
POL-0002261,PO-2025-01361,2,MAT-00107,2835,218.46,619334.1,DELIVERED
POL-0002262,PO-2025-01361,3,MAT-00417,192,155.32,29821.44,DELIVERED
POL-0002263,PO-2025-01362,1,MAT-01085,436,38.18,16646.48,DELIVERED
POL-0002264,PO-2025-01362,2,MAT-00295,409,38.14,15599.26,DELIVERED
POL-0002265,PO-2025-01363,1,MAT-00396,1897,14.6,27696.2,DELIVERED
POL-0002266,PO-2025-01363,2,MAT-00553,566,90.33,51126.78,DELIVERED
POL-0002267,PO-2025-01363,3,MAT-00809,1476,102.9,151880.4,DELIVERED
POL-0002268,PO-2025-01364,1,MAT-00912,3683,30.69,113031.27,DELIVERED
POL-0002269,PO-2025-01364,2,MAT-01066,676,8.04,5435.04,DELIVERED
POL-0002270,PO-2025-01365,1,MAT-00009,2150,16.69,35883.5,CANCELLED
POL-0002271,PO-2025-01365,2,MAT-00056,2143,65.62,140623.66,CANCELLED
POL-0002272,PO-2025-01365,3,MAT-00101,1141,5.32,6070.12,CANCELLED
POL-0002273,PO-2025-01366,1,MAT-01061,106,61.45,6513.7,PENDING
POL-0002274,PO-2025-01367,1,MAT-01113,4396,71.94,316248.24,CANCELLED
POL-0002275,PO-2025-01368,1,MAT-01181,2377,29.63,70430.51,CANCELLED
POL-0002276,PO-2025-01369,1,MAT-01107,3789,48.98,185585.22,DELIVERED
POL-0002277,PO-2025-01369,2,MAT-00781,517,29.37,15184.29,DELIVERED
POL-0002278,PO-2025-01370,1,MAT-00688,849,17.7,15027.3,OVERDUE
POL-0002279,PO-2025-01370,2,MAT-00050,162,3.6,583.2,OVERDUE
POL-0002280,PO-2025-01370,3,MAT-00759,1167,10.65,12428.55,OVERDUE
POL-0002281,PO-2025-01371,1,MAT-00574,174,20.04,3486.96,OVERDUE
POL-0002282,PO-2025-01372,1,MAT-00192,4559,63.17,287992.03,DELIVERED
POL-0002283,PO-2025-01372,2,MAT-00002,130,21.88,2844.4,DELIVERED
POL-0002284,PO-2025-01373,1,MAT-00680,4598,111.31,511803.38,DELIVERED
POL-0002285,PO-2025-01374,1,MAT-00123,3308,130.9,433017.2,CANCELLED
POL-0002286,PO-2025-01374,2,MAT-00074,1071,148.95,159525.45,CANCELLED
POL-0002287,PO-2025-01375,1,MAT-00140,1197,6.41,7672.77,DELIVERED
POL-0002288,PO-2025-01376,1,MAT-00789,440,25.4,11176.0,DELIVERED
POL-0002289,PO-2025-01376,2,MAT-00212,209,92.6,19353.4,DELIVERED
POL-0002290,PO-2025-01376,3,MAT-00445,72,6.48,466.56,DELIVERED
POL-0002291,PO-2025-01377,1,MAT-00939,349,34.32,11977.68,DELIVERED
POL-0002292,PO-2025-01378,1,MAT-00025,1135,13.45,15265.75,IN_TRANSIT
POL-0002293,PO-2025-01379,1,MAT-00578,3195,59.6,190422.0,DELIVERED
POL-0002294,PO-2025-01379,2,MAT-00074,682,148.95,101583.9,DELIVERED
POL-0002295,PO-2025-01379,3,MAT-00077,80,30.35,2428.0,DELIVERED
POL-0002296,PO-2025-01380,1,MAT-00948,310,11.94,3701.4,PENDING
POL-0002297,PO-2025-01380,2,MAT-01145,89,21.86,1945.54,PENDING
POL-0002298,PO-2025-01380,3,MAT-00419,293,88.75,26003.75,PENDING
POL-0002299,PO-2025-01381,1,MAT-00211,1278,45.23,57803.94,DELIVERED
POL-0002300,PO-2025-01382,1,MAT-01060,1076,16.97,18259.72,DELIVERED
POL-0002301,PO-2025-01382,2,MAT-00790,2754,4.0,11016.0,DELIVERED
POL-0002302,PO-2025-01383,1,MAT-01187,223,9.34,2082.82,DELIVERED
POL-0002303,PO-2025-01384,1,MAT-00658,624,24.03,14994.72,CANCELLED
POL-0002304,PO-2025-01385,1,MAT-00524,689,51.02,35152.78,DELIVERED
POL-0002305,PO-2025-01386,1,MAT-00308,497,12.64,6282.08,DELIVERED
POL-0002306,PO-2025-01387,1,MAT-01043,156,86.42,13481.52,DELIVERED
POL-0002307,PO-2025-01388,1,MAT-00959,116,47.22,5477.52,DELIVERED
POL-0002308,PO-2025-01389,1,MAT-00549,1832,41.83,76632.56,DELIVERED
POL-0002309,PO-2025-01389,2,MAT-00415,25,37.24,931.0,DELIVERED
POL-0002310,PO-2025-01390,1,MAT-01056,42,13.03,547.26,DELIVERED
POL-0002311,PO-2025-01390,2,MAT-00787,271,67.61,18322.31,DELIVERED
POL-0002312,PO-2025-01390,3,MAT-01148,4244,5.38,22832.72,DELIVERED
POL-0002313,PO-2025-01391,1,MAT-00455,62,15.14,938.68,PENDING
POL-0002314,PO-2025-01392,1,MAT-00126,477,271.29,129405.33,DELIVERED
POL-0002315,PO-2025-01393,1,MAT-00874,4272,11.73,50110.56,DELIVERED
POL-0002316,PO-2025-01394,1,MAT-00016,355,14.33,5087.15,OVERDUE
POL-0002317,PO-2025-01394,2,MAT-00459,805,15.31,12324.55,OVERDUE
POL-0002318,PO-2025-01394,3,MAT-00342,480,36.28,17414.4,OVERDUE
POL-0002319,PO-2025-01395,1,MAT-00974,1463,11.91,17424.33,OVERDUE
POL-0002320,PO-2025-01395,2,MAT-01027,54,28.8,1555.2,OVERDUE
POL-0002321,PO-2025-01395,3,MAT-00654,1513,7.32,11075.16,OVERDUE
POL-0002322,PO-2025-01395,4,MAT-00985,360,27.89,10040.4,OVERDUE
POL-0002323,PO-2025-01396,1,MAT-00799,692,24.99,17293.08,DELIVERED
POL-0002324,PO-2025-01397,1,MAT-00170,2215,10.55,23368.25,DELIVERED
POL-0002325,PO-2025-01398,1,MAT-00289,2276,38.15,86829.4,DELIVERED
POL-0002326,PO-2025-01399,1,MAT-00107,2788,218.46,609066.48,DELIVERED
POL-0002327,PO-2025-01399,2,MAT-00962,68,102.48,6968.64,DELIVERED
POL-0002328,PO-2025-01400,1,MAT-00875,1719,25.78,44315.82,DELIVERED
POL-0002329,PO-2025-01401,1,MAT-00717,58,30.37,1761.46,DELIVERED
POL-0002330,PO-2025-01402,1,MAT-00774,2064,76.97,158866.08,IN_TRANSIT
POL-0002331,PO-2025-01403,1,MAT-00036,531,6.28,3334.68,DELIVERED
POL-0002332,PO-2025-01403,2,MAT-00284,1236,6.4,7910.4,DELIVERED
POL-0002333,PO-2025-01403,3,MAT-00778,93,21.4,1990.2,DELIVERED
POL-0002334,PO-2025-01404,1,MAT-00747,43,32.16,1382.88,DELIVERED
POL-0002335,PO-2025-01404,2,MAT-00181,331,49.25,16301.75,DELIVERED
POL-0002336,PO-2025-01404,3,MAT-00530,987,8.81,8695.47,DELIVERED
POL-0002337,PO-2025-01404,4,MAT-00028,70,35.36,2475.2,DELIVERED
POL-0002338,PO-2025-01405,1,MAT-00742,1012,5.96,6031.52,DELIVERED
POL-0002339,PO-2025-01406,1,MAT-00686,57,52.4,2986.8,DELIVERED
POL-0002340,PO-2025-01406,2,MAT-00197,117,10.51,1229.67,DELIVERED
POL-0002341,PO-2025-01406,3,MAT-00813,95,137.77,13088.15,DELIVERED
POL-0002342,PO-2025-01407,1,MAT-00311,130,19.43,2525.9,DELIVERED
POL-0002343,PO-2025-01408,1,MAT-01148,3391,5.38,18243.58,DELIVERED
POL-0002344,PO-2025-01408,2,MAT-01140,116,60.83,7056.28,DELIVERED
POL-0002345,PO-2025-01408,3,MAT-00417,188,155.32,29200.16,DELIVERED
POL-0002346,PO-2025-01409,1,MAT-00592,87,16.09,1399.83,DELIVERED
POL-0002347,PO-2025-01410,1,MAT-00581,126,40.49,5101.74,DELIVERED
POL-0002348,PO-2025-01410,2,MAT-01035,2348,14.5,34046.0,DELIVERED
POL-0002349,PO-2025-01410,3,MAT-00794,220,6.76,1487.2,DELIVERED
POL-0002350,PO-2025-01411,1,MAT-00492,497,134.98,67085.06,OVERDUE
POL-0002351,PO-2025-01412,1,MAT-01014,3073,12.66,38904.18,DELIVERED
POL-0002352,PO-2025-01413,1,MAT-00636,460,4.36,2005.6,DELIVERED
POL-0002353,PO-2025-01413,2,MAT-01021,183,49.68,9091.44,DELIVERED
POL-0002354,PO-2025-01413,3,MAT-00595,50,75.23,3761.5,DELIVERED
POL-0002355,PO-2025-01414,1,MAT-00071,336,35.54,11941.44,DELIVERED
POL-0002356,PO-2025-01414,2,MAT-00773,1039,48.74,50640.86,DELIVERED
POL-0002357,PO-2025-01415,1,MAT-00655,916,457.75,419299.0,DELIVERED
POL-0002358,PO-2025-01416,1,MAT-00294,180,62.71,11287.8,PENDING
POL-0002359,PO-2025-01417,1,MAT-00117,134,23.25,3115.5,IN_TRANSIT
POL-0002360,PO-2025-01418,1,MAT-00445,30,6.48,194.4,DELIVERED
POL-0002361,PO-2025-01419,1,MAT-00078,363,19.35,7024.05,DELIVERED
POL-0002362,PO-2025-01420,1,MAT-00008,239,60.03,14347.17,DELIVERED
POL-0002363,PO-2025-01420,2,MAT-00688,949,17.7,16797.3,DELIVERED
POL-0002364,PO-2025-01421,1,MAT-00571,119,24.27,2888.13,PENDING
POL-0002365,PO-2025-01422,1,MAT-00369,1882,27.23,51246.86,DELIVERED
POL-0002366,PO-2025-01423,1,MAT-00909,257,55.6,14289.2,DELIVERED
POL-0002367,PO-2025-01423,2,MAT-01094,233,26.14,6090.62,DELIVERED
POL-0002368,PO-2025-01424,1,MAT-00051,1358,33.61,45642.38,CANCELLED
POL-0002369,PO-2025-01424,2,MAT-00137,59,10.76,634.84,CANCELLED
POL-0002370,PO-2025-01425,1,MAT-01172,2038,33.4,68069.2,OVERDUE
POL-0002371,PO-2025-01425,2,MAT-00008,224,60.03,13446.72,OVERDUE
POL-0002372,PO-2025-01425,3,MAT-00452,647,72.32,46791.04,OVERDUE
POL-0002373,PO-2025-01425,4,MAT-00181,114,49.25,5614.5,OVERDUE
POL-0002374,PO-2025-01426,1,MAT-00715,74,26.1,1931.4,DELIVERED
POL-0002375,PO-2025-01426,2,MAT-00416,3418,12.29,42007.22,DELIVERED
POL-0002376,PO-2025-01427,1,MAT-01032,749,4.18,3130.82,DELIVERED
POL-0002377,PO-2025-01427,2,MAT-00632,38,130.83,4971.54,DELIVERED
POL-0002378,PO-2025-01428,1,MAT-00865,2423,12.6,30529.8,CANCELLED
POL-0002379,PO-2025-01428,2,MAT-00059,2014,39.01,78566.14,CANCELLED
POL-0002380,PO-2025-01429,1,MAT-00213,940,76.17,71599.8,IN_TRANSIT
POL-0002381,PO-2025-01430,1,MAT-00202,3632,45.92,166781.44,DELIVERED
POL-0002382,PO-2025-01430,2,MAT-01112,2120,34.47,73076.4,DELIVERED
POL-0002383,PO-2025-01430,3,MAT-00444,1318,22.79,30037.22,DELIVERED
POL-0002384,PO-2025-01431,1,MAT-00484,1293,31.07,40173.51,DELIVERED
POL-0002385,PO-2025-01431,2,MAT-00331,283,25.68,7267.44,DELIVERED
POL-0002386,PO-2025-01432,1,MAT-00823,2729,336.33,917844.57,PENDING
POL-0002387,PO-2025-01433,1,MAT-00910,2399,283.12,679204.88,DELIVERED
POL-0002388,PO-2025-01434,1,MAT-00666,925,31.46,29100.5,DELIVERED
POL-0002389,PO-2025-01434,2,MAT-01102,486,1.65,801.9,DELIVERED
POL-0002390,PO-2025-01435,1,MAT-00002,227,21.88,4966.76,DELIVERED
POL-0002391,PO-2025-01436,1,MAT-01097,2921,29.26,85468.46,DELIVERED
POL-0002392,PO-2025-01436,2,MAT-00312,68,94.45,6422.6,DELIVERED
POL-0002393,PO-2025-01437,1,MAT-01016,116,34.28,3976.48,DELIVERED
POL-0002394,PO-2025-01437,2,MAT-00757,4838,48.01,232272.38,DELIVERED
POL-0002395,PO-2025-01437,3,MAT-01090,27,21.24,573.48,DELIVERED
POL-0002396,PO-2025-01438,1,MAT-00061,2763,15.72,43434.36,PENDING
POL-0002397,PO-2025-01439,1,MAT-00794,63,6.76,425.88,DELIVERED
POL-0002398,PO-2025-01440,1,MAT-00285,782,292.76,228938.32,DELIVERED
POL-0002399,PO-2025-01441,1,MAT-00165,112,69.19,7749.28,DELIVERED
POL-0002400,PO-2025-01442,1,MAT-00740,519,72.02,37378.38,DELIVERED
POL-0002401,PO-2025-01443,1,MAT-00371,29,26.71,774.59,DELIVERED
POL-0002402,PO-2025-01444,1,MAT-00478,351,36.9,12951.9,DELIVERED
POL-0002403,PO-2025-01445,1,MAT-00308,1085,12.64,13714.4,DELIVERED
POL-0002404,PO-2025-01446,1,MAT-00074,545,148.95,81177.75,DELIVERED
POL-0002405,PO-2025-01446,2,MAT-00706,39,49.23,1919.97,DELIVERED
POL-0002406,PO-2025-01447,1,MAT-00372,921,48.13,44327.73,DELIVERED
POL-0002407,PO-2025-01448,1,MAT-00244,206,63.18,13015.08,DELIVERED
POL-0002408,PO-2025-01449,1,MAT-01021,207,49.68,10283.76,CANCELLED
POL-0002409,PO-2025-01449,2,MAT-00789,901,25.4,22885.4,CANCELLED
POL-0002410,PO-2025-01449,3,MAT-00868,155,35.58,5514.9,CANCELLED
POL-0002411,PO-2025-01450,1,MAT-01176,196,20.33,3984.68,DELIVERED
POL-0002412,PO-2025-01450,2,MAT-00591,2488,25.49,63419.12,DELIVERED
POL-0002413,PO-2025-01450,3,MAT-00669,2979,1.61,4796.19,DELIVERED
POL-0002414,PO-2025-01451,1,MAT-00189,1695,10.69,18119.55,DELIVERED
POL-0002415,PO-2025-01451,2,MAT-00836,185,32.93,6092.05,DELIVERED
POL-0002416,PO-2025-01452,1,MAT-01016,74,34.28,2536.72,DELIVERED
POL-0002417,PO-2025-01453,1,MAT-00427,100,8.13,813.0,DELIVERED
POL-0002418,PO-2025-01454,1,MAT-00135,4900,10.03,49147.0,DELIVERED
POL-0002419,PO-2025-01454,2,MAT-00858,2415,39.46,95295.9,DELIVERED
POL-0002420,PO-2025-01454,3,MAT-01053,44,40.63,1787.72,DELIVERED
POL-0002421,PO-2025-01455,1,MAT-00549,3645,41.83,152470.35,DELIVERED
POL-0002422,PO-2025-01455,2,MAT-00724,1809,62.9,113786.1,DELIVERED
POL-0002423,PO-2025-01455,3,MAT-00879,1759,27.65,48636.35,DELIVERED
POL-0002424,PO-2025-01456,1,MAT-00853,54,13.57,732.78,DELIVERED
POL-0002425,PO-2025-01457,1,MAT-00642,1421,172.68,245378.28,DELIVERED
POL-0002426,PO-2025-01457,2,MAT-00748,309,11.55,3568.95,DELIVERED
POL-0002427,PO-2025-01458,1,MAT-00010,263,46.25,12163.75,DELIVERED
POL-0002428,PO-2025-01458,2,MAT-01149,936,148.57,139061.52,DELIVERED
POL-0002429,PO-2025-01458,3,MAT-00516,550,55.41,30475.5,DELIVERED
POL-0002430,PO-2025-01459,1,MAT-00882,405,14.83,6006.15,IN_TRANSIT
POL-0002431,PO-2025-01460,1,MAT-00626,3383,14.4,48715.2,DELIVERED
POL-0002432,PO-2025-01460,2,MAT-01090,51,21.24,1083.24,DELIVERED
POL-0002433,PO-2025-01461,1,MAT-00950,422,33.91,14310.02,DELIVERED
POL-0002434,PO-2025-01462,1,MAT-00402,740,14.37,10633.8,DELIVERED
POL-0002435,PO-2025-01462,2,MAT-00291,4378,21.89,95834.42,DELIVERED
POL-0002436,PO-2025-01462,3,MAT-00645,519,20.52,10649.88,DELIVERED
POL-0002437,PO-2025-01463,1,MAT-00708,2686,170.09,456861.74,DELIVERED
POL-0002438,PO-2025-01464,1,MAT-00687,1878,19.31,36264.18,DELIVERED
POL-0002439,PO-2025-01464,2,MAT-00010,219,46.25,10128.75,DELIVERED
POL-0002440,PO-2025-01465,1,MAT-00704,183,5.04,922.32,CANCELLED
POL-0002441,PO-2025-01466,1,MAT-00465,408,22.89,9339.12,OVERDUE
POL-0002442,PO-2025-01466,2,MAT-00477,107,47.35,5066.45,OVERDUE
POL-0002443,PO-2025-01467,1,MAT-01007,1155,70.22,81104.1,DELIVERED
POL-0002444,PO-2025-01467,2,MAT-00229,156,11.05,1723.8,DELIVERED
POL-0002445,PO-2025-01468,1,MAT-00723,121,5.49,664.29,CANCELLED
POL-0002446,PO-2025-01469,1,MAT-00944,630,20.93,13185.9,DELIVERED
POL-0002447,PO-2025-01469,2,MAT-00376,2112,10.96,23147.52,DELIVERED
POL-0002448,PO-2025-01469,3,MAT-00705,1444,4.83,6974.52,DELIVERED
POL-0002449,PO-2025-01470,1,MAT-00105,964,20.21,19482.44,DELIVERED
POL-0002450,PO-2025-01471,1,MAT-00717,176,30.37,5345.12,DELIVERED
POL-0002451,PO-2025-01472,1,MAT-00884,65,82.57,5367.05,DELIVERED
POL-0002452,PO-2025-01473,1,MAT-00624,93,113.97,10599.21,DELIVERED
POL-0002453,PO-2025-01473,2,MAT-00065,117,64.8,7581.6,DELIVERED
POL-0002454,PO-2025-01474,1,MAT-00856,266,14.88,3958.08,DELIVERED
POL-0002455,PO-2025-01474,2,MAT-00410,497,46.71,23214.87,DELIVERED
POL-0002456,PO-2025-01474,3,MAT-00513,254,20.25,5143.5,DELIVERED
POL-0002457,PO-2025-01475,1,MAT-00288,67,46.79,3134.93,DELIVERED
POL-0002458,PO-2025-01476,1,MAT-00342,269,36.28,9759.32,OVERDUE
POL-0002459,PO-2025-01477,1,MAT-01053,69,40.63,2803.47,DELIVERED
POL-0002460,PO-2025-01477,2,MAT-00328,105,63.39,6655.95,DELIVERED
POL-0002461,PO-2025-01478,1,MAT-00122,196,9.54,1869.84,DELIVERED
POL-0002462,PO-2025-01478,2,MAT-00482,117,8.65,1012.05,DELIVERED
POL-0002463,PO-2025-01478,3,MAT-00689,239,57.33,13701.87,DELIVERED
POL-0002464,PO-2025-01479,1,MAT-00893,28,78.98,2211.44,PENDING
POL-0002465,PO-2025-01480,1,MAT-00676,1337,10.15,13570.55,OVERDUE
POL-0002466,PO-2025-01480,2,MAT-00467,1853,46.79,86701.87,OVERDUE
POL-0002467,PO-2025-01481,1,MAT-00205,1025,5.44,5576.0,DELIVERED
POL-0002468,PO-2025-01482,1,MAT-01139,68,51.2,3481.6,DELIVERED
POL-0002469,PO-2025-01482,2,MAT-00598,360,8.31,2991.6,DELIVERED
POL-0002470,PO-2025-01482,3,MAT-00118,1580,7.27,11486.6,DELIVERED
POL-0002471,PO-2025-01483,1,MAT-00497,1579,7.66,12095.14,DELIVERED
POL-0002472,PO-2025-01483,2,MAT-00360,207,10.14,2098.98,DELIVERED
POL-0002473,PO-2025-01483,3,MAT-00487,71,12.04,854.84,DELIVERED
POL-0002474,PO-2025-01484,1,MAT-00523,2514,13.51,33964.14,DELIVERED
POL-0002475,PO-2025-01485,1,MAT-00379,1097,294.03,322550.91,DELIVERED
POL-0002476,PO-2025-01486,1,MAT-00585,957,29.99,28700.43,OVERDUE
POL-0002477,PO-2025-01487,1,MAT-00613,4661,36.77,171384.97,OVERDUE
POL-0002478,PO-2025-01488,1,MAT-00174,1467,39.12,57389.04,DELIVERED
POL-0002479,PO-2025-01488,2,MAT-00220,2282,29.8,68003.6,DELIVERED
POL-0002480,PO-2025-01489,1,MAT-00836,170,32.93,5598.1,CANCELLED
POL-0002481,PO-2025-01489,2,MAT-00799,1153,24.99,28813.47,CANCELLED
POL-0002482,PO-2025-01489,3,MAT-00696,4235,17.59,74493.65,CANCELLED
POL-0002483,PO-2025-01490,1,MAT-00926,436,4.52,1970.72,PENDING
POL-0002484,PO-2025-01491,1,MAT-00290,2140,12.44,26621.6,DELIVERED
POL-0002485,PO-2025-01492,1,MAT-00319,1634,38.12,62288.08,DELIVERED
POL-0002486,PO-2025-01493,1,MAT-00155,2056,38.82,79813.92,DELIVERED
POL-0002487,PO-2025-01494,1,MAT-00234,152,11.9,1808.8,PENDING
POL-0002488,PO-2025-01495,1,MAT-00925,1100,100.58,110638.0,DELIVERED
POL-0002489,PO-2025-01496,1,MAT-00166,602,42.74,25729.48,DELIVERED
POL-0002490,PO-2025-01497,1,MAT-00364,105,37.38,3924.9,DELIVERED
POL-0002491,PO-2025-01498,1,MAT-00500,111,5.98,663.78,OVERDUE
POL-0002492,PO-2025-01498,2,MAT-00710,452,162.07,73255.64,OVERDUE
POL-0002493,PO-2025-01499,1,MAT-00349,195,12.65,2466.75,DELIVERED
POL-0002494,PO-2025-01500,1,MAT-00098,182,37.1,6752.2,DELIVERED
POL-0002495,PO-2025-01500,2,MAT-00836,186,32.93,6124.98,DELIVERED
POL-0002496,PO-2025-01501,1,MAT-00941,389,6.32,2458.48,DELIVERED
POL-0002497,PO-2025-01502,1,MAT-00492,432,134.98,58311.36,DELIVERED
POL-0002498,PO-2025-01502,2,MAT-00271,1392,130.15,181168.8,DELIVERED
POL-0002499,PO-2025-01502,3,MAT-00147,59,6.15,362.85,DELIVERED
POL-0002500,PO-2025-01503,1,MAT-00643,70,20.33,1423.1,DELIVERED
POL-0002501,PO-2025-01504,1,MAT-00636,363,4.36,1582.68,DELIVERED
POL-0002502,PO-2025-01505,1,MAT-00347,396,5.12,2027.52,DELIVERED
POL-0002503,PO-2025-01505,2,MAT-00158,1131,40.12,45375.72,DELIVERED
POL-0002504,PO-2025-01506,1,MAT-00793,975,31.91,31112.25,DELIVERED
POL-0002505,PO-2025-01506,2,MAT-01158,185,318.69,58957.65,DELIVERED
POL-0002506,PO-2025-01506,3,MAT-00177,89,25.39,2259.71,DELIVERED
POL-0002507,PO-2025-01507,1,MAT-00981,304,66.4,20185.6,DELIVERED
POL-0002508,PO-2025-01508,1,MAT-00628,118,21.55,2542.9,PENDING
POL-0002509,PO-2025-01509,1,MAT-00048,139,78.45,10904.55,DELIVERED
POL-0002510,PO-2025-01509,2,MAT-00104,121,9.85,1191.85,DELIVERED
POL-0002511,PO-2025-01510,1,MAT-00019,615,9.25,5688.75,DELIVERED
POL-0002512,PO-2025-01511,1,MAT-00057,3116,9.87,30754.92,DELIVERED
POL-0002513,PO-2025-01512,1,MAT-00166,2097,42.74,89625.78,PENDING
POL-0002514,PO-2025-01512,2,MAT-00623,61,213.25,13008.25,PENDING
POL-0002515,PO-2025-01513,1,MAT-00745,58,46.09,2673.22,DELIVERED
POL-0002516,PO-2025-01514,1,MAT-00236,275,47.86,13161.5,DELIVERED
POL-0002517,PO-2025-01515,1,MAT-00239,2417,13.02,31469.34,DELIVERED
POL-0002518,PO-2025-01516,1,MAT-00219,205,15.65,3208.25,DELIVERED
POL-0002519,PO-2025-01517,1,MAT-01114,141,46.78,6595.98,DELIVERED
POL-0002520,PO-2025-01518,1,MAT-00401,391,4.11,1607.01,DELIVERED
POL-0002521,PO-2025-01519,1,MAT-00446,4149,49.81,206661.69,CANCELLED
POL-0002522,PO-2025-01520,1,MAT-00781,1955,29.37,57418.35,PENDING
POL-0002523,PO-2025-01521,1,MAT-00002,411,21.88,8992.68,DELIVERED
POL-0002524,PO-2025-01522,1,MAT-00611,190,57.93,11006.7,DELIVERED
POL-0002525,PO-2025-01523,1,MAT-00813,72,137.77,9919.44,OVERDUE
POL-0002526,PO-2025-01524,1,MAT-00513,254,20.25,5143.5,DELIVERED
POL-0002527,PO-2025-01524,2,MAT-01046,1152,69.27,79799.04,DELIVERED
POL-0002528,PO-2025-01524,3,MAT-00045,1865,4.78,8914.7,DELIVERED
POL-0002529,PO-2025-01524,4,MAT-01129,3234,25.13,81270.42,DELIVERED
POL-0002530,PO-2025-01525,1,MAT-00474,373,123.61,46106.53,DELIVERED
POL-0002531,PO-2025-01526,1,MAT-00467,1189,46.79,55633.31,DELIVERED
POL-0002532,PO-2025-01527,1,MAT-00371,118,26.71,3151.78,DELIVERED
POL-0002533,PO-2025-01528,1,MAT-00786,1174,86.22,101222.28,IN_TRANSIT
POL-0002534,PO-2025-01529,1,MAT-00542,935,7.41,6928.35,PENDING
POL-0002535,PO-2025-01529,2,MAT-01186,137,76.1,10425.7,PENDING
POL-0002536,PO-2025-01530,1,MAT-01113,2919,71.94,209992.86,DELIVERED
POL-0002537,PO-2025-01531,1,MAT-01063,189,91.29,17253.81,DELIVERED
POL-0002538,PO-2025-01532,1,MAT-00821,698,15.29,10672.42,PENDING
POL-0002539,PO-2025-01533,1,MAT-01067,2795,5.91,16518.45,OVERDUE
POL-0002540,PO-2025-01533,2,MAT-00117,113,23.25,2627.25,OVERDUE
POL-0002541,PO-2025-01534,1,MAT-00277,2207,30.42,67136.94,DELIVERED
POL-0002542,PO-2025-01535,1,MAT-00688,869,17.7,15381.3,DELIVERED
POL-0002543,PO-2025-01536,1,MAT-00209,4203,43.72,183755.16,DELIVERED
POL-0002544,PO-2025-01537,1,MAT-00642,2158,172.68,372643.44,DELIVERED
POL-0002545,PO-2025-01538,1,MAT-00345,171,14.77,2525.67,DELIVERED
POL-0002546,PO-2025-01539,1,MAT-00849,187,13.15,2459.05,DELIVERED
POL-0002547,PO-2025-01539,2,MAT-01149,1514,148.57,224934.98,DELIVERED
POL-0002548,PO-2025-01540,1,MAT-00182,166,10.58,1756.28,DELIVERED
POL-0002549,PO-2025-01540,2,MAT-00097,1455,38.03,55333.65,DELIVERED
POL-0002550,PO-2025-01540,3,MAT-00425,89,53.51,4762.39,DELIVERED
POL-0002551,PO-2025-01540,4,MAT-00027,2998,7.89,23654.22,DELIVERED
POL-0002552,PO-2025-01541,1,MAT-00873,84,5.67,476.28,DELIVERED
POL-0002553,PO-2025-01541,2,MAT-00797,471,25.64,12076.44,DELIVERED
POL-0002554,PO-2025-01542,1,MAT-00399,288,22.77,6557.76,DELIVERED
POL-0002555,PO-2025-01543,1,MAT-01080,295,68.28,20142.6,DELIVERED
POL-0002556,PO-2025-01543,2,MAT-00116,197,35.47,6987.59,DELIVERED
POL-0002557,PO-2025-01544,1,MAT-00335,102,78.13,7969.26,PENDING
POL-0002558,PO-2025-01545,1,MAT-01032,2140,4.18,8945.2,DELIVERED
POL-0002559,PO-2025-01545,2,MAT-00481,93,20.47,1903.71,DELIVERED
POL-0002560,PO-2025-01545,3,MAT-01123,100,48.63,4863.0,DELIVERED
POL-0002561,PO-2025-01546,1,MAT-00254,499,80.96,40399.04,IN_TRANSIT
POL-0002562,PO-2025-01546,2,MAT-00447,170,38.86,6606.2,IN_TRANSIT
POL-0002563,PO-2025-01546,3,MAT-00316,39,27.03,1054.17,IN_TRANSIT
POL-0002564,PO-2025-01547,1,MAT-00660,1083,21.91,23728.53,DELIVERED
POL-0002565,PO-2025-01548,1,MAT-00378,4612,32.63,150489.56,DELIVERED
POL-0002566,PO-2025-01548,2,MAT-00521,1082,4.17,4511.94,DELIVERED
POL-0002567,PO-2025-01548,3,MAT-00863,1148,139.81,160501.88,DELIVERED
POL-0002568,PO-2025-01549,1,MAT-00218,287,19.32,5544.84,PENDING
POL-0002569,PO-2025-01550,1,MAT-01111,1016,19.73,20045.68,DELIVERED
POL-0002570,PO-2025-01551,1,MAT-00426,467,122.87,57380.29,DELIVERED
POL-0002571,PO-2025-01552,1,MAT-00108,3391,31.83,107935.53,OVERDUE
POL-0002572,PO-2025-01552,2,MAT-01068,1822,84.73,154378.06,OVERDUE
POL-0002573,PO-2025-01552,3,MAT-00692,1025,84.82,86940.5,OVERDUE
POL-0002574,PO-2025-01553,1,MAT-00095,157,15.95,2504.15,DELIVERED
POL-0002575,PO-2025-01553,2,MAT-00278,175,14.49,2535.75,DELIVERED
POL-0002576,PO-2025-01554,1,MAT-00066,456,124.59,56813.04,DELIVERED
POL-0002577,PO-2025-01554,2,MAT-00674,900,17.6,15840.0,DELIVERED
POL-0002578,PO-2025-01555,1,MAT-00191,63,16.95,1067.85,IN_TRANSIT
POL-0002579,PO-2025-01556,1,MAT-00423,55,20.76,1141.8,DELIVERED
POL-0002580,PO-2025-01557,1,MAT-00279,244,29.0,7076.0,DELIVERED
POL-0002581,PO-2025-01557,2,MAT-00370,222,10.05,2231.1,DELIVERED
POL-0002582,PO-2025-01558,1,MAT-00352,112,135.81,15210.72,DELIVERED
POL-0002583,PO-2025-01558,2,MAT-00471,212,17.46,3701.52,DELIVERED
POL-0002584,PO-2025-01559,1,MAT-00126,225,271.29,61040.25,DELIVERED
POL-0002585,PO-2025-01560,1,MAT-00030,518,19.73,10220.14,DELIVERED
POL-0002586,PO-2025-01561,1,MAT-00608,407,6.22,2531.54,DELIVERED
POL-0002587,PO-2025-01561,2,MAT-00573,989,37.85,37433.65,DELIVERED
POL-0002588,PO-2025-01562,1,MAT-00754,2288,83.19,190338.72,DELIVERED
POL-0002589,PO-2025-01563,1,MAT-00187,266,41.36,11001.76,DELIVERED
POL-0002590,PO-2025-01563,2,MAT-00562,51,256.03,13057.53,DELIVERED
POL-0002591,PO-2025-01563,3,MAT-01180,1070,7.26,7768.2,DELIVERED
POL-0002592,PO-2025-01563,4,MAT-00633,744,20.47,15229.68,DELIVERED
POL-0002593,PO-2025-01564,1,MAT-00395,2161,88.52,191291.72,DELIVERED
POL-0002594,PO-2025-01565,1,MAT-00275,349,8.09,2823.41,CANCELLED
POL-0002595,PO-2025-01565,2,MAT-01042,1159,14.79,17141.61,CANCELLED
POL-0002596,PO-2025-01566,1,MAT-00367,32,33.11,1059.52,DELIVERED
POL-0002597,PO-2025-01566,2,MAT-00409,56,27.11,1518.16,DELIVERED
POL-0002598,PO-2025-01566,3,MAT-00655,1733,457.75,793280.75,DELIVERED
POL-0002599,PO-2025-01567,1,MAT-00372,1460,48.13,70269.8,DELIVERED
POL-0002600,PO-2025-01568,1,MAT-00782,819,5.92,4848.48,DELIVERED
POL-0002601,PO-2025-01568,2,MAT-00479,481,761.57,366315.17,DELIVERED
POL-0002602,PO-2025-01569,1,MAT-00786,4290,86.22,369883.8,DELIVERED
POL-0002603,PO-2025-01570,1,MAT-00393,2121,6.21,13171.41,DELIVERED
POL-0002604,PO-2025-01571,1,MAT-00305,304,25.36,7709.44,DELIVERED
POL-0002605,PO-2025-01571,2,MAT-00385,52,10.25,533.0,DELIVERED
POL-0002606,PO-2025-01572,1,MAT-00392,480,47.29,22699.2,DELIVERED
POL-0002607,PO-2025-01573,1,MAT-00488,120,7.79,934.8,DELIVERED
POL-0002608,PO-2025-01574,1,MAT-01079,1149,140.21,161101.29,OVERDUE
POL-0002609,PO-2025-01575,1,MAT-00891,3248,68.06,221058.88,DELIVERED
POL-0002610,PO-2025-01576,1,MAT-00786,1816,86.22,156575.52,DELIVERED
POL-0002611,PO-2025-01577,1,MAT-00045,3534,4.78,16892.52,CANCELLED
POL-0002612,PO-2025-01577,2,MAT-01072,211,43.22,9119.42,CANCELLED
POL-0002613,PO-2025-01577,3,MAT-00765,1717,91.59,157260.03,CANCELLED
POL-0002614,PO-2025-01578,1,MAT-00983,342,9.13,3122.46,DELIVERED
POL-0002615,PO-2025-01578,2,MAT-00865,2133,12.6,26875.8,DELIVERED
POL-0002616,PO-2025-01578,3,MAT-00430,1145,3.54,4053.3,DELIVERED
POL-0002617,PO-2025-01579,1,MAT-00197,149,10.51,1565.99,DELIVERED
POL-0002618,PO-2025-01580,1,MAT-01126,3354,7.09,23779.86,DELIVERED
POL-0002619,PO-2025-01580,2,MAT-00562,77,256.03,19714.31,DELIVERED
POL-0002620,PO-2025-01581,1,MAT-01042,1235,14.79,18265.65,PENDING
POL-0002621,PO-2025-01581,2,MAT-00824,91,18.89,1718.99,PENDING
POL-0002622,PO-2025-01581,3,MAT-01058,1212,91.18,110510.16,PENDING
POL-0002623,PO-2025-01582,1,MAT-00881,263,410.69,108011.47,IN_TRANSIT
POL-0002624,PO-2025-01583,1,MAT-00219,136,15.65,2128.4,OVERDUE
POL-0002625,PO-2025-01583,2,MAT-00106,67,42.34,2836.78,OVERDUE
POL-0002626,PO-2025-01583,3,MAT-00535,871,11.88,10347.48,OVERDUE
POL-0002627,PO-2025-01584,1,MAT-00169,1547,20.81,32193.07,CANCELLED
POL-0002628,PO-2025-01585,1,MAT-00918,2158,34.2,73803.6,IN_TRANSIT
POL-0002629,PO-2025-01586,1,MAT-00858,3171,39.46,125127.66,DELIVERED
POL-0002630,PO-2025-01587,1,MAT-01035,1824,14.5,26448.0,DELIVERED
POL-0002631,PO-2025-01588,1,MAT-00535,1215,11.88,14434.2,DELIVERED
POL-0002632,PO-2025-01589,1,MAT-00891,2112,68.06,143742.72,OVERDUE
POL-0002633,PO-2025-01589,2,MAT-00035,358,67.89,24304.62,OVERDUE
POL-0002634,PO-2025-01589,3,MAT-00838,131,8.08,1058.48,OVERDUE
POL-0002635,PO-2025-01589,4,MAT-01181,2081,29.63,61660.03,OVERDUE
POL-0002636,PO-2025-01590,1,MAT-00470,96,14.39,1381.44,DELIVERED
POL-0002637,PO-2025-01591,1,MAT-00542,787,7.41,5831.67,DELIVERED
POL-0002638,PO-2025-01591,2,MAT-00344,2299,16.09,36990.91,DELIVERED
POL-0002639,PO-2025-01591,3,MAT-00913,149,35.57,5299.93,DELIVERED
POL-0002640,PO-2025-01592,1,MAT-00069,443,37.62,16665.66,DELIVERED
POL-0002641,PO-2025-01592,2,MAT-01104,573,22.29,12772.17,DELIVERED
POL-0002642,PO-2025-01592,3,MAT-01005,2711,54.05,146529.55,DELIVERED
POL-0002643,PO-2025-01593,1,MAT-00354,1758,23.19,40768.02,DELIVERED
POL-0002644,PO-2025-01593,2,MAT-00511,153,36.13,5527.89,DELIVERED
POL-0002645,PO-2025-01594,1,MAT-00589,111,64.45,7153.95,IN_TRANSIT
POL-0002646,PO-2025-01594,2,MAT-00790,1783,4.0,7132.0,IN_TRANSIT
POL-0002647,PO-2025-01594,3,MAT-01049,2403,119.58,287350.74,IN_TRANSIT
POL-0002648,PO-2025-01595,1,MAT-00039,78,6.02,469.56,DELIVERED
POL-0002649,PO-2025-01595,2,MAT-01125,165,155.11,25593.15,DELIVERED
POL-0002650,PO-2025-01595,3,MAT-00683,1336,14.72,19665.92,DELIVERED
POL-0002651,PO-2025-01596,1,MAT-00427,123,8.13,999.99,DELIVERED
POL-0002652,PO-2025-01597,1,MAT-01003,597,27.55,16447.35,DELIVERED
POL-0002653,PO-2025-01597,2,MAT-00443,1274,2.45,3121.3,DELIVERED
POL-0002654,PO-2025-01598,1,MAT-00850,46,15.13,695.98,CANCELLED
POL-0002655,PO-2025-01598,2,MAT-00623,93,213.25,19832.25,CANCELLED
POL-0002656,PO-2025-01599,1,MAT-00433,398,18.12,7211.76,DELIVERED
POL-0002657,PO-2025-01599,2,MAT-00501,193,76.28,14722.04,DELIVERED
POL-0002658,PO-2025-01600,1,MAT-01101,92,80.68,7422.56,DELIVERED
POL-0002659,PO-2025-01601,1,MAT-00182,149,10.58,1576.42,DELIVERED
POL-0002660,PO-2025-01602,1,MAT-00915,227,22.52,5112.04,OVERDUE
POL-0002661,PO-2025-01603,1,MAT-00355,138,27.03,3730.14,DELIVERED
POL-0002662,PO-2025-01603,2,MAT-00642,1893,172.68,326883.24,DELIVERED
POL-0002663,PO-2025-01603,3,MAT-01044,1728,24.02,41506.56,DELIVERED
POL-0002664,PO-2025-01604,1,MAT-01136,4093,73.15,299402.95,DELIVERED
POL-0002665,PO-2025-01605,1,MAT-00767,108,22.92,2475.36,DELIVERED
POL-0002666,PO-2025-01605,2,MAT-00685,38,6.91,262.58,DELIVERED
POL-0002667,PO-2025-01605,3,MAT-00726,1098,21.21,23288.58,DELIVERED
POL-0002668,PO-2025-01606,1,MAT-00914,484,158.72,76820.48,OVERDUE
POL-0002669,PO-2025-01606,2,MAT-00492,290,134.98,39144.2,OVERDUE
POL-0002670,PO-2025-01606,3,MAT-00954,1339,125.17,167602.63,OVERDUE
POL-0002671,PO-2025-01607,1,MAT-00974,4833,11.91,57561.03,DELIVERED
POL-0002672,PO-2025-01608,1,MAT-00984,139,23.51,3267.89,DELIVERED
POL-0002673,PO-2025-01609,1,MAT-00410,1004,46.71,46896.84,IN_TRANSIT
POL-0002674,PO-2025-01610,1,MAT-00426,282,122.87,34649.34,DELIVERED
POL-0002675,PO-2025-01611,1,MAT-00096,2428,5.63,13669.64,DELIVERED
POL-0002676,PO-2025-01612,1,MAT-01037,237,6.68,1583.16,DELIVERED
POL-0002677,PO-2025-01612,2,MAT-01076,493,15.38,7582.34,DELIVERED
POL-0002678,PO-2025-01613,1,MAT-00684,4655,47.87,222834.85,DELIVERED
POL-0002679,PO-2025-01613,2,MAT-00267,4765,145.15,691639.75,DELIVERED
POL-0002680,PO-2025-01613,3,MAT-00881,493,410.69,202470.17,DELIVERED
POL-0002681,PO-2025-01613,4,MAT-00028,111,35.36,3924.96,DELIVERED
POL-0002682,PO-2025-01614,1,MAT-00076,197,61.74,12162.78,DELIVERED
POL-0002683,PO-2025-01614,2,MAT-00144,61,32.34,1972.74,DELIVERED
POL-0002684,PO-2025-01614,3,MAT-00503,1064,5.68,6043.52,DELIVERED
POL-0002685,PO-2025-01614,4,MAT-01198,2479,45.99,114009.21,DELIVERED
POL-0002686,PO-2025-01615,1,MAT-00741,169,3.4,574.6,DELIVERED
POL-0002687,PO-2025-01615,2,MAT-01163,841,6.11,5138.51,DELIVERED
POL-0002688,PO-2025-01616,1,MAT-00818,1136,65.99,74964.64,DELIVERED
POL-0002689,PO-2025-01617,1,MAT-01029,270,54.15,14620.5,DELIVERED
POL-0002690,PO-2025-01618,1,MAT-00639,152,5.89,895.28,DELIVERED
POL-0002691,PO-2025-01618,2,MAT-00837,76,154.21,11719.96,DELIVERED
POL-0002692,PO-2025-01618,3,MAT-00001,106,43.14,4572.84,DELIVERED
POL-0002693,PO-2025-01619,1,MAT-00946,443,7.45,3300.35,IN_TRANSIT
POL-0002694,PO-2025-01619,2,MAT-00786,3190,86.22,275041.8,IN_TRANSIT
POL-0002695,PO-2025-01620,1,MAT-00302,59,12.84,757.56,DELIVERED
POL-0002696,PO-2025-01621,1,MAT-00768,482,190.2,91676.4,DELIVERED
POL-0002697,PO-2025-01622,1,MAT-00475,2691,149.15,401362.65,DELIVERED
POL-0002698,PO-2025-01623,1,MAT-00586,491,33.81,16600.71,DELIVERED
POL-0002699,PO-2025-01624,1,MAT-01096,60,24.14,1448.4,OVERDUE
POL-0002700,PO-2025-01625,1,MAT-00138,1116,19.38,21628.08,DELIVERED
POL-0002701,PO-2025-01626,1,MAT-00630,34,90.2,3066.8,DELIVERED
POL-0002702,PO-2025-01626,2,MAT-00930,98,22.16,2171.68,DELIVERED
POL-0002703,PO-2025-01627,1,MAT-01025,220,185.16,40735.2,DELIVERED
POL-0002704,PO-2025-01628,1,MAT-00263,706,1.44,1016.64,DELIVERED
POL-0002705,PO-2025-01629,1,MAT-00341,2484,10.09,25063.56,DELIVERED
POL-0002706,PO-2025-01629,2,MAT-01101,116,80.68,9358.88,DELIVERED
POL-0002707,PO-2025-01629,3,MAT-00833,132,7.83,1033.56,DELIVERED
POL-0002708,PO-2025-01630,1,MAT-01018,90,14.92,1342.8,DELIVERED
POL-0002709,PO-2025-01631,1,MAT-00751,623,9.47,5899.81,DELIVERED
POL-0002710,PO-2025-01632,1,MAT-00548,460,20.62,9485.2,DELIVERED
POL-0002711,PO-2025-01633,1,MAT-01080,852,68.28,58174.56,DELIVERED
POL-0002712,PO-2025-01634,1,MAT-00704,489,5.04,2464.56,DELIVERED
POL-0002713,PO-2025-01634,2,MAT-00350,244,22.16,5407.04,DELIVERED
POL-0002714,PO-2025-01635,1,MAT-01135,113,18.83,2127.79,DELIVERED
POL-0002715,PO-2025-01636,1,MAT-00227,46,28.17,1295.82,DELIVERED
POL-0002716,PO-2025-01636,2,MAT-00421,119,268.66,31970.54,DELIVERED
POL-0002717,PO-2025-01637,1,MAT-00199,136,26.32,3579.52,DELIVERED
POL-0002718,PO-2025-01637,2,MAT-00085,196,10.07,1973.72,DELIVERED
POL-0002719,PO-2025-01637,3,MAT-00402,1210,14.37,17387.7,DELIVERED
POL-0002720,PO-2025-01637,4,MAT-00134,1069,45.71,48863.99,DELIVERED
POL-0002721,PO-2025-01638,1,MAT-00789,1066,25.4,27076.4,DELIVERED
POL-0002722,PO-2025-01638,2,MAT-00639,232,5.89,1366.48,DELIVERED
POL-0002723,PO-2025-01639,1,MAT-00211,2026,45.23,91635.98,DELIVERED
POL-0002724,PO-2025-01640,1,MAT-00107,2888,218.46,630912.48,DELIVERED
POL-0002725,PO-2025-01641,1,MAT-00396,1303,14.6,19023.8,CANCELLED
POL-0002726,PO-2025-01642,1,MAT-00403,612,28.29,17313.48,DELIVERED
POL-0002727,PO-2025-01642,2,MAT-00111,4809,3.07,14763.63,DELIVERED
POL-0002728,PO-2025-01643,1,MAT-00657,109,28.52,3108.68,DELIVERED
POL-0002729,PO-2025-01643,2,MAT-00922,69,7.6,524.4,DELIVERED
POL-0002730,PO-2025-01643,3,MAT-00181,368,49.25,18124.0,DELIVERED
POL-0002731,PO-2025-01644,1,MAT-00205,799,5.44,4346.56,IN_TRANSIT
POL-0002732,PO-2025-01645,1,MAT-00641,435,18.57,8077.95,PENDING
POL-0002733,PO-2025-01646,1,MAT-00886,73,203.43,14850.39,DELIVERED
POL-0002734,PO-2025-01646,2,MAT-01144,1983,28.6,56713.8,DELIVERED
POL-0002735,PO-2025-01646,3,MAT-00377,1695,71.37,120972.15,DELIVERED
POL-0002736,PO-2025-01647,1,MAT-00202,3391,45.92,155714.72,OVERDUE
POL-0002737,PO-2025-01647,2,MAT-00699,402,69.76,28043.52,OVERDUE
POL-0002738,PO-2025-01647,3,MAT-00854,1113,98.17,109263.21,OVERDUE
POL-0002739,PO-2025-01648,1,MAT-00169,1889,20.81,39310.09,DELIVERED
POL-0002740,PO-2025-01649,1,MAT-00784,458,46.72,21397.76,IN_TRANSIT
POL-0002741,PO-2025-01650,1,MAT-01079,3960,140.21,555231.6,DELIVERED
POL-0002742,PO-2025-01651,1,MAT-00829,1607,16.67,26788.69,DELIVERED
POL-0002743,PO-2025-01651,2,MAT-00172,176,10.25,1804.0,DELIVERED
POL-0002744,PO-2025-01651,3,MAT-01023,605,23.04,13939.2,DELIVERED
POL-0002745,PO-2025-01652,1,MAT-00824,63,18.89,1190.07,DELIVERED
POL-0002746,PO-2025-01652,2,MAT-00300,280,48.83,13672.4,DELIVERED
POL-0002747,PO-2025-01653,1,MAT-00397,672,3.9,2620.8,DELIVERED
POL-0002748,PO-2025-01653,2,MAT-00008,52,60.03,3121.56,DELIVERED
POL-0002749,PO-2025-01653,3,MAT-01165,960,81.53,78268.8,DELIVERED
POL-0002750,PO-2025-01654,1,MAT-00721,1411,34.47,48637.17,DELIVERED
POL-0002751,PO-2025-01654,2,MAT-00413,40,4.8,192.0,DELIVERED
POL-0002752,PO-2025-01655,1,MAT-00063,589,7.25,4270.25,OVERDUE
POL-0002753,PO-2025-01656,1,MAT-01011,1613,116.18,187398.34,IN_TRANSIT
POL-0002754,PO-2025-01656,2,MAT-00251,1578,6.02,9499.56,IN_TRANSIT
POL-0002755,PO-2025-01656,3,MAT-00717,67,30.37,2034.79,IN_TRANSIT
POL-0002756,PO-2025-01657,1,MAT-00686,226,52.4,11842.4,DELIVERED
POL-0002757,PO-2025-01657,2,MAT-00048,382,78.45,29967.9,DELIVERED
POL-0002758,PO-2025-01657,3,MAT-00302,116,12.84,1489.44,DELIVERED
POL-0002759,PO-2025-01657,4,MAT-01057,2597,27.41,71183.77,DELIVERED
POL-0002760,PO-2025-01658,1,MAT-00779,237,21.57,5112.09,DELIVERED
POL-0002761,PO-2025-01659,1,MAT-00373,2201,116.36,256108.36,DELIVERED
POL-0002762,PO-2025-01660,1,MAT-00978,122,1.78,217.16,CANCELLED
POL-0002763,PO-2025-01661,1,MAT-00699,752,69.76,52459.52,DELIVERED
POL-0002764,PO-2025-01662,1,MAT-01197,454,23.44,10641.76,DELIVERED
POL-0002765,PO-2025-01662,2,MAT-00193,2301,32.7,75242.7,DELIVERED
POL-0002766,PO-2025-01663,1,MAT-00675,323,5.74,1854.02,DELIVERED
POL-0002767,PO-2025-01664,1,MAT-01088,232,33.16,7693.12,DELIVERED
POL-0002768,PO-2025-01664,2,MAT-00487,64,12.04,770.56,DELIVERED
POL-0002769,PO-2025-01665,1,MAT-00798,38,51.28,1948.64,DELIVERED
POL-0002770,PO-2025-01665,2,MAT-00048,453,78.45,35537.85,DELIVERED
POL-0002771,PO-2025-01665,3,MAT-00201,4197,37.48,157303.56,DELIVERED
POL-0002772,PO-2025-01666,1,MAT-00397,1678,3.9,6544.2,OVERDUE
POL-0002773,PO-2025-01667,1,MAT-00916,231,38.32,8851.92,DELIVERED
POL-0002774,PO-2025-01668,1,MAT-00526,1639,3.7,6064.3,DELIVERED
POL-0002775,PO-2025-01668,2,MAT-00631,129,4.35,561.15,DELIVERED
POL-0002776,PO-2025-01668,3,MAT-00250,509,42.88,21825.92,DELIVERED
POL-0002777,PO-2025-01668,4,MAT-01154,196,6.47,1268.12,DELIVERED
POL-0002778,PO-2025-01669,1,MAT-00741,167,3.4,567.8,DELIVERED
POL-0002779,PO-2025-01669,2,MAT-00191,241,16.95,4084.95,DELIVERED
POL-0002780,PO-2025-01670,1,MAT-00838,116,8.08,937.28,DELIVERED
POL-0002781,PO-2025-01670,2,MAT-00453,150,9.49,1423.5,DELIVERED
POL-0002782,PO-2025-01670,3,MAT-00807,1486,30.8,45768.8,DELIVERED
POL-0002783,PO-2025-01671,1,MAT-01140,102,60.83,6204.66,DELIVERED
POL-0002784,PO-2025-01672,1,MAT-00680,4097,111.31,456037.07,DELIVERED
POL-0002785,PO-2025-01673,1,MAT-01096,157,24.14,3789.98,DELIVERED
POL-0002786,PO-2025-01674,1,MAT-00004,1166,144.49,168475.34,DELIVERED
POL-0002787,PO-2025-01675,1,MAT-01045,119,22.55,2683.45,DELIVERED
POL-0002788,PO-2025-01676,1,MAT-00866,86,16.43,1412.98,DELIVERED
POL-0002789,PO-2025-01677,1,MAT-00818,1223,65.99,80705.77,DELIVERED
POL-0002790,PO-2025-01678,1,MAT-00575,607,58.55,35539.85,DELIVERED
POL-0002791,PO-2025-01679,1,MAT-00411,103,58.42,6017.26,DELIVERED
POL-0002792,PO-2025-01680,1,MAT-00676,2430,10.15,24664.5,DELIVERED
POL-0002793,PO-2025-01680,2,MAT-00179,243,20.01,4862.43,DELIVERED
POL-0002794,PO-2025-01681,1,MAT-00132,406,29.72,12066.32,DELIVERED
POL-0002795,PO-2025-01681,2,MAT-00909,229,55.6,12732.4,DELIVERED
POL-0002796,PO-2025-01681,3,MAT-00247,4356,15.77,68694.12,DELIVERED
POL-0002797,PO-2025-01681,4,MAT-00242,103,20.76,2138.28,DELIVERED
POL-0002798,PO-2025-01682,1,MAT-01010,656,13.21,8665.76,DELIVERED
POL-0002799,PO-2025-01683,1,MAT-00652,113,87.78,9919.14,DELIVERED
POL-0002800,PO-2025-01684,1,MAT-00826,4654,125.95,586171.3,DELIVERED
POL-0002801,PO-2025-01684,2,MAT-00103,815,16.35,13325.25,DELIVERED
POL-0002802,PO-2025-01685,1,MAT-00424,2068,70.34,145463.12,DELIVERED
POL-0002803,PO-2025-01686,1,MAT-00078,405,19.35,7836.75,DELIVERED
POL-0002804,PO-2025-01686,2,MAT-00576,789,2.21,1743.69,DELIVERED
POL-0002805,PO-2025-01687,1,MAT-01074,1669,6.3,10514.7,DELIVERED
POL-0002806,PO-2025-01687,2,MAT-00782,660,5.92,3907.2,DELIVERED
POL-0002807,PO-2025-01688,1,MAT-00100,33,18.53,611.49,DELIVERED
POL-0002808,PO-2025-01689,1,MAT-01037,463,6.68,3092.84,DELIVERED
POL-0002809,PO-2025-01690,1,MAT-01134,116,44.39,5149.24,PENDING
POL-0002810,PO-2025-01690,2,MAT-00449,137,15.44,2115.28,PENDING
POL-0002811,PO-2025-01690,3,MAT-00496,624,44.28,27630.72,PENDING
POL-0002812,PO-2025-01691,1,MAT-01080,1178,68.28,80433.84,CANCELLED
POL-0002813,PO-2025-01692,1,MAT-00669,1980,1.61,3187.8,DELIVERED
POL-0002814,PO-2025-01693,1,MAT-00316,110,27.03,2973.3,DELIVERED
POL-0002815,PO-2025-01694,1,MAT-00826,3997,125.95,503422.15,DELIVERED
POL-0002816,PO-2025-01694,2,MAT-00810,1175,8.88,10434.0,DELIVERED
POL-0002817,PO-2025-01695,1,MAT-00613,3122,36.77,114795.94,DELIVERED
POL-0002818,PO-2025-01696,1,MAT-00715,40,26.1,1044.0,DELIVERED
POL-0002819,PO-2025-01696,2,MAT-01027,61,28.8,1756.8,DELIVERED
POL-0002820,PO-2025-01696,3,MAT-00088,1682,36.74,61796.68,DELIVERED
POL-0002821,PO-2025-01697,1,MAT-00176,899,60.45,54344.55,DELIVERED
POL-0002822,PO-2025-01697,2,MAT-00446,3228,49.81,160786.68,DELIVERED
POL-0002823,PO-2025-01697,3,MAT-00041,369,61.01,22512.69,DELIVERED
POL-0002824,PO-2025-01698,1,MAT-00930,40,22.16,886.4,DELIVERED
POL-0002825,PO-2025-01699,1,MAT-00374,64,70.9,4537.6,DELIVERED
POL-0002826,PO-2025-01699,2,MAT-01049,2067,119.58,247171.86,DELIVERED
POL-0002827,PO-2025-01700,1,MAT-00810,272,8.88,2415.36,DELIVERED
POL-0002828,PO-2025-01700,2,MAT-00985,432,27.89,12048.48,DELIVERED
POL-0002829,PO-2025-01701,1,MAT-00169,637,20.81,13255.97,DELIVERED
POL-0002830,PO-2025-01702,1,MAT-01173,2061,30.61,63087.21,DELIVERED
POL-0002831,PO-2025-01703,1,MAT-00695,79,48.21,3808.59,DELIVERED
POL-0002832,PO-2025-01704,1,MAT-01065,1379,18.9,26063.1,DELIVERED
POL-0002833,PO-2025-01705,1,MAT-00890,114,85.97,9800.58,DELIVERED
POL-0002834,PO-2025-01705,2,MAT-00039,122,6.02,734.44,DELIVERED
POL-0002835,PO-2025-01706,1,MAT-00621,2467,9.78,24127.26,DELIVERED
POL-0002836,PO-2025-01707,1,MAT-00885,2101,55.94,117529.94,DELIVERED
POL-0002837,PO-2025-01707,2,MAT-00358,2401,20.32,48788.32,DELIVERED
POL-0002838,PO-2025-01707,3,MAT-00006,4320,20.44,88300.8,DELIVERED
POL-0002839,PO-2025-01708,1,MAT-00545,981,1.76,1726.56,DELIVERED
POL-0002840,PO-2025-01708,2,MAT-00231,2383,10.55,25140.65,DELIVERED
POL-0002841,PO-2025-01708,3,MAT-00738,168,77.11,12954.48,DELIVERED
POL-0002842,PO-2025-01709,1,MAT-00956,239,82.45,19705.55,DELIVERED
POL-0002843,PO-2025-01710,1,MAT-00517,345,40.81,14079.45,DELIVERED
POL-0002844,PO-2025-01710,2,MAT-00539,490,74.47,36490.3,DELIVERED
POL-0002845,PO-2025-01711,1,MAT-00147,123,6.15,756.45,DELIVERED
POL-0002846,PO-2025-01712,1,MAT-01025,208,185.16,38513.28,DELIVERED
POL-0002847,PO-2025-01713,1,MAT-01000,359,48.67,17472.53,DELIVERED
POL-0002848,PO-2025-01714,1,MAT-00958,3145,41.38,130140.1,DELIVERED
POL-0002849,PO-2025-01714,2,MAT-00764,599,22.3,13357.7,DELIVERED
POL-0002850,PO-2025-01714,3,MAT-00037,1083,29.49,31937.67,DELIVERED
POL-0002851,PO-2025-01715,1,MAT-01193,737,13.05,9617.85,DELIVERED
POL-0002852,PO-2025-01716,1,MAT-01028,4591,31.51,144662.41,DELIVERED
POL-0002853,PO-2025-01717,1,MAT-01088,97,33.16,3216.52,DELIVERED
POL-0002854,PO-2025-01718,1,MAT-00619,50,42.28,2114.0,DELIVERED
POL-0002855,PO-2025-01719,1,MAT-00911,167,18.73,3127.91,DELIVERED
POL-0002856,PO-2025-01720,1,MAT-00503,821,5.68,4663.28,DELIVERED
POL-0002857,PO-2025-01720,2,MAT-00086,307,15.13,4644.91,DELIVERED
POL-0002858,PO-2025-01721,1,MAT-00444,574,22.79,13081.46,DELIVERED
POL-0002859,PO-2025-01721,2,MAT-00946,110,7.45,819.5,DELIVERED
POL-0002860,PO-2025-01722,1,MAT-00796,1855,75.17,139440.35,DELIVERED
POL-0002861,PO-2025-01723,1,MAT-00081,284,20.25,5751.0,DELIVERED
POL-0002862,PO-2025-01723,2,MAT-00553,824,90.33,74431.92,DELIVERED
POL-0002863,PO-2025-01723,3,MAT-01002,792,76.22,60366.24,DELIVERED
POL-0002864,PO-2025-01724,1,MAT-00365,1907,51.48,98172.36,DELIVERED
POL-0002865,PO-2025-01725,1,MAT-00225,2346,14.79,34697.34,DELIVERED
POL-0002866,PO-2025-01725,2,MAT-00869,69,57.93,3997.17,DELIVERED
POL-0002867,PO-2025-01726,1,MAT-00512,98,22.65,2219.7,DELIVERED
POL-0002868,PO-2025-01727,1,MAT-00730,765,10.79,8254.35,DELIVERED
POL-0002869,PO-2025-01728,1,MAT-01103,192,278.63,53496.96,DELIVERED
POL-0002870,PO-2025-01728,2,MAT-00708,4281,170.09,728155.29,DELIVERED
POL-0002871,PO-2025-01728,3,MAT-00398,344,119.47,41097.68,DELIVERED
POL-0002872,PO-2025-01728,4,MAT-00153,104,12.75,1326.0,DELIVERED
POL-0002873,PO-2025-01729,1,MAT-00097,4902,38.03,186423.06,DELIVERED
POL-0002874,PO-2025-01729,2,MAT-00465,272,22.89,6226.08,DELIVERED
POL-0002875,PO-2025-01730,1,MAT-00461,2656,233.85,621105.6,DELIVERED
POL-0002876,PO-2025-01730,2,MAT-00129,120,31.21,3745.2,DELIVERED
POL-0002877,PO-2025-01731,1,MAT-00549,4565,41.83,190953.95,DELIVERED
POL-0002878,PO-2025-01731,2,MAT-00023,914,26.29,24029.06,DELIVERED
POL-0002879,PO-2025-01731,3,MAT-00935,184,44.85,8252.4,DELIVERED
POL-0002880,PO-2025-01732,1,MAT-00468,403,58.82,23704.46,DELIVERED
POL-0002881,PO-2025-01732,2,MAT-00052,1527,15.67,23928.09,DELIVERED
POL-0002882,PO-2025-01733,1,MAT-00702,211,85.18,17972.98,DELIVERED
POL-0002883,PO-2025-01733,2,MAT-00542,957,7.41,7091.37,DELIVERED
POL-0002884,PO-2025-01734,1,MAT-00140,676,6.41,4333.16,DELIVERED
POL-0002885,PO-2025-01734,2,MAT-00259,3688,44.12,162714.56,DELIVERED
POL-0002886,PO-2025-01735,1,MAT-00402,572,14.37,8219.64,DELIVERED
POL-0002887,PO-2025-01735,2,MAT-00326,4220,7.37,31101.4,DELIVERED
POL-0002888,PO-2025-01736,1,MAT-00170,2112,10.55,22281.6,DELIVERED
POL-0002889,PO-2025-01737,1,MAT-00301,56,10.18,570.08,DELIVERED
POL-0002890,PO-2025-01737,2,MAT-00541,1758,67.19,118120.02,DELIVERED
POL-0002891,PO-2025-01738,1,MAT-00559,374,39.35,14716.9,DELIVERED
POL-0002892,PO-2025-01739,1,MAT-00650,139,54.47,7571.33,OVERDUE
POL-0002893,PO-2025-01740,1,MAT-01091,1750,24.48,42840.0,DELIVERED
POL-0002894,PO-2025-01740,2,MAT-00038,93,3.22,299.46,DELIVERED
POL-0002895,PO-2025-01740,3,MAT-00296,1231,11.79,14513.49,DELIVERED
POL-0002896,PO-2025-01741,1,MAT-01132,480,44.46,21340.8,IN_TRANSIT
POL-0002897,PO-2025-01742,1,MAT-00879,2223,27.65,61465.95,DELIVERED
POL-0002898,PO-2025-01742,2,MAT-00165,51,69.19,3528.69,DELIVERED
POL-0002899,PO-2025-01742,3,MAT-00276,166,45.13,7491.58,DELIVERED
POL-0002900,PO-2025-01743,1,MAT-00153,244,12.75,3111.0,DELIVERED
POL-0002901,PO-2025-01744,1,MAT-00200,4645,7.7,35766.5,DELIVERED
POL-0002902,PO-2025-01745,1,MAT-00024,257,4.87,1251.59,DELIVERED
POL-0002903,PO-2025-01745,2,MAT-00597,71,19.38,1375.98,DELIVERED
POL-0002904,PO-2025-01745,3,MAT-00989,1184,18.9,22377.6,DELIVERED
POL-0002905,PO-2025-01746,1,MAT-01174,143,23.68,3386.24,DELIVERED
POL-0002906,PO-2025-01747,1,MAT-01114,198,46.78,9262.44,PENDING
POL-0002907,PO-2025-01748,1,MAT-00765,2176,91.59,199299.84,DELIVERED
POL-0002908,PO-2025-01749,1,MAT-00853,79,13.57,1072.03,DELIVERED
POL-0002909,PO-2025-01750,1,MAT-01058,639,91.18,58264.02,DELIVERED
POL-0002910,PO-2025-01751,1,MAT-01177,82,4.33,355.06,DELIVERED
POL-0002911,PO-2025-01751,2,MAT-00610,3617,123.85,447965.45,DELIVERED
POL-0002912,PO-2025-01751,3,MAT-00821,506,15.29,7736.74,DELIVERED
POL-0002913,PO-2025-01752,1,MAT-00880,130,103.54,13460.2,DELIVERED
POL-0002914,PO-2025-01752,2,MAT-00662,3871,15.18,58761.78,DELIVERED
POL-0002915,PO-2025-01753,1,MAT-00473,2095,4.49,9406.55,DELIVERED
POL-0002916,PO-2025-01754,1,MAT-00068,380,81.19,30852.2,PENDING
POL-0002917,PO-2025-01755,1,MAT-00235,2226,252.41,561864.66,DELIVERED
POL-0002918,PO-2025-01756,1,MAT-01145,82,21.86,1792.52,DELIVERED
POL-0002919,PO-2025-01757,1,MAT-00952,58,38.65,2241.7,DELIVERED
POL-0002920,PO-2025-01758,1,MAT-00506,1554,14.65,22766.1,DELIVERED
POL-0002921,PO-2025-01759,1,MAT-00699,363,69.76,25322.88,DELIVERED
POL-0002922,PO-2025-01760,1,MAT-01171,1041,56.02,58316.82,DELIVERED
POL-0002923,PO-2025-01761,1,MAT-00475,4310,149.15,642836.5,DELIVERED
POL-0002924,PO-2025-01761,2,MAT-00394,932,198.6,185095.2,DELIVERED
POL-0002925,PO-2025-01762,1,MAT-00170,2106,10.55,22218.3,DELIVERED
POL-0002926,PO-2025-01763,1,MAT-00173,823,24.6,20245.8,DELIVERED
POL-0002927,PO-2025-01764,1,MAT-00707,55,6.54,359.7,OVERDUE
POL-0002928,PO-2025-01764,2,MAT-00182,160,10.58,1692.8,OVERDUE
POL-0002929,PO-2025-01765,1,MAT-01113,3052,71.94,219560.88,DELIVERED
POL-0002930,PO-2025-01766,1,MAT-01194,403,36.64,14765.92,OVERDUE
POL-0002931,PO-2025-01767,1,MAT-00930,73,22.16,1617.68,OVERDUE
POL-0002932,PO-2025-01768,1,MAT-00055,4630,78.07,361464.1,DELIVERED
POL-0002933,PO-2025-01769,1,MAT-01174,379,23.68,8974.72,DELIVERED
POL-0002934,PO-2025-01769,2,MAT-00010,231,46.25,10683.75,DELIVERED
POL-0002935,PO-2025-01769,3,MAT-00804,100,14.02,1402.0,DELIVERED
POL-0002936,PO-2025-01770,1,MAT-00475,2035,149.15,303520.25,DELIVERED
POL-0002937,PO-2025-01771,1,MAT-01142,2742,119.95,328902.9,DELIVERED
POL-0002938,PO-2025-01771,2,MAT-00125,103,51.67,5322.01,DELIVERED
POL-0002939,PO-2025-01771,3,MAT-00574,94,20.04,1883.76,DELIVERED
POL-0002940,PO-2025-01772,1,MAT-00665,72,11.14,802.08,DELIVERED
POL-0002941,PO-2025-01772,2,MAT-00485,29,11.23,325.67,DELIVERED
POL-0002942,PO-2025-01773,1,MAT-00463,107,12.08,1292.56,DELIVERED
POL-0002943,PO-2025-01774,1,MAT-00925,1118,100.58,112448.44,OVERDUE
POL-0002944,PO-2025-01775,1,MAT-00239,4435,13.02,57743.7,DELIVERED
POL-0002945,PO-2025-01775,2,MAT-00622,190,39.47,7499.3,DELIVERED
POL-0002946,PO-2025-01775,3,MAT-00899,3901,92.02,358970.02,DELIVERED
POL-0002947,PO-2025-01776,1,MAT-00445,110,6.48,712.8,CANCELLED
POL-0002948,PO-2025-01777,1,MAT-00593,1098,45.4,49849.2,DELIVERED
POL-0002949,PO-2025-01777,2,MAT-00738,213,77.11,16424.43,DELIVERED
POL-0002950,PO-2025-01778,1,MAT-00613,1204,36.77,44271.08,DELIVERED
POL-0002951,PO-2025-01779,1,MAT-01180,1079,7.26,7833.54,DELIVERED
POL-0002952,PO-2025-01780,1,MAT-00720,4160,25.65,106704.0,DELIVERED
POL-0002953,PO-2025-01781,1,MAT-00311,151,19.43,2933.93,DELIVERED
POL-0002954,PO-2025-01782,1,MAT-00550,2031,12.78,25956.18,DELIVERED
POL-0002955,PO-2025-01782,2,MAT-00779,155,21.57,3343.35,DELIVERED
POL-0002956,PO-2025-01783,1,MAT-00715,84,26.1,2192.4,DELIVERED
POL-0002957,PO-2025-01784,1,MAT-00373,2639,116.36,307074.04,DELIVERED
POL-0002958,PO-2025-01785,1,MAT-01123,113,48.63,5495.19,DELIVERED
POL-0002959,PO-2025-01785,2,MAT-00935,137,44.85,6144.45,DELIVERED
POL-0002960,PO-2025-01785,3,MAT-00768,718,190.2,136563.6,DELIVERED
POL-0002961,PO-2025-01786,1,MAT-00421,83,268.66,22298.78,DELIVERED
POL-0002962,PO-2025-01787,1,MAT-00910,976,283.12,276325.12,DELIVERED
POL-0002963,PO-2025-01788,1,MAT-00733,1749,37.92,66322.08,DELIVERED
POL-0002964,PO-2025-01789,1,MAT-00067,88,23.77,2091.76,DELIVERED
POL-0002965,PO-2025-01790,1,MAT-00496,479,44.28,21210.12,DELIVERED
POL-0002966,PO-2025-01790,2,MAT-00574,125,20.04,2505.0,DELIVERED
POL-0002967,PO-2025-01791,1,MAT-00822,95,129.03,12257.85,DELIVERED
POL-0002968,PO-2025-01791,2,MAT-00005,1297,21.07,27327.79,DELIVERED
POL-0002969,PO-2025-01791,3,MAT-00705,3617,4.83,17470.11,DELIVERED
POL-0002970,PO-2025-01791,4,MAT-00391,59,9.74,574.66,DELIVERED
POL-0002971,PO-2025-01792,1,MAT-01102,136,1.65,224.4,DELIVERED
POL-0002972,PO-2025-01792,2,MAT-01036,2374,155.05,368088.7,DELIVERED
POL-0002973,PO-2025-01793,1,MAT-00988,514,65.33,33579.62,DELIVERED
POL-0002974,PO-2025-01793,2,MAT-01088,227,33.16,7527.32,DELIVERED
POL-0002975,PO-2025-01793,3,MAT-01139,117,51.2,5990.4,DELIVERED
POL-0002976,PO-2025-01794,1,MAT-01089,82,17.94,1471.08,DELIVERED
POL-0002977,PO-2025-01795,1,MAT-01066,561,8.04,4510.44,DELIVERED
POL-0002978,PO-2025-01796,1,MAT-00294,202,62.71,12667.42,DELIVERED
POL-0002979,PO-2025-01797,1,MAT-00620,161,31.76,5113.36,DELIVERED
POL-0002980,PO-2025-01798,1,MAT-00869,47,57.93,2722.71,DELIVERED
POL-0002981,PO-2025-01799,1,MAT-00267,2922,145.15,424128.3,DELIVERED
POL-0002982,PO-2025-01800,1,MAT-00191,240,16.95,4068.0,CANCELLED
POL-0002983,PO-2025-01800,2,MAT-01182,364,116.22,42304.08,CANCELLED
POL-0002984,PO-2025-01800,3,MAT-01106,106,8.11,859.66,CANCELLED
POL-0002985,PO-2025-01801,1,MAT-01159,1811,76.87,139211.57,OVERDUE
POL-0002986,PO-2025-01802,1,MAT-00157,209,216.85,45321.65,DELIVERED
POL-0002987,PO-2025-01802,2,MAT-00356,330,7.8,2574.0,DELIVERED
POL-0002988,PO-2025-01803,1,MAT-00232,1033,31.99,33045.67,DELIVERED
POL-0002989,PO-2025-01804,1,MAT-00399,131,22.77,2982.87,DELIVERED
POL-0002990,PO-2025-01805,1,MAT-00085,186,10.07,1873.02,IN_TRANSIT
POL-0002991,PO-2025-01806,1,MAT-00308,906,12.64,11451.84,DELIVERED
POL-0002992,PO-2025-01806,2,MAT-00008,66,60.03,3961.98,DELIVERED
POL-0002993,PO-2025-01807,1,MAT-01002,648,76.22,49390.56,DELIVERED
POL-0002994,PO-2025-01808,1,MAT-01086,122,38.69,4720.18,DELIVERED
POL-0002995,PO-2025-01808,2,MAT-00552,1311,23.06,30231.66,DELIVERED
POL-0002996,PO-2025-01809,1,MAT-00270,34,31.02,1054.68,DELIVERED
POL-0002997,PO-2025-01810,1,MAT-00351,300,37.0,11100.0,DELIVERED
POL-0002998,PO-2025-01811,1,MAT-00816,216,4.83,1043.28,DELIVERED
POL-0002999,PO-2025-01811,2,MAT-01112,2364,34.47,81487.08,DELIVERED
POL-0003000,PO-2025-01812,1,MAT-00387,240,36.38,8731.2,DELIVERED
POL-0003001,PO-2025-01813,1,MAT-00291,1041,21.89,22787.49,DELIVERED
POL-0003002,PO-2025-01813,2,MAT-00101,1045,5.32,5559.4,DELIVERED
POL-0003003,PO-2025-01814,1,MAT-00532,1538,4.5,6921.0,CANCELLED
POL-0003004,PO-2025-01815,1,MAT-00995,3000,8.66,25980.0,DELIVERED
POL-0003005,PO-2025-01816,1,MAT-00205,356,5.44,1936.64,DELIVERED
POL-0003006,PO-2025-01817,1,MAT-00886,55,203.43,11188.65,IN_TRANSIT
POL-0003007,PO-2025-01817,2,MAT-00265,1200,19.46,23352.0,IN_TRANSIT
POL-0003008,PO-2025-01818,1,MAT-01171,3198,56.02,179151.96,DELIVERED
POL-0003009,PO-2025-01818,2,MAT-00723,75,5.49,411.75,DELIVERED
POL-0003010,PO-2025-01819,1,MAT-00465,330,22.89,7553.7,DELIVERED
POL-0003011,PO-2025-01819,2,MAT-00405,1003,15.34,15386.02,DELIVERED
POL-0003012,PO-2025-01819,3,MAT-01200,590,112.14,66162.6,DELIVERED
POL-0003013,PO-2025-01820,1,MAT-00331,463,25.68,11889.84,DELIVERED
POL-0003014,PO-2025-01820,2,MAT-00661,106,12.91,1368.46,DELIVERED
POL-0003015,PO-2025-01820,3,MAT-00159,67,6.41,429.47,DELIVERED
POL-0003016,PO-2025-01821,1,MAT-00433,107,18.12,1938.84,DELIVERED
POL-0003017,PO-2025-01822,1,MAT-00956,248,82.45,20447.6,DELIVERED
POL-0003018,PO-2025-01822,2,MAT-00635,2329,8.68,20215.72,DELIVERED
POL-0003019,PO-2025-01822,3,MAT-00613,3245,36.77,119318.65,DELIVERED
POL-0003020,PO-2025-01823,1,MAT-00958,3405,41.38,140898.9,DELIVERED
POL-0003021,PO-2025-01824,1,MAT-01060,1202,16.97,20397.94,DELIVERED
POL-0003022,PO-2025-01824,2,MAT-00963,1955,31.8,62169.0,DELIVERED
POL-0003023,PO-2025-01825,1,MAT-00483,203,4.36,885.08,DELIVERED
POL-0003024,PO-2025-01825,2,MAT-00392,885,47.29,41851.65,DELIVERED
POL-0003025,PO-2025-01825,3,MAT-00405,879,15.34,13483.86,DELIVERED
POL-0003026,PO-2025-01826,1,MAT-00702,244,85.18,20783.92,DELIVERED
POL-0003027,PO-2025-01827,1,MAT-00771,4010,52.83,211848.3,DELIVERED
POL-0003028,PO-2025-01827,2,MAT-00630,47,90.2,4239.4,DELIVERED
POL-0003029,PO-2025-01827,3,MAT-01062,446,1.48,660.08,DELIVERED
POL-0003030,PO-2025-01828,1,MAT-00089,4712,13.87,65355.44,DELIVERED
POL-0003031,PO-2025-01829,1,MAT-00039,133,6.02,800.66,DELIVERED
POL-0003032,PO-2025-01829,2,MAT-00104,87,9.85,856.95,DELIVERED
POL-0003033,PO-2025-01830,1,MAT-00103,604,16.35,9875.4,DELIVERED
POL-0003034,PO-2025-01831,1,MAT-00468,655,58.82,38527.1,DELIVERED
POL-0003035,PO-2025-01831,2,MAT-00284,375,6.4,2400.0,DELIVERED
POL-0003036,PO-2025-01831,3,MAT-00536,1687,25.16,42444.92,DELIVERED
POL-0003037,PO-2025-01832,1,MAT-00068,845,81.19,68605.55,DELIVERED
POL-0003038,PO-2025-01833,1,MAT-00174,796,39.12,31139.52,OVERDUE
POL-0003039,PO-2025-01833,2,MAT-00496,358,44.28,15852.24,OVERDUE
POL-0003040,PO-2025-01834,1,MAT-00233,464,29.51,13692.64,DELIVERED
POL-0003041,PO-2025-01835,1,MAT-00530,525,8.81,4625.25,DELIVERED
POL-0003042,PO-2025-01835,2,MAT-00024,353,4.87,1719.11,DELIVERED
POL-0003043,PO-2025-01835,3,MAT-01069,515,16.35,8420.25,DELIVERED
POL-0003044,PO-2025-01835,4,MAT-00457,1869,22.22,41529.18,DELIVERED
POL-0003045,PO-2025-01836,1,MAT-00676,1650,10.15,16747.5,DELIVERED
POL-0003046,PO-2025-01837,1,MAT-00497,2925,7.66,22405.5,DELIVERED
POL-0003047,PO-2025-01837,2,MAT-00977,209,15.0,3135.0,DELIVERED
POL-0003048,PO-2025-01837,3,MAT-00169,2465,20.81,51296.65,DELIVERED
POL-0003049,PO-2025-01838,1,MAT-00511,82,36.13,2962.66,DELIVERED
POL-0003050,PO-2025-01838,2,MAT-00617,142,28.11,3991.62,DELIVERED
POL-0003051,PO-2025-01839,1,MAT-00484,786,31.07,24421.02,DELIVERED
POL-0003052,PO-2025-01839,2,MAT-01153,531,12.76,6775.56,DELIVERED
POL-0003053,PO-2025-01840,1,MAT-00078,317,19.35,6133.95,DELIVERED
POL-0003054,PO-2025-01841,1,MAT-00639,218,5.89,1284.02,DELIVERED
POL-0003055,PO-2025-01842,1,MAT-00666,1171,31.46,36839.66,DELIVERED
POL-0003056,PO-2025-01843,1,MAT-00361,393,48.82,19186.26,DELIVERED
POL-0003057,PO-2025-01844,1,MAT-00126,207,271.29,56157.03,CANCELLED
POL-0003058,PO-2025-01844,2,MAT-01170,94,64.75,6086.5,CANCELLED
POL-0003059,PO-2025-01844,3,MAT-00403,555,28.29,15700.95,CANCELLED
POL-0003060,PO-2025-01845,1,MAT-00474,395,123.61,48825.95,DELIVERED
POL-0003061,PO-2025-01845,2,MAT-00376,2082,10.96,22818.72,DELIVERED
POL-0003062,PO-2025-01845,3,MAT-00711,1698,34.88,59226.24,DELIVERED
POL-0003063,PO-2025-01846,1,MAT-00961,209,49.49,10343.41,DELIVERED
POL-0003064,PO-2025-01847,1,MAT-01047,96,57.37,5507.52,DELIVERED
POL-0003065,PO-2025-01847,2,MAT-00698,49,6.02,294.98,DELIVERED
POL-0003066,PO-2025-01847,3,MAT-00427,60,8.13,487.8,DELIVERED
POL-0003067,PO-2025-01848,1,MAT-00472,857,2.18,1868.26,PENDING
POL-0003068,PO-2025-01849,1,MAT-00601,124,63.86,7918.64,DELIVERED
POL-0003069,PO-2025-01849,2,MAT-00940,407,14.26,5803.82,DELIVERED
POL-0003070,PO-2025-01850,1,MAT-00496,649,44.28,28737.72,DELIVERED
POL-0003071,PO-2025-01850,2,MAT-00258,997,12.63,12592.11,DELIVERED
POL-0003072,PO-2025-01850,3,MAT-00271,1153,130.15,150062.95,DELIVERED
POL-0003073,PO-2025-01851,1,MAT-00059,1568,39.01,61167.68,DELIVERED
POL-0003074,PO-2025-01852,1,MAT-01022,523,14.64,7656.72,DELIVERED
POL-0003075,PO-2025-01852,2,MAT-00312,114,94.45,10767.3,DELIVERED
POL-0003076,PO-2025-01853,1,MAT-00613,3482,36.77,128033.14,DELIVERED
POL-0003077,PO-2025-01854,1,MAT-00761,210,14.1,2961.0,DELIVERED
POL-0003078,PO-2025-01855,1,MAT-00073,218,24.11,5255.98,PENDING
POL-0003079,PO-2025-01855,2,MAT-00708,4613,170.09,784625.17,PENDING
POL-0003080,PO-2025-01856,1,MAT-00716,2024,87.73,177565.52,DELIVERED
POL-0003081,PO-2025-01857,1,MAT-00141,201,33.2,6673.2,DELIVERED
POL-0003082,PO-2025-01858,1,MAT-00734,2095,3.9,8170.5,OVERDUE
POL-0003083,PO-2025-01859,1,MAT-00356,413,7.8,3221.4,DELIVERED
POL-0003084,PO-2025-01860,1,MAT-00247,1297,15.77,20453.69,PENDING
POL-0003085,PO-2025-01860,2,MAT-01099,3628,64.93,235566.04,PENDING
POL-0003086,PO-2025-01860,3,MAT-00886,97,203.43,19732.71,PENDING
POL-0003087,PO-2025-01861,1,MAT-00270,56,31.02,1737.12,DELIVERED
POL-0003088,PO-2025-01861,2,MAT-00593,403,45.4,18296.2,DELIVERED
POL-0003089,PO-2025-01861,3,MAT-00644,171,4.89,836.19,DELIVERED
POL-0003090,PO-2025-01862,1,MAT-00790,1309,4.0,5236.0,DELIVERED
POL-0003091,PO-2025-01863,1,MAT-00389,1168,70.87,82776.16,DELIVERED
POL-0003092,PO-2025-01863,2,MAT-00078,359,19.35,6946.65,DELIVERED
POL-0003093,PO-2025-01863,3,MAT-00162,466,66.09,30797.94,DELIVERED
POL-0003094,PO-2025-01864,1,MAT-00856,294,14.88,4374.72,DELIVERED
POL-0003095,PO-2025-01864,2,MAT-01052,309,39.07,12072.63,DELIVERED
POL-0003096,PO-2025-01865,1,MAT-01142,4583,119.95,549730.85,DELIVERED
POL-0003097,PO-2025-01865,2,MAT-00235,1271,252.41,320813.11,DELIVERED
POL-0003098,PO-2025-01866,1,MAT-00498,785,20.15,15817.75,CANCELLED
POL-0003099,PO-2025-01867,1,MAT-00722,59,4.1,241.9,OVERDUE
POL-0003100,PO-2025-01867,2,MAT-00718,175,29.18,5106.5,OVERDUE
POL-0003101,PO-2025-01867,3,MAT-00782,584,5.92,3457.28,OVERDUE
POL-0003102,PO-2025-01868,1,MAT-00820,524,90.41,47374.84,DELIVERED
POL-0003103,PO-2025-01869,1,MAT-00320,493,22.51,11097.43,DELIVERED
POL-0003104,PO-2025-01869,2,MAT-00230,184,57.9,10653.6,DELIVERED
POL-0003105,PO-2025-01870,1,MAT-00595,120,75.23,9027.6,DELIVERED
POL-0003106,PO-2025-01871,1,MAT-00580,3847,89.7,345075.9,DELIVERED
POL-0003107,PO-2025-01871,2,MAT-00059,2418,39.01,94326.18,DELIVERED
POL-0003108,PO-2025-01872,1,MAT-00455,77,15.14,1165.78,DELIVERED
POL-0003109,PO-2025-01872,2,MAT-01197,878,23.44,20580.32,DELIVERED
POL-0003110,PO-2025-01872,3,MAT-01167,1242,114.2,141836.4,DELIVERED
POL-0003111,PO-2025-01872,4,MAT-00523,2386,13.51,32234.86,DELIVERED
POL-0003112,PO-2025-01873,1,MAT-00582,127,15.45,1962.15,DELIVERED
POL-0003113,PO-2025-01874,1,MAT-00540,1335,14.25,19023.75,DELIVERED
POL-0003114,PO-2025-01875,1,MAT-00764,334,22.3,7448.2,DELIVERED
POL-0003115,PO-2025-01875,2,MAT-00624,60,113.97,6838.2,DELIVERED
POL-0003116,PO-2025-01875,3,MAT-00094,120,17.19,2062.8,DELIVERED
POL-0003117,PO-2025-01876,1,MAT-00749,100,12.8,1280.0,CANCELLED
POL-0003118,PO-2025-01877,1,MAT-01032,532,4.18,2223.76,DELIVERED
POL-0003119,PO-2025-01877,2,MAT-00067,76,23.77,1806.52,DELIVERED
POL-0003120,PO-2025-01877,3,MAT-01084,216,229.9,49658.4,DELIVERED
POL-0003121,PO-2025-01878,1,MAT-00709,102,2.49,253.98,DELIVERED
POL-0003122,PO-2025-01879,1,MAT-00977,125,15.0,1875.0,DELIVERED
POL-0003123,PO-2025-01880,1,MAT-01142,2662,119.95,319306.9,DELIVERED
POL-0003124,PO-2025-01881,1,MAT-00761,70,14.1,987.0,DELIVERED
POL-0003125,PO-2025-01882,1,MAT-00538,540,15.39,8310.6,CANCELLED
POL-0003126,PO-2025-01882,2,MAT-00658,273,24.03,6560.19,CANCELLED
POL-0003127,PO-2025-01882,3,MAT-00119,2493,85.15,212278.95,CANCELLED
POL-0003128,PO-2025-01882,4,MAT-00606,839,220.63,185108.57,CANCELLED
POL-0003129,PO-2025-01883,1,MAT-00065,88,64.8,5702.4,DELIVERED
POL-0003130,PO-2025-01884,1,MAT-00486,138,5.73,790.74,PENDING
POL-0003131,PO-2025-01885,1,MAT-00440,49,24.07,1179.43,DELIVERED
POL-0003132,PO-2025-01885,2,MAT-00451,204,23.45,4783.8,DELIVERED
POL-0003133,PO-2025-01886,1,MAT-00122,225,9.54,2146.5,DELIVERED
POL-0003134,PO-2025-01887,1,MAT-00630,52,90.2,4690.4,DELIVERED
POL-0003135,PO-2025-01887,2,MAT-00897,124,19.49,2416.76,DELIVERED
POL-0003136,PO-2025-01887,3,MAT-01160,121,18.22,2204.62,DELIVERED
POL-0003137,PO-2025-01887,4,MAT-00846,56,41.22,2308.32,DELIVERED
POL-0003138,PO-2025-01888,1,MAT-00556,3772,16.6,62615.2,DELIVERED
POL-0003139,PO-2025-01888,2,MAT-00736,699,39.69,27743.31,DELIVERED
POL-0003140,PO-2025-01889,1,MAT-00774,2309,76.97,177723.73,DELIVERED
POL-0003141,PO-2025-01890,1,MAT-00828,379,15.32,5806.28,DELIVERED
POL-0003142,PO-2025-01891,1,MAT-00588,718,10.35,7431.3,IN_TRANSIT
POL-0003143,PO-2025-01892,1,MAT-00210,123,1869.34,229928.82,IN_TRANSIT
POL-0003144,PO-2025-01893,1,MAT-01155,351,149.31,52407.81,DELIVERED
POL-0003145,PO-2025-01894,1,MAT-01039,117,30.4,3556.8,DELIVERED
POL-0003146,PO-2025-01895,1,MAT-01111,1554,19.73,30660.42,DELIVERED
POL-0003147,PO-2025-01896,1,MAT-00602,56,10.19,570.64,PENDING
POL-0003148,PO-2025-01896,2,MAT-01141,2526,20.07,50696.82,PENDING
POL-0003149,PO-2025-01897,1,MAT-00397,1447,3.9,5643.3,PENDING
POL-0003150,PO-2025-01898,1,MAT-00662,1640,15.18,24895.2,DELIVERED
POL-0003151,PO-2025-01899,1,MAT-00532,1765,4.5,7942.5,DELIVERED
POL-0003152,PO-2025-01899,2,MAT-00145,1977,34.36,67929.72,DELIVERED
POL-0003153,PO-2025-01899,3,MAT-00946,193,7.45,1437.85,DELIVERED
POL-0003154,PO-2025-01900,1,MAT-00158,1087,40.12,43610.44,DELIVERED
POL-0003155,PO-2025-01900,2,MAT-00226,232,87.58,20318.56,DELIVERED
POL-0003156,PO-2025-01900,3,MAT-00065,94,64.8,6091.2,DELIVERED
POL-0003157,PO-2025-01901,1,MAT-00779,170,21.57,3666.9,OVERDUE
POL-0003158,PO-2025-01901,2,MAT-00510,367,9.74,3574.58,OVERDUE
POL-0003159,PO-2025-01902,1,MAT-00838,236,8.08,1906.88,DELIVERED
POL-0003160,PO-2025-01903,1,MAT-00190,3462,4.66,16132.92,DELIVERED
POL-0003161,PO-2025-01903,2,MAT-00646,438,20.48,8970.24,DELIVERED
POL-0003162,PO-2025-01903,3,MAT-00775,120,47.0,5640.0,DELIVERED
POL-0003163,PO-2025-01904,1,MAT-00293,205,13.28,2722.4,DELIVERED
POL-0003164,PO-2025-01904,2,MAT-00593,313,45.4,14210.2,DELIVERED
POL-0003165,PO-2025-01905,1,MAT-00093,1005,11.8,11859.0,DELIVERED
POL-0003166,PO-2025-01906,1,MAT-01057,3249,27.41,89055.09,CANCELLED
POL-0003167,PO-2025-01906,2,MAT-00213,562,76.17,42807.54,CANCELLED
POL-0003168,PO-2025-01906,3,MAT-00701,4686,13.66,64010.76,CANCELLED
POL-0003169,PO-2025-01906,4,MAT-00475,1626,149.15,242517.9,CANCELLED
POL-0003170,PO-2025-01907,1,MAT-00238,2801,30.05,84170.05,PENDING
POL-0003171,PO-2025-01908,1,MAT-01029,416,54.15,22526.4,DELIVERED
POL-0003172,PO-2025-01908,2,MAT-00792,281,30.47,8562.07,DELIVERED
POL-0003173,PO-2025-01909,1,MAT-00607,51,10.84,552.84,DELIVERED
POL-0003174,PO-2025-01910,1,MAT-00725,4058,28.78,116789.24,DELIVERED
POL-0003175,PO-2025-01911,1,MAT-00938,281,54.51,15317.31,DELIVERED
POL-0003176,PO-2025-01911,2,MAT-00549,1109,41.83,46389.47,DELIVERED
POL-0003177,PO-2025-01912,1,MAT-00440,86,24.07,2070.02,DELIVERED
POL-0003178,PO-2025-01912,2,MAT-01076,279,15.38,4291.02,DELIVERED
POL-0003179,PO-2025-01913,1,MAT-00471,243,17.46,4242.78,DELIVERED
POL-0003180,PO-2025-01914,1,MAT-00592,110,16.09,1769.9,DELIVERED
POL-0003181,PO-2025-01915,1,MAT-00009,2118,16.69,35349.42,DELIVERED
POL-0003182,PO-2025-01916,1,MAT-00719,1195,17.76,21223.2,DELIVERED
POL-0003183,PO-2025-01916,2,MAT-00813,49,137.77,6750.73,DELIVERED
POL-0003184,PO-2025-01917,1,MAT-00075,178,1.59,283.02,CANCELLED
POL-0003185,PO-2025-01917,2,MAT-00605,2628,39.73,104410.44,CANCELLED
POL-0003186,PO-2025-01918,1,MAT-00194,2362,6.96,16439.52,DELIVERED
POL-0003187,PO-2025-01919,1,MAT-00044,65,20.06,1303.9,DELIVERED
POL-0003188,PO-2025-01919,2,MAT-00616,2253,30.43,68558.79,DELIVERED
POL-0003189,PO-2025-01919,3,MAT-00776,1024,4.92,5038.08,DELIVERED
POL-0003190,PO-2025-01919,4,MAT-01196,4265,44.16,188342.4,DELIVERED
POL-0003191,PO-2025-01920,1,MAT-00557,99,14.49,1434.51,DELIVERED
POL-0003192,PO-2025-01920,2,MAT-00219,55,15.65,860.75,DELIVERED
POL-0003193,PO-2025-01920,3,MAT-00110,468,22.42,10492.56,DELIVERED
POL-0003194,PO-2025-01921,1,MAT-00934,239,2.13,509.07,DELIVERED
POL-0003195,PO-2025-01922,1,MAT-00455,44,15.14,666.16,DELIVERED
POL-0003196,PO-2025-01923,1,MAT-00414,4539,95.4,433020.6,DELIVERED
POL-0003197,PO-2025-01924,1,MAT-00906,211,28.07,5922.77,DELIVERED
POL-0003198,PO-2025-01924,2,MAT-00049,840,37.58,31567.2,DELIVERED
POL-0003199,PO-2025-01924,3,MAT-00191,103,16.95,1745.85,DELIVERED
POL-0003200,PO-2025-01924,4,MAT-00602,67,10.19,682.73,DELIVERED
POL-0003201,PO-2025-01925,1,MAT-00731,1933,34.48,66649.84,DELIVERED
POL-0003202,PO-2025-01926,1,MAT-01063,124,91.29,11319.96,CANCELLED
POL-0003203,PO-2025-01926,2,MAT-00332,1915,10.17,19475.55,CANCELLED
POL-0003204,PO-2025-01926,3,MAT-00224,1460,3.99,5825.4,CANCELLED
POL-0003205,PO-2025-01927,1,MAT-00055,4505,78.07,351705.35,DELIVERED
POL-0003206,PO-2025-01927,2,MAT-00114,56,400.81,22445.36,DELIVERED
POL-0003207,PO-2025-01927,3,MAT-01200,833,112.14,93412.62,DELIVERED
POL-0003208,PO-2025-01928,1,MAT-00788,723,40.01,28927.23,DELIVERED
POL-0003209,PO-2025-01929,1,MAT-00979,2817,4.59,12930.03,PENDING
POL-0003210,PO-2025-01930,1,MAT-01164,151,3.97,599.47,DELIVERED
POL-0003211,PO-2025-01931,1,MAT-00312,57,94.45,5383.65,DELIVERED
POL-0003212,PO-2025-01932,1,MAT-00499,140,10.27,1437.8,DELIVERED
POL-0003213,PO-2025-01933,1,MAT-00190,2093,4.66,9753.38,CANCELLED
POL-0003214,PO-2025-01933,2,MAT-00412,1041,7.13,7422.33,CANCELLED
POL-0003215,PO-2025-01933,3,MAT-00987,4669,138.37,646049.53,CANCELLED
POL-0003216,PO-2025-01933,4,MAT-00800,690,26.27,18126.3,CANCELLED
POL-0003217,PO-2025-01934,1,MAT-00069,140,37.62,5266.8,DELIVERED
POL-0003218,PO-2025-01934,2,MAT-00469,107,14.95,1599.65,DELIVERED
POL-0003219,PO-2025-01935,1,MAT-00948,154,11.94,1838.76,OVERDUE
POL-0003220,PO-2025-01936,1,MAT-00051,1025,33.61,34450.25,OVERDUE
POL-0003221,PO-2025-01937,1,MAT-00620,169,31.76,5367.44,DELIVERED
POL-0003222,PO-2025-01938,1,MAT-00032,57,197.47,11255.79,DELIVERED
POL-0003223,PO-2025-01938,2,MAT-00996,1019,20.62,21011.78,DELIVERED
POL-0003224,PO-2025-01939,1,MAT-00473,2179,4.49,9783.71,DELIVERED
POL-0003225,PO-2025-01940,1,MAT-00203,160,91.24,14598.4,CANCELLED
POL-0003226,PO-2025-01940,2,MAT-00660,376,21.91,8238.16,CANCELLED
POL-0003227,PO-2025-01941,1,MAT-00113,246,30.06,7394.76,DELIVERED
POL-0003228,PO-2025-01942,1,MAT-00015,144,3.92,564.48,DELIVERED
POL-0003229,PO-2025-01942,2,MAT-00114,33,400.81,13226.73,DELIVERED
POL-0003230,PO-2025-01943,1,MAT-00670,2838,91.39,259364.82,DELIVERED
POL-0003231,PO-2025-01943,2,MAT-01151,1015,7.96,8079.4,DELIVERED
POL-0003232,PO-2025-01943,3,MAT-00517,487,40.81,19874.47,DELIVERED
POL-0003233,PO-2025-01944,1,MAT-01054,1004,37.29,37439.16,CANCELLED
POL-0003234,PO-2025-01944,2,MAT-01139,152,51.2,7782.4,CANCELLED
POL-0003235,PO-2025-01944,3,MAT-00396,1561,14.6,22790.6,CANCELLED
POL-0003236,PO-2025-01945,1,MAT-00621,1873,9.78,18317.94,IN_TRANSIT
POL-0003237,PO-2025-01945,2,MAT-01149,2205,148.57,327596.85,IN_TRANSIT
POL-0003238,PO-2025-01946,1,MAT-00980,187,60.76,11362.12,IN_TRANSIT
POL-0003239,PO-2025-01946,2,MAT-00126,205,271.29,55614.45,IN_TRANSIT
POL-0003240,PO-2025-01947,1,MAT-00538,716,15.39,11019.24,DELIVERED
POL-0003241,PO-2025-01947,2,MAT-00502,175,205.13,35897.75,DELIVERED
POL-0003242,PO-2025-01947,3,MAT-00846,110,41.22,4534.2,DELIVERED
POL-0003243,PO-2025-01948,1,MAT-00744,123,24.53,3017.19,DELIVERED
POL-0003244,PO-2025-01949,1,MAT-01087,132,73.87,9750.84,DELIVERED
POL-0003245,PO-2025-01950,1,MAT-00815,3518,84.5,297271.0,DELIVERED
POL-0003246,PO-2025-01951,1,MAT-00458,73,8.73,637.29,DELIVERED
POL-0003247,PO-2025-01952,1,MAT-00894,3502,93.26,326596.52,DELIVERED
POL-0003248,PO-2025-01953,1,MAT-00136,98,136.45,13372.1,DELIVERED
POL-0003249,PO-2025-01954,1,MAT-00462,38,25.14,955.32,DELIVERED
POL-0003250,PO-2025-01954,2,MAT-01093,159,59.23,9417.57,DELIVERED
POL-0003251,PO-2025-01954,3,MAT-00824,105,18.89,1983.45,DELIVERED
POL-0003252,PO-2025-01954,4,MAT-00209,1699,43.72,74280.28,DELIVERED
POL-0003253,PO-2025-01955,1,MAT-00493,3498,29.45,103016.1,PENDING
POL-0003254,PO-2025-01955,2,MAT-00658,1095,24.03,26312.85,PENDING
POL-0003255,PO-2025-01956,1,MAT-00339,202,44.34,8956.68,DELIVERED
POL-0003256,PO-2025-01956,2,MAT-00529,55,36.94,2031.7,DELIVERED
POL-0003257,PO-2025-01957,1,MAT-01066,679,8.04,5459.16,DELIVERED
POL-0003258,PO-2025-01957,2,MAT-01111,1370,19.73,27030.1,DELIVERED
POL-0003259,PO-2025-01958,1,MAT-00232,1883,31.99,60237.17,DELIVERED
POL-0003260,PO-2025-01958,2,MAT-00873,101,5.67,572.67,DELIVERED
POL-0003261,PO-2025-01958,3,MAT-01065,549,18.9,10376.1,DELIVERED
POL-0003262,PO-2025-01958,4,MAT-01151,1499,7.96,11932.04,DELIVERED
POL-0003263,PO-2025-01959,1,MAT-00175,3375,32.53,109788.75,PENDING
POL-0003264,PO-2025-01959,2,MAT-00115,2041,22.51,45942.91,PENDING
POL-0003265,PO-2025-01960,1,MAT-00796,604,75.17,45402.68,DELIVERED
POL-0003266,PO-2025-01960,2,MAT-00730,1654,10.79,17846.66,DELIVERED
POL-0003267,PO-2025-01960,3,MAT-00312,26,94.45,2455.7,DELIVERED
POL-0003268,PO-2025-01961,1,MAT-00546,857,9.91,8492.87,DELIVERED
POL-0003269,PO-2025-01962,1,MAT-00813,75,137.77,10332.75,DELIVERED
POL-0003270,PO-2025-01963,1,MAT-00149,1738,44.52,77375.76,DELIVERED
POL-0003271,PO-2025-01964,1,MAT-01163,1220,6.11,7454.2,DELIVERED
POL-0003272,PO-2025-01964,2,MAT-01170,89,64.75,5762.75,DELIVERED
POL-0003273,PO-2025-01965,1,MAT-00736,634,39.69,25163.46,PENDING
POL-0003274,PO-2025-01965,2,MAT-00300,504,48.83,24610.32,PENDING
POL-0003275,PO-2025-01966,1,MAT-00925,466,100.58,46870.28,DELIVERED
POL-0003276,PO-2025-01967,1,MAT-00802,3110,15.7,48827.0,IN_TRANSIT
POL-0003277,PO-2025-01968,1,MAT-00304,285,45.95,13095.75,IN_TRANSIT
POL-0003278,PO-2025-01968,2,MAT-00883,1416,15.57,22047.12,IN_TRANSIT
POL-0003279,PO-2025-01968,3,MAT-00329,614,48.65,29871.1,IN_TRANSIT
POL-0003280,PO-2025-01968,4,MAT-01138,541,6.66,3603.06,IN_TRANSIT
POL-0003281,PO-2025-01969,1,MAT-00329,292,48.65,14205.8,DELIVERED
POL-0003282,PO-2025-01970,1,MAT-00815,1584,84.5,133848.0,DELIVERED
POL-0003283,PO-2025-01971,1,MAT-00341,2318,10.09,23388.62,DELIVERED
POL-0003284,PO-2025-01972,1,MAT-00351,771,37.0,28527.0,OVERDUE
POL-0003285,PO-2025-01972,2,MAT-00416,1332,12.29,16370.28,OVERDUE
POL-0003286,PO-2025-01973,1,MAT-00904,540,112.52,60760.8,CANCELLED
POL-0003287,PO-2025-01973,2,MAT-00715,39,26.1,1017.9,CANCELLED
POL-0003288,PO-2025-01974,1,MAT-00006,4379,20.44,89506.76,DELIVERED
POL-0003289,PO-2025-01974,2,MAT-01128,54,11.12,600.48,DELIVERED
POL-0003290,PO-2025-01975,1,MAT-01116,931,35.7,33236.7,DELIVERED
POL-0003291,PO-2025-01976,1,MAT-00329,645,48.65,31379.25,DELIVERED
POL-0003292,PO-2025-01977,1,MAT-00136,191,136.45,26061.95,DELIVERED
POL-0003293,PO-2025-01978,1,MAT-00038,55,3.22,177.1,DELIVERED
POL-0003294,PO-2025-01979,1,MAT-01102,450,1.65,742.5,PENDING
POL-0003295,PO-2025-01980,1,MAT-00426,701,122.87,86131.87,DELIVERED
POL-0003296,PO-2025-01981,1,MAT-00265,1991,19.46,38744.86,PENDING
POL-0003297,PO-2025-01982,1,MAT-01084,104,229.9,23909.6,DELIVERED
POL-0003298,PO-2025-01983,1,MAT-00292,909,14.48,13162.32,CANCELLED
POL-0003299,PO-2025-01984,1,MAT-00235,2228,252.41,562369.48,DELIVERED
POL-0003300,PO-2025-01984,2,MAT-00230,224,57.9,12969.6,DELIVERED
POL-0003301,PO-2025-01985,1,MAT-00812,2705,16.77,45362.85,DELIVERED
POL-0003302,PO-2025-01985,2,MAT-00790,4344,4.0,17376.0,DELIVERED
POL-0003303,PO-2025-01985,3,MAT-00966,390,132.2,51558.0,DELIVERED
POL-0003304,PO-2025-01986,1,MAT-00626,2495,14.4,35928.0,DELIVERED
POL-0003305,PO-2025-01987,1,MAT-00518,513,8.68,4452.84,DELIVERED
POL-0003306,PO-2025-01988,1,MAT-00951,1038,20.4,21175.2,DELIVERED
POL-0003307,PO-2025-01989,1,MAT-00679,147,77.08,11330.76,DELIVERED
POL-0003308,PO-2025-01989,2,MAT-00614,157,7.97,1251.29,DELIVERED
POL-0003309,PO-2025-01990,1,MAT-00846,36,41.22,1483.92,DELIVERED
POL-0003310,PO-2025-01991,1,MAT-00013,657,32.0,21024.0,DELIVERED
POL-0003311,PO-2025-01991,2,MAT-01174,491,23.68,11626.88,DELIVERED
POL-0003312,PO-2025-01991,3,MAT-00852,139,15.26,2121.14,DELIVERED
POL-0003313,PO-2025-01991,4,MAT-00400,148,96.78,14323.44,DELIVERED
POL-0003314,PO-2025-01992,1,MAT-00333,412,26.94,11099.28,DELIVERED
POL-0003315,PO-2025-01993,1,MAT-01132,493,44.46,21918.78,DELIVERED
POL-0003316,PO-2025-01994,1,MAT-00912,1229,30.69,37718.01,DELIVERED
POL-0003317,PO-2025-01995,1,MAT-00627,224,7.98,1787.52,DELIVERED
POL-0003318,PO-2025-01996,1,MAT-00407,232,8.37,1941.84,DELIVERED
POL-0003319,PO-2025-01997,1,MAT-00326,1726,7.37,12720.62,DELIVERED
POL-0003320,PO-2025-01998,1,MAT-00913,278,35.57,9888.46,DELIVERED
POL-0003321,PO-2025-01999,1,MAT-01089,60,17.94,1076.4,DELIVERED
POL-0003322,PO-2025-01999,2,MAT-01093,456,59.23,27008.88,DELIVERED
POL-0003323,PO-2025-01999,3,MAT-01040,51,86.86,4429.86,DELIVERED
POL-0003324,PO-2025-02000,1,MAT-00965,1093,25.4,27762.2,DELIVERED
POL-0003325,PO-2025-02000,2,MAT-00269,85,16.2,1377.0,DELIVERED
POL-0003326,PO-2025-02000,3,MAT-00451,123,23.45,2884.35,DELIVERED
POL-0003327,PO-2025-02001,1,MAT-00673,575,18.27,10505.25,DELIVERED
POL-0003328,PO-2025-02002,1,MAT-00723,171,5.49,938.79,DELIVERED
POL-0003329,PO-2025-02003,1,MAT-00181,418,49.25,20586.5,DELIVERED
POL-0003330,PO-2025-02003,2,MAT-00458,53,8.73,462.69,DELIVERED
POL-0003331,PO-2025-02003,3,MAT-00626,4034,14.4,58089.6,DELIVERED
POL-0003332,PO-2025-02003,4,MAT-00958,2646,41.38,109491.48,DELIVERED
POL-0003333,PO-2025-02004,1,MAT-00293,70,13.28,929.6,DELIVERED
POL-0003334,PO-2025-02004,2,MAT-00797,250,25.64,6410.0,DELIVERED
POL-0003335,PO-2025-02004,3,MAT-01168,122,50.51,6162.22,DELIVERED
POL-0003336,PO-2025-02005,1,MAT-00731,2394,34.48,82545.12,DELIVERED
POL-0003337,PO-2025-02006,1,MAT-00344,1918,16.09,30860.62,DELIVERED
POL-0003338,PO-2025-02007,1,MAT-00770,1417,171.68,243270.56,OVERDUE
POL-0003339,PO-2025-02008,1,MAT-00145,2983,34.36,102495.88,DELIVERED
POL-0003340,PO-2025-02008,2,MAT-00800,1152,26.27,30263.04,DELIVERED
POL-0003341,PO-2025-02008,3,MAT-00240,199,67.09,13350.91,DELIVERED
POL-0003342,PO-2025-02008,4,MAT-01172,1708,33.4,57047.2,DELIVERED
POL-0003343,PO-2025-02009,1,MAT-00982,2313,37.26,86182.38,DELIVERED
POL-0003344,PO-2025-02009,2,MAT-00807,2370,30.8,72996.0,DELIVERED
POL-0003345,PO-2025-02009,3,MAT-00452,922,72.32,66679.04,DELIVERED
POL-0003346,PO-2025-02010,1,MAT-00995,4852,8.66,42018.32,DELIVERED
POL-0003347,PO-2025-02010,2,MAT-01149,2221,148.57,329973.97,DELIVERED
POL-0003348,PO-2025-02011,1,MAT-01049,4103,119.58,490636.74,DELIVERED
POL-0003349,PO-2025-02011,2,MAT-01179,1434,8.13,11658.42,DELIVERED
POL-0003350,PO-2025-02012,1,MAT-00498,746,20.15,15031.9,DELIVERED
POL-0003351,PO-2025-02013,1,MAT-00583,3570,55.31,197456.7,DELIVERED
POL-0003352,PO-2025-02013,2,MAT-00518,1119,8.68,9712.92,DELIVERED
POL-0003353,PO-2025-02014,1,MAT-00635,1305,8.68,11327.4,DELIVERED
POL-0003354,PO-2025-02015,1,MAT-00349,237,12.65,2998.05,DELIVERED
POL-0003355,PO-2025-02015,2,MAT-00476,547,18.94,10360.18,DELIVERED
POL-0003356,PO-2025-02016,1,MAT-00926,420,4.52,1898.4,DELIVERED
POL-0003357,PO-2025-02017,1,MAT-00531,1837,54.83,100722.71,DELIVERED
POL-0003358,PO-2025-02017,2,MAT-01057,2317,27.41,63508.97,DELIVERED
POL-0003359,PO-2025-02017,3,MAT-01163,990,6.11,6048.9,DELIVERED
POL-0003360,PO-2025-02018,1,MAT-00947,757,4.51,3414.07,DELIVERED
POL-0003361,PO-2025-02019,1,MAT-00457,3208,22.22,71281.76,DELIVERED
POL-0003362,PO-2025-02019,2,MAT-00775,72,47.0,3384.0,DELIVERED
POL-0003363,PO-2025-02019,3,MAT-00634,498,16.76,8346.48,DELIVERED
POL-0003364,PO-2025-02019,4,MAT-00447,248,38.86,9637.28,DELIVERED
POL-0003365,PO-2025-02020,1,MAT-00080,183,2.95,539.85,DELIVERED
POL-0003366,PO-2025-02021,1,MAT-00955,886,21.66,19190.76,DELIVERED
POL-0003367,PO-2025-02021,2,MAT-00396,1132,14.6,16527.2,DELIVERED
POL-0003368,PO-2025-02021,3,MAT-00053,178,11.16,1986.48,DELIVERED
POL-0003369,PO-2025-02022,1,MAT-00006,1762,20.44,36015.28,DELIVERED
POL-0003370,PO-2025-02023,1,MAT-01027,65,28.8,1872.0,DELIVERED
POL-0003371,PO-2025-02023,2,MAT-00697,1519,39.32,59727.08,DELIVERED
POL-0003372,PO-2025-02023,3,MAT-01136,2332,73.15,170585.8,DELIVERED
POL-0003373,PO-2025-02024,1,MAT-00089,1552,13.87,21526.24,DELIVERED
POL-0003374,PO-2025-02024,2,MAT-00805,226,15.46,3493.96,DELIVERED
POL-0003375,PO-2025-02024,3,MAT-00325,70,7.8,546.0,DELIVERED
POL-0003376,PO-2025-02024,4,MAT-00643,188,20.33,3822.04,DELIVERED
POL-0003377,PO-2025-02025,1,MAT-00678,1688,160.83,271481.04,DELIVERED
POL-0003378,PO-2025-02026,1,MAT-00110,198,22.42,4439.16,PENDING
POL-0003379,PO-2025-02026,2,MAT-00988,737,65.33,48148.21,PENDING
POL-0003380,PO-2025-02026,3,MAT-00599,134,16.78,2248.52,PENDING
POL-0003381,PO-2025-02026,4,MAT-00676,2272,10.15,23060.8,PENDING
POL-0003382,PO-2025-02027,1,MAT-01199,594,34.48,20481.12,IN_TRANSIT
POL-0003383,PO-2025-02028,1,MAT-00925,720,100.58,72417.6,DELIVERED
POL-0003384,PO-2025-02029,1,MAT-00151,118,32.31,3812.58,CANCELLED
POL-0003385,PO-2025-02030,1,MAT-00739,410,150.17,61569.7,DELIVERED
POL-0003386,PO-2025-02031,1,MAT-01129,3708,25.13,93182.04,CANCELLED
POL-0003387,PO-2025-02032,1,MAT-00030,353,19.73,6964.69,DELIVERED
POL-0003388,PO-2025-02032,2,MAT-00316,41,27.03,1108.23,DELIVERED
POL-0003389,PO-2025-02033,1,MAT-00307,1338,95.19,127364.22,DELIVERED
POL-0003390,PO-2025-02034,1,MAT-00723,114,5.49,625.86,OVERDUE
POL-0003391,PO-2025-02035,1,MAT-00697,3822,39.32,150281.04,DELIVERED
POL-0003392,PO-2025-02036,1,MAT-00878,855,33.42,28574.1,DELIVERED
POL-0003393,PO-2025-02036,2,MAT-00639,234,5.89,1378.26,DELIVERED
POL-0003394,PO-2025-02037,1,MAT-00444,883,22.79,20123.57,DELIVERED
POL-0003395,PO-2025-02037,2,MAT-00127,512,9.12,4669.44,DELIVERED
POL-0003396,PO-2025-02037,3,MAT-00842,114,52.45,5979.3,DELIVERED
POL-0003397,PO-2025-02038,1,MAT-01065,1821,18.9,34416.9,DELIVERED
POL-0003398,PO-2025-02039,1,MAT-00292,799,14.48,11569.52,DELIVERED
POL-0003399,PO-2025-02039,2,MAT-01156,1388,77.4,107431.2,DELIVERED
POL-0003400,PO-2025-02040,1,MAT-00691,114,16.58,1890.12,DELIVERED
POL-0003401,PO-2025-02040,2,MAT-00947,273,4.51,1231.23,DELIVERED
POL-0003402,PO-2025-02041,1,MAT-00138,1668,19.38,32325.84,DELIVERED
POL-0003403,PO-2025-02042,1,MAT-00428,339,56.03,18994.17,DELIVERED
POL-0003404,PO-2025-02043,1,MAT-00336,647,20.44,13224.68,PENDING
POL-0003405,PO-2025-02044,1,MAT-00397,2178,3.9,8494.2,DELIVERED
POL-0003406,PO-2025-02044,2,MAT-00323,82,10.79,884.78,DELIVERED
POL-0003407,PO-2025-02045,1,MAT-00774,1099,76.97,84590.03,DELIVERED
POL-0003408,PO-2025-02046,1,MAT-00175,1222,32.53,39751.66,OVERDUE
POL-0003409,PO-2025-02047,1,MAT-01146,138,28.45,3926.1,DELIVERED
POL-0003410,PO-2025-02047,2,MAT-00573,863,37.85,32664.55,DELIVERED
POL-0003411,PO-2025-02048,1,MAT-00111,3941,3.07,12098.87,DELIVERED
POL-0003412,PO-2025-02049,1,MAT-01097,1248,29.26,36516.48,OVERDUE
POL-0003413,PO-2025-02049,2,MAT-00397,801,3.9,3123.9,OVERDUE
POL-0003414,PO-2025-02049,3,MAT-01062,432,1.48,639.36,OVERDUE
POL-0003415,PO-2025-02050,1,MAT-00053,60,11.16,669.6,DELIVERED
POL-0003416,PO-2025-02050,2,MAT-00597,50,19.38,969.0,DELIVERED
POL-0003417,PO-2025-02051,1,MAT-00859,741,13.93,10322.13,DELIVERED
POL-0003418,PO-2025-02051,2,MAT-00027,4378,7.89,34542.42,DELIVERED
POL-0003419,PO-2025-02051,3,MAT-00854,2136,98.17,209691.12,DELIVERED
POL-0003420,PO-2025-02052,1,MAT-00040,202,31.14,6290.28,DELIVERED
POL-0003421,PO-2025-02052,2,MAT-00702,85,85.18,7240.3,DELIVERED
POL-0003422,PO-2025-02053,1,MAT-00945,287,179.18,51424.66,DELIVERED
POL-0003423,PO-2025-02053,2,MAT-01122,231,99.6,23007.6,DELIVERED
POL-0003424,PO-2025-02054,1,MAT-00535,855,11.88,10157.4,DELIVERED
POL-0003425,PO-2025-02054,2,MAT-00854,1136,98.17,111521.12,DELIVERED
POL-0003426,PO-2025-02055,1,MAT-00959,230,47.22,10860.6,CANCELLED
POL-0003427,PO-2025-02056,1,MAT-01053,77,40.63,3128.51,DELIVERED
POL-0003428,PO-2025-02057,1,MAT-00280,3575,17.99,64314.25,DELIVERED
POL-0003429,PO-2025-02058,1,MAT-00774,1783,76.97,137237.51,DELIVERED
POL-0003430,PO-2025-02059,1,MAT-01010,967,13.21,12774.07,DELIVERED
POL-0003431,PO-2025-02060,1,MAT-01112,1782,34.47,61425.54,DELIVERED
POL-0003432,PO-2025-02060,2,MAT-00775,55,47.0,2585.0,DELIVERED
POL-0003433,PO-2025-02060,3,MAT-00967,2438,12.75,31084.5,DELIVERED
POL-0003434,PO-2025-02061,1,MAT-01183,3330,73.63,245187.9,IN_TRANSIT
POL-0003435,PO-2025-02062,1,MAT-00391,124,9.74,1207.76,PENDING
POL-0003436,PO-2025-02062,2,MAT-00274,806,25.6,20633.6,PENDING
POL-0003437,PO-2025-02063,1,MAT-00740,1088,72.02,78357.76,DELIVERED
POL-0003438,PO-2025-02064,1,MAT-00037,511,29.49,15069.39,CANCELLED
POL-0003439,PO-2025-02064,2,MAT-00041,308,61.01,18791.08,CANCELLED
POL-0003440,PO-2025-02065,1,MAT-00006,3895,20.44,79613.8,DELIVERED
POL-0003441,PO-2025-02066,1,MAT-00820,1434,90.41,129647.94,DELIVERED
POL-0003442,PO-2025-02067,1,MAT-00212,190,92.6,17594.0,DELIVERED
POL-0003443,PO-2025-02068,1,MAT-00870,1606,232.82,373908.92,DELIVERED
POL-0003444,PO-2025-02069,1,MAT-00602,63,10.19,641.97,DELIVERED
POL-0003445,PO-2025-02070,1,MAT-00072,35,141.17,4940.95,DELIVERED
POL-0003446,PO-2025-02071,1,MAT-01138,298,6.66,1984.68,DELIVERED
POL-0003447,PO-2025-02072,1,MAT-00713,3506,13.48,47260.88,DELIVERED
POL-0003448,PO-2025-02072,2,MAT-00360,56,10.14,567.84,DELIVERED
POL-0003449,PO-2025-02073,1,MAT-00025,1706,13.45,22945.7,DELIVERED
POL-0003450,PO-2025-02073,2,MAT-00551,1796,30.92,55532.32,DELIVERED
POL-0003451,PO-2025-02074,1,MAT-00684,4951,47.87,237004.37,DELIVERED
POL-0003452,PO-2025-02074,2,MAT-00634,201,16.76,3368.76,DELIVERED
POL-0003453,PO-2025-02074,3,MAT-00343,2386,33.01,78761.86,DELIVERED
POL-0003454,PO-2025-02075,1,MAT-00786,2136,86.22,184165.92,DELIVERED
POL-0003455,PO-2025-02076,1,MAT-00716,2073,87.73,181864.29,DELIVERED
POL-0003456,PO-2025-02076,2,MAT-00751,342,9.47,3238.74,DELIVERED
POL-0003457,PO-2025-02076,3,MAT-00385,48,10.25,492.0,DELIVERED
POL-0003458,PO-2025-02077,1,MAT-00471,164,17.46,2863.44,DELIVERED
POL-0003459,PO-2025-02078,1,MAT-00917,406,48.1,19528.6,DELIVERED
POL-0003460,PO-2025-02078,2,MAT-00010,434,46.25,20072.5,DELIVERED
POL-0003461,PO-2025-02078,3,MAT-00656,2374,28.04,66566.96,DELIVERED
POL-0003462,PO-2025-02079,1,MAT-00182,245,10.58,2592.1,DELIVERED
POL-0003463,PO-2025-02080,1,MAT-00611,113,57.93,6546.09,DELIVERED
POL-0003464,PO-2025-02080,2,MAT-00120,1845,54.58,100700.1,DELIVERED
POL-0003465,PO-2025-02081,1,MAT-00692,605,84.82,51316.1,DELIVERED
POL-0003466,PO-2025-02082,1,MAT-00524,807,51.02,41173.14,DELIVERED
POL-0003467,PO-2025-02082,2,MAT-00429,1730,85.43,147793.9,DELIVERED
POL-0003468,PO-2025-02083,1,MAT-00766,84,11.4,957.6,DELIVERED
POL-0003469,PO-2025-02084,1,MAT-00200,3804,7.7,29290.8,DELIVERED
POL-0003470,PO-2025-02085,1,MAT-00762,76,28.94,2199.44,DELIVERED
POL-0003471,PO-2025-02086,1,MAT-01135,60,18.83,1129.8,DELIVERED
POL-0003472,PO-2025-02087,1,MAT-01182,427,116.22,49625.94,DELIVERED
POL-0003473,PO-2025-02088,1,MAT-00930,25,22.16,554.0,DELIVERED
POL-0003474,PO-2025-02088,2,MAT-00082,4538,38.31,173850.78,DELIVERED
POL-0003475,PO-2025-02088,3,MAT-00303,181,53.96,9766.76,DELIVERED
POL-0003476,PO-2025-02089,1,MAT-00858,4871,39.46,192209.66,IN_TRANSIT
POL-0003477,PO-2025-02090,1,MAT-01015,796,157.79,125600.84,DELIVERED
POL-0003478,PO-2025-02091,1,MAT-00336,628,20.44,12836.32,DELIVERED
POL-0003479,PO-2025-02092,1,MAT-00578,2787,59.6,166105.2,DELIVERED
POL-0003480,PO-2025-02093,1,MAT-00792,282,30.47,8592.54,DELIVERED
POL-0003481,PO-2025-02094,1,MAT-00213,1236,76.17,94146.12,IN_TRANSIT
POL-0003482,PO-2025-02094,2,MAT-00370,132,10.05,1326.6,IN_TRANSIT
POL-0003483,PO-2025-02095,1,MAT-00881,118,410.69,48461.42,DELIVERED
POL-0003484,PO-2025-02096,1,MAT-00556,2695,16.6,44737.0,DELIVERED
POL-0003485,PO-2025-02096,2,MAT-00877,86,14.6,1255.6,DELIVERED
POL-0003486,PO-2025-02096,3,MAT-01032,1536,4.18,6420.48,DELIVERED
POL-0003487,PO-2025-02097,1,MAT-00932,1525,199.06,303566.5,DELIVERED
POL-0003488,PO-2025-02098,1,MAT-00926,467,4.52,2110.84,DELIVERED
POL-0003489,PO-2025-02099,1,MAT-00279,188,29.0,5452.0,CANCELLED
POL-0003490,PO-2025-02099,2,MAT-00891,1727,68.06,117539.62,CANCELLED
POL-0003491,PO-2025-02099,3,MAT-00930,58,22.16,1285.28,CANCELLED
POL-0003492,PO-2025-02100,1,MAT-00132,852,29.72,25321.44,DELIVERED
POL-0003493,PO-2025-02101,1,MAT-00228,4150,7.91,32826.5,DELIVERED
POL-0003494,PO-2025-02102,1,MAT-00981,367,66.4,24368.8,PENDING
POL-0003495,PO-2025-02102,2,MAT-00834,1475,11.89,17537.75,PENDING
POL-0003496,PO-2025-02103,1,MAT-00144,191,32.34,6176.94,DELIVERED
POL-0003497,PO-2025-02104,1,MAT-00492,345,134.98,46568.1,DELIVERED
POL-0003498,PO-2025-02105,1,MAT-01062,114,1.48,168.72,CANCELLED
POL-0003499,PO-2025-02106,1,MAT-00268,4347,4.89,21256.83,DELIVERED
POL-0003500,PO-2025-02107,1,MAT-00361,411,48.82,20065.02,DELIVERED
POL-0003501,PO-2025-02107,2,MAT-00611,282,57.93,16336.26,DELIVERED
POL-0003502,PO-2025-02108,1,MAT-00722,71,4.1,291.1,OVERDUE
POL-0003503,PO-2025-02108,2,MAT-00157,91,216.85,19733.35,OVERDUE
POL-0003504,PO-2025-02109,1,MAT-00030,1008,19.73,19887.84,DELIVERED
POL-0003505,PO-2025-02110,1,MAT-00098,219,37.1,8124.9,DELIVERED
POL-0003506,PO-2025-02110,2,MAT-01046,581,69.27,40245.87,DELIVERED
POL-0003507,PO-2025-02111,1,MAT-00822,108,129.03,13935.24,DELIVERED
POL-0003508,PO-2025-02112,1,MAT-00164,772,10.01,7727.72,DELIVERED
POL-0003509,PO-2025-02112,2,MAT-00694,77,49.22,3789.94,DELIVERED
POL-0003510,PO-2025-02113,1,MAT-00351,566,37.0,20942.0,DELIVERED
POL-0003511,PO-2025-02113,2,MAT-00559,256,39.35,10073.6,DELIVERED
POL-0003512,PO-2025-02113,3,MAT-01078,202,14.68,2965.36,DELIVERED
POL-0003513,PO-2025-02114,1,MAT-00360,80,10.14,811.2,DELIVERED
POL-0003514,PO-2025-02115,1,MAT-00497,3467,7.66,26557.22,DELIVERED
POL-0003515,PO-2025-02116,1,MAT-01138,417,6.66,2777.22,DELIVERED
POL-0003516,PO-2025-02116,2,MAT-00327,233,96.4,22461.2,DELIVERED
POL-0003517,PO-2025-02117,1,MAT-00426,376,122.87,46199.12,DELIVERED
POL-0003518,PO-2025-02117,2,MAT-00907,4717,6.14,28962.38,DELIVERED
POL-0003519,PO-2025-02117,3,MAT-00985,318,27.89,8869.02,DELIVERED
POL-0003520,PO-2025-02117,4,MAT-00279,135,29.0,3915.0,DELIVERED
POL-0003521,PO-2025-02118,1,MAT-01110,98,205.1,20099.8,DELIVERED
POL-0003522,PO-2025-02119,1,MAT-00060,2932,78.27,229487.64,DELIVERED
POL-0003523,PO-2025-02119,2,MAT-01150,47,10.88,511.36,DELIVERED
POL-0003524,PO-2025-02119,3,MAT-00551,1375,30.92,42515.0,DELIVERED
POL-0003525,PO-2025-02119,4,MAT-00164,1206,10.01,12072.06,DELIVERED
POL-0003526,PO-2025-02120,1,MAT-00015,188,3.92,736.96,DELIVERED
POL-0003527,PO-2025-02121,1,MAT-00711,1693,34.88,59051.84,DELIVERED
POL-0003528,PO-2025-02121,2,MAT-00265,2217,19.46,43142.82,DELIVERED
POL-0003529,PO-2025-02121,3,MAT-00928,149,42.49,6331.01,DELIVERED
POL-0003530,PO-2025-02122,1,MAT-00075,121,1.59,192.39,DELIVERED
POL-0003531,PO-2025-02123,1,MAT-01197,712,23.44,16689.28,DELIVERED
POL-0003532,PO-2025-02124,1,MAT-00260,469,64.9,30438.1,DELIVERED
POL-0003533,PO-2025-02124,2,MAT-00047,112,14.98,1677.76,DELIVERED
POL-0003534,PO-2025-02124,3,MAT-00335,103,78.13,8047.39,DELIVERED
POL-0003535,PO-2025-02125,1,MAT-00086,264,15.13,3994.32,DELIVERED
POL-0003536,PO-2025-02126,1,MAT-00457,1415,22.22,31441.3,DELIVERED
POL-0003537,PO-2025-02127,1,MAT-00977,206,15.0,3090.0,DELIVERED
POL-0003538,PO-2025-02128,1,MAT-00585,1036,29.99,31069.64,DELIVERED
POL-0003539,PO-2025-02129,1,MAT-00704,305,5.04,1537.2,DELIVERED
POL-0003540,PO-2025-02129,2,MAT-00542,996,7.41,7380.36,DELIVERED
POL-0003541,PO-2025-02129,3,MAT-00884,149,82.57,12302.93,DELIVERED
POL-0003542,PO-2025-02129,4,MAT-00468,457,58.82,26880.74,DELIVERED
POL-0003543,PO-2025-02130,1,MAT-00366,60,16.01,960.6,DELIVERED
POL-0003544,PO-2025-02130,2,MAT-00953,467,6.61,3086.87,DELIVERED
POL-0003545,PO-2025-02131,1,MAT-00897,41,19.49,799.09,DELIVERED
POL-0003546,PO-2025-02132,1,MAT-00537,1127,10.62,11968.74,CANCELLED
POL-0003547,PO-2025-02133,1,MAT-00845,1194,33.47,39963.18,DELIVERED
POL-0003548,PO-2025-02134,1,MAT-00097,1469,38.03,55866.07,DELIVERED
POL-0003549,PO-2025-02135,1,MAT-01034,317,49.3,15628.1,OVERDUE
POL-0003550,PO-2025-02136,1,MAT-00508,228,9.86,2248.08,DELIVERED
POL-0003551,PO-2025-02137,1,MAT-01123,36,48.63,1750.68,DELIVERED
POL-0003552,PO-2025-02138,1,MAT-00448,230,8.88,2042.4,DELIVERED
POL-0003553,PO-2025-02138,2,MAT-00939,108,34.32,3706.56,DELIVERED
POL-0003554,PO-2025-02138,3,MAT-00922,74,7.6,562.4,DELIVERED
POL-0003555,PO-2025-02139,1,MAT-01048,2352,4.58,10772.16,IN_TRANSIT
POL-0003556,PO-2025-02139,2,MAT-00750,171,5.8,991.8,IN_TRANSIT
POL-0003557,PO-2025-02139,3,MAT-00754,1425,83.19,118545.75,IN_TRANSIT
POL-0003558,PO-2025-02139,4,MAT-01191,917,27.03,24786.51,IN_TRANSIT
POL-0003559,PO-2025-02140,1,MAT-00606,820,220.63,180916.6,DELIVERED
POL-0003560,PO-2025-02141,1,MAT-00754,1876,83.19,156064.44,DELIVERED
POL-0003561,PO-2025-02141,2,MAT-00793,768,31.91,24506.88,DELIVERED
POL-0003562,PO-2025-02142,1,MAT-00170,2280,10.55,24054.0,DELIVERED
POL-0003563,PO-2025-02143,1,MAT-00587,187,15.05,2814.35,DELIVERED
POL-0003564,PO-2025-02143,2,MAT-00269,197,16.2,3191.4,DELIVERED
POL-0003565,PO-2025-02143,3,MAT-00752,157,5.32,835.24,DELIVERED
POL-0003566,PO-2025-02144,1,MAT-00127,900,9.12,8208.0,DELIVERED
POL-0003567,PO-2025-02145,1,MAT-00198,2497,30.26,75559.22,DELIVERED
POL-0003568,PO-2025-02145,2,MAT-00605,3842,39.73,152642.66,DELIVERED
POL-0003569,PO-2025-02145,3,MAT-00655,797,457.75,364826.75,DELIVERED
POL-0003570,PO-2025-02146,1,MAT-00419,349,88.75,30973.75,DELIVERED
POL-0003571,PO-2025-02147,1,MAT-00537,3187,10.62,33845.94,DELIVERED
POL-0003572,PO-2025-02147,2,MAT-00615,120,393.03,47163.6,DELIVERED
POL-0003573,PO-2025-02148,1,MAT-00387,207,36.38,7530.66,DELIVERED
POL-0003574,PO-2025-02148,2,MAT-00583,4512,55.31,249558.72,DELIVERED
POL-0003575,PO-2025-02148,3,MAT-00586,259,33.81,8756.79,DELIVERED
POL-0003576,PO-2025-02149,1,MAT-00355,178,27.03,4811.34,PENDING
POL-0003577,PO-2025-02150,1,MAT-00046,429,11.46,4916.34,DELIVERED
POL-0003578,PO-2025-02150,2,MAT-00080,122,2.95,359.9,DELIVERED
POL-0003579,PO-2025-02151,1,MAT-00338,333,17.48,5820.84,IN_TRANSIT
POL-0003580,PO-2025-02151,2,MAT-00126,382,271.29,103632.78,IN_TRANSIT
POL-0003581,PO-2025-02152,1,MAT-00579,3621,4.58,16584.18,DELIVERED
POL-0003582,PO-2025-02152,2,MAT-00316,57,27.03,1540.71,DELIVERED
POL-0003583,PO-2025-02152,3,MAT-00833,51,7.83,399.33,DELIVERED
POL-0003584,PO-2025-02153,1,MAT-01134,242,44.39,10742.38,DELIVERED
POL-0003585,PO-2025-02154,1,MAT-00478,850,36.9,31365.0,DELIVERED
POL-0003586,PO-2025-02155,1,MAT-00886,87,203.43,17698.41,DELIVERED
POL-0003587,PO-2025-02156,1,MAT-00490,146,74.01,10805.46,IN_TRANSIT
POL-0003588,PO-2025-02157,1,MAT-00054,957,49.45,47323.65,PENDING
POL-0003589,PO-2025-02157,2,MAT-01030,667,8.23,5489.41,PENDING
POL-0003590,PO-2025-02157,3,MAT-00459,289,15.31,4424.59,PENDING
POL-0003591,PO-2025-02158,1,MAT-00594,340,35.36,12022.4,DELIVERED
POL-0003592,PO-2025-02159,1,MAT-01139,122,51.2,6246.4,DELIVERED
POL-0003593,PO-2025-02160,1,MAT-00386,572,31.26,17880.72,DELIVERED
POL-0003594,PO-2025-02160,2,MAT-00316,32,27.03,864.96,DELIVERED
POL-0003595,PO-2025-02160,3,MAT-00445,44,6.48,285.12,DELIVERED
POL-0003596,PO-2025-02161,1,MAT-00804,202,14.02,2832.04,DELIVERED
POL-0003597,PO-2025-02162,1,MAT-00817,244,34.98,8535.12,PENDING
POL-0003598,PO-2025-02162,2,MAT-00142,2322,108.48,251890.56,PENDING
POL-0003599,PO-2025-02162,3,MAT-00175,1045,32.53,33993.85,PENDING
POL-0003600,PO-2025-02162,4,MAT-00446,3763,49.81,187435.03,PENDING
POL-0003601,PO-2025-02163,1,MAT-01154,145,6.47,938.15,OVERDUE
POL-0003602,PO-2025-02163,2,MAT-00074,1142,148.95,170100.9,OVERDUE
POL-0003603,PO-2025-02164,1,MAT-00062,54,20.03,1081.62,DELIVERED
POL-0003604,PO-2025-02164,2,MAT-00510,208,9.74,2025.92,DELIVERED
POL-0003605,PO-2025-02165,1,MAT-00540,1012,14.25,14421.0,DELIVERED
POL-0003606,PO-2025-02166,1,MAT-01064,298,3.59,1069.82,DELIVERED
POL-0003607,PO-2025-02166,2,MAT-00711,4004,34.88,139659.52,DELIVERED
POL-0003608,PO-2025-02166,3,MAT-00315,243,112.99,27456.57,DELIVERED
POL-0003609,PO-2025-02167,1,MAT-00941,250,6.32,1580.0,PENDING
POL-0003610,PO-2025-02168,1,MAT-00428,298,56.03,16696.94,DELIVERED
POL-0003611,PO-2025-02169,1,MAT-01032,1988,4.18,8309.84,DELIVERED
POL-0003612,PO-2025-02169,2,MAT-00113,113,30.06,3396.78,DELIVERED
POL-0003613,PO-2025-02169,3,MAT-00901,2453,40.61,99616.33,DELIVERED
POL-0003614,PO-2025-02170,1,MAT-00064,269,7.54,2028.26,DELIVERED
POL-0003615,PO-2025-02171,1,MAT-00946,261,7.45,1944.45,DELIVERED
POL-0003616,PO-2025-02171,2,MAT-00813,64,137.77,8817.28,DELIVERED
POL-0003617,PO-2025-02172,1,MAT-00503,279,5.68,1584.72,DELIVERED
POL-0003618,PO-2025-02173,1,MAT-00222,446,3.54,1578.84,DELIVERED
POL-0003619,PO-2025-02173,2,MAT-00135,2097,10.03,21032.91,DELIVERED
POL-0003620,PO-2025-02174,1,MAT-00100,46,18.53,852.38,DELIVERED
POL-0003621,PO-2025-02175,1,MAT-00063,1028,7.25,7453.0,IN_TRANSIT
POL-0003622,PO-2025-02175,2,MAT-00601,107,63.86,6833.02,IN_TRANSIT
POL-0003623,PO-2025-02175,3,MAT-01110,94,205.1,19279.4,IN_TRANSIT
POL-0003624,PO-2025-02176,1,MAT-01131,98,38.46,3769.08,DELIVERED
POL-0003625,PO-2025-02177,1,MAT-01184,230,4.64,1067.2,DELIVERED
POL-0003626,PO-2025-02177,2,MAT-01110,108,205.1,22150.8,DELIVERED
POL-0003627,PO-2025-02177,3,MAT-00290,1871,12.44,23275.24,DELIVERED
POL-0003628,PO-2025-02178,1,MAT-01128,124,11.12,1378.88,IN_TRANSIT
POL-0003629,PO-2025-02179,1,MAT-00231,4126,10.55,43529.3,OVERDUE
POL-0003630,PO-2025-02179,2,MAT-00440,116,24.07,2792.12,OVERDUE
POL-0003631,PO-2025-02179,3,MAT-01064,444,3.59,1593.96,OVERDUE
POL-0003632,PO-2025-02179,4,MAT-00482,67,8.65,579.55,OVERDUE
POL-0003633,PO-2025-02180,1,MAT-01112,2182,34.47,75213.54,DELIVERED
POL-0003634,PO-2025-02180,2,MAT-00395,790,88.52,69930.8,DELIVERED
POL-0003635,PO-2025-02180,3,MAT-00493,3127,29.45,92090.15,DELIVERED
POL-0003636,PO-2025-02181,1,MAT-00067,153,23.77,3636.81,DELIVERED
POL-0003637,PO-2025-02182,1,MAT-00847,4774,32.1,153245.4,DELIVERED
POL-0003638,PO-2025-02182,2,MAT-00545,696,1.76,1224.96,DELIVERED
POL-0003639,PO-2025-02183,1,MAT-00473,711,4.49,3192.39,DELIVERED
POL-0003640,PO-2025-02184,1,MAT-00682,146,7.46,1089.16,PENDING
POL-0003641,PO-2025-02184,2,MAT-00077,74,30.35,2245.9,PENDING
POL-0003642,PO-2025-02185,1,MAT-00734,2052,3.9,8002.8,DELIVERED
POL-0003643,PO-2025-02186,1,MAT-00519,95,27.26,2589.7,DELIVERED
POL-0003644,PO-2025-02187,1,MAT-00439,73,3.81,278.13,DELIVERED
POL-0003645,PO-2025-02188,1,MAT-00629,32,27.55,881.6,DELIVERED
POL-0003646,PO-2025-02188,2,MAT-01058,857,91.18,78141.26,DELIVERED
POL-0003647,PO-2025-02188,3,MAT-00819,998,29.25,29191.5,DELIVERED
POL-0003648,PO-2025-02189,1,MAT-00046,251,11.46,2876.46,DELIVERED
POL-0003649,PO-2025-02189,2,MAT-00719,2319,17.76,41185.44,DELIVERED
POL-0003650,PO-2025-02190,1,MAT-00360,234,10.14,2372.76,DELIVERED
POL-0003651,PO-2025-02190,2,MAT-00475,2999,149.15,447300.85,DELIVERED
POL-0003652,PO-2025-02191,1,MAT-00184,1853,43.08,79827.24,DELIVERED
POL-0003653,PO-2025-02191,2,MAT-00645,530,20.52,10875.6,DELIVERED
POL-0003654,PO-2025-02191,3,MAT-00693,4390,7.3,32047.0,DELIVERED
POL-0003655,PO-2025-02192,1,MAT-00726,256,21.21,5429.76,DELIVERED
POL-0003656,PO-2025-02193,1,MAT-00177,74,25.39,1878.86,DELIVERED
POL-0003657,PO-2025-02194,1,MAT-00307,1034,95.19,98426.46,DELIVERED
POL-0003658,PO-2025-02195,1,MAT-00258,1281,12.63,16179.03,DELIVERED
POL-0003659,PO-2025-02195,2,MAT-01087,192,73.87,14183.04,DELIVERED
POL-0003660,PO-2025-02195,3,MAT-00753,181,8.73,1580.13,DELIVERED
POL-0003661,PO-2025-02196,1,MAT-00114,44,400.81,17635.64,DELIVERED
POL-0003662,PO-2025-02196,2,MAT-00061,4123,15.72,64813.56,DELIVERED
POL-0003663,PO-2025-02197,1,MAT-01175,56,10.94,612.64,DELIVERED
POL-0003664,PO-2025-02197,2,MAT-00233,127,29.51,3747.77,DELIVERED
POL-0003665,PO-2025-02197,3,MAT-00844,1053,42.57,44826.21,DELIVERED
POL-0003666,PO-2025-02198,1,MAT-00532,2007,4.5,9031.5,DELIVERED
POL-0003667,PO-2025-02199,1,MAT-00558,94,15.06,1415.64,DELIVERED
POL-0003668,PO-2025-02200,1,MAT-00354,2252,23.19,52223.88,DELIVERED
POL-0003669,PO-2025-02200,2,MAT-00255,1109,4.64,5145.76,DELIVERED
POL-0003670,PO-2025-02201,1,MAT-00372,1355,48.13,65216.15,DELIVERED
POL-0003671,PO-2025-02201,2,MAT-00675,217,5.74,1245.58,DELIVERED
POL-0003672,PO-2025-02202,1,MAT-00174,1185,39.12,46357.2,DELIVERED
POL-0003673,PO-2025-02203,1,MAT-01026,3969,41.81,165943.89,DELIVERED
POL-0003674,PO-2025-02203,2,MAT-00137,89,10.76,957.64,DELIVERED
POL-0003675,PO-2025-02203,3,MAT-00916,181,38.32,6935.92,DELIVERED
POL-0003676,PO-2025-02203,4,MAT-00627,142,7.98,1133.16,DELIVERED
POL-0003677,PO-2025-02204,1,MAT-00583,4264,55.31,235841.84,DELIVERED
POL-0003678,PO-2025-02204,2,MAT-00436,160,28.44,4550.4,DELIVERED
POL-0003679,PO-2025-02205,1,MAT-00333,736,26.94,19827.84,OVERDUE
POL-0003680,PO-2025-02206,1,MAT-00187,322,41.36,13317.92,DELIVERED
POL-0003681,PO-2025-02207,1,MAT-00212,262,92.6,24261.2,DELIVERED
POL-0003682,PO-2025-02208,1,MAT-00154,4112,31.56,129774.72,DELIVERED
POL-0003683,PO-2025-02208,2,MAT-01160,55,18.22,1002.1,DELIVERED
POL-0003684,PO-2025-02208,3,MAT-00578,1359,59.6,80996.4,DELIVERED
POL-0003685,PO-2025-02209,1,MAT-00591,799,25.49,20366.51,DELIVERED
POL-0003686,PO-2025-02210,1,MAT-01110,105,205.1,21535.5,DELIVERED
POL-0003687,PO-2025-02210,2,MAT-00736,2218,39.69,88032.42,DELIVERED
POL-0003688,PO-2025-02211,1,MAT-01008,1135,54.19,61505.65,DELIVERED
POL-0003689,PO-2025-02212,1,MAT-00775,107,47.0,5029.0,CANCELLED
POL-0003690,PO-2025-02213,1,MAT-00700,1210,22.01,26632.1,DELIVERED
POL-0003691,PO-2025-02213,2,MAT-00077,185,30.35,5614.75,DELIVERED
POL-0003692,PO-2025-02213,3,MAT-01069,1040,16.35,17004.0,DELIVERED
POL-0003693,PO-2025-02214,1,MAT-00569,36,3.19,114.84,DELIVERED
POL-0003694,PO-2025-02214,2,MAT-00854,738,98.17,72449.46,DELIVERED
POL-0003695,PO-2025-02215,1,MAT-00616,663,30.43,20175.09,DELIVERED
POL-0003696,PO-2025-02215,2,MAT-00212,499,92.6,46207.4,DELIVERED
POL-0003697,PO-2025-02216,1,MAT-01034,420,49.3,20706.0,DELIVERED
POL-0003698,PO-2025-02217,1,MAT-00354,2039,23.19,47284.41,DELIVERED
POL-0003699,PO-2025-02217,2,MAT-01058,1167,91.18,106407.06,DELIVERED
POL-0003700,PO-2025-02218,1,MAT-00690,732,43.87,32112.84,DELIVERED
POL-0003701,PO-2025-02218,2,MAT-00599,161,16.78,2701.58,DELIVERED
POL-0003702,PO-2025-02219,1,MAT-01015,1137,157.79,179407.23,DELIVERED
POL-0003703,PO-2025-02219,2,MAT-00302,59,12.84,757.56,DELIVERED
POL-0003704,PO-2025-02220,1,MAT-00354,1954,23.19,45313.26,DELIVERED
POL-0003705,PO-2025-02220,2,MAT-01137,107,86.68,9274.76,DELIVERED
POL-0003706,PO-2025-02221,1,MAT-01128,83,11.12,922.96,DELIVERED
POL-0003707,PO-2025-02221,2,MAT-00838,183,8.08,1478.64,DELIVERED
POL-0003708,PO-2025-02222,1,MAT-00844,968,42.57,41207.76,DELIVERED
POL-0003709,PO-2025-02223,1,MAT-00417,261,155.32,40538.52,DELIVERED
POL-0003710,PO-2025-02224,1,MAT-01085,105,38.18,4008.9,DELIVERED
POL-0003711,PO-2025-02225,1,MAT-00968,2949,192.33,567181.17,DELIVERED
POL-0003712,PO-2025-02225,2,MAT-00125,311,51.67,16069.37,DELIVERED
POL-0003713,PO-2025-02225,3,MAT-01049,4007,119.58,479157.06,DELIVERED
POL-0003714,PO-2025-02226,1,MAT-00854,2181,98.17,214108.77,DELIVERED
POL-0003715,PO-2025-02227,1,MAT-00072,92,141.17,12987.64,DELIVERED
POL-0003716,PO-2025-02227,2,MAT-00892,148,43.57,6448.36,DELIVERED
POL-0003717,PO-2025-02228,1,MAT-00624,42,113.97,4786.74,IN_TRANSIT
POL-0003718,PO-2025-02228,2,MAT-00840,239,21.61,5164.79,IN_TRANSIT
POL-0003719,PO-2025-02228,3,MAT-00973,1048,62.65,65657.2,IN_TRANSIT
POL-0003720,PO-2025-02229,1,MAT-00551,1441,30.92,44555.72,DELIVERED
POL-0003721,PO-2025-02230,1,MAT-00739,752,150.17,112927.84,DELIVERED
POL-0003722,PO-2025-02231,1,MAT-00915,221,22.52,4976.92,DELIVERED
POL-0003723,PO-2025-02232,1,MAT-00083,159,142.68,22686.12,DELIVERED
POL-0003724,PO-2025-02233,1,MAT-00381,1903,9.39,17869.17,DELIVERED
POL-0003725,PO-2025-02233,2,MAT-00444,750,22.79,17092.5,DELIVERED
POL-0003726,PO-2025-02233,3,MAT-00797,913,25.64,23409.32,DELIVERED
POL-0003727,PO-2025-02233,4,MAT-00524,595,51.02,30356.9,DELIVERED
POL-0003728,PO-2025-02234,1,MAT-00761,193,14.1,2721.3,DELIVERED
POL-0003729,PO-2025-02234,2,MAT-00068,1249,81.19,101406.31,DELIVERED
POL-0003730,PO-2025-02235,1,MAT-00946,134,7.45,998.3,DELIVERED
POL-0003731,PO-2025-02236,1,MAT-01055,64,13.19,844.16,DELIVERED
POL-0003732,PO-2025-02237,1,MAT-00981,180,66.4,11952.0,DELIVERED
POL-0003733,PO-2025-02237,2,MAT-01178,843,21.0,17703.0,DELIVERED
POL-0003734,PO-2025-02238,1,MAT-00051,1298,33.61,43625.78,DELIVERED
POL-0003735,PO-2025-02238,2,MAT-00836,170,32.93,5598.1,DELIVERED
POL-0003736,PO-2025-02238,3,MAT-00428,177,56.03,9917.31,DELIVERED
POL-0003737,PO-2025-02239,1,MAT-01009,399,74.38,29677.62,DELIVERED
POL-0003738,PO-2025-02240,1,MAT-00727,192,24.56,4715.52,DELIVERED
POL-0003739,PO-2025-02240,2,MAT-00287,229,21.7,4969.3,DELIVERED
POL-0003740,PO-2025-02241,1,MAT-00449,91,15.44,1405.04,DELIVERED
POL-0003741,PO-2025-02241,2,MAT-00073,96,24.11,2314.56,DELIVERED
POL-0003742,PO-2025-02242,1,MAT-00470,94,14.39,1352.66,PENDING
POL-0003743,PO-2025-02243,1,MAT-00640,90,5.69,512.1,DELIVERED
POL-0003744,PO-2025-02243,2,MAT-00913,104,35.57,3699.28,DELIVERED
POL-0003745,PO-2025-02243,3,MAT-00405,441,15.34,6764.94,DELIVERED
POL-0003746,PO-2025-02244,1,MAT-00403,884,28.29,25008.36,DELIVERED
POL-0003747,PO-2025-02245,1,MAT-00169,1751,20.81,36438.31,DELIVERED
POL-0003748,PO-2025-02245,2,MAT-00026,2077,30.32,62974.64,DELIVERED
POL-0003749,PO-2025-02245,3,MAT-00449,137,15.44,2115.28,DELIVERED
POL-0003750,PO-2025-02246,1,MAT-01073,363,29.22,10606.86,DELIVERED
POL-0003751,PO-2025-02247,1,MAT-01107,2426,48.98,118825.48,DELIVERED
POL-0003752,PO-2025-02247,2,MAT-00620,195,31.76,6193.2,DELIVERED
POL-0003753,PO-2025-02247,3,MAT-00296,1383,11.79,16305.57,DELIVERED
POL-0003754,PO-2025-02248,1,MAT-01003,1078,27.55,29698.9,DELIVERED
POL-0003755,PO-2025-02249,1,MAT-00662,3590,15.18,54496.2,DELIVERED
POL-0003756,PO-2025-02250,1,MAT-00878,776,33.42,25933.92,DELIVERED
POL-0003757,PO-2025-02250,2,MAT-01139,92,51.2,4710.4,DELIVERED
POL-0003758,PO-2025-02250,3,MAT-01172,576,33.4,19238.4,DELIVERED
POL-0003759,PO-2025-02250,4,MAT-00936,3454,13.86,47872.44,DELIVERED
POL-0003760,PO-2025-02251,1,MAT-00960,488,44.8,21862.4,DELIVERED
POL-0003761,PO-2025-02252,1,MAT-00194,2058,6.96,14323.68,CANCELLED
POL-0003762,PO-2025-02252,2,MAT-00062,75,20.03,1502.25,CANCELLED
POL-0003763,PO-2025-02253,1,MAT-00024,359,4.87,1748.33,DELIVERED
POL-0003764,PO-2025-02253,2,MAT-00830,3551,18.38,65267.38,DELIVERED
POL-0003765,PO-2025-02253,3,MAT-00076,130,61.74,8026.2,DELIVERED
POL-0003766,PO-2025-02254,1,MAT-00938,288,54.51,15698.88,IN_TRANSIT
POL-0003767,PO-2025-02255,1,MAT-00610,3896,123.85,482519.6,DELIVERED
POL-0003768,PO-2025-02255,2,MAT-00183,4562,7.24,33028.88,DELIVERED
POL-0003769,PO-2025-02256,1,MAT-00002,158,21.88,3457.04,PENDING
POL-0003770,PO-2025-02257,1,MAT-00962,163,102.48,16704.24,DELIVERED
POL-0003771,PO-2025-02258,1,MAT-00821,822,15.29,12568.38,PENDING
POL-0003772,PO-2025-02259,1,MAT-00850,53,15.13,801.89,DELIVERED
POL-0003773,PO-2025-02259,2,MAT-00412,806,7.13,5746.78,DELIVERED
POL-0003774,PO-2025-02259,3,MAT-00713,2281,13.48,30747.88,DELIVERED
POL-0003775,PO-2025-02260,1,MAT-00586,618,33.81,20894.58,DELIVERED
POL-0003776,PO-2025-02260,2,MAT-00153,143,12.75,1823.25,DELIVERED
POL-0003777,PO-2025-02261,1,MAT-01052,440,39.07,17190.8,DELIVERED
POL-0003778,PO-2025-02262,1,MAT-00033,2504,24.38,61047.52,CANCELLED
POL-0003779,PO-2025-02263,1,MAT-00344,1939,16.09,31198.51,DELIVERED
POL-0003780,PO-2025-02264,1,MAT-00381,2071,9.39,19446.69,DELIVERED
POL-0003781,PO-2025-02265,1,MAT-00438,1384,5.2,7196.8,DELIVERED
POL-0003782,PO-2025-02266,1,MAT-00254,258,80.96,20887.68,DELIVERED
POL-0003783,PO-2025-02267,1,MAT-00047,132,14.98,1977.36,CANCELLED
POL-0003784,PO-2025-02267,2,MAT-00624,117,113.97,13334.49,CANCELLED
POL-0003785,PO-2025-02268,1,MAT-00917,352,48.1,16931.2,DELIVERED
POL-0003786,PO-2025-02268,2,MAT-00573,682,37.85,25813.7,DELIVERED
POL-0003787,PO-2025-02269,1,MAT-00883,4673,15.57,72758.61,DELIVERED
POL-0003788,PO-2025-02270,1,MAT-00600,148,36.77,5441.96,DELIVERED
POL-0003789,PO-2025-02271,1,MAT-00506,2200,14.65,32230.0,DELIVERED
POL-0003790,PO-2025-02271,2,MAT-01012,4171,34.03,141939.13,DELIVERED
POL-0003791,PO-2025-02272,1,MAT-00479,1194,761.57,909314.58,DELIVERED
POL-0003792,PO-2025-02272,2,MAT-00667,152,20.06,3049.12,DELIVERED
POL-0003793,PO-2025-02273,1,MAT-01173,2474,30.61,75729.14,DELIVERED
POL-0003794,PO-2025-02274,1,MAT-01133,396,162.9,64508.4,DELIVERED
POL-0003795,PO-2025-02274,2,MAT-00907,1362,6.14,8362.68,DELIVERED
POL-0003796,PO-2025-02274,3,MAT-01083,2344,17.97,42121.68,DELIVERED
POL-0003797,PO-2025-02275,1,MAT-01106,60,8.11,486.6,DELIVERED
POL-0003798,PO-2025-02275,2,MAT-00826,3032,125.95,381880.4,DELIVERED
POL-0003799,PO-2025-02275,3,MAT-00439,150,3.81,571.5,DELIVERED
POL-0003800,PO-2025-02276,1,MAT-00810,761,8.88,6757.68,DELIVERED
POL-0003801,PO-2025-02277,1,MAT-01169,355,50.44,17906.2,DELIVERED
POL-0003802,PO-2025-02277,2,MAT-00544,2360,128.6,303496.0,DELIVERED
POL-0003803,PO-2025-02278,1,MAT-00611,231,57.93,13381.83,DELIVERED
POL-0003804,PO-2025-02279,1,MAT-00230,214,57.9,12390.6,DELIVERED
POL-0003805,PO-2025-02280,1,MAT-01034,183,49.3,9021.9,DELIVERED
POL-0003806,PO-2025-02281,1,MAT-00636,219,4.36,954.84,DELIVERED
POL-0003807,PO-2025-02282,1,MAT-00121,709,59.21,41979.89,DELIVERED
POL-0003808,PO-2025-02283,1,MAT-01194,146,36.64,5349.44,DELIVERED
POL-0003809,PO-2025-02284,1,MAT-00693,2620,7.3,19126.0,DELIVERED
POL-0003810,PO-2025-02284,2,MAT-00642,2458,172.68,424447.44,DELIVERED
POL-0003811,PO-2025-02284,3,MAT-01129,4154,25.13,104390.02,DELIVERED
POL-0003812,PO-2025-02285,1,MAT-01030,745,8.23,6131.35,DELIVERED
POL-0003813,PO-2025-02285,2,MAT-01068,1704,84.73,144379.92,DELIVERED
POL-0003814,PO-2025-02285,3,MAT-00441,1866,42.64,79566.24,DELIVERED
POL-0003815,PO-2025-02286,1,MAT-00269,153,16.2,2478.6,DELIVERED
POL-0003816,PO-2025-02286,2,MAT-00647,399,1.63,650.37,DELIVERED
POL-0003817,PO-2025-02286,3,MAT-00054,417,49.45,20620.65,DELIVERED
POL-0003818,PO-2025-02287,1,MAT-00694,248,49.22,12206.56,DELIVERED
POL-0003819,PO-2025-02288,1,MAT-00064,442,7.54,3332.68,DELIVERED
POL-0003820,PO-2025-02288,2,MAT-00194,2426,6.96,16884.96,DELIVERED
POL-0003821,PO-2025-02288,3,MAT-00190,4644,4.66,21641.04,DELIVERED
POL-0003822,PO-2025-02289,1,MAT-01145,90,21.86,1967.4,IN_TRANSIT
POL-0003823,PO-2025-02289,2,MAT-00186,3390,52.98,179602.2,IN_TRANSIT
POL-0003824,PO-2025-02290,1,MAT-01164,194,3.97,770.18,OVERDUE
POL-0003825,PO-2025-02290,2,MAT-00075,225,1.59,357.75,OVERDUE
POL-0003826,PO-2025-02291,1,MAT-00689,197,57.33,11294.01,IN_TRANSIT
POL-0003827,PO-2025-02291,2,MAT-00456,433,10.4,4503.2,IN_TRANSIT
POL-0003828,PO-2025-02292,1,MAT-01181,1820,29.63,53926.6,DELIVERED
POL-0003829,PO-2025-02293,1,MAT-00158,860,40.12,34503.2,DELIVERED
POL-0003830,PO-2025-02293,2,MAT-00303,169,53.96,9119.24,DELIVERED
POL-0003831,PO-2025-02294,1,MAT-00418,95,31.86,3026.7,DELIVERED
POL-0003832,PO-2025-02294,2,MAT-00866,33,16.43,542.19,DELIVERED
POL-0003833,PO-2025-02294,3,MAT-00451,91,23.45,2133.95,DELIVERED
POL-0003834,PO-2025-02295,1,MAT-00288,121,46.79,5661.59,DELIVERED
POL-0003835,PO-2025-02296,1,MAT-00087,215,65.37,14054.55,DELIVERED
POL-0003836,PO-2025-02296,2,MAT-00979,4491,4.59,20613.69,DELIVERED
POL-0003837,PO-2025-02296,3,MAT-00150,118,32.61,3847.98,DELIVERED
POL-0003838,PO-2025-02297,1,MAT-00965,404,25.4,10261.6,DELIVERED
POL-0003839,PO-2025-02298,1,MAT-00920,376,29.44,11069.44,DELIVERED
POL-0003840,PO-2025-02299,1,MAT-00372,1799,48.13,86585.87,PENDING
POL-0003841,PO-2025-02299,2,MAT-00122,497,9.54,4741.38,PENDING
POL-0003842,PO-2025-02300,1,MAT-00759,418,10.65,4451.7,DELIVERED
POL-0003843,PO-2025-02300,2,MAT-00242,80,20.76,1660.8,DELIVERED
POL-0003844,PO-2025-02301,1,MAT-00099,381,27.15,10344.15,OVERDUE
POL-0003845,PO-2025-02301,2,MAT-00472,2249,2.18,4902.82,OVERDUE
POL-0003846,PO-2025-02302,1,MAT-00454,4499,46.37,208618.63,DELIVERED
POL-0003847,PO-2025-02303,1,MAT-01041,1884,153.41,289024.44,DELIVERED
POL-0003848,PO-2025-02303,2,MAT-00583,4263,55.31,235786.53,DELIVERED
POL-0003849,PO-2025-02304,1,MAT-00699,953,69.76,66481.28,DELIVERED
POL-0003850,PO-2025-02304,2,MAT-00221,3282,352.89,1158184.98,DELIVERED
POL-0003851,PO-2025-02304,3,MAT-00829,4440,16.67,74014.8,DELIVERED
POL-0003852,PO-2025-02305,1,MAT-00100,31,18.53,574.43,DELIVERED
POL-0003853,PO-2025-02306,1,MAT-00101,372,5.32,1979.04,IN_TRANSIT
POL-0003854,PO-2025-02307,1,MAT-00562,211,256.03,54022.33,DELIVERED
POL-0003855,PO-2025-02307,2,MAT-00088,4505,36.74,165513.7,DELIVERED
POL-0003856,PO-2025-02308,1,MAT-00155,1603,38.82,62228.46,DELIVERED
POL-0003857,PO-2025-02308,2,MAT-00484,1046,31.07,32499.22,DELIVERED
POL-0003858,PO-2025-02308,3,MAT-01155,230,149.31,34341.3,DELIVERED
POL-0003859,PO-2025-02309,1,MAT-00575,930,58.55,54451.5,DELIVERED
POL-0003860,PO-2025-02310,1,MAT-00681,282,61.82,17433.24,DELIVERED
POL-0003861,PO-2025-02310,2,MAT-00698,64,6.02,385.28,DELIVERED
POL-0003862,PO-2025-02311,1,MAT-01142,2031,119.95,243618.45,DELIVERED
POL-0003863,PO-2025-02312,1,MAT-00562,53,256.03,13569.59,DELIVERED
POL-0003864,PO-2025-02312,2,MAT-00736,1408,39.69,55883.52,DELIVERED
POL-0003865,PO-2025-02313,1,MAT-00908,404,58.08,23464.32,DELIVERED
POL-0003866,PO-2025-02314,1,MAT-01093,134,59.23,7936.82,DELIVERED
POL-0003867,PO-2025-02315,1,MAT-00708,4868,170.09,827998.12,DELIVERED
POL-0003868,PO-2025-02315,2,MAT-01015,388,157.79,61222.52,DELIVERED
POL-0003869,PO-2025-02315,3,MAT-00821,373,15.29,5703.17,DELIVERED
POL-0003870,PO-2025-02316,1,MAT-00602,243,10.19,2476.17,DELIVERED
POL-0003871,PO-2025-02317,1,MAT-00794,201,6.76,1358.76,CANCELLED
POL-0003872,PO-2025-02318,1,MAT-00793,1116,31.91,35611.56,DELIVERED
POL-0003873,PO-2025-02318,2,MAT-01070,1509,34.39,51894.51,DELIVERED
POL-0003874,PO-2025-02319,1,MAT-00820,1239,90.41,112017.99,DELIVERED
POL-0003875,PO-2025-02320,1,MAT-00323,40,10.79,431.6,DELIVERED
POL-0003876,PO-2025-02321,1,MAT-00746,795,10.92,8681.4,DELIVERED
POL-0003877,PO-2025-02321,2,MAT-00304,209,45.95,9603.55,DELIVERED
POL-0003878,PO-2025-02322,1,MAT-00416,4324,12.29,53141.96,DELIVERED
POL-0003879,PO-2025-02322,2,MAT-00002,308,21.88,6739.04,DELIVERED
POL-0003880,PO-2025-02323,1,MAT-01071,71,25.22,1790.62,OVERDUE
POL-0003881,PO-2025-02324,1,MAT-00116,392,35.47,13904.24,DELIVERED
POL-0003882,PO-2025-02325,1,MAT-00467,738,46.79,34531.02,DELIVERED
POL-0003883,PO-2025-02326,1,MAT-00558,86,15.06,1295.16,IN_TRANSIT
POL-0003884,PO-2025-02327,1,MAT-00471,193,17.46,3369.78,DELIVERED
POL-0003885,PO-2025-02328,1,MAT-00254,331,80.96,26797.76,OVERDUE
POL-0003886,PO-2025-02328,2,MAT-00529,113,36.94,4174.22,OVERDUE
POL-0003887,PO-2025-02328,3,MAT-00464,3902,30.4,118620.8,OVERDUE
POL-0003888,PO-2025-02329,1,MAT-00568,788,8.08,6367.04,OVERDUE
POL-0003889,PO-2025-02329,2,MAT-00995,3047,8.66,26387.02,OVERDUE
POL-0003890,PO-2025-02329,3,MAT-00544,1889,128.6,242925.4,OVERDUE
POL-0003891,PO-2025-02330,1,MAT-00404,939,27.52,25841.28,DELIVERED
POL-0003892,PO-2025-02331,1,MAT-00623,118,213.25,25163.5,DELIVERED
POL-0003893,PO-2025-02332,1,MAT-00302,81,12.84,1040.04,DELIVERED
POL-0003894,PO-2025-02332,2,MAT-01059,1323,48.3,63900.9,DELIVERED
POL-0003895,PO-2025-02333,1,MAT-00224,801,3.99,3195.99,DELIVERED
POL-0003896,PO-2025-02333,2,MAT-00637,82,58.6,4805.2,DELIVERED
POL-0003897,PO-2025-02334,1,MAT-00837,105,154.21,16192.05,DELIVERED
POL-0003898,PO-2025-02334,2,MAT-00445,92,6.48,596.16,DELIVERED
POL-0003899,PO-2025-02335,1,MAT-00741,205,3.4,697.0,PENDING
POL-0003900,PO-2025-02335,2,MAT-00711,4467,34.88,155808.96,PENDING
POL-0003901,PO-2025-02335,3,MAT-00855,46,128.91,5929.86,PENDING
POL-0003902,PO-2025-02335,4,MAT-00616,1504,30.43,45766.72,PENDING
POL-0003903,PO-2025-02336,1,MAT-01092,1073,22.52,24163.96,DELIVERED
POL-0003904,PO-2025-02336,2,MAT-00306,112,31.01,3473.12,DELIVERED
POL-0003905,PO-2025-02336,3,MAT-00606,997,220.63,219968.11,DELIVERED
POL-0003906,PO-2025-02336,4,MAT-00263,1778,1.44,2560.32,DELIVERED
POL-0003907,PO-2025-02337,1,MAT-00415,77,37.24,2867.48,DELIVERED
POL-0003908,PO-2025-02338,1,MAT-01141,4939,20.07,99125.73,IN_TRANSIT
POL-0003909,PO-2025-02339,1,MAT-00516,986,55.41,54634.26,IN_TRANSIT
POL-0003910,PO-2025-02340,1,MAT-00383,2586,2.31,5973.66,DELIVERED
POL-0003911,PO-2025-02341,1,MAT-00892,158,43.57,6884.06,DELIVERED
POL-0003912,PO-2025-02342,1,MAT-01015,696,157.79,109821.84,DELIVERED
POL-0003913,PO-2025-02342,2,MAT-00265,611,19.46,11890.06,DELIVERED
POL-0003914,PO-2025-02342,3,MAT-00968,2253,192.33,433319.49,DELIVERED
POL-0003915,PO-2025-02343,1,MAT-00148,705,6.47,4561.35,DELIVERED
POL-0003916,PO-2025-02343,2,MAT-00280,2584,17.99,46486.16,DELIVERED
POL-0003917,PO-2025-02344,1,MAT-00196,1190,35.98,42816.2,DELIVERED
POL-0003918,PO-2025-02344,2,MAT-00527,1040,4.28,4451.2,DELIVERED
POL-0003919,PO-2025-02345,1,MAT-00540,2110,14.25,30067.5,DELIVERED
POL-0003920,PO-2025-02346,1,MAT-00168,223,189.97,42363.31,DELIVERED
POL-0003921,PO-2025-02346,2,MAT-00783,2362,42.1,99440.2,DELIVERED
POL-0003922,PO-2025-02347,1,MAT-00722,63,4.1,258.3,DELIVERED
POL-0003923,PO-2025-02348,1,MAT-00981,190,66.4,12616.0,DELIVERED
POL-0003924,PO-2025-02349,1,MAT-00498,865,20.15,17429.75,DELIVERED
POL-0003925,PO-2025-02350,1,MAT-00059,2083,39.01,81257.83,DELIVERED
POL-0003926,PO-2025-02350,2,MAT-00620,95,31.76,3017.2,DELIVERED
POL-0003927,PO-2025-02351,1,MAT-00618,60,53.82,3229.2,DELIVERED
POL-0003928,PO-2025-02352,1,MAT-01130,342,37.06,12674.52,DELIVERED
POL-0003929,PO-2025-02353,1,MAT-00976,211,3.26,687.86,CANCELLED
POL-0003930,PO-2025-02353,2,MAT-00268,1462,4.89,7149.18,CANCELLED
POL-0003931,PO-2025-02353,3,MAT-01173,1681,30.61,51455.41,CANCELLED
POL-0003932,PO-2025-02353,4,MAT-01023,857,23.04,19745.28,CANCELLED
POL-0003933,PO-2025-02354,1,MAT-00446,1510,49.81,75213.1,CANCELLED
POL-0003934,PO-2025-02355,1,MAT-00591,820,25.49,20901.8,IN_TRANSIT
POL-0003935,PO-2025-02356,1,MAT-00382,225,12.27,2760.75,DELIVERED
POL-0003936,PO-2025-02357,1,MAT-00029,562,12.48,7013.76,DELIVERED
POL-0003937,PO-2025-02358,1,MAT-01076,288,15.38,4429.44,DELIVERED
POL-0003938,PO-2025-02359,1,MAT-01017,253,13.77,3483.81,DELIVERED
POL-0003939,PO-2025-02360,1,MAT-00724,1255,62.9,78939.5,DELIVERED
POL-0003940,PO-2025-02360,2,MAT-00286,1648,3.27,5388.96,DELIVERED
POL-0003941,PO-2025-02360,3,MAT-01126,4409,7.09,31259.81,DELIVERED
POL-0003942,PO-2025-02360,4,MAT-00247,4461,15.77,70349.97,DELIVERED
POL-0003943,PO-2025-02361,1,MAT-00371,110,26.71,2938.1,DELIVERED
POL-0003944,PO-2025-02361,2,MAT-01032,1330,4.18,5559.4,DELIVERED
POL-0003945,PO-2025-02361,3,MAT-01101,41,80.68,3307.88,DELIVERED
POL-0003946,PO-2025-02362,1,MAT-01138,1040,6.66,6926.4,DELIVERED
POL-0003947,PO-2025-02363,1,MAT-00422,122,176.15,21490.3,OVERDUE
POL-0003948,PO-2025-02363,2,MAT-00883,3279,15.57,51054.03,OVERDUE
POL-0003949,PO-2025-02364,1,MAT-00076,227,61.74,14014.98,DELIVERED
POL-0003950,PO-2025-02365,1,MAT-01113,3613,71.94,259919.22,DELIVERED
POL-0003951,PO-2025-02366,1,MAT-00542,977,7.41,7239.57,PENDING
POL-0003952,PO-2025-02367,1,MAT-01185,181,9.35,1692.35,PENDING
POL-0003953,PO-2025-02367,2,MAT-00887,60,48.82,2929.2,PENDING
POL-0003954,PO-2025-02367,3,MAT-00316,121,27.03,3270.63,PENDING
POL-0003955,PO-2025-02367,4,MAT-00372,736,48.13,35423.68,PENDING
POL-0003956,PO-2025-02368,1,MAT-00797,1007,25.64,25819.48,DELIVERED
POL-0003957,PO-2025-02369,1,MAT-00039,239,6.02,1438.78,DELIVERED
POL-0003958,PO-2025-02370,1,MAT-00195,470,30.41,14292.7,DELIVERED
POL-0003959,PO-2025-02370,2,MAT-01132,422,44.46,18762.12,DELIVERED
POL-0003960,PO-2025-02371,1,MAT-00763,1647,434.25,715209.75,DELIVERED
POL-0003961,PO-2025-02372,1,MAT-00405,1159,15.34,17779.06,DELIVERED
POL-0003962,PO-2025-02373,1,MAT-00807,1299,30.8,40009.2,PENDING
POL-0003963,PO-2025-02374,1,MAT-00876,61,179.11,10925.71,DELIVERED
POL-0003964,PO-2025-02374,2,MAT-01145,67,21.86,1464.62,DELIVERED
POL-0003965,PO-2025-02375,1,MAT-00428,129,56.03,7227.87,DELIVERED
POL-0003966,PO-2025-02375,2,MAT-00709,47,2.49,117.03,DELIVERED
POL-0003967,PO-2025-02375,3,MAT-01138,273,6.66,1818.18,DELIVERED
POL-0003968,PO-2025-02375,4,MAT-01122,180,99.6,17928.0,DELIVERED
POL-0003969,PO-2025-02376,1,MAT-00610,1767,123.85,218842.95,DELIVERED
POL-0003970,PO-2025-02376,2,MAT-00027,3718,7.89,29335.02,DELIVERED
POL-0003971,PO-2025-02376,3,MAT-01004,1099,11.94,13122.06,DELIVERED
POL-0003972,PO-2025-02377,1,MAT-00236,129,47.86,6173.94,PENDING
POL-0003973,PO-2025-02378,1,MAT-00459,557,15.31,8527.67,DELIVERED
POL-0003974,PO-2025-02378,2,MAT-00376,1998,10.96,21898.08,DELIVERED
POL-0003975,PO-2025-02378,3,MAT-00846,122,41.22,5028.84,DELIVERED
POL-0003976,PO-2025-02378,4,MAT-01023,868,23.04,19998.72,DELIVERED
POL-0003977,PO-2025-02379,1,MAT-00153,154,12.75,1963.5,DELIVERED
POL-0003978,PO-2025-02379,2,MAT-00807,694,30.8,21375.2,DELIVERED
POL-0003979,PO-2025-02379,3,MAT-00788,2054,40.01,82180.54,DELIVERED
POL-0003980,PO-2025-02380,1,MAT-00513,420,20.25,8505.0,DELIVERED
POL-0003981,PO-2025-02380,2,MAT-01169,482,50.44,24312.08,DELIVERED
POL-0003982,PO-2025-02381,1,MAT-00702,126,85.18,10732.68,DELIVERED
POL-0003983,PO-2025-02381,2,MAT-01173,1261,30.61,38599.21,DELIVERED
POL-0003984,PO-2025-02381,3,MAT-00474,254,123.61,31396.94,DELIVERED
POL-0003985,PO-2025-02382,1,MAT-00372,2023,48.13,97366.99,DELIVERED
POL-0003986,PO-2025-02382,2,MAT-00939,172,34.32,5903.04,DELIVERED
POL-0003987,PO-2025-02382,3,MAT-00626,1894,14.4,27273.6,DELIVERED
POL-0003988,PO-2025-02383,1,MAT-00356,254,7.8,1981.2,IN_TRANSIT
POL-0003989,PO-2025-02384,1,MAT-01159,3481,76.87,267584.47,OVERDUE
POL-0003990,PO-2025-02384,2,MAT-00961,70,49.49,3464.3,OVERDUE
POL-0003991,PO-2025-02384,3,MAT-00746,1223,10.92,13355.16,OVERDUE
POL-0003992,PO-2025-02385,1,MAT-00910,514,283.12,145523.68,DELIVERED
POL-0003993,PO-2025-02386,1,MAT-00237,4860,2.92,14191.2,DELIVERED
POL-0003994,PO-2025-02387,1,MAT-01023,254,23.04,5852.16,DELIVERED
POL-0003995,PO-2025-02387,2,MAT-00869,75,57.93,4344.75,DELIVERED
POL-0003996,PO-2025-02387,3,MAT-00833,151,7.83,1182.33,DELIVERED
POL-0003997,PO-2025-02388,1,MAT-01098,59,2.97,175.23,DELIVERED
POL-0003998,PO-2025-02388,2,MAT-00972,90,11.72,1054.8,DELIVERED
POL-0003999,PO-2025-02389,1,MAT-00711,4322,34.88,150751.36,OVERDUE
POL-0004000,PO-2025-02389,2,MAT-00601,215,63.86,13729.9,OVERDUE
POL-0004001,PO-2025-02389,3,MAT-00399,497,22.77,11316.69,OVERDUE
POL-0004002,PO-2025-02390,1,MAT-00842,253,52.45,13269.85,OVERDUE
POL-0004003,PO-2025-02391,1,MAT-00308,1135,12.64,14346.4,DELIVERED
POL-0004004,PO-2025-02391,2,MAT-00719,1689,17.76,29996.64,DELIVERED
POL-0004005,PO-2025-02392,1,MAT-00541,1738,67.19,116776.22,DELIVERED
POL-0004006,PO-2025-02393,1,MAT-01195,218,4.36,950.48,DELIVERED
POL-0004007,PO-2025-02394,1,MAT-00489,359,159.21,57156.39,OVERDUE
POL-0004008,PO-2025-02394,2,MAT-00266,503,6.1,3068.3,OVERDUE
POL-0004009,PO-2025-02394,3,MAT-00747,49,32.16,1575.84,OVERDUE
POL-0004010,PO-2025-02395,1,MAT-01015,1081,157.79,170570.99,DELIVERED
POL-0004011,PO-2025-02396,1,MAT-01074,2034,6.3,12814.2,OVERDUE
POL-0004012,PO-2025-02396,2,MAT-00056,974,65.62,63913.88,OVERDUE
POL-0004013,PO-2025-02397,1,MAT-00716,514,87.73,45093.22,DELIVERED
POL-0004014,PO-2025-02398,1,MAT-00471,130,17.46,2269.8,DELIVERED
POL-0004015,PO-2025-02399,1,MAT-00387,110,36.38,4001.8,DELIVERED
POL-0004016,PO-2025-02399,2,MAT-01075,585,77.99,45624.15,DELIVERED
POL-0004017,PO-2025-02400,1,MAT-00567,2435,2.78,6769.3,DELIVERED
POL-0004018,PO-2025-02401,1,MAT-00563,46,72.75,3346.5,DELIVERED
POL-0004019,PO-2025-02401,2,MAT-00528,108,29.61,3197.88,DELIVERED
POL-0004020,PO-2025-02401,3,MAT-00644,70,4.89,342.3,DELIVERED
POL-0004021,PO-2025-02402,1,MAT-00290,1403,12.44,17453.32,DELIVERED
POL-0004022,PO-2025-02402,2,MAT-01191,681,27.03,18407.43,DELIVERED
POL-0004023,PO-2025-02402,3,MAT-00414,4563,95.4,435310.2,DELIVERED
POL-0004024,PO-2025-02403,1,MAT-00809,2466,102.9,253751.4,DELIVERED
POL-0004025,PO-2025-02404,1,MAT-00808,2403,15.09,36261.27,DELIVERED
POL-0004026,PO-2025-02404,2,MAT-00995,1786,8.66,15466.76,DELIVERED
POL-0004027,PO-2025-02404,3,MAT-01169,347,50.44,17502.68,DELIVERED
POL-0004028,PO-2025-02405,1,MAT-00542,1032,7.41,7647.12,PENDING
POL-0004029,PO-2025-02405,2,MAT-01179,1067,8.13,8674.71,PENDING
POL-0004030,PO-2025-02406,1,MAT-00143,68,4.13,280.84,DELIVERED
POL-0004031,PO-2025-02406,2,MAT-00990,105,26.97,2831.85,DELIVERED
POL-0004032,PO-2025-02407,1,MAT-00226,102,87.58,8933.16,DELIVERED
POL-0004033,PO-2025-02407,2,MAT-00946,290,7.45,2160.5,DELIVERED
POL-0004034,PO-2025-02407,3,MAT-00962,90,102.48,9223.2,DELIVERED
POL-0004035,PO-2025-02407,4,MAT-00403,1245,28.29,35221.05,DELIVERED
POL-0004036,PO-2025-02408,1,MAT-00045,2285,4.78,10922.3,DELIVERED
POL-0004037,PO-2025-02409,1,MAT-00761,92,14.1,1297.2,IN_TRANSIT
POL-0004038,PO-2025-02410,1,MAT-00700,936,22.01,20601.36,DELIVERED
POL-0004039,PO-2025-02410,2,MAT-00840,112,21.61,2420.32,DELIVERED
POL-0004040,PO-2025-02411,1,MAT-00958,2730,41.38,112967.4,OVERDUE
POL-0004041,PO-2025-02412,1,MAT-00964,379,57.29,21712.91,DELIVERED
POL-0004042,PO-2025-02412,2,MAT-00246,2382,17.64,42018.48,DELIVERED
POL-0004043,PO-2025-02412,3,MAT-00374,48,70.9,3403.2,DELIVERED
POL-0004044,PO-2025-02413,1,MAT-00818,741,65.99,48898.59,DELIVERED
POL-0004045,PO-2025-02414,1,MAT-00520,197,58.4,11504.8,CANCELLED
POL-0004046,PO-2025-02415,1,MAT-00425,25,53.51,1337.75,DELIVERED
POL-0004047,PO-2025-02416,1,MAT-01035,1755,14.5,25447.5,DELIVERED
POL-0004048,PO-2025-02416,2,MAT-00829,4380,16.67,73014.6,DELIVERED
POL-0004049,PO-2025-02417,1,MAT-00745,74,46.09,3410.66,DELIVERED
POL-0004050,PO-2025-02418,1,MAT-00932,1524,199.06,303367.44,DELIVERED
POL-0004051,PO-2025-02418,2,MAT-00402,1055,14.37,15160.35,DELIVERED
POL-0004052,PO-2025-02419,1,MAT-00467,2232,46.79,104435.28,DELIVERED
POL-0004053,PO-2025-02420,1,MAT-00584,291,318.37,92645.67,OVERDUE
POL-0004054,PO-2025-02420,2,MAT-01053,30,40.63,1218.9,OVERDUE
POL-0004055,PO-2025-02421,1,MAT-00021,427,128.67,54942.09,OVERDUE
POL-0004056,PO-2025-02421,2,MAT-00502,208,205.13,42667.04,OVERDUE
POL-0004057,PO-2025-02422,1,MAT-00799,742,24.99,18542.58,DELIVERED
POL-0004058,PO-2025-02423,1,MAT-01064,497,3.59,1784.23,PENDING
POL-0004059,PO-2025-02423,2,MAT-00086,320,15.13,4841.6,PENDING
POL-0004060,PO-2025-02423,3,MAT-01173,2302,30.61,70464.22,PENDING
POL-0004061,PO-2025-02424,1,MAT-00442,56,24.22,1356.32,CANCELLED
POL-0004062,PO-2025-02424,2,MAT-00762,68,28.94,1967.92,CANCELLED
POL-0004063,PO-2025-02424,3,MAT-00701,1618,13.66,22101.88,CANCELLED
POL-0004064,PO-2025-02424,4,MAT-00111,1496,3.07,4592.72,CANCELLED
POL-0004065,PO-2025-02425,1,MAT-00741,229,3.4,778.6,DELIVERED
POL-0004066,PO-2025-02425,2,MAT-00824,63,18.89,1190.07,DELIVERED
POL-0004067,PO-2025-02426,1,MAT-00449,242,15.44,3736.48,OVERDUE
POL-0004068,PO-2025-02427,1,MAT-00723,169,5.49,927.81,CANCELLED
POL-0004069,PO-2025-02428,1,MAT-00241,218,10.63,2317.34,IN_TRANSIT
POL-0004070,PO-2025-02428,2,MAT-00369,3730,27.23,101567.9,IN_TRANSIT
POL-0004071,PO-2025-02428,3,MAT-00427,234,8.13,1902.42,IN_TRANSIT
POL-0004072,PO-2025-02429,1,MAT-00053,121,11.16,1350.36,OVERDUE
POL-0004073,PO-2025-02429,2,MAT-00192,3233,63.17,204228.61,OVERDUE
POL-0004074,PO-2025-02430,1,MAT-00669,3657,1.61,5887.77,DELIVERED
POL-0004075,PO-2025-02431,1,MAT-01089,63,17.94,1130.22,DELIVERED
POL-0004076,PO-2025-02431,2,MAT-01060,376,16.97,6380.72,DELIVERED
POL-0004077,PO-2025-02432,1,MAT-00114,48,400.81,19238.88,DELIVERED
POL-0004078,PO-2025-02433,1,MAT-00115,935,22.51,21046.85,DELIVERED
POL-0004079,PO-2025-02433,2,MAT-01058,608,91.18,55437.44,DELIVERED
POL-0004080,PO-2025-02434,1,MAT-00995,3993,8.66,34579.38,DELIVERED
POL-0004081,PO-2025-02435,1,MAT-00555,62,38.96,2415.52,DELIVERED
POL-0004082,PO-2025-02435,2,MAT-00174,1571,39.12,61457.52,DELIVERED
POL-0004083,PO-2025-02435,3,MAT-00996,1581,20.62,32600.22,DELIVERED
POL-0004084,PO-2025-02436,1,MAT-00385,83,10.25,850.75,OVERDUE
POL-0004085,PO-2025-02436,2,MAT-00202,3017,45.92,138540.64,OVERDUE
POL-0004086,PO-2025-02436,3,MAT-00379,4483,294.03,1318136.49,OVERDUE
POL-0004087,PO-2025-02437,1,MAT-00748,364,11.55,4204.2,DELIVERED
POL-0004088,PO-2025-02437,2,MAT-00163,117,86.31,10098.27,DELIVERED
POL-0004089,PO-2025-02438,1,MAT-00694,165,49.22,8121.3,DELIVERED
POL-0004090,PO-2025-02439,1,MAT-00673,353,18.27,6449.31,DELIVERED
POL-0004091,PO-2025-02440,1,MAT-00694,197,49.22,9696.34,DELIVERED
POL-0004092,PO-2025-02441,1,MAT-00667,384,20.06,7703.04,DELIVERED
POL-0004093,PO-2025-02442,1,MAT-00085,132,10.07,1329.24,DELIVERED
POL-0004094,PO-2025-02442,2,MAT-00740,596,72.02,42923.92,DELIVERED
POL-0004095,PO-2025-02442,3,MAT-00722,170,4.1,697.0,DELIVERED
POL-0004096,PO-2025-02443,1,MAT-00431,1248,7.03,8773.44,DELIVERED
POL-0004097,PO-2025-02444,1,MAT-00275,278,8.09,2249.02,DELIVERED
POL-0004098,PO-2025-02445,1,MAT-00926,171,4.52,772.92,DELIVERED
POL-0004099,PO-2025-02445,2,MAT-00582,225,15.45,3476.25,DELIVERED
POL-0004100,PO-2025-02446,1,MAT-00241,107,10.63,1137.41,DELIVERED
POL-0004101,PO-2025-02447,1,MAT-00509,624,26.62,16610.88,DELIVERED
POL-0004102,PO-2025-02448,1,MAT-00584,432,318.37,137535.84,DELIVERED
POL-0004103,PO-2025-02449,1,MAT-01166,4381,347.29,1521477.49,OVERDUE
POL-0004104,PO-2025-02449,2,MAT-00217,68,11.66,792.88,OVERDUE
POL-0004105,PO-2025-02449,3,MAT-00272,44,5.47,240.68,OVERDUE
POL-0004106,PO-2025-02450,1,MAT-01155,161,149.31,24038.91,DELIVERED
POL-0004107,PO-2025-02451,1,MAT-00746,2053,10.92,22418.76,OVERDUE
POL-0004108,PO-2025-02451,2,MAT-00883,2787,15.57,43393.59,OVERDUE
POL-0004109,PO-2025-02451,3,MAT-00043,1251,24.39,30511.89,OVERDUE
POL-0004110,PO-2025-02452,1,MAT-00254,258,80.96,20887.68,DELIVERED
POL-0004111,PO-2025-02452,2,MAT-00405,1055,15.34,16183.7,DELIVERED
POL-0004112,PO-2025-02453,1,MAT-00580,1412,89.7,126656.4,DELIVERED
POL-0004113,PO-2025-02454,1,MAT-00102,3222,15.85,51068.7,DELIVERED
POL-0004114,PO-2025-02455,1,MAT-00594,432,35.36,15275.52,DELIVERED
POL-0004115,PO-2025-02456,1,MAT-00892,243,43.57,10587.51,DELIVERED
POL-0004116,PO-2025-02456,2,MAT-00440,45,24.07,1083.15,DELIVERED
POL-0004117,PO-2025-02457,1,MAT-00991,103,35.34,3640.02,DELIVERED
POL-0004118,PO-2025-02457,2,MAT-00730,2017,10.79,21763.43,DELIVERED
POL-0004119,PO-2025-02458,1,MAT-00618,30,53.82,1614.6,DELIVERED
POL-0004120,PO-2025-02458,2,MAT-00412,329,7.13,2345.77,DELIVERED
POL-0004121,PO-2025-02459,1,MAT-00182,406,10.58,4295.48,DELIVERED
POL-0004122,PO-2025-02459,2,MAT-00192,3502,63.17,221221.34,DELIVERED
POL-0004123,PO-2025-02460,1,MAT-01186,454,76.1,34549.4,DELIVERED
POL-0004124,PO-2025-02460,2,MAT-00497,4481,7.66,34324.46,DELIVERED
POL-0004125,PO-2025-02461,1,MAT-00861,675,34.48,23274.0,DELIVERED
POL-0004126,PO-2025-02462,1,MAT-00755,247,9.46,2336.62,DELIVERED
POL-0004127,PO-2025-02463,1,MAT-00420,282,25.29,7131.78,DELIVERED
POL-0004128,PO-2025-02464,1,MAT-00389,2999,70.87,212539.13,CANCELLED
POL-0004129,PO-2025-02465,1,MAT-00088,3173,36.74,116576.02,DELIVERED
POL-0004130,PO-2025-02465,2,MAT-00917,307,48.1,14766.7,DELIVERED
POL-0004131,PO-2025-02465,3,MAT-00129,80,31.21,2496.8,DELIVERED
POL-0004132,PO-2025-02466,1,MAT-00433,139,18.12,2518.68,CANCELLED
POL-0004133,PO-2025-02467,1,MAT-00845,522,33.47,17471.34,DELIVERED
POL-0004134,PO-2025-02467,2,MAT-00277,1978,30.42,60170.76,DELIVERED
POL-0004135,PO-2025-02468,1,MAT-01114,108,46.78,5052.24,DELIVERED
POL-0004136,PO-2025-02469,1,MAT-00829,4264,16.67,71080.88,DELIVERED
POL-0004137,PO-2025-02470,1,MAT-00629,44,27.55,1212.2,DELIVERED
POL-0004138,PO-2025-02470,2,MAT-00341,2023,10.09,20412.07,DELIVERED
POL-0004139,PO-2025-02471,1,MAT-00890,230,85.97,19773.1,DELIVERED
POL-0004140,PO-2025-02471,2,MAT-00191,186,16.95,3152.7,DELIVERED
POL-0004141,PO-2025-02472,1,MAT-01126,3437,7.09,24368.33,DELIVERED
POL-0004142,PO-2025-02473,1,MAT-00346,222,34.05,7559.1,DELIVERED
POL-0004143,PO-2025-02473,2,MAT-00527,634,4.28,2713.52,DELIVERED
POL-0004144,PO-2025-02474,1,MAT-00445,105,6.48,680.4,DELIVERED
POL-0004145,PO-2025-02475,1,MAT-00827,4766,151.97,724289.02,DELIVERED
POL-0004146,PO-2025-02476,1,MAT-00776,638,4.92,3138.96,DELIVERED
POL-0004147,PO-2025-02476,2,MAT-00857,1835,11.28,20698.8,DELIVERED
POL-0004148,PO-2025-02476,3,MAT-01064,125,3.59,448.75,DELIVERED
POL-0004149,PO-2025-02476,4,MAT-00250,911,42.88,39063.68,DELIVERED
POL-0004150,PO-2025-02477,1,MAT-01102,197,1.65,325.05,DELIVERED
POL-0004151,PO-2025-02477,2,MAT-00280,2065,17.99,37149.35,DELIVERED
POL-0004152,PO-2025-02478,1,MAT-01148,2870,5.38,15440.6,DELIVERED
POL-0004153,PO-2025-02479,1,MAT-00472,1924,2.18,4194.32,DELIVERED
POL-0004154,PO-2025-02480,1,MAT-00418,123,31.86,3918.78,OVERDUE
POL-0004155,PO-2025-02480,2,MAT-00670,2983,91.39,272616.37,OVERDUE
POL-0004156,PO-2025-02481,1,MAT-00501,254,76.28,19375.12,DELIVERED
POL-0004157,PO-2025-02482,1,MAT-00667,416,20.06,8344.96,DELIVERED
POL-0004158,PO-2025-02482,2,MAT-00762,107,28.94,3096.58,DELIVERED
POL-0004159,PO-2025-02483,1,MAT-00943,317,51.39,16290.63,DELIVERED
POL-0004160,PO-2025-02484,1,MAT-00270,50,31.02,1551.0,DELIVERED
POL-0004161,PO-2025-02485,1,MAT-00541,572,67.19,38432.68,OVERDUE
POL-0004162,PO-2025-02486,1,MAT-00842,242,52.45,12692.9,PENDING
POL-0004163,PO-2025-02486,2,MAT-00515,2099,14.31,30036.69,PENDING
POL-0004164,PO-2025-02486,3,MAT-00364,29,37.38,1084.02,PENDING
POL-0004165,PO-2025-02486,4,MAT-00598,160,8.31,1329.6,PENDING
POL-0004166,PO-2025-02487,1,MAT-01045,111,22.55,2503.05,DELIVERED
POL-0004167,PO-2025-02487,2,MAT-00282,601,48.44,29112.44,DELIVERED
POL-0004168,PO-2025-02488,1,MAT-00668,3110,137.32,427065.2,PENDING
POL-0004169,PO-2025-02488,2,MAT-00045,4217,4.78,20157.26,PENDING
POL-0004170,PO-2025-02489,1,MAT-00838,113,8.08,913.04,PENDING
POL-0004171,PO-2025-02490,1,MAT-01121,495,79.69,39446.55,DELIVERED
POL-0004172,PO-2025-02490,2,MAT-00381,4331,9.39,40668.09,DELIVERED
POL-0004173,PO-2025-02491,1,MAT-01153,872,12.76,11126.72,DELIVERED
POL-0004174,PO-2025-02491,2,MAT-01004,921,11.94,10996.74,DELIVERED
POL-0004175,PO-2025-02491,3,MAT-00098,411,37.1,15248.1,DELIVERED
POL-0004176,PO-2025-02491,4,MAT-00264,91,8.15,741.65,DELIVERED
POL-0004177,PO-2025-02492,1,MAT-01123,99,48.63,4814.37,DELIVERED
POL-0004178,PO-2025-02492,2,MAT-01036,3462,155.05,536783.1,DELIVERED
POL-0004179,PO-2025-02492,3,MAT-00159,98,6.41,628.18,DELIVERED
POL-0004180,PO-2025-02493,1,MAT-01006,66,41.45,2735.7,DELIVERED
POL-0004181,PO-2025-02494,1,MAT-00548,1083,20.62,22331.46,OVERDUE
POL-0004182,PO-2025-02494,2,MAT-00606,830,220.63,183122.9,OVERDUE
POL-0004183,PO-2025-02495,1,MAT-00833,53,7.83,414.99,DELIVERED
POL-0004184,PO-2025-02496,1,MAT-00370,215,10.05,2160.75,DELIVERED
POL-0004185,PO-2025-02497,1,MAT-00649,1755,20.05,35187.75,DELIVERED
POL-0004186,PO-2025-02497,2,MAT-00982,3926,37.26,146282.76,DELIVERED
POL-0004187,PO-2025-02497,3,MAT-00751,373,9.47,3532.31,DELIVERED
POL-0004188,PO-2025-02498,1,MAT-00083,458,142.68,65347.44,DELIVERED
POL-0004189,PO-2025-02498,2,MAT-00287,71,21.7,1540.7,DELIVERED
POL-0004190,PO-2025-02499,1,MAT-01126,4292,7.09,30430.28,DELIVERED
POL-0004191,PO-2025-02499,2,MAT-00226,106,87.58,9283.48,DELIVERED
POL-0004192,PO-2025-02499,3,MAT-00916,195,38.32,7472.4,DELIVERED
POL-0004193,PO-2025-02500,1,MAT-00318,2773,17.1,47418.3,DELIVERED
POL-0004194,PO-2025-02500,2,MAT-00510,419,9.74,4081.06,DELIVERED
POL-0004195,PO-2025-02501,1,MAT-00368,1172,26.65,31233.8,DELIVERED
POL-0004196,PO-2025-02502,1,MAT-00454,2423,46.37,112354.51,DELIVERED
POL-0004197,PO-2025-02503,1,MAT-01045,50,22.55,1127.5,IN_TRANSIT
POL-0004198,PO-2025-02503,2,MAT-00668,2327,137.32,319543.64,IN_TRANSIT
POL-0004199,PO-2025-02504,1,MAT-00307,1848,95.19,175911.12,CANCELLED
POL-0004200,PO-2025-02504,2,MAT-00830,3516,18.38,64624.08,CANCELLED
POL-0004201,PO-2025-02504,3,MAT-00969,1994,25.85,51544.9,CANCELLED
POL-0004202,PO-2025-02505,1,MAT-00295,484,38.14,18459.76,DELIVERED
POL-0004203,PO-2025-02506,1,MAT-00895,1424,109.37,155742.88,DELIVERED
POL-0004204,PO-2025-02507,1,MAT-00156,219,10.81,2367.39,DELIVERED
POL-0004205,PO-2025-02508,1,MAT-00930,104,22.16,2304.64,CANCELLED
POL-0004206,PO-2025-02509,1,MAT-01177,104,4.33,450.32,DELIVERED
POL-0004207,PO-2025-02509,2,MAT-00578,3936,59.6,234585.6,DELIVERED
POL-0004208,PO-2025-02509,3,MAT-00655,2436,457.75,1115079.0,DELIVERED
POL-0004209,PO-2025-02510,1,MAT-00858,3326,39.46,131243.96,DELIVERED
POL-0004210,PO-2025-02510,2,MAT-00386,790,31.26,24695.4,DELIVERED
POL-0004211,PO-2025-02510,3,MAT-00222,382,3.54,1352.28,DELIVERED
POL-0004212,PO-2025-02511,1,MAT-00466,206,20.96,4317.76,DELIVERED
POL-0004213,PO-2025-02512,1,MAT-01083,1647,17.97,29596.59,PENDING
POL-0004214,PO-2025-02512,2,MAT-00293,194,13.28,2576.32,PENDING
POL-0004215,PO-2025-02513,1,MAT-00624,75,113.97,8547.75,DELIVERED
POL-0004216,PO-2025-02514,1,MAT-00648,2565,24.06,61713.9,DELIVERED
POL-0004217,PO-2025-02515,1,MAT-00748,195,11.55,2252.25,CANCELLED
POL-0004218,PO-2025-02516,1,MAT-00647,380,1.63,619.4,DELIVERED
POL-0004219,PO-2025-02517,1,MAT-00109,102,33.39,3405.78,DELIVERED
POL-0004220,PO-2025-02517,2,MAT-00924,4716,12.14,57252.24,DELIVERED
POL-0004221,PO-2025-02518,1,MAT-00068,1216,81.19,98727.04,DELIVERED
POL-0004222,PO-2025-02519,1,MAT-00553,953,90.33,86084.49,DELIVERED
POL-0004223,PO-2025-02520,1,MAT-00348,1755,5.1,8950.5,PENDING
POL-0004224,PO-2025-02520,2,MAT-01158,198,318.69,63100.62,PENDING
POL-0004225,PO-2025-02520,3,MAT-00190,2796,4.66,13029.36,PENDING
POL-0004226,PO-2025-02521,1,MAT-01105,855,86.37,73846.35,DELIVERED
POL-0004227,PO-2025-02522,1,MAT-00768,743,190.2,141318.6,IN_TRANSIT
POL-0004228,PO-2025-02522,2,MAT-00485,121,11.23,1358.83,IN_TRANSIT
POL-0004229,PO-2025-02523,1,MAT-01153,614,12.76,7834.64,DELIVERED
POL-0004230,PO-2025-02524,1,MAT-00711,3192,34.88,111336.96,DELIVERED
POL-0004231,PO-2025-02524,2,MAT-00507,3869,13.18,50993.42,DELIVERED
POL-0004232,PO-2025-02525,1,MAT-00151,89,32.31,2875.59,CANCELLED
POL-0004233,PO-2025-02526,1,MAT-00058,1934,18.55,35875.7,DELIVERED
POL-0004234,PO-2025-02527,1,MAT-00607,45,10.84,487.8,CANCELLED
POL-0004235,PO-2025-02528,1,MAT-00755,496,9.46,4692.16,DELIVERED
POL-0004236,PO-2025-02528,2,MAT-00756,513,487.53,250102.89,DELIVERED
POL-0004237,PO-2025-02528,3,MAT-00535,641,11.88,7615.08,DELIVERED
POL-0004238,PO-2025-02529,1,MAT-00026,3884,30.32,117762.88,DELIVERED
POL-0004239,PO-2025-02529,2,MAT-00922,36,7.6,273.6,DELIVERED
POL-0004240,PO-2025-02530,1,MAT-00328,432,63.39,27384.48,DELIVERED
POL-0004241,PO-2025-02530,2,MAT-00785,207,43.23,8948.61,DELIVERED
POL-0004242,PO-2025-02530,3,MAT-00133,148,7.66,1133.68,DELIVERED
POL-0004243,PO-2025-02530,4,MAT-00894,3050,93.26,284443.0,DELIVERED
POL-0004244,PO-2025-02531,1,MAT-00041,415,61.01,25319.15,CANCELLED
POL-0004245,PO-2025-02531,2,MAT-00893,108,78.98,8529.84,CANCELLED
POL-0004246,PO-2025-02531,3,MAT-00140,1679,6.41,10762.39,CANCELLED
POL-0004247,PO-2025-02532,1,MAT-01171,4489,56.02,251473.78,DELIVERED
POL-0004248,PO-2025-02533,1,MAT-00279,118,29.0,3422.0,DELIVERED
POL-0004249,PO-2025-02534,1,MAT-01073,413,29.22,12067.86,DELIVERED
POL-0004250,PO-2025-02534,2,MAT-00174,1055,39.12,41271.6,DELIVERED
POL-0004251,PO-2025-02534,3,MAT-00951,384,20.4,7833.6,DELIVERED
POL-0004252,PO-2025-02535,1,MAT-00790,3589,4.0,14356.0,DELIVERED
POL-0004253,PO-2025-02536,1,MAT-00822,45,129.03,5806.35,DELIVERED
POL-0004254,PO-2025-02537,1,MAT-00652,36,87.78,3160.08,DELIVERED
POL-0004255,PO-2025-02537,2,MAT-00343,1597,33.01,52716.97,DELIVERED
POL-0004256,PO-2025-02538,1,MAT-00726,1177,21.21,24964.17,DELIVERED
POL-0004257,PO-2025-02539,1,MAT-01166,3439,347.29,1194330.31,DELIVERED
POL-0004258,PO-2025-02539,2,MAT-00721,589,34.47,20302.83,DELIVERED
POL-0004259,PO-2025-02540,1,MAT-01016,112,34.28,3839.36,DELIVERED
POL-0004260,PO-2025-02540,2,MAT-01076,266,15.38,4091.08,DELIVERED
POL-0004261,PO-2025-02541,1,MAT-00969,1961,25.85,50691.85,DELIVERED
POL-0004262,PO-2025-02541,2,MAT-01004,976,11.94,11653.44,DELIVERED
POL-0004263,PO-2025-02542,1,MAT-00537,2495,10.62,26496.9,DELIVERED
POL-0004264,PO-2025-02542,2,MAT-00683,3618,14.72,53256.96,DELIVERED
POL-0004265,PO-2025-02543,1,MAT-00629,84,27.55,2314.2,DELIVERED
POL-0004266,PO-2025-02543,2,MAT-00255,854,4.64,3962.56,DELIVERED
POL-0004267,PO-2025-02544,1,MAT-00297,1259,70.09,88243.31,DELIVERED
POL-0004268,PO-2025-02545,1,MAT-00521,361,4.17,1505.37,DELIVERED
POL-0004269,PO-2025-02545,2,MAT-00183,3274,7.24,23703.76,DELIVERED
POL-0004270,PO-2025-02545,3,MAT-01199,825,34.48,28446.0,DELIVERED
POL-0004271,PO-2025-02546,1,MAT-00432,925,2.59,2395.75,IN_TRANSIT
POL-0004272,PO-2025-02546,2,MAT-00157,99,216.85,21468.15,IN_TRANSIT
POL-0004273,PO-2025-02547,1,MAT-01137,78,86.68,6761.04,DELIVERED
POL-0004274,PO-2025-02547,2,MAT-01056,104,13.03,1355.12,DELIVERED
POL-0004275,PO-2025-02548,1,MAT-00978,42,1.78,74.76,DELIVERED
POL-0004276,PO-2025-02548,2,MAT-00352,30,135.81,4074.3,DELIVERED
POL-0004277,PO-2025-02548,3,MAT-00567,2051,2.78,5701.78,DELIVERED
POL-0004278,PO-2025-02549,1,MAT-01006,161,41.45,6673.45,DELIVERED
POL-0004279,PO-2025-02550,1,MAT-00826,1923,125.95,242201.85,DELIVERED
POL-0004280,PO-2025-02551,1,MAT-00339,178,44.34,7892.52,DELIVERED
POL-0004281,PO-2025-02552,1,MAT-01046,494,69.27,34219.38,OVERDUE
POL-0004282,PO-2025-02553,1,MAT-00568,305,8.08,2464.4,DELIVERED
POL-0004283,PO-2025-02553,2,MAT-00667,486,20.06,9749.16,DELIVERED
POL-0004284,PO-2025-02554,1,MAT-01014,4658,12.66,58970.28,DELIVERED
POL-0004285,PO-2025-02555,1,MAT-00617,99,28.11,2782.89,DELIVERED
POL-0004286,PO-2025-02556,1,MAT-00157,167,216.85,36213.95,DELIVERED
POL-0004287,PO-2025-02557,1,MAT-00941,393,6.32,2483.76,DELIVERED
POL-0004288,PO-2025-02558,1,MAT-00386,1335,31.26,41732.1,DELIVERED
POL-0004289,PO-2025-02559,1,MAT-00526,1313,3.7,4858.1,PENDING
POL-0004290,PO-2025-02559,2,MAT-00774,4559,76.97,350906.23,PENDING
POL-0004291,PO-2025-02560,1,MAT-00944,1009,20.93,21118.37,DELIVERED
POL-0004292,PO-2025-02561,1,MAT-00467,620,46.79,29009.8,IN_TRANSIT
POL-0004293,PO-2025-02561,2,MAT-00139,26,59.59,1549.34,IN_TRANSIT
POL-0004294,PO-2025-02561,3,MAT-00299,1108,60.43,66956.44,IN_TRANSIT
POL-0004295,PO-2025-02562,1,MAT-00971,1601,28.49,45612.49,DELIVERED
POL-0004296,PO-2025-02562,2,MAT-00003,35,54.31,1900.85,DELIVERED
POL-0004297,PO-2025-02562,3,MAT-01075,2099,77.99,163701.01,DELIVERED
POL-0004298,PO-2025-02563,1,MAT-01035,2195,14.5,31827.5,DELIVERED
POL-0004299,PO-2025-02564,1,MAT-00503,778,5.68,4419.04,CANCELLED
POL-0004300,PO-2025-02565,1,MAT-01030,575,8.23,4732.25,DELIVERED
POL-0004301,PO-2025-02565,2,MAT-00387,109,36.38,3965.42,DELIVERED
POL-0004302,PO-2025-02566,1,MAT-00757,4348,48.01,208747.48,DELIVERED
POL-0004303,PO-2025-02566,2,MAT-00587,218,15.05,3280.9,DELIVERED
POL-0004304,PO-2025-02566,3,MAT-00331,253,25.68,6497.04,DELIVERED
POL-0004305,PO-2025-02567,1,MAT-00619,25,42.28,1057.0,DELIVERED
POL-0004306,PO-2025-02567,2,MAT-00365,2423,51.48,124736.04,DELIVERED
POL-0004307,PO-2025-02567,3,MAT-00473,1183,4.49,5311.67,DELIVERED
POL-0004308,PO-2025-02567,4,MAT-00514,1043,9.35,9752.05,DELIVERED
POL-0004309,PO-2025-02568,1,MAT-00348,2173,5.1,11082.3,DELIVERED
POL-0004310,PO-2025-02569,1,MAT-00171,126,9.09,1145.34,DELIVERED
POL-0004311,PO-2025-02570,1,MAT-00128,3647,14.64,53392.08,DELIVERED
POL-0004312,PO-2025-02571,1,MAT-00855,123,128.91,15855.93,OVERDUE
POL-0004313,PO-2025-02572,1,MAT-00106,76,42.34,3217.84,DELIVERED
POL-0004314,PO-2025-02573,1,MAT-00532,2164,4.5,9738.0,DELIVERED
POL-0004315,PO-2025-02574,1,MAT-00219,58,15.65,907.7,DELIVERED
POL-0004316,PO-2025-02575,1,MAT-00692,981,84.82,83208.42,DELIVERED
POL-0004317,PO-2025-02576,1,MAT-00688,924,17.7,16354.8,IN_TRANSIT
POL-0004318,PO-2025-02577,1,MAT-00891,3071,68.06,209012.26,DELIVERED
POL-0004319,PO-2025-02578,1,MAT-00138,1603,19.38,31066.14,DELIVERED
POL-0004320,PO-2025-02578,2,MAT-00900,896,11.44,10250.24,DELIVERED
POL-0004321,PO-2025-02578,3,MAT-00203,366,91.24,33393.84,DELIVERED
POL-0004322,PO-2025-02579,1,MAT-00970,2105,5.12,10777.6,DELIVERED
POL-0004323,PO-2025-02580,1,MAT-00366,111,16.01,1777.11,PENDING
POL-0004324,PO-2025-02580,2,MAT-00211,1800,45.23,81414.0,PENDING
POL-0004325,PO-2025-02580,3,MAT-00328,328,63.39,20791.92,PENDING
POL-0004326,PO-2025-02581,1,MAT-00554,668,32.22,21522.96,DELIVERED
POL-0004327,PO-2025-02582,1,MAT-01052,332,39.07,12971.24,OVERDUE
POL-0004328,PO-2025-02582,2,MAT-00583,4418,55.31,244359.58,OVERDUE
POL-0004329,PO-2025-02583,1,MAT-00845,412,33.47,13789.64,DELIVERED
POL-0004330,PO-2025-02584,1,MAT-00063,301,7.25,2182.25,DELIVERED
POL-0004331,PO-2025-02585,1,MAT-01037,305,6.68,2037.4,DELIVERED
POL-0004332,PO-2025-02585,2,MAT-01067,2564,5.91,15153.24,DELIVERED
POL-0004333,PO-2025-02585,3,MAT-00746,1748,10.92,19088.16,DELIVERED
POL-0004334,PO-2025-02585,4,MAT-01114,64,46.78,2993.92,DELIVERED
POL-0004335,PO-2025-02586,1,MAT-01111,749,19.73,14777.77,DELIVERED
POL-0004336,PO-2025-02586,2,MAT-00790,2828,4.0,11312.0,DELIVERED
POL-0004337,PO-2025-02587,1,MAT-00670,3557,91.39,325074.23,DELIVERED
POL-0004338,PO-2025-02588,1,MAT-00254,323,80.96,26150.08,DELIVERED
POL-0004339,PO-2025-02588,2,MAT-00053,228,11.16,2544.48,DELIVERED
POL-0004340,PO-2025-02589,1,MAT-00202,1870,45.92,85870.4,DELIVERED
POL-0004341,PO-2025-02589,2,MAT-00736,1305,39.69,51795.45,DELIVERED
POL-0004342,PO-2025-02589,3,MAT-01093,407,59.23,24106.61,DELIVERED
POL-0004343,PO-2025-02590,1,MAT-00483,489,4.36,2132.04,DELIVERED
POL-0004344,PO-2025-02590,2,MAT-00257,39,107.34,4186.26,DELIVERED
POL-0004345,PO-2025-02590,3,MAT-00516,644,55.41,35684.04,DELIVERED
POL-0004346,PO-2025-02591,1,MAT-00805,163,15.46,2519.98,DELIVERED
POL-0004347,PO-2025-02591,2,MAT-00286,2252,3.27,7364.04,DELIVERED
POL-0004348,PO-2025-02591,3,MAT-00519,40,27.26,1090.4,DELIVERED
POL-0004349,PO-2025-02591,4,MAT-01100,269,39.55,10638.95,DELIVERED
POL-0004350,PO-2025-02592,1,MAT-00081,153,20.25,3098.25,DELIVERED
POL-0004351,PO-2025-02593,1,MAT-00406,55,55.54,3054.7,DELIVERED
POL-0004352,PO-2025-02593,2,MAT-01105,950,86.37,82051.5,DELIVERED
POL-0004353,PO-2025-02593,3,MAT-01023,736,23.04,16957.44,DELIVERED
POL-0004354,PO-2025-02594,1,MAT-00275,417,8.09,3373.53,DELIVERED
POL-0004355,PO-2025-02595,1,MAT-00107,4529,218.46,989405.34,DELIVERED
POL-0004356,PO-2025-02595,2,MAT-00759,1104,10.65,11757.6,DELIVERED
POL-0004357,PO-2025-02596,1,MAT-00039,244,6.02,1468.88,DELIVERED
POL-0004358,PO-2025-02597,1,MAT-00706,31,49.23,1526.13,DELIVERED
POL-0004359,PO-2025-02598,1,MAT-01090,100,21.24,2124.0,DELIVERED
POL-0004360,PO-2025-02598,2,MAT-00480,166,96.46,16012.36,DELIVERED
POL-0004361,PO-2025-02598,3,MAT-00654,3797,7.32,27794.04,DELIVERED
POL-0004362,PO-2025-02599,1,MAT-00450,176,7.55,1328.8,DELIVERED
POL-0004363,PO-2025-02600,1,MAT-00781,1801,29.37,52895.37,DELIVERED
POL-0004364,PO-2025-02601,1,MAT-01057,1158,27.41,31740.78,OVERDUE
POL-0004365,PO-2025-02601,2,MAT-00370,360,10.05,3618.0,OVERDUE
POL-0004366,PO-2025-02602,1,MAT-00476,771,18.94,14602.74,DELIVERED
POL-0004367,PO-2025-02603,1,MAT-00753,186,8.73,1623.78,DELIVERED
POL-0004368,PO-2025-02603,2,MAT-00384,369,13.47,4970.43,DELIVERED
POL-0004369,PO-2025-02604,1,MAT-00392,307,47.29,14518.03,DELIVERED
POL-0004370,PO-2025-02605,1,MAT-00015,389,3.92,1524.88,DELIVERED
POL-0004371,PO-2025-02606,1,MAT-01130,1042,37.06,38616.52,DELIVERED
POL-0004372,PO-2025-02606,2,MAT-00819,447,29.25,13074.75,DELIVERED
POL-0004373,PO-2025-02607,1,MAT-00710,265,162.07,42948.55,DELIVERED
POL-0004374,PO-2025-02607,2,MAT-00145,1950,34.36,67002.0,DELIVERED
POL-0004375,PO-2025-02608,1,MAT-00024,202,4.87,983.74,DELIVERED
POL-0004376,PO-2025-02608,2,MAT-00573,1979,37.85,74905.15,DELIVERED
POL-0004377,PO-2025-02609,1,MAT-00570,117,16.45,1924.65,OVERDUE
POL-0004378,PO-2025-02609,2,MAT-00402,1067,14.37,15332.79,OVERDUE
POL-0004379,PO-2025-02610,1,MAT-00387,69,36.38,2510.22,DELIVERED
POL-0004380,PO-2025-02611,1,MAT-00847,3990,32.1,128079.0,PENDING
POL-0004381,PO-2025-02612,1,MAT-00204,184,87.59,16116.56,DELIVERED
POL-0004382,PO-2025-02613,1,MAT-00879,519,27.65,14350.35,DELIVERED
POL-0004383,PO-2025-02613,2,MAT-00687,1967,19.31,37982.77,DELIVERED
POL-0004384,PO-2025-02614,1,MAT-00516,1155,55.41,63998.55,DELIVERED
POL-0004385,PO-2025-02614,2,MAT-00289,974,38.15,37158.1,DELIVERED
POL-0004386,PO-2025-02614,3,MAT-00276,267,45.13,12049.71,DELIVERED
POL-0004387,PO-2025-02615,1,MAT-00998,241,52.87,12741.67,CANCELLED
POL-0004388,PO-2025-02616,1,MAT-00354,626,23.19,14516.94,DELIVERED
POL-0004389,PO-2025-02617,1,MAT-01078,138,14.68,2025.84,CANCELLED
POL-0004390,PO-2025-02618,1,MAT-00656,3996,28.04,112047.84,DELIVERED
POL-0004391,PO-2025-02619,1,MAT-01191,1066,27.03,28813.98,DELIVERED
POL-0004392,PO-2025-02620,1,MAT-00145,1954,34.36,67139.44,DELIVERED
POL-0004393,PO-2025-02620,2,MAT-00216,459,64.45,29582.55,DELIVERED
POL-0004394,PO-2025-02620,3,MAT-01096,150,24.14,3621.0,DELIVERED
POL-0004395,PO-2025-02620,4,MAT-00332,4895,10.17,49782.15,DELIVERED
POL-0004396,PO-2025-02621,1,MAT-00111,2037,3.07,6253.59,DELIVERED
POL-0004397,PO-2025-02621,2,MAT-00054,276,49.45,13648.2,DELIVERED
POL-0004398,PO-2025-02622,1,MAT-01091,3188,24.48,78042.24,DELIVERED
POL-0004399,PO-2025-02623,1,MAT-00763,1501,434.25,651809.25,OVERDUE
POL-0004400,PO-2025-02624,1,MAT-00624,33,113.97,3761.01,PENDING
POL-0004401,PO-2025-02625,1,MAT-00094,176,17.19,3025.44,CANCELLED
POL-0004402,PO-2025-02626,1,MAT-00964,327,57.29,18733.83,DELIVERED
POL-0004403,PO-2025-02627,1,MAT-01176,54,20.33,1097.82,DELIVERED
POL-0004404,PO-2025-02628,1,MAT-00385,97,10.25,994.25,PENDING
POL-0004405,PO-2025-02629,1,MAT-00629,31,27.55,854.05,DELIVERED
POL-0004406,PO-2025-02630,1,MAT-00093,261,11.8,3079.8,DELIVERED
POL-0004407,PO-2025-02631,1,MAT-00599,116,16.78,1946.48,DELIVERED
POL-0004408,PO-2025-02632,1,MAT-00933,4903,5.69,27898.07,DELIVERED
POL-0004409,PO-2025-02633,1,MAT-00301,100,10.18,1018.0,DELIVERED
POL-0004410,PO-2025-02634,1,MAT-00951,326,20.4,6650.4,DELIVERED
POL-0004411,PO-2025-02634,2,MAT-01071,210,25.22,5296.2,DELIVERED
POL-0004412,PO-2025-02635,1,MAT-01146,137,28.45,3897.65,DELIVERED
POL-0004413,PO-2025-02636,1,MAT-00760,32,54.98,1759.36,DELIVERED
POL-0004414,PO-2025-02637,1,MAT-00437,4199,152.09,638625.91,DELIVERED
POL-0004415,PO-2025-02637,2,MAT-00086,211,15.13,3192.43,DELIVERED
POL-0004416,PO-2025-02638,1,MAT-00976,100,3.26,326.0,DELIVERED
POL-0004417,PO-2025-02639,1,MAT-00700,1078,22.01,23726.78,DELIVERED
POL-0004418,PO-2025-02639,2,MAT-00458,106,8.73,925.38,DELIVERED
POL-0004419,PO-2025-02640,1,MAT-01103,261,278.63,72722.43,CANCELLED
POL-0004420,PO-2025-02640,2,MAT-00639,195,5.89,1148.55,CANCELLED
POL-0004421,PO-2025-02641,1,MAT-00083,227,142.68,32388.36,DELIVERED
POL-0004422,PO-2025-02642,1,MAT-00679,115,77.08,8864.2,DELIVERED
POL-0004423,PO-2025-02643,1,MAT-00802,2222,15.7,34885.4,DELIVERED
POL-0004424,PO-2025-02644,1,MAT-00392,924,47.29,43695.96,IN_TRANSIT
POL-0004425,PO-2025-02645,1,MAT-00648,2256,24.06,54279.36,CANCELLED
POL-0004426,PO-2025-02646,1,MAT-00862,143,4.61,659.23,DELIVERED
POL-0004427,PO-2025-02647,1,MAT-00153,87,12.75,1109.25,DELIVERED
POL-0004428,PO-2025-02647,2,MAT-00710,243,162.07,39383.01,DELIVERED
POL-0004429,PO-2025-02648,1,MAT-00714,237,39.35,9325.95,DELIVERED
POL-0004430,PO-2025-02649,1,MAT-00074,1506,148.95,224318.7,DELIVERED
POL-0004431,PO-2025-02649,2,MAT-01077,315,4.68,1474.2,DELIVERED
POL-0004432,PO-2025-02650,1,MAT-00338,115,17.48,2010.2,DELIVERED
POL-0004433,PO-2025-02651,1,MAT-00287,112,21.7,2430.4,DELIVERED
POL-0004434,PO-2025-02651,2,MAT-00140,2474,6.41,15858.34,DELIVERED
POL-0004435,PO-2025-02652,1,MAT-00356,367,7.8,2862.6,DELIVERED
POL-0004436,PO-2025-02653,1,MAT-01101,120,80.68,9681.6,DELIVERED
POL-0004437,PO-2025-02653,2,MAT-00637,160,58.6,9376.0,DELIVERED
POL-0004438,PO-2025-02653,3,MAT-00838,146,8.08,1179.68,DELIVERED
POL-0004439,PO-2025-02654,1,MAT-01069,683,16.35,11167.05,CANCELLED
POL-0004440,PO-2025-02655,1,MAT-00599,159,16.78,2668.02,DELIVERED
POL-0004441,PO-2025-02656,1,MAT-00963,2459,31.8,78196.2,PENDING
POL-0004442,PO-2025-02656,2,MAT-01029,285,54.15,15432.75,PENDING
POL-0004443,PO-2025-02656,3,MAT-00029,480,12.48,5990.4,PENDING
POL-0004444,PO-2025-02657,1,MAT-00322,909,53.98,49067.82,DELIVERED
POL-0004445,PO-2025-02657,2,MAT-00460,414,6.99,2893.86,DELIVERED
POL-0004446,PO-2025-02658,1,MAT-00060,3637,78.27,284667.99,DELIVERED
POL-0004447,PO-2025-02658,2,MAT-01086,326,38.69,12612.94,DELIVERED
POL-0004448,PO-2025-02658,3,MAT-00989,3629,18.9,68588.1,DELIVERED
POL-0004449,PO-2025-02659,1,MAT-00526,2096,3.7,7755.2,DELIVERED
POL-0004450,PO-2025-02660,1,MAT-00467,1981,46.79,92690.99,DELIVERED
POL-0004451,PO-2025-02660,2,MAT-01175,78,10.94,853.32,DELIVERED
POL-0004452,PO-2025-02661,1,MAT-00828,777,15.32,11903.64,DELIVERED
POL-0004453,PO-2025-02662,1,MAT-00216,491,64.45,31644.95,DELIVERED
POL-0004454,PO-2025-02663,1,MAT-00502,121,205.13,24820.73,DELIVERED
POL-0004455,PO-2025-02664,1,MAT-00777,142,11.98,1701.16,DELIVERED
POL-0004456,PO-2025-02665,1,MAT-00166,2307,42.74,98601.18,DELIVERED
POL-0004457,PO-2025-02666,1,MAT-00943,1138,51.39,58481.82,DELIVERED
POL-0004458,PO-2025-02667,1,MAT-00961,206,49.49,10194.94,CANCELLED
POL-0004459,PO-2025-02667,2,MAT-00678,919,160.83,147802.77,CANCELLED
POL-0004460,PO-2025-02668,1,MAT-00283,45,150.43,6769.35,OVERDUE
POL-0004461,PO-2025-02668,2,MAT-00150,107,32.61,3489.27,OVERDUE
POL-0004462,PO-2025-02669,1,MAT-00529,115,36.94,4248.1,DELIVERED
POL-0004463,PO-2025-02669,2,MAT-00282,555,48.44,26884.2,DELIVERED
POL-0004464,PO-2025-02669,3,MAT-00024,295,4.87,1436.65,DELIVERED
POL-0004465,PO-2025-02670,1,MAT-00508,224,9.86,2208.64,DELIVERED
POL-0004466,PO-2025-02671,1,MAT-00362,673,151.24,101784.52,DELIVERED
POL-0004467,PO-2025-02671,2,MAT-00897,90,19.49,1754.1,DELIVERED
POL-0004468,PO-2025-02672,1,MAT-00501,226,76.28,17239.28,DELIVERED
POL-0004469,PO-2025-02672,2,MAT-00870,1479,232.82,344340.78,DELIVERED
POL-0004470,PO-2025-02673,1,MAT-00839,1930,74.27,143341.1,DELIVERED
POL-0004471,PO-2025-02673,2,MAT-00638,52,26.74,1390.48,DELIVERED
POL-0004472,PO-2025-02674,1,MAT-00291,2317,21.89,50719.13,DELIVERED
POL-0004473,PO-2025-02674,2,MAT-00430,1377,3.54,4874.58,DELIVERED
POL-0004474,PO-2025-02674,3,MAT-00649,1570,20.05,31478.5,DELIVERED
POL-0004475,PO-2025-02675,1,MAT-00316,31,27.03,837.93,DELIVERED
POL-0004476,PO-2025-02675,2,MAT-00219,103,15.65,1611.95,DELIVERED
POL-0004477,PO-2025-02676,1,MAT-01189,177,49.09,8688.93,DELIVERED
POL-0004478,PO-2025-02677,1,MAT-01137,94,86.68,8147.92,DELIVERED
POL-0004479,PO-2025-02678,1,MAT-00683,2983,14.72,43909.76,DELIVERED
POL-0004480,PO-2025-02678,2,MAT-00094,224,17.19,3850.56,DELIVERED
POL-0004481,PO-2025-02678,3,MAT-01042,338,14.79,4999.02,DELIVERED
POL-0004482,PO-2025-02679,1,MAT-00924,2178,12.14,26440.92,DELIVERED
POL-0004483,PO-2025-02679,2,MAT-00270,60,31.02,1861.2,DELIVERED
POL-0004484,PO-2025-02680,1,MAT-00575,1028,58.55,60189.4,DELIVERED
POL-0004485,PO-2025-02681,1,MAT-00561,1112,36.74,40854.88,DELIVERED
POL-0004486,PO-2025-02682,1,MAT-00579,3128,4.58,14326.24,DELIVERED
POL-0004487,PO-2025-02683,1,MAT-01047,242,57.37,13883.54,DELIVERED
POL-0004488,PO-2025-02684,1,MAT-00937,843,8.09,6819.87,DELIVERED
POL-0004489,PO-2025-02685,1,MAT-01152,3331,2.44,8127.64,DELIVERED
POL-0004490,PO-2025-02686,1,MAT-00287,100,21.7,2170.0,IN_TRANSIT
POL-0004491,PO-2025-02686,2,MAT-00959,81,47.22,3824.82,IN_TRANSIT
POL-0004492,PO-2025-02686,3,MAT-00739,503,150.17,75535.51,IN_TRANSIT
POL-0004493,PO-2025-02687,1,MAT-00726,310,21.21,6575.1,DELIVERED
POL-0004494,PO-2025-02687,2,MAT-00456,156,10.4,1622.4,DELIVERED
POL-0004495,PO-2025-02688,1,MAT-00518,1202,8.68,10433.36,DELIVERED
POL-0004496,PO-2025-02689,1,MAT-00739,644,150.17,96709.48,DELIVERED
POL-0004497,PO-2025-02690,1,MAT-00117,96,23.25,2232.0,DELIVERED
POL-0004498,PO-2025-02690,2,MAT-01198,1094,45.99,50313.06,DELIVERED
POL-0004499,PO-2025-02691,1,MAT-01042,823,14.79,12172.17,OVERDUE
POL-0004500,PO-2025-02692,1,MAT-00319,1683,38.12,64155.96,DELIVERED
POL-0004501,PO-2025-02692,2,MAT-00542,819,7.41,6068.79,DELIVERED
POL-0004502,PO-2025-02692,3,MAT-00538,586,15.39,9018.54,DELIVERED
POL-0004503,PO-2025-02693,1,MAT-00628,450,21.55,9697.5,DELIVERED
POL-0004504,PO-2025-02693,2,MAT-00355,139,27.03,3757.17,DELIVERED
POL-0004505,PO-2025-02694,1,MAT-00396,1955,14.6,28543.0,DELIVERED
POL-0004506,PO-2025-02695,1,MAT-00295,158,38.14,6026.12,DELIVERED
POL-0004507,PO-2025-02696,1,MAT-00574,128,20.04,2565.12,DELIVERED
POL-0004508,PO-2025-02696,2,MAT-00265,1451,19.46,28236.46,DELIVERED
POL-0004509,PO-2025-02696,3,MAT-00210,142,1869.34,265446.28,DELIVERED
POL-0004510,PO-2025-02696,4,MAT-00555,96,38.96,3740.16,DELIVERED
POL-0004511,PO-2025-02697,1,MAT-00567,1827,2.78,5079.06,DELIVERED
POL-0004512,PO-2025-02698,1,MAT-00204,96,87.59,8408.64,IN_TRANSIT
POL-0004513,PO-2025-02698,2,MAT-00163,241,86.31,20800.71,IN_TRANSIT
POL-0004514,PO-2025-02699,1,MAT-00033,4218,24.38,102834.84,OVERDUE
POL-0004515,PO-2025-02699,2,MAT-01090,96,21.24,2039.04,OVERDUE
POL-0004516,PO-2025-02700,1,MAT-00332,3545,10.17,36052.65,DELIVERED
POL-0004517,PO-2025-02701,1,MAT-00731,2679,34.48,92371.92,DELIVERED
POL-0004518,PO-2025-02701,2,MAT-00987,4178,138.37,578109.86,DELIVERED
POL-0004519,PO-2025-02701,3,MAT-00374,45,70.9,3190.5,DELIVERED
POL-0004520,PO-2025-02702,1,MAT-00431,4008,7.03,28176.24,PENDING
POL-0004521,PO-2025-02703,1,MAT-00936,1863,13.86,25821.18,DELIVERED
POL-0004522,PO-2025-02704,1,MAT-00857,582,11.28,6564.96,DELIVERED
POL-0004523,PO-2025-02705,1,MAT-00283,31,150.43,4663.33,DELIVERED
POL-0004524,PO-2025-02705,2,MAT-00397,2288,3.9,8923.2,DELIVERED
POL-0004525,PO-2025-02706,1,MAT-00515,1186,14.31,16971.66,CANCELLED
POL-0004526,PO-2025-02706,2,MAT-01018,63,14.92,939.96,CANCELLED
POL-0004527,PO-2025-02706,3,MAT-00731,2905,34.48,100164.4,CANCELLED
POL-0004528,PO-2025-02707,1,MAT-00229,323,11.05,3569.15,DELIVERED
POL-0004529,PO-2025-02707,2,MAT-00135,3224,10.03,32336.72,DELIVERED
POL-0004530,PO-2025-02708,1,MAT-00455,109,15.14,1650.26,DELIVERED
POL-0004531,PO-2025-02708,2,MAT-00957,139,38.32,5326.48,DELIVERED
POL-0004532,PO-2025-02709,1,MAT-00467,2477,46.79,115898.83,PENDING
POL-0004533,PO-2025-02709,2,MAT-00564,238,17.34,4126.92,PENDING
POL-0004534,PO-2025-02710,1,MAT-00638,93,26.74,2486.82,OVERDUE
POL-0004535,PO-2025-02710,2,MAT-00930,91,22.16,2016.56,OVERDUE
POL-0004536,PO-2025-02711,1,MAT-00765,500,91.59,45795.0,DELIVERED
POL-0004537,PO-2025-02711,2,MAT-00121,722,59.21,42749.62,DELIVERED
POL-0004538,PO-2025-02712,1,MAT-00354,2006,23.19,46519.14,DELIVERED
POL-0004539,PO-2025-02713,1,MAT-01070,3572,34.39,122841.08,DELIVERED
POL-0004540,PO-2025-02713,2,MAT-00663,820,22.62,18548.4,DELIVERED
POL-0004541,PO-2025-02714,1,MAT-00078,1062,19.35,20549.7,IN_TRANSIT
POL-0004542,PO-2025-02715,1,MAT-01057,4158,27.41,113970.78,DELIVERED
POL-0004543,PO-2025-02716,1,MAT-00061,3203,15.72,50351.16,DELIVERED
POL-0004544,PO-2025-02716,2,MAT-01103,122,278.63,33992.86,DELIVERED
POL-0004545,PO-2025-02716,3,MAT-00889,4454,51.09,227554.86,DELIVERED
POL-0004546,PO-2025-02717,1,MAT-00580,4181,89.7,375035.7,DELIVERED
POL-0004547,PO-2025-02718,1,MAT-00573,1526,37.85,57759.1,OVERDUE
POL-0004548,PO-2025-02719,1,MAT-01119,4125,31.06,128122.5,DELIVERED
POL-0004549,PO-2025-02720,1,MAT-00665,58,11.14,646.12,CANCELLED
POL-0004550,PO-2025-02721,1,MAT-00199,463,26.32,12186.16,DELIVERED
POL-0004551,PO-2025-02721,2,MAT-00361,1151,48.82,56191.82,DELIVERED
POL-0004552,PO-2025-02722,1,MAT-00801,75,67.85,5088.75,IN_TRANSIT
POL-0004553,PO-2025-02722,2,MAT-00365,1503,51.48,77374.44,IN_TRANSIT
POL-0004554,PO-2025-02723,1,MAT-00695,28,48.21,1349.88,DELIVERED
POL-0004555,PO-2025-02723,2,MAT-00463,90,12.08,1087.2,DELIVERED
POL-0004556,PO-2025-02724,1,MAT-00554,1877,32.22,60476.94,PENDING
POL-0004557,PO-2025-02724,2,MAT-00822,39,129.03,5032.17,PENDING
POL-0004558,PO-2025-02725,1,MAT-00998,170,52.87,8987.9,DELIVERED
POL-0004559,PO-2025-02725,2,MAT-00413,110,4.8,528.0,DELIVERED
POL-0004560,PO-2025-02725,3,MAT-00587,71,15.05,1068.55,DELIVERED
POL-0004561,PO-2025-02726,1,MAT-00774,4577,76.97,352291.69,CANCELLED
POL-0004562,PO-2025-02727,1,MAT-01147,870,7.16,6229.2,DELIVERED
POL-0004563,PO-2025-02728,1,MAT-00177,70,25.39,1777.3,DELIVERED
POL-0004564,PO-2025-02728,2,MAT-00310,122,19.19,2341.18,DELIVERED
POL-0004565,PO-2025-02728,3,MAT-00594,479,35.36,16937.44,DELIVERED
POL-0004566,PO-2025-02729,1,MAT-01033,861,41.82,36007.02,DELIVERED
POL-0004567,PO-2025-02730,1,MAT-00650,164,54.47,8933.08,DELIVERED
POL-0004568,PO-2025-02731,1,MAT-01178,925,21.0,19425.0,DELIVERED
POL-0004569,PO-2025-02732,1,MAT-01069,688,16.35,11248.8,CANCELLED
POL-0004570,PO-2025-02732,2,MAT-00030,520,19.73,10259.6,CANCELLED
POL-0004571,PO-2025-02732,3,MAT-00006,2170,20.44,44354.8,CANCELLED
POL-0004572,PO-2025-02732,4,MAT-00989,3513,18.9,66395.7,CANCELLED
POL-0004573,PO-2025-02733,1,MAT-00412,697,7.13,4969.61,DELIVERED
POL-0004574,PO-2025-02734,1,MAT-00807,779,30.8,23993.2,OVERDUE
POL-0004575,PO-2025-02734,2,MAT-00103,1083,16.35,17707.05,OVERDUE
POL-0004576,PO-2025-02734,3,MAT-00452,1836,72.32,132779.52,OVERDUE
POL-0004577,PO-2025-02735,1,MAT-00326,1471,7.37,10841.27,CANCELLED
POL-0004578,PO-2025-02735,2,MAT-00746,1278,10.92,13955.76,CANCELLED
POL-0004579,PO-2025-02736,1,MAT-00991,27,35.34,954.18,DELIVERED
POL-0004580,PO-2025-02737,1,MAT-00700,484,22.01,10652.84,DELIVERED
POL-0004581,PO-2025-02738,1,MAT-00625,25,156.15,3903.75,DELIVERED
POL-0004582,PO-2025-02739,1,MAT-01106,46,8.11,373.06,OVERDUE
POL-0004583,PO-2025-02739,2,MAT-00095,189,15.95,3014.55,OVERDUE
POL-0004584,PO-2025-02739,3,MAT-00421,28,268.66,7522.48,OVERDUE
POL-0004585,PO-2025-02740,1,MAT-00551,1808,30.92,55903.36,DELIVERED
POL-0004586,PO-2025-02741,1,MAT-00257,86,107.34,9231.24,DELIVERED
POL-0004587,PO-2025-02742,1,MAT-00909,270,55.6,15012.0,DELIVERED
POL-0004588,PO-2025-02742,2,MAT-00051,1497,33.61,50314.17,DELIVERED
POL-0004589,PO-2025-02742,3,MAT-00773,349,48.74,17010.26,DELIVERED
POL-0004590,PO-2025-02743,1,MAT-00570,60,16.45,987.0,OVERDUE
POL-0004591,PO-2025-02744,1,MAT-00569,53,3.19,169.07,CANCELLED
POL-0004592,PO-2025-02744,2,MAT-00794,161,6.76,1088.36,CANCELLED
POL-0004593,PO-2025-02744,3,MAT-00169,1820,20.81,37874.2,CANCELLED
POL-0004594,PO-2025-02745,1,MAT-00782,1156,5.92,6843.52,DELIVERED
POL-0004595,PO-2025-02745,2,MAT-00979,3831,4.59,17584.29,DELIVERED
POL-0004596,PO-2025-02745,3,MAT-00617,216,28.11,6071.76,DELIVERED
POL-0004597,PO-2025-02746,1,MAT-00666,687,31.46,21613.02,IN_TRANSIT
POL-0004598,PO-2025-02746,2,MAT-00250,773,42.88,33146.24,IN_TRANSIT
POL-0004599,PO-2025-02746,3,MAT-00595,202,75.23,15196.46,IN_TRANSIT
POL-0004600,PO-2025-02747,1,MAT-01023,611,23.04,14077.44,DELIVERED
POL-0004601,PO-2025-02748,1,MAT-00479,753,761.57,573462.21,DELIVERED
POL-0004602,PO-2025-02748,2,MAT-00963,846,31.8,26902.8,DELIVERED
POL-0004603,PO-2025-02749,1,MAT-00425,45,53.51,2407.95,DELIVERED
POL-0004604,PO-2025-02750,1,MAT-00449,52,15.44,802.88,DELIVERED
POL-0004605,PO-2025-02750,2,MAT-00252,1846,65.87,121596.02,DELIVERED
POL-0004606,PO-2025-02751,1,MAT-00284,508,6.4,3251.2,DELIVERED
POL-0004607,PO-2025-02751,2,MAT-00720,2679,25.65,68716.35,DELIVERED
POL-0004608,PO-2025-02751,3,MAT-00990,32,26.97,863.04,DELIVERED
POL-0004609,PO-2025-02752,1,MAT-00545,514,1.76,904.64,DELIVERED
POL-0004610,PO-2025-02753,1,MAT-00647,260,1.63,423.8,DELIVERED
POL-0004611,PO-2025-02753,2,MAT-00636,248,4.36,1081.28,DELIVERED
POL-0004612,PO-2025-02753,3,MAT-00821,741,15.29,11329.89,DELIVERED
POL-0004613,PO-2025-02754,1,MAT-00922,96,7.6,729.6,IN_TRANSIT
POL-0004614,PO-2025-02754,2,MAT-00789,650,25.4,16510.0,IN_TRANSIT
POL-0004615,PO-2025-02754,3,MAT-00516,730,55.41,40449.3,IN_TRANSIT
POL-0004616,PO-2025-02755,1,MAT-00808,1974,15.09,29787.66,DELIVERED
POL-0004617,PO-2025-02756,1,MAT-00701,4706,13.66,64283.96,DELIVERED
POL-0004618,PO-2025-02756,2,MAT-00145,2964,34.36,101843.04,DELIVERED
POL-0004619,PO-2025-02756,3,MAT-00128,2150,14.64,31476.0,DELIVERED
POL-0004620,PO-2025-02757,1,MAT-01101,124,80.68,10004.32,DELIVERED
POL-0004621,PO-2025-02758,1,MAT-00959,50,47.22,2361.0,DELIVERED
POL-0004622,PO-2025-02759,1,MAT-00158,844,40.12,33861.28,DELIVERED
POL-0004623,PO-2025-02759,2,MAT-01099,2869,64.93,186284.17,DELIVERED
POL-0004624,PO-2025-02760,1,MAT-00476,728,18.94,13788.32,DELIVERED
POL-0004625,PO-2025-02761,1,MAT-00626,1648,14.4,23731.2,DELIVERED
POL-0004626,PO-2025-02762,1,MAT-00180,94,529.06,49731.64,DELIVERED
POL-0004627,PO-2025-02763,1,MAT-01161,71,1.66,117.86,DELIVERED
POL-0004628,PO-2025-02763,2,MAT-00230,210,57.9,12159.0,DELIVERED
POL-0004629,PO-2025-02763,3,MAT-01042,512,14.79,7572.48,DELIVERED
POL-0004630,PO-2025-02764,1,MAT-00044,78,20.06,1564.68,IN_TRANSIT
POL-0004631,PO-2025-02765,1,MAT-00703,605,12.47,7544.35,DELIVERED
POL-0004632,PO-2025-02765,2,MAT-01167,1285,114.2,146747.0,DELIVERED
POL-0004633,PO-2025-02766,1,MAT-00704,474,5.04,2388.96,DELIVERED
POL-0004634,PO-2025-02766,2,MAT-00710,281,162.07,45541.67,DELIVERED
POL-0004635,PO-2025-02767,1,MAT-01072,140,43.22,6050.8,PENDING
POL-0004636,PO-2025-02768,1,MAT-01172,983,33.4,32832.2,DELIVERED
POL-0004637,PO-2025-02769,1,MAT-00715,112,26.1,2923.2,OVERDUE
POL-0004638,PO-2025-02770,1,MAT-00417,361,155.32,56070.52,DELIVERED
POL-0004639,PO-2025-02771,1,MAT-00289,1700,38.15,64855.0,OVERDUE
POL-0004640,PO-2025-02771,2,MAT-01195,248,4.36,1081.28,OVERDUE
POL-0004641,PO-2025-02772,1,MAT-00886,111,203.43,22580.73,OVERDUE
POL-0004642,PO-2025-02772,2,MAT-00964,268,57.29,15353.72,OVERDUE
POL-0004643,PO-2025-02772,3,MAT-00345,336,14.77,4962.72,OVERDUE
POL-0004644,PO-2025-02773,1,MAT-00806,2173,17.82,38722.86,DELIVERED
POL-0004645,PO-2025-02773,2,MAT-00994,2432,13.17,32029.44,DELIVERED
POL-0004646,PO-2025-02773,3,MAT-00938,176,54.51,9593.76,DELIVERED
POL-0004647,PO-2025-02774,1,MAT-00986,25,7.51,187.75,IN_TRANSIT
POL-0004648,PO-2025-02774,2,MAT-01013,2126,271.16,576486.16,IN_TRANSIT
POL-0004649,PO-2025-02774,3,MAT-00120,3718,54.58,202928.44,IN_TRANSIT
POL-0004650,PO-2025-02775,1,MAT-00641,281,18.57,5218.17,DELIVERED
POL-0004651,PO-2025-02775,2,MAT-00207,233,42.19,9830.27,DELIVERED
POL-0004652,PO-2025-02775,3,MAT-00255,2051,4.64,9516.64,DELIVERED
POL-0004653,PO-2025-02775,4,MAT-00749,88,12.8,1126.4,DELIVERED
POL-0004654,PO-2025-02776,1,MAT-01172,1265,33.4,42251.0,OVERDUE
POL-0004655,PO-2025-02776,2,MAT-00625,106,156.15,16551.9,OVERDUE
POL-0004656,PO-2025-02777,1,MAT-00555,58,38.96,2259.68,DELIVERED
POL-0004657,PO-2025-02778,1,MAT-00836,247,32.93,8133.71,PENDING
POL-0004658,PO-2025-02778,2,MAT-00723,57,5.49,312.93,PENDING
POL-0004659,PO-2025-02779,1,MAT-00319,1146,38.12,43685.52,DELIVERED
POL-0004660,PO-2025-02780,1,MAT-01103,121,278.63,33714.23,PENDING
POL-0004661,PO-2025-02781,1,MAT-01013,1554,271.16,421382.64,CANCELLED
POL-0004662,PO-2025-02781,2,MAT-00582,63,15.45,973.35,CANCELLED
POL-0004663,PO-2025-02782,1,MAT-00561,1095,36.74,40230.3,DELIVERED
POL-0004664,PO-2025-02783,1,MAT-00710,481,162.07,77955.67,DELIVERED
POL-0004665,PO-2025-02784,1,MAT-00435,88,141.89,12486.32,DELIVERED
POL-0004666,PO-2025-02784,2,MAT-01158,171,318.69,54495.99,DELIVERED
POL-0004667,PO-2025-02784,3,MAT-00954,548,125.17,68593.16,DELIVERED
POL-0004668,PO-2025-02785,1,MAT-00543,33,42.16,1391.28,DELIVERED
POL-0004669,PO-2025-02785,2,MAT-00025,1436,13.45,19314.2,DELIVERED
POL-0004670,PO-2025-02786,1,MAT-00198,1966,30.26,59491.16,DELIVERED
POL-0004671,PO-2025-02786,2,MAT-00265,2012,19.46,39153.52,DELIVERED
POL-0004672,PO-2025-02787,1,MAT-01002,507,76.22,38643.54,DELIVERED
POL-0004673,PO-2025-02788,1,MAT-00815,4788,84.5,404586.0,DELIVERED
POL-0004674,PO-2025-02789,1,MAT-00692,718,84.82,60900.76,DELIVERED
POL-0004675,PO-2025-02790,1,MAT-00200,1423,7.7,10957.1,IN_TRANSIT
POL-0004676,PO-2025-02791,1,MAT-00506,3831,14.65,56124.15,DELIVERED
POL-0004677,PO-2025-02792,1,MAT-00285,457,292.76,133791.32,DELIVERED
POL-0004678,PO-2025-02792,2,MAT-00522,108,48.45,5232.6,DELIVERED
POL-0004679,PO-2025-02793,1,MAT-00456,441,10.4,4586.4,DELIVERED
POL-0004680,PO-2025-02794,1,MAT-01106,72,8.11,583.92,OVERDUE
POL-0004681,PO-2025-02794,2,MAT-00441,3819,42.64,162842.16,OVERDUE
POL-0004682,PO-2025-02794,3,MAT-01158,63,318.69,20077.47,OVERDUE
POL-0004683,PO-2025-02795,1,MAT-00270,85,31.02,2636.7,DELIVERED
POL-0004684,PO-2025-02796,1,MAT-00304,415,45.95,19069.25,DELIVERED
POL-0004685,PO-2025-02796,2,MAT-00646,284,20.48,5816.32,DELIVERED
POL-0004686,PO-2025-02797,1,MAT-00180,67,529.06,35447.02,DELIVERED
POL-0004687,PO-2025-02797,2,MAT-00383,4932,2.31,11392.92,DELIVERED
POL-0004688,PO-2025-02798,1,MAT-00069,386,37.62,14521.32,DELIVERED
POL-0004689,PO-2025-02799,1,MAT-00515,1034,14.31,14796.54,DELIVERED
POL-0004690,PO-2025-02800,1,MAT-00515,2088,14.31,29879.28,DELIVERED
POL-0004691,PO-2025-02800,2,MAT-00191,100,16.95,1695.0,DELIVERED
POL-0004692,PO-2025-02801,1,MAT-00321,2339,25.93,60650.27,DELIVERED
POL-0004693,PO-2025-02802,1,MAT-00905,593,31.39,18614.27,DELIVERED
POL-0004694,PO-2025-02803,1,MAT-01039,340,30.4,10336.0,DELIVERED
POL-0004695,PO-2025-02804,1,MAT-00448,335,8.88,2974.8,DELIVERED
POL-0004696,PO-2025-02805,1,MAT-00123,3057,130.9,400161.3,DELIVERED
POL-0004697,PO-2025-02806,1,MAT-00869,53,57.93,3070.29,PENDING
POL-0004698,PO-2025-02806,2,MAT-00758,801,29.62,23725.62,PENDING
POL-0004699,PO-2025-02806,3,MAT-00247,2917,15.77,46001.09,PENDING
POL-0004700,PO-2025-02807,1,MAT-01133,209,162.9,34046.1,DELIVERED
POL-0004701,PO-2025-02808,1,MAT-00863,628,139.81,87800.68,DELIVERED
POL-0004702,PO-2025-02809,1,MAT-00847,3939,32.1,126441.9,DELIVERED
POL-0004703,PO-2025-02809,2,MAT-00682,74,7.46,552.04,DELIVERED
POL-0004704,PO-2025-02810,1,MAT-00641,127,18.57,2358.39,DELIVERED
POL-0004705,PO-2025-02810,2,MAT-01055,61,13.19,804.59,DELIVERED
POL-0004706,PO-2025-02810,3,MAT-01024,258,285.56,73674.48,DELIVERED
POL-0004707,PO-2025-02810,4,MAT-00792,243,30.47,7404.21,DELIVERED
POL-0004708,PO-2025-02811,1,MAT-01160,29,18.22,528.38,DELIVERED
POL-0004709,PO-2025-02812,1,MAT-00469,81,14.95,1210.95,DELIVERED
POL-0004710,PO-2025-02813,1,MAT-00810,813,8.88,7219.44,DELIVERED
POL-0004711,PO-2025-02814,1,MAT-00377,1206,71.37,86072.22,DELIVERED
POL-0004712,PO-2025-02815,1,MAT-00755,258,9.46,2440.68,DELIVERED
POL-0004713,PO-2025-02816,1,MAT-00093,556,11.8,6560.8,DELIVERED
POL-0004714,PO-2025-02816,2,MAT-00118,1739,7.27,12642.53,DELIVERED
POL-0004715,PO-2025-02816,3,MAT-00967,592,12.75,7548.0,DELIVERED
POL-0004716,PO-2025-02817,1,MAT-00159,39,6.41,249.99,DELIVERED
POL-0004717,PO-2025-02817,2,MAT-00034,347,8.39,2911.33,DELIVERED
POL-0004718,PO-2025-02818,1,MAT-00411,44,58.42,2570.48,DELIVERED
POL-0004719,PO-2025-02818,2,MAT-00313,83,63.5,5270.5,DELIVERED
POL-0004720,PO-2025-02818,3,MAT-00757,1131,48.01,54299.31,DELIVERED
POL-0004721,PO-2025-02818,4,MAT-00626,3271,14.4,47102.4,DELIVERED
POL-0004722,PO-2025-02819,1,MAT-00273,179,97.71,17490.09,DELIVERED
POL-0004723,PO-2025-02820,1,MAT-00673,1183,18.27,21613.41,OVERDUE
POL-0004724,PO-2025-02821,1,MAT-00603,60,65.44,3926.4,DELIVERED
POL-0004725,PO-2025-02821,2,MAT-00898,755,30.18,22785.9,DELIVERED
POL-0004726,PO-2025-02822,1,MAT-00637,171,58.6,10020.6,DELIVERED
POL-0004727,PO-2025-02823,1,MAT-01151,1860,7.96,14805.6,OVERDUE
POL-0004728,PO-2025-02823,2,MAT-01158,176,318.69,56089.44,OVERDUE
POL-0004729,PO-2025-02823,3,MAT-00431,3072,7.03,21596.16,OVERDUE
POL-0004730,PO-2025-02824,1,MAT-01036,2307,155.05,357700.35,OVERDUE
POL-0004731,PO-2025-02825,1,MAT-01187,164,9.34,1531.76,DELIVERED
POL-0004732,PO-2025-02826,1,MAT-00378,1842,32.63,60104.46,DELIVERED
POL-0004733,PO-2025-02826,2,MAT-00293,115,13.28,1527.2,DELIVERED
POL-0004734,PO-2025-02826,3,MAT-00326,2951,7.37,21748.87,DELIVERED
POL-0004735,PO-2025-02827,1,MAT-00623,93,213.25,19832.25,DELIVERED
POL-0004736,PO-2025-02828,1,MAT-00958,2013,41.38,83297.94,DELIVERED
POL-0004737,PO-2025-02828,2,MAT-00515,2250,14.31,32197.5,DELIVERED
POL-0004738,PO-2025-02829,1,MAT-00882,474,14.83,7029.42,DELIVERED
POL-0004739,PO-2025-02830,1,MAT-00611,448,57.93,25952.64,DELIVERED
POL-0004740,PO-2025-02830,2,MAT-00811,1675,20.36,34103.0,DELIVERED
POL-0004741,PO-2025-02830,3,MAT-01125,127,155.11,19698.97,DELIVERED
POL-0004742,PO-2025-02830,4,MAT-01065,1890,18.9,35721.0,DELIVERED
POL-0004743,PO-2025-02831,1,MAT-00965,1234,25.4,31343.6,CANCELLED
POL-0004744,PO-2025-02831,2,MAT-00039,200,6.02,1204.0,CANCELLED
POL-0004745,PO-2025-02832,1,MAT-00738,210,77.11,16193.1,DELIVERED
POL-0004746,PO-2025-02833,1,MAT-00471,158,17.46,2758.68,DELIVERED
POL-0004747,PO-2025-02833,2,MAT-00482,111,8.65,960.15,DELIVERED
POL-0004748,PO-2025-02834,1,MAT-01116,440,35.7,15708.0,DELIVERED
POL-0004749,PO-2025-02834,2,MAT-00961,134,49.49,6631.66,DELIVERED
POL-0004750,PO-2025-02835,1,MAT-00140,2438,6.41,15627.58,DELIVERED
POL-0004751,PO-2025-02836,1,MAT-00508,81,9.86,798.66,DELIVERED
POL-0004752,PO-2025-02836,2,MAT-00057,1307,9.87,12900.09,DELIVERED
POL-0004753,PO-2025-02836,3,MAT-00441,1383,42.64,58971.12,DELIVERED
POL-0004754,PO-2025-02837,1,MAT-00752,331,5.32,1760.92,DELIVERED
POL-0004755,PO-2025-02838,1,MAT-00746,2127,10.92,23226.84,DELIVERED
POL-0004756,PO-2025-02839,1,MAT-00809,509,102.9,52376.1,PENDING
POL-0004757,PO-2025-02840,1,MAT-01134,98,44.39,4350.22,DELIVERED
POL-0004758,PO-2025-02841,1,MAT-01125,86,155.11,13339.46,DELIVERED
POL-0004759,PO-2025-02841,2,MAT-00713,3417,13.48,46061.16,DELIVERED
POL-0004760,PO-2025-02841,3,MAT-00502,69,205.13,14153.97,DELIVERED
POL-0004761,PO-2025-02842,1,MAT-00935,187,44.85,8386.95,DELIVERED
POL-0004762,PO-2025-02842,2,MAT-00016,379,14.33,5431.07,DELIVERED
POL-0004763,PO-2025-02843,1,MAT-00216,483,64.45,31129.35,DELIVERED
POL-0004764,PO-2025-02844,1,MAT-00436,101,28.44,2872.44,DELIVERED
POL-0004765,PO-2025-02845,1,MAT-00448,213,8.88,1891.44,DELIVERED
POL-0004766,PO-2025-02846,1,MAT-01010,1226,13.21,16195.46,DELIVERED
POL-0004767,PO-2025-02847,1,MAT-00120,1562,54.58,85253.96,PENDING
POL-0004768,PO-2025-02848,1,MAT-00382,181,12.27,2220.87,DELIVERED
POL-0004769,PO-2025-02848,2,MAT-01065,519,18.9,9809.1,DELIVERED
POL-0004770,PO-2025-02849,1,MAT-01117,72,341.91,24617.52,DELIVERED
POL-0004771,PO-2025-02849,2,MAT-00420,417,25.29,10545.93,DELIVERED
POL-0004772,PO-2025-02850,1,MAT-00780,960,48.79,46838.4,DELIVERED
POL-0004773,PO-2025-02850,2,MAT-00365,1030,51.48,53024.4,DELIVERED
POL-0004774,PO-2025-02851,1,MAT-00156,87,10.81,940.47,DELIVERED
POL-0004775,PO-2025-02851,2,MAT-00924,2537,12.14,30799.18,DELIVERED
POL-0004776,PO-2025-02852,1,MAT-00740,361,72.02,25999.22,OVERDUE
POL-0004777,PO-2025-02853,1,MAT-00895,2409,109.37,263472.33,DELIVERED
POL-0004778,PO-2025-02854,1,MAT-00441,3997,42.64,170432.08,DELIVERED
POL-0004779,PO-2025-02855,1,MAT-00171,136,9.09,1236.24,DELIVERED
POL-0004780,PO-2025-02856,1,MAT-00960,569,44.8,25491.2,CANCELLED
POL-0004781,PO-2025-02857,1,MAT-00683,4016,14.72,59115.52,PENDING
POL-0004782,PO-2025-02857,2,MAT-00886,138,203.43,28073.34,PENDING
POL-0004783,PO-2025-02857,3,MAT-00033,1682,24.38,41007.16,PENDING
POL-0004784,PO-2025-02858,1,MAT-00084,1192,13.84,16497.28,DELIVERED
POL-0004785,PO-2025-02858,2,MAT-00428,356,56.03,19946.68,DELIVERED
POL-0004786,PO-2025-02858,3,MAT-00048,213,78.45,16709.85,DELIVERED
POL-0004787,PO-2025-02859,1,MAT-00025,1543,13.45,20753.35,PENDING
POL-0004788,PO-2025-02860,1,MAT-00153,113,12.75,1440.75,DELIVERED
POL-0004789,PO-2025-02861,1,MAT-01081,235,16.36,3844.6,DELIVERED
POL-0004790,PO-2025-02862,1,MAT-00915,137,22.52,3085.24,DELIVERED
POL-0004791,PO-2025-02863,1,MAT-01008,1246,54.19,67520.74,DELIVERED
POL-0004792,PO-2025-02863,2,MAT-00921,128,76.15,9747.2,DELIVERED
POL-0004793,PO-2025-02864,1,MAT-00603,115,65.44,7525.6,OVERDUE
POL-0004794,PO-2025-02865,1,MAT-00016,281,14.33,4026.73,OVERDUE
POL-0004795,PO-2025-02866,1,MAT-00907,1471,6.14,9031.94,DELIVERED
POL-0004796,PO-2025-02866,2,MAT-01121,463,79.69,36896.47,DELIVERED
POL-0004797,PO-2025-02867,1,MAT-00268,1252,4.89,6122.28,DELIVERED
POL-0004798,PO-2025-02867,2,MAT-00396,1011,14.6,14760.6,DELIVERED
POL-0004799,PO-2025-02868,1,MAT-00875,1735,25.78,44728.3,DELIVERED
POL-0004800,PO-2025-02869,1,MAT-00081,225,20.25,4556.25,DELIVERED
POL-0004801,PO-2025-02870,1,MAT-00136,65,136.45,8869.25,DELIVERED
POL-0004802,PO-2025-02871,1,MAT-00182,240,10.58,2539.2,DELIVERED
POL-0004803,PO-2025-02872,1,MAT-00901,679,40.61,27574.19,CANCELLED
POL-0004804,PO-2025-02872,2,MAT-00522,107,48.45,5184.15,CANCELLED
POL-0004805,PO-2025-02873,1,MAT-00918,660,34.2,22572.0,DELIVERED
POL-0004806,PO-2025-02874,1,MAT-00505,34,13.36,454.24,PENDING
POL-0004807,PO-2025-02874,2,MAT-00562,214,256.03,54790.42,PENDING
POL-0004808,PO-2025-02874,3,MAT-00687,1897,19.31,36631.07,PENDING
POL-0004809,PO-2025-02875,1,MAT-01024,333,285.56,95091.48,DELIVERED
POL-0004810,PO-2025-02875,2,MAT-00693,1516,7.3,11066.8,DELIVERED
POL-0004811,PO-2025-02875,3,MAT-01157,649,11.78,7645.22,DELIVERED
POL-0004812,PO-2025-02876,1,MAT-00060,1378,78.27,107856.06,DELIVERED
POL-0004813,PO-2025-02877,1,MAT-00865,4480,12.6,56448.0,DELIVERED
POL-0004814,PO-2025-02877,2,MAT-00956,201,82.45,16572.45,DELIVERED
POL-0004815,PO-2025-02877,3,MAT-00083,151,142.68,21544.68,DELIVERED
POL-0004816,PO-2025-02878,1,MAT-00313,241,63.5,15303.5,DELIVERED
POL-0004817,PO-2025-02878,2,MAT-00626,2808,14.4,40435.2,DELIVERED
POL-0004818,PO-2025-02878,3,MAT-00333,690,26.94,18588.6,DELIVERED
POL-0004819,PO-2025-02878,4,MAT-00279,114,29.0,3306.0,DELIVERED
POL-0004820,PO-2025-02879,1,MAT-00389,3352,70.87,237556.24,DELIVERED
POL-0004821,PO-2025-02880,1,MAT-00374,75,70.9,5317.5,DELIVERED
POL-0004822,PO-2025-02881,1,MAT-00358,880,20.32,17881.6,DELIVERED
POL-0004823,PO-2025-02881,2,MAT-00696,3802,17.59,66877.18,DELIVERED
POL-0004824,PO-2025-02881,3,MAT-00033,1653,24.38,40300.14,DELIVERED
POL-0004825,PO-2025-02882,1,MAT-00523,2694,13.51,36395.94,DELIVERED
POL-0004826,PO-2025-02883,1,MAT-01083,770,17.97,13836.9,DELIVERED
POL-0004827,PO-2025-02884,1,MAT-00932,2092,199.06,416433.52,DELIVERED
POL-0004828,PO-2025-02884,2,MAT-00711,1523,34.88,53122.24,DELIVERED
POL-0004829,PO-2025-02885,1,MAT-00492,415,134.98,56016.7,DELIVERED
POL-0004830,PO-2025-02886,1,MAT-00319,2461,38.12,93813.32,IN_TRANSIT
POL-0004831,PO-2025-02887,1,MAT-00463,88,12.08,1063.04,OVERDUE
POL-0004832,PO-2025-02887,2,MAT-00116,440,35.47,15606.8,OVERDUE
POL-0004833,PO-2025-02887,3,MAT-00842,269,52.45,14109.05,OVERDUE
POL-0004834,PO-2025-02888,1,MAT-00504,1532,44.11,67576.52,DELIVERED
POL-0004835,PO-2025-02888,2,MAT-00767,64,22.92,1466.88,DELIVERED
POL-0004836,PO-2025-02889,1,MAT-00402,461,14.37,6624.57,DELIVERED
POL-0004837,PO-2025-02889,2,MAT-00351,1049,37.0,38813.0,DELIVERED
POL-0004838,PO-2025-02889,3,MAT-01082,1613,19.03,30695.39,DELIVERED
POL-0004839,PO-2025-02890,1,MAT-00373,2103,116.36,244705.08,DELIVERED
POL-0004840,PO-2025-02891,1,MAT-00746,2268,10.92,24766.56,PENDING
POL-0004841,PO-2025-02891,2,MAT-00628,181,21.55,3900.55,PENDING
POL-0004842,PO-2025-02892,1,MAT-00595,103,75.23,7748.69,DELIVERED
POL-0004843,PO-2025-02893,1,MAT-01180,1783,7.26,12944.58,CANCELLED
POL-0004844,PO-2025-02894,1,MAT-00342,220,36.28,7981.6,DELIVERED
POL-0004845,PO-2025-02894,2,MAT-00487,151,12.04,1818.04,DELIVERED
POL-0004846,PO-2025-02895,1,MAT-00752,463,5.32,2463.16,DELIVERED
POL-0004847,PO-2025-02896,1,MAT-00560,538,16.8,9038.4,OVERDUE
POL-0004848,PO-2025-02896,2,MAT-01027,124,28.8,3571.2,OVERDUE
POL-0004849,PO-2025-02897,1,MAT-00356,360,7.8,2808.0,DELIVERED
POL-0004850,PO-2025-02898,1,MAT-01082,1639,19.03,31190.17,PENDING
POL-0004851,PO-2025-02898,2,MAT-00243,122,45.06,5497.32,PENDING
POL-0004852,PO-2025-02899,1,MAT-00005,1237,21.07,26063.59,DELIVERED
POL-0004853,PO-2025-02900,1,MAT-00155,2334,38.82,90605.88,DELIVERED
POL-0004854,PO-2025-02900,2,MAT-00481,29,20.47,593.63,DELIVERED
POL-0004855,PO-2025-02901,1,MAT-00954,652,125.17,81610.84,DELIVERED
POL-0004856,PO-2025-02902,1,MAT-01031,2308,20.02,46206.16,DELIVERED
POL-0004857,PO-2025-02902,2,MAT-00489,397,159.21,63206.37,DELIVERED
POL-0004858,PO-2025-02902,3,MAT-01096,177,24.14,4272.78,DELIVERED
POL-0004859,PO-2025-02902,4,MAT-00787,475,67.61,32114.75,DELIVERED
POL-0004860,PO-2025-02903,1,MAT-00632,117,130.83,15307.11,CANCELLED
POL-0004861,PO-2025-02903,2,MAT-00852,105,15.26,1602.3,CANCELLED
POL-0004862,PO-2025-02904,1,MAT-00862,222,4.61,1023.42,DELIVERED
POL-0004863,PO-2025-02905,1,MAT-00847,4523,32.1,145188.3,OVERDUE
POL-0004864,PO-2025-02905,2,MAT-00302,104,12.84,1335.36,OVERDUE
POL-0004865,PO-2025-02906,1,MAT-00131,327,4.8,1569.6,DELIVERED
POL-0004866,PO-2025-02907,1,MAT-00546,714,9.91,7075.74,DELIVERED
POL-0004867,PO-2025-02908,1,MAT-00338,132,17.48,2307.36,DELIVERED
POL-0004868,PO-2025-02908,2,MAT-00091,1006,29.94,30119.64,DELIVERED
POL-0004869,PO-2025-02908,3,MAT-00521,1011,4.17,4215.87,DELIVERED
POL-0004870,PO-2025-02908,4,MAT-00384,464,13.47,6250.08,DELIVERED
POL-0004871,PO-2025-02909,1,MAT-00985,304,27.89,8478.56,DELIVERED
POL-0004872,PO-2025-02909,2,MAT-00465,355,22.89,8125.95,DELIVERED
POL-0004873,PO-2025-02909,3,MAT-00232,4702,31.99,150416.98,DELIVERED
POL-0004874,PO-2025-02909,4,MAT-00124,321,5.16,1656.36,DELIVERED
POL-0004875,PO-2025-02910,1,MAT-00164,712,10.01,7127.12,DELIVERED
POL-0004876,PO-2025-02911,1,MAT-00810,282,8.88,2504.16,DELIVERED
POL-0004877,PO-2025-02912,1,MAT-00127,386,9.12,3520.32,DELIVERED
POL-0004878,PO-2025-02912,2,MAT-00804,52,14.02,729.04,DELIVERED
POL-0004879,PO-2025-02912,3,MAT-00975,945,14.88,14061.6,DELIVERED
POL-0004880,PO-2025-02913,1,MAT-01001,673,112.37,75625.01,DELIVERED
POL-0004881,PO-2025-02914,1,MAT-00725,2288,28.78,65848.64,DELIVERED
POL-0004882,PO-2025-02914,2,MAT-00560,706,16.8,11860.8,DELIVERED
POL-0004883,PO-2025-02914,3,MAT-00663,909,22.62,20561.58,DELIVERED
POL-0004884,PO-2025-02915,1,MAT-00895,1717,109.37,187788.29,PENDING
POL-0004885,PO-2025-02915,2,MAT-00350,168,22.16,3722.88,PENDING
POL-0004886,PO-2025-02916,1,MAT-00059,1820,39.01,70998.2,DELIVERED
POL-0004887,PO-2025-02916,2,MAT-01095,439,56.28,24706.92,DELIVERED
POL-0004888,PO-2025-02917,1,MAT-00428,387,56.03,21683.61,DELIVERED
POL-0004889,PO-2025-02918,1,MAT-00205,979,5.44,5325.76,DELIVERED
POL-0004890,PO-2025-02918,2,MAT-01097,1413,29.26,41344.38,DELIVERED
POL-0004891,PO-2025-02919,1,MAT-00010,236,46.25,10915.0,DELIVERED
POL-0004892,PO-2025-02919,2,MAT-00889,3968,51.09,202725.12,DELIVERED
POL-0004893,PO-2025-02919,3,MAT-00274,780,25.6,19968.0,DELIVERED
POL-0004894,PO-2025-02919,4,MAT-01130,882,37.06,32686.92,DELIVERED
POL-0004895,PO-2025-02920,1,MAT-00785,121,43.23,5230.83,DELIVERED
POL-0004896,PO-2025-02921,1,MAT-00959,115,47.22,5430.3,PENDING
POL-0004897,PO-2025-02921,2,MAT-00168,209,189.97,39703.73,PENDING
POL-0004898,PO-2025-02921,3,MAT-00179,61,20.01,1220.61,PENDING
POL-0004899,PO-2025-02922,1,MAT-01025,251,185.16,46475.16,DELIVERED
POL-0004900,PO-2025-02922,2,MAT-00586,1164,33.81,39354.84,DELIVERED
POL-0004901,PO-2025-02923,1,MAT-01079,2380,140.21,333699.8,IN_TRANSIT
POL-0004902,PO-2025-02923,2,MAT-00601,62,63.86,3959.32,IN_TRANSIT
POL-0004903,PO-2025-02923,3,MAT-00715,123,26.1,3210.3,IN_TRANSIT
POL-0004904,PO-2025-02924,1,MAT-00480,117,96.46,11285.82,PENDING
POL-0004905,PO-2025-02925,1,MAT-00567,2390,2.78,6644.2,DELIVERED
POL-0004906,PO-2025-02925,2,MAT-00678,576,160.83,92638.08,DELIVERED
POL-0004907,PO-2025-02926,1,MAT-00916,458,38.32,17550.56,DELIVERED
POL-0004908,PO-2025-02927,1,MAT-00996,2321,20.62,47859.02,DELIVERED
POL-0004909,PO-2025-02927,2,MAT-00350,84,22.16,1861.44,DELIVERED
POL-0004910,PO-2025-02928,1,MAT-00678,1780,160.83,286277.4,DELIVERED
POL-0004911,PO-2025-02928,2,MAT-00169,1819,20.81,37853.39,DELIVERED
POL-0004912,PO-2025-02929,1,MAT-00665,88,11.14,980.32,DELIVERED
POL-0004913,PO-2025-02929,2,MAT-00359,3484,35.51,123716.84,DELIVERED
POL-0004914,PO-2025-02930,1,MAT-01153,1748,12.76,22304.48,OVERDUE
POL-0004915,PO-2025-02931,1,MAT-01017,365,13.77,5026.05,DELIVERED
POL-0004916,PO-2025-02931,2,MAT-00696,2076,17.59,36516.84,DELIVERED
POL-0004917,PO-2025-02931,3,MAT-00897,25,19.49,487.25,DELIVERED
POL-0004918,PO-2025-02932,1,MAT-01148,4765,5.38,25635.7,DELIVERED
POL-0004919,PO-2025-02932,2,MAT-00580,1574,89.7,141187.8,DELIVERED
POL-0004920,PO-2025-02933,1,MAT-01156,1889,77.4,146208.6,OVERDUE
POL-0004921,PO-2025-02934,1,MAT-00698,73,6.02,439.46,DELIVERED
POL-0004922,PO-2025-02934,2,MAT-00508,116,9.86,1143.76,DELIVERED
POL-0004923,PO-2025-02935,1,MAT-00583,3991,55.31,220742.21,DELIVERED
POL-0004924,PO-2025-02935,2,MAT-00045,2084,4.78,9961.52,DELIVERED
POL-0004925,PO-2025-02936,1,MAT-01047,90,57.37,5163.3,DELIVERED
POL-0004926,PO-2025-02936,2,MAT-00835,652,25.41,16567.32,DELIVERED
POL-0004927,PO-2025-02937,1,MAT-01080,429,68.28,29292.12,DELIVERED
POL-0004928,PO-2025-02938,1,MAT-00784,116,46.72,5419.52,DELIVERED
POL-0004929,PO-2025-02938,2,MAT-00210,192,1869.34,358913.28,DELIVERED
POL-0004930,PO-2025-02939,1,MAT-00136,59,136.45,8050.55,DELIVERED
POL-0004931,PO-2025-02939,2,MAT-00503,452,5.68,2567.36,DELIVERED
POL-0004932,PO-2025-02939,3,MAT-00474,124,123.61,15327.64,DELIVERED
POL-0004933,PO-2025-02940,1,MAT-00766,49,11.4,558.6,DELIVERED
POL-0004934,PO-2025-02940,2,MAT-00881,121,410.69,49693.49,DELIVERED
POL-0004935,PO-2025-02941,1,MAT-00371,80,26.71,2136.8,DELIVERED
POL-0004936,PO-2025-02942,1,MAT-00099,665,27.15,18054.75,DELIVERED
POL-0004937,PO-2025-02943,1,MAT-00847,4413,32.1,141657.3,DELIVERED
POL-0004938,PO-2025-02944,1,MAT-00701,2323,13.66,31732.18,DELIVERED
POL-0004939,PO-2025-02945,1,MAT-00120,3453,54.58,188464.74,OVERDUE
POL-0004940,PO-2025-02946,1,MAT-00513,143,20.25,2895.75,DELIVERED
POL-0004941,PO-2025-02946,2,MAT-00104,38,9.85,374.3,DELIVERED
POL-0004942,PO-2025-02947,1,MAT-00419,314,88.75,27867.5,DELIVERED
POL-0004943,PO-2025-02947,2,MAT-00278,88,14.49,1275.12,DELIVERED
POL-0004944,PO-2025-02947,3,MAT-00511,87,36.13,3143.31,DELIVERED
POL-0004945,PO-2025-02948,1,MAT-00169,1122,20.81,23348.82,DELIVERED
POL-0004946,PO-2025-02948,2,MAT-01066,564,8.04,4534.56,DELIVERED
POL-0004947,PO-2025-02948,3,MAT-00059,1429,39.01,55745.29,DELIVERED
POL-0004948,PO-2025-02948,4,MAT-00294,125,62.71,7838.75,DELIVERED
POL-0004949,PO-2025-02949,1,MAT-00036,635,6.28,3987.8,DELIVERED
POL-0004950,PO-2025-02950,1,MAT-00577,2149,32.71,70293.79,DELIVERED
POL-0004951,PO-2025-02951,1,MAT-00627,230,7.98,1835.4,DELIVERED
POL-0004952,PO-2025-02951,2,MAT-00861,2418,34.48,83372.64,DELIVERED
POL-0004953,PO-2025-02951,3,MAT-01152,4936,2.44,12043.84,DELIVERED
POL-0004954,PO-2025-02952,1,MAT-00523,3315,13.51,44785.65,DELIVERED
POL-0004955,PO-2025-02952,2,MAT-00511,60,36.13,2167.8,DELIVERED
POL-0004956,PO-2025-02952,3,MAT-01195,106,4.36,462.16,DELIVERED
POL-0004957,PO-2025-02953,1,MAT-00895,1833,109.37,200475.21,OVERDUE
POL-0004958,PO-2025-02954,1,MAT-00323,71,10.79,766.09,DELIVERED
POL-0004959,PO-2025-02955,1,MAT-00229,312,11.05,3447.6,DELIVERED
POL-0004960,PO-2025-02956,1,MAT-01146,66,28.45,1877.7,DELIVERED
POL-0004961,PO-2025-02957,1,MAT-00684,3627,47.87,173624.49,DELIVERED
POL-0004962,PO-2025-02957,2,MAT-00601,249,63.86,15901.14,DELIVERED
POL-0004963,PO-2025-02957,3,MAT-00886,100,203.43,20343.0,DELIVERED
POL-0004964,PO-2025-02958,1,MAT-00659,2031,35.0,71085.0,DELIVERED
POL-0004965,PO-2025-02959,1,MAT-00759,1128,10.65,12013.2,OVERDUE
POL-0004966,PO-2025-02959,2,MAT-01078,125,14.68,1835.0,OVERDUE
POL-0004967,PO-2025-02959,3,MAT-01103,246,278.63,68542.98,OVERDUE
POL-0004968,PO-2025-02959,4,MAT-00524,743,51.02,37907.86,OVERDUE
POL-0004969,PO-2025-02960,1,MAT-00020,1193,5.41,6454.13,DELIVERED
POL-0004970,PO-2025-02960,2,MAT-00093,374,11.8,4413.2,DELIVERED
POL-0004971,PO-2025-02961,1,MAT-00617,173,28.11,4863.03,OVERDUE
POL-0004972,PO-2025-02961,2,MAT-00468,673,58.82,39585.86,OVERDUE
POL-0004973,PO-2025-02962,1,MAT-00294,231,62.71,14486.01,IN_TRANSIT
POL-0004974,PO-2025-02962,2,MAT-00058,614,18.55,11389.7,IN_TRANSIT
POL-0004975,PO-2025-02963,1,MAT-00635,2157,8.68,18722.76,DELIVERED
POL-0004976,PO-2025-02963,2,MAT-01015,491,157.79,77474.89,DELIVERED
POL-0004977,PO-2025-02964,1,MAT-00868,365,35.58,12986.7,DELIVERED
POL-0004978,PO-2025-02965,1,MAT-00026,2541,30.32,77043.12,DELIVERED
POL-0004979,PO-2025-02965,2,MAT-00550,2400,12.78,30672.0,DELIVERED
POL-0004980,PO-2025-02966,1,MAT-00663,967,22.62,21873.54,DELIVERED
POL-0004981,PO-2025-02966,2,MAT-00413,111,4.8,532.8,DELIVERED
POL-0004982,PO-2025-02967,1,MAT-01151,2340,7.96,18626.4,DELIVERED
POL-0004983,PO-2025-02968,1,MAT-00728,4742,34.17,162034.14,OVERDUE
POL-0004984,PO-2025-02969,1,MAT-00144,115,32.34,3719.1,DELIVERED
POL-0004985,PO-2025-02970,1,MAT-00852,494,15.26,7538.44,DELIVERED
POL-0004986,PO-2025-02971,1,MAT-00618,63,53.82,3390.66,DELIVERED
POL-0004987,PO-2025-02971,2,MAT-00835,1778,25.41,45178.98,DELIVERED
POL-0004988,PO-2025-02972,1,MAT-00700,1113,22.01,24497.13,DELIVERED
POL-0004989,PO-2025-02973,1,MAT-00147,87,6.15,535.05,DELIVERED
POL-0004990,PO-2025-02974,1,MAT-00270,62,31.02,1923.24,OVERDUE
POL-0004991,PO-2025-02975,1,MAT-00828,959,15.32,14691.88,DELIVERED
POL-0004992,PO-2025-02976,1,MAT-01163,1127,6.11,6885.97,DELIVERED
POL-0004993,PO-2025-02976,2,MAT-01188,147,20.71,3044.37,DELIVERED
POL-0004994,PO-2025-02977,1,MAT-00623,67,213.25,14287.75,DELIVERED
POL-0004995,PO-2025-02978,1,MAT-00460,203,6.99,1418.97,DELIVERED
POL-0004996,PO-2025-02978,2,MAT-00420,638,25.29,16135.02,DELIVERED
POL-0004997,PO-2025-02979,1,MAT-00376,1343,10.96,14719.28,DELIVERED
POL-0004998,PO-2025-02979,2,MAT-00273,97,97.71,9477.87,DELIVERED
POL-0004999,PO-2025-02980,1,MAT-00247,3345,15.77,52750.65,IN_TRANSIT
POL-0005000,PO-2025-02981,1,MAT-00021,401,128.67,51596.67,DELIVERED
POL-0005001,PO-2025-02981,2,MAT-00186,3282,52.98,173880.36,DELIVERED
POL-0005002,PO-2025-02981,3,MAT-01029,444,54.15,24042.6,DELIVERED
POL-0005003,PO-2025-02981,4,MAT-00500,143,5.98,855.14,DELIVERED
POL-0005004,PO-2025-02982,1,MAT-00035,268,67.89,18194.52,DELIVERED
POL-0005005,PO-2025-02983,1,MAT-00308,667,12.64,8430.88,DELIVERED
POL-0005006,PO-2025-02984,1,MAT-00423,196,20.76,4068.96,DELIVERED
POL-0005007,PO-2025-02985,1,MAT-00341,516,10.09,5206.44,DELIVERED
POL-0005008,PO-2025-02986,1,MAT-00073,200,24.11,4822.0,DELIVERED
POL-0005009,PO-2025-02987,1,MAT-00632,63,130.83,8242.29,DELIVERED
POL-0005010,PO-2025-02987,2,MAT-00666,377,31.46,11860.42,DELIVERED
POL-0005011,PO-2025-02988,1,MAT-00470,94,14.39,1352.66,DELIVERED
POL-0005012,PO-2025-02988,2,MAT-00310,26,19.19,498.94,DELIVERED
POL-0005013,PO-2025-02989,1,MAT-00498,969,20.15,19525.35,DELIVERED
POL-0005014,PO-2025-02989,2,MAT-00675,302,5.74,1733.48,DELIVERED
POL-0005015,PO-2025-02990,1,MAT-00846,89,41.22,3668.58,DELIVERED
POL-0005016,PO-2025-02991,1,MAT-00132,1012,29.72,30076.64,DELIVERED
POL-0005017,PO-2025-02992,1,MAT-00956,128,82.45,10553.6,DELIVERED
POL-0005018,PO-2025-02993,1,MAT-00789,866,25.4,21996.4,DELIVERED
POL-0005019,PO-2025-02993,2,MAT-00984,85,23.51,1998.35,DELIVERED
POL-0005020,PO-2025-02994,1,MAT-00151,83,32.31,2681.73,DELIVERED
POL-0005021,PO-2025-02994,2,MAT-00574,117,20.04,2344.68,DELIVERED
POL-0005022,PO-2025-02994,3,MAT-00395,902,88.52,79845.04,DELIVERED
POL-0005023,PO-2025-02995,1,MAT-01007,1237,70.22,86862.14,DELIVERED
POL-0005024,PO-2025-02995,2,MAT-00064,433,7.54,3264.82,DELIVERED
POL-0005025,PO-2025-02996,1,MAT-01005,3665,54.05,198093.25,DELIVERED
POL-0005026,PO-2025-02996,2,MAT-00221,3640,352.89,1284519.6,DELIVERED
POL-0005027,PO-2025-02997,1,MAT-00319,2405,38.12,91678.6,DELIVERED
POL-0005028,PO-2025-02997,2,MAT-00676,1329,10.15,13489.35,DELIVERED
POL-0005029,PO-2025-02998,1,MAT-00201,3926,37.48,147146.48,DELIVERED
POL-0005030,PO-2025-02998,2,MAT-00112,247,25.98,6417.06,DELIVERED
POL-0005031,PO-2025-02998,3,MAT-01027,70,28.8,2016.0,DELIVERED
POL-0005032,PO-2025-02999,1,MAT-00127,648,9.12,5909.76,DELIVERED
POL-0005033,PO-2025-02999,2,MAT-00311,106,19.43,2059.58,DELIVERED
POL-0005034,PO-2025-02999,3,MAT-00599,209,16.78,3507.02,DELIVERED
POL-0005035,PO-2025-03000,1,MAT-00148,1510,6.47,9769.7,DELIVERED
POL-0005036,PO-2025-03000,2,MAT-01040,150,86.86,13029.0,DELIVERED
POL-0005037,PO-2025-03001,1,MAT-00347,286,5.12,1464.32,DELIVERED
POL-0005038,PO-2025-03002,1,MAT-01018,195,14.92,2909.4,DELIVERED
POL-0005039,PO-2025-03003,1,MAT-00837,59,154.21,9098.39,IN_TRANSIT
POL-0005040,PO-2025-03004,1,MAT-01041,2546,153.41,390581.86,DELIVERED
POL-0005041,PO-2025-03004,2,MAT-01163,905,6.11,5529.55,DELIVERED
POL-0005042,PO-2025-03004,3,MAT-00551,1916,30.92,59242.72,DELIVERED
POL-0005043,PO-2025-03005,1,MAT-01155,205,149.31,30608.55,DELIVERED
POL-0005044,PO-2025-03005,2,MAT-00608,439,6.22,2730.58,DELIVERED
POL-0005045,PO-2025-03006,1,MAT-00525,131,10.26,1344.06,DELIVERED
POL-0005046,PO-2025-03006,2,MAT-00810,326,8.88,2894.88,DELIVERED
POL-0005047,PO-2025-03006,3,MAT-00487,233,12.04,2805.32,DELIVERED
POL-0005048,PO-2025-03007,1,MAT-01098,98,2.97,291.06,DELIVERED
POL-0005049,PO-2025-03008,1,MAT-00070,198,12.85,2544.3,DELIVERED
POL-0005050,PO-2025-03008,2,MAT-01056,43,13.03,560.29,DELIVERED
POL-0005051,PO-2025-03009,1,MAT-00427,73,8.13,593.49,DELIVERED
POL-0005052,PO-2025-03010,1,MAT-00584,253,318.37,80547.61,DELIVERED
POL-0005053,PO-2025-03011,1,MAT-01151,1910,7.96,15203.6,IN_TRANSIT
POL-0005054,PO-2025-03012,1,MAT-01010,918,13.21,12126.78,PENDING
POL-0005055,PO-2025-03013,1,MAT-00060,4774,78.27,373660.98,DELIVERED
POL-0005056,PO-2025-03014,1,MAT-00324,245,263.42,64537.9,DELIVERED
POL-0005057,PO-2025-03015,1,MAT-00908,218,58.08,12661.44,DELIVERED
POL-0005058,PO-2025-03016,1,MAT-00513,284,20.25,5751.0,DELIVERED
POL-0005059,PO-2025-03017,1,MAT-00207,148,42.19,6244.12,DELIVERED
POL-0005060,PO-2025-03017,2,MAT-00588,1088,10.35,11260.8,DELIVERED
POL-0005061,PO-2025-03017,3,MAT-00397,1677,3.9,6540.3,DELIVERED
POL-0005062,PO-2025-03018,1,MAT-01002,700,76.22,53354.0,DELIVERED
POL-0005063,PO-2025-03019,1,MAT-00500,168,5.98,1004.64,DELIVERED
POL-0005064,PO-2025-03019,2,MAT-00700,520,22.01,11445.2,DELIVERED
POL-0005065,PO-2025-03020,1,MAT-00872,603,10.02,6042.06,DELIVERED
POL-0005066,PO-2025-03021,1,MAT-01030,924,8.23,7604.52,DELIVERED
POL-0005067,PO-2025-03022,1,MAT-00194,2264,6.96,15757.44,IN_TRANSIT
POL-0005068,PO-2025-03023,1,MAT-00262,457,25.33,11575.81,CANCELLED
POL-0005069,PO-2025-03023,2,MAT-00067,162,23.77,3850.74,CANCELLED
POL-0005070,PO-2025-03024,1,MAT-01057,2175,27.41,59616.75,DELIVERED
POL-0005071,PO-2025-03025,1,MAT-00251,1102,6.02,6634.04,DELIVERED
POL-0005072,PO-2025-03026,1,MAT-01188,237,20.71,4908.27,DELIVERED
POL-0005073,PO-2025-03027,1,MAT-00528,88,29.61,2605.68,OVERDUE
POL-0005074,PO-2025-03027,2,MAT-01017,213,13.77,2933.01,OVERDUE
POL-0005075,PO-2025-03028,1,MAT-00824,46,18.89,868.94,DELIVERED
POL-0005076,PO-2025-03029,1,MAT-01177,78,4.33,337.74,DELIVERED
POL-0005077,PO-2025-03030,1,MAT-00412,791,7.13,5639.83,DELIVERED
POL-0005078,PO-2025-03030,2,MAT-00519,90,27.26,2453.4,DELIVERED
POL-0005079,PO-2025-03030,3,MAT-00359,2433,35.51,86395.83,DELIVERED
POL-0005080,PO-2025-03031,1,MAT-00139,83,59.59,4945.97,PENDING
POL-0005081,PO-2025-03031,2,MAT-00086,178,15.13,2693.14,PENDING
POL-0005082,PO-2025-03031,3,MAT-00724,1702,62.9,107055.8,PENDING
POL-0005083,PO-2025-03031,4,MAT-00030,827,19.73,16316.71,PENDING
POL-0005084,PO-2025-03032,1,MAT-00341,1396,10.09,14085.64,DELIVERED
POL-0005085,PO-2025-03033,1,MAT-00075,158,1.59,251.22,IN_TRANSIT
POL-0005086,PO-2025-03034,1,MAT-00917,497,48.1,23905.7,DELIVERED
POL-0005087,PO-2025-03035,1,MAT-00794,228,6.76,1541.28,OVERDUE
POL-0005088,PO-2025-03035,2,MAT-00635,533,8.68,4626.44,OVERDUE
POL-0005089,PO-2025-03035,3,MAT-00436,162,28.44,4607.28,OVERDUE
POL-0005090,PO-2025-03036,1,MAT-00964,360,57.29,20624.4,DELIVERED
POL-0005091,PO-2025-03036,2,MAT-00044,77,20.06,1544.62,DELIVERED
POL-0005092,PO-2025-03037,1,MAT-01046,818,69.27,56662.86,DELIVERED
POL-0005093,PO-2025-03037,2,MAT-00419,353,88.75,31328.75,DELIVERED
POL-0005094,PO-2025-03038,1,MAT-00917,252,48.1,12121.2,PENDING
POL-0005095,PO-2025-03039,1,MAT-01045,55,22.55,1240.25,DELIVERED
POL-0005096,PO-2025-03040,1,MAT-00164,355,10.01,3553.55,DELIVERED
POL-0005097,PO-2025-03040,2,MAT-00963,1518,31.8,48272.4,DELIVERED
POL-0005098,PO-2025-03040,3,MAT-00116,236,35.47,8370.92,DELIVERED
POL-0005099,PO-2025-03041,1,MAT-00920,495,29.44,14572.8,DELIVERED
POL-0005100,PO-2025-03041,2,MAT-01145,80,21.86,1748.8,DELIVERED
POL-0005101,PO-2025-03042,1,MAT-00277,2440,30.42,74224.8,DELIVERED
POL-0005102,PO-2025-03043,1,MAT-00910,1748,283.12,494893.76,DELIVERED
POL-0005103,PO-2025-03044,1,MAT-00381,2751,9.39,25831.89,DELIVERED
POL-0005104,PO-2025-03045,1,MAT-01086,206,38.69,7970.14,DELIVERED
POL-0005105,PO-2025-03045,2,MAT-00967,1824,12.75,23256.0,DELIVERED
POL-0005106,PO-2025-03046,1,MAT-00359,1256,35.51,44600.56,DELIVERED
POL-0005107,PO-2025-03046,2,MAT-00830,2127,18.38,39094.26,DELIVERED
POL-0005108,PO-2025-03046,3,MAT-00849,290,13.15,3813.5,DELIVERED
POL-0005109,PO-2025-03047,1,MAT-00530,957,8.81,8431.17,DELIVERED
POL-0005110,PO-2025-03048,1,MAT-00730,2113,10.79,22799.27,DELIVERED
POL-0005111,PO-2025-03049,1,MAT-01062,437,1.48,646.76,DELIVERED
POL-0005112,PO-2025-03050,1,MAT-01175,70,10.94,765.8,DELIVERED
POL-0005113,PO-2025-03051,1,MAT-00211,999,45.23,45184.77,DELIVERED
POL-0005114,PO-2025-03052,1,MAT-00476,986,18.94,18674.84,DELIVERED
POL-0005115,PO-2025-03053,1,MAT-01013,2231,271.16,604957.96,DELIVERED
POL-0005116,PO-2025-03054,1,MAT-01090,31,21.24,658.44,DELIVERED
POL-0005117,PO-2025-03055,1,MAT-01194,381,36.64,13959.84,IN_TRANSIT
POL-0005118,PO-2025-03056,1,MAT-00364,49,37.38,1831.62,DELIVERED
POL-0005119,PO-2025-03057,1,MAT-00613,1826,36.77,67142.02,DELIVERED
POL-0005120,PO-2025-03058,1,MAT-01107,4886,48.98,239316.28,IN_TRANSIT
POL-0005121,PO-2025-03059,1,MAT-00737,589,31.25,18406.25,DELIVERED
POL-0005122,PO-2025-03060,1,MAT-00649,1775,20.05,35588.75,DELIVERED
POL-0005123,PO-2025-03060,2,MAT-00825,88,14.59,1283.92,DELIVERED
POL-0005124,PO-2025-03060,3,MAT-01114,51,46.78,2385.78,DELIVERED
POL-0005125,PO-2025-03061,1,MAT-00415,98,37.24,3649.52,PENDING
POL-0005126,PO-2025-03061,2,MAT-00298,2855,37.15,106063.25,PENDING
POL-0005127,PO-2025-03061,3,MAT-00774,1440,76.97,110836.8,PENDING
POL-0005128,PO-2025-03061,4,MAT-01076,398,15.38,6121.24,PENDING
POL-0005129,PO-2025-03062,1,MAT-00799,985,24.99,24615.15,DELIVERED
POL-0005130,PO-2025-03063,1,MAT-00986,88,7.51,660.88,CANCELLED
POL-0005131,PO-2025-03063,2,MAT-00051,918,33.61,30853.98,CANCELLED
POL-0005132,PO-2025-03063,3,MAT-01140,59,60.83,3588.97,CANCELLED
POL-0005133,PO-2025-03063,4,MAT-00572,719,154.68,111214.92,CANCELLED
POL-0005134,PO-2025-03064,1,MAT-00910,2235,283.12,632773.2,DELIVERED
POL-0005135,PO-2025-03064,2,MAT-00252,4186,65.87,275731.82,DELIVERED
POL-0005136,PO-2025-03065,1,MAT-00318,4852,17.1,82969.2,DELIVERED
POL-0005137,PO-2025-03065,2,MAT-00457,1557,22.22,34596.54,DELIVERED
POL-0005138,PO-2025-03066,1,MAT-00002,200,21.88,4376.0,DELIVERED
POL-0005139,PO-2025-03066,2,MAT-00195,464,30.41,14110.24,DELIVERED
POL-0005140,PO-2025-03067,1,MAT-00739,789,150.17,118484.13,DELIVERED
POL-0005141,PO-2025-03068,1,MAT-00337,60,10.5,630.0,DELIVERED
POL-0005142,PO-2025-03068,2,MAT-00476,597,18.94,11307.18,DELIVERED
POL-0005143,PO-2025-03069,1,MAT-00461,1602,233.85,374627.7,OVERDUE
POL-0005144,PO-2025-03070,1,MAT-00973,259,62.65,16226.35,DELIVERED
POL-0005145,PO-2025-03070,2,MAT-00915,165,22.52,3715.8,DELIVERED
POL-0005146,PO-2025-03070,3,MAT-01120,120,80.79,9694.8,DELIVERED
POL-0005147,PO-2025-03071,1,MAT-00738,166,77.11,12800.26,DELIVERED
POL-0005148,PO-2025-03071,2,MAT-00895,1808,109.37,197740.96,DELIVERED
POL-0005149,PO-2025-03072,1,MAT-00190,1238,4.66,5769.08,DELIVERED
POL-0005150,PO-2025-03072,2,MAT-00856,169,14.88,2514.72,DELIVERED
POL-0005151,PO-2025-03073,1,MAT-01106,46,8.11,373.06,DELIVERED
POL-0005152,PO-2025-03073,2,MAT-00898,636,30.18,19194.48,DELIVERED
POL-0005153,PO-2025-03073,3,MAT-01073,429,29.22,12535.38,DELIVERED
POL-0005154,PO-2025-03073,4,MAT-01103,169,278.63,47088.47,DELIVERED
POL-0005155,PO-2025-03074,1,MAT-00042,169,32.69,5524.61,DELIVERED
POL-0005156,PO-2025-03075,1,MAT-00593,642,45.4,29146.8,OVERDUE
POL-0005157,PO-2025-03075,2,MAT-00160,1293,48.48,62684.64,OVERDUE
POL-0005158,PO-2025-03076,1,MAT-00500,81,5.98,484.38,DELIVERED
POL-0005159,PO-2025-03077,1,MAT-00808,914,15.09,13792.26,PENDING
POL-0005160,PO-2025-03078,1,MAT-00830,4131,18.38,75927.78,DELIVERED
POL-0005161,PO-2025-03078,2,MAT-01024,212,285.56,60538.72,DELIVERED
POL-0005162,PO-2025-03078,3,MAT-00166,1763,42.74,75350.62,DELIVERED
POL-0005163,PO-2025-03079,1,MAT-00888,221,16.51,3648.71,DELIVERED
POL-0005164,PO-2025-03079,2,MAT-00071,478,35.54,16988.12,DELIVERED
POL-0005165,PO-2025-03080,1,MAT-00195,250,30.41,7602.5,DELIVERED
POL-0005166,PO-2025-03081,1,MAT-00367,32,33.11,1059.52,DELIVERED
POL-0005167,PO-2025-03082,1,MAT-00006,4805,20.44,98214.2,DELIVERED
POL-0005168,PO-2025-03082,2,MAT-00312,41,94.45,3872.45,DELIVERED
POL-0005169,PO-2025-03082,3,MAT-01178,601,21.0,12621.0,DELIVERED
POL-0005170,PO-2025-03083,1,MAT-00214,253,50.56,12791.68,DELIVERED
POL-0005171,PO-2025-03084,1,MAT-00850,25,15.13,378.25,DELIVERED
POL-0005172,PO-2025-03085,1,MAT-00858,2342,39.46,92415.32,DELIVERED
POL-0005173,PO-2025-03085,2,MAT-01047,215,57.37,12334.55,DELIVERED
POL-0005174,PO-2025-03086,1,MAT-00217,121,11.66,1410.86,OVERDUE
POL-0005175,PO-2025-03087,1,MAT-00853,123,13.57,1669.11,DELIVERED
POL-0005176,PO-2025-03088,1,MAT-00453,122,9.49,1157.78,PENDING
POL-0005177,PO-2025-03089,1,MAT-00364,82,37.38,3065.16,OVERDUE
POL-0005178,PO-2025-03089,2,MAT-00710,206,162.07,33386.42,OVERDUE
POL-0005179,PO-2025-03090,1,MAT-00521,1175,4.17,4899.75,DELIVERED
POL-0005180,PO-2025-03091,1,MAT-00951,908,20.4,18523.2,DELIVERED
POL-0005181,PO-2025-03092,1,MAT-00709,79,2.49,196.71,DELIVERED
POL-0005182,PO-2025-03093,1,MAT-00480,149,96.46,14372.54,PENDING
POL-0005183,PO-2025-03093,2,MAT-00166,1009,42.74,43124.66,PENDING
POL-0005184,PO-2025-03094,1,MAT-01178,420,21.0,8820.0,DELIVERED
POL-0005185,PO-2025-03094,2,MAT-01132,378,44.46,16805.88,DELIVERED
POL-0005186,PO-2025-03094,3,MAT-00600,200,36.77,7354.0,DELIVERED
POL-0005187,PO-2025-03095,1,MAT-01186,303,76.1,23058.3,DELIVERED
POL-0005188,PO-2025-03095,2,MAT-01125,64,155.11,9927.04,DELIVERED
POL-0005189,PO-2025-03096,1,MAT-00371,112,26.71,2991.52,DELIVERED
POL-0005190,PO-2025-03096,2,MAT-01122,50,99.6,4980.0,DELIVERED
POL-0005191,PO-2025-03096,3,MAT-00324,133,263.42,35034.86,DELIVERED
POL-0005192,PO-2025-03097,1,MAT-00881,403,410.69,165508.07,CANCELLED
POL-0005193,PO-2025-03097,2,MAT-00978,98,1.78,174.44,CANCELLED
POL-0005194,PO-2025-03097,3,MAT-00279,105,29.0,3045.0,CANCELLED
POL-0005195,PO-2025-03098,1,MAT-00130,4856,13.81,67061.36,DELIVERED
POL-0005196,PO-2025-03099,1,MAT-00346,200,34.05,6810.0,DELIVERED
POL-0005197,PO-2025-03100,1,MAT-00814,53,33.95,1799.35,DELIVERED
POL-0005198,PO-2025-03101,1,MAT-00097,1841,38.03,70013.23,DELIVERED
POL-0005199,PO-2025-03102,1,MAT-01197,606,23.44,14204.64,DELIVERED
POL-0005200,PO-2025-03102,2,MAT-01075,538,77.99,41958.62,DELIVERED
POL-0005201,PO-2025-03103,1,MAT-00461,2149,233.85,502543.65,DELIVERED
POL-0005202,PO-2025-03103,2,MAT-00843,1810,7.92,14335.2,DELIVERED
POL-0005203,PO-2025-03103,3,MAT-00263,1681,1.44,2420.64,DELIVERED
POL-0005204,PO-2025-03104,1,MAT-00096,4319,5.63,24315.97,DELIVERED
POL-0005205,PO-2025-03105,1,MAT-01047,112,57.37,6425.44,DELIVERED
POL-0005206,PO-2025-03106,1,MAT-01141,1237,20.07,24826.59,DELIVERED
POL-0005207,PO-2025-03107,1,MAT-00107,3763,218.46,822064.98,DELIVERED
POL-0005208,PO-2025-03108,1,MAT-01164,100,3.97,397.0,DELIVERED
POL-0005209,PO-2025-03109,1,MAT-00021,311,128.67,40016.37,DELIVERED
POL-0005210,PO-2025-03110,1,MAT-01033,1004,41.82,41987.28,DELIVERED
POL-0005211,PO-2025-03110,2,MAT-00981,217,66.4,14408.8,DELIVERED
POL-0005212,PO-2025-03110,3,MAT-00570,169,16.45,2780.05,DELIVERED
POL-0005213,PO-2025-03111,1,MAT-00830,2513,18.38,46188.94,DELIVERED
POL-0005214,PO-2025-03112,1,MAT-00119,1616,85.15,137602.4,DELIVERED
POL-0005215,PO-2025-03113,1,MAT-01113,3004,71.94,216107.76,DELIVERED
POL-0005216,PO-2025-03113,2,MAT-00316,60,27.03,1621.8,DELIVERED
POL-0005217,PO-2025-03114,1,MAT-00272,102,5.47,557.94,DELIVERED
POL-0005218,PO-2025-03114,2,MAT-00240,130,67.09,8721.7,DELIVERED
POL-0005219,PO-2025-03115,1,MAT-00281,382,26.61,10165.02,DELIVERED
POL-0005220,PO-2025-03116,1,MAT-00882,186,14.83,2758.38,CANCELLED
POL-0005221,PO-2025-03116,2,MAT-00203,270,91.24,24634.8,CANCELLED
POL-0005222,PO-2025-03116,3,MAT-00820,1439,90.41,130099.99,CANCELLED
POL-0005223,PO-2025-03117,1,MAT-00143,80,4.13,330.4,DELIVERED
POL-0005224,PO-2025-03117,2,MAT-00509,1176,26.62,31305.12,DELIVERED
POL-0005225,PO-2025-03117,3,MAT-00999,127,14.15,1797.05,DELIVERED
POL-0005226,PO-2025-03118,1,MAT-00549,1836,41.83,76799.88,DELIVERED
POL-0005227,PO-2025-03119,1,MAT-00733,4397,37.92,166734.24,DELIVERED
POL-0005228,PO-2025-03119,2,MAT-00086,308,15.13,4660.04,DELIVERED
POL-0005229,PO-2025-03120,1,MAT-01101,108,80.68,8713.44,DELIVERED
POL-0005230,PO-2025-03120,2,MAT-00485,54,11.23,606.42,DELIVERED
POL-0005231,PO-2025-03120,3,MAT-00062,68,20.03,1362.04,DELIVERED
POL-0005232,PO-2025-03121,1,MAT-00521,977,4.17,4074.09,DELIVERED
POL-0005233,PO-2025-03122,1,MAT-00414,4811,95.4,458969.4,DELIVERED
POL-0005234,PO-2025-03122,2,MAT-00082,3303,38.31,126537.93,DELIVERED
POL-0005235,PO-2025-03123,1,MAT-00855,104,128.91,13406.64,DELIVERED
POL-0005236,PO-2025-03124,1,MAT-00689,126,57.33,7223.58,IN_TRANSIT
POL-0005237,PO-2025-03125,1,MAT-00065,115,64.8,7452.0,DELIVERED
POL-0005238,PO-2025-03126,1,MAT-00823,2173,336.33,730845.09,DELIVERED
POL-0005239,PO-2025-03126,2,MAT-00225,1911,14.79,28263.69,DELIVERED
POL-0005240,PO-2025-03127,1,MAT-01018,92,14.92,1372.64,DELIVERED
POL-0005241,PO-2025-03128,1,MAT-00971,4171,28.49,118831.79,OVERDUE
POL-0005242,PO-2025-03129,1,MAT-00935,234,44.85,10494.9,DELIVERED
POL-0005243,PO-2025-03130,1,MAT-00207,86,42.19,3628.34,PENDING
POL-0005244,PO-2025-03131,1,MAT-00841,1027,26.03,26732.81,DELIVERED
POL-0005245,PO-2025-03132,1,MAT-00680,4763,111.31,530169.53,DELIVERED
POL-0005246,PO-2025-03132,2,MAT-00789,577,25.4,14655.8,DELIVERED
POL-0005247,PO-2025-03132,3,MAT-00978,94,1.78,167.32,DELIVERED
POL-0005248,PO-2025-03133,1,MAT-01125,73,155.11,11323.03,DELIVERED
POL-0005249,PO-2025-03133,2,MAT-01005,4032,54.05,217929.6,DELIVERED
POL-0005250,PO-2025-03134,1,MAT-01094,166,26.14,4339.24,DELIVERED
POL-0005251,PO-2025-03134,2,MAT-00829,1103,16.67,18387.01,DELIVERED
POL-0005252,PO-2025-03134,3,MAT-01086,216,38.69,8357.04,DELIVERED
POL-0005253,PO-2025-03134,4,MAT-00713,3709,13.48,49997.32,DELIVERED
POL-0005254,PO-2025-03135,1,MAT-01148,3853,5.38,20729.14,PENDING
POL-0005255,PO-2025-03136,1,MAT-00127,373,9.12,3401.76,DELIVERED
POL-0005256,PO-2025-03137,1,MAT-00658,1071,24.03,25736.13,CANCELLED
POL-0005257,PO-2025-03138,1,MAT-00892,69,43.57,3006.33,DELIVERED
POL-0005258,PO-2025-03138,2,MAT-00626,1009,14.4,14529.6,DELIVERED
POL-0005259,PO-2025-03138,3,MAT-00122,398,9.54,3796.92,DELIVERED
POL-0005260,PO-2025-03139,1,MAT-00557,97,14.49,1405.53,DELIVERED
POL-0005261,PO-2025-03140,1,MAT-00252,2778,65.87,182986.86,DELIVERED
POL-0005262,PO-2025-03140,2,MAT-00996,1635,20.62,33713.7,DELIVERED
POL-0005263,PO-2025-03141,1,MAT-00842,459,52.45,24074.55,DELIVERED
POL-0005264,PO-2025-03142,1,MAT-00626,3970,14.4,57168.0,PENDING
POL-0005265,PO-2025-03142,2,MAT-00530,2489,8.81,21928.09,PENDING
POL-0005266,PO-2025-03142,3,MAT-00995,3302,8.66,28595.32,PENDING
POL-0005267,PO-2025-03143,1,MAT-00306,169,31.01,5240.69,DELIVERED
POL-0005268,PO-2025-03143,2,MAT-00400,424,96.78,41034.72,DELIVERED
POL-0005269,PO-2025-03144,1,MAT-00836,151,32.93,4972.43,DELIVERED
POL-0005270,PO-2025-03144,2,MAT-00946,434,7.45,3233.3,DELIVERED
POL-0005271,PO-2025-03144,3,MAT-00499,240,10.27,2464.8,DELIVERED
POL-0005272,PO-2025-03145,1,MAT-00992,4895,2.75,13461.25,DELIVERED
POL-0005273,PO-2025-03146,1,MAT-00293,149,13.28,1978.72,DELIVERED
POL-0005274,PO-2025-03146,2,MAT-00247,3232,15.77,50968.64,DELIVERED
POL-0005275,PO-2025-03147,1,MAT-00400,215,96.78,20807.7,DELIVERED
POL-0005276,PO-2025-03148,1,MAT-00460,240,6.99,1677.6,DELIVERED
POL-0005277,PO-2025-03148,2,MAT-00121,296,59.21,17526.16,DELIVERED
POL-0005278,PO-2025-03148,3,MAT-00248,901,12.46,11226.46,DELIVERED
POL-0005279,PO-2025-03149,1,MAT-00204,79,87.59,6919.61,DELIVERED
POL-0005280,PO-2025-03150,1,MAT-00002,330,21.88,7220.4,CANCELLED
POL-0005281,PO-2025-03150,2,MAT-00960,352,44.8,15769.6,CANCELLED
POL-0005282,PO-2025-03150,3,MAT-00881,185,410.69,75977.65,CANCELLED
POL-0005283,PO-2025-03151,1,MAT-00668,1713,137.32,235229.16,OVERDUE
POL-0005284,PO-2025-03151,2,MAT-00940,407,14.26,5803.82,OVERDUE
POL-0005285,PO-2025-03152,1,MAT-00049,1758,37.58,66065.64,PENDING
POL-0005286,PO-2025-03153,1,MAT-00998,83,52.87,4388.21,DELIVERED
POL-0005287,PO-2025-03153,2,MAT-00898,284,30.18,8571.12,DELIVERED
POL-0005288,PO-2025-03153,3,MAT-00713,2248,13.48,30303.04,DELIVERED
POL-0005289,PO-2025-03154,1,MAT-00148,1117,6.47,7226.99,DELIVERED
POL-0005290,PO-2025-03155,1,MAT-00863,1076,139.81,150435.56,DELIVERED
POL-0005291,PO-2025-03156,1,MAT-00787,181,67.61,12237.41,CANCELLED
POL-0005292,PO-2025-03157,1,MAT-00044,60,20.06,1203.6,DELIVERED
POL-0005293,PO-2025-03157,2,MAT-00379,2571,294.03,755951.13,DELIVERED
POL-0005294,PO-2025-03158,1,MAT-00133,496,7.66,3799.36,DELIVERED
POL-0005295,PO-2025-03158,2,MAT-00464,1374,30.4,41769.6,DELIVERED
POL-0005296,PO-2025-03159,1,MAT-00277,1267,30.42,38542.14,DELIVERED
POL-0005297,PO-2025-03159,2,MAT-00892,131,43.57,5707.67,DELIVERED
POL-0005298,PO-2025-03160,1,MAT-00662,1715,15.18,26033.7,DELIVERED
POL-0005299,PO-2025-03160,2,MAT-00322,877,53.98,47340.46,DELIVERED
POL-0005300,PO-2025-03161,1,MAT-00234,83,11.9,987.7,DELIVERED
POL-0005301,PO-2025-03162,1,MAT-01026,2462,41.81,102936.22,DELIVERED
POL-0005302,PO-2025-03162,2,MAT-00139,48,59.59,2860.32,DELIVERED
POL-0005303,PO-2025-03163,1,MAT-01064,189,3.59,678.51,DELIVERED
POL-0005304,PO-2025-03164,1,MAT-00909,153,55.6,8506.8,DELIVERED
POL-0005305,PO-2025-03164,2,MAT-00226,113,87.58,9896.54,DELIVERED
POL-0005306,PO-2025-03164,3,MAT-00062,138,20.03,2764.14,DELIVERED
POL-0005307,PO-2025-03165,1,MAT-00713,1625,13.48,21905.0,DELIVERED
POL-0005308,PO-2025-03165,2,MAT-00765,572,91.59,52389.48,DELIVERED
POL-0005309,PO-2025-03165,3,MAT-00817,156,34.98,5456.88,DELIVERED
POL-0005310,PO-2025-03165,4,MAT-00547,53,47.33,2508.49,DELIVERED
POL-0005311,PO-2025-03166,1,MAT-00260,434,64.9,28166.6,OVERDUE
POL-0005312,PO-2025-03166,2,MAT-01119,3357,31.06,104268.42,OVERDUE
POL-0005313,PO-2025-03167,1,MAT-00355,99,27.03,2675.97,DELIVERED
POL-0005314,PO-2025-03167,2,MAT-00883,1099,15.57,17111.43,DELIVERED
POL-0005315,PO-2025-03167,3,MAT-00785,179,43.23,7738.17,DELIVERED
POL-0005316,PO-2025-03168,1,MAT-00686,202,52.4,10584.8,DELIVERED
POL-0005317,PO-2025-03169,1,MAT-00915,225,22.52,5067.0,OVERDUE
POL-0005318,PO-2025-03170,1,MAT-00513,491,20.25,9942.75,PENDING
POL-0005319,PO-2025-03171,1,MAT-00931,1118,13.9,15540.2,DELIVERED
POL-0005320,PO-2025-03172,1,MAT-01086,297,38.69,11490.93,IN_TRANSIT
POL-0005321,PO-2025-03172,2,MAT-00327,72,96.4,6940.8,IN_TRANSIT
POL-0005322,PO-2025-03173,1,MAT-00551,653,30.92,20190.76,DELIVERED
POL-0005323,PO-2025-03173,2,MAT-00305,475,25.36,12046.0,DELIVERED
POL-0005324,PO-2025-03174,1,MAT-00884,219,82.57,18082.83,DELIVERED
POL-0005325,PO-2025-03175,1,MAT-00536,2460,25.16,61893.6,DELIVERED
POL-0005326,PO-2025-03176,1,MAT-00005,1665,21.07,35081.55,DELIVERED
POL-0005327,PO-2025-03177,1,MAT-00907,3404,6.14,20900.56,DELIVERED
POL-0005328,PO-2025-03177,2,MAT-00515,992,14.31,14195.52,DELIVERED
POL-0005329,PO-2025-03177,3,MAT-00619,80,42.28,3382.4,DELIVERED
POL-0005330,PO-2025-03178,1,MAT-00245,117,7.12,833.04,DELIVERED
POL-0005331,PO-2025-03179,1,MAT-00512,53,22.65,1200.45,IN_TRANSIT
POL-0005332,PO-2025-03180,1,MAT-01055,75,13.19,989.25,DELIVERED
POL-0005333,PO-2025-03180,2,MAT-01120,37,80.79,2989.23,DELIVERED
POL-0005334,PO-2025-03180,3,MAT-00033,1770,24.38,43152.6,DELIVERED
POL-0005335,PO-2025-03181,1,MAT-00579,3964,4.58,18155.12,CANCELLED
POL-0005336,PO-2025-03181,2,MAT-00099,589,27.15,15991.35,CANCELLED
POL-0005337,PO-2025-03182,1,MAT-00454,1152,46.37,53418.24,DELIVERED
POL-0005338,PO-2025-03182,2,MAT-00378,4845,32.63,158092.35,DELIVERED
POL-0005339,PO-2025-03183,1,MAT-00484,1106,31.07,34363.42,DELIVERED
POL-0005340,PO-2025-03184,1,MAT-00046,216,11.46,2475.36,DELIVERED
POL-0005341,PO-2025-03184,2,MAT-00881,485,410.69,199184.65,DELIVERED
POL-0005342,PO-2025-03184,3,MAT-00865,4103,12.6,51697.8,DELIVERED
POL-0005343,PO-2025-03184,4,MAT-00296,3022,11.79,35629.38,DELIVERED
POL-0005344,PO-2025-03185,1,MAT-00306,141,31.01,4372.41,DELIVERED
POL-0005345,PO-2025-03186,1,MAT-00548,1097,20.62,22620.14,IN_TRANSIT
POL-0005346,PO-2025-03186,2,MAT-00797,254,25.64,6512.56,IN_TRANSIT
POL-0005347,PO-2025-03187,1,MAT-01186,437,76.1,33255.7,DELIVERED
POL-0005348,PO-2025-03188,1,MAT-00887,96,48.82,4686.72,CANCELLED
POL-0005349,PO-2025-03189,1,MAT-00246,2338,17.64,41242.32,DELIVERED
POL-0005350,PO-2025-03189,2,MAT-00198,1844,30.26,55799.44,DELIVERED
POL-0005351,PO-2025-03189,3,MAT-00585,1229,29.99,36857.71,DELIVERED
POL-0005352,PO-2025-03190,1,MAT-00708,3701,170.09,629503.09,DELIVERED
POL-0005353,PO-2025-03191,1,MAT-00812,3113,16.77,52205.01,DELIVERED
POL-0005354,PO-2025-03192,1,MAT-00296,1508,11.79,17779.32,DELIVERED
POL-0005355,PO-2025-03193,1,MAT-00464,4573,30.4,139019.2,CANCELLED
POL-0005356,PO-2025-03193,2,MAT-01132,466,44.46,20718.36,CANCELLED
POL-0005357,PO-2025-03193,3,MAT-00790,2018,4.0,8072.0,CANCELLED
POL-0005358,PO-2025-03193,4,MAT-00382,132,12.27,1619.64,CANCELLED
POL-0005359,PO-2025-03194,1,MAT-00446,2587,49.81,128858.47,DELIVERED
POL-0005360,PO-2025-03195,1,MAT-01033,495,41.82,20700.9,DELIVERED
POL-0005361,PO-2025-03196,1,MAT-00075,213,1.59,338.67,PENDING
POL-0005362,PO-2025-03197,1,MAT-00572,795,154.68,122970.6,DELIVERED
POL-0005363,PO-2025-03198,1,MAT-01045,62,22.55,1398.1,DELIVERED
POL-0005364,PO-2025-03198,2,MAT-00402,427,14.37,6135.99,DELIVERED
POL-0005365,PO-2025-03199,1,MAT-00850,48,15.13,726.24,DELIVERED
POL-0005366,PO-2025-03200,1,MAT-01104,480,22.29,10699.2,DELIVERED
POL-0005367,PO-2025-03201,1,MAT-00521,1002,4.17,4178.34,DELIVERED
POL-0005368,PO-2025-03201,2,MAT-00706,121,49.23,5956.83,DELIVERED
POL-0005369,PO-2025-03202,1,MAT-00964,428,57.29,24520.12,OVERDUE
POL-0005370,PO-2025-03202,2,MAT-00275,457,8.09,3697.13,OVERDUE
POL-0005371,PO-2025-03203,1,MAT-00037,276,29.49,8139.24,DELIVERED
POL-0005372,PO-2025-03203,2,MAT-00267,3256,145.15,472608.4,DELIVERED
POL-0005373,PO-2025-03204,1,MAT-00744,82,24.53,2011.46,DELIVERED
POL-0005374,PO-2025-03204,2,MAT-00548,704,20.62,14516.48,DELIVERED
POL-0005375,PO-2025-03205,1,MAT-00748,357,11.55,4123.35,DELIVERED
POL-0005376,PO-2025-03205,2,MAT-00506,3485,14.65,51055.25,DELIVERED
POL-0005377,PO-2025-03205,3,MAT-00063,992,7.25,7192.0,DELIVERED
POL-0005378,PO-2025-03206,1,MAT-00382,182,12.27,2233.14,DELIVERED
POL-0005379,PO-2025-03207,1,MAT-00875,1472,25.78,37948.16,OVERDUE
POL-0005380,PO-2025-03208,1,MAT-00527,301,4.28,1288.28,DELIVERED
POL-0005381,PO-2025-03209,1,MAT-00200,3037,7.7,23384.9,DELIVERED
POL-0005382,PO-2025-03209,2,MAT-00506,3966,14.65,58101.9,DELIVERED
POL-0005383,PO-2025-03210,1,MAT-01143,159,23.88,3796.92,DELIVERED
POL-0005384,PO-2025-03211,1,MAT-00961,236,49.49,11679.64,DELIVERED
POL-0005385,PO-2025-03212,1,MAT-00579,3365,4.58,15411.7,PENDING
POL-0005386,PO-2025-03213,1,MAT-00266,742,6.1,4526.2,DELIVERED
POL-0005387,PO-2025-03213,2,MAT-00924,4079,12.14,49519.06,DELIVERED
POL-0005388,PO-2025-03213,3,MAT-00934,141,2.13,300.33,DELIVERED
POL-0005389,PO-2025-03214,1,MAT-00742,1245,5.96,7420.2,PENDING
POL-0005390,PO-2025-03215,1,MAT-01068,1063,84.73,90067.99,DELIVERED
POL-0005391,PO-2025-03215,2,MAT-00633,681,20.47,13940.07,DELIVERED
POL-0005392,PO-2025-03215,3,MAT-00072,47,141.17,6634.99,DELIVERED
POL-0005393,PO-2025-03216,1,MAT-00776,1015,4.92,4993.8,DELIVERED
POL-0005394,PO-2025-03217,1,MAT-01002,998,76.22,76067.56,DELIVERED
POL-0005395,PO-2025-03218,1,MAT-00585,875,29.99,26241.25,PENDING
POL-0005396,PO-2025-03218,2,MAT-01148,1986,5.38,10684.68,PENDING
POL-0005397,PO-2025-03218,3,MAT-01031,2083,20.02,41701.66,PENDING
POL-0005398,PO-2025-03219,1,MAT-00638,95,26.74,2540.3,DELIVERED
POL-0005399,PO-2025-03220,1,MAT-00501,121,76.28,9229.88,DELIVERED
POL-0005400,PO-2025-03220,2,MAT-00650,224,54.47,12201.28,DELIVERED
POL-0005401,PO-2025-03221,1,MAT-00167,3984,67.37,268402.08,DELIVERED
POL-0005402,PO-2025-03222,1,MAT-00912,3067,30.69,94126.23,DELIVERED
POL-0005403,PO-2025-03222,2,MAT-00890,186,85.97,15990.42,DELIVERED
POL-0005404,PO-2025-03223,1,MAT-00849,387,13.15,5089.05,OVERDUE
POL-0005405,PO-2025-03224,1,MAT-00672,199,2.47,491.53,DELIVERED
POL-0005406,PO-2025-03224,2,MAT-00355,95,27.03,2567.85,DELIVERED
POL-0005407,PO-2025-03225,1,MAT-00681,297,61.82,18360.54,DELIVERED
POL-0005408,PO-2025-03226,1,MAT-01170,233,64.75,15086.75,DELIVERED
POL-0005409,PO-2025-03227,1,MAT-01195,238,4.36,1037.68,DELIVERED
POL-0005410,PO-2025-03227,2,MAT-01011,1857,116.18,215746.26,DELIVERED
POL-0005411,PO-2025-03227,3,MAT-01168,33,50.51,1666.83,DELIVERED
POL-0005412,PO-2025-03227,4,MAT-00981,321,66.4,21314.4,DELIVERED
POL-0005413,PO-2025-03228,1,MAT-00315,149,112.99,16835.51,DELIVERED
POL-0005414,PO-2025-03228,2,MAT-00062,69,20.03,1382.07,DELIVERED
POL-0005415,PO-2025-03229,1,MAT-00524,645,51.02,32907.9,DELIVERED
POL-0005416,PO-2025-03229,2,MAT-00655,671,457.75,307150.25,DELIVERED
POL-0005417,PO-2025-03230,1,MAT-01001,1017,112.37,114280.29,DELIVERED
POL-0005418,PO-2025-03230,2,MAT-00088,3260,36.74,119772.4,DELIVERED
POL-0005419,PO-2025-03230,3,MAT-00815,2781,84.5,234994.5,DELIVERED
POL-0005420,PO-2025-03231,1,MAT-00029,603,12.48,7525.44,DELIVERED
POL-0005421,PO-2025-03231,2,MAT-00991,115,35.34,4064.1,DELIVERED
POL-0005422,PO-2025-03232,1,MAT-00559,356,39.35,14008.6,DELIVERED
POL-0005423,PO-2025-03232,2,MAT-00808,1347,15.09,20326.23,DELIVERED
POL-0005424,PO-2025-03233,1,MAT-00264,119,8.15,969.85,DELIVERED
POL-0005425,PO-2025-03233,2,MAT-00936,1497,13.86,20748.42,DELIVERED
POL-0005426,PO-2025-03233,3,MAT-00952,40,38.65,1546.0,DELIVERED
POL-0005427,PO-2025-03234,1,MAT-00680,2024,111.31,225291.44,DELIVERED
POL-0005428,PO-2025-03234,2,MAT-00482,57,8.65,493.05,DELIVERED
POL-0005429,PO-2025-03234,3,MAT-00885,1426,55.94,79770.44,DELIVERED
POL-0005430,PO-2025-03235,1,MAT-00917,388,48.1,18662.8,DELIVERED
POL-0005431,PO-2025-03236,1,MAT-00267,1192,145.15,173018.8,DELIVERED
POL-0005432,PO-2025-03237,1,MAT-00143,84,4.13,346.92,DELIVERED
POL-0005433,PO-2025-03237,2,MAT-00526,502,3.7,1857.4,DELIVERED
POL-0005434,PO-2025-03238,1,MAT-00978,103,1.78,183.34,OVERDUE
POL-0005435,PO-2025-03239,1,MAT-00175,4985,32.53,162162.05,IN_TRANSIT
POL-0005436,PO-2025-03239,2,MAT-00805,454,15.46,7018.84,IN_TRANSIT
POL-0005437,PO-2025-03239,3,MAT-00845,854,33.47,28583.38,IN_TRANSIT
POL-0005438,PO-2025-03240,1,MAT-01019,2189,18.3,40058.7,IN_TRANSIT
POL-0005439,PO-2025-03241,1,MAT-00185,2036,19.38,39457.68,DELIVERED
POL-0005440,PO-2025-03242,1,MAT-00755,413,9.46,3906.98,DELIVERED
POL-0005441,PO-2025-03242,2,MAT-00104,46,9.85,453.1,DELIVERED
POL-0005442,PO-2025-03242,3,MAT-00714,201,39.35,7909.35,DELIVERED
POL-0005443,PO-2025-03243,1,MAT-00793,1390,31.91,44354.9,OVERDUE
POL-0005444,PO-2025-03244,1,MAT-00778,26,21.4,556.4,PENDING
POL-0005445,PO-2025-03245,1,MAT-01148,3754,5.38,20196.52,DELIVERED
POL-0005446,PO-2025-03246,1,MAT-00610,3996,123.85,494904.6,DELIVERED
POL-0005447,PO-2025-03246,2,MAT-00148,866,6.47,5603.02,DELIVERED
POL-0005448,PO-2025-03247,1,MAT-00776,857,4.92,4216.44,DELIVERED
POL-0005449,PO-2025-03247,2,MAT-00830,3680,18.38,67638.4,DELIVERED
POL-0005450,PO-2025-03248,1,MAT-00485,69,11.23,774.87,DELIVERED
POL-0005451,PO-2025-03248,2,MAT-00808,1896,15.09,28610.64,DELIVERED
POL-0005452,PO-2025-03248,3,MAT-00524,472,51.02,24081.44,DELIVERED
POL-0005453,PO-2025-03248,4,MAT-00079,83,28.28,2347.24,DELIVERED
POL-0005454,PO-2025-03249,1,MAT-00131,1248,4.8,5990.4,OVERDUE
POL-0005455,PO-2025-03250,1,MAT-00127,368,9.12,3356.16,DELIVERED
POL-0005456,PO-2025-03250,2,MAT-00111,2434,3.07,7472.38,DELIVERED
POL-0005457,PO-2025-03251,1,MAT-00159,112,6.41,717.92,DELIVERED
POL-0005458,PO-2025-03252,1,MAT-00114,61,400.81,24449.41,DELIVERED
POL-0005459,PO-2025-03252,2,MAT-00401,449,4.11,1845.39,DELIVERED
POL-0005460,PO-2025-03253,1,MAT-00976,234,3.26,762.84,DELIVERED
POL-0005461,PO-2025-03254,1,MAT-00335,31,78.13,2422.03,DELIVERED
POL-0005462,PO-2025-03255,1,MAT-00739,943,150.17,141610.31,DELIVERED
POL-0005463,PO-2025-03255,2,MAT-00787,343,67.61,23190.23,DELIVERED
POL-0005464,PO-2025-03255,3,MAT-00197,230,10.51,2417.3,DELIVERED
POL-0005465,PO-2025-03255,4,MAT-01125,86,155.11,13339.46,DELIVERED
POL-0005466,PO-2025-03256,1,MAT-00980,186,60.76,11301.36,DELIVERED
POL-0005467,PO-2025-03256,2,MAT-00215,46,18.37,845.02,DELIVERED
POL-0005468,PO-2025-03257,1,MAT-00264,53,8.15,431.95,DELIVERED
POL-0005469,PO-2025-03258,1,MAT-00132,537,29.72,15959.64,DELIVERED
POL-0005470,PO-2025-03258,2,MAT-00737,749,31.25,23406.25,DELIVERED
POL-0005471,PO-2025-03258,3,MAT-00172,188,10.25,1927.0,DELIVERED
POL-0005472,PO-2025-03259,1,MAT-00139,31,59.59,1847.29,DELIVERED
POL-0005473,PO-2025-03259,2,MAT-00724,2092,62.9,131586.8,DELIVERED
POL-0005474,PO-2025-03260,1,MAT-00175,4628,32.53,150548.84,PENDING
POL-0005475,PO-2025-03260,2,MAT-00689,161,57.33,9230.13,PENDING
POL-0005476,PO-2025-03261,1,MAT-00321,759,25.93,19680.87,DELIVERED
POL-0005477,PO-2025-03262,1,MAT-01120,114,80.79,9210.06,DELIVERED
POL-0005478,PO-2025-03262,2,MAT-00400,102,96.78,9871.56,DELIVERED
POL-0005479,PO-2025-03262,3,MAT-00310,101,19.19,1938.19,DELIVERED
POL-0005480,PO-2025-03263,1,MAT-01121,157,79.69,12511.33,DELIVERED
POL-0005481,PO-2025-03264,1,MAT-00899,2402,92.02,221032.04,DELIVERED
POL-0005482,PO-2025-03264,2,MAT-00840,220,21.61,4754.2,DELIVERED
POL-0005483,PO-2025-03264,3,MAT-00321,1321,25.93,34253.53,DELIVERED
POL-0005484,PO-2025-03265,1,MAT-00635,1141,8.68,9903.88,DELIVERED
POL-0005485,PO-2025-03265,2,MAT-00932,1868,199.06,371844.08,DELIVERED
POL-0005486,PO-2025-03266,1,MAT-01065,745,18.9,14080.5,DELIVERED
POL-0005487,PO-2025-03266,2,MAT-01128,119,11.12,1323.28,DELIVERED
POL-0005488,PO-2025-03266,3,MAT-00101,776,5.32,4128.32,DELIVERED
POL-0005489,PO-2025-03267,1,MAT-00101,1185,5.32,6304.2,DELIVERED
POL-0005490,PO-2025-03268,1,MAT-00719,1801,17.76,31985.76,IN_TRANSIT
POL-0005491,PO-2025-03269,1,MAT-00656,3224,28.04,90400.96,DELIVERED
POL-0005492,PO-2025-03269,2,MAT-00862,147,4.61,677.67,DELIVERED
POL-0005493,PO-2025-03269,3,MAT-01008,1053,54.19,57062.07,DELIVERED
POL-0005494,PO-2025-03270,1,MAT-00533,1393,21.7,30228.1,DELIVERED
POL-0005495,PO-2025-03270,2,MAT-01123,120,48.63,5835.6,DELIVERED
POL-0005496,PO-2025-03271,1,MAT-00772,1012,12.97,13125.64,DELIVERED
POL-0005497,PO-2025-03272,1,MAT-00497,2106,7.66,16131.96,DELIVERED
POL-0005498,PO-2025-03273,1,MAT-01176,228,20.33,4635.24,DELIVERED
POL-0005499,PO-2025-03274,1,MAT-00303,72,53.96,3885.12,OVERDUE
POL-0005500,PO-2025-03275,1,MAT-00153,91,12.75,1160.25,DELIVERED
POL-0005501,PO-2025-03276,1,MAT-01022,1213,14.64,17758.32,CANCELLED
POL-0005502,PO-2025-03277,1,MAT-00237,2009,2.92,5866.28,DELIVERED
POL-0005503,PO-2025-03277,2,MAT-00268,4006,4.89,19589.34,DELIVERED
POL-0005504,PO-2025-03278,1,MAT-00055,2421,78.07,189007.47,DELIVERED
POL-0005505,PO-2025-03279,1,MAT-00997,266,184.88,49178.08,CANCELLED
POL-0005506,PO-2025-03280,1,MAT-01091,4005,24.48,98042.4,DELIVERED
POL-0005507,PO-2025-03281,1,MAT-00993,2764,21.06,58209.84,DELIVERED
POL-0005508,PO-2025-03282,1,MAT-01083,1691,17.97,30387.27,DELIVERED
POL-0005509,PO-2025-03283,1,MAT-00710,352,162.07,57048.64,DELIVERED
POL-0005510,PO-2025-03284,1,MAT-01097,3403,29.26,99571.78,DELIVERED
POL-0005511,PO-2025-03284,2,MAT-00800,314,26.27,8248.78,DELIVERED
POL-0005512,PO-2025-03285,1,MAT-00892,145,43.57,6317.65,DELIVERED
POL-0005513,PO-2025-03286,1,MAT-00990,39,26.97,1051.83,DELIVERED
POL-0005514,PO-2025-03287,1,MAT-01040,212,86.86,18414.32,DELIVERED
POL-0005515,PO-2025-03288,1,MAT-00167,3675,67.37,247584.75,DELIVERED
POL-0005516,PO-2025-03288,2,MAT-00453,150,9.49,1423.5,DELIVERED
POL-0005517,PO-2025-03289,1,MAT-00384,104,13.47,1400.88,OVERDUE
POL-0005518,PO-2025-03290,1,MAT-00588,800,10.35,8280.0,DELIVERED
POL-0005519,PO-2025-03291,1,MAT-00583,1896,55.31,104867.76,DELIVERED
POL-0005520,PO-2025-03292,1,MAT-00621,1978,9.78,19344.84,DELIVERED
POL-0005521,PO-2025-03292,2,MAT-00962,70,102.48,7173.6,DELIVERED
POL-0005522,PO-2025-03292,3,MAT-00276,175,45.13,7897.75,DELIVERED
POL-0005523,PO-2025-03293,1,MAT-00480,202,96.46,19484.92,PENDING
POL-0005524,PO-2025-03293,2,MAT-00689,97,57.33,5561.01,PENDING
POL-0005525,PO-2025-03294,1,MAT-00762,72,28.94,2083.68,PENDING
POL-0005526,PO-2025-03294,2,MAT-01199,920,34.48,31721.6,PENDING
POL-0005527,PO-2025-03295,1,MAT-00042,74,32.69,2419.06,DELIVERED
POL-0005528,PO-2025-03295,2,MAT-00827,4664,151.97,708788.08,DELIVERED
POL-0005529,PO-2025-03296,1,MAT-01076,288,15.38,4429.44,DELIVERED
POL-0005530,PO-2025-03297,1,MAT-01131,118,38.46,4538.28,CANCELLED
POL-0005531,PO-2025-03298,1,MAT-00507,4251,13.18,56028.18,DELIVERED
POL-0005532,PO-2025-03298,2,MAT-00507,4470,13.18,58914.6,DELIVERED
POL-0005533,PO-2025-03299,1,MAT-00789,907,25.4,23037.8,PENDING
POL-0005534,PO-2025-03299,2,MAT-01022,753,14.64,11023.92,PENDING
POL-0005535,PO-2025-03300,1,MAT-00668,3744,137.32,514126.08,DELIVERED
POL-0005536,PO-2025-03300,2,MAT-00599,105,16.78,1761.9,DELIVERED
POL-0005537,PO-2025-03301,1,MAT-00746,814,10.92,8888.88,DELIVERED
POL-0005538,PO-2025-03301,2,MAT-00056,1872,65.62,122840.64,DELIVERED
POL-0005539,PO-2025-03302,1,MAT-00036,397,6.28,2493.16,DELIVERED
POL-0005540,PO-2025-03302,2,MAT-00729,39,15.56,606.84,DELIVERED
POL-0005541,PO-2025-03303,1,MAT-01059,1950,48.3,94185.0,PENDING
POL-0005542,PO-2025-03304,1,MAT-00682,74,7.46,552.04,DELIVERED
POL-0005543,PO-2025-03305,1,MAT-00940,1020,14.26,14545.2,DELIVERED
POL-0005544,PO-2025-03305,2,MAT-00906,165,28.07,4631.55,DELIVERED
POL-0005545,PO-2025-03306,1,MAT-00647,368,1.63,599.84,DELIVERED
POL-0005546,PO-2025-03306,2,MAT-00623,25,213.25,5331.25,DELIVERED
POL-0005547,PO-2025-03306,3,MAT-00675,384,5.74,2204.16,DELIVERED
POL-0005548,PO-2025-03306,4,MAT-00411,94,58.42,5491.48,DELIVERED
POL-0005549,PO-2025-03307,1,MAT-00005,1753,21.07,36935.71,DELIVERED
POL-0005550,PO-2025-03308,1,MAT-00291,1132,21.89,24779.48,OVERDUE
POL-0005551,PO-2025-03308,2,MAT-00929,3963,144.62,573129.06,OVERDUE
POL-0005552,PO-2025-03308,3,MAT-00050,119,3.6,428.4,OVERDUE
POL-0005553,PO-2025-03309,1,MAT-00389,1259,70.87,89225.33,DELIVERED
POL-0005554,PO-2025-03310,1,MAT-00264,98,8.15,798.7,IN_TRANSIT
POL-0005555,PO-2025-03311,1,MAT-00922,118,7.6,896.8,DELIVERED
POL-0005556,PO-2025-03311,2,MAT-00460,279,6.99,1950.21,DELIVERED
POL-0005557,PO-2025-03311,3,MAT-01141,4083,20.07,81945.81,DELIVERED
POL-0005558,PO-2025-03312,1,MAT-00229,141,11.05,1558.05,DELIVERED
POL-0005559,PO-2025-03313,1,MAT-00495,215,132.83,28558.45,DELIVERED
POL-0005560,PO-2025-03313,2,MAT-01084,124,229.9,28507.6,DELIVERED
POL-0005561,PO-2025-03314,1,MAT-00442,150,24.22,3633.0,DELIVERED
POL-0005562,PO-2025-03314,2,MAT-00871,1028,22.39,23016.92,DELIVERED
POL-0005563,PO-2025-03315,1,MAT-01057,2578,27.41,70662.98,DELIVERED
POL-0005564,PO-2025-03316,1,MAT-00689,124,57.33,7108.92,OVERDUE
POL-0005565,PO-2025-03317,1,MAT-00717,200,30.37,6074.0,DELIVERED
POL-0005566,PO-2025-03317,2,MAT-00670,2162,91.39,197585.18,DELIVERED
POL-0005567,PO-2025-03318,1,MAT-00007,120,139.18,16701.6,DELIVERED
POL-0005568,PO-2025-03318,2,MAT-00025,1087,13.45,14620.15,DELIVERED
POL-0005569,PO-2025-03319,1,MAT-00367,57,33.11,1887.27,DELIVERED
POL-0005570,PO-2025-03320,1,MAT-00667,216,20.06,4332.96,DELIVERED
POL-0005571,PO-2025-03321,1,MAT-00737,538,31.25,16812.5,DELIVERED
POL-0005572,PO-2025-03322,1,MAT-00234,143,11.9,1701.7,DELIVERED
POL-0005573,PO-2025-03323,1,MAT-00621,1842,9.78,18014.76,DELIVERED
POL-0005574,PO-2025-03324,1,MAT-00877,63,14.6,919.8,DELIVERED
POL-0005575,PO-2025-03325,1,MAT-00895,1050,109.37,114838.5,DELIVERED
POL-0005576,PO-2025-03326,1,MAT-00730,1171,10.79,12635.09,DELIVERED
POL-0005577,PO-2025-03326,2,MAT-00617,56,28.11,1574.16,DELIVERED
POL-0005578,PO-2025-03326,3,MAT-01135,83,18.83,1562.89,DELIVERED
POL-0005579,PO-2025-03327,1,MAT-00267,3491,145.15,506718.65,DELIVERED
POL-0005580,PO-2025-03327,2,MAT-00077,235,30.35,7132.25,DELIVERED
POL-0005581,PO-2025-03327,3,MAT-00788,1120,40.01,44811.2,DELIVERED
POL-0005582,PO-2025-03328,1,MAT-00631,378,4.35,1644.3,DELIVERED
POL-0005583,PO-2025-03329,1,MAT-01037,324,6.68,2164.32,DELIVERED
POL-0005584,PO-2025-03330,1,MAT-00827,2451,151.97,372478.47,DELIVERED
POL-0005585,PO-2025-03331,1,MAT-01045,48,22.55,1082.4,DELIVERED
POL-0005586,PO-2025-03331,2,MAT-00133,412,7.66,3155.92,DELIVERED
POL-0005587,PO-2025-03332,1,MAT-00608,1033,6.22,6425.26,DELIVERED
POL-0005588,PO-2025-03332,2,MAT-00834,2605,11.89,30973.45,DELIVERED
POL-0005589,PO-2025-03333,1,MAT-00508,92,9.86,907.12,DELIVERED
POL-0005590,PO-2025-03334,1,MAT-01124,3897,6.69,26070.93,DELIVERED
POL-0005591,PO-2025-03334,2,MAT-01114,209,46.78,9777.02,DELIVERED
POL-0005592,PO-2025-03334,3,MAT-00855,74,128.91,9539.34,DELIVERED
POL-0005593,PO-2025-03335,1,MAT-00340,62,14.49,898.38,DELIVERED
POL-0005594,PO-2025-03335,2,MAT-00897,30,19.49,584.7,DELIVERED
POL-0005595,PO-2025-03336,1,MAT-01187,240,9.34,2241.6,DELIVERED
POL-0005596,PO-2025-03336,2,MAT-01027,121,28.8,3484.8,DELIVERED
POL-0005597,PO-2025-03336,3,MAT-00816,487,4.83,2352.21,DELIVERED
POL-0005598,PO-2025-03337,1,MAT-01093,350,59.23,20730.5,OVERDUE
POL-0005599,PO-2025-03338,1,MAT-00603,159,65.44,10404.96,IN_TRANSIT
POL-0005600,PO-2025-03338,2,MAT-00748,121,11.55,1397.55,IN_TRANSIT
POL-0005601,PO-2025-03339,1,MAT-00781,2490,29.37,73131.3,DELIVERED
POL-0005602,PO-2025-03340,1,MAT-00758,469,29.62,13891.78,DELIVERED
POL-0005603,PO-2025-03340,2,MAT-00222,150,3.54,531.0,DELIVERED
POL-0005604,PO-2025-03340,3,MAT-00825,168,14.59,2451.12,DELIVERED
POL-0005605,PO-2025-03341,1,MAT-00927,4023,15.13,60867.99,DELIVERED
POL-0005606,PO-2025-03342,1,MAT-01197,1191,23.44,27917.04,DELIVERED
POL-0005607,PO-2025-03342,2,MAT-01001,530,112.37,59556.1,DELIVERED
POL-0005608,PO-2025-03343,1,MAT-00077,180,30.35,5463.0,DELIVERED
POL-0005609,PO-2025-03343,2,MAT-00184,2016,43.08,86849.28,DELIVERED
POL-0005610,PO-2025-03343,3,MAT-01016,34,34.28,1165.52,DELIVERED
POL-0005611,PO-2025-03344,1,MAT-00869,107,57.93,6198.51,DELIVERED
POL-0005612,PO-2025-03344,2,MAT-00543,108,42.16,4553.28,DELIVERED
POL-0005613,PO-2025-03344,3,MAT-00518,697,8.68,6049.96,DELIVERED
POL-0005614,PO-2025-03345,1,MAT-00855,35,128.91,4511.85,DELIVERED
POL-0005615,PO-2025-03346,1,MAT-00380,181,10.13,1833.53,DELIVERED
POL-0005616,PO-2025-03347,1,MAT-00294,67,62.71,4201.57,DELIVERED
POL-0005617,PO-2025-03348,1,MAT-01175,161,10.94,1761.34,OVERDUE
POL-0005618,PO-2025-03348,2,MAT-00521,844,4.17,3519.48,OVERDUE
POL-0005619,PO-2025-03348,3,MAT-00994,2156,13.17,28394.52,OVERDUE
POL-0005620,PO-2025-03349,1,MAT-00277,1388,30.42,42222.96,DELIVERED
POL-0005621,PO-2025-03349,2,MAT-00804,236,14.02,3308.72,DELIVERED
POL-0005622,PO-2025-03349,3,MAT-00338,224,17.48,3915.52,DELIVERED
POL-0005623,PO-2025-03350,1,MAT-00356,212,7.8,1653.6,DELIVERED
POL-0005624,PO-2025-03350,2,MAT-00248,1121,12.46,13967.66,DELIVERED
POL-0005625,PO-2025-03350,3,MAT-00536,2189,25.16,55075.24,DELIVERED
POL-0005626,PO-2025-03351,1,MAT-00554,1204,32.22,38792.88,DELIVERED
POL-0005627,PO-2025-03352,1,MAT-00579,2541,4.58,11637.78,IN_TRANSIT
POL-0005628,PO-2025-03353,1,MAT-01141,1609,20.07,32292.63,DELIVERED
POL-0005629,PO-2025-03354,1,MAT-00181,244,49.25,12017.0,OVERDUE
POL-0005630,PO-2025-03354,2,MAT-00149,2184,44.52,97231.68,OVERDUE
POL-0005631,PO-2025-03354,3,MAT-01179,1834,8.13,14910.42,OVERDUE
POL-0005632,PO-2025-03355,1,MAT-00560,589,16.8,9895.2,DELIVERED
POL-0005633,PO-2025-03355,2,MAT-00754,1303,83.19,108396.57,DELIVERED
POL-0005634,PO-2025-03355,3,MAT-01109,75,12.76,957.0,DELIVERED
POL-0005635,PO-2025-03356,1,MAT-00127,720,9.12,6566.4,DELIVERED
POL-0005636,PO-2025-03357,1,MAT-00310,28,19.19,537.32,IN_TRANSIT
POL-0005637,PO-2025-03358,1,MAT-00378,4132,32.63,134827.16,DELIVERED
POL-0005638,PO-2025-03359,1,MAT-00311,99,19.43,1923.57,PENDING
POL-0005639,PO-2025-03360,1,MAT-00317,2718,55.54,150957.72,DELIVERED
POL-0005640,PO-2025-03360,2,MAT-00597,68,19.38,1317.84,DELIVERED
POL-0005641,PO-2025-03360,3,MAT-00688,1161,17.7,20549.7,DELIVERED
POL-0005642,PO-2025-03361,1,MAT-01042,696,14.79,10293.84,DELIVERED
POL-0005643,PO-2025-03362,1,MAT-00938,342,54.51,18642.42,CANCELLED
POL-0005644,PO-2025-03363,1,MAT-00398,453,119.47,54119.91,DELIVERED
POL-0005645,PO-2025-03364,1,MAT-00322,853,53.98,46044.94,DELIVERED
POL-0005646,PO-2025-03364,2,MAT-00010,463,46.25,21413.75,DELIVERED
POL-0005647,PO-2025-03365,1,MAT-00677,89,7.13,634.57,DELIVERED
POL-0005648,PO-2025-03365,2,MAT-00429,4053,85.43,346247.79,DELIVERED
POL-0005649,PO-2025-03365,3,MAT-00066,176,124.59,21927.84,DELIVERED
POL-0005650,PO-2025-03366,1,MAT-00813,84,137.77,11572.68,OVERDUE
POL-0005651,PO-2025-03367,1,MAT-00700,930,22.01,20469.3,DELIVERED
POL-0005652,PO-2025-03368,1,MAT-00454,4891,46.37,226795.67,DELIVERED
POL-0005653,PO-2025-03369,1,MAT-00197,427,10.51,4487.77,DELIVERED
POL-0005654,PO-2025-03370,1,MAT-00323,36,10.79,388.44,DELIVERED
POL-0005655,PO-2025-03371,1,MAT-00455,102,15.14,1544.28,DELIVERED
POL-0005656,PO-2025-03372,1,MAT-00494,211,10.66,2249.26,DELIVERED
POL-0005657,PO-2025-03373,1,MAT-00651,1024,193.06,197693.44,PENDING
POL-0005658,PO-2025-03373,2,MAT-00026,3000,30.32,90960.0,PENDING
POL-0005659,PO-2025-03374,1,MAT-00376,575,10.96,6302.0,DELIVERED
POL-0005660,PO-2025-03375,1,MAT-00290,2403,12.44,29893.32,DELIVERED
POL-0005661,PO-2025-03376,1,MAT-01131,35,38.46,1346.1,OVERDUE
POL-0005662,PO-2025-03376,2,MAT-01127,1243,35.07,43592.01,OVERDUE
POL-0005663,PO-2025-03376,3,MAT-00300,1118,48.83,54591.94,OVERDUE
POL-0005664,PO-2025-03376,4,MAT-00873,242,5.67,1372.14,OVERDUE
POL-0005665,PO-2025-03377,1,MAT-00204,63,87.59,5518.17,DELIVERED
POL-0005666,PO-2025-03378,1,MAT-01085,437,38.18,16684.66,DELIVERED
POL-0005667,PO-2025-03378,2,MAT-01192,746,6.1,4550.6,DELIVERED
POL-0005668,PO-2025-03378,3,MAT-00037,644,29.49,18991.56,DELIVERED
POL-0005669,PO-2025-03379,1,MAT-01073,357,29.22,10431.54,DELIVERED
POL-0005670,PO-2025-03379,2,MAT-00377,2234,71.37,159440.58,DELIVERED
POL-0005671,PO-2025-03380,1,MAT-00866,78,16.43,1281.54,OVERDUE
POL-0005672,PO-2025-03381,1,MAT-00858,4731,39.46,186685.26,DELIVERED
POL-0005673,PO-2025-03381,2,MAT-00233,216,29.51,6374.16,DELIVERED
POL-0005674,PO-2025-03381,3,MAT-00907,4815,6.14,29564.1,DELIVERED
POL-0005675,PO-2025-03382,1,MAT-00965,332,25.4,8432.8,DELIVERED
POL-0005676,PO-2025-03382,2,MAT-00575,1004,58.55,58784.2,DELIVERED
POL-0005677,PO-2025-03382,3,MAT-01185,53,9.35,495.55,DELIVERED
POL-0005678,PO-2025-03382,4,MAT-00021,341,128.67,43876.47,DELIVERED
POL-0005679,PO-2025-03383,1,MAT-00318,3659,17.1,62568.9,DELIVERED
POL-0005680,PO-2025-03383,2,MAT-00363,2591,22.75,58945.25,DELIVERED
POL-0005681,PO-2025-03384,1,MAT-00082,4742,38.31,181666.02,DELIVERED
POL-0005682,PO-2025-03384,2,MAT-01009,535,74.38,39793.3,DELIVERED
POL-0005683,PO-2025-03384,3,MAT-00669,4571,1.61,7359.31,DELIVERED
POL-0005684,PO-2025-03384,4,MAT-00920,349,29.44,10274.56,DELIVERED
POL-0005685,PO-2025-03385,1,MAT-01095,284,56.28,15983.52,PENDING
POL-0005686,PO-2025-03386,1,MAT-01092,1034,22.52,23285.68,OVERDUE
POL-0005687,PO-2025-03387,1,MAT-00425,42,53.51,2247.42,DELIVERED
POL-0005688,PO-2025-03387,2,MAT-00672,101,2.47,249.47,DELIVERED
POL-0005689,PO-2025-03388,1,MAT-00230,228,57.9,13201.2,DELIVERED
POL-0005690,PO-2025-03388,2,MAT-01003,2041,27.55,56229.55,DELIVERED
POL-0005691,PO-2025-03388,3,MAT-00754,1083,83.19,90094.77,DELIVERED
POL-0005692,PO-2025-03388,4,MAT-00175,3023,32.53,98338.19,DELIVERED
POL-0005693,PO-2025-03389,1,MAT-00823,2818,336.33,947777.94,IN_TRANSIT
POL-0005694,PO-2025-03389,2,MAT-00107,1229,218.46,268487.34,IN_TRANSIT
POL-0005695,PO-2025-03390,1,MAT-01176,132,20.33,2683.56,DELIVERED
POL-0005696,PO-2025-03391,1,MAT-01072,177,43.22,7649.94,DELIVERED
POL-0005697,PO-2025-03392,1,MAT-00749,49,12.8,627.2,DELIVERED
POL-0005698,PO-2025-03393,1,MAT-01010,997,13.21,13170.37,DELIVERED
POL-0005699,PO-2025-03393,2,MAT-00065,86,64.8,5572.8,DELIVERED
POL-0005700,PO-2025-03394,1,MAT-00112,352,25.98,9144.96,DELIVERED
POL-0005701,PO-2025-03395,1,MAT-00160,504,48.48,24433.92,CANCELLED
POL-0005702,PO-2025-03395,2,MAT-00396,918,14.6,13402.8,CANCELLED
POL-0005703,PO-2025-03396,1,MAT-00226,73,87.58,6393.34,DELIVERED
POL-0005704,PO-2025-03397,1,MAT-00171,185,9.09,1681.65,DELIVERED
POL-0005705,PO-2025-03397,2,MAT-00428,230,56.03,12886.9,DELIVERED
POL-0005706,PO-2025-03397,3,MAT-00015,439,3.92,1720.88,DELIVERED
POL-0005707,PO-2025-03398,1,MAT-00891,2532,68.06,172327.92,IN_TRANSIT
POL-0005708,PO-2025-03398,2,MAT-01162,914,295.71,270278.94,IN_TRANSIT
POL-0005709,PO-2025-03398,3,MAT-00795,198,7.58,1500.84,IN_TRANSIT
POL-0005710,PO-2025-03399,1,MAT-00268,1467,4.89,7173.63,DELIVERED
POL-0005711,PO-2025-03400,1,MAT-00194,880,6.96,6124.8,OVERDUE
POL-0005712,PO-2025-03400,2,MAT-00016,125,14.33,1791.25,OVERDUE
POL-0005713,PO-2025-03400,3,MAT-00176,941,60.45,56883.45,OVERDUE
POL-0005714,PO-2025-03400,4,MAT-00248,1704,12.46,21231.84,OVERDUE
POL-0005715,PO-2025-03401,1,MAT-01193,296,13.05,3862.8,DELIVERED
POL-0005716,PO-2025-03401,2,MAT-00226,170,87.58,14888.6,DELIVERED
POL-0005717,PO-2025-03402,1,MAT-01173,1696,30.61,51914.56,IN_TRANSIT
POL-0005718,PO-2025-03402,2,MAT-00024,102,4.87,496.74,IN_TRANSIT
POL-0005719,PO-2025-03403,1,MAT-00682,121,7.46,902.66,DELIVERED
POL-0005720,PO-2025-03404,1,MAT-00855,104,128.91,13406.64,DELIVERED
POL-0005721,PO-2025-03405,1,MAT-00489,478,159.21,76102.38,DELIVERED
POL-0005722,PO-2025-03406,1,MAT-00308,646,12.64,8165.44,DELIVERED
POL-0005723,PO-2025-03407,1,MAT-00669,4867,1.61,7835.87,DELIVERED
POL-0005724,PO-2025-03407,2,MAT-00751,1133,9.47,10729.51,DELIVERED
POL-0005725,PO-2025-03408,1,MAT-00902,293,15.79,4626.47,DELIVERED
POL-0005726,PO-2025-03409,1,MAT-00965,963,25.4,24460.2,DELIVERED
POL-0005727,PO-2025-03410,1,MAT-01011,1553,116.18,180427.54,DELIVERED
POL-0005728,PO-2025-03411,1,MAT-01071,99,25.22,2496.78,DELIVERED
POL-0005729,PO-2025-03411,2,MAT-00978,122,1.78,217.16,DELIVERED
POL-0005730,PO-2025-03412,1,MAT-00650,205,54.47,11166.35,DELIVERED
POL-0005731,PO-2025-03413,1,MAT-00322,1216,53.98,65639.68,CANCELLED
POL-0005732,PO-2025-03413,2,MAT-00901,933,40.61,37889.13,CANCELLED
POL-0005733,PO-2025-03413,3,MAT-00418,69,31.86,2198.34,CANCELLED
POL-0005734,PO-2025-03414,1,MAT-00963,1864,31.8,59275.2,DELIVERED
POL-0005735,PO-2025-03414,2,MAT-00824,84,18.89,1586.76,DELIVERED
POL-0005736,PO-2025-03414,3,MAT-00636,461,4.36,2009.96,DELIVERED
POL-0005737,PO-2025-03415,1,MAT-00651,442,193.06,85332.52,DELIVERED
POL-0005738,PO-2025-03415,2,MAT-00016,457,14.33,6548.81,DELIVERED
POL-0005739,PO-2025-03415,3,MAT-00186,4732,52.98,250701.36,DELIVERED
POL-0005740,PO-2025-03416,1,MAT-00826,3601,125.95,453545.95,DELIVERED
POL-0005741,PO-2025-03417,1,MAT-00076,156,61.74,9631.44,DELIVERED
POL-0005742,PO-2025-03418,1,MAT-00186,4859,52.98,257429.82,DELIVERED
POL-0005743,PO-2025-03418,2,MAT-00963,1674,31.8,53233.2,DELIVERED
POL-0005744,PO-2025-03418,3,MAT-00733,4820,37.92,182774.4,DELIVERED
POL-0005745,PO-2025-03419,1,MAT-00865,3278,12.6,41302.8,PENDING
POL-0005746,PO-2025-03420,1,MAT-00650,383,54.47,20862.01,DELIVERED
POL-0005747,PO-2025-03420,2,MAT-00897,80,19.49,1559.2,DELIVERED
POL-0005748,PO-2025-03421,1,MAT-00305,448,25.36,11361.28,PENDING
POL-0005749,PO-2025-03422,1,MAT-00422,247,176.15,43509.05,DELIVERED
POL-0005750,PO-2025-03422,2,MAT-00143,108,4.13,446.04,DELIVERED
POL-0005751,PO-2025-03423,1,MAT-00520,238,58.4,13899.2,OVERDUE
POL-0005752,PO-2025-03423,2,MAT-00296,2099,11.79,24747.21,OVERDUE
POL-0005753,PO-2025-03424,1,MAT-01082,1788,19.03,34025.64,DELIVERED
POL-0005754,PO-2025-03424,2,MAT-00602,75,10.19,764.25,DELIVERED
POL-0005755,PO-2025-03424,3,MAT-00151,104,32.31,3360.24,DELIVERED
POL-0005756,PO-2025-03425,1,MAT-00866,119,16.43,1955.17,DELIVERED
POL-0005757,PO-2025-03426,1,MAT-00713,4677,13.48,63045.96,DELIVERED
POL-0005758,PO-2025-03427,1,MAT-00866,74,16.43,1215.82,DELIVERED
POL-0005759,PO-2025-03427,2,MAT-00870,2028,232.82,472158.96,DELIVERED
POL-0005760,PO-2025-03427,3,MAT-00386,2022,31.26,63207.72,DELIVERED
POL-0005761,PO-2025-03428,1,MAT-00479,1042,761.57,793555.94,DELIVERED
POL-0005762,PO-2025-03429,1,MAT-00020,1075,5.41,5815.75,DELIVERED
POL-0005763,PO-2025-03429,2,MAT-00197,376,10.51,3951.76,DELIVERED
POL-0005764,PO-2025-03430,1,MAT-00437,2162,152.09,328818.58,OVERDUE
POL-0005765,PO-2025-03430,2,MAT-00871,992,22.39,22210.88,OVERDUE
POL-0005766,PO-2025-03431,1,MAT-00496,1097,44.28,48575.16,CANCELLED
POL-0005767,PO-2025-03432,1,MAT-00094,114,17.19,1959.66,DELIVERED
POL-0005768,PO-2025-03432,2,MAT-00770,607,171.68,104209.76,DELIVERED
POL-0005769,PO-2025-03433,1,MAT-01142,3781,119.95,453530.95,PENDING
POL-0005770,PO-2025-03434,1,MAT-00661,49,12.91,632.59,DELIVERED
POL-0005771,PO-2025-03434,2,MAT-00548,952,20.62,19630.24,DELIVERED
POL-0005772,PO-2025-03434,3,MAT-00761,247,14.1,3482.7,DELIVERED
POL-0005773,PO-2025-03435,1,MAT-00961,68,49.49,3365.32,DELIVERED
POL-0005774,PO-2025-03436,1,MAT-00874,1965,11.73,23049.45,DELIVERED
POL-0005775,PO-2025-03437,1,MAT-00991,81,35.34,2862.54,DELIVERED
POL-0005776,PO-2025-03438,1,MAT-00971,2309,28.49,65783.41,OVERDUE
POL-0005777,PO-2025-03439,1,MAT-00815,2433,84.5,205588.5,DELIVERED
POL-0005778,PO-2025-03439,2,MAT-01157,271,11.78,3192.38,DELIVERED
POL-0005779,PO-2025-03440,1,MAT-00726,752,21.21,15949.92,DELIVERED
POL-0005780,PO-2025-03440,2,MAT-01087,206,73.87,15217.22,DELIVERED
POL-0005781,PO-2025-03441,1,MAT-00314,455,68.97,31381.35,DELIVERED
POL-0005782,PO-2025-03442,1,MAT-00353,340,62.67,21307.8,DELIVERED
POL-0005783,PO-2025-03442,2,MAT-00710,444,162.07,71959.08,DELIVERED
POL-0005784,PO-2025-03443,1,MAT-00073,152,24.11,3664.72,PENDING
POL-0005785,PO-2025-03443,2,MAT-00054,760,49.45,37582.0,PENDING
POL-0005786,PO-2025-03444,1,MAT-01092,1012,22.52,22790.24,DELIVERED
POL-0005787,PO-2025-03445,1,MAT-00308,389,12.64,4916.96,OVERDUE
POL-0005788,PO-2025-03446,1,MAT-01136,1741,73.15,127354.15,DELIVERED
POL-0005789,PO-2025-03446,2,MAT-00800,736,26.27,19334.72,DELIVERED
POL-0005790,PO-2025-03446,3,MAT-00281,596,26.61,15859.56,DELIVERED
POL-0005791,PO-2025-03446,4,MAT-00439,153,3.81,582.93,DELIVERED
POL-0005792,PO-2025-03447,1,MAT-00705,3797,4.83,18339.51,DELIVERED
POL-0005793,PO-2025-03447,2,MAT-00535,341,11.88,4051.08,DELIVERED
POL-0005794,PO-2025-03448,1,MAT-00572,744,154.68,115081.92,IN_TRANSIT
POL-0005795,PO-2025-03448,2,MAT-00295,180,38.14,6865.2,IN_TRANSIT
POL-0005796,PO-2025-03449,1,MAT-01008,1034,54.19,56032.46,OVERDUE
POL-0005797,PO-2025-03450,1,MAT-00634,275,16.76,4609.0,DELIVERED
POL-0005798,PO-2025-03451,1,MAT-00489,282,159.21,44897.22,DELIVERED
POL-0005799,PO-2025-03451,2,MAT-00589,39,64.45,2513.55,DELIVERED
POL-0005800,PO-2025-03452,1,MAT-00104,58,9.85,571.3,DELIVERED
POL-0005801,PO-2025-03452,2,MAT-00005,2227,21.07,46922.89,DELIVERED
POL-0005802,PO-2025-03452,3,MAT-01177,122,4.33,528.26,DELIVERED
POL-0005803,PO-2025-03453,1,MAT-01122,171,99.6,17031.6,DELIVERED
POL-0005804,PO-2025-03453,2,MAT-00810,545,8.88,4839.6,DELIVERED
POL-0005805,PO-2025-03453,3,MAT-00374,73,70.9,5175.7,DELIVERED
POL-0005806,PO-2025-03453,4,MAT-00943,834,51.39,42859.26,DELIVERED
POL-0005807,PO-2025-03454,1,MAT-00930,67,22.16,1484.72,DELIVERED
POL-0005808,PO-2025-03454,2,MAT-00147,75,6.15,461.25,DELIVERED
POL-0005809,PO-2025-03455,1,MAT-00305,140,25.36,3550.4,IN_TRANSIT
POL-0005810,PO-2025-03456,1,MAT-00151,57,32.31,1841.67,DELIVERED
POL-0005811,PO-2025-03457,1,MAT-00764,826,22.3,18419.8,OVERDUE
POL-0005812,PO-2025-03458,1,MAT-01076,391,15.38,6013.58,DELIVERED
POL-0005813,PO-2025-03459,1,MAT-00372,2070,48.13,99629.1,OVERDUE
POL-0005814,PO-2025-03459,2,MAT-01073,401,29.22,11717.22,OVERDUE
POL-0005815,PO-2025-03460,1,MAT-00972,70,11.72,820.4,DELIVERED
POL-0005816,PO-2025-03460,2,MAT-00984,52,23.51,1222.52,DELIVERED
POL-0005817,PO-2025-03460,3,MAT-01079,4899,140.21,686888.79,DELIVERED
POL-0005818,PO-2025-03461,1,MAT-01151,950,7.96,7562.0,DELIVERED
POL-0005819,PO-2025-03462,1,MAT-00229,306,11.05,3381.3,DELIVERED
POL-0005820,PO-2025-03462,2,MAT-00429,2785,85.43,237922.55,DELIVERED
POL-0005821,PO-2025-03463,1,MAT-00763,1586,434.25,688720.5,DELIVERED
POL-0005822,PO-2025-03464,1,MAT-00553,1234,90.33,111467.22,DELIVERED
POL-0005823,PO-2025-03464,2,MAT-00897,113,19.49,2202.37,DELIVERED
POL-0005824,PO-2025-03465,1,MAT-00474,124,123.61,15327.64,DELIVERED
POL-0005825,PO-2025-03466,1,MAT-00513,225,20.25,4556.25,DELIVERED
POL-0005826,PO-2025-03466,2,MAT-00064,275,7.54,2073.5,DELIVERED
POL-0005827,PO-2025-03466,3,MAT-01000,452,48.67,21998.84,DELIVERED
POL-0005828,PO-2025-03467,1,MAT-00032,57,197.47,11255.79,OVERDUE
POL-0005829,PO-2025-03467,2,MAT-01040,153,86.86,13289.58,OVERDUE
POL-0005830,PO-2025-03467,3,MAT-00419,466,88.75,41357.5,OVERDUE
POL-0005831,PO-2025-03468,1,MAT-01131,80,38.46,3076.8,DELIVERED
POL-0005832,PO-2025-03469,1,MAT-00367,97,33.11,3211.67,DELIVERED
POL-0005833,PO-2025-03469,2,MAT-01096,106,24.14,2558.84,DELIVERED
POL-0005834,PO-2025-03469,3,MAT-00986,84,7.51,630.84,DELIVERED
POL-0005835,PO-2025-03470,1,MAT-01134,93,44.39,4128.27,DELIVERED
POL-0005836,PO-2025-03470,2,MAT-00144,248,32.34,8020.32,DELIVERED
POL-0005837,PO-2025-03471,1,MAT-00873,239,5.67,1355.13,DELIVERED
POL-0005838,PO-2025-03471,2,MAT-00444,1987,22.79,45283.73,DELIVERED
POL-0005839,PO-2025-03471,3,MAT-00914,408,158.72,64757.76,DELIVERED
POL-0005840,PO-2025-03472,1,MAT-00781,1789,29.37,52542.93,DELIVERED
POL-0005841,PO-2025-03473,1,MAT-00823,4947,336.33,1663824.51,DELIVERED
POL-0005842,PO-2025-03473,2,MAT-00883,3787,15.57,58963.59,DELIVERED
POL-0005843,PO-2025-03474,1,MAT-00214,197,50.56,9960.32,DELIVERED
POL-0005844,PO-2025-03475,1,MAT-00421,30,268.66,8059.8,PENDING
POL-0005845,PO-2025-03476,1,MAT-00999,239,14.15,3381.85,CANCELLED
POL-0005846,PO-2025-03477,1,MAT-00995,4243,8.66,36744.38,IN_TRANSIT
POL-0005847,PO-2025-03478,1,MAT-01190,1169,8.45,9878.05,OVERDUE
POL-0005848,PO-2025-03479,1,MAT-01060,641,16.97,10877.77,DELIVERED
POL-0005849,PO-2025-03479,2,MAT-00554,1397,32.22,45011.34,DELIVERED
POL-0005850,PO-2025-03479,3,MAT-00612,376,21.98,8264.48,DELIVERED
POL-0005851,PO-2025-03480,1,MAT-00884,207,82.57,17091.99,DELIVERED
POL-0005852,PO-2025-03481,1,MAT-00658,825,24.03,19824.75,CANCELLED
POL-0005853,PO-2025-03481,2,MAT-00050,117,3.6,421.2,CANCELLED
POL-0005854,PO-2025-03481,3,MAT-00449,126,15.44,1945.44,CANCELLED
POL-0005855,PO-2025-03482,1,MAT-00904,408,112.52,45908.16,DELIVERED
POL-0005856,PO-2025-03483,1,MAT-00071,855,35.54,30386.7,DELIVERED
POL-0005857,PO-2025-03483,2,MAT-00480,112,96.46,10803.52,DELIVERED
POL-0005858,PO-2025-03484,1,MAT-00658,1039,24.03,24967.17,DELIVERED
POL-0005859,PO-2025-03484,2,MAT-00849,315,13.15,4142.25,DELIVERED
POL-0005860,PO-2025-03485,1,MAT-00539,696,74.47,51831.12,DELIVERED
POL-0005861,PO-2025-03485,2,MAT-01104,1029,22.29,22936.41,DELIVERED
POL-0005862,PO-2025-03485,3,MAT-00916,205,38.32,7855.6,DELIVERED
POL-0005863,PO-2025-03485,4,MAT-00380,56,10.13,567.28,DELIVERED
POL-0005864,PO-2025-03486,1,MAT-00645,1154,20.52,23680.08,OVERDUE
POL-0005865,PO-2025-03486,2,MAT-00758,1173,29.62,34744.26,OVERDUE
POL-0005866,PO-2025-03487,1,MAT-00668,3255,137.32,446976.6,DELIVERED
POL-0005867,PO-2025-03488,1,MAT-00357,4195,24.25,101728.75,DELIVERED
POL-0005868,PO-2025-03488,2,MAT-00498,285,20.15,5742.75,DELIVERED
POL-0005869,PO-2025-03489,1,MAT-00050,65,3.6,234.0,OVERDUE
POL-0005870,PO-2025-03489,2,MAT-00069,239,37.62,8991.18,OVERDUE
POL-0005871,PO-2025-03489,3,MAT-01104,302,22.29,6731.58,OVERDUE
POL-0005872,PO-2025-03490,1,MAT-00981,413,66.4,27423.2,PENDING
POL-0005873,PO-2025-03490,2,MAT-00557,240,14.49,3477.6,PENDING
POL-0005874,PO-2025-03490,3,MAT-00736,1118,39.69,44373.42,PENDING
POL-0005875,PO-2025-03491,1,MAT-00528,28,29.61,829.08,DELIVERED
POL-0005876,PO-2025-03491,2,MAT-00600,192,36.77,7059.84,DELIVERED
POL-0005877,PO-2025-03491,3,MAT-00522,109,48.45,5281.05,DELIVERED
POL-0005878,PO-2025-03492,1,MAT-00516,461,55.41,25544.01,IN_TRANSIT
POL-0005879,PO-2025-03493,1,MAT-01097,2128,29.26,62265.28,DELIVERED
POL-0005880,PO-2025-03494,1,MAT-01130,693,37.06,25682.58,DELIVERED
POL-0005881,PO-2025-03495,1,MAT-00124,340,5.16,1754.4,DELIVERED
POL-0005882,PO-2025-03495,2,MAT-00163,67,86.31,5782.77,DELIVERED
POL-0005883,PO-2025-03496,1,MAT-01039,425,30.4,12920.0,DELIVERED
POL-0005884,PO-2025-03497,1,MAT-00723,123,5.49,675.27,DELIVERED
POL-0005885,PO-2025-03497,2,MAT-00676,1703,10.15,17285.45,DELIVERED
POL-0005886,PO-2025-03498,1,MAT-00632,111,130.83,14522.13,DELIVERED
POL-0005887,PO-2025-03499,1,MAT-00145,2098,34.36,72087.28,DELIVERED
POL-0005888,PO-2025-03500,1,MAT-00992,1406,2.75,3866.5,DELIVERED
POL-0005889,PO-2025-03500,2,MAT-00082,3763,38.31,144160.53,DELIVERED
POL-0005890,PO-2025-03500,3,MAT-00469,102,14.95,1524.9,DELIVERED
POL-0005891,PO-2025-03501,1,MAT-00321,615,25.93,15946.95,DELIVERED
POL-0005892,PO-2025-03502,1,MAT-00742,1170,5.96,6973.2,DELIVERED
POL-0005893,PO-2025-03503,1,MAT-00570,178,16.45,2928.1,DELIVERED
POL-0005894,PO-2025-03503,2,MAT-00369,2005,27.23,54596.15,DELIVERED
POL-0005895,PO-2025-03504,1,MAT-00632,31,130.83,4055.73,DELIVERED
POL-0005896,PO-2025-03504,2,MAT-00181,442,49.25,21768.5,DELIVERED
POL-0005897,PO-2025-03504,3,MAT-00496,1113,44.28,49283.64,DELIVERED
POL-0005898,PO-2025-03505,1,MAT-00261,169,9.62,1625.78,DELIVERED
POL-0005899,PO-2025-03505,2,MAT-00322,1031,53.98,55653.38,DELIVERED
POL-0005900,PO-2025-03505,3,MAT-00938,399,54.51,21749.49,DELIVERED
POL-0005901,PO-2025-03506,1,MAT-00665,78,11.14,868.92,OVERDUE
POL-0005902,PO-2025-03507,1,MAT-01179,1119,8.13,9097.47,OVERDUE
POL-0005903,PO-2025-03507,2,MAT-00696,4402,17.59,77431.18,OVERDUE
POL-0005904,PO-2025-03508,1,MAT-01115,1660,32.28,53584.8,DELIVERED
POL-0005905,PO-2025-03508,2,MAT-00593,810,45.4,36774.0,DELIVERED
POL-0005906,PO-2025-03508,3,MAT-01031,1488,20.02,29789.76,DELIVERED
POL-0005907,PO-2025-03508,4,MAT-00038,89,3.22,286.58,DELIVERED
POL-0005908,PO-2025-03509,1,MAT-00977,211,15.0,3165.0,DELIVERED
POL-0005909,PO-2025-03509,2,MAT-00857,2105,11.28,23744.4,DELIVERED
POL-0005910,PO-2025-03510,1,MAT-01172,996,33.4,33266.4,DELIVERED
POL-0005911,PO-2025-03511,1,MAT-00304,281,45.95,12911.95,DELIVERED
POL-0005912,PO-2025-03511,2,MAT-00868,150,35.58,5337.0,DELIVERED
POL-0005913,PO-2025-03511,3,MAT-01103,328,278.63,91390.64,DELIVERED
POL-0005914,PO-2025-03512,1,MAT-00628,377,21.55,8124.35,DELIVERED
POL-0005915,PO-2025-03513,1,MAT-00820,1702,90.41,153877.82,IN_TRANSIT
POL-0005916,PO-2025-03513,2,MAT-00748,165,11.55,1905.75,IN_TRANSIT
POL-0005917,PO-2025-03514,1,MAT-00519,89,27.26,2426.14,IN_TRANSIT
POL-0005918,PO-2025-03514,2,MAT-00432,726,2.59,1880.34,IN_TRANSIT
POL-0005919,PO-2025-03515,1,MAT-00892,200,43.57,8714.0,DELIVERED
POL-0005920,PO-2025-03516,1,MAT-00917,361,48.1,17364.1,DELIVERED
POL-0005921,PO-2025-03517,1,MAT-00436,105,28.44,2986.2,DELIVERED
POL-0005922,PO-2025-03518,1,MAT-00913,208,35.57,7398.56,OVERDUE
POL-0005923,PO-2025-03518,2,MAT-00728,4219,34.17,144163.23,OVERDUE
POL-0005924,PO-2025-03518,3,MAT-00959,238,47.22,11238.36,OVERDUE
POL-0005925,PO-2025-03518,4,MAT-00114,38,400.81,15230.78,OVERDUE
POL-0005926,PO-2025-03519,1,MAT-00748,202,11.55,2333.1,DELIVERED
POL-0005927,PO-2025-03519,2,MAT-00578,1143,59.6,68122.8,DELIVERED
POL-0005928,PO-2025-03519,3,MAT-01103,228,278.63,63527.64,DELIVERED
POL-0005929,PO-2025-03519,4,MAT-00664,1528,14.77,22568.56,DELIVERED
POL-0005930,PO-2025-03520,1,MAT-00798,118,51.28,6051.04,DELIVERED
POL-0005931,PO-2025-03520,2,MAT-01126,2076,7.09,14718.84,DELIVERED
POL-0005932,PO-2025-03520,3,MAT-00690,982,43.87,43080.34,DELIVERED
POL-0005933,PO-2025-03521,1,MAT-00970,2156,5.12,11038.72,IN_TRANSIT
POL-0005934,PO-2025-03522,1,MAT-00557,55,14.49,796.95,DELIVERED
POL-0005935,PO-2025-03522,2,MAT-01158,229,318.69,72980.01,DELIVERED
POL-0005936,PO-2025-03522,3,MAT-00442,206,24.22,4989.32,DELIVERED
POL-0005937,PO-2025-03522,4,MAT-00921,82,76.15,6244.3,DELIVERED
POL-0005938,PO-2025-03523,1,MAT-00963,1844,31.8,58639.2,DELIVERED
POL-0005939,PO-2025-03523,2,MAT-01140,74,60.83,4501.42,DELIVERED
POL-0005940,PO-2025-03524,1,MAT-01138,676,6.66,4502.16,DELIVERED
POL-0005941,PO-2025-03524,2,MAT-00826,1091,125.95,137411.45,DELIVERED
POL-0005942,PO-2025-03525,1,MAT-00840,285,21.61,6158.85,DELIVERED
POL-0005943,PO-2025-03526,1,MAT-00628,484,21.55,10430.2,DELIVERED
POL-0005944,PO-2025-03526,2,MAT-00585,446,29.99,13375.54,DELIVERED
POL-0005945,PO-2025-03527,1,MAT-00739,853,150.17,128095.01,PENDING
POL-0005946,PO-2025-03527,2,MAT-00816,420,4.83,2028.6,PENDING
POL-0005947,PO-2025-03527,3,MAT-00886,120,203.43,24411.6,PENDING
POL-0005948,PO-2025-03527,4,MAT-00980,298,60.76,18106.48,PENDING
POL-0005949,PO-2025-03528,1,MAT-00957,248,38.32,9503.36,DELIVERED
POL-0005950,PO-2025-03529,1,MAT-01156,1356,77.4,104954.4,DELIVERED
POL-0005951,PO-2025-03529,2,MAT-00684,1086,47.87,51986.82,DELIVERED
POL-0005952,PO-2025-03529,3,MAT-00965,1052,25.4,26720.8,DELIVERED
POL-0005953,PO-2025-03530,1,MAT-00703,323,12.47,4027.81,DELIVERED
POL-0005954,PO-2025-03531,1,MAT-00875,916,25.78,23614.48,DELIVERED
POL-0005955,PO-2025-03532,1,MAT-00980,401,60.76,24364.76,DELIVERED
POL-0005956,PO-2025-03533,1,MAT-00631,219,4.35,952.65,DELIVERED
POL-0005957,PO-2025-03533,2,MAT-00365,2162,51.48,111299.76,DELIVERED
POL-0005958,PO-2025-03534,1,MAT-00886,50,203.43,10171.5,DELIVERED
POL-0005959,PO-2025-03535,1,MAT-00777,164,11.98,1964.72,DELIVERED
POL-0005960,PO-2025-03535,2,MAT-00616,1341,30.43,40806.63,DELIVERED
POL-0005961,PO-2025-03536,1,MAT-00539,405,74.47,30160.35,DELIVERED
POL-0005962,PO-2025-03537,1,MAT-00947,598,4.51,2696.98,DELIVERED
POL-0005963,PO-2025-03538,1,MAT-00169,1625,20.81,33816.25,DELIVERED
POL-0005964,PO-2025-03538,2,MAT-00122,497,9.54,4741.38,DELIVERED
POL-0005965,PO-2025-03538,3,MAT-00789,1233,25.4,31318.2,DELIVERED
POL-0005966,PO-2025-03539,1,MAT-00887,54,48.82,2636.28,DELIVERED
POL-0005967,PO-2025-03539,2,MAT-00387,161,36.38,5857.18,DELIVERED
POL-0005968,PO-2025-03539,3,MAT-00426,971,122.87,119306.77,DELIVERED
POL-0005969,PO-2025-03540,1,MAT-00732,196,8.69,1703.24,DELIVERED
POL-0005970,PO-2025-03541,1,MAT-00982,2298,37.26,85623.48,DELIVERED
POL-0005971,PO-2025-03541,2,MAT-00499,51,10.27,523.77,DELIVERED
POL-0005972,PO-2025-03542,1,MAT-00368,1317,26.65,35098.05,DELIVERED
POL-0005973,PO-2025-03542,2,MAT-00930,82,22.16,1817.12,DELIVERED
POL-0005974,PO-2025-03543,1,MAT-00153,116,12.75,1479.0,DELIVERED
POL-0005975,PO-2025-03543,2,MAT-00406,40,55.54,2221.6,DELIVERED
POL-0005976,PO-2025-03543,3,MAT-00909,346,55.6,19237.6,DELIVERED
POL-0005977,PO-2025-03544,1,MAT-00299,496,60.43,29973.28,DELIVERED
POL-0005978,PO-2025-03544,2,MAT-00955,393,21.66,8512.38,DELIVERED
POL-0005979,PO-2025-03545,1,MAT-01144,1520,28.6,43472.0,DELIVERED
POL-0005980,PO-2025-03546,1,MAT-01079,4870,140.21,682822.7,DELIVERED
POL-0005981,PO-2025-03546,2,MAT-00907,1662,6.14,10204.68,DELIVERED
POL-0005982,PO-2025-03546,3,MAT-00999,146,14.15,2065.9,DELIVERED
POL-0005983,PO-2025-03547,1,MAT-01020,1258,38.72,48709.76,DELIVERED
POL-0005984,PO-2025-03548,1,MAT-00339,106,44.34,4700.04,DELIVERED
POL-0005985,PO-2025-03548,2,MAT-00649,1472,20.05,29513.6,DELIVERED
POL-0005986,PO-2025-03548,3,MAT-00153,183,12.75,2333.25,DELIVERED
POL-0005987,PO-2025-03549,1,MAT-00103,954,16.35,15597.9,DELIVERED
POL-0005988,PO-2025-03550,1,MAT-00017,410,9.18,3763.8,DELIVERED
POL-0005989,PO-2025-03551,1,MAT-00574,86,20.04,1723.44,DELIVERED
POL-0005990,PO-2025-03551,2,MAT-00747,68,32.16,2186.88,DELIVERED
POL-0005991,PO-2025-03551,3,MAT-00205,541,5.44,2943.04,DELIVERED
POL-0005992,PO-2025-03551,4,MAT-00811,1888,20.36,38439.68,DELIVERED
POL-0005993,PO-2025-03552,1,MAT-00733,1836,37.92,69621.12,DELIVERED
POL-0005994,PO-2025-03553,1,MAT-00130,3044,13.81,42037.64,OVERDUE
POL-0005995,PO-2025-03553,2,MAT-00757,2582,48.01,123961.82,OVERDUE
POL-0005996,PO-2025-03554,1,MAT-00462,97,25.14,2438.58,DELIVERED
POL-0005997,PO-2025-03554,2,MAT-00135,4948,10.03,49628.44,DELIVERED
POL-0005998,PO-2025-03555,1,MAT-00945,243,179.18,43540.74,DELIVERED
POL-0005999,PO-2025-03555,2,MAT-00057,4207,9.87,41523.09,DELIVERED
POL-0006000,PO-2025-03555,3,MAT-00478,256,36.9,9446.4,DELIVERED
POL-0006001,PO-2025-03555,4,MAT-00213,955,76.17,72742.35,DELIVERED
POL-0006002,PO-2025-03556,1,MAT-00912,2924,30.69,89737.56,DELIVERED
POL-0006003,PO-2025-03556,2,MAT-00091,1333,29.94,39910.02,DELIVERED
POL-0006004,PO-2025-03556,3,MAT-00012,139,14.52,2018.28,DELIVERED
POL-0006005,PO-2025-03557,1,MAT-00593,1229,45.4,55796.6,DELIVERED
POL-0006006,PO-2025-03557,2,MAT-00324,233,263.42,61376.86,DELIVERED
POL-0006007,PO-2025-03557,3,MAT-00327,239,96.4,23039.6,DELIVERED
POL-0006008,PO-2025-03558,1,MAT-00535,631,11.88,7496.28,DELIVERED
POL-0006009,PO-2025-03559,1,MAT-00553,563,90.33,50855.79,DELIVERED
POL-0006010,PO-2025-03559,2,MAT-00175,4903,32.53,159494.59,DELIVERED
POL-0006011,PO-2025-03559,3,MAT-00555,49,38.96,1909.04,DELIVERED
POL-0006012,PO-2025-03560,1,MAT-01112,2160,34.47,74455.2,DELIVERED
POL-0006013,PO-2025-03561,1,MAT-00064,226,7.54,1704.04,DELIVERED
POL-0006014,PO-2025-03562,1,MAT-00497,2311,7.66,17702.26,PENDING
POL-0006015,PO-2025-03562,2,MAT-00833,61,7.83,477.63,PENDING
POL-0006016,PO-2025-03563,1,MAT-00310,44,19.19,844.36,PENDING
POL-0006017,PO-2025-03563,2,MAT-00562,209,256.03,53510.27,PENDING
POL-0006018,PO-2025-03564,1,MAT-01013,1013,271.16,274685.08,DELIVERED
POL-0006019,PO-2025-03564,2,MAT-01029,437,54.15,23663.55,DELIVERED
POL-0006020,PO-2025-03564,3,MAT-00681,250,61.82,15455.0,DELIVERED
POL-0006021,PO-2025-03565,1,MAT-00649,858,20.05,17202.9,DELIVERED
POL-0006022,PO-2025-03566,1,MAT-00821,912,15.29,13944.48,DELIVERED
POL-0006023,PO-2025-03566,2,MAT-01025,266,185.16,49252.56,DELIVERED
POL-0006024,PO-2025-03566,3,MAT-00225,2060,14.79,30467.4,DELIVERED
POL-0006025,PO-2025-03567,1,MAT-01008,409,54.19,22163.71,OVERDUE
POL-0006026,PO-2025-03567,2,MAT-01022,359,14.64,5255.76,OVERDUE
POL-0006027,PO-2025-03568,1,MAT-00238,3225,30.05,96911.25,DELIVERED
POL-0006028,PO-2025-03569,1,MAT-00155,1613,38.82,62616.66,DELIVERED
POL-0006029,PO-2025-03570,1,MAT-00823,1186,336.33,398887.38,DELIVERED
POL-0006030,PO-2025-03571,1,MAT-00555,52,38.96,2025.92,OVERDUE
POL-0006031,PO-2025-03571,2,MAT-00282,1748,48.44,84673.12,OVERDUE
POL-0006032,PO-2025-03571,3,MAT-00534,203,6.61,1341.83,OVERDUE
POL-0006033,PO-2025-03572,1,MAT-00829,2386,16.67,39774.62,DELIVERED
POL-0006034,PO-2025-03573,1,MAT-00090,367,43.84,16089.28,DELIVERED
POL-0006035,PO-2025-03574,1,MAT-00851,225,14.09,3170.25,IN_TRANSIT
POL-0006036,PO-2025-03575,1,MAT-00910,1951,283.12,552367.12,DELIVERED
POL-0006037,PO-2025-03576,1,MAT-01035,511,14.5,7409.5,DELIVERED
POL-0006038,PO-2025-03576,2,MAT-00783,1818,42.1,76537.8,DELIVERED
POL-0006039,PO-2025-03576,3,MAT-00161,2756,9.33,25713.48,DELIVERED
POL-0006040,PO-2025-03577,1,MAT-00022,460,18.53,8523.8,IN_TRANSIT
POL-0006041,PO-2025-03578,1,MAT-00451,236,23.45,5534.2,DELIVERED
POL-0006042,PO-2025-03579,1,MAT-00958,2251,41.38,93146.38,DELIVERED
POL-0006043,PO-2025-03579,2,MAT-00249,2231,177.94,396984.14,DELIVERED
POL-0006044,PO-2025-03580,1,MAT-00172,52,10.25,533.0,DELIVERED
POL-0006045,PO-2025-03581,1,MAT-00937,255,8.09,2062.95,DELIVERED
POL-0006046,PO-2025-03582,1,MAT-00920,247,29.44,7271.68,DELIVERED
POL-0006047,PO-2025-03583,1,MAT-00936,2932,13.86,40637.52,DELIVERED
POL-0006048,PO-2025-03584,1,MAT-00094,170,17.19,2922.3,DELIVERED
POL-0006049,PO-2025-03584,2,MAT-00327,209,96.4,20147.6,DELIVERED
POL-0006050,PO-2025-03585,1,MAT-00363,1821,22.75,41427.75,DELIVERED
POL-0006051,PO-2025-03586,1,MAT-00310,99,19.19,1899.81,DELIVERED
POL-0006052,PO-2025-03586,2,MAT-00994,1569,13.17,20663.73,DELIVERED
POL-0006053,PO-2025-03586,3,MAT-00402,672,14.37,9656.64,DELIVERED
POL-0006054,PO-2025-03586,4,MAT-00950,1161,33.91,39369.51,DELIVERED
POL-0006055,PO-2025-03587,1,MAT-00575,1020,58.55,59721.0,PENDING
POL-0006056,PO-2025-03588,1,MAT-00708,4093,170.09,696178.37,DELIVERED
POL-0006057,PO-2025-03588,2,MAT-01093,495,59.23,29318.85,DELIVERED
POL-0006058,PO-2025-03589,1,MAT-01105,592,86.37,51131.04,DELIVERED
POL-0006059,PO-2025-03589,2,MAT-00830,4190,18.38,77012.2,DELIVERED
POL-0006060,PO-2025-03590,1,MAT-00125,323,51.67,16689.41,DELIVERED
POL-0006061,PO-2025-03591,1,MAT-00079,104,28.28,2941.12,DELIVERED
POL-0006062,PO-2025-03591,2,MAT-00827,4499,151.97,683713.03,DELIVERED
POL-0006063,PO-2025-03592,1,MAT-00345,283,14.77,4179.91,IN_TRANSIT
POL-0006064,PO-2025-03592,2,MAT-00464,4606,30.4,140022.4,IN_TRANSIT
POL-0006065,PO-2025-03593,1,MAT-00691,459,16.58,7610.22,DELIVERED
POL-0006066,PO-2025-03594,1,MAT-00158,1125,40.12,45135.0,DELIVERED
POL-0006067,PO-2025-03594,2,MAT-00712,158,21.29,3363.82,DELIVERED
POL-0006068,PO-2025-03595,1,MAT-00813,103,137.77,14190.31,DELIVERED
POL-0006069,PO-2025-03596,1,MAT-00499,62,10.27,636.74,DELIVERED
POL-0006070,PO-2025-03597,1,MAT-00304,422,45.95,19390.9,OVERDUE
POL-0006071,PO-2025-03598,1,MAT-00041,420,61.01,25624.2,DELIVERED
POL-0006072,PO-2025-03599,1,MAT-00949,1571,23.02,36164.42,OVERDUE
POL-0006073,PO-2025-03599,2,MAT-00410,885,46.71,41338.35,OVERDUE
POL-0006074,PO-2025-03599,3,MAT-00589,114,64.45,7347.3,OVERDUE
POL-0006075,PO-2025-03600,1,MAT-00115,1085,22.51,24423.35,DELIVERED
POL-0006076,PO-2025-03601,1,MAT-00589,52,64.45,3351.4,CANCELLED
POL-0006077,PO-2025-03601,2,MAT-00127,475,9.12,4332.0,CANCELLED
POL-0006078,PO-2025-03602,1,MAT-00642,2205,172.68,380759.4,DELIVERED
POL-0006079,PO-2025-03602,2,MAT-01017,455,13.77,6265.35,DELIVERED
POL-0006080,PO-2025-03603,1,MAT-00787,102,67.61,6896.22,DELIVERED
POL-0006081,PO-2025-03603,2,MAT-00579,2869,4.58,13140.02,DELIVERED
POL-0006082,PO-2025-03604,1,MAT-00105,376,20.21,7598.96,DELIVERED
POL-0006083,PO-2025-03605,1,MAT-01085,270,38.18,10308.6,IN_TRANSIT
POL-0006084,PO-2025-03605,2,MAT-00755,145,9.46,1371.7,IN_TRANSIT
POL-0006085,PO-2025-03605,3,MAT-00386,508,31.26,15880.08,IN_TRANSIT
POL-0006086,PO-2025-03606,1,MAT-00098,349,37.1,12947.9,OVERDUE
POL-0006087,PO-2025-03607,1,MAT-00672,158,2.47,390.26,DELIVERED
POL-0006088,PO-2025-03608,1,MAT-00001,81,43.14,3494.34,DELIVERED
POL-0006089,PO-2025-03609,1,MAT-00338,189,17.48,3303.72,DELIVERED
POL-0006090,PO-2025-03610,1,MAT-00027,2278,7.89,17973.42,CANCELLED
POL-0006091,PO-2025-03611,1,MAT-00758,718,29.62,21267.16,DELIVERED
POL-0006092,PO-2025-03612,1,MAT-00189,1191,10.69,12731.79,DELIVERED
POL-0006093,PO-2025-03612,2,MAT-00741,74,3.4,251.6,DELIVERED
POL-0006094,PO-2025-03612,3,MAT-00247,4508,15.77,71091.16,DELIVERED
POL-0006095,PO-2025-03612,4,MAT-00548,337,20.62,6948.94,DELIVERED
POL-0006096,PO-2025-03613,1,MAT-00051,544,33.61,18283.84,DELIVERED
POL-0006097,PO-2025-03614,1,MAT-00007,104,139.18,14474.72,DELIVERED
POL-0006098,PO-2025-03615,1,MAT-00766,108,11.4,1231.2,DELIVERED
POL-0006099,PO-2025-03615,2,MAT-00443,2104,2.45,5154.8,DELIVERED
POL-0006100,PO-2025-03616,1,MAT-00316,102,27.03,2757.06,DELIVERED
POL-0006101,PO-2025-03617,1,MAT-01151,1723,7.96,13715.08,DELIVERED
POL-0006102,PO-2025-03618,1,MAT-00087,90,65.37,5883.3,PENDING
POL-0006103,PO-2025-03619,1,MAT-00100,106,18.53,1964.18,DELIVERED
POL-0006104,PO-2025-03620,1,MAT-00899,1492,92.02,137293.84,DELIVERED
POL-0006105,PO-2025-03620,2,MAT-00978,45,1.78,80.1,DELIVERED
POL-0006106,PO-2025-03620,3,MAT-00609,1731,3.42,5920.02,DELIVERED
POL-0006107,PO-2025-03621,1,MAT-00281,639,26.61,17003.79,DELIVERED
POL-0006108,PO-2025-03621,2,MAT-00589,111,64.45,7153.95,DELIVERED
POL-0006109,PO-2025-03621,3,MAT-00883,2189,15.57,34082.73,DELIVERED
POL-0006110,PO-2025-03622,1,MAT-00876,98,179.11,17552.78,DELIVERED
POL-0006111,PO-2025-03623,1,MAT-00646,146,20.48,2990.08,CANCELLED
POL-0006112,PO-2025-03623,2,MAT-00065,100,64.8,6480.0,CANCELLED
POL-0006113,PO-2025-03624,1,MAT-01196,1930,44.16,85228.8,OVERDUE
POL-0006114,PO-2025-03625,1,MAT-00221,1959,352.89,691311.51,OVERDUE
POL-0006115,PO-2025-03625,2,MAT-00095,75,15.95,1196.25,OVERDUE
POL-0006116,PO-2025-03626,1,MAT-00017,425,9.18,3901.5,DELIVERED
POL-0006117,PO-2025-03627,1,MAT-01062,407,1.48,602.36,DELIVERED
POL-0006118,PO-2025-03628,1,MAT-00665,27,11.14,300.78,DELIVERED
POL-0006119,PO-2025-03629,1,MAT-00636,221,4.36,963.56,OVERDUE
POL-0006120,PO-2025-03630,1,MAT-00083,285,142.68,40663.8,DELIVERED
POL-0006121,PO-2025-03630,2,MAT-00977,196,15.0,2940.0,DELIVERED
POL-0006122,PO-2025-03631,1,MAT-00858,1820,39.46,71817.2,DELIVERED
POL-0006123,PO-2025-03632,1,MAT-00995,4098,8.66,35488.68,IN_TRANSIT
POL-0006124,PO-2025-03632,2,MAT-00302,45,12.84,577.8,IN_TRANSIT
POL-0006125,PO-2025-03632,3,MAT-00089,3256,13.87,45160.72,IN_TRANSIT
POL-0006126,PO-2025-03633,1,MAT-00061,3523,15.72,55381.56,DELIVERED
POL-0006127,PO-2025-03634,1,MAT-00956,77,82.45,6348.65,DELIVERED
POL-0006128,PO-2025-03634,2,MAT-00007,162,139.18,22547.16,DELIVERED
POL-0006129,PO-2025-03634,3,MAT-00848,435,356.33,155003.55,DELIVERED
POL-0006130,PO-2025-03635,1,MAT-00827,4517,151.97,686448.49,DELIVERED
POL-0006131,PO-2025-03635,2,MAT-01116,1197,35.7,42732.9,DELIVERED
POL-0006132,PO-2025-03636,1,MAT-00794,226,6.76,1527.76,IN_TRANSIT
POL-0006133,PO-2025-03637,1,MAT-00818,976,65.99,64406.24,DELIVERED
POL-0006134,PO-2025-03638,1,MAT-00335,51,78.13,3984.63,IN_TRANSIT
POL-0006135,PO-2025-03639,1,MAT-00661,69,12.91,890.79,DELIVERED
POL-0006136,PO-2025-03640,1,MAT-00275,414,8.09,3349.26,DELIVERED
POL-0006137,PO-2025-03640,2,MAT-00907,1033,6.14,6342.62,DELIVERED
POL-0006138,PO-2025-03641,1,MAT-00253,1028,283.71,291653.88,IN_TRANSIT
POL-0006139,PO-2025-03642,1,MAT-00009,1412,16.69,23566.28,DELIVERED
POL-0006140,PO-2025-03643,1,MAT-01175,88,10.94,962.72,OVERDUE
POL-0006141,PO-2025-03644,1,MAT-00853,98,13.57,1329.86,OVERDUE
POL-0006142,PO-2025-03645,1,MAT-00278,183,14.49,2651.67,DELIVERED
POL-0006143,PO-2025-03646,1,MAT-01033,997,41.82,41694.54,IN_TRANSIT
POL-0006144,PO-2025-03646,2,MAT-00850,54,15.13,817.02,IN_TRANSIT
POL-0006145,PO-2025-03647,1,MAT-00656,2994,28.04,83951.76,DELIVERED
POL-0006146,PO-2025-03648,1,MAT-01139,245,51.2,12544.0,DELIVERED
POL-0006147,PO-2025-03649,1,MAT-00685,112,6.91,773.92,DELIVERED
POL-0006148,PO-2025-03650,1,MAT-01078,116,14.68,1702.88,DELIVERED
POL-0006149,PO-2025-03650,2,MAT-00656,2946,28.04,82605.84,DELIVERED
POL-0006150,PO-2025-03650,3,MAT-00202,1939,45.92,89038.88,DELIVERED
POL-0006151,PO-2025-03651,1,MAT-00901,2440,40.61,99088.4,DELIVERED
POL-0006152,PO-2025-03652,1,MAT-00979,3376,4.59,15495.84,CANCELLED
POL-0006153,PO-2025-03653,1,MAT-00565,490,99.63,48818.7,DELIVERED
POL-0006154,PO-2025-03654,1,MAT-00326,1156,7.37,8519.72,PENDING
POL-0006155,PO-2025-03654,2,MAT-00979,2634,4.59,12090.06,PENDING
POL-0006156,PO-2025-03655,1,MAT-00277,1381,30.42,42010.02,DELIVERED
POL-0006157,PO-2025-03655,2,MAT-00562,192,256.03,49157.76,DELIVERED
POL-0006158,PO-2025-03655,3,MAT-00822,50,129.03,6451.5,DELIVERED
POL-0006159,PO-2025-03656,1,MAT-00028,122,35.36,4313.92,DELIVERED
POL-0006160,PO-2025-03657,1,MAT-00285,566,292.76,165702.16,PENDING
POL-0006161,PO-2025-03658,1,MAT-00876,110,179.11,19702.1,DELIVERED
POL-0006162,PO-2025-03659,1,MAT-00307,1408,95.19,134027.52,DELIVERED
POL-0006163,PO-2025-03660,1,MAT-00366,67,16.01,1072.67,DELIVERED
POL-0006164,PO-2025-03660,2,MAT-00556,1174,16.6,19488.4,DELIVERED
POL-0006165,PO-2025-03660,3,MAT-00049,697,37.58,26193.26,DELIVERED
POL-0006166,PO-2025-03660,4,MAT-00533,708,21.7,15363.6,DELIVERED
POL-0006167,PO-2025-03661,1,MAT-01059,3228,48.3,155912.4,DELIVERED
POL-0006168,PO-2025-03661,2,MAT-01101,77,80.68,6212.36,DELIVERED
POL-0006169,PO-2025-03661,3,MAT-00485,86,11.23,965.78,DELIVERED
POL-0006170,PO-2025-03662,1,MAT-00416,2011,12.29,24715.19,DELIVERED
POL-0006171,PO-2025-03662,2,MAT-01027,98,28.8,2822.4,DELIVERED
POL-0006172,PO-2025-03663,1,MAT-00383,1241,2.31,2866.71,PENDING
POL-0006173,PO-2025-03663,2,MAT-00739,651,150.17,97760.67,PENDING
POL-0006174,PO-2025-03663,3,MAT-01019,1037,18.3,18977.1,PENDING
POL-0006175,PO-2025-03663,4,MAT-01136,1207,73.15,88292.05,PENDING
POL-0006176,PO-2025-03664,1,MAT-00640,111,5.69,631.59,DELIVERED
POL-0006177,PO-2025-03665,1,MAT-01188,123,20.71,2547.33,DELIVERED
POL-0006178,PO-2025-03666,1,MAT-00817,135,34.98,4722.3,DELIVERED
POL-0006179,PO-2025-03667,1,MAT-00585,534,29.99,16014.66,DELIVERED
POL-0006180,PO-2025-03668,1,MAT-00075,128,1.59,203.52,DELIVERED
POL-0006181,PO-2025-03669,1,MAT-00662,1994,15.18,30268.92,CANCELLED
POL-0006182,PO-2025-03669,2,MAT-00112,138,25.98,3585.24,CANCELLED
POL-0006183,PO-2025-03669,3,MAT-01063,223,91.29,20357.67,CANCELLED
POL-0006184,PO-2025-03670,1,MAT-00820,1801,90.41,162828.41,DELIVERED
POL-0006185,PO-2025-03670,2,MAT-00321,2108,25.93,54660.44,DELIVERED
POL-0006186,PO-2025-03670,3,MAT-00009,2322,16.69,38754.18,DELIVERED
POL-0006187,PO-2025-03671,1,MAT-00645,820,20.52,16826.4,DELIVERED
POL-0006188,PO-2025-03671,2,MAT-00938,374,54.51,20386.74,DELIVERED
POL-0006189,PO-2025-03672,1,MAT-00405,359,15.34,5507.06,DELIVERED
POL-0006190,PO-2025-03673,1,MAT-00813,99,137.77,13639.23,DELIVERED
POL-0006191,PO-2025-03674,1,MAT-00122,137,9.54,1306.98,OVERDUE
POL-0006192,PO-2025-03674,2,MAT-00518,250,8.68,2170.0,OVERDUE
POL-0006193,PO-2025-03674,3,MAT-00301,60,10.18,610.8,OVERDUE
POL-0006194,PO-2025-03675,1,MAT-00046,497,11.46,5695.62,DELIVERED
POL-0006195,PO-2025-03675,2,MAT-00527,495,4.28,2118.6,DELIVERED
POL-0006196,PO-2025-03675,3,MAT-01179,1792,8.13,14568.96,DELIVERED
POL-0006197,PO-2025-03675,4,MAT-00848,235,356.33,83737.55,DELIVERED
POL-0006198,PO-2025-03676,1,MAT-00883,2137,15.57,33273.09,DELIVERED
POL-0006199,PO-2025-03676,2,MAT-01005,3687,54.05,199282.35,DELIVERED
POL-0006200,PO-2025-03676,3,MAT-00540,659,14.25,9390.75,DELIVERED
POL-0006201,PO-2025-03676,4,MAT-00843,529,7.92,4189.68,DELIVERED
POL-0006202,PO-2025-03677,1,MAT-01042,1153,14.79,17052.87,DELIVERED
POL-0006203,PO-2025-03677,2,MAT-01126,3149,7.09,22326.41,DELIVERED
POL-0006204,PO-2025-03677,3,MAT-01021,118,49.68,5862.24,DELIVERED
POL-0006205,PO-2025-03678,1,MAT-01149,618,148.57,91816.26,DELIVERED
POL-0006206,PO-2025-03678,2,MAT-00143,92,4.13,379.96,DELIVERED
POL-0006207,PO-2025-03679,1,MAT-00662,4448,15.18,67520.64,DELIVERED
POL-0006208,PO-2025-03680,1,MAT-00818,877,65.99,57873.23,DELIVERED
POL-0006209,PO-2025-03680,2,MAT-00275,341,8.09,2758.69,DELIVERED
POL-0006210,PO-2025-03681,1,MAT-01014,1909,12.66,24167.94,DELIVERED
POL-0006211,PO-2025-03681,2,MAT-00298,3372,37.15,125269.8,DELIVERED
POL-0006212,PO-2025-03682,1,MAT-00634,466,16.76,7810.16,DELIVERED
POL-0006213,PO-2025-03682,2,MAT-00579,4512,4.58,20664.96,DELIVERED
POL-0006214,PO-2025-03682,3,MAT-00111,2179,3.07,6689.53,DELIVERED
POL-0006215,PO-2025-03683,1,MAT-00968,2573,192.33,494865.09,DELIVERED
POL-0006216,PO-2025-03683,2,MAT-00562,232,256.03,59398.96,DELIVERED
POL-0006217,PO-2025-03684,1,MAT-00985,325,27.89,9064.25,DELIVERED
POL-0006218,PO-2025-03685,1,MAT-00021,448,128.67,57644.16,DELIVERED
POL-0006219,PO-2025-03685,2,MAT-00045,1128,4.78,5391.84,DELIVERED
POL-0006220,PO-2025-03686,1,MAT-01173,1515,30.61,46374.15,DELIVERED
POL-0006221,PO-2025-03687,1,MAT-01186,148,76.1,11262.8,DELIVERED
POL-0006222,PO-2025-03688,1,MAT-01030,1708,8.23,14056.84,DELIVERED
POL-0006223,PO-2025-03689,1,MAT-00104,59,9.85,581.15,DELIVERED
POL-0006224,PO-2025-03690,1,MAT-00745,77,46.09,3548.93,DELIVERED
POL-0006225,PO-2025-03690,2,MAT-00535,478,11.88,5678.64,DELIVERED
POL-0006226,PO-2025-03690,3,MAT-00719,2284,17.76,40563.84,DELIVERED
POL-0006227,PO-2025-03691,1,MAT-00718,90,29.18,2626.2,CANCELLED
POL-0006228,PO-2025-03692,1,MAT-00544,553,128.6,71115.8,DELIVERED
POL-0006229,PO-2025-03693,1,MAT-00042,196,32.69,6407.24,PENDING
POL-0006230,PO-2025-03694,1,MAT-00674,999,17.6,17582.4,DELIVERED
POL-0006231,PO-2025-03695,1,MAT-00552,1881,23.06,43375.86,DELIVERED
POL-0006232,PO-2025-03696,1,MAT-00253,642,283.71,182141.82,DELIVERED
POL-0006233,PO-2025-03697,1,MAT-00806,657,17.82,11707.74,DELIVERED
POL-0006234,PO-2025-03697,2,MAT-00525,102,10.26,1046.52,DELIVERED
POL-0006235,PO-2025-03698,1,MAT-01016,73,34.28,2502.44,DELIVERED
POL-0006236,PO-2025-03699,1,MAT-00758,895,29.62,26509.9,DELIVERED
POL-0006237,PO-2025-03700,1,MAT-00041,277,61.01,16899.77,DELIVERED
POL-0006238,PO-2025-03701,1,MAT-00368,1611,26.65,42933.15,DELIVERED
POL-0006239,PO-2025-03702,1,MAT-01016,76,34.28,2605.28,DELIVERED
POL-0006240,PO-2025-03703,1,MAT-00495,190,132.83,25237.7,DELIVERED
POL-0006241,PO-2025-03704,1,MAT-00391,105,9.74,1022.7,PENDING
POL-0006242,PO-2025-03705,1,MAT-01064,371,3.59,1331.89,DELIVERED
POL-0006243,PO-2025-03706,1,MAT-01117,163,341.91,55731.33,DELIVERED
POL-0006244,PO-2025-03706,2,MAT-01080,415,68.28,28336.2,DELIVERED
POL-0006245,PO-2025-03707,1,MAT-00301,35,10.18,356.3,DELIVERED
POL-0006246,PO-2025-03707,2,MAT-01183,2254,73.63,165962.02,DELIVERED
POL-0006247,PO-2025-03707,3,MAT-00987,4714,138.37,652276.18,DELIVERED
POL-0006248,PO-2025-03708,1,MAT-00915,94,22.52,2116.88,DELIVERED
POL-0006249,PO-2025-03709,1,MAT-00420,321,25.29,8118.09,DELIVERED
POL-0006250,PO-2025-03709,2,MAT-00437,3564,152.09,542048.76,DELIVERED
POL-0006251,PO-2025-03710,1,MAT-01014,2692,12.66,34080.72,OVERDUE
POL-0006252,PO-2025-03710,2,MAT-00195,443,30.41,13471.63,OVERDUE
POL-0006253,PO-2025-03711,1,MAT-00778,105,21.4,2247.0,DELIVERED
POL-0006254,PO-2025-03711,2,MAT-00089,1686,13.87,23384.82,DELIVERED
POL-0006255,PO-2025-03711,3,MAT-01083,1348,17.97,24223.56,DELIVERED
POL-0006256,PO-2025-03712,1,MAT-01154,74,6.47,478.78,DELIVERED
POL-0006257,PO-2025-03713,1,MAT-00257,112,107.34,12022.08,DELIVERED
POL-0006258,PO-2025-03713,2,MAT-00864,886,168.91,149654.26,DELIVERED
POL-0006259,PO-2025-03714,1,MAT-00006,2532,20.44,51754.08,OVERDUE
POL-0006260,PO-2025-03714,2,MAT-00427,84,8.13,682.92,OVERDUE
POL-0006261,PO-2025-03714,3,MAT-01140,71,60.83,4318.93,OVERDUE
POL-0006262,PO-2025-03715,1,MAT-01179,1269,8.13,10316.97,DELIVERED
POL-0006263,PO-2025-03715,2,MAT-00384,171,13.47,2303.37,DELIVERED
POL-0006264,PO-2025-03715,3,MAT-01056,92,13.03,1198.76,DELIVERED
POL-0006265,PO-2025-03716,1,MAT-00975,1195,14.88,17781.6,DELIVERED
POL-0006266,PO-2025-03716,2,MAT-00533,2019,21.7,43812.3,DELIVERED
POL-0006267,PO-2025-03717,1,MAT-00423,55,20.76,1141.8,PENDING
POL-0006268,PO-2025-03717,2,MAT-00666,696,31.46,21896.16,PENDING
POL-0006269,PO-2025-03717,3,MAT-00395,1965,88.52,173941.8,PENDING
POL-0006270,PO-2025-03718,1,MAT-00636,413,4.36,1800.68,DELIVERED
POL-0006271,PO-2025-03719,1,MAT-00236,488,47.86,23355.68,DELIVERED
POL-0006272,PO-2025-03719,2,MAT-00788,851,40.01,34048.51,DELIVERED
POL-0006273,PO-2025-03720,1,MAT-00539,1182,74.47,88023.54,DELIVERED
POL-0006274,PO-2025-03720,2,MAT-00289,2033,38.15,77558.95,DELIVERED
POL-0006275,PO-2025-03721,1,MAT-00915,183,22.52,4121.16,DELIVERED
POL-0006276,PO-2025-03721,2,MAT-00848,311,356.33,110818.63,DELIVERED
POL-0006277,PO-2025-03721,3,MAT-00012,358,14.52,5198.16,DELIVERED
POL-0006278,PO-2025-03722,1,MAT-00121,338,59.21,20012.98,OVERDUE
POL-0006279,PO-2025-03723,1,MAT-00243,140,45.06,6308.4,DELIVERED
POL-0006280,PO-2025-03724,1,MAT-00039,215,6.02,1294.3,DELIVERED
POL-0006281,PO-2025-03725,1,MAT-00765,1316,91.59,120532.44,CANCELLED
POL-0006282,PO-2025-03726,1,MAT-00825,193,14.59,2815.87,DELIVERED
POL-0006283,PO-2025-03726,2,MAT-00112,386,25.98,10028.28,DELIVERED
POL-0006284,PO-2025-03726,3,MAT-00481,52,20.47,1064.44,DELIVERED
POL-0006285,PO-2025-03726,4,MAT-00004,4074,144.49,588652.26,DELIVERED
POL-0006286,PO-2025-03727,1,MAT-00003,62,54.31,3367.22,DELIVERED
POL-0006287,PO-2025-03728,1,MAT-00623,101,213.25,21538.25,DELIVERED
POL-0006288,PO-2025-03728,2,MAT-00809,1225,102.9,126052.5,DELIVERED
POL-0006289,PO-2025-03729,1,MAT-00938,489,54.51,26655.39,DELIVERED
POL-0006290,PO-2025-03730,1,MAT-00172,172,10.25,1763.0,DELIVERED
POL-0006291,PO-2025-03731,1,MAT-00312,103,94.45,9728.35,IN_TRANSIT
POL-0006292,PO-2025-03732,1,MAT-00873,54,5.67,306.18,DELIVERED
POL-0006293,PO-2025-03733,1,MAT-00857,1168,11.28,13175.04,PENDING
POL-0006294,PO-2025-03733,2,MAT-00948,187,11.94,2232.78,PENDING
POL-0006295,PO-2025-03733,3,MAT-00026,2287,30.32,69341.84,PENDING
POL-0006296,PO-2025-03733,4,MAT-00607,41,10.84,444.44,PENDING
POL-0006297,PO-2025-03734,1,MAT-00001,79,43.14,3408.06,DELIVERED
POL-0006298,PO-2025-03734,2,MAT-00415,31,37.24,1154.44,DELIVERED
POL-0006299,PO-2025-03734,3,MAT-01179,2106,8.13,17121.78,DELIVERED
POL-0006300,PO-2025-03735,1,MAT-00774,4434,76.97,341284.98,OVERDUE
POL-0006301,PO-2025-03736,1,MAT-00104,47,9.85,462.95,DELIVERED
POL-0006302,PO-2025-03736,2,MAT-00942,1230,69.64,85657.2,DELIVERED
POL-0006303,PO-2025-03737,1,MAT-01181,2179,29.63,64563.77,DELIVERED
POL-0006304,PO-2025-03738,1,MAT-00962,165,102.48,16909.2,DELIVERED
POL-0006305,PO-2025-03739,1,MAT-00584,472,318.37,150270.64,PENDING
POL-0006306,PO-2025-03740,1,MAT-00794,63,6.76,425.88,DELIVERED
POL-0006307,PO-2025-03741,1,MAT-00305,296,25.36,7506.56,DELIVERED
POL-0006308,PO-2025-03741,2,MAT-01059,2243,48.3,108336.9,DELIVERED
POL-0006309,PO-2025-03742,1,MAT-00961,119,49.49,5889.31,DELIVERED
POL-0006310,PO-2025-03743,1,MAT-00826,2014,125.95,253663.3,CANCELLED
POL-0006311,PO-2025-03744,1,MAT-01029,114,54.15,6173.1,DELIVERED
POL-0006312,PO-2025-03744,2,MAT-00902,314,15.79,4958.06,DELIVERED
POL-0006313,PO-2025-03745,1,MAT-00665,60,11.14,668.4,DELIVERED
POL-0006314,PO-2025-03745,2,MAT-00237,4249,2.92,12407.08,DELIVERED
POL-0006315,PO-2025-03746,1,MAT-00399,363,22.77,8265.51,DELIVERED
POL-0006316,PO-2025-03747,1,MAT-00135,4868,10.03,48826.04,DELIVERED
POL-0006317,PO-2025-03747,2,MAT-00568,267,8.08,2157.36,DELIVERED
POL-0006318,PO-2025-03748,1,MAT-00327,237,96.4,22846.8,DELIVERED
POL-0006319,PO-2025-03749,1,MAT-00244,61,63.18,3853.98,DELIVERED
POL-0006320,PO-2025-03749,2,MAT-00571,92,24.27,2232.84,DELIVERED
POL-0006321,PO-2025-03750,1,MAT-00344,1777,16.09,28591.93,DELIVERED
POL-0006322,PO-2025-03750,2,MAT-00961,246,49.49,12174.54,DELIVERED
POL-0006323,PO-2025-03751,1,MAT-00176,312,60.45,18860.4,OVERDUE
POL-0006324,PO-2025-03751,2,MAT-00218,762,19.32,14721.84,OVERDUE
POL-0006325,PO-2025-03751,3,MAT-00153,191,12.75,2435.25,OVERDUE
POL-0006326,PO-2025-03752,1,MAT-00781,596,29.37,17504.52,DELIVERED
POL-0006327,PO-2025-03753,1,MAT-00886,119,203.43,24208.17,DELIVERED
POL-0006328,PO-2025-03754,1,MAT-01119,3464,31.06,107591.84,DELIVERED
POL-0006329,PO-2025-03754,2,MAT-00319,1489,38.12,56760.68,DELIVERED
POL-0006330,PO-2025-03755,1,MAT-01157,684,11.78,8057.52,DELIVERED
POL-0006331,PO-2025-03755,2,MAT-01096,169,24.14,4079.66,DELIVERED
POL-0006332,PO-2025-03756,1,MAT-00044,77,20.06,1544.62,DELIVERED
POL-0006333,PO-2025-03756,2,MAT-00597,55,19.38,1065.9,DELIVERED
POL-0006334,PO-2025-03756,3,MAT-00166,1357,42.74,57998.18,DELIVERED
POL-0006335,PO-2025-03757,1,MAT-00874,3739,11.73,43858.47,DELIVERED
POL-0006336,PO-2025-03757,2,MAT-00570,82,16.45,1348.9,DELIVERED
POL-0006337,PO-2025-03758,1,MAT-00005,1184,21.07,24946.88,DELIVERED
POL-0006338,PO-2025-03758,2,MAT-01063,198,91.29,18075.42,DELIVERED
POL-0006339,PO-2025-03758,3,MAT-00706,80,49.23,3938.4,DELIVERED
POL-0006340,PO-2025-03758,4,MAT-00574,249,20.04,4989.96,DELIVERED
POL-0006341,PO-2025-03759,1,MAT-00024,489,4.87,2381.43,DELIVERED
POL-0006342,PO-2025-03759,2,MAT-00661,95,12.91,1226.45,DELIVERED
POL-0006343,PO-2025-03760,1,MAT-00362,333,151.24,50362.92,DELIVERED
POL-0006344,PO-2025-03761,1,MAT-00133,335,7.66,2566.1,IN_TRANSIT
POL-0006345,PO-2025-03762,1,MAT-00892,176,43.57,7668.32,DELIVERED
POL-0006346,PO-2025-03762,2,MAT-00959,133,47.22,6280.26,DELIVERED
POL-0006347,PO-2025-03763,1,MAT-00206,86,9.16,787.76,OVERDUE
POL-0006348,PO-2025-03763,2,MAT-00744,32,24.53,784.96,OVERDUE
POL-0006349,PO-2025-03763,3,MAT-01173,575,30.61,17600.75,OVERDUE
POL-0006350,PO-2025-03764,1,MAT-00021,349,128.67,44905.83,DELIVERED
POL-0006351,PO-2025-03765,1,MAT-00275,294,8.09,2378.46,IN_TRANSIT
POL-0006352,PO-2025-03765,2,MAT-00970,609,5.12,3118.08,IN_TRANSIT
POL-0006353,PO-2025-03765,3,MAT-00671,1654,93.17,154103.18,IN_TRANSIT
POL-0006354,PO-2025-03766,1,MAT-00339,181,44.34,8025.54,PENDING
POL-0006355,PO-2025-03767,1,MAT-00739,788,150.17,118333.96,DELIVERED
POL-0006356,PO-2025-03768,1,MAT-00373,1482,116.36,172445.52,DELIVERED
POL-0006357,PO-2025-03769,1,MAT-00695,92,48.21,4435.32,DELIVERED
POL-0006358,PO-2025-03769,2,MAT-00760,112,54.98,6157.76,DELIVERED
POL-0006359,PO-2025-03770,1,MAT-00211,2111,45.23,95480.53,PENDING
POL-0006360,PO-2025-03770,2,MAT-00509,814,26.62,21668.68,PENDING
POL-0006361,PO-2025-03770,3,MAT-00420,720,25.29,18208.8,PENDING
POL-0006362,PO-2025-03770,4,MAT-00029,754,12.48,9409.92,PENDING
POL-0006363,PO-2025-03771,1,MAT-00442,83,24.22,2010.26,DELIVERED
POL-0006364,PO-2025-03772,1,MAT-00655,1897,457.75,868351.75,DELIVERED
POL-0006365,PO-2025-03773,1,MAT-00197,330,10.51,3468.3,DELIVERED
POL-0006366,PO-2025-03774,1,MAT-00886,89,203.43,18105.27,DELIVERED
POL-0006367,PO-2025-03775,1,MAT-00457,4426,22.22,98345.72,DELIVERED
POL-0006368,PO-2025-03775,2,MAT-00668,4085,137.32,560952.2,DELIVERED
POL-0006369,PO-2025-03776,1,MAT-01072,84,43.22,3630.48,PENDING
POL-0006370,PO-2025-03776,2,MAT-00600,58,36.77,2132.66,PENDING
POL-0006371,PO-2025-03777,1,MAT-01109,77,12.76,982.52,DELIVERED
POL-0006372,PO-2025-03777,2,MAT-00369,3306,27.23,90022.38,DELIVERED
POL-0006373,PO-2025-03778,1,MAT-00926,355,4.52,1604.6,OVERDUE
POL-0006374,PO-2025-03779,1,MAT-01038,617,4.76,2936.92,DELIVERED
POL-0006375,PO-2025-03780,1,MAT-01103,474,278.63,132070.62,DELIVERED
POL-0006376,PO-2025-03780,2,MAT-00170,2443,10.55,25773.65,DELIVERED
POL-0006377,PO-2025-03781,1,MAT-00943,1100,51.39,56529.0,DELIVERED
POL-0006378,PO-2025-03782,1,MAT-00921,215,76.15,16372.25,DELIVERED
POL-0006379,PO-2025-03782,2,MAT-00585,1187,29.99,35598.13,DELIVERED
POL-0006380,PO-2025-03783,1,MAT-00909,317,55.6,17625.2,DELIVERED
POL-0006381,PO-2025-03783,2,MAT-00864,923,168.91,155903.93,DELIVERED
POL-0006382,PO-2025-03783,3,MAT-00999,67,14.15,948.05,DELIVERED
POL-0006383,PO-2025-03784,1,MAT-00901,1880,40.61,76346.8,DELIVERED
POL-0006384,PO-2025-03784,2,MAT-00682,99,7.46,738.54,DELIVERED
POL-0006385,PO-2025-03784,3,MAT-00378,3158,32.63,103045.54,DELIVERED
POL-0006386,PO-2025-03785,1,MAT-01195,205,4.36,893.8,DELIVERED
POL-0006387,PO-2025-03785,2,MAT-00800,1051,26.27,27609.77,DELIVERED
POL-0006388,PO-2025-03786,1,MAT-00677,73,7.13,520.49,DELIVERED
POL-0006389,PO-2025-03786,2,MAT-00797,519,25.64,13307.16,DELIVERED
POL-0006390,PO-2025-03787,1,MAT-00591,1155,25.49,29440.95,PENDING
POL-0006391,PO-2025-03788,1,MAT-00786,3166,86.22,272972.52,PENDING
POL-0006392,PO-2025-03789,1,MAT-00421,104,268.66,27940.64,DELIVERED
POL-0006393,PO-2025-03789,2,MAT-00270,83,31.02,2574.66,DELIVERED
POL-0006394,PO-2025-03790,1,MAT-00792,323,30.47,9841.81,DELIVERED
POL-0006395,PO-2025-03791,1,MAT-00771,1809,52.83,95569.47,DELIVERED
POL-0006396,PO-2025-03791,2,MAT-00539,589,74.47,43862.83,DELIVERED
POL-0006397,PO-2025-03792,1,MAT-00076,78,61.74,4815.72,DELIVERED
POL-0006398,PO-2025-03793,1,MAT-00781,1469,29.37,43144.53,DELIVERED
POL-0006399,PO-2025-03793,2,MAT-00765,1902,91.59,174204.18,DELIVERED
POL-0006400,PO-2025-03794,1,MAT-00217,44,11.66,513.04,PENDING
POL-0006401,PO-2025-03795,1,MAT-00026,3602,30.32,109212.64,DELIVERED
POL-0006402,PO-2025-03795,2,MAT-00851,232,14.09,3268.88,DELIVERED
POL-0006403,PO-2025-03796,1,MAT-00648,1857,24.06,44679.42,DELIVERED
POL-0006404,PO-2025-03797,1,MAT-00345,310,14.77,4578.7,PENDING
POL-0006405,PO-2025-03797,2,MAT-00188,2268,25.07,56858.76,PENDING
POL-0006406,PO-2025-03798,1,MAT-00008,232,60.03,13926.96,DELIVERED
POL-0006407,PO-2025-03798,2,MAT-00419,381,88.75,33813.75,DELIVERED
POL-0006408,PO-2025-03799,1,MAT-00053,116,11.16,1294.56,DELIVERED
POL-0006409,PO-2025-03800,1,MAT-01144,2104,28.6,60174.4,DELIVERED
POL-0006410,PO-2025-03801,1,MAT-01000,443,48.67,21560.81,DELIVERED
POL-0006411,PO-2025-03802,1,MAT-01013,2405,271.16,652139.8,DELIVERED
POL-0006412,PO-2025-03802,2,MAT-00149,1930,44.52,85923.6,DELIVERED
POL-0006413,PO-2025-03803,1,MAT-00156,189,10.81,2043.09,DELIVERED
POL-0006414,PO-2025-03803,2,MAT-00096,4084,5.63,22992.92,DELIVERED
POL-0006415,PO-2025-03803,3,MAT-00961,163,49.49,8066.87,DELIVERED
POL-0006416,PO-2025-03804,1,MAT-01000,414,48.67,20149.38,PENDING
POL-0006417,PO-2025-03805,1,MAT-00362,315,151.24,47640.6,DELIVERED
POL-0006418,PO-2025-03805,2,MAT-01077,439,4.68,2054.52,DELIVERED
POL-0006419,PO-2025-03805,3,MAT-00968,2117,192.33,407162.61,DELIVERED
POL-0006420,PO-2025-03805,4,MAT-00341,1696,10.09,17112.64,DELIVERED
POL-0006421,PO-2025-03806,1,MAT-00468,869,58.82,51114.58,DELIVERED
POL-0006422,PO-2025-03807,1,MAT-00903,3744,29.08,108875.52,DELIVERED
POL-0006423,PO-2025-03808,1,MAT-00219,207,15.65,3239.55,DELIVERED
POL-0006424,PO-2025-03809,1,MAT-00035,297,67.89,20163.33,DELIVERED
POL-0006425,PO-2025-03809,2,MAT-00645,775,20.52,15903.0,DELIVERED
POL-0006426,PO-2025-03809,3,MAT-01130,341,37.06,12637.46,DELIVERED
POL-0006427,PO-2025-03810,1,MAT-00163,93,86.31,8026.83,PENDING
POL-0006428,PO-2025-03811,1,MAT-00536,834,25.16,20983.44,DELIVERED
POL-0006429,PO-2025-03811,2,MAT-00812,1357,16.77,22756.89,DELIVERED
POL-0006430,PO-2025-03811,3,MAT-01161,70,1.66,116.2,DELIVERED
POL-0006431,PO-2025-03812,1,MAT-01178,1223,21.0,25683.0,DELIVERED
POL-0006432,PO-2025-03813,1,MAT-00143,64,4.13,264.32,DELIVERED
POL-0006433,PO-2025-03814,1,MAT-00348,930,5.1,4743.0,DELIVERED
POL-0006434,PO-2025-03815,1,MAT-00920,454,29.44,13365.76,DELIVERED
POL-0006435,PO-2025-03815,2,MAT-00187,433,41.36,17908.88,DELIVERED
POL-0006436,PO-2025-03816,1,MAT-00639,127,5.89,748.03,OVERDUE
POL-0006437,PO-2025-03816,2,MAT-00794,66,6.76,446.16,OVERDUE
POL-0006438,PO-2025-03817,1,MAT-00484,2288,31.07,71088.16,OVERDUE
POL-0006439,PO-2025-03818,1,MAT-00321,1892,25.93,49059.56,PENDING
POL-0006440,PO-2025-03819,1,MAT-01171,3759,56.02,210579.18,DELIVERED
POL-0006441,PO-2025-03819,2,MAT-00719,957,17.76,16996.32,DELIVERED
POL-0006442,PO-2025-03819,3,MAT-00424,1224,70.34,86096.16,DELIVERED
POL-0006443,PO-2025-03820,1,MAT-00230,63,57.9,3647.7,DELIVERED
POL-0006444,PO-2025-03821,1,MAT-00640,57,5.69,324.33,OVERDUE
POL-0006445,PO-2025-03822,1,MAT-00744,37,24.53,907.61,DELIVERED
POL-0006446,PO-2025-03823,1,MAT-00811,3345,20.36,68104.2,DELIVERED
POL-0006447,PO-2025-03823,2,MAT-00307,1086,95.19,103376.34,DELIVERED
POL-0006448,PO-2025-03823,3,MAT-00001,145,43.14,6255.3,DELIVERED
POL-0006449,PO-2025-03824,1,MAT-00192,2659,63.17,167969.03,DELIVERED
POL-0006450,PO-2025-03824,2,MAT-00490,194,74.01,14357.94,DELIVERED
POL-0006451,PO-2025-03825,1,MAT-00103,1205,16.35,19701.75,DELIVERED
POL-0006452,PO-2025-03825,2,MAT-00742,730,5.96,4350.8,DELIVERED
POL-0006453,PO-2025-03825,3,MAT-00411,47,58.42,2745.74,DELIVERED
POL-0006454,PO-2025-03825,4,MAT-00208,167,42.66,7124.22,DELIVERED
POL-0006455,PO-2025-03826,1,MAT-01033,351,41.82,14678.82,DELIVERED
POL-0006456,PO-2025-03826,2,MAT-00291,3726,21.89,81562.14,DELIVERED
POL-0006457,PO-2025-03827,1,MAT-01000,307,48.67,14941.69,DELIVERED
POL-0006458,PO-2025-03828,1,MAT-00249,2063,177.94,367090.22,DELIVERED
POL-0006459,PO-2025-03828,2,MAT-00462,82,25.14,2061.48,DELIVERED
POL-0006460,PO-2025-03828,3,MAT-00759,1117,10.65,11896.05,DELIVERED
POL-0006461,PO-2025-03828,4,MAT-00739,760,150.17,114129.2,DELIVERED
POL-0006462,PO-2025-03829,1,MAT-00595,150,75.23,11284.5,DELIVERED
POL-0006463,PO-2025-03830,1,MAT-00044,122,20.06,2447.32,DELIVERED
POL-0006464,PO-2025-03831,1,MAT-00216,144,64.45,9280.8,DELIVERED
POL-0006465,PO-2025-03831,2,MAT-00997,1015,184.88,187653.2,DELIVERED
POL-0006466,PO-2025-03831,3,MAT-00067,141,23.77,3351.57,DELIVERED
POL-0006467,PO-2025-03832,1,MAT-00704,289,5.04,1456.56,DELIVERED
POL-0006468,PO-2025-03832,2,MAT-00726,1052,21.21,22312.92,DELIVERED
POL-0006469,PO-2025-03832,3,MAT-00575,651,58.55,38116.05,DELIVERED
POL-0006470,PO-2025-03833,1,MAT-00802,3509,15.7,55091.3,DELIVERED
POL-0006471,PO-2025-03833,2,MAT-00582,248,15.45,3831.6,DELIVERED
POL-0006472,PO-2025-03833,3,MAT-00884,119,82.57,9825.83,DELIVERED
POL-0006473,PO-2025-03834,1,MAT-01102,202,1.65,333.3,DELIVERED
POL-0006474,PO-2025-03834,2,MAT-01139,245,51.2,12544.0,DELIVERED
POL-0006475,PO-2025-03834,3,MAT-00165,113,69.19,7818.47,DELIVERED
POL-0006476,PO-2025-03835,1,MAT-00466,400,20.96,8384.0,DELIVERED
POL-0006477,PO-2025-03836,1,MAT-00182,384,10.58,4062.72,DELIVERED
POL-0006478,PO-2025-03836,2,MAT-00961,72,49.49,3563.28,DELIVERED
POL-0006479,PO-2025-03837,1,MAT-01193,546,13.05,7125.3,DELIVERED
POL-0006480,PO-2025-03838,1,MAT-01189,120,49.09,5890.8,DELIVERED
POL-0006481,PO-2025-03838,2,MAT-00298,3512,37.15,130470.8,DELIVERED
POL-0006482,PO-2025-03839,1,MAT-00038,56,3.22,180.32,DELIVERED
POL-0006483,PO-2025-03840,1,MAT-00521,843,4.17,3515.31,PENDING
POL-0006484,PO-2025-03840,2,MAT-00417,265,155.32,41159.8,PENDING
POL-0006485,PO-2025-03841,1,MAT-00191,102,16.95,1728.9,DELIVERED
POL-0006486,PO-2025-03841,2,MAT-00117,178,23.25,4138.5,DELIVERED
POL-0006487,PO-2025-03841,3,MAT-00239,2056,13.02,26769.12,DELIVERED
POL-0006488,PO-2025-03842,1,MAT-00882,434,14.83,6436.22,IN_TRANSIT
POL-0006489,PO-2025-03843,1,MAT-00857,2068,11.28,23327.04,DELIVERED
POL-0006490,PO-2025-03844,1,MAT-00027,4632,7.89,36546.48,DELIVERED
POL-0006491,PO-2025-03845,1,MAT-00415,67,37.24,2495.08,DELIVERED
POL-0006492,PO-2025-03846,1,MAT-00383,2479,2.31,5726.49,DELIVERED
POL-0006493,PO-2025-03847,1,MAT-00065,86,64.8,5572.8,DELIVERED
POL-0006494,PO-2025-03847,2,MAT-00719,2042,17.76,36265.92,DELIVERED
POL-0006495,PO-2025-03847,3,MAT-00550,3217,12.78,41113.26,DELIVERED
POL-0006496,PO-2025-03847,4,MAT-01134,72,44.39,3196.08,DELIVERED
POL-0006497,PO-2025-03848,1,MAT-00385,65,10.25,666.25,DELIVERED
POL-0006498,PO-2025-03848,2,MAT-00212,110,92.6,10186.0,DELIVERED
POL-0006499,PO-2025-03849,1,MAT-01113,2736,71.94,196827.84,DELIVERED
POL-0006500,PO-2025-03849,2,MAT-00224,773,3.99,3084.27,DELIVERED
POL-0006501,PO-2025-03849,3,MAT-00125,412,51.67,21288.04,DELIVERED
POL-0006502,PO-2025-03849,4,MAT-00784,213,46.72,9951.36,DELIVERED
POL-0006503,PO-2025-03850,1,MAT-00569,106,3.19,338.14,DELIVERED
POL-0006504,PO-2025-03851,1,MAT-00784,468,46.72,21864.96,OVERDUE
POL-0006505,PO-2025-03851,2,MAT-00119,1989,85.15,169363.35,OVERDUE
POL-0006506,PO-2025-03852,1,MAT-00160,1647,48.48,79846.56,DELIVERED
POL-0006507,PO-2025-03852,2,MAT-01157,405,11.78,4770.9,DELIVERED
POL-0006508,PO-2025-03852,3,MAT-00960,1132,44.8,50713.6,DELIVERED
POL-0006509,PO-2025-03853,1,MAT-01189,237,49.09,11634.33,DELIVERED
POL-0006510,PO-2025-03854,1,MAT-00686,185,52.4,9694.0,PENDING
POL-0006511,PO-2025-03855,1,MAT-00314,496,68.97,34209.12,PENDING
POL-0006512,PO-2025-03856,1,MAT-01110,101,205.1,20715.1,DELIVERED
POL-0006513,PO-2025-03857,1,MAT-00251,4237,6.02,25506.74,DELIVERED
POL-0006514,PO-2025-03857,2,MAT-00088,4400,36.74,161656.0,DELIVERED
POL-0006515,PO-2025-03857,3,MAT-00694,88,49.22,4331.36,DELIVERED
POL-0006516,PO-2025-03858,1,MAT-00887,79,48.82,3856.78,OVERDUE
POL-0006517,PO-2025-03858,2,MAT-00109,95,33.39,3172.05,OVERDUE
POL-0006518,PO-2025-03859,1,MAT-01080,680,68.28,46430.4,PENDING
POL-0006519,PO-2025-03860,1,MAT-00973,1120,62.65,70168.0,DELIVERED
POL-0006520,PO-2025-03860,2,MAT-01192,1115,6.1,6801.5,DELIVERED
POL-0006521,PO-2025-03861,1,MAT-00252,1406,65.87,92613.22,DELIVERED
POL-0006522,PO-2025-03862,1,MAT-00939,464,34.32,15924.48,CANCELLED
POL-0006523,PO-2025-03863,1,MAT-00628,477,21.55,10279.35,DELIVERED
POL-0006524,PO-2025-03864,1,MAT-00239,2883,13.02,37536.66,DELIVERED
POL-0006525,PO-2025-03864,2,MAT-01132,357,44.46,15872.22,DELIVERED
POL-0006526,PO-2025-03865,1,MAT-00504,2981,44.11,131491.91,DELIVERED
POL-0006527,PO-2025-03866,1,MAT-00645,658,20.52,13502.16,DELIVERED
POL-0006528,PO-2025-03867,1,MAT-00337,95,10.5,997.5,DELIVERED
POL-0006529,PO-2025-03868,1,MAT-00088,2305,36.74,84685.7,DELIVERED
POL-0006530,PO-2025-03868,2,MAT-00831,1014,5.82,5901.48,DELIVERED
POL-0006531,PO-2025-03868,3,MAT-00224,2347,3.99,9364.53,DELIVERED
POL-0006532,PO-2025-03868,4,MAT-00544,625,128.6,80375.0,DELIVERED
POL-0006533,PO-2025-03869,1,MAT-00479,768,761.57,584885.76,DELIVERED
POL-0006534,PO-2025-03870,1,MAT-00473,671,4.49,3012.79,DELIVERED
POL-0006535,PO-2025-03870,2,MAT-00884,56,82.57,4623.92,DELIVERED
POL-0006536,PO-2025-03871,1,MAT-00726,930,21.21,19725.3,DELIVERED
POL-0006537,PO-2025-03872,1,MAT-00382,195,12.27,2392.65,DELIVERED
POL-0006538,PO-2025-03873,1,MAT-00441,4879,42.64,208040.56,DELIVERED
POL-0006539,PO-2025-03874,1,MAT-01077,443,4.68,2073.24,DELIVERED
POL-0006540,PO-2025-03875,1,MAT-00987,1571,138.37,217379.27,PENDING
POL-0006541,PO-2025-03875,2,MAT-00255,630,4.64,2923.2,PENDING
POL-0006542,PO-2025-03876,1,MAT-00588,695,10.35,7193.25,OVERDUE
POL-0006543,PO-2025-03877,1,MAT-00523,3931,13.51,53107.81,OVERDUE
POL-0006544,PO-2025-03877,2,MAT-00640,74,5.69,421.06,OVERDUE
POL-0006545,PO-2025-03878,1,MAT-00663,1187,22.62,26849.94,OVERDUE
POL-0006546,PO-2025-03879,1,MAT-00398,304,119.47,36318.88,PENDING
POL-0006547,PO-2025-03879,2,MAT-00670,3369,91.39,307892.91,PENDING
POL-0006548,PO-2025-03880,1,MAT-00829,1055,16.67,17586.85,DELIVERED
POL-0006549,PO-2025-03880,2,MAT-01071,227,25.22,5724.94,DELIVERED
POL-0006550,PO-2025-03881,1,MAT-00550,3671,12.78,46915.38,DELIVERED
POL-0006551,PO-2025-03882,1,MAT-00971,3076,28.49,87635.24,DELIVERED
POL-0006552,PO-2025-03883,1,MAT-00097,4004,38.03,152272.12,DELIVERED
POL-0006553,PO-2025-03883,2,MAT-00266,531,6.1,3239.1,DELIVERED
POL-0006554,PO-2025-03884,1,MAT-00824,51,18.89,963.39,DELIVERED
POL-0006555,PO-2025-03885,1,MAT-00774,4337,76.97,333818.89,DELIVERED
POL-0006556,PO-2025-03885,2,MAT-00161,2047,9.33,19098.51,DELIVERED
POL-0006557,PO-2025-03885,3,MAT-00400,375,96.78,36292.5,DELIVERED
POL-0006558,PO-2025-03886,1,MAT-01058,401,91.18,36563.18,DELIVERED
POL-0006559,PO-2025-03887,1,MAT-00413,25,4.8,120.0,DELIVERED
POL-0006560,PO-2025-03887,2,MAT-01075,2074,77.99,161751.26,DELIVERED
POL-0006561,PO-2025-03888,1,MAT-00471,148,17.46,2584.08,DELIVERED
POL-0006562,PO-2025-03889,1,MAT-00523,2628,13.51,35504.28,DELIVERED
POL-0006563,PO-2025-03889,2,MAT-00197,181,10.51,1902.31,DELIVERED
POL-0006564,PO-2025-03890,1,MAT-00479,737,761.57,561277.09,OVERDUE
POL-0006565,PO-2025-03891,1,MAT-01144,1818,28.6,51994.8,DELIVERED
POL-0006566,PO-2025-03891,2,MAT-00380,123,10.13,1245.99,DELIVERED
POL-0006567,PO-2025-03891,3,MAT-01032,1569,4.18,6558.42,DELIVERED
POL-0006568,PO-2025-03892,1,MAT-00070,131,12.85,1683.35,DELIVERED
POL-0006569,PO-2025-03893,1,MAT-00489,403,159.21,64161.63,DELIVERED
POL-0006570,PO-2025-03893,2,MAT-00932,1307,199.06,260171.42,DELIVERED
POL-0006571,PO-2025-03894,1,MAT-00317,1639,55.54,91030.06,DELIVERED
POL-0006572,PO-2025-03895,1,MAT-00514,837,9.35,7825.95,DELIVERED
POL-0006573,PO-2025-03896,1,MAT-00855,76,128.91,9797.16,PENDING
POL-0006574,PO-2025-03897,1,MAT-00499,231,10.27,2372.37,DELIVERED
POL-0006575,PO-2025-03898,1,MAT-01162,2431,295.71,718871.01,DELIVERED
POL-0006576,PO-2025-03898,2,MAT-00377,2074,71.37,148021.38,DELIVERED
POL-0006577,PO-2025-03898,3,MAT-01059,1385,48.3,66895.5,DELIVERED
POL-0006578,PO-2025-03899,1,MAT-00872,1023,10.02,10250.46,DELIVERED
POL-0006579,PO-2025-03900,1,MAT-01058,292,91.18,26624.56,CANCELLED
POL-0006580,PO-2025-03900,2,MAT-00343,3529,33.01,116492.29,CANCELLED
POL-0006581,PO-2025-03901,1,MAT-01048,1363,4.58,6242.54,DELIVERED
POL-0006582,PO-2025-03902,1,MAT-00327,160,96.4,15424.0,DELIVERED
POL-0006583,PO-2025-03903,1,MAT-00133,210,7.66,1608.6,DELIVERED
POL-0006584,PO-2025-03903,2,MAT-00159,109,6.41,698.69,DELIVERED
POL-0006585,PO-2025-03903,3,MAT-01150,113,10.88,1229.44,DELIVERED
POL-0006586,PO-2025-03903,4,MAT-00002,202,21.88,4419.76,DELIVERED
POL-0006587,PO-2025-03904,1,MAT-00897,100,19.49,1949.0,DELIVERED
POL-0006588,PO-2025-03904,2,MAT-00263,1069,1.44,1539.36,DELIVERED
POL-0006589,PO-2025-03905,1,MAT-00915,139,22.52,3130.28,DELIVERED
POL-0006590,PO-2025-03906,1,MAT-01140,105,60.83,6387.15,DELIVERED
POL-0006591,PO-2025-03907,1,MAT-00926,403,4.52,1821.56,DELIVERED
POL-0006592,PO-2025-03908,1,MAT-00680,3328,111.31,370439.68,DELIVERED
POL-0006593,PO-2025-03908,2,MAT-00874,2438,11.73,28597.74,DELIVERED
POL-0006594,PO-2025-03909,1,MAT-00972,100,11.72,1172.0,DELIVERED
POL-0006595,PO-2025-03909,2,MAT-00450,483,7.55,3646.65,DELIVERED
POL-0006596,PO-2025-03910,1,MAT-00851,216,14.09,3043.44,DELIVERED
POL-0006597,PO-2025-03911,1,MAT-00761,151,14.1,2129.1,PENDING
POL-0006598,PO-2025-03911,2,MAT-00725,1885,28.78,54250.3,PENDING
POL-0006599,PO-2025-03911,3,MAT-00987,2811,138.37,388958.07,PENDING
POL-0006600,PO-2025-03912,1,MAT-01016,52,34.28,1782.56,PENDING
POL-0006601,PO-2025-03912,2,MAT-00695,75,48.21,3615.75,PENDING
POL-0006602,PO-2025-03913,1,MAT-00848,450,356.33,160348.5,DELIVERED
POL-0006603,PO-2025-03914,1,MAT-00341,1033,10.09,10422.97,DELIVERED
POL-0006604,PO-2025-03915,1,MAT-00009,1780,16.69,29708.2,DELIVERED
POL-0006605,PO-2025-03916,1,MAT-00319,1165,38.12,44409.8,DELIVERED
POL-0006606,PO-2025-03917,1,MAT-01138,1212,6.66,8071.92,DELIVERED
POL-0006607,PO-2025-03917,2,MAT-00898,970,30.18,29274.6,DELIVERED
POL-0006608,PO-2025-03918,1,MAT-00427,151,8.13,1227.63,DELIVERED
POL-0006609,PO-2025-03918,2,MAT-00064,221,7.54,1666.34,DELIVERED
POL-0006610,PO-2025-03918,3,MAT-01006,101,41.45,4186.45,DELIVERED
POL-0006611,PO-2025-03919,1,MAT-00322,569,53.98,30714.62,DELIVERED
POL-0006612,PO-2025-03920,1,MAT-00247,4302,15.77,67842.54,DELIVERED
POL-0006613,PO-2025-03921,1,MAT-00948,182,11.94,2173.08,DELIVERED
POL-0006614,PO-2025-03921,2,MAT-00424,1856,70.34,130551.04,DELIVERED
POL-0006615,PO-2025-03922,1,MAT-00482,104,8.65,899.6,DELIVERED
POL-0006616,PO-2025-03922,2,MAT-00596,1726,15.7,27098.2,DELIVERED
POL-0006617,PO-2025-03923,1,MAT-00088,2277,36.74,83656.98,DELIVERED
POL-0006618,PO-2025-03924,1,MAT-00618,122,53.82,6566.04,DELIVERED
POL-0006619,PO-2025-03924,2,MAT-01015,919,157.79,145009.01,DELIVERED
POL-0006620,PO-2025-03925,1,MAT-00007,248,139.18,34516.64,DELIVERED
POL-0006621,PO-2025-03925,2,MAT-00981,184,66.4,12217.6,DELIVERED
POL-0006622,PO-2025-03925,3,MAT-00582,73,15.45,1127.85,DELIVERED
POL-0006623,PO-2025-03926,1,MAT-01172,2356,33.4,78690.4,DELIVERED
POL-0006624,PO-2025-03926,2,MAT-00239,2632,13.02,34268.64,DELIVERED
POL-0006625,PO-2025-03927,1,MAT-00137,65,10.76,699.4,CANCELLED
POL-0006626,PO-2025-03928,1,MAT-00337,142,10.5,1491.0,DELIVERED
POL-0006627,PO-2025-03929,1,MAT-00188,2292,25.07,57460.44,DELIVERED
POL-0006628,PO-2025-03929,2,MAT-00793,2233,31.91,71255.03,DELIVERED
POL-0006629,PO-2025-03930,1,MAT-00925,512,100.58,51496.96,DELIVERED
POL-0006630,PO-2025-03930,2,MAT-00035,253,67.89,17176.17,DELIVERED
POL-0006631,PO-2025-03931,1,MAT-00391,48,9.74,467.52,DELIVERED
POL-0006632,PO-2025-03932,1,MAT-01075,1370,77.99,106846.3,DELIVERED
POL-0006633,PO-2025-03932,2,MAT-00820,1254,90.41,113374.14,DELIVERED
POL-0006634,PO-2025-03933,1,MAT-00103,286,16.35,4676.1,DELIVERED
POL-0006635,PO-2025-03934,1,MAT-00222,475,3.54,1681.5,DELIVERED
POL-0006636,PO-2025-03934,2,MAT-01079,2779,140.21,389643.59,DELIVERED
POL-0006637,PO-2025-03934,3,MAT-00684,1421,47.87,68023.27,DELIVERED
POL-0006638,PO-2025-03934,4,MAT-00800,370,26.27,9719.9,DELIVERED
POL-0006639,PO-2025-03935,1,MAT-01155,163,149.31,24337.53,DELIVERED
POL-0006640,PO-2025-03935,2,MAT-00427,225,8.13,1829.25,DELIVERED
POL-0006641,PO-2025-03935,3,MAT-00597,54,19.38,1046.52,DELIVERED
POL-0006642,PO-2025-03936,1,MAT-00144,219,32.34,7082.46,DELIVERED
POL-0006643,PO-2025-03937,1,MAT-00663,1169,22.62,26442.78,DELIVERED
POL-0006644,PO-2025-03937,2,MAT-00974,1742,11.91,20747.22,DELIVERED
POL-0006645,PO-2025-03938,1,MAT-00822,49,129.03,6322.47,PENDING
POL-0006646,PO-2025-03939,1,MAT-00782,1225,5.92,7252.0,DELIVERED
POL-0006647,PO-2025-03939,2,MAT-00906,379,28.07,10638.53,DELIVERED
POL-0006648,PO-2025-03939,3,MAT-00759,359,10.65,3823.35,DELIVERED
POL-0006649,PO-2025-03940,1,MAT-00108,2933,31.83,93357.39,DELIVERED
POL-0006650,PO-2025-03941,1,MAT-00778,89,21.4,1904.6,DELIVERED
POL-0006651,PO-2025-03941,2,MAT-00264,193,8.15,1572.95,DELIVERED
POL-0006652,PO-2025-03942,1,MAT-00272,71,5.47,388.37,IN_TRANSIT
POL-0006653,PO-2025-03943,1,MAT-00864,2463,168.91,416025.33,DELIVERED
POL-0006654,PO-2025-03944,1,MAT-00271,2345,130.15,305201.75,DELIVERED
POL-0006655,PO-2025-03944,2,MAT-01103,381,278.63,106158.03,DELIVERED
POL-0006656,PO-2025-03945,1,MAT-00569,38,3.19,121.22,DELIVERED
POL-0006657,PO-2025-03945,2,MAT-00916,261,38.32,10001.52,DELIVERED
POL-0006658,PO-2025-03946,1,MAT-00572,519,154.68,80278.92,DELIVERED
POL-0006659,PO-2025-03947,1,MAT-01119,4064,31.06,126227.84,DELIVERED
POL-0006660,PO-2025-03948,1,MAT-01062,481,1.48,711.88,DELIVERED
POL-0006661,PO-2025-03949,1,MAT-00251,4596,6.02,27667.92,DELIVERED
POL-0006662,PO-2025-03949,2,MAT-00585,859,29.99,25761.41,DELIVERED
POL-0006663,PO-2025-03950,1,MAT-00577,606,32.71,19822.26,DELIVERED
POL-0006664,PO-2025-03951,1,MAT-00283,73,150.43,10981.39,DELIVERED
POL-0006665,PO-2025-03951,2,MAT-00844,313,42.57,13324.41,DELIVERED
POL-0006666,PO-2025-03952,1,MAT-00685,72,6.91,497.52,DELIVERED
POL-0006667,PO-2025-03953,1,MAT-00113,99,30.06,2975.94,CANCELLED
POL-0006668,PO-2025-03953,2,MAT-00254,472,80.96,38213.12,CANCELLED
POL-0006669,PO-2025-03953,3,MAT-00782,1047,5.92,6198.24,CANCELLED
POL-0006670,PO-2025-03954,1,MAT-00490,112,74.01,8289.12,CANCELLED
POL-0006671,PO-2025-03954,2,MAT-00644,132,4.89,645.48,CANCELLED
POL-0006672,PO-2025-03954,3,MAT-00236,370,47.86,17708.2,CANCELLED
POL-0006673,PO-2025-03955,1,MAT-00039,193,6.02,1161.86,DELIVERED
POL-0006674,PO-2025-03956,1,MAT-00734,1748,3.9,6817.2,DELIVERED
POL-0006675,PO-2025-03956,2,MAT-00356,494,7.8,3853.2,DELIVERED
POL-0006676,PO-2025-03957,1,MAT-00807,1853,30.8,57072.4,DELIVERED
POL-0006677,PO-2025-03958,1,MAT-00808,1464,15.09,22091.76,DELIVERED
POL-0006678,PO-2025-03959,1,MAT-01063,196,91.29,17892.84,DELIVERED
POL-0006679,PO-2025-03959,2,MAT-01081,132,16.36,2159.52,DELIVERED
POL-0006680,PO-2025-03960,1,MAT-00827,4164,151.97,632803.08,DELIVERED
POL-0006681,PO-2025-03961,1,MAT-00245,104,7.12,740.48,OVERDUE
POL-0006682,PO-2025-03962,1,MAT-00266,652,6.1,3977.2,DELIVERED
POL-0006683,PO-2025-03962,2,MAT-00751,1059,9.47,10028.73,DELIVERED
POL-0006684,PO-2025-03963,1,MAT-00567,1288,2.78,3580.64,DELIVERED
POL-0006685,PO-2025-03964,1,MAT-00551,1799,30.92,55625.08,IN_TRANSIT
POL-0006686,PO-2025-03964,2,MAT-00589,35,64.45,2255.75,IN_TRANSIT
POL-0006687,PO-2025-03964,3,MAT-00224,1805,3.99,7201.95,IN_TRANSIT
POL-0006688,PO-2025-03964,4,MAT-00779,84,21.57,1811.88,IN_TRANSIT
POL-0006689,PO-2025-03965,1,MAT-01108,173,8.07,1396.11,DELIVERED
POL-0006690,PO-2025-03965,2,MAT-00522,116,48.45,5620.2,DELIVERED
POL-0006691,PO-2025-03965,3,MAT-00335,78,78.13,6094.14,DELIVERED
POL-0006692,PO-2025-03966,1,MAT-00049,1142,37.58,42916.36,DELIVERED
POL-0006693,PO-2025-03966,2,MAT-00592,176,16.09,2831.84,DELIVERED
POL-0006694,PO-2025-03966,3,MAT-00818,774,65.99,51076.26,DELIVERED
POL-0006695,PO-2025-03967,1,MAT-00858,4506,39.46,177806.76,OVERDUE
POL-0006696,PO-2025-03967,2,MAT-00386,678,31.26,21194.28,OVERDUE
POL-0006697,PO-2025-03968,1,MAT-00648,4811,24.06,115752.66,DELIVERED
POL-0006698,PO-2025-03969,1,MAT-00642,2103,172.68,363146.04,DELIVERED
POL-0006699,PO-2025-03970,1,MAT-00947,1060,4.51,4780.6,CANCELLED
POL-0006700,PO-2025-03971,1,MAT-00984,215,23.51,5054.65,DELIVERED
POL-0006701,PO-2025-03972,1,MAT-00893,50,78.98,3949.0,DELIVERED
POL-0006702,PO-2025-03972,2,MAT-00657,139,28.52,3964.28,DELIVERED
POL-0006703,PO-2025-03973,1,MAT-00775,119,47.0,5593.0,OVERDUE
POL-0006704,PO-2025-03973,2,MAT-01179,2182,8.13,17739.66,OVERDUE
POL-0006705,PO-2025-03974,1,MAT-00746,655,10.92,7152.6,DELIVERED
POL-0006706,PO-2025-03975,1,MAT-00629,88,27.55,2424.4,OVERDUE
POL-0006707,PO-2025-03975,2,MAT-00755,430,9.46,4067.8,OVERDUE
POL-0006708,PO-2025-03976,1,MAT-00435,61,141.89,8655.29,DELIVERED
POL-0006709,PO-2025-03976,2,MAT-00880,199,103.54,20604.46,DELIVERED
POL-0006710,PO-2025-03976,3,MAT-00262,427,25.33,10815.91,DELIVERED
POL-0006711,PO-2025-03977,1,MAT-00127,925,9.12,8436.0,DELIVERED
POL-0006712,PO-2025-03978,1,MAT-00893,85,78.98,6713.3,DELIVERED
POL-0006713,PO-2025-03979,1,MAT-01051,430,12.88,5538.4,OVERDUE
POL-0006714,PO-2025-03979,2,MAT-00435,58,141.89,8229.62,OVERDUE
POL-0006715,PO-2025-03980,1,MAT-00537,2719,10.62,28875.78,DELIVERED
POL-0006716,PO-2025-03980,2,MAT-01092,918,22.52,20673.36,DELIVERED
POL-0006717,PO-2025-03980,3,MAT-00866,105,16.43,1725.15,DELIVERED
POL-0006718,PO-2025-03980,4,MAT-00005,1493,21.07,31457.51,DELIVERED
POL-0006719,PO-2025-03981,1,MAT-01047,106,57.37,6081.22,DELIVERED
POL-0006720,PO-2025-03981,2,MAT-00932,2090,199.06,416035.4,DELIVERED
POL-0006721,PO-2025-03981,3,MAT-00150,49,32.61,1597.89,DELIVERED
POL-0006722,PO-2025-03981,4,MAT-00527,1024,4.28,4382.72,DELIVERED
POL-0006723,PO-2025-03982,1,MAT-00949,536,23.02,12338.72,DELIVERED
POL-0006724,PO-2025-03982,2,MAT-01098,113,2.97,335.61,DELIVERED
POL-0006725,PO-2025-03983,1,MAT-00284,565,6.4,3616.0,DELIVERED
POL-0006726,PO-2025-03983,2,MAT-00552,1335,23.06,30785.1,DELIVERED
POL-0006727,PO-2025-03984,1,MAT-00720,3647,25.65,93545.55,DELIVERED
POL-0006728,PO-2025-03984,2,MAT-00883,1434,15.57,22327.38,DELIVERED
POL-0006729,PO-2025-03985,1,MAT-00715,48,26.1,1252.8,DELIVERED
POL-0006730,PO-2025-03986,1,MAT-00003,55,54.31,2987.05,DELIVERED
POL-0006731,PO-2025-03987,1,MAT-00513,201,20.25,4070.25,DELIVERED
POL-0006732,PO-2025-03987,2,MAT-00035,124,67.89,8418.36,DELIVERED
POL-0006733,PO-2025-03988,1,MAT-00338,119,17.48,2080.12,DELIVERED
POL-0006734,PO-2025-03988,2,MAT-00968,3240,192.33,623149.2,DELIVERED
POL-0006735,PO-2025-03988,3,MAT-00498,265,20.15,5339.75,DELIVERED
POL-0006736,PO-2025-03989,1,MAT-00701,2086,13.66,28494.76,DELIVERED
POL-0006737,PO-2025-03990,1,MAT-00429,4574,85.43,390756.82,OVERDUE
POL-0006738,PO-2025-03991,1,MAT-00747,63,32.16,2026.08,OVERDUE
POL-0006739,PO-2025-03991,2,MAT-00303,227,53.96,12248.92,OVERDUE
POL-0006740,PO-2025-03992,1,MAT-00618,117,53.82,6296.94,DELIVERED
POL-0006741,PO-2025-03993,1,MAT-01119,4091,31.06,127066.46,DELIVERED
POL-0006742,PO-2025-03993,2,MAT-00426,321,122.87,39441.27,DELIVERED
POL-0006743,PO-2025-03994,1,MAT-01185,120,9.35,1122.0,CANCELLED
POL-0006744,PO-2025-03995,1,MAT-00912,4421,30.69,135680.49,DELIVERED
POL-0006745,PO-2025-03996,1,MAT-01159,3038,76.87,233531.06,DELIVERED
POL-0006746,PO-2025-03996,2,MAT-00913,307,35.57,10919.99,DELIVERED
POL-0006747,PO-2025-03996,3,MAT-00025,1864,13.45,25070.8,DELIVERED
POL-0006748,PO-2025-03997,1,MAT-00146,406,66.13,26848.78,DELIVERED
POL-0006749,PO-2025-03997,2,MAT-01071,108,25.22,2723.76,DELIVERED
POL-0006750,PO-2025-03998,1,MAT-00037,919,29.49,27101.31,DELIVERED
POL-0006751,PO-2025-03999,1,MAT-00773,697,48.74,33971.78,OVERDUE
POL-0006752,PO-2025-03999,2,MAT-01095,422,56.28,23750.16,OVERDUE
POL-0006753,PO-2025-03999,3,MAT-01040,139,86.86,12073.54,OVERDUE
POL-0006754,PO-2025-04000,1,MAT-01066,1120,8.04,9004.8,DELIVERED
POL-0006755,PO-2025-04000,2,MAT-00271,569,130.15,74055.35,DELIVERED
POL-0006756,PO-2025-04001,1,MAT-00700,835,22.01,18378.35,DELIVERED
POL-0006757,PO-2025-04001,2,MAT-00097,4546,38.03,172884.38,DELIVERED
POL-0006758,PO-2025-04002,1,MAT-00589,116,64.45,7476.2,DELIVERED
POL-0006759,PO-2025-04002,2,MAT-00515,1460,14.31,20892.6,DELIVERED
POL-0006760,PO-2025-04002,3,MAT-01014,1760,12.66,22281.6,DELIVERED
POL-0006761,PO-2025-04003,1,MAT-00344,2149,16.09,34577.41,DELIVERED
POL-0006762,PO-2025-04003,2,MAT-00551,526,30.92,16263.92,DELIVERED
POL-0006763,PO-2025-04004,1,MAT-00979,3165,4.59,14527.35,DELIVERED
POL-0006764,PO-2025-04005,1,MAT-00001,201,43.14,8671.14,PENDING
POL-0006765,PO-2025-04006,1,MAT-00815,1288,84.5,108836.0,DELIVERED
POL-0006766,PO-2025-04006,2,MAT-00809,1736,102.9,178634.4,DELIVERED
POL-0006767,PO-2025-04006,3,MAT-00518,1177,8.68,10216.36,DELIVERED
POL-0006768,PO-2025-04006,4,MAT-00888,66,16.51,1089.66,DELIVERED
POL-0006769,PO-2025-04007,1,MAT-00804,55,14.02,771.1,DELIVERED
POL-0006770,PO-2025-04008,1,MAT-01174,246,23.68,5825.28,DELIVERED
POL-0006771,PO-2025-04009,1,MAT-00052,2023,15.67,31700.41,CANCELLED
POL-0006772,PO-2025-04009,2,MAT-00395,522,88.52,46207.44,CANCELLED
POL-0006773,PO-2025-04009,3,MAT-00011,650,15.09,9808.5,CANCELLED
POL-0006774,PO-2025-04010,1,MAT-00792,495,30.47,15082.65,DELIVERED
POL-0006775,PO-2025-04011,1,MAT-00096,2532,5.63,14255.16,DELIVERED
POL-0006776,PO-2025-04011,2,MAT-00774,3845,76.97,295949.65,DELIVERED
POL-0006777,PO-2025-04011,3,MAT-00549,1843,41.83,77092.69,DELIVERED
POL-0006778,PO-2025-04012,1,MAT-00078,1107,19.35,21420.45,DELIVERED
POL-0006779,PO-2025-04013,1,MAT-00482,110,8.65,951.5,DELIVERED
POL-0006780,PO-2025-04014,1,MAT-00616,1448,30.43,44062.64,PENDING
POL-0006781,PO-2025-04014,2,MAT-00079,63,28.28,1781.64,PENDING
POL-0006782,PO-2025-04014,3,MAT-00806,622,17.82,11084.04,PENDING
POL-0006783,PO-2025-04014,4,MAT-00931,1209,13.9,16805.1,PENDING
POL-0006784,PO-2025-04015,1,MAT-00486,165,5.73,945.45,DELIVERED
POL-0006785,PO-2025-04015,2,MAT-00524,372,51.02,18979.44,DELIVERED
POL-0006786,PO-2025-04015,3,MAT-00242,28,20.76,581.28,DELIVERED
POL-0006787,PO-2025-04016,1,MAT-00941,348,6.32,2199.36,DELIVERED
POL-0006788,PO-2025-04017,1,MAT-01092,706,22.52,15899.12,IN_TRANSIT
POL-0006789,PO-2025-04017,2,MAT-00707,101,6.54,660.54,IN_TRANSIT
POL-0006790,PO-2025-04018,1,MAT-00556,2481,16.6,41184.6,DELIVERED
POL-0006791,PO-2025-04019,1,MAT-00747,47,32.16,1511.52,OVERDUE
POL-0006792,PO-2025-04019,2,MAT-00945,448,179.18,80272.64,OVERDUE
POL-0006793,PO-2025-04019,3,MAT-00656,3532,28.04,99037.28,OVERDUE
POL-0006794,PO-2025-04020,1,MAT-00573,1666,37.85,63058.1,DELIVERED
POL-0006795,PO-2025-04021,1,MAT-01196,4412,44.16,194833.92,DELIVERED
POL-0006796,PO-2025-04022,1,MAT-00645,788,20.52,16169.76,PENDING
POL-0006797,PO-2025-04022,2,MAT-00592,113,16.09,1818.17,PENDING
POL-0006798,PO-2025-04023,1,MAT-00439,54,3.81,205.74,PENDING
POL-0006799,PO-2025-04023,2,MAT-01116,424,35.7,15136.8,PENDING
POL-0006800,PO-2025-04023,3,MAT-00949,2197,23.02,50574.94,PENDING
POL-0006801,PO-2025-04024,1,MAT-00005,1199,21.07,25262.93,DELIVERED
POL-0006802,PO-2025-04024,2,MAT-00537,2786,10.62,29587.32,DELIVERED
POL-0006803,PO-2025-04025,1,MAT-00415,67,37.24,2495.08,DELIVERED
POL-0006804,PO-2025-04026,1,MAT-01084,213,229.9,48968.7,DELIVERED
POL-0006805,PO-2025-04027,1,MAT-00415,41,37.24,1526.84,DELIVERED
POL-0006806,PO-2025-04028,1,MAT-00973,1115,62.65,69854.75,CANCELLED
POL-0006807,PO-2025-04028,2,MAT-01115,2033,32.28,65625.24,CANCELLED
POL-0006808,PO-2025-04029,1,MAT-00109,192,33.39,6410.88,DELIVERED
POL-0006809,PO-2025-04029,2,MAT-00162,142,66.09,9384.78,DELIVERED
POL-0006810,PO-2025-04030,1,MAT-00753,225,8.73,1964.25,PENDING
POL-0006811,PO-2025-04031,1,MAT-00124,411,5.16,2120.76,IN_TRANSIT
POL-0006812,PO-2025-04031,2,MAT-00991,37,35.34,1307.58,IN_TRANSIT
POL-0006813,PO-2025-04032,1,MAT-00205,355,5.44,1931.2,DELIVERED
POL-0006814,PO-2025-04033,1,MAT-01157,1224,11.78,14418.72,CANCELLED
POL-0006815,PO-2025-04033,2,MAT-00753,75,8.73,654.75,CANCELLED
POL-0006816,PO-2025-04033,3,MAT-00684,1608,47.87,76974.96,CANCELLED
POL-0006817,PO-2025-04034,1,MAT-00857,645,11.28,7275.6,DELIVERED
POL-0006818,PO-2025-04035,1,MAT-00926,273,4.52,1233.96,DELIVERED
POL-0006819,PO-2025-04036,1,MAT-00859,599,13.93,8344.07,DELIVERED
POL-0006820,PO-2025-04036,2,MAT-00637,135,58.6,7911.0,DELIVERED
POL-0006821,PO-2025-04036,3,MAT-01166,2342,347.29,813353.18,DELIVERED
POL-0006822,PO-2025-04037,1,MAT-00956,138,82.45,11378.1,DELIVERED
POL-0006823,PO-2025-04038,1,MAT-00778,107,21.4,2289.8,DELIVERED
POL-0006824,PO-2025-04039,1,MAT-00766,47,11.4,535.8,DELIVERED
POL-0006825,PO-2025-04040,1,MAT-00330,206,46.68,9616.08,DELIVERED
POL-0006826,PO-2025-04041,1,MAT-00035,418,67.89,28378.02,IN_TRANSIT
POL-0006827,PO-2025-04041,2,MAT-00158,601,40.12,24112.12,IN_TRANSIT
POL-0006828,PO-2025-04042,1,MAT-00200,2227,7.7,17147.9,DELIVERED
POL-0006829,PO-2025-04043,1,MAT-01007,952,70.22,66849.44,DELIVERED
POL-0006830,PO-2025-04044,1,MAT-00741,204,3.4,693.6,DELIVERED
POL-0006831,PO-2025-04044,2,MAT-00188,1287,25.07,32265.09,DELIVERED
POL-0006832,PO-2025-04045,1,MAT-01188,151,20.71,3127.21,DELIVERED
POL-0006833,PO-2025-04045,2,MAT-00658,969,24.03,23285.07,DELIVERED
POL-0006834,PO-2025-04046,1,MAT-00837,104,154.21,16037.84,PENDING
POL-0006835,PO-2025-04046,2,MAT-00396,553,14.6,8073.8,PENDING
POL-0006836,PO-2025-04047,1,MAT-01180,930,7.26,6751.8,CANCELLED
POL-0006837,PO-2025-04047,2,MAT-00410,524,46.71,24476.04,CANCELLED
POL-0006838,PO-2025-04048,1,MAT-01163,311,6.11,1900.21,DELIVERED
POL-0006839,PO-2025-04049,1,MAT-01070,4863,34.39,167238.57,DELIVERED
POL-0006840,PO-2025-04049,2,MAT-00510,213,9.74,2074.62,DELIVERED
POL-0006841,PO-2025-04049,3,MAT-00297,1089,70.09,76328.01,DELIVERED
POL-0006842,PO-2025-04050,1,MAT-00534,210,6.61,1388.1,DELIVERED
POL-0006843,PO-2025-04051,1,MAT-01006,149,41.45,6176.05,DELIVERED
POL-0006844,PO-2025-04052,1,MAT-00268,2207,4.89,10792.23,DELIVERED
POL-0006845,PO-2025-04053,1,MAT-00990,67,26.97,1806.99,DELIVERED
POL-0006846,PO-2025-04054,1,MAT-00346,161,34.05,5482.05,DELIVERED
POL-0006847,PO-2025-04055,1,MAT-00287,222,21.7,4817.4,OVERDUE
POL-0006848,PO-2025-04056,1,MAT-00384,436,13.47,5872.92,DELIVERED
POL-0006849,PO-2025-04056,2,MAT-00953,257,6.61,1698.77,DELIVERED
POL-0006850,PO-2025-04057,1,MAT-00825,174,14.59,2538.66,DELIVERED
POL-0006851,PO-2025-04057,2,MAT-00517,204,40.81,8325.24,DELIVERED
POL-0006852,PO-2025-04058,1,MAT-00958,1516,41.38,62732.08,DELIVERED
POL-0006853,PO-2025-04058,2,MAT-00822,109,129.03,14064.27,DELIVERED
POL-0006854,PO-2025-04058,3,MAT-00822,76,129.03,9806.28,DELIVERED
POL-0006855,PO-2025-04059,1,MAT-00679,63,77.08,4856.04,IN_TRANSIT
POL-0006856,PO-2025-04059,2,MAT-00760,32,54.98,1759.36,IN_TRANSIT
POL-0006857,PO-2025-04060,1,MAT-00214,321,50.56,16229.76,DELIVERED
POL-0006858,PO-2025-04061,1,MAT-00672,115,2.47,284.05,DELIVERED
POL-0006859,PO-2025-04061,2,MAT-00048,241,78.45,18906.45,DELIVERED
POL-0006860,PO-2025-04062,1,MAT-00901,1469,40.61,59656.09,DELIVERED
POL-0006861,PO-2025-04062,2,MAT-00860,562,55.59,31241.58,DELIVERED
POL-0006862,PO-2025-04062,3,MAT-00942,3070,69.64,213794.8,DELIVERED
POL-0006863,PO-2025-04062,4,MAT-00236,190,47.86,9093.4,DELIVERED
POL-0006864,PO-2025-04063,1,MAT-00512,157,22.65,3556.05,DELIVERED
POL-0006865,PO-2025-04064,1,MAT-00482,88,8.65,761.2,DELIVERED
POL-0006866,PO-2025-04065,1,MAT-00262,421,25.33,10663.93,DELIVERED
POL-0006867,PO-2025-04065,2,MAT-01109,78,12.76,995.28,DELIVERED
POL-0006868,PO-2025-04065,3,MAT-00793,2245,31.91,71637.95,DELIVERED
POL-0006869,PO-2025-04066,1,MAT-00388,95,187.97,17857.15,DELIVERED
POL-0006870,PO-2025-04067,1,MAT-00723,70,5.49,384.3,DELIVERED
POL-0006871,PO-2025-04068,1,MAT-01186,410,76.1,31201.0,DELIVERED
POL-0006872,PO-2025-04069,1,MAT-00456,360,10.4,3744.0,DELIVERED
POL-0006873,PO-2025-04070,1,MAT-00642,516,172.68,89102.88,DELIVERED
POL-0006874,PO-2025-04070,2,MAT-00203,153,91.24,13959.72,DELIVERED
POL-0006875,PO-2025-04070,3,MAT-00973,323,62.65,20235.95,DELIVERED
POL-0006876,PO-2025-04071,1,MAT-00907,3007,6.14,18462.98,OVERDUE
POL-0006877,PO-2025-04072,1,MAT-00693,2803,7.3,20461.9,DELIVERED
POL-0006878,PO-2025-04073,1,MAT-00556,3628,16.6,60224.8,DELIVERED
POL-0006879,PO-2025-04074,1,MAT-00059,589,39.01,22976.89,IN_TRANSIT
POL-0006880,PO-2025-04074,2,MAT-00825,102,14.59,1488.18,IN_TRANSIT
POL-0006881,PO-2025-04075,1,MAT-00199,161,26.32,4237.52,DELIVERED
POL-0006882,PO-2025-04076,1,MAT-01158,214,318.69,68199.66,DELIVERED
POL-0006883,PO-2025-04077,1,MAT-00654,1952,7.32,14288.64,DELIVERED
POL-0006884,PO-2025-04077,2,MAT-00789,570,25.4,14478.0,DELIVERED
POL-0006885,PO-2025-04077,3,MAT-00366,124,16.01,1985.24,DELIVERED
POL-0006886,PO-2025-04078,1,MAT-00090,367,43.84,16089.28,DELIVERED
POL-0006887,PO-2025-04079,1,MAT-00247,2328,15.77,36712.56,DELIVERED
POL-0006888,PO-2025-04080,1,MAT-00400,309,96.78,29905.02,DELIVERED
POL-0006889,PO-2025-04081,1,MAT-00982,1762,37.26,65652.12,DELIVERED
POL-0006890,PO-2025-04081,2,MAT-00931,320,13.9,4448.0,DELIVERED
POL-0006891,PO-2025-04082,1,MAT-01111,832,19.73,16415.36,DELIVERED
POL-0006892,PO-2025-04083,1,MAT-00958,1276,41.38,52800.88,DELIVERED
POL-0006893,PO-2025-04084,1,MAT-00139,114,59.59,6793.26,DELIVERED
POL-0006894,PO-2025-04084,2,MAT-00931,983,13.9,13663.7,DELIVERED
POL-0006895,PO-2025-04085,1,MAT-00342,232,36.28,8416.96,DELIVERED
POL-0006896,PO-2025-04086,1,MAT-00487,161,12.04,1938.44,DELIVERED
POL-0006897,PO-2025-04087,1,MAT-01108,67,8.07,540.69,DELIVERED
POL-0006898,PO-2025-04088,1,MAT-00289,1508,38.15,57530.2,DELIVERED
POL-0006899,PO-2025-04088,2,MAT-00933,4380,5.69,24922.2,DELIVERED
POL-0006900,PO-2025-04088,3,MAT-00305,456,25.36,11564.16,DELIVERED
POL-0006901,PO-2025-04089,1,MAT-00453,426,9.49,4042.74,DELIVERED
POL-0006902,PO-2025-04089,2,MAT-00200,4549,7.7,35027.3,DELIVERED
POL-0006903,PO-2025-04090,1,MAT-00168,147,189.97,27925.59,DELIVERED
POL-0006904,PO-2025-04090,2,MAT-00426,268,122.87,32929.16,DELIVERED
POL-0006905,PO-2025-04090,3,MAT-00307,1674,95.19,159348.06,DELIVERED
POL-0006906,PO-2025-04091,1,MAT-00177,110,25.39,2792.9,CANCELLED
POL-0006907,PO-2025-04091,2,MAT-00610,1257,123.85,155679.45,CANCELLED
POL-0006908,PO-2025-04091,3,MAT-00959,163,47.22,7696.86,CANCELLED
POL-0006909,PO-2025-04092,1,MAT-00322,758,53.98,40916.84,DELIVERED
POL-0006910,PO-2025-04092,2,MAT-00197,209,10.51,2196.59,DELIVERED
POL-0006911,PO-2025-04093,1,MAT-00540,741,14.25,10559.25,DELIVERED
POL-0006912,PO-2025-04093,2,MAT-00332,3053,10.17,31049.01,DELIVERED
POL-0006913,PO-2025-04094,1,MAT-00691,436,16.58,7228.88,DELIVERED
POL-0006914,PO-2025-04095,1,MAT-01181,1533,29.63,45422.79,DELIVERED
POL-0006915,PO-2025-04095,2,MAT-00815,2386,84.5,201617.0,DELIVERED
POL-0006916,PO-2025-04095,3,MAT-01107,4361,48.98,213601.78,DELIVERED
POL-0006917,PO-2025-04096,1,MAT-01011,1824,116.18,211912.32,DELIVERED
POL-0006918,PO-2025-04096,2,MAT-00729,70,15.56,1089.2,DELIVERED
POL-0006919,PO-2025-04097,1,MAT-00043,2025,24.39,49389.75,DELIVERED
POL-0006920,PO-2025-04098,1,MAT-00660,866,21.91,18974.06,DELIVERED
POL-0006921,PO-2025-04098,2,MAT-00677,59,7.13,420.67,DELIVERED
POL-0006922,PO-2025-04099,1,MAT-00766,67,11.4,763.8,DELIVERED
POL-0006923,PO-2025-04100,1,MAT-00028,36,35.36,1272.96,DELIVERED
POL-0006924,PO-2025-04100,2,MAT-00433,252,18.12,4566.24,DELIVERED
POL-0006925,PO-2025-04101,1,MAT-00313,186,63.5,11811.0,DELIVERED
POL-0006926,PO-2025-04101,2,MAT-00991,92,35.34,3251.28,DELIVERED
POL-0006927,PO-2025-04102,1,MAT-00010,257,46.25,11886.25,DELIVERED
POL-0006928,PO-2025-04102,2,MAT-00919,115,16.1,1851.5,DELIVERED
POL-0006929,PO-2025-04103,1,MAT-00632,105,130.83,13737.15,DELIVERED
POL-0006930,PO-2025-04103,2,MAT-00969,1878,25.85,48546.3,DELIVERED
POL-0006931,PO-2025-04103,3,MAT-00327,217,96.4,20918.8,DELIVERED
POL-0006932,PO-2025-04104,1,MAT-01091,4810,24.48,117748.8,DELIVERED
POL-0006933,PO-2025-04105,1,MAT-00112,341,25.98,8859.18,DELIVERED
POL-0006934,PO-2025-04105,2,MAT-00194,2217,6.96,15430.32,DELIVERED
POL-0006935,PO-2025-04106,1,MAT-00117,111,23.25,2580.75,DELIVERED
POL-0006936,PO-2025-04106,2,MAT-00165,75,69.19,5189.25,DELIVERED
POL-0006937,PO-2025-04107,1,MAT-00541,530,67.19,35610.7,DELIVERED
POL-0006938,PO-2025-04108,1,MAT-01155,410,149.31,61217.1,DELIVERED
POL-0006939,PO-2025-04109,1,MAT-00887,60,48.82,2929.2,DELIVERED
POL-0006940,PO-2025-04109,2,MAT-00732,238,8.69,2068.22,DELIVERED
POL-0006941,PO-2025-04109,3,MAT-00680,3035,111.31,337825.85,DELIVERED
POL-0006942,PO-2025-04109,4,MAT-01142,2295,119.95,275285.25,DELIVERED
POL-0006943,PO-2025-04110,1,MAT-00787,253,67.61,17105.33,DELIVERED
POL-0006944,PO-2025-04111,1,MAT-01026,2239,41.81,93612.59,PENDING
POL-0006945,PO-2025-04111,2,MAT-01045,72,22.55,1623.6,PENDING
POL-0006946,PO-2025-04112,1,MAT-00460,204,6.99,1425.96,DELIVERED
POL-0006947,PO-2025-04113,1,MAT-00543,75,42.16,3162.0,DELIVERED
POL-0006948,PO-2025-04114,1,MAT-00280,4273,17.99,76871.27,DELIVERED
POL-0006949,PO-2025-04115,1,MAT-00638,46,26.74,1230.04,DELIVERED
POL-0006950,PO-2025-04115,2,MAT-00402,732,14.37,10518.84,DELIVERED
POL-0006951,PO-2025-04116,1,MAT-00876,84,179.11,15045.24,DELIVERED
POL-0006952,PO-2025-04117,1,MAT-00248,1733,12.46,21593.18,DELIVERED
POL-0006953,PO-2025-04118,1,MAT-00668,1412,137.32,193895.84,DELIVERED
POL-0006954,PO-2025-04119,1,MAT-00392,864,47.29,40858.56,DELIVERED
POL-0006955,PO-2025-04119,2,MAT-00947,968,4.51,4365.68,DELIVERED
POL-0006956,PO-2025-04120,1,MAT-00166,1894,42.74,80949.56,DELIVERED
POL-0006957,PO-2025-04121,1,MAT-00944,795,20.93,16639.35,DELIVERED
POL-0006958,PO-2025-04121,2,MAT-00006,4464,20.44,91244.16,DELIVERED
POL-0006959,PO-2025-04121,3,MAT-01065,1163,18.9,21980.7,DELIVERED
POL-0006960,PO-2025-04122,1,MAT-00318,2662,17.1,45520.2,CANCELLED
POL-0006961,PO-2025-04123,1,MAT-00556,3543,16.6,58813.8,CANCELLED
POL-0006962,PO-2025-04124,1,MAT-00983,256,9.13,2337.28,DELIVERED
POL-0006963,PO-2025-04125,1,MAT-00186,2265,52.98,119999.7,DELIVERED
POL-0006964,PO-2025-04125,2,MAT-00115,1579,22.51,35543.29,DELIVERED
POL-0006965,PO-2025-04125,3,MAT-00388,33,187.97,6203.01,DELIVERED
POL-0006966,PO-2025-04125,4,MAT-00849,353,13.15,4641.95,DELIVERED
POL-0006967,PO-2025-04126,1,MAT-00333,890,26.94,23976.6,DELIVERED
POL-0006968,PO-2025-04126,2,MAT-00057,4438,9.87,43803.06,DELIVERED
POL-0006969,PO-2025-04127,1,MAT-00397,539,3.9,2102.1,PENDING
POL-0006970,PO-2025-04127,2,MAT-00653,946,18.07,17094.22,PENDING
POL-0006971,PO-2025-04127,3,MAT-01004,549,11.94,6555.06,PENDING
POL-0006972,PO-2025-04127,4,MAT-00287,231,21.7,5012.7,PENDING
POL-0006973,PO-2025-04128,1,MAT-01089,121,17.94,2170.74,DELIVERED
POL-0006974,PO-2025-04129,1,MAT-00905,688,31.39,21596.32,DELIVERED
POL-0006975,PO-2025-04129,2,MAT-00350,133,22.16,2947.28,DELIVERED
POL-0006976,PO-2025-04129,3,MAT-00186,1908,52.98,101085.84,DELIVERED
POL-0006977,PO-2025-04130,1,MAT-01016,77,34.28,2639.56,OVERDUE
POL-0006978,PO-2025-04131,1,MAT-00496,1014,44.28,44899.92,DELIVERED
POL-0006979,PO-2025-04131,2,MAT-00536,1155,25.16,29059.8,DELIVERED
POL-0006980,PO-2025-04132,1,MAT-00354,611,23.19,14169.09,DELIVERED
POL-0006981,PO-2025-04132,2,MAT-00371,53,26.71,1415.63,DELIVERED
POL-0006982,PO-2025-04133,1,MAT-00654,4975,7.32,36417.0,OVERDUE
POL-0006983,PO-2025-04133,2,MAT-00953,207,6.61,1368.27,OVERDUE
POL-0006984,PO-2025-04134,1,MAT-00426,375,122.87,46076.25,OVERDUE
POL-0006985,PO-2025-04135,1,MAT-00844,455,42.57,19369.35,DELIVERED
POL-0006986,PO-2025-04136,1,MAT-00952,29,38.65,1120.85,DELIVERED
POL-0006987,PO-2025-04136,2,MAT-00779,50,21.57,1078.5,DELIVERED
POL-0006988,PO-2025-04137,1,MAT-00993,1830,21.06,38539.8,DELIVERED
POL-0006989,PO-2025-04138,1,MAT-00851,199,14.09,2803.91,DELIVERED
POL-0006990,PO-2025-04138,2,MAT-00427,99,8.13,804.87,DELIVERED
POL-0006991,PO-2025-04138,3,MAT-00751,648,9.47,6136.56,DELIVERED
POL-0006992,PO-2025-04138,4,MAT-00152,384,40.97,15732.48,DELIVERED
POL-0006993,PO-2025-04139,1,MAT-00368,1378,26.65,36723.7,DELIVERED
POL-0006994,PO-2025-04140,1,MAT-00181,441,49.25,21719.25,IN_TRANSIT
POL-0006995,PO-2025-04140,2,MAT-00196,724,35.98,26049.52,IN_TRANSIT
POL-0006996,PO-2025-04140,3,MAT-00406,91,55.54,5054.14,IN_TRANSIT
POL-0006997,PO-2025-04141,1,MAT-01040,181,86.86,15721.66,DELIVERED
POL-0006998,PO-2025-04141,2,MAT-01098,61,2.97,181.17,DELIVERED
POL-0006999,PO-2025-04142,1,MAT-00796,1167,75.17,87723.39,DELIVERED
POL-0007000,PO-2025-04142,2,MAT-00964,161,57.29,9223.69,DELIVERED
POL-0007001,PO-2025-04142,3,MAT-00346,202,34.05,6878.1,DELIVERED
POL-0007002,PO-2025-04142,4,MAT-00655,2355,457.75,1078001.25,DELIVERED
POL-0007003,PO-2025-04143,1,MAT-00738,242,77.11,18660.62,DELIVERED
POL-0007004,PO-2025-04143,2,MAT-00463,86,12.08,1038.88,DELIVERED
POL-0007005,PO-2025-04143,3,MAT-00009,1032,16.69,17224.08,DELIVERED
POL-0007006,PO-2025-04144,1,MAT-01088,89,33.16,2951.24,DELIVERED
POL-0007007,PO-2025-04144,2,MAT-00106,151,42.34,6393.34,DELIVERED
POL-0007008,PO-2025-04145,1,MAT-00074,2485,148.95,370140.75,DELIVERED
POL-0007009,PO-2025-04145,2,MAT-00462,46,25.14,1156.44,DELIVERED
POL-0007010,PO-2025-04145,3,MAT-00750,240,5.8,1392.0,DELIVERED
POL-0007011,PO-2025-04146,1,MAT-00823,4080,336.33,1372226.4,DELIVERED
POL-0007012,PO-2025-04147,1,MAT-01140,54,60.83,3284.82,DELIVERED
POL-0007013,PO-2025-04147,2,MAT-00798,82,51.28,4204.96,DELIVERED
POL-0007014,PO-2025-04148,1,MAT-00087,241,65.37,15754.17,DELIVERED
POL-0007015,PO-2025-04149,1,MAT-00415,37,37.24,1377.88,DELIVERED
POL-0007016,PO-2025-04149,2,MAT-00796,501,75.17,37660.17,DELIVERED
POL-0007017,PO-2025-04150,1,MAT-00592,124,16.09,1995.16,DELIVERED
POL-0007018,PO-2025-04150,2,MAT-00211,1409,45.23,63729.07,DELIVERED
POL-0007019,PO-2025-04150,3,MAT-00645,265,20.52,5437.8,DELIVERED
POL-0007020,PO-2025-04151,1,MAT-00845,765,33.47,25604.55,PENDING
POL-0007021,PO-2025-04151,2,MAT-00080,179,2.95,528.05,PENDING
POL-0007022,PO-2025-04152,1,MAT-00662,3850,15.18,58443.0,OVERDUE
POL-0007023,PO-2025-04152,2,MAT-00336,903,20.44,18457.32,OVERDUE
POL-0007024,PO-2025-04153,1,MAT-00593,649,45.4,29464.6,DELIVERED
POL-0007025,PO-2025-04154,1,MAT-00132,719,29.72,21368.68,DELIVERED
POL-0007026,PO-2025-04154,2,MAT-00207,197,42.19,8311.43,DELIVERED
POL-0007027,PO-2025-04154,3,MAT-00505,63,13.36,841.68,DELIVERED
POL-0007028,PO-2025-04155,1,MAT-00496,340,44.28,15055.2,DELIVERED
POL-0007029,PO-2025-04155,2,MAT-00617,246,28.11,6915.06,DELIVERED
POL-0007030,PO-2025-04156,1,MAT-00302,106,12.84,1361.04,DELIVERED
POL-0007031,PO-2025-04157,1,MAT-00443,2332,2.45,5713.4,IN_TRANSIT
POL-0007032,PO-2025-04157,2,MAT-00248,1039,12.46,12945.94,IN_TRANSIT
POL-0007033,PO-2025-04158,1,MAT-00270,98,31.02,3039.96,DELIVERED
POL-0007034,PO-2025-04159,1,MAT-00320,376,22.51,8463.76,DELIVERED
POL-0007035,PO-2025-04160,1,MAT-00115,1552,22.51,34935.52,DELIVERED
POL-0007036,PO-2025-04161,1,MAT-00351,890,37.0,32930.0,DELIVERED
POL-0007037,PO-2025-04162,1,MAT-01001,1008,112.37,113268.96,IN_TRANSIT
POL-0007038,PO-2025-04163,1,MAT-00661,66,12.91,852.06,DELIVERED
POL-0007039,PO-2025-04164,1,MAT-00575,1049,58.55,61418.95,PENDING
POL-0007040,PO-2025-04164,2,MAT-00586,306,33.81,10345.86,PENDING
POL-0007041,PO-2025-04165,1,MAT-01101,62,80.68,5002.16,DELIVERED
POL-0007042,PO-2025-04166,1,MAT-00564,142,17.34,2462.28,PENDING
POL-0007043,PO-2025-04167,1,MAT-00111,1218,3.07,3739.26,OVERDUE
POL-0007044,PO-2025-04168,1,MAT-00994,1439,13.17,18951.63,DELIVERED
POL-0007045,PO-2025-04169,1,MAT-00336,2061,20.44,42126.84,DELIVERED
POL-0007046,PO-2025-04169,2,MAT-00880,87,103.54,9007.98,DELIVERED
POL-0007047,PO-2025-04169,3,MAT-00299,541,60.43,32692.63,DELIVERED
POL-0007048,PO-2025-04170,1,MAT-01117,195,341.91,66672.45,OVERDUE
POL-0007049,PO-2025-04171,1,MAT-00374,52,70.9,3686.8,CANCELLED
POL-0007050,PO-2025-04172,1,MAT-00341,1560,10.09,15740.4,DELIVERED
POL-0007051,PO-2025-04173,1,MAT-00457,2301,22.22,51128.22,DELIVERED
POL-0007052,PO-2025-04173,2,MAT-00335,46,78.13,3593.98,DELIVERED
POL-0007053,PO-2025-04173,3,MAT-00058,1269,18.55,23539.95,DELIVERED
POL-0007054,PO-2025-04174,1,MAT-00994,584,13.17,7691.28,OVERDUE
POL-0007055,PO-2025-04174,2,MAT-00197,499,10.51,5244.49,OVERDUE
POL-0007056,PO-2025-04174,3,MAT-00613,1297,36.77,47690.69,OVERDUE
POL-0007057,PO-2025-04175,1,MAT-00638,50,26.74,1337.0,DELIVERED
POL-0007058,PO-2025-04175,2,MAT-00758,637,29.62,18867.94,DELIVERED
POL-0007059,PO-2025-04175,3,MAT-00054,772,49.45,38175.4,DELIVERED
POL-0007060,PO-2025-04175,4,MAT-01162,941,295.71,278263.11,DELIVERED
POL-0007061,PO-2025-04176,1,MAT-00465,377,22.89,8629.53,DELIVERED
POL-0007062,PO-2025-04176,2,MAT-00388,44,187.97,8270.68,DELIVERED
POL-0007063,PO-2025-04176,3,MAT-00941,211,6.32,1333.52,DELIVERED
POL-0007064,PO-2025-04177,1,MAT-00722,226,4.1,926.6,DELIVERED
POL-0007065,PO-2025-04177,2,MAT-00480,91,96.46,8777.86,DELIVERED
POL-0007066,PO-2025-04177,3,MAT-01070,2787,34.39,95844.93,DELIVERED
POL-0007067,PO-2025-04178,1,MAT-01193,859,13.05,11209.95,DELIVERED
POL-0007068,PO-2025-04178,2,MAT-00698,49,6.02,294.98,DELIVERED
POL-0007069,PO-2025-04178,3,MAT-00067,165,23.77,3922.05,DELIVERED
POL-0007070,PO-2025-04179,1,MAT-00549,3035,41.83,126954.05,DELIVERED
POL-0007071,PO-2025-04180,1,MAT-00380,189,10.13,1914.57,DELIVERED
POL-0007072,PO-2025-04181,1,MAT-00392,1123,47.29,53106.67,DELIVERED
POL-0007073,PO-2025-04181,2,MAT-00144,161,32.34,5206.74,DELIVERED
POL-0007074,PO-2025-04182,1,MAT-00622,107,39.47,4223.29,IN_TRANSIT
POL-0007075,PO-2025-04182,2,MAT-00717,83,30.37,2520.71,IN_TRANSIT
POL-0007076,PO-2025-04183,1,MAT-00201,2523,37.48,94562.04,DELIVERED
POL-0007077,PO-2025-04183,2,MAT-00744,29,24.53,711.37,DELIVERED
POL-0007078,PO-2025-04183,3,MAT-00781,1642,29.37,48225.54,DELIVERED
POL-0007079,PO-2025-04183,4,MAT-00286,2832,3.27,9260.64,DELIVERED
POL-0007080,PO-2025-04184,1,MAT-00002,247,21.88,5404.36,DELIVERED
POL-0007081,PO-2025-04184,2,MAT-00542,1142,7.41,8462.22,DELIVERED
POL-0007082,PO-2025-04185,1,MAT-00212,242,92.6,22409.2,OVERDUE
POL-0007083,PO-2025-04185,2,MAT-00841,855,26.03,22255.65,OVERDUE
POL-0007084,PO-2025-04185,3,MAT-00622,245,39.47,9670.15,OVERDUE
POL-0007085,PO-2025-04186,1,MAT-00293,151,13.28,2005.28,DELIVERED
POL-0007086,PO-2025-04186,2,MAT-01167,2154,114.2,245986.8,DELIVERED
POL-0007087,PO-2025-04186,3,MAT-00102,3955,15.85,62686.75,DELIVERED
POL-0007088,PO-2025-04187,1,MAT-01165,1348,81.53,109902.44,DELIVERED
POL-0007089,PO-2025-04188,1,MAT-00547,44,47.33,2082.52,DELIVERED
POL-0007090,PO-2025-04189,1,MAT-00320,393,22.51,8846.43,DELIVERED
POL-0007091,PO-2025-04189,2,MAT-00288,122,46.79,5708.38,DELIVERED
POL-0007092,PO-2025-04189,3,MAT-00138,1089,19.38,21104.82,DELIVERED
POL-0007093,PO-2025-04190,1,MAT-00452,2182,72.32,157802.24,DELIVERED
POL-0007094,PO-2025-04190,2,MAT-00426,728,122.87,89449.36,DELIVERED
POL-0007095,PO-2025-04190,3,MAT-00708,1597,170.09,271633.73,DELIVERED
POL-0007096,PO-2025-04191,1,MAT-00546,1851,9.91,18343.41,DELIVERED
POL-0007097,PO-2025-04192,1,MAT-00843,1230,7.92,9741.6,DELIVERED
POL-0007098,PO-2025-04192,2,MAT-00160,1994,48.48,96669.12,DELIVERED
POL-0007099,PO-2025-04192,3,MAT-00382,82,12.27,1006.14,DELIVERED
POL-0007100,PO-2025-04193,1,MAT-00745,68,46.09,3134.12,DELIVERED
POL-0007101,PO-2025-04194,1,MAT-00950,631,33.91,21397.21,DELIVERED
POL-0007102,PO-2025-04194,2,MAT-00578,1653,59.6,98518.8,DELIVERED
POL-0007103,PO-2025-04195,1,MAT-00848,111,356.33,39552.63,DELIVERED
POL-0007104,PO-2025-04195,2,MAT-01074,1317,6.3,8297.1,DELIVERED
POL-0007105,PO-2025-04196,1,MAT-00082,2177,38.31,83400.87,PENDING
POL-0007106,PO-2025-04197,1,MAT-00594,476,35.36,16831.36,DELIVERED
POL-0007107,PO-2025-04197,2,MAT-00215,36,18.37,661.32,DELIVERED
POL-0007108,PO-2025-04198,1,MAT-01043,110,86.42,9506.2,DELIVERED
POL-0007109,PO-2025-04198,2,MAT-00525,166,10.26,1703.16,DELIVERED
POL-0007110,PO-2025-04199,1,MAT-00112,128,25.98,3325.44,DELIVERED
POL-0007111,PO-2025-04200,1,MAT-00601,170,63.86,10856.2,PENDING
POL-0007112,PO-2025-04201,1,MAT-00034,205,8.39,1719.95,PENDING
POL-0007113,PO-2025-04202,1,MAT-00267,2097,145.15,304379.55,DELIVERED
POL-0007114,PO-2025-04202,2,MAT-00424,650,70.34,45721.0,DELIVERED
POL-0007115,PO-2025-04203,1,MAT-00713,3088,13.48,41626.24,DELIVERED
POL-0007116,PO-2025-04204,1,MAT-00934,136,2.13,289.68,DELIVERED
POL-0007117,PO-2025-04205,1,MAT-00733,2382,37.92,90325.44,DELIVERED
POL-0007118,PO-2025-04206,1,MAT-00148,1031,6.47,6670.57,DELIVERED
POL-0007119,PO-2025-04207,1,MAT-00270,40,31.02,1240.8,IN_TRANSIT
POL-0007120,PO-2025-04208,1,MAT-00702,74,85.18,6303.32,DELIVERED
POL-0007121,PO-2025-04208,2,MAT-00163,231,86.31,19937.61,DELIVERED
POL-0007122,PO-2025-04208,3,MAT-00890,169,85.97,14528.93,DELIVERED
POL-0007123,PO-2025-04208,4,MAT-00965,1096,25.4,27838.4,DELIVERED
POL-0007124,PO-2025-04209,1,MAT-00525,57,10.26,584.82,DELIVERED
POL-0007125,PO-2025-04210,1,MAT-00216,379,64.45,24426.55,DELIVERED
POL-0007126,PO-2025-04211,1,MAT-01022,948,14.64,13878.72,DELIVERED
POL-0007127,PO-2025-04212,1,MAT-01018,51,14.92,760.92,OVERDUE
POL-0007128,PO-2025-04213,1,MAT-00298,2283,37.15,84813.45,DELIVERED
POL-0007129,PO-2025-04213,2,MAT-00363,2202,22.75,50095.5,DELIVERED
POL-0007130,PO-2025-04213,3,MAT-00041,319,61.01,19462.19,DELIVERED
POL-0007131,PO-2025-04213,4,MAT-00895,1938,109.37,211959.06,DELIVERED
POL-0007132,PO-2025-04214,1,MAT-00071,1195,35.54,42470.3,IN_TRANSIT
POL-0007133,PO-2025-04215,1,MAT-00481,26,20.47,532.22,IN_TRANSIT
POL-0007134,PO-2025-04216,1,MAT-01193,348,13.05,4541.4,DELIVERED
POL-0007135,PO-2025-04216,2,MAT-00551,2045,30.92,63231.4,DELIVERED
POL-0007136,PO-2025-04217,1,MAT-00053,222,11.16,2477.52,IN_TRANSIT
POL-0007137,PO-2025-04217,2,MAT-00926,476,4.52,2151.52,IN_TRANSIT
POL-0007138,PO-2025-04217,3,MAT-00227,124,28.17,3493.08,IN_TRANSIT
POL-0007139,PO-2025-04218,1,MAT-00278,65,14.49,941.85,DELIVERED
POL-0007140,PO-2025-04219,1,MAT-00527,957,4.28,4095.96,DELIVERED
POL-0007141,PO-2025-04220,1,MAT-00091,2916,29.94,87305.04,DELIVERED
POL-0007142,PO-2025-04220,2,MAT-01091,4747,24.48,116206.56,DELIVERED
POL-0007143,PO-2025-04221,1,MAT-00888,225,16.51,3714.75,OVERDUE
POL-0007144,PO-2025-04222,1,MAT-00077,178,30.35,5402.3,CANCELLED
POL-0007145,PO-2025-04223,1,MAT-00278,197,14.49,2854.53,DELIVERED
POL-0007146,PO-2025-04224,1,MAT-01010,635,13.21,8388.35,DELIVERED
POL-0007147,PO-2025-04225,1,MAT-00940,1140,14.26,16256.4,DELIVERED
POL-0007148,PO-2025-04226,1,MAT-00515,1889,14.31,27031.59,DELIVERED
POL-0007149,PO-2025-04227,1,MAT-00449,85,15.44,1312.4,CANCELLED
POL-0007150,PO-2025-04228,1,MAT-01151,2157,7.96,17169.72,DELIVERED
POL-0007151,PO-2025-04229,1,MAT-00794,233,6.76,1575.08,DELIVERED
POL-0007152,PO-2025-04229,2,MAT-00667,393,20.06,7883.58,DELIVERED
POL-0007153,PO-2025-04229,3,MAT-00288,63,46.79,2947.77,DELIVERED
POL-0007154,PO-2025-04230,1,MAT-00822,36,129.03,4645.08,CANCELLED
POL-0007155,PO-2025-04231,1,MAT-00180,27,529.06,14284.62,DELIVERED
POL-0007156,PO-2025-04232,1,MAT-01164,201,3.97,797.97,DELIVERED
POL-0007157,PO-2025-04233,1,MAT-00043,2132,24.39,51999.48,OVERDUE
POL-0007158,PO-2025-04234,1,MAT-00710,498,162.07,80710.86,DELIVERED
POL-0007159,PO-2025-04235,1,MAT-00877,27,14.6,394.2,DELIVERED
POL-0007160,PO-2025-04236,1,MAT-00076,93,61.74,5741.82,DELIVERED
POL-0007161,PO-2025-04237,1,MAT-00853,101,13.57,1370.57,DELIVERED
POL-0007162,PO-2025-04237,2,MAT-00074,1202,148.95,179037.9,DELIVERED
POL-0007163,PO-2025-04238,1,MAT-00760,32,54.98,1759.36,IN_TRANSIT
POL-0007164,PO-2025-04239,1,MAT-01176,133,20.33,2703.89,DELIVERED
POL-0007165,PO-2025-04240,1,MAT-00804,177,14.02,2481.54,DELIVERED
POL-0007166,PO-2025-04241,1,MAT-01197,831,23.44,19478.64,PENDING
POL-0007167,PO-2025-04242,1,MAT-01034,265,49.3,13064.5,DELIVERED
POL-0007168,PO-2025-04243,1,MAT-01069,343,16.35,5608.05,DELIVERED
POL-0007169,PO-2025-04243,2,MAT-00907,2116,6.14,12992.24,DELIVERED
POL-0007170,PO-2025-04243,3,MAT-00192,4896,63.17,309280.32,DELIVERED
POL-0007171,PO-2025-04244,1,MAT-00980,377,60.76,22906.52,DELIVERED
POL-0007172,PO-2025-04245,1,MAT-00084,588,13.84,8137.92,PENDING
POL-0007173,PO-2025-04245,2,MAT-00408,395,19.97,7888.15,PENDING
POL-0007174,PO-2025-04245,3,MAT-00216,232,64.45,14952.4,PENDING
POL-0007175,PO-2025-04246,1,MAT-00913,348,35.57,12378.36,IN_TRANSIT
POL-0007176,PO-2025-04246,2,MAT-00108,3864,31.83,122991.12,IN_TRANSIT
POL-0007177,PO-2025-04246,3,MAT-00508,214,9.86,2110.04,IN_TRANSIT
POL-0007178,PO-2025-04247,1,MAT-00807,1349,30.8,41549.2,CANCELLED
POL-0007179,PO-2025-04248,1,MAT-00597,72,19.38,1395.36,DELIVERED
POL-0007180,PO-2025-04248,2,MAT-00753,220,8.73,1920.6,DELIVERED
POL-0007181,PO-2025-04248,3,MAT-00666,1192,31.46,37500.32,DELIVERED
POL-0007182,PO-2025-04249,1,MAT-00647,297,1.63,484.11,DELIVERED
POL-0007183,PO-2025-04249,2,MAT-00414,3393,95.4,323692.2,DELIVERED
POL-0007184,PO-2025-04249,3,MAT-00280,2985,17.99,53700.15,DELIVERED
POL-0007185,PO-2025-04249,4,MAT-01062,141,1.48,208.68,DELIVERED
POL-0007186,PO-2025-04250,1,MAT-00117,193,23.25,4487.25,PENDING
POL-0007187,PO-2025-04250,2,MAT-00425,74,53.51,3959.74,PENDING
POL-0007188,PO-2025-04251,1,MAT-00183,3536,7.24,25600.64,PENDING
POL-0007189,PO-2025-04252,1,MAT-00012,407,14.52,5909.64,DELIVERED
POL-0007190,PO-2025-04253,1,MAT-00020,1569,5.41,8488.29,DELIVERED
POL-0007191,PO-2025-04253,2,MAT-00725,1455,28.78,41874.9,DELIVERED
POL-0007192,PO-2025-04254,1,MAT-00821,646,15.29,9877.34,DELIVERED
POL-0007193,PO-2025-04255,1,MAT-00640,107,5.69,608.83,DELIVERED
POL-0007194,PO-2025-04255,2,MAT-00817,193,34.98,6751.14,DELIVERED
POL-0007195,PO-2025-04256,1,MAT-00890,375,85.97,32238.75,DELIVERED
POL-0007196,PO-2025-04256,2,MAT-00910,764,283.12,216303.68,DELIVERED
POL-0007197,PO-2025-04256,3,MAT-00215,26,18.37,477.62,DELIVERED
POL-0007198,PO-2025-04256,4,MAT-00551,2061,30.92,63726.12,DELIVERED
POL-0007199,PO-2025-04257,1,MAT-00078,773,19.35,14957.55,DELIVERED
POL-0007200,PO-2025-04257,2,MAT-00620,220,31.76,6987.2,DELIVERED
POL-0007201,PO-2025-04257,3,MAT-00845,605,33.47,20249.35,DELIVERED
POL-0007202,PO-2025-04258,1,MAT-00679,126,77.08,9712.08,DELIVERED
POL-0007203,PO-2025-04258,2,MAT-01039,423,30.4,12859.2,DELIVERED
POL-0007204,PO-2025-04259,1,MAT-00513,209,20.25,4232.25,DELIVERED
POL-0007205,PO-2025-04260,1,MAT-00390,1582,13.74,21736.68,PENDING
POL-0007206,PO-2025-04261,1,MAT-01140,55,60.83,3345.65,DELIVERED
POL-0007207,PO-2025-04261,2,MAT-00459,981,15.31,15019.11,DELIVERED
POL-0007208,PO-2025-04262,1,MAT-00460,114,6.99,796.86,DELIVERED
POL-0007209,PO-2025-04262,2,MAT-00127,762,9.12,6949.44,DELIVERED
POL-0007210,PO-2025-04263,1,MAT-00898,555,30.18,16749.9,DELIVERED
POL-0007211,PO-2025-04264,1,MAT-00804,93,14.02,1303.86,PENDING
POL-0007212,PO-2025-04265,1,MAT-00523,3374,13.51,45582.74,DELIVERED
POL-0007213,PO-2025-04266,1,MAT-00998,194,52.87,10256.78,DELIVERED
POL-0007214,PO-2025-04267,1,MAT-00161,1638,9.33,15282.54,DELIVERED
POL-0007215,PO-2025-04267,2,MAT-00874,2967,11.73,34802.91,DELIVERED
POL-0007216,PO-2025-04267,3,MAT-00010,428,46.25,19795.0,DELIVERED
POL-0007217,PO-2025-04268,1,MAT-00838,135,8.08,1090.8,DELIVERED
POL-0007218,PO-2025-04268,2,MAT-00650,302,54.47,16449.94,DELIVERED
POL-0007219,PO-2025-04268,3,MAT-00913,300,35.57,10671.0,DELIVERED
POL-0007220,PO-2025-04269,1,MAT-00328,244,63.39,15467.16,DELIVERED
POL-0007221,PO-2025-04269,2,MAT-00268,4021,4.89,19662.69,DELIVERED
POL-0007222,PO-2025-04269,3,MAT-00448,322,8.88,2859.36,DELIVERED
POL-0007223,PO-2025-04270,1,MAT-00676,1089,10.15,11053.35,DELIVERED
POL-0007224,PO-2025-04271,1,MAT-00690,800,43.87,35096.0,IN_TRANSIT
POL-0007225,PO-2025-04271,2,MAT-00397,1554,3.9,6060.6,IN_TRANSIT
POL-0007226,PO-2025-04271,3,MAT-00407,199,8.37,1665.63,IN_TRANSIT
POL-0007227,PO-2025-04272,1,MAT-00773,544,48.74,26514.56,DELIVERED
POL-0007228,PO-2025-04272,2,MAT-01088,128,33.16,4244.48,DELIVERED
POL-0007229,PO-2025-04272,3,MAT-00090,154,43.84,6751.36,DELIVERED
POL-0007230,PO-2025-04272,4,MAT-00829,4174,16.67,69580.58,DELIVERED
POL-0007231,PO-2025-04273,1,MAT-00462,118,25.14,2966.52,OVERDUE
POL-0007232,PO-2025-04274,1,MAT-00046,496,11.46,5684.16,DELIVERED
POL-0007233,PO-2025-04274,2,MAT-00087,209,65.37,13662.33,DELIVERED
POL-0007234,PO-2025-04275,1,MAT-01080,312,68.28,21303.36,CANCELLED
POL-0007235,PO-2025-04276,1,MAT-00463,85,12.08,1026.8,DELIVERED
POL-0007236,PO-2025-04277,1,MAT-00306,91,31.01,2821.91,DELIVERED
POL-0007237,PO-2025-04278,1,MAT-01017,383,13.77,5273.91,DELIVERED
POL-0007238,PO-2025-04278,2,MAT-00297,2267,70.09,158894.03,DELIVERED
POL-0007239,PO-2025-04279,1,MAT-00049,591,37.58,22209.78,DELIVERED
POL-0007240,PO-2025-04279,2,MAT-00410,844,46.71,39423.24,DELIVERED
POL-0007241,PO-2025-04279,3,MAT-00122,360,9.54,3434.4,DELIVERED
POL-0007242,PO-2025-04280,1,MAT-00114,58,400.81,23246.98,DELIVERED
POL-0007243,PO-2025-04280,2,MAT-00071,1027,35.54,36499.58,DELIVERED
POL-0007244,PO-2025-04280,3,MAT-00390,2443,13.74,33566.82,DELIVERED
POL-0007245,PO-2025-04281,1,MAT-00653,642,18.07,11600.94,DELIVERED
POL-0007246,PO-2025-04281,2,MAT-00927,1835,15.13,27763.55,DELIVERED
POL-0007247,PO-2025-04282,1,MAT-00797,530,25.64,13589.2,DELIVERED
POL-0007248,PO-2025-04283,1,MAT-00730,799,10.79,8621.21,PENDING
POL-0007249,PO-2025-04283,2,MAT-00648,2746,24.06,66068.76,PENDING
POL-0007250,PO-2025-04284,1,MAT-00132,492,29.72,14622.24,CANCELLED
POL-0007251,PO-2025-04285,1,MAT-00618,69,53.82,3713.58,DELIVERED
POL-0007252,PO-2025-04286,1,MAT-00741,63,3.4,214.2,DELIVERED
POL-0007253,PO-2025-04286,2,MAT-00801,55,67.85,3731.75,DELIVERED
POL-0007254,PO-2025-04287,1,MAT-01009,1148,74.38,85388.24,DELIVERED
POL-0007255,PO-2025-04288,1,MAT-00124,416,5.16,2146.56,DELIVERED
POL-0007256,PO-2025-04288,2,MAT-00676,2354,10.15,23893.1,DELIVERED
POL-0007257,PO-2025-04289,1,MAT-00874,3503,11.73,41090.19,IN_TRANSIT
POL-0007258,PO-2025-04290,1,MAT-01141,1000,20.07,20070.0,DELIVERED
POL-0007259,PO-2025-04291,1,MAT-00460,145,6.99,1013.55,DELIVERED
POL-0007260,PO-2025-04292,1,MAT-00396,755,14.6,11023.0,DELIVERED
POL-0007261,PO-2025-04293,1,MAT-00335,68,78.13,5312.84,DELIVERED
POL-0007262,PO-2025-04293,2,MAT-00701,1723,13.66,23536.18,DELIVERED
POL-0007263,PO-2025-04294,1,MAT-00457,2479,22.22,55083.38,DELIVERED
POL-0007264,PO-2025-04295,1,MAT-00516,834,55.41,46211.94,DELIVERED
POL-0007265,PO-2025-04295,2,MAT-01045,100,22.55,2255.0,DELIVERED
POL-0007266,PO-2025-04296,1,MAT-01173,973,30.61,29783.53,DELIVERED
POL-0007267,PO-2025-04297,1,MAT-00612,512,21.98,11253.76,DELIVERED
POL-0007268,PO-2025-04297,2,MAT-00069,232,37.62,8727.84,DELIVERED
POL-0007269,PO-2025-04297,3,MAT-00533,1489,21.7,32311.3,DELIVERED
POL-0007270,PO-2025-04298,1,MAT-00815,3831,84.5,323719.5,DELIVERED
POL-0007271,PO-2025-04298,2,MAT-00023,318,26.29,8360.22,DELIVERED
POL-0007272,PO-2025-04298,3,MAT-01152,3914,2.44,9550.16,DELIVERED
POL-0007273,PO-2025-04298,4,MAT-00960,635,44.8,28448.0,DELIVERED
POL-0007274,PO-2025-04299,1,MAT-00337,158,10.5,1659.0,DELIVERED
POL-0007275,PO-2025-04300,1,MAT-00301,93,10.18,946.74,DELIVERED
POL-0007276,PO-2025-04301,1,MAT-00478,833,36.9,30737.7,DELIVERED
POL-0007277,PO-2025-04302,1,MAT-00955,426,21.66,9227.16,DELIVERED
POL-0007278,PO-2025-04302,2,MAT-00575,310,58.55,18150.5,DELIVERED
POL-0007279,PO-2025-04302,3,MAT-00532,4280,4.5,19260.0,DELIVERED
POL-0007280,PO-2025-04303,1,MAT-01097,2540,29.26,74320.4,DELIVERED
POL-0007281,PO-2025-04304,1,MAT-01143,227,23.88,5420.76,PENDING
POL-0007282,PO-2025-04305,1,MAT-00523,2756,13.51,37233.56,IN_TRANSIT
POL-0007283,PO-2025-04306,1,MAT-00954,887,125.17,111025.79,DELIVERED
POL-0007284,PO-2025-04307,1,MAT-01100,453,39.55,17916.15,OVERDUE
POL-0007285,PO-2025-04308,1,MAT-00322,1094,53.98,59054.12,DELIVERED
POL-0007286,PO-2025-04308,2,MAT-00481,99,20.47,2026.53,DELIVERED
POL-0007287,PO-2025-04308,3,MAT-01015,447,157.79,70532.13,DELIVERED
POL-0007288,PO-2025-04309,1,MAT-00598,437,8.31,3631.47,OVERDUE
POL-0007289,PO-2025-04309,2,MAT-00815,2700,84.5,228150.0,OVERDUE
POL-0007290,PO-2025-04310,1,MAT-00247,2588,15.77,40812.76,DELIVERED
POL-0007291,PO-2025-04310,2,MAT-01118,772,24.61,18998.92,DELIVERED
POL-0007292,PO-2025-04311,1,MAT-01183,4742,73.63,349153.46,OVERDUE
POL-0007293,PO-2025-04312,1,MAT-00156,175,10.81,1891.75,DELIVERED
POL-0007294,PO-2025-04312,2,MAT-00372,751,48.13,36145.63,DELIVERED
POL-0007295,PO-2025-04313,1,MAT-01012,2823,34.03,96066.69,DELIVERED
POL-0007296,PO-2025-04313,2,MAT-00804,218,14.02,3056.36,DELIVERED
POL-0007297,PO-2025-04313,3,MAT-00189,1775,10.69,18974.75,DELIVERED
POL-0007298,PO-2025-04313,4,MAT-01063,183,91.29,16706.07,DELIVERED
POL-0007299,PO-2025-04314,1,MAT-00736,1883,39.69,74736.27,DELIVERED
POL-0007300,PO-2025-04315,1,MAT-00394,1247,198.6,247654.2,DELIVERED
POL-0007301,PO-2025-04316,1,MAT-00388,50,187.97,9398.5,DELIVERED
POL-0007302,PO-2025-04317,1,MAT-00552,2012,23.06,46396.72,DELIVERED
POL-0007303,PO-2025-04317,2,MAT-00135,2383,10.03,23901.49,DELIVERED
POL-0007304,PO-2025-04317,3,MAT-00645,767,20.52,15738.84,DELIVERED
POL-0007305,PO-2025-04318,1,MAT-00381,2332,9.39,21897.48,DELIVERED
POL-0007306,PO-2025-04318,2,MAT-00911,68,18.73,1273.64,DELIVERED
POL-0007307,PO-2025-04318,3,MAT-00004,2803,144.49,405005.47,DELIVERED
POL-0007308,PO-2025-04319,1,MAT-00054,917,49.45,45345.65,DELIVERED
POL-0007309,PO-2025-04320,1,MAT-00405,1151,15.34,17656.34,DELIVERED
POL-0007310,PO-2025-04320,2,MAT-00610,2250,123.85,278662.5,DELIVERED
POL-0007311,PO-2025-04320,3,MAT-01134,89,44.39,3950.71,DELIVERED
POL-0007312,PO-2025-04321,1,MAT-00820,2210,90.41,199806.1,DELIVERED
POL-0007313,PO-2025-04321,2,MAT-00739,494,150.17,74183.98,DELIVERED
POL-0007314,PO-2025-04321,3,MAT-00359,4261,35.51,151308.11,DELIVERED
POL-0007315,PO-2025-04321,4,MAT-00182,113,10.58,1195.54,DELIVERED
POL-0007316,PO-2025-04322,1,MAT-00329,1019,48.65,49574.35,DELIVERED
POL-0007317,PO-2025-04323,1,MAT-00142,2013,108.48,218370.24,DELIVERED
POL-0007318,PO-2025-04323,2,MAT-00966,116,132.2,15335.2,DELIVERED
POL-0007319,PO-2025-04324,1,MAT-00196,975,35.98,35080.5,DELIVERED
POL-0007320,PO-2025-04325,1,MAT-00758,1051,29.62,31130.62,DELIVERED
POL-0007321,PO-2025-04325,2,MAT-00444,1159,22.79,26413.61,DELIVERED
POL-0007322,PO-2025-04325,3,MAT-00760,63,54.98,3463.74,DELIVERED
POL-0007323,PO-2025-04326,1,MAT-00396,2107,14.6,30762.2,DELIVERED
POL-0007324,PO-2025-04327,1,MAT-00472,2164,2.18,4717.52,DELIVERED
POL-0007325,PO-2025-04327,2,MAT-00639,193,5.89,1136.77,DELIVERED
POL-0007326,PO-2025-04328,1,MAT-01187,88,9.34,821.92,DELIVERED
POL-0007327,PO-2025-04328,2,MAT-00271,2067,130.15,269020.05,DELIVERED
POL-0007328,PO-2025-04328,3,MAT-00919,101,16.1,1626.1,DELIVERED
POL-0007329,PO-2025-04329,1,MAT-01157,273,11.78,3215.94,DELIVERED
POL-0007330,PO-2025-04329,2,MAT-00288,111,46.79,5193.69,DELIVERED
POL-0007331,PO-2025-04330,1,MAT-01189,402,49.09,19734.18,DELIVERED
POL-0007332,PO-2025-04330,2,MAT-00184,1728,43.08,74442.24,DELIVERED
POL-0007333,PO-2025-04330,3,MAT-00359,2065,35.51,73328.15,DELIVERED
POL-0007334,PO-2025-04331,1,MAT-00538,733,15.39,11280.87,DELIVERED
POL-0007335,PO-2025-04331,2,MAT-00348,619,5.1,3156.9,DELIVERED
POL-0007336,PO-2025-04332,1,MAT-01186,155,76.1,11795.5,DELIVERED
POL-0007337,PO-2025-04333,1,MAT-00038,44,3.22,141.68,DELIVERED
POL-0007338,PO-2025-04333,2,MAT-00084,354,13.84,4899.36,DELIVERED
POL-0007339,PO-2025-04334,1,MAT-00006,2703,20.44,55249.32,CANCELLED
POL-0007340,PO-2025-04335,1,MAT-00891,1152,68.06,78405.12,DELIVERED
POL-0007341,PO-2025-04335,2,MAT-00064,102,7.54,769.08,DELIVERED
POL-0007342,PO-2025-04335,3,MAT-00670,3728,91.39,340701.92,DELIVERED
POL-0007343,PO-2025-04335,4,MAT-00554,2240,32.22,72172.8,DELIVERED
POL-0007344,PO-2025-04336,1,MAT-01067,4075,5.91,24083.25,PENDING
POL-0007345,PO-2025-04336,2,MAT-00243,214,45.06,9642.84,PENDING
POL-0007346,PO-2025-04336,3,MAT-00562,92,256.03,23554.76,PENDING
POL-0007347,PO-2025-04337,1,MAT-00493,1784,29.45,52538.8,OVERDUE
POL-0007348,PO-2025-04338,1,MAT-00210,164,1869.34,306571.76,OVERDUE
POL-0007349,PO-2025-04339,1,MAT-00267,3385,145.15,491332.75,DELIVERED
POL-0007350,PO-2025-04339,2,MAT-00097,3409,38.03,129644.27,DELIVERED
POL-0007351,PO-2025-04339,3,MAT-00137,48,10.76,516.48,DELIVERED
POL-0007352,PO-2025-04339,4,MAT-00600,63,36.77,2316.51,DELIVERED
POL-0007353,PO-2025-04340,1,MAT-00853,61,13.57,827.77,DELIVERED
POL-0007354,PO-2025-04340,2,MAT-01176,110,20.33,2236.3,DELIVERED
POL-0007355,PO-2025-04340,3,MAT-00418,103,31.86,3281.58,DELIVERED
POL-0007356,PO-2025-04341,1,MAT-00052,714,15.67,11188.38,DELIVERED
POL-0007357,PO-2025-04342,1,MAT-00169,1748,20.81,36375.88,CANCELLED
POL-0007358,PO-2025-04343,1,MAT-00598,178,8.31,1479.18,DELIVERED
POL-0007359,PO-2025-04343,2,MAT-00547,114,47.33,5395.62,DELIVERED
POL-0007360,PO-2025-04343,3,MAT-01010,457,13.21,6036.97,DELIVERED
POL-0007361,PO-2025-04344,1,MAT-00121,446,59.21,26407.66,DELIVERED
POL-0007362,PO-2025-04345,1,MAT-00413,59,4.8,283.2,DELIVERED
POL-0007363,PO-2025-04345,2,MAT-00885,1990,55.94,111320.6,DELIVERED
POL-0007364,PO-2025-04346,1,MAT-00632,51,130.83,6672.33,CANCELLED
POL-0007365,PO-2025-04347,1,MAT-00566,1866,15.75,29389.5,DELIVERED
POL-0007366,PO-2025-04347,2,MAT-01168,98,50.51,4949.98,DELIVERED
POL-0007367,PO-2025-04347,3,MAT-00334,1934,12.59,24349.06,DELIVERED
POL-0007368,PO-2025-04347,4,MAT-00065,109,64.8,7063.2,DELIVERED
POL-0007369,PO-2025-04348,1,MAT-00923,45,27.65,1244.25,DELIVERED
POL-0007370,PO-2025-04348,2,MAT-00408,326,19.97,6510.22,DELIVERED
POL-0007371,PO-2025-04349,1,MAT-00004,4257,144.49,615093.93,IN_TRANSIT
POL-0007372,PO-2025-04349,2,MAT-00820,1495,90.41,135162.95,IN_TRANSIT
POL-0007373,PO-2025-04350,1,MAT-00055,4329,78.07,337965.03,DELIVERED
POL-0007374,PO-2025-04351,1,MAT-01033,1245,41.82,52065.9,PENDING
POL-0007375,PO-2025-04352,1,MAT-00534,185,6.61,1222.85,DELIVERED
POL-0007376,PO-2025-04352,2,MAT-01088,167,33.16,5537.72,DELIVERED
POL-0007377,PO-2025-04353,1,MAT-00293,171,13.28,2270.88,DELIVERED
POL-0007378,PO-2025-04353,2,MAT-01115,590,32.28,19045.2,DELIVERED
POL-0007379,PO-2025-04354,1,MAT-00980,133,60.76,8081.08,DELIVERED
POL-0007380,PO-2025-04355,1,MAT-00106,153,42.34,6478.02,DELIVERED
POL-0007381,PO-2025-04355,2,MAT-00421,94,268.66,25254.04,DELIVERED
POL-0007382,PO-2025-04356,1,MAT-00936,1755,13.86,24324.3,CANCELLED
POL-0007383,PO-2025-04357,1,MAT-00046,122,11.46,1398.12,OVERDUE
POL-0007384,PO-2025-04358,1,MAT-00148,649,6.47,4199.03,DELIVERED
POL-0007385,PO-2025-04358,2,MAT-00069,100,37.62,3762.0,DELIVERED
POL-0007386,PO-2025-04359,1,MAT-00566,2200,15.75,34650.0,DELIVERED
POL-0007387,PO-2025-04360,1,MAT-00277,2249,30.42,68414.58,DELIVERED
POL-0007388,PO-2025-04361,1,MAT-01194,199,36.64,7291.36,DELIVERED
POL-0007389,PO-2025-04362,1,MAT-01172,656,33.4,21910.4,DELIVERED
POL-0007390,PO-2025-04363,1,MAT-00551,1884,30.92,58253.28,DELIVERED
POL-0007391,PO-2025-04363,2,MAT-01156,1584,77.4,122601.6,DELIVERED
POL-0007392,PO-2025-04364,1,MAT-00126,148,271.29,40150.92,DELIVERED
POL-0007393,PO-2025-04364,2,MAT-00299,838,60.43,50640.34,DELIVERED
POL-0007394,PO-2025-04365,1,MAT-00221,4404,352.89,1554127.56,DELIVERED
POL-0007395,PO-2025-04366,1,MAT-01055,84,13.19,1107.96,DELIVERED
POL-0007396,PO-2025-04366,2,MAT-00703,1178,12.47,14689.66,DELIVERED
POL-0007397,PO-2025-04367,1,MAT-00278,207,14.49,2999.43,DELIVERED
POL-0007398,PO-2025-04368,1,MAT-01155,124,149.31,18514.44,OVERDUE
POL-0007399,PO-2025-04368,2,MAT-00158,314,40.12,12597.68,OVERDUE
POL-0007400,PO-2025-04368,3,MAT-00425,46,53.51,2461.46,OVERDUE
POL-0007401,PO-2025-04369,1,MAT-00047,215,14.98,3220.7,PENDING
POL-0007402,PO-2025-04370,1,MAT-00691,174,16.58,2884.92,DELIVERED
POL-0007403,PO-2025-04370,2,MAT-01124,3907,6.69,26137.83,DELIVERED
POL-0007404,PO-2025-04370,3,MAT-00394,638,198.6,126706.8,DELIVERED
POL-0007405,PO-2025-04371,1,MAT-00630,114,90.2,10282.8,DELIVERED
POL-0007406,PO-2025-04372,1,MAT-00359,1223,35.51,43428.73,DELIVERED
POL-0007407,PO-2025-04372,2,MAT-00410,762,46.71,35593.02,DELIVERED
POL-0007408,PO-2025-04373,1,MAT-01171,3459,56.02,193773.18,DELIVERED
POL-0007409,PO-2025-04374,1,MAT-00554,962,32.22,30995.64,PENDING
POL-0007410,PO-2025-04375,1,MAT-00313,190,63.5,12065.0,DELIVERED
POL-0007411,PO-2025-04376,1,MAT-01005,4813,54.05,260142.65,DELIVERED
POL-0007412,PO-2025-04376,2,MAT-00764,833,22.3,18575.9,DELIVERED
POL-0007413,PO-2025-04376,3,MAT-00717,198,30.37,6013.26,DELIVERED
POL-0007414,PO-2025-04377,1,MAT-01173,1123,30.61,34375.03,DELIVERED
POL-0007415,PO-2025-04378,1,MAT-00732,350,8.69,3041.5,DELIVERED
POL-0007416,PO-2025-04379,1,MAT-00288,55,46.79,2573.45,DELIVERED
POL-0007417,PO-2025-04380,1,MAT-00542,412,7.41,3052.92,DELIVERED
POL-0007418,PO-2025-04381,1,MAT-00318,4099,17.1,70092.9,CANCELLED
POL-0007419,PO-2025-04382,1,MAT-00500,175,5.98,1046.5,IN_TRANSIT
POL-0007420,PO-2025-04383,1,MAT-01005,4048,54.05,218794.4,DELIVERED
POL-0007421,PO-2025-04384,1,MAT-00778,113,21.4,2418.2,DELIVERED
POL-0007422,PO-2025-04385,1,MAT-00575,460,58.55,26933.0,DELIVERED
POL-0007423,PO-2025-04386,1,MAT-00577,869,32.71,28424.99,PENDING
POL-0007424,PO-2025-04386,2,MAT-00578,1993,59.6,118782.8,PENDING
POL-0007425,PO-2025-04386,3,MAT-00980,300,60.76,18228.0,PENDING
POL-0007426,PO-2025-04387,1,MAT-00057,3955,9.87,39035.85,DELIVERED
POL-0007427,PO-2025-04387,2,MAT-00980,486,60.76,29529.36,DELIVERED
POL-0007428,PO-2025-04388,1,MAT-00049,1432,37.58,53814.56,DELIVERED
POL-0007429,PO-2025-04389,1,MAT-00969,1372,25.85,35466.2,DELIVERED
POL-0007430,PO-2025-04389,2,MAT-00627,65,7.98,518.7,DELIVERED
POL-0007431,PO-2025-04390,1,MAT-00434,414,51.67,21391.38,DELIVERED
POL-0007432,PO-2025-04390,2,MAT-00779,140,21.57,3019.8,DELIVERED
POL-0007433,PO-2025-04391,1,MAT-00916,110,38.32,4215.2,DELIVERED
POL-0007434,PO-2025-04392,1,MAT-00083,213,142.68,30390.84,OVERDUE
POL-0007435,PO-2025-04392,2,MAT-00644,59,4.89,288.51,OVERDUE
POL-0007436,PO-2025-04393,1,MAT-00730,2268,10.79,24471.72,DELIVERED
POL-0007437,PO-2025-04394,1,MAT-00991,61,35.34,2155.74,DELIVERED
POL-0007438,PO-2025-04394,2,MAT-01168,97,50.51,4899.47,DELIVERED
POL-0007439,PO-2025-04394,3,MAT-00483,359,4.36,1565.24,DELIVERED
POL-0007440,PO-2025-04394,4,MAT-00284,460,6.4,2944.0,DELIVERED
POL-0007441,PO-2025-04395,1,MAT-01131,114,38.46,4384.44,DELIVERED
POL-0007442,PO-2025-04396,1,MAT-00153,182,12.75,2320.5,DELIVERED
POL-0007443,PO-2025-04396,2,MAT-00630,92,90.2,8298.4,DELIVERED
POL-0007444,PO-2025-04397,1,MAT-00847,1448,32.1,46480.8,PENDING
POL-0007445,PO-2025-04398,1,MAT-01080,744,68.28,50800.32,DELIVERED
POL-0007446,PO-2025-04399,1,MAT-00930,74,22.16,1639.84,DELIVERED
POL-0007447,PO-2025-04399,2,MAT-00660,897,21.91,19653.27,DELIVERED
POL-0007448,PO-2025-04399,3,MAT-01057,2602,27.41,71320.82,DELIVERED
POL-0007449,PO-2025-04400,1,MAT-00373,1710,116.36,198975.6,DELIVERED
POL-0007450,PO-2025-04401,1,MAT-00620,220,31.76,6987.2,DELIVERED
POL-0007451,PO-2025-04401,2,MAT-00914,127,158.72,20157.44,DELIVERED
POL-0007452,PO-2025-04402,1,MAT-00576,1840,2.21,4066.4,DELIVERED
POL-0007453,PO-2025-04403,1,MAT-00732,438,8.69,3806.22,DELIVERED
POL-0007454,PO-2025-04403,2,MAT-01083,1016,17.97,18257.52,DELIVERED
POL-0007455,PO-2025-04403,3,MAT-00629,52,27.55,1432.6,DELIVERED
POL-0007456,PO-2025-04403,4,MAT-00124,162,5.16,835.92,DELIVERED
POL-0007457,PO-2025-04404,1,MAT-00999,96,14.15,1358.4,DELIVERED
POL-0007458,PO-2025-04405,1,MAT-00420,559,25.29,14137.11,DELIVERED
POL-0007459,PO-2025-04406,1,MAT-00814,65,33.95,2206.75,DELIVERED
POL-0007460,PO-2025-04407,1,MAT-01078,109,14.68,1600.12,DELIVERED
POL-0007461,PO-2025-04407,2,MAT-00913,285,35.57,10137.45,DELIVERED
POL-0007462,PO-2025-04408,1,MAT-00856,458,14.88,6815.04,DELIVERED
POL-0007463,PO-2025-04409,1,MAT-00497,4419,7.66,33849.54,DELIVERED
POL-0007464,PO-2025-04410,1,MAT-00248,1765,12.46,21991.9,DELIVERED
POL-0007465,PO-2025-04410,2,MAT-00704,364,5.04,1834.56,DELIVERED
POL-0007466,PO-2025-04411,1,MAT-00936,2904,13.86,40249.44,DELIVERED
POL-0007467,PO-2025-04411,2,MAT-00906,356,28.07,9992.92,DELIVERED
POL-0007468,PO-2025-04412,1,MAT-00633,269,20.47,5506.43,CANCELLED
POL-0007469,PO-2025-04413,1,MAT-00994,802,13.17,10562.34,DELIVERED
POL-0007470,PO-2025-04414,1,MAT-00353,433,62.67,27136.11,PENDING
POL-0007471,PO-2025-04415,1,MAT-01136,1209,73.15,88438.35,DELIVERED
POL-0007472,PO-2025-04416,1,MAT-00750,149,5.8,864.2,DELIVERED
POL-0007473,PO-2025-04416,2,MAT-00592,176,16.09,2831.84,DELIVERED
POL-0007474,PO-2025-04416,3,MAT-00728,2724,34.17,93079.08,DELIVERED
POL-0007475,PO-2025-04417,1,MAT-00320,399,22.51,8981.49,OVERDUE
POL-0007476,PO-2025-04417,2,MAT-00443,1375,2.45,3368.75,OVERDUE
POL-0007477,PO-2025-04418,1,MAT-00317,2100,55.54,116634.0,DELIVERED
POL-0007478,PO-2025-04419,1,MAT-00008,141,60.03,8464.23,OVERDUE
POL-0007479,PO-2025-04420,1,MAT-00771,4504,52.83,237946.32,DELIVERED
POL-0007480,PO-2025-04420,2,MAT-00219,194,15.65,3036.1,DELIVERED
POL-0007481,PO-2025-04420,3,MAT-01052,284,39.07,11095.88,DELIVERED
POL-0007482,PO-2025-04420,4,MAT-00097,3491,38.03,132762.73,DELIVERED
POL-0007483,PO-2025-04421,1,MAT-00925,283,100.58,28464.14,IN_TRANSIT
POL-0007484,PO-2025-04422,1,MAT-01175,118,10.94,1290.92,CANCELLED
POL-0007485,PO-2025-04422,2,MAT-00400,415,96.78,40163.7,CANCELLED
POL-0007486,PO-2025-04423,1,MAT-00122,258,9.54,2461.32,DELIVERED
POL-0007487,PO-2025-04424,1,MAT-01164,117,3.97,464.49,DELIVERED
POL-0007488,PO-2025-04424,2,MAT-01108,153,8.07,1234.71,DELIVERED
POL-0007489,PO-2025-04425,1,MAT-00559,462,39.35,18179.7,DELIVERED
POL-0007490,PO-2025-04426,1,MAT-00148,1854,6.47,11995.38,DELIVERED
POL-0007491,PO-2025-04426,2,MAT-00068,787,81.19,63896.53,DELIVERED
POL-0007492,PO-2025-04427,1,MAT-00769,1197,13.62,16303.14,DELIVERED
POL-0007493,PO-2025-04428,1,MAT-00844,346,42.57,14729.22,PENDING
POL-0007494,PO-2025-04428,2,MAT-00743,36,13.32,479.52,PENDING
POL-0007495,PO-2025-04428,3,MAT-00955,565,21.66,12237.9,PENDING
POL-0007496,PO-2025-04429,1,MAT-00771,2349,52.83,124097.67,OVERDUE
POL-0007497,PO-2025-04430,1,MAT-00882,418,14.83,6198.94,DELIVERED
POL-0007498,PO-2025-04431,1,MAT-00554,2304,32.22,74234.88,DELIVERED
POL-0007499,PO-2025-04431,2,MAT-00445,32,6.48,207.36,DELIVERED
POL-0007500,PO-2025-04431,3,MAT-00093,1181,11.8,13935.8,DELIVERED
POL-0007501,PO-2025-04432,1,MAT-00937,867,8.09,7014.03,DELIVERED
POL-0007502,PO-2025-04433,1,MAT-00681,316,61.82,19535.12,DELIVERED
POL-0007503,PO-2025-04434,1,MAT-00815,4546,84.5,384137.0,DELIVERED
POL-0007504,PO-2025-04435,1,MAT-00965,1012,25.4,25704.8,PENDING
POL-0007505,PO-2025-04435,2,MAT-01057,1229,27.41,33686.89,PENDING
POL-0007506,PO-2025-04435,3,MAT-00213,313,76.17,23841.21,PENDING
POL-0007507,PO-2025-04436,1,MAT-00424,800,70.34,56272.0,DELIVERED
POL-0007508,PO-2025-04436,2,MAT-00426,779,122.87,95715.73,DELIVERED
POL-0007509,PO-2025-04436,3,MAT-00746,2347,10.92,25629.24,DELIVERED
POL-0007510,PO-2025-04437,1,MAT-00337,103,10.5,1081.5,DELIVERED
POL-0007511,PO-2025-04438,1,MAT-01074,2055,6.3,12946.5,DELIVERED
POL-0007512,PO-2025-04438,2,MAT-01127,931,35.07,32650.17,DELIVERED
POL-0007513,PO-2025-04439,1,MAT-00818,1176,65.99,77604.24,DELIVERED
POL-0007514,PO-2025-04439,2,MAT-00347,267,5.12,1367.04,DELIVERED
POL-0007515,PO-2025-04439,3,MAT-00812,3895,16.77,65319.15,DELIVERED
POL-0007516,PO-2025-04440,1,MAT-00751,835,9.47,7907.45,IN_TRANSIT
POL-0007517,PO-2025-04441,1,MAT-00403,547,28.29,15474.63,DELIVERED
POL-0007518,PO-2025-04441,2,MAT-00781,654,29.37,19207.98,DELIVERED
POL-0007519,PO-2025-04441,3,MAT-00790,3450,4.0,13800.0,DELIVERED
POL-0007520,PO-2025-04442,1,MAT-00072,39,141.17,5505.63,DELIVERED
POL-0007521,PO-2025-04443,1,MAT-00876,29,179.11,5194.19,DELIVERED
POL-0007522,PO-2025-04443,2,MAT-00544,896,128.6,115225.6,DELIVERED
POL-0007523,PO-2025-04444,1,MAT-00953,469,6.61,3100.09,DELIVERED
POL-0007524,PO-2025-04445,1,MAT-00068,1076,81.19,87360.44,DELIVERED
POL-0007525,PO-2025-04446,1,MAT-00345,209,14.77,3086.93,DELIVERED
POL-0007526,PO-2025-04446,2,MAT-00550,4086,12.78,52219.08,DELIVERED
POL-0007527,PO-2025-04446,3,MAT-00814,25,33.95,848.75,DELIVERED
POL-0007528,PO-2025-04446,4,MAT-01101,101,80.68,8148.68,DELIVERED
POL-0007529,PO-2025-04447,1,MAT-00732,261,8.69,2268.09,DELIVERED
POL-0007530,PO-2025-04448,1,MAT-00805,294,15.46,4545.24,OVERDUE
POL-0007531,PO-2025-04448,2,MAT-00146,404,66.13,26716.52,OVERDUE
POL-0007532,PO-2025-04449,1,MAT-00158,961,40.12,38555.32,DELIVERED
POL-0007533,PO-2025-04450,1,MAT-00931,389,13.9,5407.1,DELIVERED
POL-0007534,PO-2025-04451,1,MAT-00299,507,60.43,30638.01,OVERDUE
POL-0007535,PO-2025-04452,1,MAT-01131,117,38.46,4499.82,DELIVERED
POL-0007536,PO-2025-04453,1,MAT-00178,40,138.41,5536.4,DELIVERED
POL-0007537,PO-2025-04454,1,MAT-00530,1670,8.81,14712.7,DELIVERED
POL-0007538,PO-2025-04455,1,MAT-00443,2127,2.45,5211.15,DELIVERED
POL-0007539,PO-2025-04456,1,MAT-00399,240,22.77,5464.8,DELIVERED
POL-0007540,PO-2025-04456,2,MAT-01181,865,29.63,25629.95,DELIVERED
POL-0007541,PO-2025-04457,1,MAT-00797,792,25.64,20306.88,DELIVERED
POL-0007542,PO-2025-04458,1,MAT-00046,195,11.46,2234.7,PENDING
POL-0007543,PO-2025-04459,1,MAT-00052,1229,15.67,19258.43,DELIVERED
POL-0007544,PO-2025-04460,1,MAT-00414,3475,95.4,331515.0,DELIVERED
POL-0007545,PO-2025-04460,2,MAT-01148,1142,5.38,6143.96,DELIVERED
POL-0007546,PO-2025-04460,3,MAT-00455,70,15.14,1059.8,DELIVERED
POL-0007547,PO-2025-04461,1,MAT-00179,144,20.01,2881.44,DELIVERED
POL-0007548,PO-2025-04462,1,MAT-00921,85,76.15,6472.75,DELIVERED
POL-0007549,PO-2025-04463,1,MAT-00295,163,38.14,6216.82,OVERDUE
POL-0007550,PO-2025-04464,1,MAT-00854,2379,98.17,233546.43,DELIVERED
POL-0007551,PO-2025-04464,2,MAT-01176,224,20.33,4553.92,DELIVERED
POL-0007552,PO-2025-04465,1,MAT-01047,55,57.37,3155.35,PENDING
POL-0007553,PO-2025-04465,2,MAT-00966,169,132.2,22341.8,PENDING
POL-0007554,PO-2025-04466,1,MAT-01055,115,13.19,1516.85,DELIVERED
POL-0007555,PO-2025-04467,1,MAT-00853,100,13.57,1357.0,DELIVERED
POL-0007556,PO-2025-04468,1,MAT-01095,257,56.28,14463.96,DELIVERED
POL-0007557,PO-2025-04469,1,MAT-00363,2317,22.75,52711.75,CANCELLED
POL-0007558,PO-2025-04469,2,MAT-00261,87,9.62,836.94,CANCELLED
POL-0007559,PO-2025-04470,1,MAT-00737,383,31.25,11968.75,DELIVERED
POL-0007560,PO-2025-04471,1,MAT-00992,2261,2.75,6217.75,OVERDUE
POL-0007561,PO-2025-04472,1,MAT-00714,128,39.35,5036.8,DELIVERED
POL-0007562,PO-2025-04472,2,MAT-01185,87,9.35,813.45,DELIVERED
POL-0007563,PO-2025-04473,1,MAT-00381,3660,9.39,34367.4,DELIVERED
POL-0007564,PO-2025-04474,1,MAT-00693,4099,7.3,29922.7,DELIVERED
POL-0007565,PO-2025-04475,1,MAT-00607,67,10.84,726.28,DELIVERED
POL-0007566,PO-2025-04475,2,MAT-00010,479,46.25,22153.75,DELIVERED
POL-0007567,PO-2025-04476,1,MAT-00699,656,69.76,45762.56,DELIVERED
POL-0007568,PO-2025-04476,2,MAT-00625,115,156.15,17957.25,DELIVERED
POL-0007569,PO-2025-04477,1,MAT-00981,458,66.4,30411.2,DELIVERED
POL-0007570,PO-2025-04478,1,MAT-00008,166,60.03,9964.98,DELIVERED
POL-0007571,PO-2025-04478,2,MAT-00179,157,20.01,3141.57,DELIVERED
POL-0007572,PO-2025-04479,1,MAT-00819,1187,29.25,34719.75,OVERDUE
POL-0007573,PO-2025-04479,2,MAT-00887,83,48.82,4052.06,OVERDUE
POL-0007574,PO-2025-04480,1,MAT-01042,987,14.79,14597.73,CANCELLED
POL-0007575,PO-2025-04481,1,MAT-00862,166,4.61,765.26,DELIVERED
POL-0007576,PO-2025-04481,2,MAT-00777,249,11.98,2983.02,DELIVERED
POL-0007577,PO-2025-04481,3,MAT-00845,835,33.47,27947.45,DELIVERED
POL-0007578,PO-2025-04482,1,MAT-00832,2466,8.81,21725.46,DELIVERED
POL-0007579,PO-2025-04483,1,MAT-01172,1833,33.4,61222.2,DELIVERED
POL-0007580,PO-2025-04484,1,MAT-00551,707,30.92,21860.44,CANCELLED
POL-0007581,PO-2025-04485,1,MAT-00857,1438,11.28,16220.64,DELIVERED
POL-0007582,PO-2025-04486,1,MAT-00557,87,14.49,1260.63,DELIVERED
POL-0007583,PO-2025-04487,1,MAT-00618,109,53.82,5866.38,DELIVERED
POL-0007584,PO-2025-04487,2,MAT-00393,4893,6.21,30385.53,DELIVERED
POL-0007585,PO-2025-04488,1,MAT-00190,2814,4.66,13113.24,DELIVERED
POL-0007586,PO-2025-04489,1,MAT-00207,97,42.19,4092.43,DELIVERED
POL-0007587,PO-2025-04490,1,MAT-01146,83,28.45,2361.35,DELIVERED
POL-0007588,PO-2025-04491,1,MAT-00208,114,42.66,4863.24,DELIVERED
POL-0007589,PO-2025-04491,2,MAT-00446,2271,49.81,113118.51,DELIVERED
POL-0007590,PO-2025-04492,1,MAT-00874,1261,11.73,14791.53,IN_TRANSIT
POL-0007591,PO-2025-04492,2,MAT-00901,2426,40.61,98519.86,IN_TRANSIT
POL-0007592,PO-2025-04492,3,MAT-00133,457,7.66,3500.62,IN_TRANSIT
POL-0007593,PO-2025-04492,4,MAT-00780,480,48.79,23419.2,IN_TRANSIT
POL-0007594,PO-2025-04493,1,MAT-00401,243,4.11,998.73,DELIVERED
POL-0007595,PO-2025-04494,1,MAT-00534,239,6.61,1579.79,OVERDUE
POL-0007596,PO-2025-04494,2,MAT-00341,1147,10.09,11573.23,OVERDUE
POL-0007597,PO-2025-04495,1,MAT-00221,3757,352.89,1325807.73,DELIVERED
POL-0007598,PO-2025-04495,2,MAT-00302,28,12.84,359.52,DELIVERED
POL-0007599,PO-2025-04495,3,MAT-01105,382,86.37,32993.34,DELIVERED
POL-0007600,PO-2025-04495,4,MAT-00522,59,48.45,2858.55,DELIVERED
POL-0007601,PO-2025-04496,1,MAT-01129,2386,25.13,59960.18,OVERDUE
POL-0007602,PO-2025-04496,2,MAT-00243,184,45.06,8291.04,OVERDUE
POL-0007603,PO-2025-04496,3,MAT-00856,329,14.88,4895.52,OVERDUE
POL-0007604,PO-2025-04497,1,MAT-00205,543,5.44,2953.92,DELIVERED
POL-0007605,PO-2025-04498,1,MAT-00401,235,4.11,965.85,DELIVERED
POL-0007606,PO-2025-04498,2,MAT-00411,46,58.42,2687.32,DELIVERED
POL-0007607,PO-2025-04499,1,MAT-01060,942,16.97,15985.74,DELIVERED
POL-0007608,PO-2025-04500,1,MAT-00791,2274,44.76,101784.24,DELIVERED
POL-0007609,PO-2025-04500,2,MAT-00494,95,10.66,1012.7,DELIVERED
POL-0007610,PO-2025-04500,3,MAT-00041,293,61.01,17875.93,DELIVERED
POL-0007611,PO-2025-04501,1,MAT-00486,203,5.73,1163.19,DELIVERED
POL-0007612,PO-2025-04502,1,MAT-00009,2109,16.69,35199.21,IN_TRANSIT
POL-0007613,PO-2025-04502,2,MAT-00357,1432,24.25,34726.0,IN_TRANSIT
POL-0007614,PO-2025-04502,3,MAT-01083,2130,17.97,38276.1,IN_TRANSIT
POL-0007615,PO-2025-04502,4,MAT-00620,221,31.76,7018.96,IN_TRANSIT
POL-0007616,PO-2025-04503,1,MAT-00795,247,7.58,1872.26,CANCELLED
POL-0007617,PO-2025-04504,1,MAT-00108,1678,31.83,53410.74,PENDING
POL-0007618,PO-2025-04504,2,MAT-00401,126,4.11,517.86,PENDING
POL-0007619,PO-2025-04505,1,MAT-00217,70,11.66,816.2,DELIVERED
POL-0007620,PO-2025-04505,2,MAT-01144,1270,28.6,36322.0,DELIVERED
POL-0007621,PO-2025-04505,3,MAT-00529,74,36.94,2733.56,DELIVERED
POL-0007622,PO-2025-04506,1,MAT-00530,1227,8.81,10809.87,DELIVERED
POL-0007623,PO-2025-04507,1,MAT-00506,1004,14.65,14708.6,CANCELLED
POL-0007624,PO-2025-04508,1,MAT-00801,158,67.85,10720.3,DELIVERED
POL-0007625,PO-2025-04508,2,MAT-00557,59,14.49,854.91,DELIVERED
POL-0007626,PO-2025-04509,1,MAT-00955,690,21.66,14945.4,DELIVERED
POL-0007627,PO-2025-04510,1,MAT-00118,3640,7.27,26462.8,DELIVERED
POL-0007628,PO-2025-04511,1,MAT-00127,306,9.12,2790.72,DELIVERED
POL-0007629,PO-2025-04511,2,MAT-01044,1160,24.02,27863.2,DELIVERED
POL-0007630,PO-2025-04512,1,MAT-00660,398,21.91,8720.18,DELIVERED
POL-0007631,PO-2025-04512,2,MAT-00876,73,179.11,13075.03,DELIVERED
POL-0007632,PO-2025-04512,3,MAT-00443,2288,2.45,5605.6,DELIVERED
POL-0007633,PO-2025-04513,1,MAT-00633,614,20.47,12568.58,DELIVERED
POL-0007634,PO-2025-04513,2,MAT-01186,143,76.1,10882.3,DELIVERED
POL-0007635,PO-2025-04514,1,MAT-00949,2362,23.02,54373.24,DELIVERED
POL-0007636,PO-2025-04515,1,MAT-01179,2476,8.13,20129.88,DELIVERED
POL-0007637,PO-2025-04515,2,MAT-00465,295,22.89,6752.55,DELIVERED
POL-0007638,PO-2025-04516,1,MAT-00834,1387,11.89,16491.43,DELIVERED
POL-0007639,PO-2025-04517,1,MAT-00946,354,7.45,2637.3,DELIVERED
POL-0007640,PO-2025-04518,1,MAT-00682,211,7.46,1574.06,DELIVERED
POL-0007641,PO-2025-04518,2,MAT-00871,915,22.39,20486.85,DELIVERED
POL-0007642,PO-2025-04518,3,MAT-01068,1730,84.73,146582.9,DELIVERED
POL-0007643,PO-2025-04519,1,MAT-01030,2104,8.23,17315.92,DELIVERED
POL-0007644,PO-2025-04520,1,MAT-01176,175,20.33,3557.75,DELIVERED
POL-0007645,PO-2025-04521,1,MAT-00249,1098,177.94,195378.12,DELIVERED
POL-0007646,PO-2025-04521,2,MAT-00450,134,7.55,1011.7,DELIVERED
POL-0007647,PO-2025-04522,1,MAT-01160,50,18.22,911.0,DELIVERED
POL-0007648,PO-2025-04523,1,MAT-00068,397,81.19,32232.43,PENDING
POL-0007649,PO-2025-04523,2,MAT-00293,160,13.28,2124.8,PENDING
POL-0007650,PO-2025-04523,3,MAT-00739,744,150.17,111726.48,PENDING
POL-0007651,PO-2025-04524,1,MAT-00068,994,81.19,80702.86,CANCELLED
POL-0007652,PO-2025-04525,1,MAT-00994,1423,13.17,18740.91,DELIVERED
POL-0007653,PO-2025-04526,1,MAT-00779,181,21.57,3904.17,CANCELLED
POL-0007654,PO-2025-04526,2,MAT-00905,1640,31.39,51479.6,CANCELLED
POL-0007655,PO-2025-04527,1,MAT-01001,278,112.37,31238.86,DELIVERED
POL-0007656,PO-2025-04528,1,MAT-00725,4199,28.78,120847.22,DELIVERED
POL-0007657,PO-2025-04529,1,MAT-00468,521,58.82,30645.22,DELIVERED
POL-0007658,PO-2025-04529,2,MAT-00129,74,31.21,2309.54,DELIVERED
POL-0007659,PO-2025-04530,1,MAT-01052,429,39.07,16761.03,DELIVERED
POL-0007660,PO-2025-04530,2,MAT-00181,402,49.25,19798.5,DELIVERED
POL-0007661,PO-2025-04531,1,MAT-00432,589,2.59,1525.51,DELIVERED
POL-0007662,PO-2025-04531,2,MAT-00192,2215,63.17,139921.55,DELIVERED
POL-0007663,PO-2025-04532,1,MAT-00526,1194,3.7,4417.8,DELIVERED
POL-0007664,PO-2025-04533,1,MAT-00759,944,10.65,10053.6,DELIVERED
POL-0007665,PO-2025-04534,1,MAT-00058,1904,18.55,35319.2,PENDING
POL-0007666,PO-2025-04535,1,MAT-00600,77,36.77,2831.29,OVERDUE
POL-0007667,PO-2025-04536,1,MAT-00783,2053,42.1,86431.3,DELIVERED
POL-0007668,PO-2025-04536,2,MAT-01143,158,23.88,3773.04,DELIVERED
POL-0007669,PO-2025-04536,3,MAT-00630,113,90.2,10192.6,DELIVERED
POL-0007670,PO-2025-04537,1,MAT-00849,385,13.15,5062.75,DELIVERED
POL-0007671,PO-2025-04538,1,MAT-01150,45,10.88,489.6,DELIVERED
POL-0007672,PO-2025-04539,1,MAT-00241,100,10.63,1063.0,DELIVERED
POL-0007673,PO-2025-04539,2,MAT-00539,1054,74.47,78491.38,DELIVERED
POL-0007674,PO-2025-04540,1,MAT-00085,224,10.07,2255.68,DELIVERED
POL-0007675,PO-2025-04540,2,MAT-00596,4709,15.7,73931.3,DELIVERED
POL-0007676,PO-2025-04541,1,MAT-00244,88,63.18,5559.84,DELIVERED
POL-0007677,PO-2025-04541,2,MAT-00584,387,318.37,123209.19,DELIVERED
POL-0007678,PO-2025-04542,1,MAT-00479,401,761.57,305389.57,DELIVERED
POL-0007679,PO-2025-04542,2,MAT-00205,875,5.44,4760.0,DELIVERED
POL-0007680,PO-2025-04543,1,MAT-01089,113,17.94,2027.22,DELIVERED
POL-0007681,PO-2025-04543,2,MAT-00386,1637,31.26,51172.62,DELIVERED
POL-0007682,PO-2025-04544,1,MAT-00451,154,23.45,3611.3,DELIVERED
POL-0007683,PO-2025-04544,2,MAT-00174,1822,39.12,71276.64,DELIVERED
POL-0007684,PO-2025-04545,1,MAT-00056,1583,65.62,103876.46,OVERDUE
POL-0007685,PO-2025-04546,1,MAT-00494,78,10.66,831.48,OVERDUE
POL-0007686,PO-2025-04546,2,MAT-00729,69,15.56,1073.64,OVERDUE
POL-0007687,PO-2025-04547,1,MAT-00649,627,20.05,12571.35,DELIVERED
POL-0007688,PO-2025-04548,1,MAT-00143,94,4.13,388.22,DELIVERED
POL-0007689,PO-2025-04548,2,MAT-01072,128,43.22,5532.16,DELIVERED
POL-0007690,PO-2025-04549,1,MAT-01159,1627,76.87,125067.49,DELIVERED
POL-0007691,PO-2025-04550,1,MAT-01029,353,54.15,19114.95,DELIVERED
POL-0007692,PO-2025-04551,1,MAT-00155,1785,38.82,69293.7,DELIVERED
POL-0007693,PO-2025-04552,1,MAT-00392,1144,47.29,54099.76,IN_TRANSIT
POL-0007694,PO-2025-04553,1,MAT-00495,238,132.83,31613.54,DELIVERED
POL-0007695,PO-2025-04553,2,MAT-00184,549,43.08,23650.92,DELIVERED
POL-0007696,PO-2025-04554,1,MAT-00985,277,27.89,7725.53,DELIVERED
POL-0007697,PO-2025-04555,1,MAT-00656,1712,28.04,48004.48,DELIVERED
POL-0007698,PO-2025-04556,1,MAT-00615,42,393.03,16507.26,DELIVERED
POL-0007699,PO-2025-04556,2,MAT-01142,2448,119.95,293637.6,DELIVERED
POL-0007700,PO-2025-04557,1,MAT-00707,117,6.54,765.18,DELIVERED
POL-0007701,PO-2025-04558,1,MAT-00746,1120,10.92,12230.4,DELIVERED
POL-0007702,PO-2025-04558,2,MAT-00290,507,12.44,6307.08,DELIVERED
POL-0007703,PO-2025-04559,1,MAT-00556,3765,16.6,62499.0,DELIVERED
POL-0007704,PO-2025-04559,2,MAT-00955,263,21.66,5696.58,DELIVERED
POL-0007705,PO-2025-04560,1,MAT-00387,141,36.38,5129.58,DELIVERED
POL-0007706,PO-2025-04560,2,MAT-00112,153,25.98,3974.94,DELIVERED
POL-0007707,PO-2025-04561,1,MAT-00515,851,14.31,12177.81,DELIVERED
POL-0007708,PO-2025-04561,2,MAT-00562,71,256.03,18178.13,DELIVERED
POL-0007709,PO-2025-04561,3,MAT-00107,1918,218.46,419006.28,DELIVERED
POL-0007710,PO-2025-04561,4,MAT-00997,381,184.88,70439.28,DELIVERED
POL-0007711,PO-2025-04562,1,MAT-00139,113,59.59,6733.67,PENDING
POL-0007712,PO-2025-04562,2,MAT-00930,42,22.16,930.72,PENDING
POL-0007713,PO-2025-04562,3,MAT-00700,1067,22.01,23484.67,PENDING
POL-0007714,PO-2025-04563,1,MAT-00918,728,34.2,24897.6,PENDING
POL-0007715,PO-2025-04563,2,MAT-00884,92,82.57,7596.44,PENDING
POL-0007716,PO-2025-04563,3,MAT-00115,1787,22.51,40225.37,PENDING
POL-0007717,PO-2025-04564,1,MAT-01012,1722,34.03,58599.66,DELIVERED
POL-0007718,PO-2025-04565,1,MAT-00715,68,26.1,1774.8,IN_TRANSIT
POL-0007719,PO-2025-04566,1,MAT-01091,2671,24.48,65386.08,OVERDUE
POL-0007720,PO-2025-04567,1,MAT-00203,386,91.24,35218.64,DELIVERED
POL-0007721,PO-2025-04567,2,MAT-01151,854,7.96,6797.84,DELIVERED
POL-0007722,PO-2025-04568,1,MAT-00753,240,8.73,2095.2,DELIVERED
POL-0007723,PO-2025-04569,1,MAT-00668,2194,137.32,301280.08,OVERDUE
POL-0007724,PO-2025-04570,1,MAT-00747,44,32.16,1415.04,PENDING
POL-0007725,PO-2025-04571,1,MAT-00926,407,4.52,1839.64,CANCELLED
POL-0007726,PO-2025-04571,2,MAT-00725,3173,28.78,91318.94,CANCELLED
POL-0007727,PO-2025-04571,3,MAT-00639,249,5.89,1466.61,CANCELLED
POL-0007728,PO-2025-04572,1,MAT-00895,1493,109.37,163289.41,OVERDUE
POL-0007729,PO-2025-04573,1,MAT-00010,476,46.25,22015.0,DELIVERED
POL-0007730,PO-2025-04573,2,MAT-00108,2585,31.83,82280.55,DELIVERED
POL-0007731,PO-2025-04573,3,MAT-01191,663,27.03,17920.89,DELIVERED
POL-0007732,PO-2025-04574,1,MAT-00574,51,20.04,1022.04,DELIVERED
POL-0007733,PO-2025-04574,2,MAT-00282,2247,48.44,108844.68,DELIVERED
POL-0007734,PO-2025-04575,1,MAT-00679,134,77.08,10328.72,DELIVERED
POL-0007735,PO-2025-04575,2,MAT-00774,4829,76.97,371688.13,DELIVERED
POL-0007736,PO-2025-04575,3,MAT-01024,346,285.56,98803.76,DELIVERED
POL-0007737,PO-2025-04576,1,MAT-00095,131,15.95,2089.45,PENDING
POL-0007738,PO-2025-04576,2,MAT-00014,3770,3.31,12478.7,PENDING
POL-0007739,PO-2025-04577,1,MAT-00799,545,24.99,13619.55,DELIVERED
POL-0007740,PO-2025-04578,1,MAT-00856,351,14.88,5222.88,DELIVERED
POL-0007741,PO-2025-04578,2,MAT-00334,555,12.59,6987.45,DELIVERED
POL-0007742,PO-2025-04578,3,MAT-00324,86,263.42,22654.12,DELIVERED
POL-0007743,PO-2025-04579,1,MAT-00358,1622,20.32,32959.04,DELIVERED
POL-0007744,PO-2025-04579,2,MAT-00358,1661,20.32,33751.52,DELIVERED
POL-0007745,PO-2025-04579,3,MAT-00577,1030,32.71,33691.3,DELIVERED
POL-0007746,PO-2025-04580,1,MAT-00783,1937,42.1,81547.7,DELIVERED
POL-0007747,PO-2025-04581,1,MAT-00602,68,10.19,692.92,DELIVERED
POL-0007748,PO-2025-04582,1,MAT-00200,3241,7.7,24955.7,DELIVERED
POL-0007749,PO-2025-04582,2,MAT-00493,3920,29.45,115444.0,DELIVERED
POL-0007750,PO-2025-04583,1,MAT-01119,1908,31.06,59262.48,OVERDUE
POL-0007751,PO-2025-04583,2,MAT-01025,445,185.16,82396.2,OVERDUE
POL-0007752,PO-2025-04583,3,MAT-00601,164,63.86,10473.04,OVERDUE
POL-0007753,PO-2025-04583,4,MAT-00137,68,10.76,731.68,OVERDUE
POL-0007754,PO-2025-04584,1,MAT-00712,170,21.29,3619.3,OVERDUE
POL-0007755,PO-2025-04584,2,MAT-00696,1572,17.59,27651.48,OVERDUE
POL-0007756,PO-2025-04585,1,MAT-01127,821,35.07,28792.47,DELIVERED
POL-0007757,PO-2025-04585,2,MAT-00091,1262,29.94,37784.28,DELIVERED
POL-0007758,PO-2025-04585,3,MAT-00184,1493,43.08,64318.44,DELIVERED
POL-0007759,PO-2025-04585,4,MAT-00619,100,42.28,4228.0,DELIVERED
POL-0007760,PO-2025-04586,1,MAT-00937,857,8.09,6933.13,DELIVERED
POL-0007761,PO-2025-04587,1,MAT-00490,344,74.01,25459.44,DELIVERED
POL-0007762,PO-2025-04587,2,MAT-00198,4717,30.26,142736.42,DELIVERED
POL-0007763,PO-2025-04588,1,MAT-00111,2288,3.07,7024.16,DELIVERED
POL-0007764,PO-2025-04588,2,MAT-00798,88,51.28,4512.64,DELIVERED
POL-0007765,PO-2025-04588,3,MAT-00209,3473,43.72,151839.56,DELIVERED
POL-0007766,PO-2025-04588,4,MAT-00927,4599,15.13,69582.87,DELIVERED
POL-0007767,PO-2025-04589,1,MAT-00552,1481,23.06,34151.86,DELIVERED
POL-0007768,PO-2025-04590,1,MAT-01065,2484,18.9,46947.6,IN_TRANSIT
POL-0007769,PO-2025-04590,2,MAT-00733,3401,37.92,128965.92,IN_TRANSIT
POL-0007770,PO-2025-04590,3,MAT-00559,167,39.35,6571.45,IN_TRANSIT
POL-0007771,PO-2025-04591,1,MAT-00034,217,8.39,1820.63,DELIVERED
POL-0007772,PO-2025-04592,1,MAT-00184,2166,43.08,93311.28,DELIVERED
POL-0007773,PO-2025-04592,2,MAT-01121,277,79.69,22074.13,DELIVERED
POL-0007774,PO-2025-04593,1,MAT-00665,58,11.14,646.12,DELIVERED
POL-0007775,PO-2025-04594,1,MAT-00248,2018,12.46,25144.28,DELIVERED
POL-0007776,PO-2025-04594,2,MAT-00005,2464,21.07,51916.48,DELIVERED
POL-0007777,PO-2025-04594,3,MAT-00907,4313,6.14,26481.82,DELIVERED
POL-0007778,PO-2025-04595,1,MAT-01187,68,9.34,635.12,CANCELLED
POL-0007779,PO-2025-04595,2,MAT-00868,334,35.58,11883.72,CANCELLED
POL-0007780,PO-2025-04596,1,MAT-00231,3167,10.55,33411.85,DELIVERED
POL-0007781,PO-2025-04597,1,MAT-01140,102,60.83,6204.66,DELIVERED
POL-0007782,PO-2025-04598,1,MAT-00738,188,77.11,14496.68,DELIVERED
POL-0007783,PO-2025-04598,2,MAT-01195,173,4.36,754.28,DELIVERED
POL-0007784,PO-2025-04599,1,MAT-00270,107,31.02,3319.14,DELIVERED
POL-0007785,PO-2025-04599,2,MAT-00796,1626,75.17,122226.42,DELIVERED
POL-0007786,PO-2025-04600,1,MAT-00516,895,55.41,49591.95,OVERDUE
POL-0007787,PO-2025-04600,2,MAT-01019,1349,18.3,24686.7,OVERDUE
POL-0007788,PO-2025-04600,3,MAT-00040,104,31.14,3238.56,OVERDUE
POL-0007789,PO-2025-04601,1,MAT-00462,87,25.14,2187.18,DELIVERED
POL-0007790,PO-2025-04602,1,MAT-00531,2337,54.83,128137.71,PENDING
POL-0007791,PO-2025-04602,2,MAT-00962,91,102.48,9325.68,PENDING
POL-0007792,PO-2025-04603,1,MAT-00535,910,11.88,10810.8,DELIVERED
POL-0007793,PO-2025-04603,2,MAT-00411,45,58.42,2628.9,DELIVERED
POL-0007794,PO-2025-04603,3,MAT-00735,326,84.64,27592.64,DELIVERED
POL-0007795,PO-2025-04604,1,MAT-01049,2894,119.58,346064.52,DELIVERED
POL-0007796,PO-2025-04605,1,MAT-01083,1759,17.97,31609.23,DELIVERED
POL-0007797,PO-2025-04606,1,MAT-00180,57,529.06,30156.42,DELIVERED
POL-0007798,PO-2025-04607,1,MAT-00328,210,63.39,13311.9,DELIVERED
POL-0007799,PO-2025-04608,1,MAT-00906,157,28.07,4406.99,OVERDUE
POL-0007800,PO-2025-04608,2,MAT-01031,1470,20.02,29429.4,OVERDUE
POL-0007801,PO-2025-04609,1,MAT-00853,106,13.57,1438.42,DELIVERED
POL-0007802,PO-2025-04610,1,MAT-00084,986,13.84,13646.24,DELIVERED
POL-0007803,PO-2025-04611,1,MAT-01040,153,86.86,13289.58,OVERDUE
POL-0007804,PO-2025-04612,1,MAT-00490,305,74.01,22573.05,IN_TRANSIT
POL-0007805,PO-2025-04612,2,MAT-01151,696,7.96,5540.16,IN_TRANSIT
POL-0007806,PO-2025-04613,1,MAT-00524,1051,51.02,53622.02,DELIVERED
POL-0007807,PO-2025-04613,2,MAT-00290,1837,12.44,22852.28,DELIVERED
POL-0007808,PO-2025-04614,1,MAT-00698,43,6.02,258.86,DELIVERED
POL-0007809,PO-2025-04614,2,MAT-00604,414,120.87,50040.18,DELIVERED
POL-0007810,PO-2025-04614,3,MAT-00564,202,17.34,3502.68,DELIVERED
POL-0007811,PO-2025-04615,1,MAT-01022,1079,14.64,15796.56,DELIVERED
POL-0007812,PO-2025-04615,2,MAT-00458,220,8.73,1920.6,DELIVERED
POL-0007813,PO-2025-04616,1,MAT-00196,507,35.98,18241.86,DELIVERED
POL-0007814,PO-2025-04617,1,MAT-00460,168,6.99,1174.32,DELIVERED
POL-0007815,PO-2025-04618,1,MAT-00187,308,41.36,12738.88,DELIVERED
POL-0007816,PO-2025-04618,2,MAT-00477,65,47.35,3077.75,DELIVERED
POL-0007817,PO-2025-04618,3,MAT-00335,101,78.13,7891.13,DELIVERED
POL-0007818,PO-2025-04619,1,MAT-00097,4709,38.03,179083.27,DELIVERED
POL-0007819,PO-2025-04619,2,MAT-00997,866,184.88,160106.08,DELIVERED
POL-0007820,PO-2025-04620,1,MAT-01133,132,162.9,21502.8,PENDING
POL-0007821,PO-2025-04621,1,MAT-00790,1174,4.0,4696.0,DELIVERED
POL-0007822,PO-2025-04622,1,MAT-00281,1025,26.61,27275.25,DELIVERED
POL-0007823,PO-2025-04623,1,MAT-00774,3671,76.97,282556.87,DELIVERED
POL-0007824,PO-2025-04623,2,MAT-00437,2555,152.09,388589.95,DELIVERED
POL-0007825,PO-2025-04624,1,MAT-01178,973,21.0,20433.0,DELIVERED
POL-0007826,PO-2025-04625,1,MAT-00090,342,43.84,14993.28,DELIVERED
POL-0007827,PO-2025-04626,1,MAT-01110,33,205.1,6768.3,DELIVERED
POL-0007828,PO-2025-04626,2,MAT-01079,2141,140.21,300189.61,DELIVERED
POL-0007829,PO-2025-04626,3,MAT-01200,1180,112.14,132325.2,DELIVERED
POL-0007830,PO-2025-04627,1,MAT-00526,1056,3.7,3907.2,DELIVERED
POL-0007831,PO-2025-04627,2,MAT-00900,390,11.44,4461.6,DELIVERED
POL-0007832,PO-2025-04628,1,MAT-00604,538,120.87,65028.06,DELIVERED
POL-0007833,PO-2025-04628,2,MAT-00514,1036,9.35,9686.6,DELIVERED
POL-0007834,PO-2025-04629,1,MAT-00628,192,21.55,4137.6,DELIVERED
POL-0007835,PO-2025-04630,1,MAT-00527,1122,4.28,4802.16,DELIVERED
POL-0007836,PO-2025-04631,1,MAT-00617,146,28.11,4104.06,DELIVERED
POL-0007837,PO-2025-04631,2,MAT-01059,1272,48.3,61437.6,DELIVERED
POL-0007838,PO-2025-04631,3,MAT-00599,197,16.78,3305.66,DELIVERED
POL-0007839,PO-2025-04632,1,MAT-00328,304,63.39,19270.56,DELIVERED
POL-0007840,PO-2025-04633,1,MAT-00807,1620,30.8,49896.0,DELIVERED
POL-0007841,PO-2025-04634,1,MAT-00470,117,14.39,1683.63,DELIVERED
POL-0007842,PO-2025-04635,1,MAT-00602,94,10.19,957.86,DELIVERED
POL-0007843,PO-2025-04635,2,MAT-00895,1905,109.37,208349.85,DELIVERED
POL-0007844,PO-2025-04636,1,MAT-01023,865,23.04,19929.6,PENDING
POL-0007845,PO-2025-04637,1,MAT-00999,205,14.15,2900.75,OVERDUE
POL-0007846,PO-2025-04638,1,MAT-00904,507,112.52,57047.64,DELIVERED
POL-0007847,PO-2025-04639,1,MAT-00337,185,10.5,1942.5,DELIVERED
POL-0007848,PO-2025-04639,2,MAT-00564,201,17.34,3485.34,DELIVERED
POL-0007849,PO-2025-04639,3,MAT-00382,107,12.27,1312.89,DELIVERED
POL-0007850,PO-2025-04640,1,MAT-00282,2327,48.44,112719.88,CANCELLED
POL-0007851,PO-2025-04640,2,MAT-00090,277,43.84,12143.68,CANCELLED
POL-0007852,PO-2025-04640,3,MAT-00141,169,33.2,5610.8,CANCELLED
POL-0007853,PO-2025-04641,1,MAT-00708,4423,170.09,752308.07,DELIVERED
POL-0007854,PO-2025-04641,2,MAT-00484,822,31.07,25539.54,DELIVERED
POL-0007855,PO-2025-04642,1,MAT-01141,1637,20.07,32854.59,DELIVERED
POL-0007856,PO-2025-04642,2,MAT-00002,312,21.88,6826.56,DELIVERED
POL-0007857,PO-2025-04642,3,MAT-01085,175,38.18,6681.5,DELIVERED
POL-0007858,PO-2025-04642,4,MAT-00943,615,51.39,31604.85,DELIVERED
POL-0007859,PO-2025-04643,1,MAT-01119,1350,31.06,41931.0,CANCELLED
POL-0007860,PO-2025-04644,1,MAT-00576,1193,2.21,2636.53,DELIVERED
POL-0007861,PO-2025-04644,2,MAT-01040,162,86.86,14071.32,DELIVERED
POL-0007862,PO-2025-04645,1,MAT-01185,170,9.35,1589.5,OVERDUE
POL-0007863,PO-2025-04645,2,MAT-00554,862,32.22,27773.64,OVERDUE
POL-0007864,PO-2025-04646,1,MAT-00246,2060,17.64,36338.4,IN_TRANSIT
POL-0007865,PO-2025-04647,1,MAT-00005,1676,21.07,35313.32,DELIVERED
POL-0007866,PO-2025-04647,2,MAT-00654,2357,7.32,17253.24,DELIVERED
POL-0007867,PO-2025-04648,1,MAT-00633,962,20.47,19692.14,DELIVERED
POL-0007868,PO-2025-04648,2,MAT-00911,75,18.73,1404.75,DELIVERED
POL-0007869,PO-2025-04649,1,MAT-00026,3699,30.32,112153.68,DELIVERED
POL-0007870,PO-2025-04649,2,MAT-00442,87,24.22,2107.14,DELIVERED
POL-0007871,PO-2025-04649,3,MAT-00304,210,45.95,9649.5,DELIVERED
POL-0007872,PO-2025-04650,1,MAT-00402,990,14.37,14226.3,DELIVERED
POL-0007873,PO-2025-04651,1,MAT-00942,2173,69.64,151327.72,DELIVERED
POL-0007874,PO-2025-04652,1,MAT-00466,201,20.96,4212.96,DELIVERED
POL-0007875,PO-2025-04653,1,MAT-01030,770,8.23,6337.1,OVERDUE
POL-0007876,PO-2025-04654,1,MAT-00343,3352,33.01,110649.52,DELIVERED
POL-0007877,PO-2025-04655,1,MAT-00160,722,48.48,35002.56,IN_TRANSIT
POL-0007878,PO-2025-04656,1,MAT-01031,1081,20.02,21641.62,DELIVERED
POL-0007879,PO-2025-04656,2,MAT-00738,85,77.11,6554.35,DELIVERED
POL-0007880,PO-2025-04656,3,MAT-00077,138,30.35,4188.3,DELIVERED
POL-0007881,PO-2025-04656,4,MAT-01169,333,50.44,16796.52,DELIVERED
POL-0007882,PO-2025-04657,1,MAT-00158,335,40.12,13440.2,DELIVERED
POL-0007883,PO-2025-04658,1,MAT-01159,2427,76.87,186563.49,PENDING
POL-0007884,PO-2025-04659,1,MAT-00873,71,5.67,402.57,DELIVERED
POL-0007885,PO-2025-04660,1,MAT-01096,54,24.14,1303.56,DELIVERED
POL-0007886,PO-2025-04661,1,MAT-00295,446,38.14,17010.44,DELIVERED
POL-0007887,PO-2025-04662,1,MAT-00456,247,10.4,2568.8,DELIVERED
POL-0007888,PO-2025-04662,2,MAT-00051,2465,33.61,82848.65,DELIVERED
POL-0007889,PO-2025-04662,3,MAT-00040,186,31.14,5792.04,DELIVERED
POL-0007890,PO-2025-04663,1,MAT-00842,411,52.45,21556.95,OVERDUE
POL-0007891,PO-2025-04664,1,MAT-00973,888,62.65,55633.2,DELIVERED
POL-0007892,PO-2025-04665,1,MAT-00187,190,41.36,7858.4,DELIVERED
POL-0007893,PO-2025-04665,2,MAT-00098,470,37.1,17437.0,DELIVERED
POL-0007894,PO-2025-04665,3,MAT-00220,1696,29.8,50540.8,DELIVERED
POL-0007895,PO-2025-04666,1,MAT-00160,1449,48.48,70247.52,DELIVERED
POL-0007896,PO-2025-04666,2,MAT-00275,232,8.09,1876.88,DELIVERED
POL-0007897,PO-2025-04666,3,MAT-00232,1373,31.99,43922.27,DELIVERED
POL-0007898,PO-2025-04666,4,MAT-01068,2368,84.73,200640.64,DELIVERED
POL-0007899,PO-2025-04667,1,MAT-00422,138,176.15,24308.7,DELIVERED
POL-0007900,PO-2025-04668,1,MAT-00744,80,24.53,1962.4,DELIVERED
POL-0007901,PO-2025-04668,2,MAT-00358,1852,20.32,37632.64,DELIVERED
POL-0007902,PO-2025-04669,1,MAT-00328,420,63.39,26623.8,DELIVERED
POL-0007903,PO-2025-04669,2,MAT-00690,1203,43.87,52775.61,DELIVERED
POL-0007904,PO-2025-04669,3,MAT-00571,74,24.27,1795.98,DELIVERED
POL-0007905,PO-2025-04670,1,MAT-00456,241,10.4,2506.4,DELIVERED
POL-0007906,PO-2025-04671,1,MAT-00110,399,22.42,8945.58,DELIVERED
POL-0007907,PO-2025-04672,1,MAT-00578,2022,59.6,120511.2,DELIVERED
POL-0007908,PO-2025-04672,2,MAT-00869,70,57.93,4055.1,DELIVERED
POL-0007909,PO-2025-04672,3,MAT-00787,398,67.61,26908.78,DELIVERED
POL-0007910,PO-2025-04672,4,MAT-00258,834,12.63,10533.42,DELIVERED
POL-0007911,PO-2025-04673,1,MAT-00987,3352,138.37,463816.24,DELIVERED
POL-0007912,PO-2025-04673,2,MAT-00569,105,3.19,334.95,DELIVERED
POL-0007913,PO-2025-04674,1,MAT-00687,1884,19.31,36380.04,DELIVERED
POL-0007914,PO-2025-04674,2,MAT-00738,169,77.11,13031.59,DELIVERED
POL-0007915,PO-2025-04675,1,MAT-00875,1564,25.78,40319.92,DELIVERED
POL-0007916,PO-2025-04675,2,MAT-00769,521,13.62,7096.02,DELIVERED
POL-0007917,PO-2025-04676,1,MAT-00988,540,65.33,35278.2,DELIVERED
POL-0007918,PO-2025-04676,2,MAT-01048,1744,4.58,7987.52,DELIVERED
POL-0007919,PO-2025-04677,1,MAT-00455,63,15.14,953.82,DELIVERED
POL-0007920,PO-2025-04678,1,MAT-00703,1022,12.47,12744.34,DELIVERED
POL-0007921,PO-2025-04679,1,MAT-00652,27,87.78,2370.06,DELIVERED
POL-0007922,PO-2025-04680,1,MAT-00535,1038,11.88,12331.44,PENDING
POL-0007923,PO-2025-04680,2,MAT-01075,1331,77.99,103804.69,PENDING
POL-0007924,PO-2025-04681,1,MAT-01123,61,48.63,2966.43,DELIVERED
POL-0007925,PO-2025-04681,2,MAT-00722,247,4.1,1012.7,DELIVERED
POL-0007926,PO-2025-04682,1,MAT-00460,279,6.99,1950.21,DELIVERED
POL-0007927,PO-2025-04682,2,MAT-00920,329,29.44,9685.76,DELIVERED
POL-0007928,PO-2025-04683,1,MAT-00990,41,26.97,1105.77,DELIVERED
POL-0007929,PO-2025-04684,1,MAT-01190,1047,8.45,8847.15,DELIVERED
POL-0007930,PO-2025-04685,1,MAT-00669,3687,1.61,5936.07,DELIVERED
POL-0007931,PO-2025-04686,1,MAT-00672,136,2.47,335.92,DELIVERED
POL-0007932,PO-2025-04686,2,MAT-00986,117,7.51,878.67,DELIVERED
POL-0007933,PO-2025-04687,1,MAT-00651,779,193.06,150393.74,DELIVERED
POL-0007934,PO-2025-04688,1,MAT-01113,4544,71.94,326895.36,DELIVERED
POL-0007935,PO-2025-04688,2,MAT-00536,1246,25.16,31349.36,DELIVERED
POL-0007936,PO-2025-04689,1,MAT-00221,1284,352.89,453110.76,DELIVERED
POL-0007937,PO-2025-04690,1,MAT-01153,2299,12.76,29335.24,DELIVERED
POL-0007938,PO-2025-04691,1,MAT-00042,208,32.69,6799.52,DELIVERED
POL-0007939,PO-2025-04691,2,MAT-00790,1762,4.0,7048.0,DELIVERED
POL-0007940,PO-2025-04692,1,MAT-00152,246,40.97,10078.62,IN_TRANSIT
POL-0007941,PO-2025-04693,1,MAT-00371,47,26.71,1255.37,IN_TRANSIT
POL-0007942,PO-2025-04694,1,MAT-00042,208,32.69,6799.52,DELIVERED
POL-0007943,PO-2025-04695,1,MAT-00222,362,3.54,1281.48,DELIVERED
POL-0007944,PO-2025-04695,2,MAT-00146,363,66.13,24005.19,DELIVERED
POL-0007945,PO-2025-04695,3,MAT-00433,270,18.12,4892.4,DELIVERED
POL-0007946,PO-2025-04696,1,MAT-00672,80,2.47,197.6,DELIVERED
POL-0007947,PO-2025-04696,2,MAT-01074,4569,6.3,28784.7,DELIVERED
POL-0007948,PO-2025-04697,1,MAT-00546,2164,9.91,21445.24,CANCELLED
POL-0007949,PO-2025-04698,1,MAT-00070,155,12.85,1991.75,DELIVERED
POL-0007950,PO-2025-04699,1,MAT-00844,948,42.57,40356.36,DELIVERED
POL-0007951,PO-2025-04700,1,MAT-00975,2089,14.88,31084.32,CANCELLED
POL-0007952,PO-2025-04700,2,MAT-00917,238,48.1,11447.8,CANCELLED
POL-0007953,PO-2025-04700,3,MAT-00347,296,5.12,1515.52,CANCELLED
POL-0007954,PO-2025-04701,1,MAT-00848,354,356.33,126140.82,DELIVERED
POL-0007955,PO-2025-04701,2,MAT-00907,2882,6.14,17695.48,DELIVERED
POL-0007956,PO-2025-04701,3,MAT-00106,50,42.34,2117.0,DELIVERED
POL-0007957,PO-2025-04701,4,MAT-00947,305,4.51,1375.55,DELIVERED
POL-0007958,PO-2025-04702,1,MAT-01052,412,39.07,16096.84,DELIVERED
POL-0007959,PO-2025-04702,2,MAT-00781,1987,29.37,58358.19,DELIVERED
POL-0007960,PO-2025-04703,1,MAT-00147,117,6.15,719.55,DELIVERED
POL-0007961,PO-2025-04704,1,MAT-00500,54,5.98,322.92,DELIVERED
POL-0007962,PO-2025-04705,1,MAT-00013,952,32.0,30464.0,DELIVERED
POL-0007963,PO-2025-04706,1,MAT-01147,285,7.16,2040.6,DELIVERED
POL-0007964,PO-2025-04706,2,MAT-00157,202,216.85,43803.7,DELIVERED
POL-0007965,PO-2025-04706,3,MAT-01119,4634,31.06,143932.04,DELIVERED
POL-0007966,PO-2025-04707,1,MAT-00776,1032,4.92,5077.44,DELIVERED
POL-0007967,PO-2025-04708,1,MAT-00949,2461,23.02,56652.22,DELIVERED
POL-0007968,PO-2025-04709,1,MAT-00577,2053,32.71,67153.63,DELIVERED
POL-0007969,PO-2025-04709,2,MAT-00872,479,10.02,4799.58,DELIVERED
POL-0007970,PO-2025-04709,3,MAT-00368,3234,26.65,86186.1,DELIVERED
POL-0007971,PO-2025-04710,1,MAT-00311,77,19.43,1496.11,DELIVERED
POL-0007972,PO-2025-04711,1,MAT-00675,125,5.74,717.5,DELIVERED
POL-0007973,PO-2025-04712,1,MAT-00993,2205,21.06,46437.3,DELIVERED
POL-0007974,PO-2025-04713,1,MAT-00800,525,26.27,13791.75,DELIVERED
POL-0007975,PO-2025-04714,1,MAT-00321,1026,25.93,26604.18,OVERDUE
POL-0007976,PO-2025-04714,2,MAT-01075,600,77.99,46794.0,OVERDUE
POL-0007977,PO-2025-04714,3,MAT-00956,239,82.45,19705.55,OVERDUE
POL-0007978,PO-2025-04715,1,MAT-00674,900,17.6,15840.0,DELIVERED
POL-0007979,PO-2025-04715,2,MAT-00284,668,6.4,4275.2,DELIVERED
POL-0007980,PO-2025-04715,3,MAT-00502,242,205.13,49641.46,DELIVERED
POL-0007981,PO-2025-04715,4,MAT-00368,1908,26.65,50848.2,DELIVERED
POL-0007982,PO-2025-04716,1,MAT-00949,1495,23.02,34414.9,PENDING
POL-0007983,PO-2025-04717,1,MAT-00256,1360,16.01,21773.6,DELIVERED
POL-0007984,PO-2025-04718,1,MAT-00423,133,20.76,2761.08,DELIVERED
POL-0007985,PO-2025-04718,2,MAT-00872,1081,10.02,10831.62,DELIVERED
POL-0007986,PO-2025-04719,1,MAT-00947,417,4.51,1880.67,PENDING
POL-0007987,PO-2025-04720,1,MAT-01046,311,69.27,21542.97,DELIVERED
POL-0007988,PO-2025-04721,1,MAT-00613,2546,36.77,93616.42,DELIVERED
POL-0007989,PO-2025-04721,2,MAT-00802,4467,15.7,70131.9,DELIVERED
POL-0007990,PO-2025-04722,1,MAT-00895,2084,109.37,227927.08,DELIVERED
POL-0007991,PO-2025-04723,1,MAT-00890,202,85.97,17365.94,OVERDUE
POL-0007992,PO-2025-04723,2,MAT-01010,373,13.21,4927.33,OVERDUE
POL-0007993,PO-2025-04724,1,MAT-00850,123,15.13,1860.99,IN_TRANSIT
POL-0007994,PO-2025-04724,2,MAT-00657,177,28.52,5048.04,IN_TRANSIT
POL-0007995,PO-2025-04724,3,MAT-00543,98,42.16,4131.68,IN_TRANSIT
POL-0007996,PO-2025-04725,1,MAT-00834,1980,11.89,23542.2,DELIVERED
POL-0007997,PO-2025-04725,2,MAT-00923,36,27.65,995.4,DELIVERED
POL-0007998,PO-2025-04725,3,MAT-00405,504,15.34,7731.36,DELIVERED
POL-0007999,PO-2025-04726,1,MAT-00954,2039,125.17,255221.63,DELIVERED
POL-0008000,PO-2025-04726,2,MAT-00300,1187,48.83,57961.21,DELIVERED
POL-0008001,PO-2025-04726,3,MAT-00356,422,7.8,3291.6,DELIVERED
POL-0008002,PO-2025-04727,1,MAT-00774,3526,76.97,271396.22,DELIVERED
POL-0008003,PO-2025-04727,2,MAT-00263,1499,1.44,2158.56,DELIVERED
POL-0008004,PO-2025-04728,1,MAT-00625,52,156.15,8119.8,DELIVERED
POL-0008005,PO-2025-04729,1,MAT-00121,350,59.21,20723.5,DELIVERED
POL-0008006,PO-2025-04730,1,MAT-00615,114,393.03,44805.42,DELIVERED
POL-0008007,PO-2025-04730,2,MAT-01154,108,6.47,698.76,DELIVERED
POL-0008008,PO-2025-04731,1,MAT-00413,103,4.8,494.4,DELIVERED
POL-0008009,PO-2025-04732,1,MAT-00682,211,7.46,1574.06,DELIVERED
POL-0008010,PO-2025-04733,1,MAT-00272,55,5.47,300.85,DELIVERED
POL-0008011,PO-2025-04733,2,MAT-00305,365,25.36,9256.4,DELIVERED
POL-0008012,PO-2025-04734,1,MAT-00453,286,9.49,2714.14,DELIVERED
POL-0008013,PO-2025-04734,2,MAT-00813,32,137.77,4408.64,DELIVERED
POL-0008014,PO-2025-04734,3,MAT-00160,2300,48.48,111504.0,DELIVERED
POL-0008015,PO-2025-04735,1,MAT-00936,1356,13.86,18794.16,DELIVERED
POL-0008016,PO-2025-04736,1,MAT-00162,184,66.09,12160.56,DELIVERED
POL-0008017,PO-2025-04736,2,MAT-00725,1973,28.78,56782.94,DELIVERED
POL-0008018,PO-2025-04736,3,MAT-00560,410,16.8,6888.0,DELIVERED
POL-0008019,PO-2025-04737,1,MAT-00151,116,32.31,3747.96,DELIVERED
POL-0008020,PO-2025-04737,2,MAT-00692,289,84.82,24512.98,DELIVERED
POL-0008021,PO-2025-04737,3,MAT-00132,626,29.72,18604.72,DELIVERED
POL-0008022,PO-2025-04738,1,MAT-00919,99,16.1,1593.9,DELIVERED
POL-0008023,PO-2025-04739,1,MAT-00281,905,26.61,24082.05,IN_TRANSIT
POL-0008024,PO-2025-04740,1,MAT-01141,2059,20.07,41324.13,DELIVERED
POL-0008025,PO-2025-04740,2,MAT-00453,106,9.49,1005.94,DELIVERED
POL-0008026,PO-2025-04741,1,MAT-00285,1000,292.76,292760.0,PENDING
POL-0008027,PO-2025-04742,1,MAT-00769,893,13.62,12162.66,DELIVERED
POL-0008028,PO-2025-04743,1,MAT-00387,82,36.38,2983.16,DELIVERED
POL-0008029,PO-2025-04744,1,MAT-00807,700,30.8,21560.0,DELIVERED
POL-0008030,PO-2025-04744,2,MAT-00634,198,16.76,3318.48,DELIVERED
POL-0008031,PO-2025-04745,1,MAT-00126,338,271.29,91696.02,PENDING
POL-0008032,PO-2025-04746,1,MAT-00975,2429,14.88,36143.52,DELIVERED
POL-0008033,PO-2025-04746,2,MAT-00885,1942,55.94,108635.48,DELIVERED
POL-0008034,PO-2025-04746,3,MAT-00598,153,8.31,1271.43,DELIVERED
POL-0008035,PO-2025-04747,1,MAT-00453,392,9.49,3720.08,DELIVERED
POL-0008036,PO-2025-04747,2,MAT-00230,106,57.9,6137.4,DELIVERED
POL-0008037,PO-2025-04747,3,MAT-00408,302,19.97,6030.94,DELIVERED
POL-0008038,PO-2025-04748,1,MAT-00414,1537,95.4,146629.8,DELIVERED
POL-0008039,PO-2025-04748,2,MAT-01107,3905,48.98,191266.9,DELIVERED
POL-0008040,PO-2025-04749,1,MAT-00641,289,18.57,5366.73,DELIVERED
POL-0008041,PO-2025-04750,1,MAT-00505,75,13.36,1002.0,OVERDUE
POL-0008042,PO-2025-04751,1,MAT-00992,4649,2.75,12784.75,DELIVERED
POL-0008043,PO-2025-04751,2,MAT-01139,238,51.2,12185.6,DELIVERED
POL-0008044,PO-2025-04752,1,MAT-01113,2379,71.94,171145.26,OVERDUE
POL-0008045,PO-2025-04753,1,MAT-00605,1451,39.73,57648.23,DELIVERED
POL-0008046,PO-2025-04754,1,MAT-00819,695,29.25,20328.75,DELIVERED
POL-0008047,PO-2025-04754,2,MAT-00659,4200,35.0,147000.0,DELIVERED
POL-0008048,PO-2025-04754,3,MAT-00762,45,28.94,1302.3,DELIVERED
POL-0008049,PO-2025-04755,1,MAT-00065,63,64.8,4082.4,DELIVERED
POL-0008050,PO-2025-04756,1,MAT-00263,1633,1.44,2351.52,DELIVERED
POL-0008051,PO-2025-04757,1,MAT-00495,75,132.83,9962.25,DELIVERED
POL-0008052,PO-2025-04757,2,MAT-00710,395,162.07,64017.65,DELIVERED
POL-0008053,PO-2025-04758,1,MAT-00401,377,4.11,1549.47,OVERDUE
POL-0008054,PO-2025-04759,1,MAT-00931,408,13.9,5671.2,DELIVERED
POL-0008055,PO-2025-04759,2,MAT-00742,780,5.96,4648.8,DELIVERED
POL-0008056,PO-2025-04759,3,MAT-01003,2113,27.55,58213.15,DELIVERED
POL-0008057,PO-2025-04760,1,MAT-00252,2779,65.87,183052.73,DELIVERED
POL-0008058,PO-2025-04761,1,MAT-00250,446,42.88,19124.48,DELIVERED
POL-0008059,PO-2025-04762,1,MAT-00291,2714,21.89,59409.46,DELIVERED
POL-0008060,PO-2025-04763,1,MAT-00633,725,20.47,14840.75,DELIVERED
POL-0008061,PO-2025-04763,2,MAT-00938,472,54.51,25728.72,DELIVERED
POL-0008062,PO-2025-04763,3,MAT-00474,229,123.61,28306.69,DELIVERED
POL-0008063,PO-2025-04764,1,MAT-00442,206,24.22,4989.32,OVERDUE
POL-0008064,PO-2025-04764,2,MAT-00571,78,24.27,1893.06,OVERDUE
POL-0008065,PO-2025-04764,3,MAT-00357,2323,24.25,56332.75,OVERDUE
POL-0008066,PO-2025-04765,1,MAT-00326,1796,7.37,13236.52,DELIVERED
POL-0008067,PO-2025-04765,2,MAT-00414,4422,95.4,421858.8,DELIVERED
POL-0008068,PO-2025-04766,1,MAT-00882,156,14.83,2313.48,DELIVERED
POL-0008069,PO-2025-04766,2,MAT-01126,2682,7.09,19015.38,DELIVERED
POL-0008070,PO-2025-04767,1,MAT-01093,292,59.23,17295.16,DELIVERED
POL-0008071,PO-2025-04767,2,MAT-00211,1128,45.23,51019.44,DELIVERED
POL-0008072,PO-2025-04768,1,MAT-00814,83,33.95,2817.85,IN_TRANSIT
POL-0008073,PO-2025-04769,1,MAT-00725,3736,28.78,107522.08,DELIVERED
POL-0008074,PO-2025-04769,2,MAT-00264,249,8.15,2029.35,DELIVERED
POL-0008075,PO-2025-04770,1,MAT-01120,52,80.79,4201.08,DELIVERED
POL-0008076,PO-2025-04770,2,MAT-00162,268,66.09,17712.12,DELIVERED
POL-0008077,PO-2025-04771,1,MAT-01172,674,33.4,22511.6,DELIVERED
POL-0008078,PO-2025-04771,2,MAT-00782,1006,5.92,5955.52,DELIVERED
POL-0008079,PO-2025-04771,3,MAT-01110,56,205.1,11485.6,DELIVERED
POL-0008080,PO-2025-04772,1,MAT-00059,1535,39.01,59880.35,DELIVERED
POL-0008081,PO-2025-04773,1,MAT-00806,839,17.82,14950.98,DELIVERED
POL-0008082,PO-2025-04774,1,MAT-00757,3636,48.01,174564.36,OVERDUE
POL-0008083,PO-2025-04775,1,MAT-00876,31,179.11,5552.41,DELIVERED
POL-0008084,PO-2025-04775,2,MAT-00902,984,15.79,15537.36,DELIVERED
POL-0008085,PO-2025-04776,1,MAT-00493,2156,29.45,63494.2,DELIVERED
POL-0008086,PO-2025-04777,1,MAT-00659,1015,35.0,35525.0,OVERDUE
POL-0008087,PO-2025-04778,1,MAT-00599,108,16.78,1812.24,DELIVERED
POL-0008088,PO-2025-04779,1,MAT-00602,150,10.19,1528.5,PENDING
POL-0008089,PO-2025-04779,2,MAT-00199,260,26.32,6843.2,PENDING
POL-0008090,PO-2025-04779,3,MAT-00411,100,58.42,5842.0,PENDING
POL-0008091,PO-2025-04780,1,MAT-00752,233,5.32,1239.56,DELIVERED
POL-0008092,PO-2025-04781,1,MAT-00724,2499,62.9,157187.1,DELIVERED
POL-0008093,PO-2025-04782,1,MAT-00383,2710,2.31,6260.1,DELIVERED
POL-0008094,PO-2025-04782,2,MAT-00092,4745,81.1,384819.5,DELIVERED
POL-0008095,PO-2025-04782,3,MAT-01179,1781,8.13,14479.53,DELIVERED
POL-0008096,PO-2025-04782,4,MAT-00732,107,8.69,929.83,DELIVERED
POL-0008097,PO-2025-04783,1,MAT-00740,762,72.02,54879.24,DELIVERED
POL-0008098,PO-2025-04784,1,MAT-00840,154,21.61,3327.94,DELIVERED
POL-0008099,PO-2025-04784,2,MAT-00522,74,48.45,3585.3,DELIVERED
POL-0008100,PO-2025-04785,1,MAT-00220,3697,29.8,110170.6,DELIVERED
POL-0008101,PO-2025-04786,1,MAT-00533,920,21.7,19964.0,DELIVERED
POL-0008102,PO-2025-04787,1,MAT-01195,160,4.36,697.6,DELIVERED
POL-0008103,PO-2025-04787,2,MAT-00319,515,38.12,19631.8,DELIVERED
POL-0008104,PO-2025-04787,3,MAT-01052,295,39.07,11525.65,DELIVERED
POL-0008105,PO-2025-04788,1,MAT-00794,166,6.76,1122.16,DELIVERED
POL-0008106,PO-2025-04788,2,MAT-00298,2907,37.15,107995.05,DELIVERED
POL-0008107,PO-2025-04789,1,MAT-01160,120,18.22,2186.4,DELIVERED
POL-0008108,PO-2025-04789,2,MAT-01095,291,56.28,16377.48,DELIVERED
POL-0008109,PO-2025-04789,3,MAT-00264,69,8.15,562.35,DELIVERED
POL-0008110,PO-2025-04790,1,MAT-00681,286,61.82,17680.52,DELIVERED
POL-0008111,PO-2025-04790,2,MAT-00742,706,5.96,4207.76,DELIVERED
POL-0008112,PO-2025-04790,3,MAT-00017,141,9.18,1294.38,DELIVERED
POL-0008113,PO-2025-04790,4,MAT-00066,486,124.59,60550.74,DELIVERED
POL-0008114,PO-2025-04791,1,MAT-00883,1524,15.57,23728.68,DELIVERED
POL-0008115,PO-2025-04792,1,MAT-00178,41,138.41,5674.81,DELIVERED
POL-0008116,PO-2025-04792,2,MAT-00220,4627,29.8,137884.6,DELIVERED
POL-0008117,PO-2025-04793,1,MAT-00827,4792,151.97,728240.24,DELIVERED
POL-0008118,PO-2025-04794,1,MAT-00412,1053,7.13,7507.89,DELIVERED
POL-0008119,PO-2025-04794,2,MAT-00594,327,35.36,11562.72,DELIVERED
POL-0008120,PO-2025-04795,1,MAT-00237,3975,2.92,11607.0,DELIVERED
POL-0008121,PO-2025-04795,2,MAT-00874,4200,11.73,49266.0,DELIVERED
POL-0008122,PO-2025-04795,3,MAT-00706,59,49.23,2904.57,DELIVERED
POL-0008123,PO-2025-04795,4,MAT-00506,4809,14.65,70451.85,DELIVERED
POL-0008124,PO-2025-04796,1,MAT-00867,1510,36.16,54601.6,DELIVERED
POL-0008125,PO-2025-04797,1,MAT-00896,143,55.89,7992.27,DELIVERED
POL-0008126,PO-2025-04798,1,MAT-00348,1886,5.1,9618.6,DELIVERED
POL-0008127,PO-2025-04799,1,MAT-00847,1780,32.1,57138.0,OVERDUE
POL-0008128,PO-2025-04799,2,MAT-00249,968,177.94,172245.92,OVERDUE
POL-0008129,PO-2025-04799,3,MAT-00684,1093,47.87,52321.91,OVERDUE
POL-0008130,PO-2025-04799,4,MAT-00414,2133,95.4,203488.2,OVERDUE
POL-0008131,PO-2025-04800,1,MAT-00026,2663,30.32,80742.16,PENDING
POL-0008132,PO-2025-04800,2,MAT-01035,1381,14.5,20024.5,PENDING
POL-0008133,PO-2025-04800,3,MAT-00914,220,158.72,34918.4,PENDING
POL-0008134,PO-2025-04800,4,MAT-00606,677,220.63,149366.51,PENDING
POL-0008135,PO-2025-04801,1,MAT-00646,438,20.48,8970.24,DELIVERED
POL-0008136,PO-2025-04802,1,MAT-01001,579,112.37,65062.23,DELIVERED
POL-0008137,PO-2025-04803,1,MAT-00668,4115,137.32,565071.8,DELIVERED
POL-0008138,PO-2025-04804,1,MAT-00119,2028,85.15,172684.2,DELIVERED
POL-0008139,PO-2025-04805,1,MAT-00777,114,11.98,1365.72,DELIVERED
POL-0008140,PO-2025-04805,2,MAT-00857,1739,11.28,19615.92,DELIVERED
POL-0008141,PO-2025-04806,1,MAT-00879,2269,27.65,62737.85,DELIVERED
POL-0008142,PO-2025-04807,1,MAT-00161,2357,9.33,21990.81,IN_TRANSIT
POL-0008143,PO-2025-04808,1,MAT-00489,134,159.21,21334.14,PENDING
POL-0008144,PO-2025-04808,2,MAT-00869,61,57.93,3533.73,PENDING
POL-0008145,PO-2025-04808,3,MAT-00940,1077,14.26,15358.02,PENDING
POL-0008146,PO-2025-04809,1,MAT-00278,202,14.49,2926.98,DELIVERED
POL-0008147,PO-2025-04810,1,MAT-00088,4567,36.74,167791.58,DELIVERED
POL-0008148,PO-2025-04810,2,MAT-00478,464,36.9,17121.6,DELIVERED
POL-0008149,PO-2025-04810,3,MAT-00770,1381,171.68,237090.08,DELIVERED
POL-0008150,PO-2025-04811,1,MAT-00998,68,52.87,3595.16,PENDING
POL-0008151,PO-2025-04812,1,MAT-01145,99,21.86,2164.14,DELIVERED
POL-0008152,PO-2025-04812,2,MAT-00230,153,57.9,8858.7,DELIVERED
POL-0008153,PO-2025-04812,3,MAT-00113,230,30.06,6913.8,DELIVERED
POL-0008154,PO-2025-04813,1,MAT-00447,197,38.86,7655.42,DELIVERED
POL-0008155,PO-2025-04814,1,MAT-01047,226,57.37,12965.62,DELIVERED
POL-0008156,PO-2025-04815,1,MAT-00406,68,55.54,3776.72,DELIVERED
POL-0008157,PO-2025-04815,2,MAT-00809,1062,102.9,109279.8,DELIVERED
POL-0008158,PO-2025-04816,1,MAT-00893,51,78.98,4027.98,DELIVERED
POL-0008159,PO-2025-04817,1,MAT-01042,554,14.79,8193.66,DELIVERED
POL-0008160,PO-2025-04818,1,MAT-01026,1341,41.81,56067.21,DELIVERED
POL-0008161,PO-2025-04818,2,MAT-00599,224,16.78,3758.72,DELIVERED
POL-0008162,PO-2025-04819,1,MAT-00178,86,138.41,11903.26,DELIVERED
POL-0008163,PO-2025-04819,2,MAT-00770,1677,171.68,287907.36,DELIVERED
POL-0008164,PO-2025-04820,1,MAT-00363,3597,22.75,81831.75,DELIVERED
POL-0008165,PO-2025-04821,1,MAT-00419,256,88.75,22720.0,DELIVERED
POL-0008166,PO-2025-04821,2,MAT-00872,791,10.02,7925.82,DELIVERED
POL-0008167,PO-2025-04821,3,MAT-01171,3100,56.02,173662.0,DELIVERED
POL-0008168,PO-2025-04821,4,MAT-00300,267,48.83,13037.61,DELIVERED
POL-0008169,PO-2025-04822,1,MAT-00469,89,14.95,1330.55,OVERDUE
POL-0008170,PO-2025-04823,1,MAT-00102,4019,15.85,63701.15,DELIVERED
POL-0008171,PO-2025-04824,1,MAT-00081,422,20.25,8545.5,DELIVERED
POL-0008172,PO-2025-04825,1,MAT-00443,1064,2.45,2606.8,IN_TRANSIT
POL-0008173,PO-2025-04825,2,MAT-00766,72,11.4,820.8,IN_TRANSIT
POL-0008174,PO-2025-04825,3,MAT-00109,99,33.39,3305.61,IN_TRANSIT
POL-0008175,PO-2025-04826,1,MAT-01167,2073,114.2,236736.6,CANCELLED
POL-0008176,PO-2025-04827,1,MAT-01162,912,295.71,269687.52,DELIVERED
POL-0008177,PO-2025-04827,2,MAT-00869,79,57.93,4576.47,DELIVERED
POL-0008178,PO-2025-04828,1,MAT-00816,264,4.83,1275.12,DELIVERED
POL-0008179,PO-2025-04828,2,MAT-00772,402,12.97,5213.94,DELIVERED
POL-0008180,PO-2025-04829,1,MAT-00402,318,14.37,4569.66,DELIVERED
POL-0008181,PO-2025-04830,1,MAT-00575,915,58.55,53573.25,DELIVERED
POL-0008182,PO-2025-04831,1,MAT-01049,4339,119.58,518857.62,PENDING
POL-0008183,PO-2025-04831,2,MAT-01181,2235,29.63,66223.05,PENDING
POL-0008184,PO-2025-04832,1,MAT-00743,123,13.32,1638.36,IN_TRANSIT
POL-0008185,PO-2025-04833,1,MAT-00104,29,9.85,285.65,DELIVERED
POL-0008186,PO-2025-04834,1,MAT-00061,1128,15.72,17732.16,DELIVERED
POL-0008187,PO-2025-04834,2,MAT-00829,3865,16.67,64429.55,DELIVERED
POL-0008188,PO-2025-04835,1,MAT-00376,909,10.96,9962.64,DELIVERED
POL-0008189,PO-2025-04836,1,MAT-00306,74,31.01,2294.74,DELIVERED
POL-0008190,PO-2025-04836,2,MAT-01050,3289,125.08,411388.12,DELIVERED
POL-0008191,PO-2025-04837,1,MAT-00988,1033,65.33,67485.89,DELIVERED
POL-0008192,PO-2025-04837,2,MAT-00961,171,49.49,8462.79,DELIVERED
POL-0008193,PO-2025-04838,1,MAT-00603,149,65.44,9750.56,DELIVERED
POL-0008194,PO-2025-04838,2,MAT-01016,114,34.28,3907.92,DELIVERED
POL-0008195,PO-2025-04838,3,MAT-01110,101,205.1,20715.1,DELIVERED
POL-0008196,PO-2025-04839,1,MAT-00166,2469,42.74,105525.06,OVERDUE
POL-0008197,PO-2025-04839,2,MAT-01005,3735,54.05,201876.75,OVERDUE
POL-0008198,PO-2025-04840,1,MAT-00864,620,168.91,104724.2,DELIVERED
POL-0008199,PO-2025-04841,1,MAT-00563,89,72.75,6474.75,DELIVERED
POL-0008200,PO-2025-04842,1,MAT-00654,2105,7.32,15408.6,DELIVERED
POL-0008201,PO-2025-04843,1,MAT-00992,4606,2.75,12666.5,DELIVERED
POL-0008202,PO-2025-04843,2,MAT-00888,205,16.51,3384.55,DELIVERED
POL-0008203,PO-2025-04844,1,MAT-00893,100,78.98,7898.0,DELIVERED
POL-0008204,PO-2025-04845,1,MAT-00948,336,11.94,4011.84,DELIVERED
POL-0008205,PO-2025-04846,1,MAT-00400,100,96.78,9678.0,DELIVERED
POL-0008206,PO-2025-04846,2,MAT-01003,1773,27.55,48846.15,DELIVERED
POL-0008207,PO-2025-04847,1,MAT-00003,82,54.31,4453.42,PENDING
POL-0008208,PO-2025-04847,2,MAT-00869,102,57.93,5908.86,PENDING
POL-0008209,PO-2025-04848,1,MAT-00567,2195,2.78,6102.1,DELIVERED
POL-0008210,PO-2025-04849,1,MAT-00402,750,14.37,10777.5,DELIVERED
POL-0008211,PO-2025-04850,1,MAT-00082,4333,38.31,165997.23,DELIVERED
POL-0008212,PO-2025-04850,2,MAT-00630,98,90.2,8839.6,DELIVERED
POL-0008213,PO-2025-04850,3,MAT-00180,90,529.06,47615.4,DELIVERED
POL-0008214,PO-2025-04850,4,MAT-01107,2658,48.98,130188.84,DELIVERED
POL-0008215,PO-2025-04851,1,MAT-00623,42,213.25,8956.5,DELIVERED
POL-0008216,PO-2025-04852,1,MAT-00430,1305,3.54,4619.7,DELIVERED
POL-0008217,PO-2025-04852,2,MAT-00965,275,25.4,6985.0,DELIVERED
POL-0008218,PO-2025-04852,3,MAT-00424,1440,70.34,101289.6,DELIVERED
POL-0008219,PO-2025-04853,1,MAT-00763,1468,434.25,637479.0,DELIVERED
POL-0008220,PO-2025-04854,1,MAT-00792,398,30.47,12127.06,DELIVERED
POL-0008221,PO-2025-04855,1,MAT-00858,1889,39.46,74539.94,DELIVERED
POL-0008222,PO-2025-04856,1,MAT-00308,508,12.64,6421.12,CANCELLED
POL-0008223,PO-2025-04857,1,MAT-00283,94,150.43,14140.42,DELIVERED
POL-0008224,PO-2025-04857,2,MAT-00765,1961,91.59,179607.99,DELIVERED
POL-0008225,PO-2025-04858,1,MAT-00007,178,139.18,24774.04,DELIVERED
POL-0008226,PO-2025-04858,2,MAT-00476,348,18.94,6591.12,DELIVERED
POL-0008227,PO-2025-04859,1,MAT-01168,90,50.51,4545.9,DELIVERED
POL-0008228,PO-2025-04860,1,MAT-01007,402,70.22,28228.44,DELIVERED
POL-0008229,PO-2025-04860,2,MAT-01029,123,54.15,6660.45,DELIVERED
POL-0008230,PO-2025-04860,3,MAT-00144,62,32.34,2005.08,DELIVERED
POL-0008231,PO-2025-04860,4,MAT-00296,2020,11.79,23815.8,DELIVERED
POL-0008232,PO-2025-04861,1,MAT-01077,335,4.68,1567.8,DELIVERED
POL-0008233,PO-2025-04862,1,MAT-00797,1006,25.64,25793.84,IN_TRANSIT
POL-0008234,PO-2025-04862,2,MAT-00459,1005,15.31,15386.55,IN_TRANSIT
POL-0008235,PO-2025-04863,1,MAT-00416,4275,12.29,52539.75,DELIVERED
POL-0008236,PO-2025-04864,1,MAT-01135,39,18.83,734.37,DELIVERED
POL-0008237,PO-2025-04864,2,MAT-01051,149,12.88,1919.12,DELIVERED
POL-0008238,PO-2025-04865,1,MAT-00917,499,48.1,24001.9,CANCELLED
POL-0008239,PO-2025-04866,1,MAT-00714,211,39.35,8302.85,DELIVERED
POL-0008240,PO-2025-04867,1,MAT-00483,153,4.36,667.08,DELIVERED
POL-0008241,PO-2025-04867,2,MAT-01188,170,20.71,3520.7,DELIVERED
POL-0008242,PO-2025-04868,1,MAT-00052,560,15.67,8775.2,OVERDUE
POL-0008243,PO-2025-04868,2,MAT-00404,1179,27.52,32446.08,OVERDUE
POL-0008244,PO-2025-04869,1,MAT-00593,403,45.4,18296.2,DELIVERED
POL-0008245,PO-2025-04870,1,MAT-00316,30,27.03,810.9,DELIVERED
POL-0008246,PO-2025-04871,1,MAT-00828,1023,15.32,15672.36,DELIVERED
POL-0008247,PO-2025-04872,1,MAT-00847,3131,32.1,100505.1,DELIVERED
POL-0008248,PO-2025-04873,1,MAT-00139,68,59.59,4052.12,PENDING
POL-0008249,PO-2025-04873,2,MAT-00882,300,14.83,4449.0,PENDING
POL-0008250,PO-2025-04874,1,MAT-01176,147,20.33,2988.51,DELIVERED
POL-0008251,PO-2025-04875,1,MAT-00088,1469,36.74,53971.06,CANCELLED
POL-0008252,PO-2025-04876,1,MAT-00483,288,4.36,1255.68,DELIVERED
POL-0008253,PO-2025-04876,2,MAT-00385,63,10.25,645.75,DELIVERED
POL-0008254,PO-2025-04877,1,MAT-00223,1004,50.15,50350.6,DELIVERED
POL-0008255,PO-2025-04877,2,MAT-00167,1845,67.37,124297.65,DELIVERED
POL-0008256,PO-2025-04877,3,MAT-01189,220,49.09,10799.8,DELIVERED
POL-0008257,PO-2025-04878,1,MAT-00820,1434,90.41,129647.94,CANCELLED
POL-0008258,PO-2025-04879,1,MAT-00418,105,31.86,3345.3,PENDING
POL-0008259,PO-2025-04879,2,MAT-01072,114,43.22,4927.08,PENDING
POL-0008260,PO-2025-04880,1,MAT-00024,219,4.87,1066.53,DELIVERED
POL-0008261,PO-2025-04880,2,MAT-00465,303,22.89,6935.67,DELIVERED
POL-0008262,PO-2025-04881,1,MAT-00727,465,24.56,11420.4,DELIVERED
POL-0008263,PO-2025-04881,2,MAT-00879,1367,27.65,37797.55,DELIVERED
POL-0008264,PO-2025-04881,3,MAT-01165,822,81.53,67017.66,DELIVERED
POL-0008265,PO-2025-04882,1,MAT-00549,2069,41.83,86546.27,OVERDUE
POL-0008266,PO-2025-04883,1,MAT-00059,1714,39.01,66863.14,DELIVERED
POL-0008267,PO-2025-04884,1,MAT-00768,1201,190.2,228430.2,IN_TRANSIT
POL-0008268,PO-2025-04884,2,MAT-00659,1939,35.0,67865.0,IN_TRANSIT
POL-0008269,PO-2025-04884,3,MAT-00782,1090,5.92,6452.8,IN_TRANSIT
POL-0008270,PO-2025-04885,1,MAT-01158,194,318.69,61825.86,DELIVERED
POL-0008271,PO-2025-04886,1,MAT-01176,189,20.33,3842.37,DELIVERED
POL-0008272,PO-2025-04887,1,MAT-00630,49,90.2,4419.8,DELIVERED
POL-0008273,PO-2025-04888,1,MAT-00070,205,12.85,2634.25,DELIVERED
POL-0008274,PO-2025-04889,1,MAT-00123,3445,130.9,450950.5,DELIVERED
POL-0008275,PO-2025-04889,2,MAT-00895,1887,109.37,206381.19,DELIVERED
POL-0008276,PO-2025-04889,3,MAT-00499,221,10.27,2269.67,DELIVERED
POL-0008277,PO-2025-04889,4,MAT-00080,229,2.95,675.55,DELIVERED
POL-0008278,PO-2025-04890,1,MAT-00222,359,3.54,1270.86,DELIVERED
POL-0008279,PO-2025-04890,2,MAT-00021,146,128.67,18785.82,DELIVERED
POL-0008280,PO-2025-04891,1,MAT-00891,2991,68.06,203567.46,DELIVERED
POL-0008281,PO-2025-04891,2,MAT-00014,1218,3.31,4031.58,DELIVERED
POL-0008282,PO-2025-04891,3,MAT-00825,172,14.59,2509.48,DELIVERED
POL-0008283,PO-2025-04892,1,MAT-00166,2355,42.74,100652.7,DELIVERED
POL-0008284,PO-2025-04892,2,MAT-00449,223,15.44,3443.12,DELIVERED
POL-0008285,PO-2025-04892,3,MAT-00322,1114,53.98,60133.72,DELIVERED
POL-0008286,PO-2025-04893,1,MAT-00530,865,8.81,7620.65,DELIVERED
POL-0008287,PO-2025-04894,1,MAT-00372,2471,48.13,118929.23,DELIVERED
POL-0008288,PO-2025-04894,2,MAT-00634,211,16.76,3536.36,DELIVERED
POL-0008289,PO-2025-04894,3,MAT-00172,87,10.25,891.75,DELIVERED
POL-0008290,PO-2025-04894,4,MAT-01172,1649,33.4,55076.6,DELIVERED
POL-0008291,PO-2025-04895,1,MAT-00175,4751,32.53,154550.03,DELIVERED
POL-0008292,PO-2025-04896,1,MAT-00489,464,159.21,73873.44,DELIVERED
POL-0008293,PO-2025-04897,1,MAT-00987,2741,138.37,379272.17,DELIVERED
POL-0008294,PO-2025-04897,2,MAT-00757,3833,48.01,184022.33,DELIVERED
POL-0008295,PO-2025-04898,1,MAT-00027,4141,7.89,32672.49,DELIVERED
POL-0008296,PO-2025-04899,1,MAT-00288,105,46.79,4912.95,PENDING
POL-0008297,PO-2025-04900,1,MAT-00232,3747,31.99,119866.53,DELIVERED
POL-0008298,PO-2025-04900,2,MAT-01184,417,4.64,1934.88,DELIVERED
POL-0008299,PO-2025-04900,3,MAT-00470,108,14.39,1554.12,DELIVERED
POL-0008300,PO-2025-04900,4,MAT-00298,1276,37.15,47403.4,DELIVERED
POL-0008301,PO-2025-04901,1,MAT-00644,166,4.89,811.74,OVERDUE
POL-0008302,PO-2025-04901,2,MAT-01189,455,49.09,22335.95,OVERDUE
POL-0008303,PO-2025-04901,3,MAT-00813,38,137.77,5235.26,OVERDUE
POL-0008304,PO-2025-04902,1,MAT-01181,1073,29.63,31792.99,DELIVERED
POL-0008305,PO-2025-04903,1,MAT-00739,633,150.17,95057.61,DELIVERED
POL-0008306,PO-2025-04904,1,MAT-00107,1599,218.46,349317.54,PENDING
POL-0008307,PO-2025-04904,2,MAT-00837,30,154.21,4626.3,PENDING
POL-0008308,PO-2025-04905,1,MAT-01119,3206,31.06,99578.36,DELIVERED
POL-0008309,PO-2025-04905,2,MAT-01123,122,48.63,5932.86,DELIVERED
POL-0008310,PO-2025-04906,1,MAT-00558,67,15.06,1009.02,DELIVERED
POL-0008311,PO-2025-04906,2,MAT-00631,283,4.35,1231.05,DELIVERED
POL-0008312,PO-2025-04906,3,MAT-00383,4617,2.31,10665.27,DELIVERED
POL-0008313,PO-2025-04907,1,MAT-00106,111,42.34,4699.74,IN_TRANSIT
POL-0008314,PO-2025-04908,1,MAT-00967,554,12.75,7063.5,DELIVERED
POL-0008315,PO-2025-04909,1,MAT-00097,4997,38.03,190035.91,CANCELLED
POL-0008316,PO-2025-04909,2,MAT-00558,87,15.06,1310.22,CANCELLED
POL-0008317,PO-2025-04910,1,MAT-00222,455,3.54,1610.7,DELIVERED
POL-0008318,PO-2025-04911,1,MAT-00453,443,9.49,4204.07,DELIVERED
POL-0008319,PO-2025-04911,2,MAT-00887,108,48.82,5272.56,DELIVERED
POL-0008320,PO-2025-04912,1,MAT-00738,220,77.11,16964.2,DELIVERED
POL-0008321,PO-2025-04912,2,MAT-00764,946,22.3,21095.8,DELIVERED
POL-0008322,PO-2025-04912,3,MAT-00877,57,14.6,832.2,DELIVERED
POL-0008323,PO-2025-04913,1,MAT-01102,333,1.65,549.45,DELIVERED
POL-0008324,PO-2025-04913,2,MAT-00632,73,130.83,9550.59,DELIVERED
POL-0008325,PO-2025-04913,3,MAT-00463,71,12.08,857.68,DELIVERED
POL-0008326,PO-2025-04913,4,MAT-01162,2186,295.71,646422.06,DELIVERED
POL-0008327,PO-2025-04914,1,MAT-00086,416,15.13,6294.08,OVERDUE
POL-0008328,PO-2025-04915,1,MAT-01161,55,1.66,91.3,PENDING
POL-0008329,PO-2025-04915,2,MAT-00934,134,2.13,285.42,PENDING
POL-0008330,PO-2025-04916,1,MAT-00558,55,15.06,828.3,OVERDUE
POL-0008331,PO-2025-04916,2,MAT-00515,1851,14.31,26487.81,OVERDUE
POL-0008332,PO-2025-04917,1,MAT-00467,1661,46.79,77718.19,DELIVERED
POL-0008333,PO-2025-04917,2,MAT-00268,2747,4.89,13432.83,DELIVERED
POL-0008334,PO-2025-04917,3,MAT-00854,2023,98.17,198597.91,DELIVERED
POL-0008335,PO-2025-04918,1,MAT-00274,1181,25.6,30233.6,DELIVERED
POL-0008336,PO-2025-04918,2,MAT-00224,2065,3.99,8239.35,DELIVERED
POL-0008337,PO-2025-04918,3,MAT-00511,51,36.13,1842.63,DELIVERED
POL-0008338,PO-2025-04918,4,MAT-01101,49,80.68,3953.32,DELIVERED
POL-0008339,PO-2025-04919,1,MAT-00539,1018,74.47,75810.46,DELIVERED
POL-0008340,PO-2025-04920,1,MAT-00027,3951,7.89,31173.39,DELIVERED
POL-0008341,PO-2025-04920,2,MAT-00371,76,26.71,2029.96,DELIVERED
POL-0008342,PO-2025-04920,3,MAT-00542,883,7.41,6543.03,DELIVERED
POL-0008343,PO-2025-04921,1,MAT-00747,114,32.16,3666.24,IN_TRANSIT
POL-0008344,PO-2025-04922,1,MAT-01132,363,44.46,16138.98,DELIVERED
POL-0008345,PO-2025-04923,1,MAT-00684,3224,47.87,154332.88,DELIVERED
POL-0008346,PO-2025-04924,1,MAT-00717,223,30.37,6772.51,DELIVERED
POL-0008347,PO-2025-04924,2,MAT-00109,232,33.39,7746.48,DELIVERED
POL-0008348,PO-2025-04924,3,MAT-00644,103,4.89,503.67,DELIVERED
POL-0008349,PO-2025-04925,1,MAT-01114,59,46.78,2760.02,DELIVERED
POL-0008350,PO-2025-04925,2,MAT-00985,281,27.89,7837.09,DELIVERED
POL-0008351,PO-2025-04926,1,MAT-00561,2459,36.74,90343.66,PENDING
POL-0008352,PO-2025-04926,2,MAT-00235,1195,252.41,301629.95,PENDING
POL-0008353,PO-2025-04926,3,MAT-00234,241,11.9,2867.9,PENDING
POL-0008354,PO-2025-04927,1,MAT-00556,3375,16.6,56025.0,DELIVERED
POL-0008355,PO-2025-04927,2,MAT-00518,360,8.68,3124.8,DELIVERED
POL-0008356,PO-2025-04928,1,MAT-00191,131,16.95,2220.45,IN_TRANSIT
POL-0008357,PO-2025-04928,2,MAT-00745,66,46.09,3041.94,IN_TRANSIT
POL-0008358,PO-2025-04928,3,MAT-00290,2321,12.44,28873.24,IN_TRANSIT
POL-0008359,PO-2025-04929,1,MAT-00801,183,67.85,12416.55,DELIVERED
POL-0008360,PO-2025-04929,2,MAT-00482,102,8.65,882.3,DELIVERED
POL-0008361,PO-2025-04930,1,MAT-00818,683,65.99,45071.17,OVERDUE
POL-0008362,PO-2025-04931,1,MAT-00722,234,4.1,959.4,DELIVERED
POL-0008363,PO-2025-04932,1,MAT-00272,63,5.47,344.61,DELIVERED
POL-0008364,PO-2025-04933,1,MAT-00552,1124,23.06,25919.44,DELIVERED
POL-0008365,PO-2025-04934,1,MAT-00329,1190,48.65,57893.5,DELIVERED
POL-0008366,PO-2025-04935,1,MAT-00767,87,22.92,1994.04,DELIVERED
POL-0008367,PO-2025-04936,1,MAT-00159,119,6.41,762.79,DELIVERED
POL-0008368,PO-2025-04936,2,MAT-00010,165,46.25,7631.25,DELIVERED
POL-0008369,PO-2025-04936,3,MAT-01038,539,4.76,2565.64,DELIVERED
POL-0008370,PO-2025-04937,1,MAT-00385,103,10.25,1055.75,DELIVERED
POL-0008371,PO-2025-04937,2,MAT-00913,168,35.57,5975.76,DELIVERED
POL-0008372,PO-2025-04937,3,MAT-00360,95,10.14,963.3,DELIVERED
POL-0008373,PO-2025-04938,1,MAT-00226,223,87.58,19530.34,DELIVERED
POL-0008374,PO-2025-04938,2,MAT-01142,1641,119.95,196837.95,DELIVERED
POL-0008375,PO-2025-04939,1,MAT-00349,309,12.65,3908.85,PENDING
POL-0008376,PO-2025-04939,2,MAT-00560,911,16.8,15304.8,PENDING
POL-0008377,PO-2025-04940,1,MAT-00247,2217,15.77,34962.09,DELIVERED
POL-0008378,PO-2025-04940,2,MAT-01081,139,16.36,2274.04,DELIVERED
POL-0008379,PO-2025-04941,1,MAT-00916,290,38.32,11112.8,OVERDUE
POL-0008380,PO-2025-04942,1,MAT-01177,118,4.33,510.94,DELIVERED
POL-0008381,PO-2025-04943,1,MAT-00994,1981,13.17,26089.77,DELIVERED
POL-0008382,PO-2025-04943,2,MAT-00538,399,15.39,6140.61,DELIVERED
POL-0008383,PO-2025-04943,3,MAT-00255,672,4.64,3118.08,DELIVERED
POL-0008384,PO-2025-04944,1,MAT-00077,229,30.35,6950.15,DELIVERED
POL-0008385,PO-2025-04945,1,MAT-00259,4832,44.12,213187.84,DELIVERED
POL-0008386,PO-2025-04946,1,MAT-00486,437,5.73,2504.01,DELIVERED
POL-0008387,PO-2025-04946,2,MAT-00179,184,20.01,3681.84,DELIVERED
POL-0008388,PO-2025-04946,3,MAT-00099,1140,27.15,30951.0,DELIVERED
POL-0008389,PO-2025-04946,4,MAT-00780,501,48.79,24443.79,DELIVERED
POL-0008390,PO-2025-04947,1,MAT-00241,249,10.63,2646.87,PENDING
POL-0008391,PO-2025-04948,1,MAT-01009,631,74.38,46933.78,DELIVERED
POL-0008392,PO-2025-04948,2,MAT-00196,526,35.98,18925.48,DELIVERED
POL-0008393,PO-2025-04948,3,MAT-00224,1259,3.99,5023.41,DELIVERED
POL-0008394,PO-2025-04949,1,MAT-00612,725,21.98,15935.5,OVERDUE
POL-0008395,PO-2025-04950,1,MAT-01061,51,61.45,3133.95,DELIVERED
POL-0008396,PO-2025-04951,1,MAT-01007,823,70.22,57791.06,DELIVERED
POL-0008397,PO-2025-04952,1,MAT-00987,3331,138.37,460910.47,OVERDUE
POL-0008398,PO-2025-04953,1,MAT-00203,317,91.24,28923.08,DELIVERED
POL-0008399,PO-2025-04953,2,MAT-00436,126,28.44,3583.44,DELIVERED
POL-0008400,PO-2025-04954,1,MAT-00075,65,1.59,103.35,DELIVERED
POL-0008401,PO-2025-04955,1,MAT-01060,1134,16.97,19243.98,DELIVERED
POL-0008402,PO-2025-04956,1,MAT-00784,491,46.72,22939.52,DELIVERED
POL-0008403,PO-2025-04956,2,MAT-00048,429,78.45,33655.05,DELIVERED
POL-0008404,PO-2025-04957,1,MAT-00065,63,64.8,4082.4,DELIVERED
POL-0008405,PO-2025-04957,2,MAT-00514,590,9.35,5516.5,DELIVERED
POL-0008406,PO-2025-04958,1,MAT-00484,1215,31.07,37750.05,DELIVERED
POL-0008407,PO-2025-04959,1,MAT-00255,922,4.64,4278.08,DELIVERED
POL-0008408,PO-2025-04960,1,MAT-00059,1255,39.01,48957.55,IN_TRANSIT
POL-0008409,PO-2025-04960,2,MAT-00285,1057,292.76,309447.32,IN_TRANSIT
POL-0008410,PO-2025-04961,1,MAT-00936,4330,13.86,60013.8,DELIVERED
POL-0008411,PO-2025-04962,1,MAT-00664,3595,14.77,53098.15,DELIVERED
POL-0008412,PO-2025-04963,1,MAT-00092,1843,81.1,149467.3,DELIVERED
POL-0008413,PO-2025-04964,1,MAT-00289,1232,38.15,47000.8,DELIVERED
POL-0008414,PO-2025-04964,2,MAT-00422,60,176.15,10569.0,DELIVERED
POL-0008415,PO-2025-04965,1,MAT-00705,4373,4.83,21121.59,OVERDUE
POL-0008416,PO-2025-04965,2,MAT-00198,1778,30.26,53802.28,OVERDUE
POL-0008417,PO-2025-04966,1,MAT-00711,2519,34.88,87862.72,DELIVERED
POL-0008418,PO-2025-04967,1,MAT-00127,261,9.12,2380.32,DELIVERED
POL-0008419,PO-2025-04968,1,MAT-00644,233,4.89,1139.37,DELIVERED
POL-0008420,PO-2025-04969,1,MAT-00793,2209,31.91,70489.19,DELIVERED
POL-0008421,PO-2025-04969,2,MAT-00410,684,46.71,31949.64,DELIVERED
POL-0008422,PO-2025-04970,1,MAT-00860,406,55.59,22569.54,CANCELLED
POL-0008423,PO-2025-04970,2,MAT-00739,1174,150.17,176299.58,CANCELLED
POL-0008424,PO-2025-04970,3,MAT-00355,135,27.03,3649.05,CANCELLED
POL-0008425,PO-2025-04970,4,MAT-00087,132,65.37,8628.84,CANCELLED
POL-0008426,PO-2025-04971,1,MAT-01106,50,8.11,405.5,PENDING
POL-0008427,PO-2025-04972,1,MAT-00738,234,77.11,18043.74,DELIVERED
POL-0008428,PO-2025-04972,2,MAT-00616,1234,30.43,37550.62,DELIVERED
POL-0008429,PO-2025-04973,1,MAT-01152,2114,2.44,5158.16,DELIVERED
POL-0008430,PO-2025-04973,2,MAT-00996,2288,20.62,47178.56,DELIVERED
POL-0008431,PO-2025-04974,1,MAT-00555,35,38.96,1363.6,DELIVERED
POL-0008432,PO-2025-04975,1,MAT-01055,74,13.19,976.06,DELIVERED
POL-0008433,PO-2025-04976,1,MAT-00868,101,35.58,3593.58,DELIVERED
POL-0008434,PO-2025-04977,1,MAT-00344,2365,16.09,38052.85,DELIVERED
POL-0008435,PO-2025-04977,2,MAT-01057,2972,27.41,81462.52,DELIVERED
POL-0008436,PO-2025-04978,1,MAT-00431,2148,7.03,15100.44,PENDING
POL-0008437,PO-2025-04979,1,MAT-01048,1163,4.58,5326.54,DELIVERED
POL-0008438,PO-2025-04979,2,MAT-00930,53,22.16,1174.48,DELIVERED
POL-0008439,PO-2025-04980,1,MAT-01038,811,4.76,3860.36,OVERDUE
POL-0008440,PO-2025-04980,2,MAT-00261,122,9.62,1173.64,OVERDUE
POL-0008441,PO-2025-04980,3,MAT-00762,111,28.94,3212.34,OVERDUE
POL-0008442,PO-2025-04980,4,MAT-00441,1143,42.64,48737.52,OVERDUE
POL-0008443,PO-2025-04981,1,MAT-00394,1214,198.6,241100.4,OVERDUE
POL-0008444,PO-2025-04982,1,MAT-00721,2079,34.47,71663.13,DELIVERED
POL-0008445,PO-2025-04982,2,MAT-00861,2391,34.48,82441.68,DELIVERED
POL-0008446,PO-2025-04982,3,MAT-00044,119,20.06,2387.14,DELIVERED
POL-0008447,PO-2025-04982,4,MAT-00886,240,203.43,48823.2,DELIVERED
POL-0008448,PO-2025-04983,1,MAT-01176,145,20.33,2947.85,DELIVERED
POL-0008449,PO-2025-04983,2,MAT-00658,665,24.03,15979.95,DELIVERED
POL-0008450,PO-2025-04983,3,MAT-00216,106,64.45,6831.7,DELIVERED
POL-0008451,PO-2025-04983,4,MAT-00096,3657,5.63,20588.91,DELIVERED
POL-0008452,PO-2025-04984,1,MAT-00158,1140,40.12,45736.8,DELIVERED
POL-0008453,PO-2025-04985,1,MAT-00287,71,21.7,1540.7,IN_TRANSIT
POL-0008454,PO-2025-04985,2,MAT-00198,4440,30.26,134354.4,IN_TRANSIT
POL-0008455,PO-2025-04985,3,MAT-00856,338,14.88,5029.44,IN_TRANSIT
POL-0008456,PO-2025-04985,4,MAT-00460,154,6.99,1076.46,IN_TRANSIT
POL-0008457,PO-2025-04986,1,MAT-00314,1185,68.97,81729.45,DELIVERED
POL-0008458,PO-2025-04986,2,MAT-00839,2137,74.27,158714.99,DELIVERED
POL-0008459,PO-2025-04986,3,MAT-00273,132,97.71,12897.72,DELIVERED
POL-0008460,PO-2025-04986,4,MAT-00262,145,25.33,3672.85,DELIVERED
POL-0008461,PO-2025-04987,1,MAT-00541,1792,67.19,120404.48,OVERDUE
POL-0008462,PO-2025-04988,1,MAT-00547,79,47.33,3739.07,DELIVERED
POL-0008463,PO-2025-04989,1,MAT-00903,3715,29.08,108032.2,DELIVERED
POL-0008464,PO-2025-04989,2,MAT-00723,202,5.49,1108.98,DELIVERED
POL-0008465,PO-2025-04989,3,MAT-00206,91,9.16,833.56,DELIVERED
POL-0008466,PO-2025-04989,4,MAT-00866,78,16.43,1281.54,DELIVERED
POL-0008467,PO-2025-04990,1,MAT-00382,117,12.27,1435.59,DELIVERED
POL-0008468,PO-2025-04991,1,MAT-00551,2144,30.92,66292.48,DELIVERED
POL-0008469,PO-2025-04991,2,MAT-01153,1911,12.76,24384.36,DELIVERED
POL-0008470,PO-2025-04992,1,MAT-00178,49,138.41,6782.09,DELIVERED
POL-0008471,PO-2025-04992,2,MAT-00411,95,58.42,5549.9,DELIVERED
POL-0008472,PO-2025-04993,1,MAT-00206,243,9.16,2225.88,DELIVERED
POL-0008473,PO-2025-04994,1,MAT-01146,126,28.45,3584.7,DELIVERED
POL-0008474,PO-2025-04995,1,MAT-00374,27,70.9,1914.3,PENDING
POL-0008475,PO-2025-04996,1,MAT-01195,156,4.36,680.16,DELIVERED
POL-0008476,PO-2025-04996,2,MAT-01043,342,86.42,29555.64,DELIVERED
POL-0008477,PO-2025-04997,1,MAT-00161,2981,9.33,27812.73,DELIVERED
POL-0008478,PO-2025-04997,2,MAT-01166,4964,347.29,1723947.56,DELIVERED
POL-0008479,PO-2025-04998,1,MAT-01167,746,114.2,85193.2,CANCELLED
POL-0008480,PO-2025-04998,2,MAT-01164,108,3.97,428.76,CANCELLED
POL-0008481,PO-2025-04998,3,MAT-00943,522,51.39,26825.58,CANCELLED
POL-0008482,PO-2025-04998,4,MAT-00242,42,20.76,871.92,CANCELLED
POL-0008483,PO-2025-04999,1,MAT-00171,117,9.09,1063.53,DELIVERED
POL-0008484,PO-2025-05000,1,MAT-01013,2342,271.16,635056.72,OVERDUE
POL-0008485,PO-2025-05000,2,MAT-00432,1166,2.59,3019.94,OVERDUE
POL-0008486,PO-2025-05000,3,MAT-00416,1663,12.29,20438.27,OVERDUE
POL-0008487,PO-2025-05001,1,MAT-00970,1709,5.12,8750.08,DELIVERED
POL-0008488,PO-2025-05001,2,MAT-00837,121,154.21,18659.41,DELIVERED
POL-0008489,PO-2025-05001,3,MAT-01028,2731,31.51,86053.81,DELIVERED
POL-0008490,PO-2025-05002,1,MAT-01092,411,22.52,9255.72,DELIVERED
POL-0008491,PO-2025-05003,1,MAT-00138,668,19.38,12945.84,DELIVERED
POL-0008492,PO-2025-05003,2,MAT-00519,109,27.26,2971.34,DELIVERED
POL-0008493,PO-2025-05003,3,MAT-00424,2074,70.34,145885.16,DELIVERED
POL-0008494,PO-2025-05004,1,MAT-00825,117,14.59,1707.03,DELIVERED
POL-0008495,PO-2025-05005,1,MAT-00899,3721,92.02,342406.42,DELIVERED
POL-0008496,PO-2025-05005,2,MAT-00295,284,38.14,10831.76,DELIVERED
POL-0008497,PO-2025-05005,3,MAT-01175,132,10.94,1444.08,DELIVERED
POL-0008498,PO-2025-05006,1,MAT-01142,4954,119.95,594232.3,DELIVERED
POL-0008499,PO-2025-05006,2,MAT-01068,1098,84.73,93033.54,DELIVERED
POL-0008500,PO-2025-05007,1,MAT-00524,1019,51.02,51989.38,DELIVERED
POL-0008501,PO-2025-05007,2,MAT-00343,3967,33.01,130950.67,DELIVERED
POL-0008502,PO-2025-05008,1,MAT-00346,487,34.05,16582.35,DELIVERED
POL-0008503,PO-2025-05009,1,MAT-00011,1648,15.09,24868.32,DELIVERED
POL-0008504,PO-2025-05010,1,MAT-01198,1990,45.99,91520.1,DELIVERED
POL-0008505,PO-2025-05010,2,MAT-00598,100,8.31,831.0,DELIVERED
POL-0008506,PO-2025-05010,3,MAT-00123,3233,130.9,423199.7,DELIVERED
POL-0008507,PO-2025-05010,4,MAT-00030,915,19.73,18052.95,DELIVERED
POL-0008508,PO-2025-05011,1,MAT-00496,1220,44.28,54021.6,DELIVERED
POL-0008509,PO-2025-05011,2,MAT-00823,4635,336.33,1558889.55,DELIVERED
POL-0008510,PO-2025-05012,1,MAT-00850,42,15.13,635.46,PENDING
POL-0008511,PO-2025-05012,2,MAT-00844,553,42.57,23541.21,PENDING
POL-0008512,PO-2025-05012,3,MAT-00278,114,14.49,1651.86,PENDING
POL-0008513,PO-2025-05013,1,MAT-00547,117,47.33,5537.61,DELIVERED
POL-0008514,PO-2025-05014,1,MAT-00815,4817,84.5,407036.5,DELIVERED
POL-0008515,PO-2025-05015,1,MAT-00929,4716,144.62,682027.92,DELIVERED
POL-0008516,PO-2025-05015,2,MAT-00820,1555,90.41,140587.55,DELIVERED
POL-0008517,PO-2025-05016,1,MAT-00692,682,84.82,57847.24,DELIVERED
POL-0008518,PO-2025-05016,2,MAT-00363,1076,22.75,24479.0,DELIVERED
POL-0008519,PO-2025-05016,3,MAT-00201,3192,37.48,119636.16,DELIVERED
POL-0008520,PO-2025-05017,1,MAT-01125,203,155.11,31487.33,DELIVERED
POL-0008521,PO-2025-05017,2,MAT-00799,372,24.99,9296.28,DELIVERED
POL-0008522,PO-2025-05018,1,MAT-00532,1645,4.5,7402.5,DELIVERED
POL-0008523,PO-2025-05019,1,MAT-00959,232,47.22,10955.04,DELIVERED
POL-0008524,PO-2025-05020,1,MAT-00652,48,87.78,4213.44,DELIVERED
POL-0008525,PO-2025-05020,2,MAT-00901,609,40.61,24731.49,DELIVERED
POL-0008526,PO-2025-05021,1,MAT-00718,156,29.18,4552.08,DELIVERED
POL-0008527,PO-2025-05022,1,MAT-00106,119,42.34,5038.46,DELIVERED
POL-0008528,PO-2025-05023,1,MAT-00944,388,20.93,8120.84,DELIVERED
POL-0008529,PO-2025-05024,1,MAT-00236,179,47.86,8566.94,DELIVERED
POL-0008530,PO-2025-05025,1,MAT-00382,104,12.27,1276.08,DELIVERED
POL-0008531,PO-2025-05025,2,MAT-00515,2332,14.31,33370.92,DELIVERED
POL-0008532,PO-2025-05025,3,MAT-00138,881,19.38,17073.78,DELIVERED
POL-0008533,PO-2025-05026,1,MAT-00484,1506,31.07,46791.42,DELIVERED
POL-0008534,PO-2025-05026,2,MAT-00596,4947,15.7,77667.9,DELIVERED
POL-0008535,PO-2025-05027,1,MAT-00617,67,28.11,1883.37,DELIVERED
POL-0008536,PO-2025-05028,1,MAT-00620,55,31.76,1746.8,DELIVERED
POL-0008537,PO-2025-05028,2,MAT-00423,178,20.76,3695.28,DELIVERED
POL-0008538,PO-2025-05028,3,MAT-00638,94,26.74,2513.56,DELIVERED
POL-0008539,PO-2025-05029,1,MAT-00241,126,10.63,1339.38,IN_TRANSIT
POL-0008540,PO-2025-05030,1,MAT-00702,130,85.18,11073.4,DELIVERED
POL-0008541,PO-2025-05031,1,MAT-00858,2299,39.46,90718.54,DELIVERED
POL-0008542,PO-2025-05031,2,MAT-00377,1530,71.37,109196.1,DELIVERED
POL-0008543,PO-2025-05031,3,MAT-00278,92,14.49,1333.08,DELIVERED
POL-0008544,PO-2025-05032,1,MAT-00666,436,31.46,13716.56,DELIVERED
POL-0008545,PO-2025-05033,1,MAT-00916,489,38.32,18738.48,DELIVERED
POL-0008546,PO-2025-05034,1,MAT-00935,94,44.85,4215.9,PENDING
POL-0008547,PO-2025-05034,2,MAT-00362,369,151.24,55807.56,PENDING
POL-0008548,PO-2025-05034,3,MAT-01017,100,13.77,1377.0,PENDING
POL-0008549,PO-2025-05034,4,MAT-00794,108,6.76,730.08,PENDING
POL-0008550,PO-2025-05035,1,MAT-00888,239,16.51,3945.89,DELIVERED
POL-0008551,PO-2025-05035,2,MAT-00157,114,216.85,24720.9,DELIVERED
POL-0008552,PO-2025-05035,3,MAT-00084,405,13.84,5605.2,DELIVERED
POL-0008553,PO-2025-05036,1,MAT-00536,2279,25.16,57339.64,DELIVERED
POL-0008554,PO-2025-05036,2,MAT-00030,357,19.73,7043.61,DELIVERED
POL-0008555,PO-2025-05036,3,MAT-00404,391,27.52,10760.32,DELIVERED
POL-0008556,PO-2025-05037,1,MAT-00043,2231,24.39,54414.09,DELIVERED
POL-0008557,PO-2025-05038,1,MAT-00710,180,162.07,29172.6,CANCELLED
POL-0008558,PO-2025-05038,2,MAT-00847,4737,32.1,152057.7,CANCELLED
POL-0008559,PO-2025-05039,1,MAT-00343,4494,33.01,148346.94,DELIVERED
POL-0008560,PO-2025-05040,1,MAT-00536,1519,25.16,38218.04,DELIVERED
POL-0008561,PO-2025-05041,1,MAT-00986,87,7.51,653.37,DELIVERED
POL-0008562,PO-2025-05042,1,MAT-00381,4151,9.39,38977.89,DELIVERED
POL-0008563,PO-2025-05043,1,MAT-00477,81,47.35,3835.35,DELIVERED
POL-0008564,PO-2025-05043,2,MAT-01127,1199,35.07,42048.93,DELIVERED
POL-0008565,PO-2025-05044,1,MAT-00194,1832,6.96,12750.72,DELIVERED
POL-0008566,PO-2025-05044,2,MAT-00992,1482,2.75,4075.5,DELIVERED
POL-0008567,PO-2025-05044,3,MAT-01161,126,1.66,209.16,DELIVERED
POL-0008568,PO-2025-05045,1,MAT-00608,558,6.22,3470.76,DELIVERED
POL-0008569,PO-2025-05046,1,MAT-00942,3956,69.64,275495.84,CANCELLED
POL-0008570,PO-2025-05046,2,MAT-00428,317,56.03,17761.51,CANCELLED
POL-0008571,PO-2025-05046,3,MAT-01195,239,4.36,1042.04,CANCELLED
POL-0008572,PO-2025-05046,4,MAT-00308,648,12.64,8190.72,CANCELLED
POL-0008573,PO-2025-05047,1,MAT-00858,2253,39.46,88903.38,CANCELLED
POL-0008574,PO-2025-05048,1,MAT-00828,815,15.32,12485.8,DELIVERED
POL-0008575,PO-2025-05048,2,MAT-00779,126,21.57,2717.82,DELIVERED
POL-0008576,PO-2025-05049,1,MAT-00755,479,9.46,4531.34,DELIVERED
POL-0008577,PO-2025-05050,1,MAT-01081,163,16.36,2666.68,DELIVERED
POL-0008578,PO-2025-05051,1,MAT-00392,998,47.29,47195.42,IN_TRANSIT
POL-0008579,PO-2025-05052,1,MAT-00989,1850,18.9,34965.0,DELIVERED
POL-0008580,PO-2025-05053,1,MAT-00285,952,292.76,278707.52,DELIVERED
POL-0008581,PO-2025-05053,2,MAT-00200,3776,7.7,29075.2,DELIVERED
POL-0008582,PO-2025-05053,3,MAT-00286,3370,3.27,11019.9,DELIVERED
POL-0008583,PO-2025-05054,1,MAT-00316,103,27.03,2784.09,DELIVERED
POL-0008584,PO-2025-05055,1,MAT-00497,3469,7.66,26572.54,DELIVERED
POL-0008585,PO-2025-05055,2,MAT-00736,635,39.69,25203.15,DELIVERED
POL-0008586,PO-2025-05056,1,MAT-00246,2090,17.64,36867.6,DELIVERED
POL-0008587,PO-2025-05057,1,MAT-01109,64,12.76,816.64,DELIVERED
POL-0008588,PO-2025-05057,2,MAT-00897,119,19.49,2319.31,DELIVERED
POL-0008589,PO-2025-05057,3,MAT-00321,991,25.93,25696.63,DELIVERED
POL-0008590,PO-2025-05057,4,MAT-00016,353,14.33,5058.49,DELIVERED
POL-0008591,PO-2025-05058,1,MAT-00601,224,63.86,14304.64,DELIVERED
POL-0008592,PO-2025-05059,1,MAT-00836,209,32.93,6882.37,DELIVERED
POL-0008593,PO-2025-05059,2,MAT-00772,588,12.97,7626.36,DELIVERED
POL-0008594,PO-2025-05060,1,MAT-00555,27,38.96,1051.92,OVERDUE
POL-0008595,PO-2025-05061,1,MAT-01082,2447,19.03,46566.41,IN_TRANSIT
POL-0008596,PO-2025-05061,2,MAT-01141,3543,20.07,71108.01,IN_TRANSIT
POL-0008597,PO-2025-05062,1,MAT-01160,84,18.22,1530.48,DELIVERED
POL-0008598,PO-2025-05063,1,MAT-00163,104,86.31,8976.24,DELIVERED
POL-0008599,PO-2025-05064,1,MAT-00448,319,8.88,2832.72,OVERDUE
POL-0008600,PO-2025-05064,2,MAT-00155,1901,38.82,73796.82,OVERDUE
POL-0008601,PO-2025-05065,1,MAT-00898,587,30.18,17715.66,OVERDUE
POL-0008602,PO-2025-05066,1,MAT-00003,111,54.31,6028.41,DELIVERED
POL-0008603,PO-2025-05067,1,MAT-00580,3362,89.7,301571.4,DELIVERED
POL-0008604,PO-2025-05067,2,MAT-01169,323,50.44,16292.12,DELIVERED
POL-0008605,PO-2025-05067,3,MAT-00013,392,32.0,12544.0,DELIVERED
POL-0008606,PO-2025-05068,1,MAT-01066,1034,8.04,8313.36,DELIVERED
POL-0008607,PO-2025-05069,1,MAT-00178,105,138.41,14533.05,CANCELLED
POL-0008608,PO-2025-05069,2,MAT-00560,1080,16.8,18144.0,CANCELLED
POL-0008609,PO-2025-05069,3,MAT-01065,1981,18.9,37440.9,CANCELLED
POL-0008610,PO-2025-05069,4,MAT-00677,123,7.13,876.99,CANCELLED
POL-0008611,PO-2025-05070,1,MAT-00235,891,252.41,224897.31,DELIVERED
POL-0008612,PO-2025-05071,1,MAT-00029,287,12.48,3581.76,DELIVERED
POL-0008613,PO-2025-05072,1,MAT-00975,1169,14.88,17394.72,DELIVERED
POL-0008614,PO-2025-05072,2,MAT-00549,1488,41.83,62243.04,DELIVERED
POL-0008615,PO-2025-05072,3,MAT-00669,1514,1.61,2437.54,DELIVERED
POL-0008616,PO-2025-05073,1,MAT-01094,112,26.14,2927.68,DELIVERED
POL-0008617,PO-2025-05074,1,MAT-01059,2112,48.3,102009.6,DELIVERED
POL-0008618,PO-2025-05074,2,MAT-00889,2642,51.09,134979.78,DELIVERED
POL-0008619,PO-2025-05075,1,MAT-01025,373,185.16,69064.68,DELIVERED
POL-0008620,PO-2025-05076,1,MAT-00121,898,59.21,53170.58,OVERDUE
POL-0008621,PO-2025-05076,2,MAT-00694,154,49.22,7579.88,OVERDUE
POL-0008622,PO-2025-05076,3,MAT-00699,935,69.76,65225.6,OVERDUE
POL-0008623,PO-2025-05077,1,MAT-00202,1212,45.92,55655.04,OVERDUE
POL-0008624,PO-2025-05077,2,MAT-00585,633,29.99,18983.67,OVERDUE
POL-0008625,PO-2025-05077,3,MAT-00270,44,31.02,1364.88,OVERDUE
POL-0008626,PO-2025-05078,1,MAT-00760,64,54.98,3518.72,DELIVERED
POL-0008627,PO-2025-05078,2,MAT-00334,1520,12.59,19136.8,DELIVERED
POL-0008628,PO-2025-05079,1,MAT-00031,1099,12.93,14210.07,CANCELLED
POL-0008629,PO-2025-05080,1,MAT-00497,2980,7.66,22826.8,DELIVERED
POL-0008630,PO-2025-05081,1,MAT-00784,324,46.72,15137.28,DELIVERED
POL-0008631,PO-2025-05082,1,MAT-00369,3745,27.23,101976.35,OVERDUE
POL-0008632,PO-2025-05083,1,MAT-00942,4817,69.64,335455.88,DELIVERED
POL-0008633,PO-2025-05084,1,MAT-00471,59,17.46,1030.14,DELIVERED
POL-0008634,PO-2025-05085,1,MAT-00182,495,10.58,5237.1,DELIVERED
POL-0008635,PO-2025-05085,2,MAT-01137,28,86.68,2427.04,DELIVERED
POL-0008636,PO-2025-05085,3,MAT-01060,414,16.97,7025.58,DELIVERED
POL-0008637,PO-2025-05085,4,MAT-00194,931,6.96,6479.76,DELIVERED
POL-0008638,PO-2025-05086,1,MAT-00162,136,66.09,8988.24,DELIVERED
POL-0008639,PO-2025-05086,2,MAT-00617,197,28.11,5537.67,DELIVERED
POL-0008640,PO-2025-05086,3,MAT-00043,1048,24.39,25560.72,DELIVERED
POL-0008641,PO-2025-05087,1,MAT-00606,838,220.63,184887.94,DELIVERED
POL-0008642,PO-2025-05088,1,MAT-00301,108,10.18,1099.44,DELIVERED
POL-0008643,PO-2025-05088,2,MAT-00033,4042,24.38,98543.96,DELIVERED
POL-0008644,PO-2025-05089,1,MAT-00188,952,25.07,23866.64,DELIVERED
POL-0008645,PO-2025-05089,2,MAT-00567,1219,2.78,3388.82,DELIVERED
POL-0008646,PO-2025-05090,1,MAT-00126,134,271.29,36352.86,DELIVERED
POL-0008647,PO-2025-05091,1,MAT-00090,256,43.84,11223.04,DELIVERED
POL-0008648,PO-2025-05092,1,MAT-00977,187,15.0,2805.0,DELIVERED
POL-0008649,PO-2025-05093,1,MAT-00824,92,18.89,1737.88,DELIVERED
POL-0008650,PO-2025-05093,2,MAT-00278,209,14.49,3028.41,DELIVERED
POL-0008651,PO-2025-05094,1,MAT-00064,467,7.54,3521.18,DELIVERED
POL-0008652,PO-2025-05094,2,MAT-00146,304,66.13,20103.52,DELIVERED
POL-0008653,PO-2025-05095,1,MAT-01095,212,56.28,11931.36,DELIVERED
POL-0008654,PO-2025-05096,1,MAT-00525,78,10.26,800.28,IN_TRANSIT
POL-0008655,PO-2025-05097,1,MAT-00634,412,16.76,6905.12,DELIVERED
POL-0008656,PO-2025-05097,2,MAT-00840,441,21.61,9530.01,DELIVERED
POL-0008657,PO-2025-05098,1,MAT-00827,2632,151.97,399985.04,DELIVERED
POL-0008658,PO-2025-05098,2,MAT-00559,333,39.35,13103.55,DELIVERED
POL-0008659,PO-2025-05099,1,MAT-00604,443,120.87,53545.41,DELIVERED
POL-0008660,PO-2025-05100,1,MAT-00059,2103,39.01,82038.03,IN_TRANSIT
POL-0008661,PO-2025-05101,1,MAT-00868,379,35.58,13484.82,DELIVERED
POL-0008662,PO-2025-05102,1,MAT-00744,96,24.53,2354.88,DELIVERED
POL-0008663,PO-2025-05103,1,MAT-00105,616,20.21,12449.36,DELIVERED
POL-0008664,PO-2025-05103,2,MAT-00936,1353,13.86,18752.58,DELIVERED
POL-0008665,PO-2025-05103,3,MAT-00326,4326,7.37,31882.62,DELIVERED
POL-0008666,PO-2025-05104,1,MAT-00651,528,193.06,101935.68,DELIVERED
POL-0008667,PO-2025-05104,2,MAT-00878,565,33.42,18882.3,DELIVERED
POL-0008668,PO-2025-05104,3,MAT-00799,669,24.99,16718.31,DELIVERED
POL-0008669,PO-2025-05105,1,MAT-00195,488,30.41,14840.08,DELIVERED
POL-0008670,PO-2025-05105,2,MAT-00244,78,63.18,4928.04,DELIVERED
POL-0008671,PO-2025-05105,3,MAT-01013,535,271.16,145070.6,DELIVERED
POL-0008672,PO-2025-05106,1,MAT-01070,1767,34.39,60767.13,DELIVERED
POL-0008673,PO-2025-05106,2,MAT-00753,163,8.73,1422.99,DELIVERED
POL-0008674,PO-2025-05107,1,MAT-01005,2356,54.05,127341.8,DELIVERED
POL-0008675,PO-2025-05107,2,MAT-00707,71,6.54,464.34,DELIVERED
POL-0008676,PO-2025-05108,1,MAT-00161,4950,9.33,46183.5,DELIVERED
POL-0008677,PO-2025-05108,2,MAT-00487,87,12.04,1047.48,DELIVERED
POL-0008678,PO-2025-05108,3,MAT-01052,358,39.07,13987.06,DELIVERED
POL-0008679,PO-2025-05109,1,MAT-01097,4039,29.26,118181.14,DELIVERED
POL-0008680,PO-2025-05110,1,MAT-01058,1203,91.18,109689.54,DELIVERED
POL-0008681,PO-2025-05111,1,MAT-00330,149,46.68,6955.32,DELIVERED
POL-0008682,PO-2025-05111,2,MAT-00007,62,139.18,8629.16,DELIVERED
POL-0008683,PO-2025-05111,3,MAT-00493,1875,29.45,55218.75,DELIVERED
POL-0008684,PO-2025-05112,1,MAT-01194,118,36.64,4323.52,DELIVERED
POL-0008685,PO-2025-05113,1,MAT-01004,1169,11.94,13957.86,DELIVERED
POL-0008686,PO-2025-05113,2,MAT-01162,1822,295.71,538783.62,DELIVERED
POL-0008687,PO-2025-05113,3,MAT-00033,1424,24.38,34717.12,DELIVERED
POL-0008688,PO-2025-05114,1,MAT-00623,39,213.25,8316.75,DELIVERED
POL-0008689,PO-2025-05114,2,MAT-00721,1400,34.47,48258.0,DELIVERED
POL-0008690,PO-2025-05115,1,MAT-01001,393,112.37,44161.41,DELIVERED
POL-0008691,PO-2025-05115,2,MAT-00945,394,179.18,70596.92,DELIVERED
POL-0008692,PO-2025-05116,1,MAT-01155,443,149.31,66144.33,DELIVERED
POL-0008693,PO-2025-05117,1,MAT-01179,1339,8.13,10886.07,IN_TRANSIT
POL-0008694,PO-2025-05117,2,MAT-00547,78,47.33,3691.74,IN_TRANSIT
POL-0008695,PO-2025-05118,1,MAT-01108,239,8.07,1928.73,DELIVERED
POL-0008696,PO-2025-05118,2,MAT-00163,132,86.31,11392.92,DELIVERED
POL-0008697,PO-2025-05119,1,MAT-00398,126,119.47,15053.22,DELIVERED
POL-0008698,PO-2025-05120,1,MAT-00938,372,54.51,20277.72,DELIVERED
POL-0008699,PO-2025-05120,2,MAT-00613,4733,36.77,174032.41,DELIVERED
POL-0008700,PO-2025-05121,1,MAT-00369,3161,27.23,86074.03,DELIVERED
POL-0008701,PO-2025-05122,1,MAT-00947,577,4.51,2602.27,DELIVERED
POL-0008702,PO-2025-05123,1,MAT-00336,1566,20.44,32009.04,DELIVERED
POL-0008703,PO-2025-05124,1,MAT-00968,2062,192.33,396584.46,DELIVERED
POL-0008704,PO-2025-05125,1,MAT-01095,386,56.28,21724.08,DELIVERED
POL-0008705,PO-2025-05125,2,MAT-00052,702,15.67,11000.34,DELIVERED
POL-0008706,PO-2025-05125,3,MAT-01176,72,20.33,1463.76,DELIVERED
POL-0008707,PO-2025-05125,4,MAT-01182,180,116.22,20919.6,DELIVERED
POL-0008708,PO-2025-05126,1,MAT-00945,132,179.18,23651.76,OVERDUE
POL-0008709,PO-2025-05126,2,MAT-00345,108,14.77,1595.16,OVERDUE
POL-0008710,PO-2025-05126,3,MAT-00494,105,10.66,1119.3,OVERDUE
POL-0008711,PO-2025-05127,1,MAT-01102,169,1.65,278.85,DELIVERED
POL-0008712,PO-2025-05127,2,MAT-00154,4742,31.56,149657.52,DELIVERED
POL-0008713,PO-2025-05127,3,MAT-00637,53,58.6,3105.8,DELIVERED
POL-0008714,PO-2025-05128,1,MAT-00800,977,26.27,25665.79,DELIVERED
POL-0008715,PO-2025-05129,1,MAT-00733,2926,37.92,110953.92,DELIVERED
POL-0008716,PO-2025-05129,2,MAT-00466,193,20.96,4045.28,DELIVERED
POL-0008717,PO-2025-05130,1,MAT-01028,2239,31.51,70550.89,DELIVERED
POL-0008718,PO-2025-05130,2,MAT-01025,213,185.16,39439.08,DELIVERED
POL-0008719,PO-2025-05131,1,MAT-00510,116,9.74,1129.84,CANCELLED
POL-0008720,PO-2025-05131,2,MAT-00660,545,21.91,11940.95,CANCELLED
POL-0008721,PO-2025-05131,3,MAT-00793,1624,31.91,51821.84,CANCELLED
POL-0008722,PO-2025-05132,1,MAT-00209,1228,43.72,53688.16,DELIVERED
POL-0008723,PO-2025-05132,2,MAT-00968,3265,192.33,627957.45,DELIVERED
POL-0008724,PO-2025-05133,1,MAT-00007,143,139.18,19902.74,DELIVERED
POL-0008725,PO-2025-05134,1,MAT-01177,192,4.33,831.36,DELIVERED
POL-0008726,PO-2025-05135,1,MAT-00720,1531,25.65,39270.15,DELIVERED
POL-0008727,PO-2025-05135,2,MAT-00117,245,23.25,5696.25,DELIVERED
POL-0008728,PO-2025-05136,1,MAT-00069,444,37.62,16703.28,DELIVERED
POL-0008729,PO-2025-05136,2,MAT-00704,249,5.04,1254.96,DELIVERED
POL-0008730,PO-2025-05137,1,MAT-00050,135,3.6,486.0,DELIVERED
POL-0008731,PO-2025-05138,1,MAT-00783,1397,42.1,58813.7,CANCELLED
POL-0008732,PO-2025-05139,1,MAT-00321,2310,25.93,59898.3,DELIVERED
POL-0008733,PO-2025-05139,2,MAT-00384,108,13.47,1454.76,DELIVERED
POL-0008734,PO-2025-05139,3,MAT-00233,280,29.51,8262.8,DELIVERED
POL-0008735,PO-2025-05140,1,MAT-01108,88,8.07,710.16,DELIVERED
POL-0008736,PO-2025-05141,1,MAT-00060,3809,78.27,298130.43,DELIVERED
POL-0008737,PO-2025-05141,2,MAT-00060,4866,78.27,380861.82,DELIVERED
POL-0008738,PO-2025-05142,1,MAT-00935,228,44.85,10225.8,DELIVERED
POL-0008739,PO-2025-05143,1,MAT-00572,1173,154.68,181439.64,DELIVERED
POL-0008740,PO-2025-05144,1,MAT-00749,118,12.8,1510.4,DELIVERED
POL-0008741,PO-2025-05144,2,MAT-00795,223,7.58,1690.34,DELIVERED
POL-0008742,PO-2025-05144,3,MAT-00666,454,31.46,14282.84,DELIVERED
POL-0008743,PO-2025-05145,1,MAT-00382,106,12.27,1300.62,CANCELLED
POL-0008744,PO-2025-05146,1,MAT-00858,3534,39.46,139451.64,DELIVERED
POL-0008745,PO-2025-05147,1,MAT-00586,688,33.81,23261.28,DELIVERED
POL-0008746,PO-2025-05147,2,MAT-00762,64,28.94,1852.16,DELIVERED
POL-0008747,PO-2025-05148,1,MAT-00613,2108,36.77,77511.16,DELIVERED
POL-0008748,PO-2025-05148,2,MAT-00919,81,16.1,1304.1,DELIVERED
POL-0008749,PO-2025-05149,1,MAT-00544,1618,128.6,208074.8,DELIVERED
POL-0008750,PO-2025-05149,2,MAT-00744,34,24.53,834.02,DELIVERED
POL-0008751,PO-2025-05150,1,MAT-00709,113,2.49,281.37,DELIVERED
POL-0008752,PO-2025-05151,1,MAT-00669,2573,1.61,4142.53,DELIVERED
POL-0008753,PO-2025-05152,1,MAT-00532,3660,4.5,16470.0,DELIVERED
POL-0008754,PO-2025-05152,2,MAT-00904,550,112.52,61886.0,DELIVERED
POL-0008755,PO-2025-05152,3,MAT-00835,2055,25.41,52217.55,DELIVERED
POL-0008756,PO-2025-05153,1,MAT-01197,443,23.44,10383.92,CANCELLED
POL-0008757,PO-2025-05153,2,MAT-01073,314,29.22,9175.08,CANCELLED
POL-0008758,PO-2025-05153,3,MAT-00367,74,33.11,2450.14,CANCELLED
POL-0008759,PO-2025-05153,4,MAT-01165,2397,81.53,195427.41,CANCELLED
POL-0008760,PO-2025-05154,1,MAT-00113,106,30.06,3186.36,DELIVERED
POL-0008761,PO-2025-05154,2,MAT-00358,2403,20.32,48828.96,DELIVERED
POL-0008762,PO-2025-05155,1,MAT-00677,65,7.13,463.45,DELIVERED
POL-0008763,PO-2025-05155,2,MAT-00296,4291,11.79,50590.89,DELIVERED
POL-0008764,PO-2025-05155,3,MAT-00830,1836,18.38,33745.68,DELIVERED
POL-0008765,PO-2025-05155,4,MAT-00834,2321,11.89,27596.69,DELIVERED
POL-0008766,PO-2025-05156,1,MAT-01089,33,17.94,592.02,DELIVERED
POL-0008767,PO-2025-05157,1,MAT-00131,771,4.8,3700.8,DELIVERED
POL-0008768,PO-2025-05158,1,MAT-01028,2720,31.51,85707.2,DELIVERED
POL-0008769,PO-2025-05158,2,MAT-01043,270,86.42,23333.4,DELIVERED
POL-0008770,PO-2025-05158,3,MAT-00222,468,3.54,1656.72,DELIVERED
POL-0008771,PO-2025-05159,1,MAT-00520,206,58.4,12030.4,IN_TRANSIT
POL-0008772,PO-2025-05159,2,MAT-00210,148,1869.34,276662.32,IN_TRANSIT
POL-0008773,PO-2025-05159,3,MAT-00717,163,30.37,4950.31,IN_TRANSIT
POL-0008774,PO-2025-05160,1,MAT-00850,93,15.13,1407.09,DELIVERED
POL-0008775,PO-2025-05160,2,MAT-00757,3768,48.01,180901.68,DELIVERED
POL-0008776,PO-2025-05160,3,MAT-00338,173,17.48,3024.04,DELIVERED
POL-0008777,PO-2025-05161,1,MAT-00632,115,130.83,15045.45,DELIVERED
POL-0008778,PO-2025-05162,1,MAT-00686,162,52.4,8488.8,IN_TRANSIT
POL-0008779,PO-2025-05162,2,MAT-00401,467,4.11,1919.37,IN_TRANSIT
POL-0008780,PO-2025-05163,1,MAT-00235,859,252.41,216820.19,DELIVERED
POL-0008781,PO-2025-05163,2,MAT-00949,1933,23.02,44497.66,DELIVERED
POL-0008782,PO-2025-05163,3,MAT-00170,928,10.55,9790.4,DELIVERED
POL-0008783,PO-2025-05164,1,MAT-00166,1701,42.74,72700.74,DELIVERED
POL-0008784,PO-2025-05164,2,MAT-00106,56,42.34,2371.04,DELIVERED
POL-0008785,PO-2025-05165,1,MAT-01093,441,59.23,26120.43,CANCELLED
POL-0008786,PO-2025-05166,1,MAT-00738,93,77.11,7171.23,DELIVERED
POL-0008787,PO-2025-05166,2,MAT-01148,1721,5.38,9258.98,DELIVERED
POL-0008788,PO-2025-05167,1,MAT-00140,632,6.41,4051.12,CANCELLED
POL-0008789,PO-2025-05167,2,MAT-00494,133,10.66,1417.78,CANCELLED
POL-0008790,PO-2025-05168,1,MAT-01189,103,49.09,5056.27,DELIVERED
POL-0008791,PO-2025-05169,1,MAT-00557,206,14.49,2984.94,DELIVERED
POL-0008792,PO-2025-05169,2,MAT-00647,304,1.63,495.52,DELIVERED
POL-0008793,PO-2025-05170,1,MAT-00686,87,52.4,4558.8,DELIVERED
POL-0008794,PO-2025-05170,2,MAT-00110,350,22.42,7847.0,DELIVERED
POL-0008795,PO-2025-05170,3,MAT-00532,4659,4.5,20965.5,DELIVERED
POL-0008796,PO-2025-05171,1,MAT-00804,195,14.02,2733.9,DELIVERED
POL-0008797,PO-2025-05171,2,MAT-00126,251,271.29,68093.79,DELIVERED
POL-0008798,PO-2025-05171,3,MAT-00058,1647,18.55,30551.85,DELIVERED
POL-0008799,PO-2025-05171,4,MAT-00958,3097,41.38,128153.86,DELIVERED
POL-0008800,PO-2025-05172,1,MAT-00112,262,25.98,6806.76,OVERDUE
POL-0008801,PO-2025-05173,1,MAT-00680,2202,111.31,245104.62,CANCELLED
POL-0008802,PO-2025-05174,1,MAT-00497,4186,7.66,32064.76,DELIVERED
POL-0008803,PO-2025-05174,2,MAT-00088,3316,36.74,121829.84,DELIVERED
POL-0008804,PO-2025-05175,1,MAT-00354,2154,23.19,49951.26,DELIVERED
POL-0008805,PO-2025-05175,2,MAT-01057,1368,27.41,37496.88,DELIVERED
POL-0008806,PO-2025-05176,1,MAT-00164,323,10.01,3233.23,DELIVERED
POL-0008807,PO-2025-05176,2,MAT-00198,4950,30.26,149787.0,DELIVERED
POL-0008808,PO-2025-05176,3,MAT-01040,120,86.86,10423.2,DELIVERED
POL-0008809,PO-2025-05176,4,MAT-00431,2533,7.03,17806.99,DELIVERED
POL-0008810,PO-2025-05177,1,MAT-00572,637,154.68,98531.16,DELIVERED
POL-0008811,PO-2025-05178,1,MAT-00680,3149,111.31,350515.19,DELIVERED
POL-0008812,PO-2025-05179,1,MAT-00926,400,4.52,1808.0,DELIVERED
POL-0008813,PO-2025-05179,2,MAT-00422,85,176.15,14972.75,DELIVERED
POL-0008814,PO-2025-05180,1,MAT-00883,2857,15.57,44483.49,DELIVERED
POL-0008815,PO-2025-05180,2,MAT-00588,489,10.35,5061.15,DELIVERED
POL-0008816,PO-2025-05181,1,MAT-00873,111,5.67,629.37,PENDING
POL-0008817,PO-2025-05181,2,MAT-00558,124,15.06,1867.44,PENDING
POL-0008818,PO-2025-05181,3,MAT-00449,65,15.44,1003.6,PENDING
POL-0008819,PO-2025-05182,1,MAT-00127,1181,9.12,10770.72,DELIVERED
POL-0008820,PO-2025-05183,1,MAT-00725,4557,28.78,131150.46,DELIVERED
POL-0008821,PO-2025-05184,1,MAT-00484,654,31.07,20319.78,DELIVERED
POL-0008822,PO-2025-05185,1,MAT-00866,86,16.43,1412.98,IN_TRANSIT
POL-0008823,PO-2025-05185,2,MAT-01118,398,24.61,9794.78,IN_TRANSIT
POL-0008824,PO-2025-05186,1,MAT-00556,4517,16.6,74982.2,OVERDUE
POL-0008825,PO-2025-05186,2,MAT-00306,121,31.01,3752.21,OVERDUE
POL-0008826,PO-2025-05187,1,MAT-00749,79,12.8,1011.2,DELIVERED
POL-0008827,PO-2025-05188,1,MAT-00548,717,20.62,14784.54,OVERDUE
POL-0008828,PO-2025-05188,2,MAT-00845,700,33.47,23429.0,OVERDUE
POL-0008829,PO-2025-05189,1,MAT-00120,3813,54.58,208113.54,PENDING
POL-0008830,PO-2025-05189,2,MAT-00382,218,12.27,2674.86,PENDING
POL-0008831,PO-2025-05189,3,MAT-00615,50,393.03,19651.5,PENDING
POL-0008832,PO-2025-05190,1,MAT-00704,275,5.04,1386.0,DELIVERED
POL-0008833,PO-2025-05190,2,MAT-00212,192,92.6,17779.2,DELIVERED
POL-0008834,PO-2025-05191,1,MAT-00226,92,87.58,8057.36,DELIVERED
POL-0008835,PO-2025-05191,2,MAT-00085,76,10.07,765.32,DELIVERED
POL-0008836,PO-2025-05191,3,MAT-00323,63,10.79,679.77,DELIVERED
POL-0008837,PO-2025-05192,1,MAT-00606,821,220.63,181137.23,IN_TRANSIT
POL-0008838,PO-2025-05192,2,MAT-00573,2432,37.85,92051.2,IN_TRANSIT
POL-0008839,PO-2025-05192,3,MAT-01083,1073,17.97,19281.81,IN_TRANSIT
POL-0008840,PO-2025-05193,1,MAT-01052,105,39.07,4102.35,DELIVERED
POL-0008841,PO-2025-05193,2,MAT-00710,321,162.07,52024.47,DELIVERED
POL-0008842,PO-2025-05193,3,MAT-00707,75,6.54,490.5,DELIVERED
POL-0008843,PO-2025-05194,1,MAT-00976,210,3.26,684.6,DELIVERED
POL-0008844,PO-2025-05195,1,MAT-00717,80,30.37,2429.6,DELIVERED
POL-0008845,PO-2025-05196,1,MAT-00627,159,7.98,1268.82,DELIVERED
POL-0008846,PO-2025-05197,1,MAT-00899,2656,92.02,244405.12,DELIVERED
POL-0008847,PO-2025-05198,1,MAT-00630,87,90.2,7847.4,PENDING
POL-0008848,PO-2025-05199,1,MAT-00641,352,18.57,6536.64,DELIVERED
POL-0008849,PO-2025-05200,1,MAT-00548,831,20.62,17135.22,DELIVERED
POL-0008850,PO-2025-05201,1,MAT-00055,4448,78.07,347255.36,PENDING
POL-0008851,PO-2025-05201,2,MAT-01042,721,14.79,10663.59,PENDING
POL-0008852,PO-2025-05201,3,MAT-00091,4842,29.94,144969.48,PENDING
POL-0008853,PO-2025-05202,1,MAT-00083,194,142.68,27679.92,DELIVERED
POL-0008854,PO-2025-05203,1,MAT-00342,494,36.28,17922.32,DELIVERED
POL-0008855,PO-2025-05204,1,MAT-00101,696,5.32,3702.72,DELIVERED
POL-0008856,PO-2025-05205,1,MAT-00032,51,197.47,10070.97,DELIVERED
POL-0008857,PO-2025-05206,1,MAT-00954,882,125.17,110399.94,DELIVERED
POL-0008858,PO-2025-05206,2,MAT-00091,4162,29.94,124610.28,DELIVERED
POL-0008859,PO-2025-05206,3,MAT-00858,2296,39.46,90600.16,DELIVERED
POL-0008860,PO-2025-05207,1,MAT-00826,1731,125.95,218019.45,DELIVERED
POL-0008861,PO-2025-05207,2,MAT-00404,371,27.52,10209.92,DELIVERED
POL-0008862,PO-2025-05208,1,MAT-00041,459,61.01,28003.59,DELIVERED
POL-0008863,PO-2025-05208,2,MAT-00697,1062,39.32,41757.84,DELIVERED
POL-0008864,PO-2025-05209,1,MAT-00409,118,27.11,3198.98,DELIVERED
POL-0008865,PO-2025-05209,2,MAT-00716,808,87.73,70885.84,DELIVERED
POL-0008866,PO-2025-05209,3,MAT-00564,232,17.34,4022.88,DELIVERED
POL-0008867,PO-2025-05209,4,MAT-00876,85,179.11,15224.35,DELIVERED
POL-0008868,PO-2025-05210,1,MAT-00527,665,4.28,2846.2,OVERDUE
POL-0008869,PO-2025-05211,1,MAT-00957,221,38.32,8468.72,PENDING
POL-0008870,PO-2025-05212,1,MAT-00246,534,17.64,9419.76,DELIVERED
POL-0008871,PO-2025-05213,1,MAT-00028,51,35.36,1803.36,DELIVERED
POL-0008872,PO-2025-05213,2,MAT-00917,304,48.1,14622.4,DELIVERED
POL-0008873,PO-2025-05213,3,MAT-01002,981,76.22,74771.82,DELIVERED
POL-0008874,PO-2025-05213,4,MAT-00036,1007,6.28,6323.96,DELIVERED
POL-0008875,PO-2025-05214,1,MAT-00493,4388,29.45,129226.6,CANCELLED
POL-0008876,PO-2025-05215,1,MAT-01111,2307,19.73,45517.11,DELIVERED
POL-0008877,PO-2025-05215,2,MAT-00290,2241,12.44,27878.04,DELIVERED
POL-0008878,PO-2025-05216,1,MAT-00429,2103,85.43,179659.29,DELIVERED
POL-0008879,PO-2025-05217,1,MAT-00965,671,25.4,17043.4,DELIVERED
POL-0008880,PO-2025-05218,1,MAT-00896,107,55.89,5980.23,DELIVERED
POL-0008881,PO-2025-05219,1,MAT-00720,2524,25.65,64740.6,PENDING
POL-0008882,PO-2025-05220,1,MAT-00550,1824,12.78,23310.72,DELIVERED
POL-0008883,PO-2025-05220,2,MAT-00618,75,53.82,4036.5,DELIVERED
POL-0008884,PO-2025-05221,1,MAT-01184,335,4.64,1554.4,DELIVERED
POL-0008885,PO-2025-05222,1,MAT-00797,597,25.64,15307.08,CANCELLED
POL-0008886,PO-2025-05222,2,MAT-00719,1852,17.76,32891.52,CANCELLED
POL-0008887,PO-2025-05222,3,MAT-00098,359,37.1,13318.9,CANCELLED
POL-0008888,PO-2025-05222,4,MAT-01031,1461,20.02,29249.22,CANCELLED
POL-0008889,PO-2025-05223,1,MAT-01021,92,49.68,4570.56,DELIVERED
POL-0008890,PO-2025-05223,2,MAT-01043,471,86.42,40703.82,DELIVERED
POL-0008891,PO-2025-05223,3,MAT-00458,197,8.73,1719.81,DELIVERED
POL-0008892,PO-2025-05224,1,MAT-01130,787,37.06,29166.22,DELIVERED
POL-0008893,PO-2025-05224,2,MAT-00563,50,72.75,3637.5,DELIVERED
POL-0008894,PO-2025-05225,1,MAT-01098,79,2.97,234.63,DELIVERED
POL-0008895,PO-2025-05226,1,MAT-00501,223,76.28,17010.44,DELIVERED
POL-0008896,PO-2025-05227,1,MAT-00463,70,12.08,845.6,DELIVERED
POL-0008897,PO-2025-05227,2,MAT-00135,2879,10.03,28876.37,DELIVERED
POL-0008898,PO-2025-05227,3,MAT-00920,199,29.44,5858.56,DELIVERED
POL-0008899,PO-2025-05227,4,MAT-00998,182,52.87,9622.34,DELIVERED
POL-0008900,PO-2025-05228,1,MAT-00137,59,10.76,634.84,DELIVERED
POL-0008901,PO-2025-05229,1,MAT-01158,65,318.69,20714.85,DELIVERED
POL-0008902,PO-2025-05229,2,MAT-00078,784,19.35,15170.4,DELIVERED
POL-0008903,PO-2025-05230,1,MAT-00795,204,7.58,1546.32,DELIVERED
POL-0008904,PO-2025-05231,1,MAT-00001,151,43.14,6514.14,PENDING
POL-0008905,PO-2025-05232,1,MAT-00796,700,75.17,52619.0,DELIVERED
POL-0008906,PO-2025-05232,2,MAT-01139,87,51.2,4454.4,DELIVERED
POL-0008907,PO-2025-05232,3,MAT-01183,1518,73.63,111770.34,DELIVERED
POL-0008908,PO-2025-05233,1,MAT-00179,93,20.01,1860.93,DELIVERED
POL-0008909,PO-2025-05234,1,MAT-01152,4954,2.44,12087.76,DELIVERED
POL-0008910,PO-2025-05235,1,MAT-00773,1231,48.74,59998.94,CANCELLED
POL-0008911,PO-2025-05235,2,MAT-00276,300,45.13,13539.0,CANCELLED
POL-0008912,PO-2025-05236,1,MAT-00836,179,32.93,5894.47,DELIVERED
POL-0008913,PO-2025-05237,1,MAT-01118,524,24.61,12895.64,DELIVERED
POL-0008914,PO-2025-05238,1,MAT-00783,2154,42.1,90683.4,DELIVERED
POL-0008915,PO-2025-05239,1,MAT-01163,778,6.11,4753.58,IN_TRANSIT
POL-0008916,PO-2025-05239,2,MAT-00493,1217,29.45,35840.65,IN_TRANSIT
POL-0008917,PO-2025-05240,1,MAT-00406,102,55.54,5665.08,DELIVERED
POL-0008918,PO-2025-05240,2,MAT-00755,262,9.46,2478.52,DELIVERED
POL-0008919,PO-2025-05241,1,MAT-00504,3876,44.11,170970.36,IN_TRANSIT
POL-0008920,PO-2025-05241,2,MAT-00081,302,20.25,6115.5,IN_TRANSIT
POL-0008921,PO-2025-05242,1,MAT-00713,1959,13.48,26407.32,CANCELLED
POL-0008922,PO-2025-05242,2,MAT-00175,4574,32.53,148792.22,CANCELLED
POL-0008923,PO-2025-05242,3,MAT-00382,138,12.27,1693.26,CANCELLED
POL-0008924,PO-2025-05243,1,MAT-00336,594,20.44,12141.36,DELIVERED
POL-0008925,PO-2025-05244,1,MAT-01194,475,36.64,17404.0,OVERDUE
POL-0008926,PO-2025-05245,1,MAT-00183,2807,7.24,20322.68,DELIVERED
POL-0008927,PO-2025-05245,2,MAT-00193,738,32.7,24132.6,DELIVERED
POL-0008928,PO-2025-05245,3,MAT-00463,53,12.08,640.24,DELIVERED
POL-0008929,PO-2025-05245,4,MAT-00358,606,20.32,12313.92,DELIVERED
POL-0008930,PO-2025-05246,1,MAT-01007,705,70.22,49505.1,DELIVERED
POL-0008931,PO-2025-05247,1,MAT-00536,1043,25.16,26241.88,DELIVERED
POL-0008932,PO-2025-05248,1,MAT-01083,530,17.97,9524.1,DELIVERED
POL-0008933,PO-2025-05249,1,MAT-00185,2176,19.38,42170.88,PENDING
POL-0008934,PO-2025-05250,1,MAT-00346,202,34.05,6878.1,DELIVERED
POL-0008935,PO-2025-05250,2,MAT-00017,131,9.18,1202.58,DELIVERED
POL-0008936,PO-2025-05251,1,MAT-00507,4457,13.18,58743.26,DELIVERED
POL-0008937,PO-2025-05251,2,MAT-00160,1660,48.48,80476.8,DELIVERED
POL-0008938,PO-2025-05252,1,MAT-00955,698,21.66,15118.68,DELIVERED
POL-0008939,PO-2025-05253,1,MAT-00862,233,4.61,1074.13,DELIVERED
POL-0008940,PO-2025-05254,1,MAT-00636,318,4.36,1386.48,DELIVERED
POL-0008941,PO-2025-05254,2,MAT-00402,456,14.37,6552.72,DELIVERED
POL-0008942,PO-2025-05255,1,MAT-00814,118,33.95,4006.1,DELIVERED
POL-0008943,PO-2025-05255,2,MAT-00214,216,50.56,10920.96,DELIVERED
POL-0008944,PO-2025-05255,3,MAT-00945,396,179.18,70955.28,DELIVERED
POL-0008945,PO-2025-05256,1,MAT-00244,94,63.18,5938.92,OVERDUE
POL-0008946,PO-2025-05256,2,MAT-01070,4552,34.39,156543.28,OVERDUE
POL-0008947,PO-2025-05257,1,MAT-00770,1770,171.68,303873.6,DELIVERED
POL-0008948,PO-2025-05258,1,MAT-01190,933,8.45,7883.85,DELIVERED
POL-0008949,PO-2025-05259,1,MAT-01189,326,49.09,16003.34,DELIVERED
POL-0008950,PO-2025-05259,2,MAT-00324,195,263.42,51366.9,DELIVERED
POL-0008951,PO-2025-05260,1,MAT-00938,353,54.51,19242.03,DELIVERED
POL-0008952,PO-2025-05261,1,MAT-00772,1176,12.97,15252.72,OVERDUE
POL-0008953,PO-2025-05261,2,MAT-00869,62,57.93,3591.66,OVERDUE
POL-0008954,PO-2025-05262,1,MAT-00922,74,7.6,562.4,DELIVERED
POL-0008955,PO-2025-05262,2,MAT-00988,463,65.33,30247.79,DELIVERED
POL-0008956,PO-2025-05262,3,MAT-01039,106,30.4,3222.4,DELIVERED
POL-0008957,PO-2025-05263,1,MAT-00947,383,4.51,1727.33,DELIVERED
POL-0008958,PO-2025-05264,1,MAT-00509,977,26.62,26007.74,DELIVERED
POL-0008959,PO-2025-05265,1,MAT-00958,2736,41.38,113215.68,OVERDUE
POL-0008960,PO-2025-05265,2,MAT-01152,3000,2.44,7320.0,OVERDUE
POL-0008961,PO-2025-05266,1,MAT-00692,794,84.82,67347.08,DELIVERED
POL-0008962,PO-2025-05266,2,MAT-00754,1023,83.19,85103.37,DELIVERED
POL-0008963,PO-2025-05267,1,MAT-00825,248,14.59,3618.32,DELIVERED
POL-0008964,PO-2025-05267,2,MAT-00431,1541,7.03,10833.23,DELIVERED
POL-0008965,PO-2025-05267,3,MAT-00510,187,9.74,1821.38,DELIVERED
POL-0008966,PO-2025-05267,4,MAT-00681,305,61.82,18855.1,DELIVERED
POL-0008967,PO-2025-05268,1,MAT-00899,4102,92.02,377466.04,CANCELLED
POL-0008968,PO-2025-05268,2,MAT-00321,1676,25.93,43458.68,CANCELLED
POL-0008969,PO-2025-05268,3,MAT-00710,233,162.07,37762.31,CANCELLED
POL-0008970,PO-2025-05268,4,MAT-01024,259,285.56,73960.04,CANCELLED
POL-0008971,PO-2025-05269,1,MAT-00447,137,38.86,5323.82,DELIVERED
POL-0008972,PO-2025-05269,2,MAT-01193,975,13.05,12723.75,DELIVERED
POL-0008973,PO-2025-05270,1,MAT-00021,364,128.67,46835.88,IN_TRANSIT
POL-0008974,PO-2025-05271,1,MAT-00171,174,9.09,1581.66,DELIVERED
POL-0008975,PO-2025-05272,1,MAT-01153,1776,12.76,22661.76,OVERDUE
POL-0008976,PO-2025-05273,1,MAT-00585,1004,29.99,30109.96,DELIVERED
POL-0008977,PO-2025-05273,2,MAT-00325,54,7.8,421.2,DELIVERED
POL-0008978,PO-2025-05274,1,MAT-01083,1247,17.97,22408.59,DELIVERED
POL-0008979,PO-2025-05275,1,MAT-00097,1565,38.03,59516.95,PENDING
POL-0008980,PO-2025-05276,1,MAT-00803,3021,27.11,81899.31,PENDING
POL-0008981,PO-2025-05277,1,MAT-00778,49,21.4,1048.6,DELIVERED
POL-0008982,PO-2025-05277,2,MAT-00207,124,42.19,5231.56,DELIVERED
POL-0008983,PO-2025-05277,3,MAT-00816,269,4.83,1299.27,DELIVERED
POL-0008984,PO-2025-05278,1,MAT-00127,361,9.12,3292.32,DELIVERED
POL-0008985,PO-2025-05279,1,MAT-00549,4239,41.83,177317.37,DELIVERED
POL-0008986,PO-2025-05280,1,MAT-01057,4969,27.41,136200.29,DELIVERED
POL-0008987,PO-2025-05281,1,MAT-01194,224,36.64,8207.36,DELIVERED
POL-0008988,PO-2025-05282,1,MAT-00224,2453,3.99,9787.47,DELIVERED
POL-0008989,PO-2025-05283,1,MAT-00526,2387,3.7,8831.9,IN_TRANSIT
POL-0008990,PO-2025-05284,1,MAT-00746,2416,10.92,26382.72,DELIVERED
POL-0008991,PO-2025-05284,2,MAT-00423,236,20.76,4899.36,DELIVERED
POL-0008992,PO-2025-05284,3,MAT-00697,2456,39.32,96569.92,DELIVERED
POL-0008993,PO-2025-05284,4,MAT-00154,2660,31.56,83949.6,DELIVERED
POL-0008994,PO-2025-05285,1,MAT-00618,27,53.82,1453.14,DELIVERED
POL-0008995,PO-2025-05286,1,MAT-00403,662,28.29,18727.98,IN_TRANSIT
POL-0008996,PO-2025-05287,1,MAT-00631,217,4.35,943.95,DELIVERED
POL-0008997,PO-2025-05288,1,MAT-00428,360,56.03,20170.8,OVERDUE
POL-0008998,PO-2025-05289,1,MAT-00132,711,29.72,21130.92,DELIVERED
POL-0008999,PO-2025-05290,1,MAT-00805,371,15.46,5735.66,DELIVERED
POL-0009000,PO-2025-05290,2,MAT-00995,3029,8.66,26231.14,DELIVERED
POL-0009001,PO-2025-05291,1,MAT-00203,159,91.24,14507.16,DELIVERED
POL-0009002,PO-2025-05291,2,MAT-00565,319,99.63,31781.97,DELIVERED
POL-0009003,PO-2025-05292,1,MAT-00888,113,16.51,1865.63,PENDING
POL-0009004,PO-2025-05292,2,MAT-00709,116,2.49,288.84,PENDING
POL-0009005,PO-2025-05293,1,MAT-01169,240,50.44,12105.6,IN_TRANSIT
POL-0009006,PO-2025-05294,1,MAT-00156,91,10.81,983.71,CANCELLED
POL-0009007,PO-2025-05295,1,MAT-00315,181,112.99,20451.19,DELIVERED
POL-0009008,PO-2025-05295,2,MAT-00934,67,2.13,142.71,DELIVERED
POL-0009009,PO-2025-05296,1,MAT-00071,1203,35.54,42754.62,OVERDUE
POL-0009010,PO-2025-05297,1,MAT-00574,192,20.04,3847.68,IN_TRANSIT
POL-0009011,PO-2025-05297,2,MAT-01149,696,148.57,103404.72,IN_TRANSIT
POL-0009012,PO-2025-05298,1,MAT-00325,124,7.8,967.2,DELIVERED
POL-0009013,PO-2025-05298,2,MAT-00433,195,18.12,3533.4,DELIVERED
POL-0009014,PO-2025-05299,1,MAT-00311,94,19.43,1826.42,DELIVERED
POL-0009015,PO-2025-05299,2,MAT-01132,271,44.46,12048.66,DELIVERED
POL-0009016,PO-2025-05300,1,MAT-01003,1715,27.55,47248.25,CANCELLED
POL-0009017,PO-2025-05300,2,MAT-00601,245,63.86,15645.7,CANCELLED
POL-0009018,PO-2025-05300,3,MAT-00222,155,3.54,548.7,CANCELLED
POL-0009019,PO-2025-05301,1,MAT-00434,403,51.67,20823.01,DELIVERED
POL-0009020,PO-2025-05301,2,MAT-00231,3049,10.55,32166.95,DELIVERED
POL-0009021,PO-2025-05301,3,MAT-00349,207,12.65,2618.55,DELIVERED
POL-0009022,PO-2025-05302,1,MAT-00238,2599,30.05,78099.95,DELIVERED
POL-0009023,PO-2025-05303,1,MAT-01174,137,23.68,3244.16,DELIVERED
POL-0009024,PO-2025-05303,2,MAT-00289,1725,38.15,65808.75,DELIVERED
POL-0009025,PO-2025-05303,3,MAT-00306,97,31.01,3007.97,DELIVERED
POL-0009026,PO-2025-05304,1,MAT-00669,2445,1.61,3936.45,IN_TRANSIT
POL-0009027,PO-2025-05304,2,MAT-00169,2311,20.81,48091.91,IN_TRANSIT
POL-0009028,PO-2025-05305,1,MAT-00507,4017,13.18,52944.06,IN_TRANSIT
POL-0009029,PO-2025-05306,1,MAT-00943,883,51.39,45377.37,CANCELLED
POL-0009030,PO-2025-05306,2,MAT-00559,387,39.35,15228.45,CANCELLED
POL-0009031,PO-2025-05307,1,MAT-00058,1492,18.55,27676.6,DELIVERED
POL-0009032,PO-2025-05308,1,MAT-00879,1080,27.65,29862.0,DELIVERED
POL-0009033,PO-2025-05308,2,MAT-00791,3189,44.76,142739.64,DELIVERED
POL-0009034,PO-2025-05309,1,MAT-00199,101,26.32,2658.32,DELIVERED
POL-0009035,PO-2025-05309,2,MAT-01072,136,43.22,5877.92,DELIVERED
POL-0009036,PO-2025-05310,1,MAT-00584,187,318.37,59535.19,DELIVERED
POL-0009037,PO-2025-05310,2,MAT-00285,1208,292.76,353654.08,DELIVERED
POL-0009038,PO-2025-05311,1,MAT-00517,322,40.81,13140.82,DELIVERED
POL-0009039,PO-2025-05311,2,MAT-00440,64,24.07,1540.48,DELIVERED
POL-0009040,PO-2025-05311,3,MAT-00161,1634,9.33,15245.22,DELIVERED
POL-0009041,PO-2025-05311,4,MAT-00515,708,14.31,10131.48,DELIVERED
POL-0009042,PO-2025-05312,1,MAT-00702,145,85.18,12351.1,CANCELLED
POL-0009043,PO-2025-05313,1,MAT-00016,277,14.33,3969.41,DELIVERED
POL-0009044,PO-2025-05313,2,MAT-00640,92,5.69,523.48,DELIVERED
POL-0009045,PO-2025-05314,1,MAT-00551,1835,30.92,56738.2,DELIVERED
POL-0009046,PO-2025-05314,2,MAT-00069,254,37.62,9555.48,DELIVERED
POL-0009047,PO-2025-05315,1,MAT-00659,3316,35.0,116060.0,PENDING
POL-0009048,PO-2025-05316,1,MAT-00263,2009,1.44,2892.96,DELIVERED
POL-0009049,PO-2025-05316,2,MAT-00569,97,3.19,309.43,DELIVERED
POL-0009050,PO-2025-05317,1,MAT-00244,180,63.18,11372.4,OVERDUE
POL-0009051,PO-2025-05317,2,MAT-00921,146,76.15,11117.9,OVERDUE
POL-0009052,PO-2025-05318,1,MAT-00541,1987,67.19,133506.53,DELIVERED
POL-0009053,PO-2025-05318,2,MAT-00923,27,27.65,746.55,DELIVERED
POL-0009054,PO-2025-05319,1,MAT-00877,35,14.6,511.0,DELIVERED
POL-0009055,PO-2025-05319,2,MAT-00879,2377,27.65,65724.05,DELIVERED
POL-0009056,PO-2025-05320,1,MAT-00384,277,13.47,3731.19,DELIVERED
POL-0009057,PO-2025-05320,2,MAT-00256,2036,16.01,32596.36,DELIVERED
POL-0009058,PO-2025-05320,3,MAT-00585,797,29.99,23902.03,DELIVERED
POL-0009059,PO-2025-05321,1,MAT-00975,758,14.88,11279.04,DELIVERED
POL-0009060,PO-2025-05321,2,MAT-00240,119,67.09,7983.71,DELIVERED
POL-0009061,PO-2025-05322,1,MAT-01063,134,91.29,12232.86,PENDING
POL-0009062,PO-2025-05323,1,MAT-00274,723,25.6,18508.8,DELIVERED
POL-0009063,PO-2025-05324,1,MAT-01029,430,54.15,23284.5,DELIVERED
POL-0009064,PO-2025-05325,1,MAT-00730,1686,10.79,18191.94,DELIVERED
POL-0009065,PO-2025-05325,2,MAT-00296,1782,11.79,21009.78,DELIVERED
POL-0009066,PO-2025-05326,1,MAT-00708,3919,170.09,666582.71,DELIVERED
POL-0009067,PO-2025-05327,1,MAT-01004,265,11.94,3164.1,DELIVERED
POL-0009068,PO-2025-05328,1,MAT-00344,772,16.09,12421.48,DELIVERED
POL-0009069,PO-2025-05328,2,MAT-00740,1087,72.02,78285.74,DELIVERED
POL-0009070,PO-2025-05328,3,MAT-01172,2451,33.4,81863.4,DELIVERED
POL-0009071,PO-2025-05329,1,MAT-01169,395,50.44,19923.8,DELIVERED
POL-0009072,PO-2025-05329,2,MAT-00514,1178,9.35,11014.3,DELIVERED
POL-0009073,PO-2025-05330,1,MAT-00346,219,34.05,7456.95,DELIVERED
POL-0009074,PO-2025-05330,2,MAT-01129,1017,25.13,25557.21,DELIVERED
POL-0009075,PO-2025-05330,3,MAT-00959,144,47.22,6799.68,DELIVERED
POL-0009076,PO-2025-05331,1,MAT-00066,296,124.59,36878.64,DELIVERED
POL-0009077,PO-2025-05332,1,MAT-00711,2524,34.88,88037.12,DELIVERED
POL-0009078,PO-2025-05333,1,MAT-01037,230,6.68,1536.4,CANCELLED
POL-0009079,PO-2025-05334,1,MAT-00734,1333,3.9,5198.7,DELIVERED
POL-0009080,PO-2025-05334,2,MAT-00785,242,43.23,10461.66,DELIVERED
POL-0009081,PO-2025-05334,3,MAT-00045,4854,4.78,23202.12,DELIVERED
POL-0009082,PO-2025-05335,1,MAT-01195,70,4.36,305.2,DELIVERED
POL-0009083,PO-2025-05335,2,MAT-00906,143,28.07,4014.01,DELIVERED
POL-0009084,PO-2025-05335,3,MAT-01194,459,36.64,16817.76,DELIVERED
POL-0009085,PO-2025-05336,1,MAT-00481,73,20.47,1494.31,DELIVERED
POL-0009086,PO-2025-05337,1,MAT-00966,420,132.2,55524.0,PENDING
POL-0009087,PO-2025-05337,2,MAT-00044,100,20.06,2006.0,PENDING
POL-0009088,PO-2025-05338,1,MAT-00299,771,60.43,46591.53,IN_TRANSIT
POL-0009089,PO-2025-05339,1,MAT-00418,118,31.86,3759.48,DELIVERED
POL-0009090,PO-2025-05339,2,MAT-00905,1581,31.39,49627.59,DELIVERED
POL-0009091,PO-2025-05339,3,MAT-00874,3514,11.73,41219.22,DELIVERED
POL-0009092,PO-2025-05339,4,MAT-00153,117,12.75,1491.75,DELIVERED
POL-0009093,PO-2025-05340,1,MAT-00378,3326,32.63,108527.38,DELIVERED
POL-0009094,PO-2025-05341,1,MAT-00900,850,11.44,9724.0,DELIVERED
POL-0009095,PO-2025-05341,2,MAT-00171,198,9.09,1799.82,DELIVERED
POL-0009096,PO-2025-05341,3,MAT-00097,1928,38.03,73321.84,DELIVERED
POL-0009097,PO-2025-05341,4,MAT-00387,93,36.38,3383.34,DELIVERED
POL-0009098,PO-2025-05342,1,MAT-00457,1718,22.22,38173.96,DELIVERED
POL-0009099,PO-2025-05342,2,MAT-00545,522,1.76,918.72,DELIVERED
POL-0009100,PO-2025-05342,3,MAT-00694,200,49.22,9844.0,DELIVERED
POL-0009101,PO-2025-05343,1,MAT-00178,79,138.41,10934.39,DELIVERED
POL-0009102,PO-2025-05343,2,MAT-00889,2681,51.09,136972.29,DELIVERED
POL-0009103,PO-2025-05344,1,MAT-00226,61,87.58,5342.38,IN_TRANSIT
POL-0009104,PO-2025-05345,1,MAT-00226,221,87.58,19355.18,IN_TRANSIT
POL-0009105,PO-2025-05346,1,MAT-00238,4577,30.05,137538.85,DELIVERED
POL-0009106,PO-2025-05346,2,MAT-00303,195,53.96,10522.2,DELIVERED
POL-0009107,PO-2025-05347,1,MAT-00792,257,30.47,7830.79,DELIVERED
POL-0009108,PO-2025-05348,1,MAT-00799,338,24.99,8446.62,DELIVERED
POL-0009109,PO-2025-05349,1,MAT-00923,94,27.65,2599.1,CANCELLED
POL-0009110,PO-2025-05349,2,MAT-01161,159,1.66,263.94,CANCELLED
POL-0009111,PO-2025-05350,1,MAT-00240,82,67.09,5501.38,OVERDUE
POL-0009112,PO-2025-05351,1,MAT-00561,1031,36.74,37878.94,DELIVERED
POL-0009113,PO-2025-05352,1,MAT-01165,1812,81.53,147732.36,DELIVERED
POL-0009114,PO-2025-05352,2,MAT-00247,3566,15.77,56235.82,DELIVERED
POL-0009115,PO-2025-05353,1,MAT-00998,72,52.87,3806.64,DELIVERED
POL-0009116,PO-2025-05354,1,MAT-00584,116,318.37,36930.92,DELIVERED
POL-0009117,PO-2025-05354,2,MAT-00438,2078,5.2,10805.6,DELIVERED
POL-0009118,PO-2025-05354,3,MAT-00526,1567,3.7,5797.9,DELIVERED
POL-0009119,PO-2025-05355,1,MAT-00420,296,25.29,7485.84,DELIVERED
POL-0009120,PO-2025-05356,1,MAT-00143,86,4.13,355.18,DELIVERED
POL-0009121,PO-2025-05357,1,MAT-00192,1762,63.17,111305.54,OVERDUE
POL-0009122,PO-2025-05357,2,MAT-00815,2882,84.5,243529.0,OVERDUE
POL-0009123,PO-2025-05357,3,MAT-00345,255,14.77,3766.35,OVERDUE
POL-0009124,PO-2025-05357,4,MAT-00789,538,25.4,13665.2,OVERDUE
POL-0009125,PO-2025-05358,1,MAT-00487,213,12.04,2564.52,DELIVERED
POL-0009126,PO-2025-05359,1,MAT-01161,62,1.66,102.92,DELIVERED
POL-0009127,PO-2025-05360,1,MAT-00917,250,48.1,12025.0,DELIVERED
POL-0009128,PO-2025-05361,1,MAT-00201,1101,37.48,41265.48,DELIVERED
POL-0009129,PO-2025-05361,2,MAT-00784,231,46.72,10792.32,DELIVERED
POL-0009130,PO-2025-05361,3,MAT-01022,539,14.64,7890.96,DELIVERED
POL-0009131,PO-2025-05362,1,MAT-00557,87,14.49,1260.63,DELIVERED
POL-0009132,PO-2025-05363,1,MAT-01076,202,15.38,3106.76,DELIVERED
POL-0009133,PO-2025-05363,2,MAT-01157,1214,11.78,14300.92,DELIVERED
POL-0009134,PO-2025-05364,1,MAT-00524,1018,51.02,51938.36,PENDING
POL-0009135,PO-2025-05364,2,MAT-00841,1534,26.03,39930.02,PENDING
POL-0009136,PO-2025-05365,1,MAT-01053,88,40.63,3575.44,DELIVERED
POL-0009137,PO-2025-05365,2,MAT-01143,224,23.88,5349.12,DELIVERED
POL-0009138,PO-2025-05365,3,MAT-00489,170,159.21,27065.7,DELIVERED
POL-0009139,PO-2025-05366,1,MAT-00166,1481,42.74,63297.94,DELIVERED
POL-0009140,PO-2025-05367,1,MAT-01076,485,15.38,7459.3,DELIVERED
POL-0009141,PO-2025-05368,1,MAT-00354,669,23.19,15514.11,OVERDUE
POL-0009142,PO-2025-05369,1,MAT-00239,2450,13.02,31899.0,DELIVERED
POL-0009143,PO-2025-05370,1,MAT-00196,561,35.98,20184.78,CANCELLED
POL-0009144,PO-2025-05370,2,MAT-00540,1278,14.25,18211.5,CANCELLED
POL-0009145,PO-2025-05370,3,MAT-00891,4132,68.06,281223.92,CANCELLED
POL-0009146,PO-2025-05371,1,MAT-00040,421,31.14,13109.94,OVERDUE
POL-0009147,PO-2025-05371,2,MAT-00707,85,6.54,555.9,OVERDUE
POL-0009148,PO-2025-05371,3,MAT-00843,1131,7.92,8957.52,OVERDUE
POL-0009149,PO-2025-05372,1,MAT-00190,3180,4.66,14818.8,DELIVERED
POL-0009150,PO-2025-05372,2,MAT-00903,3272,29.08,95149.76,DELIVERED
POL-0009151,PO-2025-05372,3,MAT-00723,67,5.49,367.83,DELIVERED
POL-0009152,PO-2025-05373,1,MAT-00801,230,67.85,15605.5,IN_TRANSIT
POL-0009153,PO-2025-05373,2,MAT-00037,1220,29.49,35977.8,IN_TRANSIT
POL-0009154,PO-2025-05374,1,MAT-00137,27,10.76,290.52,DELIVERED
POL-0009155,PO-2025-05374,2,MAT-00622,236,39.47,9314.92,DELIVERED
POL-0009156,PO-2025-05375,1,MAT-00616,1248,30.43,37976.64,DELIVERED
POL-0009157,PO-2025-05375,2,MAT-00225,1342,14.79,19848.18,DELIVERED
POL-0009158,PO-2025-05376,1,MAT-00505,104,13.36,1389.44,DELIVERED
POL-0009159,PO-2025-05376,2,MAT-00099,707,27.15,19195.05,DELIVERED
POL-0009160,PO-2025-05376,3,MAT-00827,2561,151.97,389195.17,DELIVERED
POL-0009161,PO-2025-05376,4,MAT-00824,73,18.89,1378.97,DELIVERED
POL-0009162,PO-2025-05377,1,MAT-00311,98,19.43,1904.14,DELIVERED
POL-0009163,PO-2025-05377,2,MAT-00657,146,28.52,4163.92,DELIVERED
POL-0009164,PO-2025-05377,3,MAT-01012,1036,34.03,35255.08,DELIVERED
POL-0009165,PO-2025-05377,4,MAT-00711,4134,34.88,144193.92,DELIVERED
POL-0009166,PO-2025-05378,1,MAT-00135,4182,10.03,41945.46,DELIVERED
POL-0009167,PO-2025-05378,2,MAT-00897,80,19.49,1559.2,DELIVERED
POL-0009168,PO-2025-05379,1,MAT-00893,67,78.98,5291.66,DELIVERED
POL-0009169,PO-2025-05379,2,MAT-01048,597,4.58,2734.26,DELIVERED
POL-0009170,PO-2025-05380,1,MAT-00211,1336,45.23,60427.28,DELIVERED
POL-0009171,PO-2025-05380,2,MAT-00351,456,37.0,16872.0,DELIVERED
POL-0009172,PO-2025-05381,1,MAT-00469,71,14.95,1061.45,OVERDUE
POL-0009173,PO-2025-05382,1,MAT-00917,435,48.1,20923.5,DELIVERED
POL-0009174,PO-2025-05383,1,MAT-00418,104,31.86,3313.44,DELIVERED
POL-0009175,PO-2025-05384,1,MAT-00280,4883,17.99,87845.17,DELIVERED
POL-0009176,PO-2025-05384,2,MAT-01129,1512,25.13,37996.56,DELIVERED
POL-0009177,PO-2025-05384,3,MAT-00415,89,37.24,3314.36,DELIVERED
POL-0009178,PO-2025-05384,4,MAT-00272,89,5.47,486.83,DELIVERED
POL-0009179,PO-2025-05385,1,MAT-00118,1891,7.27,13747.57,DELIVERED
POL-0009180,PO-2025-05385,2,MAT-00565,432,99.63,43040.16,DELIVERED
POL-0009181,PO-2025-05385,3,MAT-00818,721,65.99,47578.79,DELIVERED
POL-0009182,PO-2025-05386,1,MAT-00633,1239,20.47,25362.33,DELIVERED
POL-0009183,PO-2025-05386,2,MAT-00763,940,434.25,408195.0,DELIVERED
POL-0009184,PO-2025-05386,3,MAT-00232,4040,31.99,129239.6,DELIVERED
POL-0009185,PO-2025-05387,1,MAT-00697,1879,39.32,73882.28,PENDING
POL-0009186,PO-2025-05387,2,MAT-00850,42,15.13,635.46,PENDING
POL-0009187,PO-2025-05388,1,MAT-01138,759,6.66,5054.94,DELIVERED
POL-0009188,PO-2025-05389,1,MAT-01112,721,34.47,24852.87,DELIVERED
POL-0009189,PO-2025-05389,2,MAT-00308,1070,12.64,13524.8,DELIVERED
POL-0009190,PO-2025-05390,1,MAT-00850,31,15.13,469.03,CANCELLED
POL-0009191,PO-2025-05391,1,MAT-00787,153,67.61,10344.33,DELIVERED
POL-0009192,PO-2025-05392,1,MAT-00197,162,10.51,1702.62,DELIVERED
POL-0009193,PO-2025-05393,1,MAT-00172,214,10.25,2193.5,DELIVERED
POL-0009194,PO-2025-05393,2,MAT-00180,114,529.06,60312.84,DELIVERED
POL-0009195,PO-2025-05393,3,MAT-00754,700,83.19,58233.0,DELIVERED
POL-0009196,PO-2025-05393,4,MAT-00213,794,76.17,60478.98,DELIVERED
POL-0009197,PO-2025-05394,1,MAT-00391,71,9.74,691.54,DELIVERED
POL-0009198,PO-2025-05394,2,MAT-00149,1685,44.52,75016.2,DELIVERED
POL-0009199,PO-2025-05395,1,MAT-00623,114,213.25,24310.5,DELIVERED
POL-0009200,PO-2025-05395,2,MAT-00796,2355,75.17,177025.35,DELIVERED
POL-0009201,PO-2025-05395,3,MAT-00772,400,12.97,5188.0,DELIVERED
POL-0009202,PO-2025-05396,1,MAT-00413,37,4.8,177.6,DELIVERED
POL-0009203,PO-2025-05397,1,MAT-00280,4886,17.99,87899.14,DELIVERED
POL-0009204,PO-2025-05398,1,MAT-00550,4450,12.78,56871.0,DELIVERED
POL-0009205,PO-2025-05399,1,MAT-00354,1085,23.19,25161.15,DELIVERED
POL-0009206,PO-2025-05400,1,MAT-00366,65,16.01,1040.65,CANCELLED
POL-0009207,PO-2025-05401,1,MAT-00789,442,25.4,11226.8,CANCELLED
POL-0009208,PO-2025-05401,2,MAT-00729,116,15.56,1804.96,CANCELLED
POL-0009209,PO-2025-05402,1,MAT-00925,1208,100.58,121500.64,DELIVERED
POL-0009210,PO-2025-05403,1,MAT-00332,4724,10.17,48043.08,DELIVERED
POL-0009211,PO-2025-05403,2,MAT-01185,92,9.35,860.2,DELIVERED
POL-0009212,PO-2025-05403,3,MAT-00114,67,400.81,26854.27,DELIVERED
POL-0009213,PO-2025-05403,4,MAT-00965,678,25.4,17221.2,DELIVERED
POL-0009214,PO-2025-05404,1,MAT-00526,2077,3.7,7684.9,DELIVERED
POL-0009215,PO-2025-05404,2,MAT-00192,2994,63.17,189130.98,DELIVERED
POL-0009216,PO-2025-05405,1,MAT-00503,364,5.68,2067.52,DELIVERED
POL-0009217,PO-2025-05405,2,MAT-00538,642,15.39,9880.38,DELIVERED
POL-0009218,PO-2025-05406,1,MAT-00099,835,27.15,22670.25,DELIVERED
POL-0009219,PO-2025-05407,1,MAT-00793,900,31.91,28719.0,DELIVERED
POL-0009220,PO-2025-05408,1,MAT-00734,1418,3.9,5530.2,DELIVERED
POL-0009221,PO-2025-05409,1,MAT-01085,236,38.18,9010.48,DELIVERED
POL-0009222,PO-2025-05410,1,MAT-00440,111,24.07,2671.77,DELIVERED
POL-0009223,PO-2025-05411,1,MAT-00046,274,11.46,3140.04,DELIVERED
POL-0009224,PO-2025-05411,2,MAT-00948,289,11.94,3450.66,DELIVERED
POL-0009225,PO-2025-05412,1,MAT-00817,120,34.98,4197.6,PENDING
POL-0009226,PO-2025-05413,1,MAT-00337,83,10.5,871.5,DELIVERED
POL-0009227,PO-2025-05413,2,MAT-00606,592,220.63,130612.96,DELIVERED
POL-0009228,PO-2025-05414,1,MAT-00485,122,11.23,1370.06,DELIVERED
POL-0009229,PO-2025-05414,2,MAT-00135,4796,10.03,48103.88,DELIVERED
POL-0009230,PO-2025-05415,1,MAT-00832,1430,8.81,12598.3,PENDING
POL-0009231,PO-2025-05415,2,MAT-00247,3232,15.77,50968.64,PENDING
POL-0009232,PO-2025-05416,1,MAT-00297,1042,70.09,73033.78,DELIVERED
POL-0009233,PO-2025-05417,1,MAT-01174,418,23.68,9898.24,DELIVERED
POL-0009234,PO-2025-05417,2,MAT-01098,55,2.97,163.35,DELIVERED
POL-0009235,PO-2025-05417,3,MAT-00728,4140,34.17,141463.8,DELIVERED
POL-0009236,PO-2025-05418,1,MAT-00810,512,8.88,4546.56,CANCELLED
POL-0009237,PO-2025-05419,1,MAT-00242,34,20.76,705.84,DELIVERED
POL-0009238,PO-2025-05419,2,MAT-00272,62,5.47,339.14,DELIVERED
POL-0009239,PO-2025-05420,1,MAT-00114,33,400.81,13226.73,DELIVERED
POL-0009240,PO-2025-05420,2,MAT-00480,230,96.46,22185.8,DELIVERED
POL-0009241,PO-2025-05421,1,MAT-00266,365,6.1,2226.5,DELIVERED
POL-0009242,PO-2025-05421,2,MAT-00271,923,130.15,120128.45,DELIVERED
POL-0009243,PO-2025-05422,1,MAT-00721,1774,34.47,61149.78,DELIVERED
POL-0009244,PO-2025-05422,2,MAT-00302,114,12.84,1463.76,DELIVERED
POL-0009245,PO-2025-05422,3,MAT-01170,205,64.75,13273.75,DELIVERED
POL-0009246,PO-2025-05423,1,MAT-00426,663,122.87,81462.81,DELIVERED
POL-0009247,PO-2025-05424,1,MAT-00960,926,44.8,41484.8,DELIVERED
POL-0009248,PO-2025-05424,2,MAT-01151,552,7.96,4393.92,DELIVERED
POL-0009249,PO-2025-05425,1,MAT-00438,3857,5.2,20056.4,DELIVERED
POL-0009250,PO-2025-05426,1,MAT-00704,363,5.04,1829.52,DELIVERED
POL-0009251,PO-2025-05427,1,MAT-01193,1073,13.05,14002.65,DELIVERED
POL-0009252,PO-2025-05427,2,MAT-01045,109,22.55,2457.95,DELIVERED
POL-0009253,PO-2025-05428,1,MAT-00432,1106,2.59,2864.54,DELIVERED
POL-0009254,PO-2025-05428,2,MAT-00660,589,21.91,12904.99,DELIVERED
POL-0009255,PO-2025-05429,1,MAT-00744,93,24.53,2281.29,DELIVERED
POL-0009256,PO-2025-05430,1,MAT-00543,64,42.16,2698.24,DELIVERED
POL-0009257,PO-2025-05431,1,MAT-00834,4014,11.89,47726.46,DELIVERED
POL-0009258,PO-2025-05431,2,MAT-00332,3699,10.17,37618.83,DELIVERED
POL-0009259,PO-2025-05431,3,MAT-00363,2239,22.75,50937.25,DELIVERED
POL-0009260,PO-2025-05432,1,MAT-01036,4473,155.05,693538.65,DELIVERED
POL-0009261,PO-2025-05433,1,MAT-00719,907,17.76,16108.32,DELIVERED
POL-0009262,PO-2025-05434,1,MAT-00072,49,141.17,6917.33,DELIVERED
POL-0009263,PO-2025-05434,2,MAT-00536,1142,25.16,28732.72,DELIVERED
POL-0009264,PO-2025-05435,1,MAT-00582,181,15.45,2796.45,IN_TRANSIT
POL-0009265,PO-2025-05436,1,MAT-00287,75,21.7,1627.5,DELIVERED
POL-0009266,PO-2025-05437,1,MAT-00110,347,22.42,7779.74,DELIVERED
POL-0009267,PO-2025-05437,2,MAT-00480,54,96.46,5208.84,DELIVERED
POL-0009268,PO-2025-05438,1,MAT-01159,3869,76.87,297410.03,DELIVERED
POL-0009269,PO-2025-05439,1,MAT-00633,842,20.47,17235.74,DELIVERED
POL-0009270,PO-2025-05439,2,MAT-00094,214,17.19,3678.66,DELIVERED
POL-0009271,PO-2025-05439,3,MAT-00828,1120,15.32,17158.4,DELIVERED
POL-0009272,PO-2025-05440,1,MAT-00413,53,4.8,254.4,DELIVERED
POL-0009273,PO-2025-05441,1,MAT-00038,110,3.22,354.2,DELIVERED
POL-0009274,PO-2025-05442,1,MAT-01189,240,49.09,11781.6,DELIVERED
POL-0009275,PO-2025-05442,2,MAT-00038,98,3.22,315.56,DELIVERED
POL-0009276,PO-2025-05442,3,MAT-00290,681,12.44,8471.64,DELIVERED
POL-0009277,PO-2025-05443,1,MAT-00746,823,10.92,8987.16,PENDING
POL-0009278,PO-2025-05444,1,MAT-00455,67,15.14,1014.38,DELIVERED
POL-0009279,PO-2025-05445,1,MAT-00456,466,10.4,4846.4,DELIVERED
POL-0009280,PO-2025-05445,2,MAT-00612,540,21.98,11869.2,DELIVERED
POL-0009281,PO-2025-05446,1,MAT-00432,648,2.59,1678.32,DELIVERED
POL-0009282,PO-2025-05447,1,MAT-00534,227,6.61,1500.47,IN_TRANSIT
POL-0009283,PO-2025-05448,1,MAT-00711,2586,34.88,90199.68,CANCELLED
POL-0009284,PO-2025-05449,1,MAT-01130,1073,37.06,39765.38,DELIVERED
POL-0009285,PO-2025-05450,1,MAT-00584,309,318.37,98376.33,IN_TRANSIT
POL-0009286,PO-2025-05451,1,MAT-00428,324,56.03,18153.72,DELIVERED
POL-0009287,PO-2025-05452,1,MAT-00578,3537,59.6,210805.2,DELIVERED
POL-0009288,PO-2025-05452,2,MAT-01145,98,21.86,2142.28,DELIVERED
POL-0009289,PO-2025-05452,3,MAT-00833,225,7.83,1761.75,DELIVERED
POL-0009290,PO-2025-05453,1,MAT-01036,2362,155.05,366228.1,DELIVERED
POL-0009291,PO-2025-05453,2,MAT-00369,3120,27.23,84957.6,DELIVERED
POL-0009292,PO-2025-05454,1,MAT-00584,184,318.37,58580.08,DELIVERED
POL-0009293,PO-2025-05455,1,MAT-00871,682,22.39,15269.98,OVERDUE
POL-0009294,PO-2025-05455,2,MAT-00479,902,761.57,686936.14,OVERDUE
POL-0009295,PO-2025-05456,1,MAT-00037,389,29.49,11471.61,DELIVERED
POL-0009296,PO-2025-05457,1,MAT-00060,2175,78.27,170237.25,DELIVERED
POL-0009297,PO-2025-05457,2,MAT-00010,454,46.25,20997.5,DELIVERED
POL-0009298,PO-2025-05458,1,MAT-00907,4379,6.14,26887.06,DELIVERED
POL-0009299,PO-2025-05458,2,MAT-00097,4724,38.03,179653.72,DELIVERED
POL-0009300,PO-2025-05459,1,MAT-01041,1098,153.41,168444.18,OVERDUE
POL-0009301,PO-2025-05459,2,MAT-00735,445,84.64,37664.8,OVERDUE
POL-0009302,PO-2025-05460,1,MAT-00350,111,22.16,2459.76,DELIVERED
POL-0009303,PO-2025-05460,2,MAT-00630,74,90.2,6674.8,DELIVERED
POL-0009304,PO-2025-05461,1,MAT-00214,462,50.56,23358.72,DELIVERED
POL-0009305,PO-2025-05461,2,MAT-01062,285,1.48,421.8,DELIVERED
POL-0009306,PO-2025-05461,3,MAT-01181,2018,29.63,59793.34,DELIVERED
POL-0009307,PO-2025-05462,1,MAT-00159,38,6.41,243.58,DELIVERED
POL-0009308,PO-2025-05462,2,MAT-00235,2370,252.41,598211.7,DELIVERED
POL-0009309,PO-2025-05462,3,MAT-00409,70,27.11,1897.7,DELIVERED
POL-0009310,PO-2025-05463,1,MAT-01193,924,13.05,12058.2,DELIVERED
POL-0009311,PO-2025-05464,1,MAT-00632,103,130.83,13475.49,DELIVERED
POL-0009312,PO-2025-05465,1,MAT-01192,554,6.1,3379.4,DELIVERED
POL-0009313,PO-2025-05465,2,MAT-00644,180,4.89,880.2,DELIVERED
POL-0009314,PO-2025-05466,1,MAT-01181,2499,29.63,74045.37,DELIVERED
POL-0009315,PO-2025-05466,2,MAT-01005,4285,54.05,231604.25,DELIVERED
POL-0009316,PO-2025-05466,3,MAT-00936,2112,13.86,29272.32,DELIVERED
POL-0009317,PO-2025-05467,1,MAT-00888,131,16.51,2162.81,DELIVERED
POL-0009318,PO-2025-05468,1,MAT-00769,455,13.62,6197.1,IN_TRANSIT
POL-0009319,PO-2025-05468,2,MAT-00908,140,58.08,8131.2,IN_TRANSIT
POL-0009320,PO-2025-05468,3,MAT-00608,486,6.22,3022.92,IN_TRANSIT
POL-0009321,PO-2025-05469,1,MAT-00140,1238,6.41,7935.58,CANCELLED
POL-0009322,PO-2025-05469,2,MAT-00761,248,14.1,3496.8,CANCELLED
POL-0009323,PO-2025-05469,3,MAT-00284,560,6.4,3584.0,CANCELLED
POL-0009324,PO-2025-05470,1,MAT-01013,1595,271.16,432500.2,DELIVERED
POL-0009325,PO-2025-05471,1,MAT-00645,423,20.52,8679.96,DELIVERED
POL-0009326,PO-2025-05471,2,MAT-00180,26,529.06,13755.56,DELIVERED
POL-0009327,PO-2025-05472,1,MAT-00168,161,189.97,30585.17,DELIVERED
POL-0009328,PO-2025-05472,2,MAT-00416,3774,12.29,46382.46,DELIVERED
POL-0009329,PO-2025-05472,3,MAT-00549,3286,41.83,137453.38,DELIVERED
POL-0009330,PO-2025-05473,1,MAT-00139,37,59.59,2204.83,DELIVERED
POL-0009331,PO-2025-05474,1,MAT-00168,68,189.97,12917.96,DELIVERED
POL-0009332,PO-2025-05474,2,MAT-00642,1873,172.68,323429.64,DELIVERED
POL-0009333,PO-2025-05475,1,MAT-01165,2239,81.53,182545.67,PENDING
POL-0009334,PO-2025-05475,2,MAT-00562,227,256.03,58118.81,PENDING
POL-0009335,PO-2025-05475,3,MAT-00387,205,36.38,7457.9,PENDING
POL-0009336,PO-2025-05475,4,MAT-00116,174,35.47,6171.78,PENDING
POL-0009337,PO-2025-05476,1,MAT-00139,40,59.59,2383.6,DELIVERED
POL-0009338,PO-2025-05476,2,MAT-00979,3998,4.59,18350.82,DELIVERED
POL-0009339,PO-2025-05477,1,MAT-01043,306,86.42,26444.52,DELIVERED
POL-0009340,PO-2025-05478,1,MAT-00744,53,24.53,1300.09,DELIVERED
POL-0009341,PO-2025-05479,1,MAT-00676,621,10.15,6303.15,DELIVERED
POL-0009342,PO-2025-05479,2,MAT-00353,636,62.67,39858.12,DELIVERED
POL-0009343,PO-2025-05480,1,MAT-00222,274,3.54,969.96,PENDING
POL-0009344,PO-2025-05481,1,MAT-00270,70,31.02,2171.4,DELIVERED
POL-0009345,PO-2025-05482,1,MAT-00270,68,31.02,2109.36,DELIVERED
POL-0009346,PO-2025-05483,1,MAT-00053,200,11.16,2232.0,DELIVERED
POL-0009347,PO-2025-05483,2,MAT-00567,1200,2.78,3336.0,DELIVERED
POL-0009348,PO-2025-05483,3,MAT-01193,689,13.05,8991.45,DELIVERED
POL-0009349,PO-2025-05483,4,MAT-00738,224,77.11,17272.64,DELIVERED
POL-0009350,PO-2025-05484,1,MAT-00096,3877,5.63,21827.51,DELIVERED
POL-0009351,PO-2025-05484,2,MAT-00660,639,21.91,14000.49,DELIVERED
POL-0009352,PO-2025-05484,3,MAT-01028,1183,31.51,37276.33,DELIVERED
POL-0009353,PO-2025-05484,4,MAT-00284,807,6.4,5164.8,DELIVERED
POL-0009354,PO-2025-05485,1,MAT-00571,94,24.27,2281.38,DELIVERED
POL-0009355,PO-2025-05486,1,MAT-00776,1131,4.92,5564.52,DELIVERED
POL-0009356,PO-2025-05486,2,MAT-00938,339,54.51,18478.89,DELIVERED
POL-0009357,PO-2025-05486,3,MAT-00541,1072,67.19,72027.68,DELIVERED
POL-0009358,PO-2025-05487,1,MAT-00669,3422,1.61,5509.42,DELIVERED
POL-0009359,PO-2025-05488,1,MAT-00821,1049,15.29,16039.21,DELIVERED
POL-0009360,PO-2025-05489,1,MAT-00265,527,19.46,10255.42,DELIVERED
POL-0009361,PO-2025-05489,2,MAT-00353,844,62.67,52893.48,DELIVERED
POL-0009362,PO-2025-05490,1,MAT-01099,3209,64.93,208360.37,DELIVERED
POL-0009363,PO-2025-05490,2,MAT-00550,2687,12.78,34339.86,DELIVERED
POL-0009364,PO-2025-05491,1,MAT-00643,240,20.33,4879.2,DELIVERED
POL-0009365,PO-2025-05492,1,MAT-00248,2089,12.46,26028.94,DELIVERED
POL-0009366,PO-2025-05493,1,MAT-00656,1665,28.04,46686.6,DELIVERED
POL-0009367,PO-2025-05494,1,MAT-00295,459,38.14,17506.26,DELIVERED
POL-0009368,PO-2025-05495,1,MAT-00803,3669,27.11,99466.59,DELIVERED
POL-0009369,PO-2025-05495,2,MAT-00521,1007,4.17,4199.19,DELIVERED
POL-0009370,PO-2025-05495,3,MAT-01197,898,23.44,21049.12,DELIVERED
POL-0009371,PO-2025-05496,1,MAT-00556,1507,16.6,25016.2,DELIVERED
POL-0009372,PO-2025-05496,2,MAT-01029,475,54.15,25721.25,DELIVERED
POL-0009373,PO-2025-05496,3,MAT-00617,134,28.11,3766.74,DELIVERED
POL-0009374,PO-2025-05496,4,MAT-00810,369,8.88,3276.72,DELIVERED
POL-0009375,PO-2025-05497,1,MAT-01196,3828,44.16,169044.48,IN_TRANSIT
POL-0009376,PO-2025-05498,1,MAT-01043,144,86.42,12444.48,DELIVERED
POL-0009377,PO-2025-05498,2,MAT-00465,278,22.89,6363.42,DELIVERED
POL-0009378,PO-2025-05498,3,MAT-00652,96,87.78,8426.88,DELIVERED
POL-0009379,PO-2025-05499,1,MAT-00366,55,16.01,880.55,DELIVERED
POL-0009380,PO-2025-05500,1,MAT-00915,224,22.52,5044.48,DELIVERED
POL-0009381,PO-2025-05500,2,MAT-01057,4632,27.41,126963.12,DELIVERED
POL-0009382,PO-2025-05501,1,MAT-01009,593,74.38,44107.34,DELIVERED
POL-0009383,PO-2025-05502,1,MAT-00927,4438,15.13,67146.94,DELIVERED
POL-0009384,PO-2025-05503,1,MAT-00747,51,32.16,1640.16,DELIVERED
POL-0009385,PO-2025-05504,1,MAT-00456,496,10.4,5158.4,DELIVERED
POL-0009386,PO-2025-05504,2,MAT-00820,1817,90.41,164274.97,DELIVERED
POL-0009387,PO-2025-05504,3,MAT-01128,49,11.12,544.88,DELIVERED
POL-0009388,PO-2025-05505,1,MAT-00932,1993,199.06,396726.58,IN_TRANSIT
POL-0009389,PO-2025-05505,2,MAT-00782,732,5.92,4333.44,IN_TRANSIT
POL-0009390,PO-2025-05505,3,MAT-00745,120,46.09,5530.8,IN_TRANSIT
POL-0009391,PO-2025-05505,4,MAT-00729,83,15.56,1291.48,IN_TRANSIT
POL-0009392,PO-2025-05506,1,MAT-00905,1134,31.39,35596.26,DELIVERED
POL-0009393,PO-2025-05506,2,MAT-00480,95,96.46,9163.7,DELIVERED
POL-0009394,PO-2025-05506,3,MAT-00681,498,61.82,30786.36,DELIVERED
POL-0009395,PO-2025-05507,1,MAT-01028,1149,31.51,36204.99,DELIVERED
POL-0009396,PO-2025-05507,2,MAT-00506,3136,14.65,45942.4,DELIVERED
POL-0009397,PO-2025-05508,1,MAT-00597,92,19.38,1782.96,DELIVERED
POL-0009398,PO-2025-05508,2,MAT-00940,629,14.26,8969.54,DELIVERED
POL-0009399,PO-2025-05509,1,MAT-00215,36,18.37,661.32,OVERDUE
POL-0009400,PO-2025-05509,2,MAT-00090,284,43.84,12450.56,OVERDUE
POL-0009401,PO-2025-05509,3,MAT-00821,404,15.29,6177.16,OVERDUE
POL-0009402,PO-2025-05510,1,MAT-01108,76,8.07,613.32,DELIVERED
POL-0009403,PO-2025-05511,1,MAT-00931,495,13.9,6880.5,DELIVERED
POL-0009404,PO-2025-05512,1,MAT-00915,188,22.52,4233.76,DELIVERED
POL-0009405,PO-2025-05512,2,MAT-00047,62,14.98,928.76,DELIVERED
POL-0009406,PO-2025-05512,3,MAT-00914,228,158.72,36188.16,DELIVERED
POL-0009407,PO-2025-05513,1,MAT-00677,112,7.13,798.56,PENDING
POL-0009408,PO-2025-05514,1,MAT-00983,281,9.13,2565.53,DELIVERED
POL-0009409,PO-2025-05514,2,MAT-00622,223,39.47,8801.81,DELIVERED
POL-0009410,PO-2025-05514,3,MAT-00534,188,6.61,1242.68,DELIVERED
POL-0009411,PO-2025-05515,1,MAT-01041,2952,153.41,452866.32,CANCELLED
POL-0009412,PO-2025-05515,2,MAT-01007,769,70.22,53999.18,CANCELLED
POL-0009413,PO-2025-05516,1,MAT-01056,53,13.03,690.59,DELIVERED
POL-0009414,PO-2025-05517,1,MAT-01179,2456,8.13,19967.28,DELIVERED
POL-0009415,PO-2025-05517,2,MAT-00020,1620,5.41,8764.2,DELIVERED
POL-0009416,PO-2025-05518,1,MAT-00460,489,6.99,3418.11,OVERDUE
POL-0009417,PO-2025-05519,1,MAT-00656,3501,28.04,98168.04,CANCELLED
POL-0009418,PO-2025-05520,1,MAT-00113,91,30.06,2735.46,DELIVERED
POL-0009419,PO-2025-05521,1,MAT-00511,164,36.13,5925.32,DELIVERED
POL-0009420,PO-2025-05521,2,MAT-00060,4178,78.27,327012.06,DELIVERED
POL-0009421,PO-2025-05521,3,MAT-00555,80,38.96,3116.8,DELIVERED
POL-0009422,PO-2025-05522,1,MAT-01055,123,13.19,1622.37,DELIVERED
POL-0009423,PO-2025-05522,2,MAT-00948,191,11.94,2280.54,DELIVERED
POL-0009424,PO-2025-05523,1,MAT-00364,39,37.38,1457.82,DELIVERED
POL-0009425,PO-2025-05523,2,MAT-01069,485,16.35,7929.75,DELIVERED
POL-0009426,PO-2025-05524,1,MAT-01178,288,21.0,6048.0,OVERDUE
POL-0009427,PO-2025-05525,1,MAT-00366,81,16.01,1296.81,CANCELLED
POL-0009428,PO-2025-05525,2,MAT-00403,1157,28.29,32731.53,CANCELLED
POL-0009429,PO-2025-05525,3,MAT-00456,317,10.4,3296.8,CANCELLED
POL-0009430,PO-2025-05526,1,MAT-00794,143,6.76,966.68,DELIVERED
POL-0009431,PO-2025-05527,1,MAT-00778,31,21.4,663.4,DELIVERED
POL-0009432,PO-2025-05528,1,MAT-01118,918,24.61,22591.98,DELIVERED
POL-0009433,PO-2025-05529,1,MAT-00902,264,15.79,4168.56,DELIVERED
POL-0009434,PO-2025-05530,1,MAT-00210,85,1869.34,158893.9,DELIVERED
POL-0009435,PO-2025-05531,1,MAT-00460,470,6.99,3285.3,DELIVERED
POL-0009436,PO-2025-05531,2,MAT-00369,2939,27.23,80028.97,DELIVERED
POL-0009437,PO-2025-05532,1,MAT-00763,836,434.25,363033.0,DELIVERED
POL-0009438,PO-2025-05532,2,MAT-00302,49,12.84,629.16,DELIVERED
POL-0009439,PO-2025-05532,3,MAT-00247,3804,15.77,59989.08,DELIVERED
POL-0009440,PO-2025-05533,1,MAT-00454,4454,46.37,206531.98,DELIVERED
POL-0009441,PO-2025-05534,1,MAT-01111,2089,19.73,41215.97,DELIVERED
POL-0009442,PO-2025-05534,2,MAT-00900,381,11.44,4358.64,DELIVERED
POL-0009443,PO-2025-05535,1,MAT-00903,2100,29.08,61068.0,DELIVERED
POL-0009444,PO-2025-05536,1,MAT-00055,2576,78.07,201108.32,DELIVERED
POL-0009445,PO-2025-05537,1,MAT-00679,172,77.08,13257.76,OVERDUE
POL-0009446,PO-2025-05537,2,MAT-01103,192,278.63,53496.96,OVERDUE
POL-0009447,PO-2025-05538,1,MAT-01094,201,26.14,5254.14,DELIVERED
POL-0009448,PO-2025-05538,2,MAT-00821,1038,15.29,15871.02,DELIVERED
POL-0009449,PO-2025-05539,1,MAT-00258,2037,12.63,25727.31,DELIVERED
POL-0009450,PO-2025-05540,1,MAT-00667,463,20.06,9287.78,OVERDUE
POL-0009451,PO-2025-05540,2,MAT-00175,4128,32.53,134283.84,OVERDUE
POL-0009452,PO-2025-05540,3,MAT-00048,112,78.45,8786.4,OVERDUE
POL-0009453,PO-2025-05540,4,MAT-00965,790,25.4,20066.0,OVERDUE
POL-0009454,PO-2025-05541,1,MAT-00240,64,67.09,4293.76,DELIVERED
POL-0009455,PO-2025-05541,2,MAT-01106,73,8.11,592.03,DELIVERED
POL-0009456,PO-2025-05542,1,MAT-00098,306,37.1,11352.6,DELIVERED
POL-0009457,PO-2025-05543,1,MAT-00408,203,19.97,4053.91,DELIVERED
POL-0009458,PO-2025-05543,2,MAT-00597,112,19.38,2170.56,DELIVERED
POL-0009459,PO-2025-05543,3,MAT-00543,90,42.16,3794.4,DELIVERED
POL-0009460,PO-2025-05543,4,MAT-00717,195,30.37,5922.15,DELIVERED
POL-0009461,PO-2025-05544,1,MAT-00581,138,40.49,5587.62,IN_TRANSIT
POL-0009462,PO-2025-05544,2,MAT-01013,1918,271.16,520084.88,IN_TRANSIT
POL-0009463,PO-2025-05544,3,MAT-00358,1080,20.32,21945.6,IN_TRANSIT
POL-0009464,PO-2025-05545,1,MAT-00897,117,19.49,2280.33,DELIVERED
POL-0009465,PO-2025-05546,1,MAT-01143,102,23.88,2435.76,DELIVERED
POL-0009466,PO-2025-05546,2,MAT-00012,372,14.52,5401.44,DELIVERED
POL-0009467,PO-2025-05547,1,MAT-00770,1563,171.68,268335.84,DELIVERED
POL-0009468,PO-2025-05547,2,MAT-00339,88,44.34,3901.92,DELIVERED
POL-0009469,PO-2025-05548,1,MAT-00770,2213,171.68,379927.84,DELIVERED
POL-0009470,PO-2025-05548,2,MAT-00419,464,88.75,41180.0,DELIVERED
POL-0009471,PO-2025-05549,1,MAT-01116,426,35.7,15208.2,DELIVERED
POL-0009472,PO-2025-05549,2,MAT-00158,426,40.12,17091.12,DELIVERED
POL-0009473,PO-2025-05550,1,MAT-00169,2427,20.81,50505.87,DELIVERED
POL-0009474,PO-2025-05550,2,MAT-01138,361,6.66,2404.26,DELIVERED
POL-0009475,PO-2025-05551,1,MAT-00890,255,85.97,21922.35,DELIVERED
POL-0009476,PO-2025-05551,2,MAT-00350,191,22.16,4232.56,DELIVERED
POL-0009477,PO-2025-05551,3,MAT-00210,171,1869.34,319657.14,DELIVERED
POL-0009478,PO-2025-05551,4,MAT-00394,566,198.6,112407.6,DELIVERED
POL-0009479,PO-2025-05552,1,MAT-00268,4190,4.89,20489.1,DELIVERED
POL-0009480,PO-2025-05552,2,MAT-00377,2266,71.37,161724.42,DELIVERED
POL-0009481,PO-2025-05553,1,MAT-01025,167,185.16,30921.72,DELIVERED
POL-0009482,PO-2025-05554,1,MAT-00272,81,5.47,443.07,DELIVERED
POL-0009483,PO-2025-05555,1,MAT-00143,73,4.13,301.49,PENDING
POL-0009484,PO-2025-05556,1,MAT-00814,76,33.95,2580.2,OVERDUE
POL-0009485,PO-2025-05556,2,MAT-00054,442,49.45,21856.9,OVERDUE
POL-0009486,PO-2025-05557,1,MAT-00200,3460,7.7,26642.0,DELIVERED
POL-0009487,PO-2025-05558,1,MAT-00443,2273,2.45,5568.85,DELIVERED
POL-0009488,PO-2025-05559,1,MAT-01096,192,24.14,4634.88,DELIVERED
POL-0009489,PO-2025-05559,2,MAT-00780,744,48.79,36299.76,DELIVERED
POL-0009490,PO-2025-05560,1,MAT-00205,758,5.44,4123.52,DELIVERED
POL-0009491,PO-2025-05561,1,MAT-00557,68,14.49,985.32,DELIVERED
POL-0009492,PO-2025-05562,1,MAT-01168,54,50.51,2727.54,DELIVERED
POL-0009493,PO-2025-05563,1,MAT-00711,1188,34.88,41437.44,DELIVERED
POL-0009494,PO-2025-05563,2,MAT-00946,245,7.45,1825.25,DELIVERED
POL-0009495,PO-2025-05563,3,MAT-00358,1597,20.32,32451.04,DELIVERED
POL-0009496,PO-2025-05564,1,MAT-00971,2890,28.49,82336.1,OVERDUE
POL-0009497,PO-2025-05564,2,MAT-00658,297,24.03,7136.91,OVERDUE
POL-0009498,PO-2025-05564,3,MAT-00358,1172,20.32,23815.04,OVERDUE
POL-0009499,PO-2025-05565,1,MAT-00509,1449,26.62,38572.38,OVERDUE
POL-0009500,PO-2025-05566,1,MAT-00764,615,22.3,13714.5,DELIVERED
POL-0009501,PO-2025-05566,2,MAT-00645,875,20.52,17955.0,DELIVERED
POL-0009502,PO-2025-05567,1,MAT-00507,2321,13.18,30590.78,DELIVERED
POL-0009503,PO-2025-05568,1,MAT-00877,86,14.6,1255.6,IN_TRANSIT
POL-0009504,PO-2025-05569,1,MAT-00905,1138,31.39,35721.82,DELIVERED
POL-0009505,PO-2025-05569,2,MAT-00165,65,69.19,4497.35,DELIVERED
POL-0009506,PO-2025-05569,3,MAT-01114,50,46.78,2339.0,DELIVERED
POL-0009507,PO-2025-05569,4,MAT-00873,86,5.67,487.62,DELIVERED
POL-0009508,PO-2025-05570,1,MAT-00989,4426,18.9,83651.4,DELIVERED
POL-0009509,PO-2025-05570,2,MAT-00079,70,28.28,1979.6,DELIVERED
POL-0009510,PO-2025-05571,1,MAT-00956,149,82.45,12285.05,DELIVERED
POL-0009511,PO-2025-05571,2,MAT-00562,156,256.03,39940.68,DELIVERED
POL-0009512,PO-2025-05572,1,MAT-00446,2423,49.81,120689.63,DELIVERED
POL-0009513,PO-2025-05572,2,MAT-00514,275,9.35,2571.25,DELIVERED
POL-0009514,PO-2025-05573,1,MAT-00374,26,70.9,1843.4,IN_TRANSIT
POL-0009515,PO-2025-05574,1,MAT-00666,820,31.46,25797.2,DELIVERED
POL-0009516,PO-2025-05574,2,MAT-00260,315,64.9,20443.5,DELIVERED
POL-0009517,PO-2025-05575,1,MAT-00672,168,2.47,414.96,DELIVERED
POL-0009518,PO-2025-05576,1,MAT-00731,4512,34.48,155573.76,DELIVERED
POL-0009519,PO-2025-05576,2,MAT-01047,176,57.37,10097.12,DELIVERED
POL-0009520,PO-2025-05577,1,MAT-00388,60,187.97,11278.2,OVERDUE
POL-0009521,PO-2025-05577,2,MAT-00519,64,27.26,1744.64,OVERDUE
POL-0009522,PO-2025-05578,1,MAT-00069,205,37.62,7712.1,DELIVERED
POL-0009523,PO-2025-05578,2,MAT-00691,368,16.58,6101.44,DELIVERED
POL-0009524,PO-2025-05579,1,MAT-00215,41,18.37,753.17,DELIVERED
POL-0009525,PO-2025-05580,1,MAT-00135,3580,10.03,35907.4,DELIVERED
POL-0009526,PO-2025-05581,1,MAT-00514,585,9.35,5469.75,DELIVERED
POL-0009527,PO-2025-05582,1,MAT-01081,151,16.36,2470.36,PENDING
POL-0009528,PO-2025-05582,2,MAT-00656,1778,28.04,49855.12,PENDING
POL-0009529,PO-2025-05582,3,MAT-00969,1680,25.85,43428.0,PENDING
POL-0009530,PO-2025-05582,4,MAT-00977,248,15.0,3720.0,PENDING
POL-0009531,PO-2025-05583,1,MAT-01048,586,4.58,2683.88,DELIVERED
POL-0009532,PO-2025-05584,1,MAT-00829,4003,16.67,66730.01,DELIVERED
POL-0009533,PO-2025-05585,1,MAT-01040,88,86.86,7643.68,DELIVERED
POL-0009534,PO-2025-05585,2,MAT-00371,33,26.71,881.43,DELIVERED
POL-0009535,PO-2025-05586,1,MAT-00927,2908,15.13,43998.04,DELIVERED
POL-0009536,PO-2025-05587,1,MAT-00947,1044,4.51,4708.44,DELIVERED
POL-0009537,PO-2025-05587,2,MAT-00695,80,48.21,3856.8,DELIVERED
POL-0009538,PO-2025-05588,1,MAT-01040,132,86.86,11465.52,DELIVERED
POL-0009539,PO-2025-05589,1,MAT-00475,4896,149.15,730238.4,DELIVERED
POL-0009540,PO-2025-05590,1,MAT-00146,120,66.13,7935.6,DELIVERED
POL-0009541,PO-2025-05591,1,MAT-00173,1006,24.6,24747.6,DELIVERED
POL-0009542,PO-2025-05592,1,MAT-01157,1237,11.78,14571.86,DELIVERED
POL-0009543,PO-2025-05593,1,MAT-00307,1009,95.19,96046.71,PENDING
POL-0009544,PO-2025-05593,2,MAT-00488,106,7.79,825.74,PENDING
POL-0009545,PO-2025-05594,1,MAT-00866,65,16.43,1067.95,DELIVERED
POL-0009546,PO-2025-05594,2,MAT-00633,814,20.47,16662.58,DELIVERED
POL-0009547,PO-2025-05594,3,MAT-00412,1112,7.13,7928.56,DELIVERED
POL-0009548,PO-2025-05594,4,MAT-00489,293,159.21,46648.53,DELIVERED
POL-0009549,PO-2025-05595,1,MAT-00674,903,17.6,15892.8,DELIVERED
POL-0009550,PO-2025-05596,1,MAT-00540,1149,14.25,16373.25,DELIVERED
POL-0009551,PO-2025-05597,1,MAT-01184,476,4.64,2208.64,IN_TRANSIT
POL-0009552,PO-2025-05597,2,MAT-00807,1359,30.8,41857.2,IN_TRANSIT
POL-0009553,PO-2025-05598,1,MAT-00660,947,21.91,20748.77,DELIVERED
POL-0009554,PO-2025-05599,1,MAT-00180,118,529.06,62429.08,DELIVERED
POL-0009555,PO-2025-05599,2,MAT-00001,57,43.14,2458.98,DELIVERED
POL-0009556,PO-2025-05599,3,MAT-00421,114,268.66,30627.24,DELIVERED
POL-0009557,PO-2025-05600,1,MAT-00857,526,11.28,5933.28,DELIVERED
POL-0009558,PO-2025-05601,1,MAT-01048,1908,4.58,8738.64,DELIVERED
POL-0009559,PO-2025-05601,2,MAT-00143,64,4.13,264.32,DELIVERED
POL-0009560,PO-2025-05602,1,MAT-00295,159,38.14,6064.26,DELIVERED
POL-0009561,PO-2025-05603,1,MAT-00605,1532,39.73,60866.36,DELIVERED
POL-0009562,PO-2025-05604,1,MAT-01176,141,20.33,2866.53,CANCELLED
POL-0009563,PO-2025-05605,1,MAT-01200,842,112.14,94421.88,PENDING
POL-0009564,PO-2025-05606,1,MAT-00810,856,8.88,7601.28,DELIVERED
POL-0009565,PO-2025-05607,1,MAT-00389,4055,70.87,287377.85,DELIVERED
POL-0009566,PO-2025-05607,2,MAT-00972,226,11.72,2648.72,DELIVERED
POL-0009567,PO-2025-05608,1,MAT-00092,2174,81.1,176311.4,DELIVERED
POL-0009568,PO-2025-05608,2,MAT-00812,1078,16.77,18078.06,DELIVERED
POL-0009569,PO-2025-05608,3,MAT-00453,218,9.49,2068.82,DELIVERED
POL-0009570,PO-2025-05609,1,MAT-01146,114,28.45,3243.3,DELIVERED
POL-0009571,PO-2025-05610,1,MAT-00934,94,2.13,200.22,OVERDUE
POL-0009572,PO-2025-05610,2,MAT-00654,4415,7.32,32317.8,OVERDUE
POL-0009573,PO-2025-05610,3,MAT-00464,2090,30.4,63536.0,OVERDUE
POL-0009574,PO-2025-05610,4,MAT-01022,627,14.64,9179.28,OVERDUE
POL-0009575,PO-2025-05611,1,MAT-00212,401,92.6,37132.6,DELIVERED
POL-0009576,PO-2025-05612,1,MAT-00454,2120,46.37,98304.4,DELIVERED
POL-0009577,PO-2025-05613,1,MAT-00837,96,154.21,14804.16,OVERDUE
POL-0009578,PO-2025-05614,1,MAT-00395,2124,88.52,188016.48,DELIVERED
POL-0009579,PO-2025-05615,1,MAT-00594,242,35.36,8557.12,OVERDUE
POL-0009580,PO-2025-05616,1,MAT-00035,421,67.89,28581.69,DELIVERED
POL-0009581,PO-2025-05616,2,MAT-00166,1025,42.74,43808.5,DELIVERED
POL-0009582,PO-2025-05617,1,MAT-00713,3306,13.48,44564.88,DELIVERED
POL-0009583,PO-2025-05617,2,MAT-00485,119,11.23,1336.37,DELIVERED
POL-0009584,PO-2025-05617,3,MAT-00172,204,10.25,2091.0,DELIVERED
POL-0009585,PO-2025-05618,1,MAT-00794,117,6.76,790.92,DELIVERED
POL-0009586,PO-2025-05619,1,MAT-00594,140,35.36,4950.4,DELIVERED
POL-0009587,PO-2025-05619,2,MAT-00642,795,172.68,137280.6,DELIVERED
POL-0009588,PO-2025-05620,1,MAT-00145,3017,34.36,103664.12,DELIVERED
POL-0009589,PO-2025-05620,2,MAT-00976,50,3.26,163.0,DELIVERED
POL-0009590,PO-2025-05621,1,MAT-00926,108,4.52,488.16,DELIVERED
POL-0009591,PO-2025-05621,2,MAT-00590,1192,10.8,12873.6,DELIVERED
POL-0009592,PO-2025-05622,1,MAT-00137,53,10.76,570.28,DELIVERED
POL-0009593,PO-2025-05623,1,MAT-01109,114,12.76,1454.64,DELIVERED
POL-0009594,PO-2025-05624,1,MAT-01078,185,14.68,2715.8,DELIVERED
POL-0009595,PO-2025-05625,1,MAT-00679,173,77.08,13334.84,DELIVERED
POL-0009596,PO-2025-05626,1,MAT-00660,267,21.91,5849.97,DELIVERED
POL-0009597,PO-2025-05627,1,MAT-00784,186,46.72,8689.92,DELIVERED
POL-0009598,PO-2025-05628,1,MAT-00843,1002,7.92,7935.84,CANCELLED
POL-0009599,PO-2025-05628,2,MAT-01058,896,91.18,81697.28,CANCELLED
POL-0009600,PO-2025-05628,3,MAT-00291,3859,21.89,84473.51,CANCELLED
POL-0009601,PO-2025-05629,1,MAT-00685,112,6.91,773.92,PENDING
POL-0009602,PO-2025-05630,1,MAT-00285,556,292.76,162774.56,DELIVERED
POL-0009603,PO-2025-05631,1,MAT-00401,199,4.11,817.89,DELIVERED
POL-0009604,PO-2025-05632,1,MAT-00349,437,12.65,5528.05,DELIVERED
POL-0009605,PO-2025-05633,1,MAT-00629,101,27.55,2782.55,DELIVERED
POL-0009606,PO-2025-05633,2,MAT-00331,446,25.68,11453.28,DELIVERED
POL-0009607,PO-2025-05633,3,MAT-00691,123,16.58,2039.34,DELIVERED
POL-0009608,PO-2025-05634,1,MAT-00427,186,8.13,1512.18,DELIVERED
POL-0009609,PO-2025-05634,2,MAT-00281,1145,26.61,30468.45,DELIVERED
POL-0009610,PO-2025-05634,3,MAT-00475,4427,149.15,660287.05,DELIVERED
POL-0009611,PO-2025-05635,1,MAT-00147,235,6.15,1445.25,DELIVERED
POL-0009612,PO-2025-05636,1,MAT-00062,197,20.03,3945.91,DELIVERED
POL-0009613,PO-2025-05636,2,MAT-00175,3165,32.53,102957.45,DELIVERED
POL-0009614,PO-2025-05636,3,MAT-00339,62,44.34,2749.08,DELIVERED
POL-0009615,PO-2025-05636,4,MAT-01198,1489,45.99,68479.11,DELIVERED
POL-0009616,PO-2025-05637,1,MAT-00090,187,43.84,8198.08,DELIVERED
POL-0009617,PO-2025-05638,1,MAT-00745,83,46.09,3825.47,IN_TRANSIT
POL-0009618,PO-2025-05638,2,MAT-00495,213,132.83,28292.79,IN_TRANSIT
POL-0009619,PO-2025-05638,3,MAT-00085,182,10.07,1832.74,IN_TRANSIT
POL-0009620,PO-2025-05639,1,MAT-00838,225,8.08,1818.0,DELIVERED
POL-0009621,PO-2025-05639,2,MAT-00828,753,15.32,11535.96,DELIVERED
POL-0009622,PO-2025-05639,3,MAT-01079,2569,140.21,360199.49,DELIVERED
POL-0009623,PO-2025-05640,1,MAT-00671,1428,93.17,133046.76,DELIVERED
POL-0009624,PO-2025-05641,1,MAT-00800,1091,26.27,28660.57,DELIVERED
POL-0009625,PO-2025-05641,2,MAT-00601,112,63.86,7152.32,DELIVERED
POL-0009626,PO-2025-05642,1,MAT-00290,1706,12.44,21222.64,DELIVERED
POL-0009627,PO-2025-05643,1,MAT-00300,562,48.83,27442.46,DELIVERED
POL-0009628,PO-2025-05643,2,MAT-00573,775,37.85,29333.75,DELIVERED
POL-0009629,PO-2025-05643,3,MAT-00384,405,13.47,5455.35,DELIVERED
POL-0009630,PO-2025-05644,1,MAT-00355,228,27.03,6162.84,DELIVERED
POL-0009631,PO-2025-05644,2,MAT-00358,881,20.32,17901.92,DELIVERED
POL-0009632,PO-2025-05645,1,MAT-00210,199,1869.34,371998.66,DELIVERED
POL-0009633,PO-2025-05646,1,MAT-00456,188,10.4,1955.2,OVERDUE
POL-0009634,PO-2025-05647,1,MAT-00363,2533,22.75,57625.75,DELIVERED
POL-0009635,PO-2025-05648,1,MAT-00437,4679,152.09,711629.11,DELIVERED
POL-0009636,PO-2025-05648,2,MAT-00693,3557,7.3,25966.1,DELIVERED
POL-0009637,PO-2025-05648,3,MAT-00418,46,31.86,1465.56,DELIVERED
POL-0009638,PO-2025-05648,4,MAT-00957,90,38.32,3448.8,DELIVERED
POL-0009639,PO-2025-05649,1,MAT-00610,4493,123.85,556458.05,DELIVERED
POL-0009640,PO-2025-05650,1,MAT-00890,421,85.97,36193.37,DELIVERED
POL-0009641,PO-2025-05651,1,MAT-00730,2317,10.79,25000.43,IN_TRANSIT
POL-0009642,PO-2025-05651,2,MAT-00139,59,59.59,3515.81,IN_TRANSIT
POL-0009643,PO-2025-05651,3,MAT-01136,3279,73.15,239858.85,IN_TRANSIT
POL-0009644,PO-2025-05652,1,MAT-00449,200,15.44,3088.0,PENDING
POL-0009645,PO-2025-05652,2,MAT-00657,249,28.52,7101.48,PENDING
POL-0009646,PO-2025-05653,1,MAT-00211,1633,45.23,73860.59,DELIVERED
POL-0009647,PO-2025-05654,1,MAT-00409,70,27.11,1897.7,DELIVERED
POL-0009648,PO-2025-05654,2,MAT-00049,1133,37.58,42578.14,DELIVERED
POL-0009649,PO-2025-05655,1,MAT-00161,4212,9.33,39297.96,CANCELLED
POL-0009650,PO-2025-05656,1,MAT-00089,1490,13.87,20666.3,DELIVERED
POL-0009651,PO-2025-05656,2,MAT-01068,1302,84.73,110318.46,DELIVERED
POL-0009652,PO-2025-05657,1,MAT-00781,1555,29.37,45670.35,IN_TRANSIT
POL-0009653,PO-2025-05658,1,MAT-00057,4335,9.87,42786.45,DELIVERED
POL-0009654,PO-2025-05659,1,MAT-00935,151,44.85,6772.35,DELIVERED
POL-0009655,PO-2025-05659,2,MAT-00240,121,67.09,8117.89,DELIVERED
POL-0009656,PO-2025-05659,3,MAT-00832,837,8.81,7373.97,DELIVERED
POL-0009657,PO-2025-05660,1,MAT-00535,1126,11.88,13376.88,DELIVERED
POL-0009658,PO-2025-05661,1,MAT-00142,1334,108.48,144712.32,DELIVERED
POL-0009659,PO-2025-05661,2,MAT-00022,237,18.53,4391.61,DELIVERED
POL-0009660,PO-2025-05661,3,MAT-00506,2334,14.65,34193.1,DELIVERED
POL-0009661,PO-2025-05661,4,MAT-00312,110,94.45,10389.5,DELIVERED
POL-0009662,PO-2025-05662,1,MAT-01130,960,37.06,35577.6,DELIVERED
POL-0009663,PO-2025-05662,2,MAT-00172,166,10.25,1701.5,DELIVERED
POL-0009664,PO-2025-05662,3,MAT-00003,94,54.31,5105.14,DELIVERED
POL-0009665,PO-2025-05663,1,MAT-00507,4262,13.18,56173.16,DELIVERED
POL-0009666,PO-2025-05664,1,MAT-00971,3493,28.49,99515.57,DELIVERED
POL-0009667,PO-2025-05665,1,MAT-00287,246,21.7,5338.2,DELIVERED
POL-0009668,PO-2025-05666,1,MAT-00613,4198,36.77,154360.46,DELIVERED
POL-0009669,PO-2025-05667,1,MAT-00168,61,189.97,11588.17,DELIVERED
POL-0009670,PO-2025-05668,1,MAT-00574,64,20.04,1282.56,DELIVERED
POL-0009671,PO-2025-05669,1,MAT-00792,297,30.47,9049.59,DELIVERED
POL-0009672,PO-2025-05669,2,MAT-00429,2399,85.43,204946.57,DELIVERED
POL-0009673,PO-2025-05670,1,MAT-00655,1594,457.75,729653.5,DELIVERED
POL-0009674,PO-2025-05671,1,MAT-00456,460,10.4,4784.0,IN_TRANSIT
POL-0009675,PO-2025-05672,1,MAT-00008,121,60.03,7263.63,DELIVERED
POL-0009676,PO-2025-05673,1,MAT-00044,69,20.06,1384.14,PENDING
POL-0009677,PO-2025-05673,2,MAT-00844,504,42.57,21455.28,PENDING
POL-0009678,PO-2025-05674,1,MAT-00989,2080,18.9,39312.0,DELIVERED
POL-0009679,PO-2025-05674,2,MAT-00838,159,8.08,1284.72,DELIVERED
POL-0009680,PO-2025-05675,1,MAT-00227,118,28.17,3324.06,DELIVERED
POL-0009681,PO-2025-05676,1,MAT-00480,206,96.46,19870.76,DELIVERED
POL-0009682,PO-2025-05676,2,MAT-00903,4057,29.08,117977.56,DELIVERED
POL-0009683,PO-2025-05676,3,MAT-00513,391,20.25,7917.75,DELIVERED
POL-0009684,PO-2025-05677,1,MAT-00711,1528,34.88,53296.64,DELIVERED
POL-0009685,PO-2025-05678,1,MAT-00909,151,55.6,8395.6,PENDING
POL-0009686,PO-2025-05678,2,MAT-01135,123,18.83,2316.09,PENDING
POL-0009687,PO-2025-05679,1,MAT-00868,336,35.58,11954.88,DELIVERED
POL-0009688,PO-2025-05680,1,MAT-00582,192,15.45,2966.4,DELIVERED
POL-0009689,PO-2025-05680,2,MAT-00079,65,28.28,1838.2,DELIVERED
POL-0009690,PO-2025-05680,3,MAT-01002,547,76.22,41692.34,DELIVERED
POL-0009691,PO-2025-05681,1,MAT-00295,486,38.14,18536.04,PENDING
POL-0009692,PO-2025-05681,2,MAT-00394,264,198.6,52430.4,PENDING
POL-0009693,PO-2025-05681,3,MAT-00428,389,56.03,21795.67,PENDING
POL-0009694,PO-2025-05682,1,MAT-00605,3075,39.73,122169.75,DELIVERED
POL-0009695,PO-2025-05682,2,MAT-00343,2326,33.01,76781.26,DELIVERED
POL-0009696,PO-2025-05683,1,MAT-00709,48,2.49,119.52,DELIVERED
POL-0009697,PO-2025-05684,1,MAT-00432,1543,2.59,3996.37,DELIVERED
POL-0009698,PO-2025-05685,1,MAT-01066,1097,8.04,8819.88,DELIVERED
POL-0009699,PO-2025-05686,1,MAT-00453,278,9.49,2638.22,DELIVERED
POL-0009700,PO-2025-05686,2,MAT-00914,204,158.72,32378.88,DELIVERED
POL-0009701,PO-2025-05686,3,MAT-00811,3558,20.36,72440.88,DELIVERED
POL-0009702,PO-2025-05686,4,MAT-00016,176,14.33,2522.08,DELIVERED
POL-0009703,PO-2025-05687,1,MAT-01061,72,61.45,4424.4,OVERDUE
POL-0009704,PO-2025-05688,1,MAT-00020,1956,5.41,10581.96,OVERDUE
POL-0009705,PO-2025-05688,2,MAT-00288,41,46.79,1918.39,OVERDUE
POL-0009706,PO-2025-05689,1,MAT-00169,1767,20.81,36771.27,DELIVERED
POL-0009707,PO-2025-05690,1,MAT-00440,43,24.07,1035.01,CANCELLED
POL-0009708,PO-2025-05690,2,MAT-01117,145,341.91,49576.95,CANCELLED
POL-0009709,PO-2025-05690,3,MAT-00432,1606,2.59,4159.54,CANCELLED
POL-0009710,PO-2025-05690,4,MAT-00764,1169,22.3,26068.7,CANCELLED
POL-0009711,PO-2025-05691,1,MAT-00431,2255,7.03,15852.65,DELIVERED
POL-0009712,PO-2025-05692,1,MAT-00843,1059,7.92,8387.28,DELIVERED
POL-0009713,PO-2025-05693,1,MAT-00387,234,36.38,8512.92,DELIVERED
POL-0009714,PO-2025-05693,2,MAT-00146,342,66.13,22616.46,DELIVERED
POL-0009715,PO-2025-05694,1,MAT-00983,458,9.13,4181.54,DELIVERED
POL-0009716,PO-2025-05694,2,MAT-00602,210,10.19,2139.9,DELIVERED
POL-0009717,PO-2025-05695,1,MAT-00657,87,28.52,2481.24,DELIVERED
POL-0009718,PO-2025-05696,1,MAT-00646,358,20.48,7331.84,DELIVERED
POL-0009719,PO-2025-05697,1,MAT-01076,191,15.38,2937.58,DELIVERED
POL-0009720,PO-2025-05698,1,MAT-00614,203,7.97,1617.91,DELIVERED
POL-0009721,PO-2025-05699,1,MAT-00231,2825,10.55,29803.75,DELIVERED
POL-0009722,PO-2025-05699,2,MAT-00730,1854,10.79,20004.66,DELIVERED
POL-0009723,PO-2025-05700,1,MAT-00531,2042,54.83,111962.86,OVERDUE
POL-0009724,PO-2025-05700,2,MAT-00065,119,64.8,7711.2,OVERDUE
POL-0009725,PO-2025-05700,3,MAT-00878,621,33.42,20753.82,OVERDUE
POL-0009726,PO-2025-05701,1,MAT-00554,2356,32.22,75910.32,DELIVERED
POL-0009727,PO-2025-05701,2,MAT-00869,73,57.93,4228.89,DELIVERED
POL-0009728,PO-2025-05701,3,MAT-00561,2452,36.74,90086.48,DELIVERED
POL-0009729,PO-2025-05701,4,MAT-00036,708,6.28,4446.24,DELIVERED
POL-0009730,PO-2025-05702,1,MAT-00463,118,12.08,1425.44,DELIVERED
POL-0009731,PO-2025-05703,1,MAT-00847,2300,32.1,73830.0,DELIVERED
POL-0009732,PO-2025-05703,2,MAT-00678,717,160.83,115315.11,DELIVERED
POL-0009733,PO-2025-05704,1,MAT-01090,109,21.24,2315.16,DELIVERED
POL-0009734,PO-2025-05704,2,MAT-00614,294,7.97,2343.18,DELIVERED
POL-0009735,PO-2025-05704,3,MAT-00075,118,1.59,187.62,DELIVERED
POL-0009736,PO-2025-05705,1,MAT-00875,1839,25.78,47409.42,CANCELLED
POL-0009737,PO-2025-05705,2,MAT-00887,33,48.82,1611.06,CANCELLED
POL-0009738,PO-2025-05705,3,MAT-00560,814,16.8,13675.2,CANCELLED
POL-0009739,PO-2025-05706,1,MAT-01123,34,48.63,1653.42,DELIVERED
POL-0009740,PO-2025-05707,1,MAT-00783,909,42.1,38268.9,DELIVERED
POL-0009741,PO-2025-05707,2,MAT-00307,1243,95.19,118321.17,DELIVERED
POL-0009742,PO-2025-05708,1,MAT-00338,289,17.48,5051.72,DELIVERED
POL-0009743,PO-2025-05709,1,MAT-00437,1898,152.09,288666.82,DELIVERED
POL-0009744,PO-2025-05710,1,MAT-00165,107,69.19,7403.33,DELIVERED
POL-0009745,PO-2025-05711,1,MAT-00918,626,34.2,21409.2,DELIVERED
POL-0009746,PO-2025-05712,1,MAT-00178,36,138.41,4982.76,DELIVERED
POL-0009747,PO-2025-05713,1,MAT-01124,4805,6.69,32145.45,DELIVERED
POL-0009748,PO-2025-05714,1,MAT-00169,1940,20.81,40371.4,DELIVERED
POL-0009749,PO-2025-05715,1,MAT-01139,200,51.2,10240.0,CANCELLED
POL-0009750,PO-2025-05716,1,MAT-00159,78,6.41,499.98,DELIVERED
POL-0009751,PO-2025-05716,2,MAT-00653,906,18.07,16371.42,DELIVERED
POL-0009752,PO-2025-05717,1,MAT-00249,1123,177.94,199826.62,DELIVERED
POL-0009753,PO-2025-05718,1,MAT-00291,4941,21.89,108158.49,DELIVERED
POL-0009754,PO-2025-05719,1,MAT-00341,730,10.09,7365.7,DELIVERED
POL-0009755,PO-2025-05720,1,MAT-00484,674,31.07,20941.18,DELIVERED
POL-0009756,PO-2025-05721,1,MAT-01161,166,1.66,275.56,DELIVERED
POL-0009757,PO-2025-05721,2,MAT-00368,2020,26.65,53833.0,DELIVERED
POL-0009758,PO-2025-05722,1,MAT-00075,183,1.59,290.97,DELIVERED
POL-0009759,PO-2025-05723,1,MAT-01167,700,114.2,79940.0,DELIVERED
POL-0009760,PO-2025-05723,2,MAT-00686,60,52.4,3144.0,DELIVERED
POL-0009761,PO-2025-05723,3,MAT-00147,51,6.15,313.65,DELIVERED
POL-0009762,PO-2025-05724,1,MAT-00891,2074,68.06,141156.44,PENDING
POL-0009763,PO-2025-05724,2,MAT-00265,1974,19.46,38414.04,PENDING
POL-0009764,PO-2025-05724,3,MAT-00736,2150,39.69,85333.5,PENDING
POL-0009765,PO-2025-05725,1,MAT-00920,432,29.44,12718.08,DELIVERED
POL-0009766,PO-2025-05725,2,MAT-00794,104,6.76,703.04,DELIVERED
POL-0009767,PO-2025-05726,1,MAT-01082,1501,19.03,28564.03,DELIVERED
POL-0009768,PO-2025-05726,2,MAT-01092,752,22.52,16935.04,DELIVERED
POL-0009769,PO-2025-05727,1,MAT-00994,1065,13.17,14026.05,DELIVERED
POL-0009770,PO-2025-05727,2,MAT-01062,377,1.48,557.96,DELIVERED
POL-0009771,PO-2025-05727,3,MAT-00579,1303,4.58,5967.74,DELIVERED
POL-0009772,PO-2025-05728,1,MAT-00360,56,10.14,567.84,DELIVERED
POL-0009773,PO-2025-05728,2,MAT-00419,402,88.75,35677.5,DELIVERED
POL-0009774,PO-2025-05729,1,MAT-00087,77,65.37,5033.49,DELIVERED
POL-0009775,PO-2025-05730,1,MAT-00554,2407,32.22,77553.54,DELIVERED
POL-0009776,PO-2025-05731,1,MAT-01062,458,1.48,677.84,DELIVERED
POL-0009777,PO-2025-05732,1,MAT-00886,110,203.43,22377.3,DELIVERED
POL-0009778,PO-2025-05733,1,MAT-01010,367,13.21,4848.07,DELIVERED
POL-0009779,PO-2025-05734,1,MAT-00769,1120,13.62,15254.4,CANCELLED
POL-0009780,PO-2025-05734,2,MAT-00722,130,4.1,533.0,CANCELLED
POL-0009781,PO-2025-05735,1,MAT-00091,3215,29.94,96257.1,DELIVERED
POL-0009782,PO-2025-05736,1,MAT-00848,393,356.33,140037.69,DELIVERED
POL-0009783,PO-2025-05737,1,MAT-00629,29,27.55,798.95,DELIVERED
POL-0009784,PO-2025-05737,2,MAT-00801,236,67.85,16012.6,DELIVERED
POL-0009785,PO-2025-05738,1,MAT-01169,413,50.44,20831.72,DELIVERED
POL-0009786,PO-2025-05739,1,MAT-00814,104,33.95,3530.8,DELIVERED
POL-0009787,PO-2025-05739,2,MAT-00585,1234,29.99,37007.66,DELIVERED
POL-0009788,PO-2025-05739,3,MAT-00388,111,187.97,20864.67,DELIVERED
POL-0009789,PO-2025-05740,1,MAT-01096,93,24.14,2245.02,DELIVERED
POL-0009790,PO-2025-05741,1,MAT-00163,114,86.31,9839.34,PENDING
POL-0009791,PO-2025-05742,1,MAT-01116,366,35.7,13066.2,DELIVERED
POL-0009792,PO-2025-05743,1,MAT-00301,57,10.18,580.26,DELIVERED
POL-0009793,PO-2025-05744,1,MAT-00651,1003,193.06,193639.18,DELIVERED
POL-0009794,PO-2025-05745,1,MAT-00801,209,67.85,14180.65,DELIVERED
POL-0009795,PO-2025-05745,2,MAT-00288,113,46.79,5287.27,DELIVERED
POL-0009796,PO-2025-05746,1,MAT-00432,613,2.59,1587.67,CANCELLED
POL-0009797,PO-2025-05747,1,MAT-01008,812,54.19,44002.28,DELIVERED
POL-0009798,PO-2025-05748,1,MAT-00441,1370,42.64,58416.8,PENDING
POL-0009799,PO-2025-05748,2,MAT-00475,1803,149.15,268917.45,PENDING
POL-0009800,PO-2025-05748,3,MAT-00917,433,48.1,20827.3,PENDING
POL-0009801,PO-2025-05749,1,MAT-01166,2388,347.29,829328.52,DELIVERED
POL-0009802,PO-2025-05749,2,MAT-00015,132,3.92,517.44,DELIVERED
POL-0009803,PO-2025-05750,1,MAT-00266,459,6.1,2799.9,OVERDUE
POL-0009804,PO-2025-05751,1,MAT-00030,963,19.73,18999.99,OVERDUE
POL-0009805,PO-2025-05751,2,MAT-01132,455,44.46,20229.3,OVERDUE
POL-0009806,PO-2025-05751,3,MAT-00102,4695,15.85,74415.75,OVERDUE
POL-0009807,PO-2025-05752,1,MAT-00968,1903,192.33,366003.99,OVERDUE
POL-0009808,PO-2025-05753,1,MAT-00319,1345,38.12,51271.4,OVERDUE
POL-0009809,PO-2025-05754,1,MAT-00640,67,5.69,381.23,DELIVERED
POL-0009810,PO-2025-05754,2,MAT-01124,1055,6.69,7057.95,DELIVERED
POL-0009811,PO-2025-05755,1,MAT-00040,467,31.14,14542.38,DELIVERED
POL-0009812,PO-2025-05755,2,MAT-00934,199,2.13,423.87,DELIVERED
POL-0009813,PO-2025-05755,3,MAT-00407,238,8.37,1992.06,DELIVERED
POL-0009814,PO-2025-05756,1,MAT-00829,2995,16.67,49926.65,DELIVERED
POL-0009815,PO-2025-05757,1,MAT-00848,268,356.33,95496.44,OVERDUE
POL-0009816,PO-2025-05757,2,MAT-00655,1571,457.75,719125.25,OVERDUE
POL-0009817,PO-2025-05757,3,MAT-01035,722,14.5,10469.0,OVERDUE
POL-0009818,PO-2025-05758,1,MAT-00154,3438,31.56,108503.28,IN_TRANSIT
POL-0009819,PO-2025-05758,2,MAT-00591,1822,25.49,46442.78,IN_TRANSIT
POL-0009820,PO-2025-05759,1,MAT-00310,87,19.19,1669.53,OVERDUE
POL-0009821,PO-2025-05760,1,MAT-01034,125,49.3,6162.5,DELIVERED
POL-0009822,PO-2025-05761,1,MAT-00080,195,2.95,575.25,DELIVERED
POL-0009823,PO-2025-05762,1,MAT-00291,1948,21.89,42641.72,CANCELLED
POL-0009824,PO-2025-05763,1,MAT-00071,255,35.54,9062.7,PENDING
POL-0009825,PO-2025-05764,1,MAT-01098,40,2.97,118.8,DELIVERED
POL-0009826,PO-2025-05765,1,MAT-00509,1100,26.62,29282.0,DELIVERED
POL-0009827,PO-2025-05765,2,MAT-01016,75,34.28,2571.0,DELIVERED
POL-0009828,PO-2025-05766,1,MAT-01125,93,155.11,14425.23,DELIVERED
POL-0009829,PO-2025-05767,1,MAT-00268,2756,4.89,13476.84,DELIVERED
POL-0009830,PO-2025-05768,1,MAT-00141,98,33.2,3253.6,PENDING
POL-0009831,PO-2025-05769,1,MAT-00911,55,18.73,1030.15,CANCELLED
POL-0009832,PO-2025-05769,2,MAT-00313,246,63.5,15621.0,CANCELLED
POL-0009833,PO-2025-05769,3,MAT-00617,78,28.11,2192.58,CANCELLED
POL-0009834,PO-2025-05770,1,MAT-00095,125,15.95,1993.75,DELIVERED
POL-0009835,PO-2025-05771,1,MAT-00323,79,10.79,852.41,DELIVERED
POL-0009836,PO-2025-05772,1,MAT-00959,143,47.22,6752.46,PENDING
POL-0009837,PO-2025-05773,1,MAT-00876,97,179.11,17373.67,DELIVERED
POL-0009838,PO-2025-05774,1,MAT-00041,417,61.01,25441.17,DELIVERED
POL-0009839,PO-2025-05775,1,MAT-01119,4562,31.06,141695.72,CANCELLED
POL-0009840,PO-2025-05775,2,MAT-00130,1187,13.81,16392.47,CANCELLED
POL-0009841,PO-2025-05776,1,MAT-00060,1846,78.27,144486.42,OVERDUE
POL-0009842,PO-2025-05776,2,MAT-00793,1189,31.91,37940.99,OVERDUE
POL-0009843,PO-2025-05777,1,MAT-00238,2300,30.05,69115.0,DELIVERED
POL-0009844,PO-2025-05777,2,MAT-00244,113,63.18,7139.34,DELIVERED
POL-0009845,PO-2025-05777,3,MAT-00312,114,94.45,10767.3,DELIVERED
POL-0009846,PO-2025-05778,1,MAT-01035,2383,14.5,34553.5,DELIVERED
POL-0009847,PO-2025-05778,2,MAT-00747,52,32.16,1672.32,DELIVERED
POL-0009848,PO-2025-05778,3,MAT-01155,109,149.31,16274.79,DELIVERED
POL-0009849,PO-2025-05779,1,MAT-00089,3992,13.87,55369.04,DELIVERED
POL-0009850,PO-2025-05780,1,MAT-00030,729,19.73,14383.17,DELIVERED
POL-0009851,PO-2025-05780,2,MAT-00045,4558,4.78,21787.24,DELIVERED
POL-0009852,PO-2025-05781,1,MAT-00902,411,15.79,6489.69,OVERDUE
POL-0009853,PO-2025-05782,1,MAT-01070,1768,34.39,60801.52,DELIVERED
POL-0009854,PO-2025-05783,1,MAT-01131,46,38.46,1769.16,DELIVERED
POL-0009855,PO-2025-05784,1,MAT-00977,113,15.0,1695.0,DELIVERED
POL-0009856,PO-2025-05784,2,MAT-00286,1793,3.27,5863.11,DELIVERED
POL-0009857,PO-2025-05784,3,MAT-00049,1373,37.58,51597.34,DELIVERED
POL-0009858,PO-2025-05785,1,MAT-00960,1082,44.8,48473.6,PENDING
POL-0009859,PO-2025-05785,2,MAT-00758,723,29.62,21415.26,PENDING
POL-0009860,PO-2025-05786,1,MAT-00110,114,22.42,2555.88,DELIVERED
POL-0009861,PO-2025-05787,1,MAT-00197,211,10.51,2217.61,DELIVERED
POL-0009862,PO-2025-05788,1,MAT-00624,91,113.97,10371.27,DELIVERED
POL-0009863,PO-2025-05788,2,MAT-00927,3916,15.13,59249.08,DELIVERED
POL-0009864,PO-2025-05788,3,MAT-00862,175,4.61,806.75,DELIVERED
POL-0009865,PO-2025-05789,1,MAT-00477,46,47.35,2178.1,DELIVERED
POL-0009866,PO-2025-05789,2,MAT-00091,3665,29.94,109730.1,DELIVERED
POL-0009867,PO-2025-05789,3,MAT-00695,79,48.21,3808.59,DELIVERED
POL-0009868,PO-2025-05790,1,MAT-00167,1944,67.37,130967.28,DELIVERED
POL-0009869,PO-2025-05790,2,MAT-00007,220,139.18,30619.6,DELIVERED
POL-0009870,PO-2025-05790,3,MAT-00881,150,410.69,61603.5,DELIVERED
POL-0009871,PO-2025-05790,4,MAT-00312,61,94.45,5761.45,DELIVERED
POL-0009872,PO-2025-05791,1,MAT-01097,3618,29.26,105862.68,DELIVERED
POL-0009873,PO-2025-05791,2,MAT-00516,1023,55.41,56684.43,DELIVERED
POL-0009874,PO-2025-05791,3,MAT-00908,473,58.08,27471.84,DELIVERED
POL-0009875,PO-2025-05791,4,MAT-00488,46,7.79,358.34,DELIVERED
POL-0009876,PO-2025-05792,1,MAT-00361,586,48.82,28608.52,DELIVERED
POL-0009877,PO-2025-05792,2,MAT-01130,591,37.06,21902.46,DELIVERED
POL-0009878,PO-2025-05792,3,MAT-00122,442,9.54,4216.68,DELIVERED
POL-0009879,PO-2025-05793,1,MAT-00281,793,26.61,21101.73,PENDING
POL-0009880,PO-2025-05794,1,MAT-00609,924,3.42,3160.08,DELIVERED
POL-0009881,PO-2025-05795,1,MAT-00378,3733,32.63,121807.79,DELIVERED
POL-0009882,PO-2025-05796,1,MAT-00204,72,87.59,6306.48,DELIVERED
POL-0009883,PO-2025-05797,1,MAT-00544,951,128.6,122298.6,DELIVERED
POL-0009884,PO-2025-05798,1,MAT-00038,105,3.22,338.1,DELIVERED
POL-0009885,PO-2025-05798,2,MAT-00863,881,139.81,123172.61,DELIVERED
POL-0009886,PO-2025-05799,1,MAT-00205,691,5.44,3759.04,DELIVERED
POL-0009887,PO-2025-05799,2,MAT-00495,111,132.83,14744.13,DELIVERED
POL-0009888,PO-2025-05799,3,MAT-01157,680,11.78,8010.4,DELIVERED
POL-0009889,PO-2025-05800,1,MAT-00359,1964,35.51,69741.64,DELIVERED
POL-0009890,PO-2025-05800,2,MAT-00951,1113,20.4,22705.2,DELIVERED
POL-0009891,PO-2025-05801,1,MAT-00657,213,28.52,6074.76,DELIVERED
POL-0009892,PO-2025-05802,1,MAT-01119,4741,31.06,147255.46,IN_TRANSIT
POL-0009893,PO-2025-05802,2,MAT-00325,50,7.8,390.0,IN_TRANSIT
POL-0009894,PO-2025-05803,1,MAT-00048,297,78.45,23299.65,DELIVERED
POL-0009895,PO-2025-05803,2,MAT-00685,110,6.91,760.1,DELIVERED
POL-0009896,PO-2025-05804,1,MAT-00172,79,10.25,809.75,DELIVERED
POL-0009897,PO-2025-05805,1,MAT-00969,1482,25.85,38309.7,CANCELLED
POL-0009898,PO-2025-05806,1,MAT-01000,351,48.67,17083.17,OVERDUE
POL-0009899,PO-2025-05807,1,MAT-00078,551,19.35,10661.85,DELIVERED
POL-0009900,PO-2025-05808,1,MAT-00286,4565,3.27,14927.55,DELIVERED
POL-0009901,PO-2025-05809,1,MAT-00571,84,24.27,2038.68,PENDING
POL-0009902,PO-2025-05810,1,MAT-00383,4357,2.31,10064.67,PENDING
POL-0009903,PO-2025-05810,2,MAT-00408,347,19.97,6929.59,PENDING
POL-0009904,PO-2025-05811,1,MAT-00309,490,48.14,23588.6,DELIVERED
POL-0009905,PO-2025-05812,1,MAT-00752,446,5.32,2372.72,DELIVERED
POL-0009906,PO-2025-05812,2,MAT-00387,197,36.38,7166.86,DELIVERED
POL-0009907,PO-2025-05812,3,MAT-00474,104,123.61,12855.44,DELIVERED
POL-0009908,PO-2025-05813,1,MAT-00449,163,15.44,2516.72,DELIVERED
POL-0009909,PO-2025-05814,1,MAT-01048,940,4.58,4305.2,DELIVERED
POL-0009910,PO-2025-05815,1,MAT-01009,261,74.38,19413.18,CANCELLED
POL-0009911,PO-2025-05815,2,MAT-00044,47,20.06,942.82,CANCELLED
POL-0009912,PO-2025-05816,1,MAT-00042,94,32.69,3072.86,DELIVERED
POL-0009913,PO-2025-05816,2,MAT-00186,1280,52.98,67814.4,DELIVERED
POL-0009914,PO-2025-05817,1,MAT-00614,287,7.97,2287.39,DELIVERED
POL-0009915,PO-2025-05817,2,MAT-00895,836,109.37,91433.32,DELIVERED
POL-0009916,PO-2025-05817,3,MAT-00853,115,13.57,1560.55,DELIVERED
POL-0009917,PO-2025-05817,4,MAT-00517,302,40.81,12324.62,DELIVERED
POL-0009918,PO-2025-05818,1,MAT-00590,510,10.8,5508.0,DELIVERED
POL-0009919,PO-2025-05819,1,MAT-00981,458,66.4,30411.2,DELIVERED
POL-0009920,PO-2025-05820,1,MAT-01136,4790,73.15,350388.5,OVERDUE
POL-0009921,PO-2025-05821,1,MAT-00175,4273,32.53,139000.69,DELIVERED
POL-0009922,PO-2025-05821,2,MAT-00993,1488,21.06,31337.28,DELIVERED
POL-0009923,PO-2025-05822,1,MAT-00780,555,48.79,27078.45,DELIVERED
POL-0009924,PO-2025-05823,1,MAT-01065,2317,18.9,43791.3,DELIVERED
POL-0009925,PO-2025-05823,2,MAT-01113,2775,71.94,199633.5,DELIVERED
POL-0009926,PO-2025-05824,1,MAT-00108,1619,31.83,51532.77,DELIVERED
POL-0009927,PO-2025-05825,1,MAT-00260,450,64.9,29205.0,DELIVERED
POL-0009928,PO-2025-05826,1,MAT-00288,59,46.79,2760.61,DELIVERED
POL-0009929,PO-2025-05827,1,MAT-00663,415,22.62,9387.3,DELIVERED
POL-0009930,PO-2025-05827,2,MAT-00508,74,9.86,729.64,DELIVERED
POL-0009931,PO-2025-05827,3,MAT-01040,69,86.86,5993.34,DELIVERED
POL-0009932,PO-2025-05828,1,MAT-00726,1037,21.21,21994.77,DELIVERED
POL-0009933,PO-2025-05828,2,MAT-00519,48,27.26,1308.48,DELIVERED
POL-0009934,PO-2025-05829,1,MAT-01058,1086,91.18,99021.48,DELIVERED
POL-0009935,PO-2025-05829,2,MAT-01185,59,9.35,551.65,DELIVERED
POL-0009936,PO-2025-05830,1,MAT-01174,446,23.68,10561.28,DELIVERED
POL-0009937,PO-2025-05831,1,MAT-00136,79,136.45,10779.55,DELIVERED
POL-0009938,PO-2025-05832,1,MAT-00147,102,6.15,627.3,DELIVERED
POL-0009939,PO-2025-05833,1,MAT-00388,57,187.97,10714.29,DELIVERED
POL-0009940,PO-2025-05833,2,MAT-00711,4019,34.88,140182.72,DELIVERED
POL-0009941,PO-2025-05833,3,MAT-00801,88,67.85,5970.8,DELIVERED
POL-0009942,PO-2025-05834,1,MAT-01126,2413,7.09,17108.17,DELIVERED
POL-0009943,PO-2025-05834,2,MAT-00931,914,13.9,12704.6,DELIVERED
POL-0009944,PO-2025-05834,3,MAT-01144,613,28.6,17531.8,DELIVERED
POL-0009945,PO-2025-05835,1,MAT-00922,91,7.6,691.6,PENDING
POL-0009946,PO-2025-05836,1,MAT-00387,123,36.38,4474.74,DELIVERED
POL-0009947,PO-2025-05837,1,MAT-00216,437,64.45,28164.65,DELIVERED
POL-0009948,PO-2025-05838,1,MAT-00370,249,10.05,2502.45,DELIVERED
POL-0009949,PO-2025-05839,1,MAT-00715,44,26.1,1148.4,DELIVERED
POL-0009950,PO-2025-05840,1,MAT-00465,438,22.89,10025.82,PENDING
POL-0009951,PO-2025-05841,1,MAT-00413,54,4.8,259.2,DELIVERED
POL-0009952,PO-2025-05842,1,MAT-00500,171,5.98,1022.58,DELIVERED
POL-0009953,PO-2025-05842,2,MAT-00674,780,17.6,13728.0,DELIVERED
POL-0009954,PO-2025-05842,3,MAT-00043,1014,24.39,24731.46,DELIVERED
POL-0009955,PO-2025-05843,1,MAT-01105,427,86.37,36879.99,DELIVERED
POL-0009956,PO-2025-05844,1,MAT-00736,1082,39.69,42944.58,DELIVERED
POL-0009957,PO-2025-05845,1,MAT-00410,393,46.71,18357.03,DELIVERED
POL-0009958,PO-2025-05846,1,MAT-00820,2166,90.41,195828.06,DELIVERED
POL-0009959,PO-2025-05847,1,MAT-00935,187,44.85,8386.95,DELIVERED
POL-0009960,PO-2025-05847,2,MAT-00417,206,155.32,31995.92,DELIVERED
POL-0009961,PO-2025-05848,1,MAT-00802,1785,15.7,28024.5,DELIVERED
POL-0009962,PO-2025-05848,2,MAT-00449,174,15.44,2686.56,DELIVERED
POL-0009963,PO-2025-05849,1,MAT-00689,108,57.33,6191.64,DELIVERED
POL-0009964,PO-2025-05849,2,MAT-00854,767,98.17,75296.39,DELIVERED
POL-0009965,PO-2025-05850,1,MAT-00848,430,356.33,153221.9,CANCELLED
POL-0009966,PO-2025-05851,1,MAT-00324,63,263.42,16595.46,DELIVERED
POL-0009967,PO-2025-05852,1,MAT-00189,784,10.69,8380.96,DELIVERED
POL-0009968,PO-2025-05853,1,MAT-00938,219,54.51,11937.69,DELIVERED
POL-0009969,PO-2025-05853,2,MAT-00997,729,184.88,134777.52,DELIVERED
POL-0009970,PO-2025-05853,3,MAT-00366,27,16.01,432.27,DELIVERED
POL-0009971,PO-2025-05854,1,MAT-00574,138,20.04,2765.52,OVERDUE
POL-0009972,PO-2025-05854,2,MAT-00794,167,6.76,1128.92,OVERDUE
POL-0009973,PO-2025-05854,3,MAT-00935,169,44.85,7579.65,OVERDUE
POL-0009974,PO-2025-05854,4,MAT-00892,77,43.57,3354.89,OVERDUE
POL-0009975,PO-2025-05855,1,MAT-00817,231,34.98,8080.38,DELIVERED
POL-0009976,PO-2025-05856,1,MAT-00822,78,129.03,10064.34,DELIVERED
POL-0009977,PO-2025-05857,1,MAT-00355,161,27.03,4351.83,DELIVERED
POL-0009978,PO-2025-05857,2,MAT-00157,144,216.85,31226.4,DELIVERED
POL-0009979,PO-2025-05857,3,MAT-01005,4019,54.05,217226.95,DELIVERED
POL-0009980,PO-2025-05858,1,MAT-00748,301,11.55,3476.55,DELIVERED
POL-0009981,PO-2025-05859,1,MAT-00930,111,22.16,2459.76,DELIVERED
POL-0009982,PO-2025-05859,2,MAT-01078,145,14.68,2128.6,DELIVERED
POL-0009983,PO-2025-05860,1,MAT-00451,120,23.45,2814.0,PENDING
POL-0009984,PO-2025-05860,2,MAT-00947,462,4.51,2083.62,PENDING
POL-0009985,PO-2025-05860,3,MAT-00615,103,393.03,40482.09,PENDING
POL-0009986,PO-2025-05861,1,MAT-00844,866,42.57,36865.62,DELIVERED
POL-0009987,PO-2025-05862,1,MAT-00535,648,11.88,7698.24,DELIVERED
POL-0009988,PO-2025-05862,2,MAT-00204,127,87.59,11123.93,DELIVERED
POL-0009989,PO-2025-05862,3,MAT-00843,2228,7.92,17645.76,DELIVERED
POL-0009990,PO-2025-05863,1,MAT-00084,1131,13.84,15653.04,DELIVERED
POL-0009991,PO-2025-05864,1,MAT-00476,873,18.94,16534.62,DELIVERED
POL-0009992,PO-2025-05865,1,MAT-00790,1045,4.0,4180.0,DELIVERED
POL-0009993,PO-2025-05866,1,MAT-00928,161,42.49,6840.89,DELIVERED
POL-0009994,PO-2025-05867,1,MAT-00234,69,11.9,821.1,DELIVERED
POL-0009995,PO-2025-05867,2,MAT-00941,226,6.32,1428.32,DELIVERED
POL-0009996,PO-2025-05868,1,MAT-00306,143,31.01,4434.43,DELIVERED
POL-0009997,PO-2025-05868,2,MAT-00025,2470,13.45,33221.5,DELIVERED
POL-0009998,PO-2025-05868,3,MAT-00990,110,26.97,2966.7,DELIVERED
POL-0009999,PO-2025-05869,1,MAT-01190,664,8.45,5610.8,OVERDUE
POL-0010000,PO-2025-05870,1,MAT-00141,160,33.2,5312.0,DELIVERED
POL-0010001,PO-2025-05870,2,MAT-00008,76,60.03,4562.28,DELIVERED
POL-0010002,PO-2025-05870,3,MAT-01149,552,148.57,82010.64,DELIVERED
POL-0010003,PO-2025-05871,1,MAT-00350,66,22.16,1462.56,DELIVERED
POL-0010004,PO-2025-05872,1,MAT-00847,3246,32.1,104196.6,DELIVERED
POL-0010005,PO-2025-05872,2,MAT-00816,263,4.83,1270.29,DELIVERED
POL-0010006,PO-2025-05872,3,MAT-00376,2198,10.96,24090.08,DELIVERED
POL-0010007,PO-2025-05873,1,MAT-00727,424,24.56,10413.44,DELIVERED
POL-0010008,PO-2025-05874,1,MAT-00412,980,7.13,6987.4,DELIVERED
POL-0010009,PO-2025-05874,2,MAT-00543,27,42.16,1138.32,DELIVERED
POL-0010010,PO-2025-05874,3,MAT-01184,384,4.64,1781.76,DELIVERED
POL-0010011,PO-2025-05874,4,MAT-00384,409,13.47,5509.23,DELIVERED
POL-0010012,PO-2025-05875,1,MAT-00160,1230,48.48,59630.4,DELIVERED
POL-0010013,PO-2025-05875,2,MAT-00911,245,18.73,4588.85,DELIVERED
POL-0010014,PO-2025-05876,1,MAT-00608,802,6.22,4988.44,DELIVERED
POL-0010015,PO-2025-05877,1,MAT-00537,2287,10.62,24287.94,DELIVERED
POL-0010016,PO-2025-05877,2,MAT-00960,404,44.8,18099.2,DELIVERED
POL-0010017,PO-2025-05877,3,MAT-00274,683,25.6,17484.8,DELIVERED
POL-0010018,PO-2025-05878,1,MAT-00796,1933,75.17,145303.61,DELIVERED
POL-0010019,PO-2025-05879,1,MAT-00515,655,14.31,9373.05,DELIVERED
POL-0010020,PO-2025-05879,2,MAT-00880,131,103.54,13563.74,DELIVERED
POL-0010021,PO-2025-05879,3,MAT-00090,296,43.84,12976.64,DELIVERED
POL-0010022,PO-2025-05880,1,MAT-00235,1638,252.41,413447.58,OVERDUE
POL-0010023,PO-2025-05880,2,MAT-00963,1303,31.8,41435.4,OVERDUE
POL-0010024,PO-2025-05880,3,MAT-00096,1209,5.63,6806.67,OVERDUE
POL-0010025,PO-2025-05881,1,MAT-00328,380,63.39,24088.2,DELIVERED
POL-0010026,PO-2025-05882,1,MAT-00631,237,4.35,1030.95,DELIVERED
POL-0010027,PO-2025-05883,1,MAT-00371,124,26.71,3312.04,DELIVERED
POL-0010028,PO-2025-05884,1,MAT-00689,198,57.33,11351.34,DELIVERED
POL-0010029,PO-2025-05885,1,MAT-00048,428,78.45,33576.6,DELIVERED
POL-0010030,PO-2025-05885,2,MAT-01182,201,116.22,23360.22,DELIVERED
POL-0010031,PO-2025-05885,3,MAT-00164,1134,10.01,11351.34,DELIVERED
POL-0010032,PO-2025-05886,1,MAT-01166,3778,347.29,1312061.62,DELIVERED
POL-0010033,PO-2025-05887,1,MAT-00200,3241,7.7,24955.7,DELIVERED
POL-0010034,PO-2025-05887,2,MAT-00864,1106,168.91,186814.46,DELIVERED
POL-0010035,PO-2025-05888,1,MAT-00663,865,22.62,19566.3,DELIVERED
POL-0010036,PO-2025-05889,1,MAT-00988,913,65.33,59646.29,DELIVERED
POL-0010037,PO-2025-05889,2,MAT-00393,3846,6.21,23883.66,DELIVERED
POL-0010038,PO-2025-05889,3,MAT-00204,107,87.59,9372.13,DELIVERED
POL-0010039,PO-2025-05889,4,MAT-00403,1105,28.29,31260.45,DELIVERED
POL-0010040,PO-2025-05890,1,MAT-00831,750,5.82,4365.0,DELIVERED
POL-0010041,PO-2025-05891,1,MAT-00750,212,5.8,1229.6,DELIVERED
POL-0010042,PO-2025-05891,2,MAT-00044,66,20.06,1323.96,DELIVERED
POL-0010043,PO-2025-05892,1,MAT-01179,642,8.13,5219.46,DELIVERED
POL-0010044,PO-2025-05892,2,MAT-00529,55,36.94,2031.7,DELIVERED
POL-0010045,PO-2025-05892,3,MAT-00121,744,59.21,44052.24,DELIVERED
POL-0010046,PO-2025-05893,1,MAT-00215,86,18.37,1579.82,DELIVERED
POL-0010047,PO-2025-05894,1,MAT-00789,848,25.4,21539.2,DELIVERED
POL-0010048,PO-2025-05895,1,MAT-00292,882,14.48,12771.36,DELIVERED
POL-0010049,PO-2025-05896,1,MAT-01109,94,12.76,1199.44,DELIVERED
POL-0010050,PO-2025-05896,2,MAT-00699,462,69.76,32229.12,DELIVERED
POL-0010051,PO-2025-05897,1,MAT-00516,818,55.41,45325.38,DELIVERED
POL-0010052,PO-2025-05898,1,MAT-00948,446,11.94,5325.24,DELIVERED
POL-0010053,PO-2025-05899,1,MAT-00518,414,8.68,3593.52,DELIVERED
POL-0010054,PO-2025-05899,2,MAT-00856,391,14.88,5818.08,DELIVERED
POL-0010055,PO-2025-05899,3,MAT-00640,177,5.69,1007.13,DELIVERED
POL-0010056,PO-2025-05900,1,MAT-00253,2128,283.71,603734.88,DELIVERED
POL-0010057,PO-2025-05900,2,MAT-00029,283,12.48,3531.84,DELIVERED
POL-0010058,PO-2025-05900,3,MAT-01130,1228,37.06,45509.68,DELIVERED
POL-0010059,PO-2025-05901,1,MAT-00747,118,32.16,3794.88,DELIVERED
POL-0010060,PO-2025-05901,2,MAT-00532,3247,4.5,14611.5,DELIVERED
POL-0010061,PO-2025-05902,1,MAT-01073,137,29.22,4003.14,DELIVERED
POL-0010062,PO-2025-05903,1,MAT-00584,459,318.37,146131.83,DELIVERED
POL-0010063,PO-2025-05904,1,MAT-00450,143,7.55,1079.65,DELIVERED
POL-0010064,PO-2025-05904,2,MAT-00860,319,55.59,17733.21,DELIVERED
POL-0010065,PO-2025-05905,1,MAT-00389,3917,70.87,277597.79,DELIVERED
POL-0010066,PO-2025-05906,1,MAT-00939,380,34.32,13041.6,CANCELLED
POL-0010067,PO-2025-05906,2,MAT-00234,142,11.9,1689.8,CANCELLED
POL-0010068,PO-2025-05906,3,MAT-00100,47,18.53,870.91,CANCELLED
POL-0010069,PO-2025-05907,1,MAT-00419,308,88.75,27335.0,DELIVERED
POL-0010070,PO-2025-05907,2,MAT-00555,37,38.96,1441.52,DELIVERED
POL-0010071,PO-2025-05907,3,MAT-00920,162,29.44,4769.28,DELIVERED
POL-0010072,PO-2025-05908,1,MAT-00431,4345,7.03,30545.35,PENDING
POL-0010073,PO-2025-05909,1,MAT-01005,1728,54.05,93398.4,DELIVERED
POL-0010074,PO-2025-05909,2,MAT-00398,387,119.47,46234.89,DELIVERED
POL-0010075,PO-2025-05909,3,MAT-00012,465,14.52,6751.8,DELIVERED
POL-0010076,PO-2025-05909,4,MAT-00211,2107,45.23,95299.61,DELIVERED
POL-0010077,PO-2025-05910,1,MAT-00656,1179,28.04,33059.16,DELIVERED
POL-0010078,PO-2025-05911,1,MAT-00311,142,19.43,2759.06,DELIVERED
POL-0010079,PO-2025-05912,1,MAT-00519,65,27.26,1771.9,DELIVERED
POL-0010080,PO-2025-05912,2,MAT-00033,2984,24.38,72749.92,DELIVERED
POL-0010081,PO-2025-05912,3,MAT-00612,443,21.98,9737.14,DELIVERED
POL-0010082,PO-2025-05912,4,MAT-00841,779,26.03,20277.37,DELIVERED
POL-0010083,PO-2025-05913,1,MAT-00937,619,8.09,5007.71,DELIVERED
POL-0010084,PO-2025-05914,1,MAT-00240,158,67.09,10600.22,DELIVERED
POL-0010085,PO-2025-05915,1,MAT-01023,895,23.04,20620.8,DELIVERED
POL-0010086,PO-2025-05915,2,MAT-00317,2891,55.54,160566.14,DELIVERED
POL-0010087,PO-2025-05915,3,MAT-00871,446,22.39,9985.94,DELIVERED
POL-0010088,PO-2025-05916,1,MAT-00607,64,10.84,693.76,DELIVERED
POL-0010089,PO-2025-05917,1,MAT-00196,856,35.98,30798.88,CANCELLED
POL-0010090,PO-2025-05917,2,MAT-00714,235,39.35,9247.25,CANCELLED
POL-0010091,PO-2025-05917,3,MAT-00324,226,263.42,59532.92,CANCELLED
POL-0010092,PO-2025-05918,1,MAT-00216,143,64.45,9216.35,DELIVERED
POL-0010093,PO-2025-05919,1,MAT-00784,345,46.72,16118.4,DELIVERED
POL-0010094,PO-2025-05919,2,MAT-00215,46,18.37,845.02,DELIVERED
POL-0010095,PO-2025-05920,1,MAT-00149,1869,44.52,83207.88,DELIVERED
POL-0010096,PO-2025-05920,2,MAT-01065,634,18.9,11982.6,DELIVERED
POL-0010097,PO-2025-05921,1,MAT-00554,1753,32.22,56481.66,DELIVERED
POL-0010098,PO-2025-05921,2,MAT-00520,140,58.4,8176.0,DELIVERED
POL-0010099,PO-2025-05922,1,MAT-00820,2112,90.41,190945.92,DELIVERED
POL-0010100,PO-2025-05923,1,MAT-00663,850,22.62,19227.0,DELIVERED
POL-0010101,PO-2025-05923,2,MAT-00090,254,43.84,11135.36,DELIVERED
POL-0010102,PO-2025-05923,3,MAT-00104,55,9.85,541.75,DELIVERED
POL-0010103,PO-2025-05924,1,MAT-01187,223,9.34,2082.82,DELIVERED
POL-0010104,PO-2025-05924,2,MAT-00624,101,113.97,11510.97,DELIVERED
POL-0010105,PO-2025-05924,3,MAT-00003,64,54.31,3475.84,DELIVERED
POL-0010106,PO-2025-05925,1,MAT-00300,557,48.83,27198.31,DELIVERED
POL-0010107,PO-2025-05926,1,MAT-00708,3469,170.09,590042.21,CANCELLED
POL-0010108,PO-2025-05927,1,MAT-00384,313,13.47,4216.11,DELIVERED
POL-0010109,PO-2025-05928,1,MAT-01031,1659,20.02,33213.18,DELIVERED
POL-0010110,PO-2025-05929,1,MAT-00424,621,70.34,43681.14,DELIVERED
POL-0010111,PO-2025-05930,1,MAT-00289,702,38.15,26781.3,DELIVERED
POL-0010112,PO-2025-05931,1,MAT-00296,1881,11.79,22176.99,DELIVERED
POL-0010113,PO-2025-05932,1,MAT-00510,412,9.74,4012.88,DELIVERED
POL-0010114,PO-2025-05932,2,MAT-00036,553,6.28,3472.84,DELIVERED
POL-0010115,PO-2025-05933,1,MAT-00162,138,66.09,9120.42,DELIVERED
POL-0010116,PO-2025-05934,1,MAT-00230,179,57.9,10364.1,DELIVERED
POL-0010117,PO-2025-05935,1,MAT-01054,2630,37.29,98072.7,DELIVERED
POL-0010118,PO-2025-05936,1,MAT-00150,113,32.61,3684.93,DELIVERED
POL-0010119,PO-2025-05937,1,MAT-01014,3322,12.66,42056.52,OVERDUE
POL-0010120,PO-2025-05938,1,MAT-01003,1169,27.55,32205.95,CANCELLED
POL-0010121,PO-2025-05938,2,MAT-00196,955,35.98,34360.9,CANCELLED
POL-0010122,PO-2025-05939,1,MAT-00807,614,30.8,18911.2,DELIVERED
POL-0010123,PO-2025-05940,1,MAT-00082,4154,38.31,159139.74,PENDING
POL-0010124,PO-2025-05940,2,MAT-00019,533,9.25,4930.25,PENDING
POL-0010125,PO-2025-05940,3,MAT-00042,70,32.69,2288.3,PENDING
POL-0010126,PO-2025-05941,1,MAT-00155,2486,38.82,96506.52,CANCELLED
POL-0010127,PO-2025-05941,2,MAT-00421,115,268.66,30895.9,CANCELLED
POL-0010128,PO-2025-05941,3,MAT-00636,179,4.36,780.44,CANCELLED
POL-0010129,PO-2025-05941,4,MAT-00143,52,4.13,214.76,CANCELLED
POL-0010130,PO-2025-05942,1,MAT-00747,48,32.16,1543.68,DELIVERED
POL-0010131,PO-2025-05943,1,MAT-00327,126,96.4,12146.4,DELIVERED
POL-0010132,PO-2025-05944,1,MAT-00818,400,65.99,26396.0,DELIVERED
POL-0010133,PO-2025-05944,2,MAT-01165,1064,81.53,86747.92,DELIVERED
POL-0010134,PO-2025-05945,1,MAT-00194,2297,6.96,15987.12,DELIVERED
POL-0010135,PO-2025-05945,2,MAT-00004,3751,144.49,541981.99,DELIVERED
POL-0010136,PO-2025-05945,3,MAT-00967,2392,12.75,30498.0,DELIVERED
POL-0010137,PO-2025-05946,1,MAT-00069,287,37.62,10796.94,DELIVERED
POL-0010138,PO-2025-05946,2,MAT-00117,206,23.25,4789.5,DELIVERED
POL-0010139,PO-2025-05946,3,MAT-00336,1452,20.44,29678.88,DELIVERED
POL-0010140,PO-2025-05947,1,MAT-00468,1030,58.82,60584.6,DELIVERED
POL-0010141,PO-2025-05948,1,MAT-00183,1115,7.24,8072.6,DELIVERED
POL-0010142,PO-2025-05949,1,MAT-01060,448,16.97,7602.56,DELIVERED
POL-0010143,PO-2025-05950,1,MAT-00842,371,52.45,19458.95,CANCELLED
POL-0010144,PO-2025-05950,2,MAT-01005,1851,54.05,100046.55,CANCELLED
POL-0010145,PO-2025-05951,1,MAT-00305,336,25.36,8520.96,DELIVERED
POL-0010146,PO-2025-05951,2,MAT-00338,341,17.48,5960.68,DELIVERED
POL-0010147,PO-2025-05951,3,MAT-00178,49,138.41,6782.09,DELIVERED
POL-0010148,PO-2025-05952,1,MAT-00284,652,6.4,4172.8,OVERDUE
POL-0010149,PO-2025-05953,1,MAT-00592,232,16.09,3732.88,DELIVERED
POL-0010150,PO-2025-05953,2,MAT-00918,1004,34.2,34336.8,DELIVERED
POL-0010151,PO-2025-05954,1,MAT-00760,60,54.98,3298.8,DELIVERED
POL-0010152,PO-2025-05955,1,MAT-01073,271,29.22,7918.62,DELIVERED
POL-0010153,PO-2025-05955,2,MAT-01194,137,36.64,5019.68,DELIVERED
POL-0010154,PO-2025-05955,3,MAT-00567,2433,2.78,6763.74,DELIVERED
POL-0010155,PO-2025-05956,1,MAT-01070,1188,34.39,40855.32,DELIVERED
POL-0010156,PO-2025-05956,2,MAT-00656,4458,28.04,125002.32,DELIVERED
POL-0010157,PO-2025-05957,1,MAT-00347,219,5.12,1121.28,DELIVERED
POL-0010158,PO-2025-05958,1,MAT-00609,717,3.42,2452.14,PENDING
POL-0010159,PO-2025-05959,1,MAT-00300,1120,48.83,54689.6,DELIVERED
POL-0010160,PO-2025-05960,1,MAT-00113,193,30.06,5801.58,DELIVERED
POL-0010161,PO-2025-05961,1,MAT-00899,2547,92.02,234374.94,DELIVERED
POL-0010162,PO-2025-05962,1,MAT-00021,187,128.67,24061.29,IN_TRANSIT
POL-0010163,PO-2025-05963,1,MAT-00985,417,27.89,11630.13,DELIVERED
POL-0010164,PO-2025-05964,1,MAT-00460,464,6.99,3243.36,PENDING
POL-0010165,PO-2025-05964,2,MAT-00380,111,10.13,1124.43,PENDING
POL-0010166,PO-2025-05965,1,MAT-00361,941,48.82,45939.62,DELIVERED
POL-0010167,PO-2025-05966,1,MAT-00361,355,48.82,17331.1,DELIVERED
POL-0010168,PO-2025-05966,2,MAT-01034,157,49.3,7740.1,DELIVERED
POL-0010169,PO-2025-05966,3,MAT-00217,40,11.66,466.4,DELIVERED
POL-0010170,PO-2025-05966,4,MAT-01195,172,4.36,749.92,DELIVERED
POL-0010171,PO-2025-05967,1,MAT-01134,107,44.39,4749.73,DELIVERED
POL-0010172,PO-2025-05967,2,MAT-01035,646,14.5,9367.0,DELIVERED
POL-0010173,PO-2025-05968,1,MAT-00639,219,5.89,1289.91,DELIVERED
POL-0010174,PO-2025-05969,1,MAT-00711,1147,34.88,40007.36,DELIVERED
POL-0010175,PO-2025-05970,1,MAT-00872,1186,10.02,11883.72,DELIVERED
POL-0010176,PO-2025-05970,2,MAT-01031,2422,20.02,48488.44,DELIVERED
POL-0010177,PO-2025-05971,1,MAT-01067,2840,5.91,16784.4,DELIVERED
POL-0010178,PO-2025-05972,1,MAT-00793,2013,31.91,64234.83,DELIVERED
POL-0010179,PO-2025-05972,2,MAT-01097,3956,29.26,115752.56,DELIVERED
POL-0010180,PO-2025-05973,1,MAT-00650,241,54.47,13127.27,DELIVERED
POL-0010181,PO-2025-05974,1,MAT-00264,109,8.15,888.35,DELIVERED
POL-0010182,PO-2025-05974,2,MAT-00991,25,35.34,883.5,DELIVERED
POL-0010183,PO-2025-05974,3,MAT-00861,2391,34.48,82441.68,DELIVERED
POL-0010184,PO-2025-05975,1,MAT-00769,489,13.62,6660.18,OVERDUE
POL-0010185,PO-2025-05976,1,MAT-00779,203,21.57,4378.71,CANCELLED
POL-0010186,PO-2025-05977,1,MAT-01147,581,7.16,4159.96,DELIVERED
POL-0010187,PO-2025-05978,1,MAT-00793,1230,31.91,39249.3,DELIVERED
POL-0010188,PO-2025-05978,2,MAT-00139,41,59.59,2443.19,DELIVERED
POL-0010189,PO-2025-05978,3,MAT-00040,224,31.14,6975.36,DELIVERED
POL-0010190,PO-2025-05979,1,MAT-01117,170,341.91,58124.7,DELIVERED
POL-0010191,PO-2025-05980,1,MAT-00746,2199,10.92,24013.08,DELIVERED
POL-0010192,PO-2025-05981,1,MAT-00118,4794,7.27,34852.38,DELIVERED
POL-0010193,PO-2025-05981,2,MAT-00818,892,65.99,58863.08,DELIVERED
POL-0010194,PO-2025-05982,1,MAT-00835,1131,25.41,28738.71,DELIVERED
POL-0010195,PO-2025-05983,1,MAT-00321,1507,25.93,39076.51,DELIVERED
POL-0010196,PO-2025-05983,2,MAT-00690,1244,43.87,54574.28,DELIVERED
POL-0010197,PO-2025-05983,3,MAT-01048,992,4.58,4543.36,DELIVERED
POL-0010198,PO-2025-05983,4,MAT-00318,4787,17.1,81857.7,DELIVERED
POL-0010199,PO-2025-05984,1,MAT-01002,998,76.22,76067.56,DELIVERED
POL-0010200,PO-2025-05985,1,MAT-00825,238,14.59,3472.42,DELIVERED
POL-0010201,PO-2025-05985,2,MAT-00373,3098,116.36,360483.28,DELIVERED
POL-0010202,PO-2025-05986,1,MAT-00192,4441,63.17,280537.97,OVERDUE
POL-0010203,PO-2025-05986,2,MAT-00194,2153,6.96,14984.88,OVERDUE
POL-0010204,PO-2025-05986,3,MAT-00988,801,65.33,52329.33,OVERDUE
POL-0010205,PO-2025-05987,1,MAT-00750,198,5.8,1148.4,CANCELLED
POL-0010206,PO-2025-05987,2,MAT-00142,1131,108.48,122690.88,CANCELLED
POL-0010207,PO-2025-05987,3,MAT-01143,94,23.88,2244.72,CANCELLED
POL-0010208,PO-2025-05988,1,MAT-00774,2865,76.97,220519.05,DELIVERED
POL-0010209,PO-2025-05989,1,MAT-00578,2720,59.6,162112.0,DELIVERED
POL-0010210,PO-2025-05989,2,MAT-00954,1594,125.17,199520.98,DELIVERED
POL-0010211,PO-2025-05990,1,MAT-00550,1258,12.78,16077.24,DELIVERED
POL-0010212,PO-2025-05990,2,MAT-00674,1183,17.6,20820.8,DELIVERED
POL-0010213,PO-2025-05990,3,MAT-00818,812,65.99,53583.88,DELIVERED
POL-0010214,PO-2025-05990,4,MAT-00158,1143,40.12,45857.16,DELIVERED
POL-0010215,PO-2025-05991,1,MAT-00007,152,139.18,21155.36,DELIVERED
POL-0010216,PO-2025-05992,1,MAT-00877,32,14.6,467.2,DELIVERED
POL-0010217,PO-2025-05992,2,MAT-01116,407,35.7,14529.9,DELIVERED
POL-0010218,PO-2025-05993,1,MAT-00781,534,29.37,15683.58,DELIVERED
POL-0010219,PO-2025-05994,1,MAT-00599,192,16.78,3221.76,DELIVERED
POL-0010220,PO-2025-05995,1,MAT-00275,459,8.09,3713.31,DELIVERED
POL-0010221,PO-2025-05995,2,MAT-00876,87,179.11,15582.57,DELIVERED
POL-0010222,PO-2025-05995,3,MAT-01198,1109,45.99,51002.91,DELIVERED
POL-0010223,PO-2025-05996,1,MAT-00764,1124,22.3,25065.2,PENDING
POL-0010224,PO-2025-05997,1,MAT-00802,3248,15.7,50993.6,DELIVERED
POL-0010225,PO-2025-05997,2,MAT-00622,218,39.47,8604.46,DELIVERED
POL-0010226,PO-2025-05998,1,MAT-01142,4301,119.95,515904.95,OVERDUE
POL-0010227,PO-2025-05999,1,MAT-00766,106,11.4,1208.4,CANCELLED
POL-0010228,PO-2025-05999,2,MAT-00931,447,13.9,6213.3,CANCELLED
POL-0010229,PO-2025-05999,3,MAT-00135,2369,10.03,23761.07,CANCELLED
POL-0010230,PO-2025-06000,1,MAT-00869,59,57.93,3417.87,DELIVERED
