inspection_id,receipt_id,material_id,supplier_id,inspection_date,sample_size,defect_count,defect_ppm,defect_type_code,disposition,inspector_id
QC-0000001,GR-0000001,MAT-00677,SUP-0083,2026-01-18,10,2,200000,DEF_SURFACE,REJECTED,INSP-121
QC-0000002,GR-0000002,MAT-00787,SUP-0083,2026-01-20,29,1,34482,DEF_METALLURGY,CONCESSION,INSP-108
QC-0000003,GR-0000003,MAT-00399,SUP-0094,2025-12-18,24,0,0,,ACCEPTED,INSP-116
QC-0000004,GR-0000004,MAT-01121,SUP-0094,2025-12-21,49,0,0,,ACCEPTED,INSP-113
QC-0000005,GR-0000005,MAT-00432,SUP-0094,2025-12-19,75,0,0,,ACCEPTED,INSP-103
QC-0000006,GR-0000006,MAT-00136,SUP-0030,2026-03-12,10,2,200000,DEF_METALLURGY,REJECTED,INSP-125
QC-0000007,GR-0000007,MAT-00960,SUP-0084,2026-04-13,159,5,31446,DEF_PACKAGING,CONCESSION,INSP-116
QC-0000008,GR-0000008,MAT-00702,SUP-0084,2026-04-15,25,2,80000,DEF_PACKAGING,REJECTED,INSP-115
QC-0000009,GR-0000009,MAT-00763,SUP-0049,2025-08-16,345,23,66666,DEF_CONTAMINATION,REJECTED,INSP-122
QC-0000010,GR-0000010,MAT-00678,SUP-0069,2025-08-11,251,2,7968,DEF_ELECTRICAL,CONCESSION,INSP-119
QC-0000011,GR-0000011,MAT-00572,SUP-0069,2025-08-11,158,1,6329,DEF_ELECTRICAL,CONCESSION,INSP-116
QC-0000012,GR-0000012,MAT-00503,SUP-0069,2025-08-07,77,2,25974,DEF_DIMENSIONAL,CONCESSION,INSP-122
QC-0000013,GR-0000013,MAT-00046,SUP-0089,2026-01-06,33,5,151515,DEF_ELECTRICAL,REJECTED,INSP-108
QC-0000014,GR-0000014,MAT-00829,SUP-0089,2026-01-03,180,18,100000,DEF_PACKAGING,REJECTED,INSP-114
QC-0000015,GR-0000015,MAT-00616,SUP-0089,2025-12-29,337,29,86053,DEF_METALLURGY,REJECTED,INSP-120
QC-0000016,GR-0000016,MAT-00528,SUP-0083,2025-11-13,10,0,0,,ACCEPTED,INSP-121
QC-0000017,GR-0000017,MAT-00510,SUP-0083,2025-11-06,42,3,71428,DEF_DIMENSIONAL,REJECTED,INSP-103
QC-0000018,GR-0000018,MAT-00314,SUP-0083,2025-11-14,176,10,56818,DEF_ELECTRICAL,REJECTED,INSP-114
QC-0000019,GR-0000019,MAT-01111,SUP-0030,2026-03-31,174,23,132183,DEF_ELECTRICAL,REJECTED,INSP-109
QC-0000020,GR-0000020,MAT-00117,SUP-0072,2025-11-14,15,8,533333,DEF_DIMENSIONAL,REJECTED,INSP-102
QC-0000021,GR-0000021,MAT-00063,SUP-0068,2025-08-25,169,2,11834,DEF_CONTAMINATION,CONCESSION,INSP-106
QC-0000022,GR-0000022,MAT-01008,SUP-0024,2026-02-18,80,3,37500,DEF_CONTAMINATION,CONCESSION,INSP-120
QC-0000023,GR-0000023,MAT-00338,SUP-0024,2026-02-11,35,2,57142,DEF_CONTAMINATION,REJECTED,INSP-106
QC-0000024,GR-0000024,MAT-00670,SUP-0024,2026-02-14,505,35,69306,DEF_CONTAMINATION,REJECTED,INSP-117
QC-0000025,GR-0000025,MAT-00170,SUP-0095,2025-08-31,120,4,33333,DEF_SURFACE,CONCESSION,INSP-107
QC-0000026,GR-0000026,MAT-00878,SUP-0095,2025-08-28,111,2,18018,DEF_SURFACE,CONCESSION,INSP-113
QC-0000027,GR-0000027,MAT-00190,SUP-0078,2026-03-02,229,12,52401,DEF_CONTAMINATION,REJECTED,INSP-107
QC-0000028,GR-0000028,MAT-00752,SUP-0052,2025-11-08,27,1,37037,DEF_PACKAGING,CONCESSION,INSP-106
QC-0000029,GR-0000029,MAT-00080,SUP-0052,2025-11-11,37,3,81081,DEF_CONTAMINATION,REJECTED,INSP-119
QC-0000030,GR-0000030,MAT-00169,SUP-0052,2025-11-12,371,29,78167,DEF_DIMENSIONAL,REJECTED,INSP-125
QC-0000031,GR-0000031,MAT-00001,SUP-0093,2026-02-11,22,6,272727,DEF_DIMENSIONAL,REJECTED,INSP-102
QC-0000032,GR-0000032,MAT-00548,SUP-0093,2026-02-24,126,27,214285,DEF_PACKAGING,REJECTED,INSP-123
QC-0000033,GR-0000033,MAT-01078,SUP-0093,2026-02-25,10,3,300000,DEF_SURFACE,REJECTED,INSP-114
QC-0000034,GR-0000034,MAT-00583,SUP-0064,2025-06-04,244,19,77868,DEF_ELECTRICAL,REJECTED,INSP-114
QC-0000035,GR-0000035,MAT-01055,SUP-0064,2025-06-01,10,3,300000,DEF_METALLURGY,REJECTED,INSP-110
QC-0000036,GR-0000036,MAT-00459,SUP-0064,2025-06-09,140,12,85714,DEF_CONTAMINATION,REJECTED,INSP-101
QC-0000037,GR-0000037,MAT-00066,SUP-0113,2026-01-04,54,7,129629,DEF_PACKAGING,REJECTED,INSP-107
QC-0000038,GR-0000038,MAT-00735,SUP-0113,2026-01-04,72,4,55555,DEF_PACKAGING,REJECTED,INSP-124
QC-0000039,GR-0000039,MAT-00628,SUP-0051,2025-11-18,62,2,32258,DEF_METALLURGY,CONCESSION,INSP-112
QC-0000040,GR-0000040,MAT-00634,SUP-0051,2025-11-18,54,2,37037,DEF_CONTAMINATION,CONCESSION,INSP-109
QC-0000041,GR-0000041,MAT-00432,SUP-0051,2025-11-17,147,8,54421,DEF_CONTAMINATION,REJECTED,INSP-122
QC-0000042,GR-0000042,MAT-00305,SUP-0059,2026-02-03,22,2,90909,DEF_CONTAMINATION,REJECTED,INSP-121
QC-0000043,GR-0000043,MAT-00221,SUP-0059,2026-01-31,748,104,139037,DEF_CONTAMINATION,REJECTED,INSP-112
QC-0000044,GR-0000044,MAT-00259,SUP-0005,2025-07-20,341,44,129032,DEF_PACKAGING,REJECTED,INSP-111
QC-0000045,GR-0000045,MAT-00490,SUP-0082,2026-04-06,55,11,200000,DEF_DIMENSIONAL,REJECTED,INSP-102
QC-0000046,GR-0000046,MAT-01131,SUP-0082,2026-04-03,14,3,214285,DEF_ELECTRICAL,REJECTED,INSP-116
QC-0000047,GR-0000047,MAT-00620,SUP-0082,2026-03-31,35,5,142857,DEF_PACKAGING,REJECTED,INSP-113
QC-0000048,GR-0000048,MAT-00430,SUP-0114,2026-03-17,178,22,123595,DEF_ELECTRICAL,REJECTED,INSP-120
QC-0000049,GR-0000049,MAT-00101,SUP-0004,2025-08-24,106,15,141509,DEF_SURFACE,REJECTED,INSP-105
QC-0000050,GR-0000050,MAT-00815,SUP-0004,2025-08-17,620,74,119354,DEF_DIMENSIONAL,REJECTED,INSP-101
QC-0000051,GR-0000051,MAT-00663,SUP-0004,2025-08-24,104,14,134615,DEF_ELECTRICAL,REJECTED,INSP-124
QC-0000052,GR-0000052,MAT-00337,SUP-0084,2025-04-06,17,1,58823,DEF_CONTAMINATION,REJECTED,INSP-121
QC-0000053,GR-0000053,MAT-00087,SUP-0084,2025-04-09,33,2,60606,DEF_METALLURGY,REJECTED,INSP-104
QC-0000054,GR-0000054,MAT-00492,SUP-0084,2025-04-07,45,2,44444,DEF_SURFACE,REJECTED,INSP-121
QC-0000055,GR-0000055,MAT-01015,SUP-0107,2026-01-07,126,9,71428,DEF_DIMENSIONAL,REJECTED,INSP-107
QC-0000056,GR-0000056,MAT-00739,SUP-0096,2025-12-28,153,11,71895,DEF_SURFACE,REJECTED,INSP-101
QC-0000057,GR-0000057,MAT-01027,SUP-0093,2026-01-07,16,1,62500,DEF_METALLURGY,REJECTED,INSP-118
QC-0000058,GR-0000058,MAT-01035,SUP-0093,2026-01-15,156,40,256410,DEF_SURFACE,REJECTED,INSP-103
QC-0000059,GR-0000059,MAT-00801,SUP-0078,2025-08-26,10,0,0,,ACCEPTED,INSP-101
QC-0000060,GR-0000060,MAT-01121,SUP-0078,2025-08-23,32,2,62500,DEF_METALLURGY,REJECTED,INSP-114
QC-0000061,GR-0000061,MAT-00935,SUP-0011,2025-10-28,26,5,192307,DEF_CONTAMINATION,REJECTED,INSP-121
QC-0000062,GR-0000062,MAT-00129,SUP-0116,2025-12-15,12,1,83333,DEF_METALLURGY,REJECTED,INSP-123
QC-0000063,GR-0000063,MAT-00473,SUP-0116,2025-12-19,351,10,28490,DEF_PACKAGING,CONCESSION,INSP-104
QC-0000064,GR-0000064,MAT-00457,SUP-0116,2025-12-17,419,12,28639,DEF_PACKAGING,CONCESSION,INSP-113
QC-0000065,GR-0000065,MAT-00615,SUP-0100,2025-11-18,10,0,0,,ACCEPTED,INSP-103
QC-0000066,GR-0000066,MAT-00009,SUP-0100,2025-11-17,234,9,38461,DEF_CONTAMINATION,CONCESSION,INSP-104
QC-0000067,GR-0000067,MAT-00098,SUP-0036,2025-06-23,71,0,0,,ACCEPTED,INSP-102
QC-0000068,GR-0000068,MAT-00034,SUP-0036,2025-06-21,45,0,0,,ACCEPTED,INSP-123
QC-0000069,GR-0000069,MAT-00628,SUP-0036,2025-06-22,61,0,0,,ACCEPTED,INSP-108
QC-0000070,GR-0000070,MAT-00105,SUP-0018,2026-01-25,154,20,129870,DEF_CONTAMINATION,REJECTED,INSP-112
QC-0000071,GR-0000071,MAT-00481,SUP-0018,2026-01-28,17,1,58823,DEF_PACKAGING,REJECTED,INSP-101
QC-0000072,GR-0000072,MAT-00797,SUP-0109,2025-10-22,140,0,0,,ACCEPTED,INSP-122
QC-0000073,GR-0000073,MAT-00529,SUP-0020,2026-01-29,17,0,0,,ACCEPTED,INSP-104
QC-0000074,GR-0000074,MAT-00418,SUP-0039,2026-02-04,10,1,100000,DEF_CONTAMINATION,REJECTED,INSP-112
QC-0000075,GR-0000075,MAT-01111,SUP-0039,2026-02-01,282,32,113475,DEF_METALLURGY,REJECTED,INSP-104
QC-0000076,GR-0000076,MAT-00141,SUP-0039,2026-02-02,10,3,300000,DEF_CONTAMINATION,REJECTED,INSP-114
QC-0000077,GR-0000077,MAT-01095,SUP-0103,2025-07-20,62,11,177419,DEF_SURFACE,REJECTED,INSP-125
QC-0000078,GR-0000078,MAT-00730,SUP-0103,2025-07-19,311,49,157556,DEF_DIMENSIONAL,REJECTED,INSP-118
QC-0000079,GR-0000079,MAT-00724,SUP-0013,2025-06-12,150,13,86666,DEF_DIMENSIONAL,REJECTED,INSP-122
QC-0000080,GR-0000080,MAT-00038,SUP-0016,2026-02-02,10,1,100000,DEF_DIMENSIONAL,REJECTED,INSP-123
QC-0000081,GR-0000081,MAT-00886,SUP-0081,2025-09-21,26,2,76923,DEF_DIMENSIONAL,REJECTED,INSP-119
QC-0000082,GR-0000082,MAT-00138,SUP-0100,2025-05-17,171,6,35087,DEF_SURFACE,CONCESSION,INSP-120
QC-0000083,GR-0000083,MAT-00756,SUP-0068,2025-05-27,246,3,12195,DEF_CONTAMINATION,CONCESSION,INSP-118
QC-0000084,GR-0000084,MAT-00646,SUP-0016,2025-08-02,46,3,65217,DEF_ELECTRICAL,REJECTED,INSP-117
QC-0000085,GR-0000085,MAT-00239,SUP-0112,2025-09-26,585,16,27350,DEF_METALLURGY,CONCESSION,INSP-109
QC-0000086,GR-0000086,MAT-00698,SUP-0112,2025-09-24,10,1,100000,DEF_METALLURGY,REJECTED,INSP-125
QC-0000087,GR-0000087,MAT-00067,SUP-0112,2025-09-26,31,2,64516,DEF_ELECTRICAL,REJECTED,INSP-123
QC-0000088,GR-0000088,MAT-00650,SUP-0112,2025-09-26,29,0,0,,ACCEPTED,INSP-101
QC-0000089,GR-0000089,MAT-01100,SUP-0051,2025-08-20,71,3,42253,DEF_CONTAMINATION,REJECTED,INSP-119
QC-0000090,GR-0000090,MAT-00153,SUP-0048,2025-05-29,19,1,52631,DEF_ELECTRICAL,REJECTED,INSP-107
QC-0000091,GR-0000091,MAT-00054,SUP-0048,2025-05-30,184,9,48913,DEF_ELECTRICAL,REJECTED,INSP-104
QC-0000092,GR-0000092,MAT-00672,SUP-0090,2025-12-04,25,2,80000,DEF_CONTAMINATION,REJECTED,INSP-112
QC-0000093,GR-0000093,MAT-00206,SUP-0090,2025-12-05,18,1,55555,DEF_CONTAMINATION,REJECTED,INSP-103
QC-0000094,GR-0000094,MAT-00195,SUP-0090,2025-12-03,73,4,54794,DEF_PACKAGING,REJECTED,INSP-113
QC-0000095,GR-0000095,MAT-00684,SUP-0089,2025-05-13,630,65,103174,DEF_SURFACE,REJECTED,INSP-106
QC-0000096,GR-0000096,MAT-00475,SUP-0016,2026-03-06,602,33,54817,DEF_SURFACE,REJECTED,INSP-119
QC-0000097,GR-0000097,MAT-00164,SUP-0016,2026-03-02,159,14,88050,DEF_PACKAGING,REJECTED,INSP-112
QC-0000098,GR-0000098,MAT-01125,SUP-0090,2025-08-20,32,4,125000,DEF_PACKAGING,REJECTED,INSP-116
QC-0000099,GR-0000099,MAT-00639,SUP-0032,2025-12-19,10,0,0,,ACCEPTED,INSP-103
QC-0000100,GR-0000100,MAT-00141,SUP-0096,2026-03-28,16,0,0,,ACCEPTED,INSP-104
QC-0000101,GR-0000101,MAT-00740,SUP-0078,2026-01-16,121,8,66115,DEF_PACKAGING,REJECTED,INSP-123
QC-0000102,GR-0000102,MAT-00508,SUP-0078,2026-01-13,10,0,0,,ACCEPTED,INSP-105
QC-0000103,GR-0000103,MAT-00345,SUP-0096,2025-12-05,28,4,142857,DEF_CONTAMINATION,REJECTED,INSP-122
QC-0000104,GR-0000104,MAT-00560,SUP-0094,2025-09-26,60,0,0,,ACCEPTED,INSP-122
QC-0000105,GR-0000105,MAT-00796,SUP-0012,2026-01-10,183,13,71038,DEF_SURFACE,REJECTED,INSP-117
QC-0000106,GR-0000106,MAT-00256,SUP-0022,2026-01-07,736,16,21739,DEF_METALLURGY,CONCESSION,INSP-102
QC-0000107,GR-0000107,MAT-00831,SUP-0018,2025-12-19,159,15,94339,DEF_ELECTRICAL,REJECTED,INSP-111
QC-0000108,GR-0000108,MAT-01189,SUP-0018,2025-12-19,22,0,0,,ACCEPTED,INSP-103
QC-0000109,GR-0000109,MAT-00510,SUP-0022,2026-01-25,17,0,0,,ACCEPTED,INSP-116
QC-0000110,GR-0000110,MAT-00006,SUP-0052,2025-05-09,214,18,84112,DEF_PACKAGING,REJECTED,INSP-103
QC-0000111,GR-0000111,MAT-00423,SUP-0087,2025-12-12,11,0,0,,ACCEPTED,INSP-108
QC-0000112,GR-0000112,MAT-00756,SUP-0087,2025-12-09,126,2,15873,DEF_DIMENSIONAL,CONCESSION,INSP-103
QC-0000113,GR-0000113,MAT-00299,SUP-0019,2025-07-28,166,14,84337,DEF_ELECTRICAL,REJECTED,INSP-119
QC-0000114,GR-0000114,MAT-00498,SUP-0019,2025-07-24,87,11,126436,DEF_CONTAMINATION,REJECTED,INSP-108
QC-0000115,GR-0000115,MAT-00561,SUP-0019,2025-07-30,206,25,121359,DEF_PACKAGING,REJECTED,INSP-115
QC-0000116,GR-0000116,MAT-00517,SUP-0112,2026-01-19,68,0,0,,ACCEPTED,INSP-112
QC-0000117,GR-0000117,MAT-00123,SUP-0025,2025-07-22,322,8,24844,DEF_CONTAMINATION,CONCESSION,INSP-106
QC-0000118,GR-0000118,MAT-00581,SUP-0029,2025-12-16,31,6,193548,DEF_DIMENSIONAL,REJECTED,INSP-106
QC-0000119,GR-0000119,MAT-01085,SUP-0075,2025-06-17,41,2,48780,DEF_ELECTRICAL,REJECTED,INSP-124
QC-0000120,GR-0000120,MAT-00565,SUP-0075,2025-06-25,49,6,122448,DEF_PACKAGING,REJECTED,INSP-110
QC-0000121,GR-0000121,MAT-00800,SUP-0057,2025-11-06,57,3,52631,DEF_DIMENSIONAL,REJECTED,INSP-122
QC-0000122,GR-0000122,MAT-00481,SUP-0023,2026-02-05,11,0,0,,ACCEPTED,INSP-119
QC-0000123,GR-0000123,MAT-00297,SUP-0023,2026-02-05,107,0,0,,ACCEPTED,INSP-121
QC-0000124,GR-0000124,MAT-00760,SUP-0023,2026-02-06,11,0,0,,ACCEPTED,INSP-106
QC-0000125,GR-0000125,MAT-00203,SUP-0029,2025-10-20,48,8,166666,DEF_PACKAGING,REJECTED,INSP-106
QC-0000126,GR-0000126,MAT-00220,SUP-0024,2026-01-09,724,41,56629,DEF_ELECTRICAL,REJECTED,INSP-109
QC-0000127,GR-0000127,MAT-00223,SUP-0021,2025-09-01,125,7,56000,DEF_ELECTRICAL,REJECTED,INSP-101
QC-0000128,GR-0000128,MAT-00824,SUP-0021,2025-08-31,13,0,0,,ACCEPTED,INSP-113
QC-0000129,GR-0000129,MAT-01158,SUP-0021,2025-09-02,24,1,41666,DEF_DIMENSIONAL,REJECTED,INSP-112
QC-0000130,GR-0000130,MAT-00197,SUP-0077,2025-10-28,34,1,29411,DEF_SURFACE,CONCESSION,INSP-123
QC-0000131,GR-0000131,MAT-00689,SUP-0077,2025-11-01,18,1,55555,DEF_DIMENSIONAL,REJECTED,INSP-119
QC-0000132,GR-0000132,MAT-00494,SUP-0077,2025-11-01,23,1,43478,DEF_CONTAMINATION,REJECTED,INSP-123
QC-0000133,GR-0000133,MAT-01124,SUP-0020,2025-12-04,372,28,75268,DEF_PACKAGING,REJECTED,INSP-113
QC-0000134,GR-0000134,MAT-00075,SUP-0040,2026-03-15,27,3,111111,DEF_PACKAGING,REJECTED,INSP-106
QC-0000135,GR-0000135,MAT-00922,SUP-0089,2025-12-03,10,1,100000,DEF_ELECTRICAL,REJECTED,INSP-123
QC-0000136,GR-0000136,MAT-00513,SUP-0048,2026-01-16,24,0,0,,ACCEPTED,INSP-110
QC-0000137,GR-0000137,MAT-00014,SUP-0009,2025-07-03,210,25,119047,DEF_DIMENSIONAL,REJECTED,INSP-104
QC-0000138,GR-0000138,MAT-01032,SUP-0009,2025-07-06,249,50,200803,DEF_SURFACE,REJECTED,INSP-109
QC-0000139,GR-0000139,MAT-01179,SUP-0009,2025-07-04,158,30,189873,DEF_METALLURGY,REJECTED,INSP-102
QC-0000140,GR-0000140,MAT-00875,SUP-0093,2026-03-20,124,27,217741,DEF_DIMENSIONAL,REJECTED,INSP-117
QC-0000141,GR-0000141,MAT-00200,SUP-0093,2026-03-12,738,176,238482,DEF_PACKAGING,REJECTED,INSP-121
QC-0000142,GR-0000142,MAT-01171,SUP-0067,2025-06-25,233,30,128755,DEF_CONTAMINATION,REJECTED,INSP-117
QC-0000143,GR-0000143,MAT-00093,SUP-0067,2025-06-25,121,11,90909,DEF_DIMENSIONAL,REJECTED,INSP-107
QC-0000144,GR-0000144,MAT-00402,SUP-0067,2025-06-30,161,20,124223,DEF_PACKAGING,REJECTED,INSP-123
QC-0000145,GR-0000145,MAT-00405,SUP-0061,2026-03-03,71,0,0,,ACCEPTED,INSP-107
QC-0000146,GR-0000146,MAT-00276,SUP-0061,2026-03-02,16,0,0,,ACCEPTED,INSP-109
QC-0000147,GR-0000147,MAT-00419,SUP-0076,2026-03-08,56,7,125000,DEF_DIMENSIONAL,REJECTED,INSP-123
QC-0000148,GR-0000148,MAT-00326,SUP-0069,2026-01-30,469,5,10660,DEF_CONTAMINATION,CONCESSION,INSP-102
QC-0000149,GR-0000149,MAT-00861,SUP-0030,2025-04-25,121,8,66115,DEF_CONTAMINATION,REJECTED,INSP-112
QC-0000150,GR-0000150,MAT-00223,SUP-0021,2025-09-28,144,6,41666,DEF_ELECTRICAL,REJECTED,INSP-119
QC-0000151,GR-0000151,MAT-01137,SUP-0112,2025-09-03,11,0,0,,ACCEPTED,INSP-116
QC-0000152,GR-0000152,MAT-01162,SUP-0112,2025-09-02,123,1,8130,DEF_CONTAMINATION,CONCESSION,INSP-121
QC-0000153,GR-0000153,MAT-00920,SUP-0112,2025-08-31,40,2,50000,DEF_SURFACE,REJECTED,INSP-120
QC-0000154,GR-0000154,MAT-00912,SUP-0112,2025-09-02,242,10,41322,DEF_CONTAMINATION,REJECTED,INSP-124
QC-0000155,GR-0000155,MAT-00533,SUP-0096,2025-09-30,306,17,55555,DEF_METALLURGY,REJECTED,INSP-120
QC-0000156,GR-0000156,MAT-00953,SUP-0043,2025-06-07,18,0,0,,ACCEPTED,INSP-103
QC-0000157,GR-0000157,MAT-00277,SUP-0021,2025-12-24,112,4,35714,DEF_DIMENSIONAL,CONCESSION,INSP-124
QC-0000158,GR-0000158,MAT-00104,SUP-0077,2025-09-25,11,1,90909,DEF_DIMENSIONAL,REJECTED,INSP-121
QC-0000159,GR-0000159,MAT-00192,SUP-0083,2025-11-09,256,19,74218,DEF_CONTAMINATION,REJECTED,INSP-102
QC-0000160,GR-0000160,MAT-00876,SUP-0093,2025-12-04,14,3,214285,DEF_CONTAMINATION,REJECTED,INSP-124
QC-0000161,GR-0000161,MAT-00184,SUP-0093,2025-12-04,189,56,296296,DEF_CONTAMINATION,REJECTED,INSP-123
QC-0000162,GR-0000162,MAT-00906,SUP-0092,2025-12-27,59,7,118644,DEF_CONTAMINATION,REJECTED,INSP-102
QC-0000163,GR-0000163,MAT-00660,SUP-0102,2025-12-06,88,1,11363,DEF_METALLURGY,CONCESSION,INSP-110
QC-0000164,GR-0000164,MAT-00068,SUP-0102,2025-12-04,136,9,66176,DEF_CONTAMINATION,REJECTED,INSP-106
QC-0000165,GR-0000165,MAT-00056,SUP-0102,2025-12-08,326,18,55214,DEF_DIMENSIONAL,REJECTED,INSP-118
QC-0000166,GR-0000166,MAT-00050,SUP-0102,2025-12-06,33,0,0,,ACCEPTED,INSP-106
QC-0000167,GR-0000167,MAT-01200,SUP-0048,2025-12-04,141,8,56737,DEF_PACKAGING,REJECTED,INSP-103
QC-0000168,GR-0000168,MAT-00724,SUP-0013,2026-03-19,226,17,75221,DEF_SURFACE,REJECTED,INSP-121
QC-0000169,GR-0000169,MAT-00594,SUP-0013,2026-03-19,60,7,116666,DEF_PACKAGING,REJECTED,INSP-108
QC-0000170,GR-0000170,MAT-00535,SUP-0084,2025-08-12,137,13,94890,DEF_ELECTRICAL,REJECTED,INSP-103
QC-0000171,GR-0000171,MAT-00157,SUP-0107,2025-06-11,26,4,153846,DEF_SURFACE,REJECTED,INSP-103
QC-0000172,GR-0000172,MAT-00087,SUP-0062,2026-03-23,21,2,95238,DEF_METALLURGY,REJECTED,INSP-117
QC-0000173,GR-0000173,MAT-00091,SUP-0018,2025-10-22,376,35,93085,DEF_SURFACE,REJECTED,INSP-102
QC-0000174,GR-0000174,MAT-00700,SUP-0018,2025-10-23,50,2,40000,DEF_SURFACE,REJECTED,INSP-103
QC-0000175,GR-0000175,MAT-01057,SUP-0018,2025-10-17,315,25,79365,DEF_CONTAMINATION,REJECTED,INSP-105
QC-0000176,GR-0000176,MAT-00308,SUP-0056,2026-04-02,59,7,118644,DEF_PACKAGING,REJECTED,INSP-116
QC-0000177,GR-0000177,MAT-00552,SUP-0079,2026-04-02,168,19,113095,DEF_PACKAGING,REJECTED,INSP-115
QC-0000178,GR-0000178,MAT-00349,SUP-0041,2026-03-02,43,6,139534,DEF_DIMENSIONAL,REJECTED,INSP-107
QC-0000179,GR-0000179,MAT-00833,SUP-0030,2026-03-05,24,1,41666,DEF_METALLURGY,REJECTED,INSP-102
QC-0000180,GR-0000180,MAT-00728,SUP-0030,2026-03-11,621,70,112721,DEF_SURFACE,REJECTED,INSP-117
QC-0000181,GR-0000181,MAT-00035,SUP-0030,2026-03-06,61,6,98360,DEF_CONTAMINATION,REJECTED,INSP-117
QC-0000182,GR-0000182,MAT-01077,SUP-0019,2025-09-16,17,3,176470,DEF_METALLURGY,REJECTED,INSP-119
QC-0000183,GR-0000183,MAT-00251,SUP-0096,2025-05-24,427,31,72599,DEF_CONTAMINATION,REJECTED,INSP-122
QC-0000184,GR-0000184,MAT-01084,SUP-0112,2025-10-21,33,0,0,,ACCEPTED,INSP-120
QC-0000185,GR-0000185,MAT-00364,SUP-0005,2025-07-30,10,1,100000,DEF_SURFACE,REJECTED,INSP-123
QC-0000186,GR-0000186,MAT-00385,SUP-0019,2026-01-26,10,1,100000,DEF_CONTAMINATION,REJECTED,INSP-124
QC-0000187,GR-0000187,MAT-00820,SUP-0097,2025-10-23,253,11,43478,DEF_PACKAGING,REJECTED,INSP-112
QC-0000188,GR-0000188,MAT-00630,SUP-0097,2025-10-17,10,1,100000,DEF_SURFACE,REJECTED,INSP-125
QC-0000189,GR-0000189,MAT-00214,SUP-0064,2026-01-18,64,3,46875,DEF_DIMENSIONAL,REJECTED,INSP-107
QC-0000190,GR-0000190,MAT-00598,SUP-0064,2026-01-09,71,6,84507,DEF_ELECTRICAL,REJECTED,INSP-110
QC-0000191,GR-0000191,MAT-00799,SUP-0064,2026-01-10,60,5,83333,DEF_SURFACE,REJECTED,INSP-104
QC-0000192,GR-0000192,MAT-00766,SUP-0088,2026-03-06,14,0,0,,ACCEPTED,INSP-115
QC-0000193,GR-0000193,MAT-00756,SUP-0088,2026-03-04,176,8,45454,DEF_ELECTRICAL,REJECTED,INSP-109
QC-0000194,GR-0000194,MAT-00574,SUP-0065,2026-04-05,18,3,166666,DEF_METALLURGY,REJECTED,INSP-111
QC-0000195,GR-0000195,MAT-01139,SUP-0065,2026-03-29,28,2,71428,DEF_DIMENSIONAL,REJECTED,INSP-119
QC-0000196,GR-0000196,MAT-00954,SUP-0027,2025-11-30,92,12,130434,DEF_ELECTRICAL,REJECTED,INSP-106
QC-0000197,GR-0000197,MAT-00597,SUP-0027,2025-12-01,10,2,200000,DEF_SURFACE,REJECTED,INSP-109
QC-0000198,GR-0000198,MAT-00443,SUP-0097,2026-01-10,251,16,63745,DEF_SURFACE,REJECTED,INSP-112
QC-0000199,GR-0000199,MAT-00251,SUP-0096,2026-02-06,204,9,44117,DEF_METALLURGY,REJECTED,INSP-117
QC-0000200,GR-0000200,MAT-00932,SUP-0096,2026-02-12,232,18,77586,DEF_ELECTRICAL,REJECTED,INSP-103
QC-0000201,GR-0000201,MAT-00254,SUP-0096,2026-02-09,39,4,102564,DEF_SURFACE,REJECTED,INSP-121
QC-0000202,GR-0000202,MAT-00407,SUP-0094,2025-07-12,13,0,0,,ACCEPTED,INSP-115
QC-0000203,GR-0000203,MAT-00830,SUP-0065,2025-12-11,174,12,68965,DEF_PACKAGING,REJECTED,INSP-122
QC-0000204,GR-0000204,MAT-00158,SUP-0041,2025-11-05,95,10,105263,DEF_PACKAGING,REJECTED,INSP-111
QC-0000205,GR-0000205,MAT-00946,SUP-0003,2025-07-10,64,6,93750,DEF_ELECTRICAL,REJECTED,INSP-120
QC-0000206,GR-0000206,MAT-00061,SUP-0051,2025-10-20,226,9,39823,DEF_METALLURGY,CONCESSION,INSP-120
QC-0000207,GR-0000207,MAT-01073,SUP-0095,2025-05-08,53,2,37735,DEF_METALLURGY,CONCESSION,INSP-113
QC-0000208,GR-0000208,MAT-01019,SUP-0111,2025-04-11,363,29,79889,DEF_PACKAGING,REJECTED,INSP-124
QC-0000209,GR-0000209,MAT-00851,SUP-0111,2025-04-23,34,3,88235,DEF_SURFACE,REJECTED,INSP-111
QC-0000210,GR-0000210,MAT-00438,SUP-0089,2025-06-26,681,64,93979,DEF_CONTAMINATION,REJECTED,INSP-116
QC-0000211,GR-0000211,MAT-00474,SUP-0090,2025-12-24,23,1,43478,DEF_PACKAGING,REJECTED,INSP-125
QC-0000212,GR-0000212,MAT-00492,SUP-0103,2025-12-07,20,4,200000,DEF_DIMENSIONAL,REJECTED,INSP-124
QC-0000213,GR-0000213,MAT-00075,SUP-0040,2025-09-28,29,3,103448,DEF_CONTAMINATION,REJECTED,INSP-118
QC-0000214,GR-0000214,MAT-00752,SUP-0052,2025-12-03,40,1,25000,DEF_SURFACE,CONCESSION,INSP-105
QC-0000215,GR-0000215,MAT-00095,SUP-0052,2025-12-08,22,1,45454,DEF_PACKAGING,REJECTED,INSP-103
QC-0000216,GR-0000216,MAT-00197,SUP-0052,2025-12-10,21,2,95238,DEF_METALLURGY,REJECTED,INSP-104
QC-0000217,GR-0000217,MAT-00264,SUP-0115,2025-11-12,31,7,225806,DEF_DIMENSIONAL,REJECTED,INSP-114
QC-0000218,GR-0000218,MAT-00114,SUP-0115,2025-11-21,11,4,363636,DEF_PACKAGING,REJECTED,INSP-117
QC-0000219,GR-0000219,MAT-00417,SUP-0115,2025-11-10,36,4,111111,DEF_CONTAMINATION,REJECTED,INSP-109
QC-0000220,GR-0000220,MAT-00815,SUP-0099,2025-05-31,193,2,10362,DEF_ELECTRICAL,CONCESSION,INSP-114
QC-0000221,GR-0000221,MAT-00436,SUP-0099,2025-05-29,10,0,0,,ACCEPTED,INSP-107
QC-0000222,GR-0000222,MAT-00360,SUP-0066,2026-01-06,33,3,90909,DEF_DIMENSIONAL,REJECTED,INSP-123
QC-0000223,GR-0000223,MAT-01043,SUP-0050,2025-08-26,65,6,92307,DEF_METALLURGY,REJECTED,INSP-103
QC-0000224,GR-0000224,MAT-00011,SUP-0083,2026-01-20,333,16,48048,DEF_PACKAGING,REJECTED,INSP-104
QC-0000225,GR-0000225,MAT-01127,SUP-0107,2025-07-15,93,12,129032,DEF_DIMENSIONAL,REJECTED,INSP-116
QC-0000226,GR-0000226,MAT-00255,SUP-0096,2025-05-01,217,12,55299,DEF_ELECTRICAL,REJECTED,INSP-111
QC-0000227,GR-0000227,MAT-00098,SUP-0036,2026-02-10,25,0,0,,ACCEPTED,INSP-123
QC-0000228,GR-0000228,MAT-00033,SUP-0082,2025-12-30,603,94,155887,DEF_PACKAGING,REJECTED,INSP-106
QC-0000229,GR-0000229,MAT-01174,SUP-0055,2025-05-07,64,0,0,,ACCEPTED,INSP-101
QC-0000230,GR-0000230,MAT-00935,SUP-0055,2025-05-04,10,0,0,,ACCEPTED,INSP-114
QC-0000231,GR-0000231,MAT-00787,SUP-0041,2025-05-05,14,2,142857,DEF_PACKAGING,REJECTED,INSP-101
QC-0000232,GR-0000232,MAT-01143,SUP-0067,2025-08-24,30,4,133333,DEF_METALLURGY,REJECTED,INSP-109
QC-0000233,GR-0000233,MAT-00063,SUP-0068,2025-07-04,178,4,22471,DEF_ELECTRICAL,CONCESSION,INSP-106
QC-0000234,GR-0000234,MAT-00468,SUP-0119,2025-07-09,91,4,43956,DEF_SURFACE,REJECTED,INSP-109
QC-0000235,GR-0000235,MAT-00500,SUP-0119,2025-07-09,34,3,88235,DEF_CONTAMINATION,REJECTED,INSP-104
QC-0000236,GR-0000236,MAT-01066,SUP-0027,2025-09-21,161,14,86956,DEF_DIMENSIONAL,REJECTED,INSP-113
QC-0000237,GR-0000237,MAT-00706,SUP-0027,2025-09-23,18,2,111111,DEF_METALLURGY,REJECTED,INSP-110
QC-0000238,GR-0000238,MAT-00242,SUP-0027,2025-09-20,18,1,55555,DEF_CONTAMINATION,REJECTED,INSP-107
QC-0000239,GR-0000239,MAT-01160,SUP-0027,2025-09-23,12,1,83333,DEF_DIMENSIONAL,REJECTED,INSP-125
QC-0000240,GR-0000240,MAT-00700,SUP-0091,2025-06-03,119,4,33613,DEF_ELECTRICAL,CONCESSION,INSP-107
QC-0000241,GR-0000241,MAT-00301,SUP-0091,2025-06-05,10,0,0,,ACCEPTED,INSP-121
QC-0000242,GR-0000242,MAT-00545,SUP-0119,2026-02-07,264,31,117424,DEF_SURFACE,REJECTED,INSP-106
QC-0000243,GR-0000243,MAT-00444,SUP-0065,2025-05-27,324,37,114197,DEF_SURFACE,REJECTED,INSP-111
QC-0000244,GR-0000244,MAT-00299,SUP-0019,2025-12-02,150,13,86666,DEF_METALLURGY,REJECTED,INSP-112
QC-0000245,GR-0000245,MAT-00516,SUP-0019,2025-11-30,163,14,85889,DEF_DIMENSIONAL,REJECTED,INSP-108
QC-0000246,GR-0000246,MAT-00547,SUP-0019,2025-11-28,10,0,0,,ACCEPTED,INSP-103
QC-0000247,GR-0000247,MAT-00306,SUP-0019,2025-11-30,14,2,142857,DEF_CONTAMINATION,REJECTED,INSP-124
QC-0000248,GR-0000248,MAT-01053,SUP-0022,2026-02-27,18,0,0,,ACCEPTED,INSP-109
QC-0000249,GR-0000249,MAT-00240,SUP-0025,2025-12-20,31,2,64516,DEF_SURFACE,REJECTED,INSP-106
QC-0000250,GR-0000250,MAT-00686,SUP-0025,2025-12-19,32,1,31250,DEF_PACKAGING,CONCESSION,INSP-108
QC-0000251,GR-0000251,MAT-00053,SUP-0103,2025-10-15,26,5,192307,DEF_DIMENSIONAL,REJECTED,INSP-114
QC-0000252,GR-0000252,MAT-00165,SUP-0114,2025-12-28,10,2,200000,DEF_PACKAGING,REJECTED,INSP-117
QC-0000253,GR-0000253,MAT-00363,SUP-0011,2025-12-11,180,9,50000,DEF_METALLURGY,REJECTED,INSP-116
QC-0000254,GR-0000254,MAT-00755,SUP-0011,2025-12-12,28,5,178571,DEF_CONTAMINATION,REJECTED,INSP-116
QC-0000255,GR-0000255,MAT-00574,SUP-0065,2025-11-12,25,2,80000,DEF_DIMENSIONAL,REJECTED,INSP-110
QC-0000256,GR-0000256,MAT-00801,SUP-0078,2025-06-29,11,0,0,,ACCEPTED,INSP-119
QC-0000257,GR-0000257,MAT-00826,SUP-0016,2026-04-05,483,37,76604,DEF_DIMENSIONAL,REJECTED,INSP-117
QC-0000258,GR-0000258,MAT-00189,SUP-0112,2025-11-07,369,14,37940,DEF_METALLURGY,CONCESSION,INSP-109
QC-0000259,GR-0000259,MAT-01158,SUP-0112,2025-11-08,28,0,0,,ACCEPTED,INSP-104
QC-0000260,GR-0000260,MAT-00137,SUP-0112,2025-11-08,15,0,0,,ACCEPTED,INSP-124
QC-0000261,GR-0000261,MAT-00540,SUP-0057,2025-08-04,153,9,58823,DEF_ELECTRICAL,REJECTED,INSP-114
QC-0000262,GR-0000262,MAT-00400,SUP-0057,2025-08-03,26,2,76923,DEF_ELECTRICAL,REJECTED,INSP-112
QC-0000263,GR-0000263,MAT-00930,SUP-0116,2025-10-01,10,0,0,,ACCEPTED,INSP-120
QC-0000264,GR-0000264,MAT-00351,SUP-0116,2025-09-29,67,1,14925,DEF_SURFACE,CONCESSION,INSP-117
QC-0000265,GR-0000265,MAT-00822,SUP-0116,2025-09-30,10,1,100000,DEF_SURFACE,REJECTED,INSP-109
QC-0000266,GR-0000266,MAT-01116,SUP-0116,2025-10-01,176,5,28409,DEF_PACKAGING,CONCESSION,INSP-113
QC-0000267,GR-0000267,MAT-00951,SUP-0117,2025-11-07,62,4,64516,DEF_ELECTRICAL,REJECTED,INSP-123
QC-0000268,GR-0000268,MAT-00209,SUP-0117,2025-11-02,197,11,55837,DEF_ELECTRICAL,REJECTED,INSP-101
QC-0000269,GR-0000269,MAT-00335,SUP-0117,2025-11-10,10,1,100000,DEF_PACKAGING,REJECTED,INSP-120
QC-0000270,GR-0000270,MAT-00231,SUP-0108,2026-03-12,551,51,92558,DEF_ELECTRICAL,REJECTED,INSP-105
QC-0000271,GR-0000271,MAT-00272,SUP-0070,2026-03-13,10,3,300000,DEF_SURFACE,REJECTED,INSP-117
QC-0000272,GR-0000272,MAT-00390,SUP-0070,2026-03-14,140,32,228571,DEF_PACKAGING,REJECTED,INSP-108
QC-0000273,GR-0000273,MAT-00153,SUP-0070,2026-03-16,29,5,172413,DEF_PACKAGING,REJECTED,INSP-101
QC-0000274,GR-0000274,MAT-01117,SUP-0070,2026-03-15,13,4,307692,DEF_PACKAGING,REJECTED,INSP-116
QC-0000275,GR-0000275,MAT-00542,SUP-0021,2026-02-23,58,3,51724,DEF_METALLURGY,REJECTED,INSP-107
QC-0000276,GR-0000276,MAT-00109,SUP-0051,2025-11-08,10,1,100000,DEF_METALLURGY,REJECTED,INSP-107
QC-0000277,GR-0000277,MAT-00964,SUP-0102,2025-11-23,44,3,68181,DEF_SURFACE,REJECTED,INSP-102
QC-0000278,GR-0000278,MAT-01052,SUP-0102,2025-11-23,25,2,80000,DEF_ELECTRICAL,REJECTED,INSP-114
QC-0000279,GR-0000279,MAT-00383,SUP-0118,2025-03-31,676,75,110946,DEF_ELECTRICAL,REJECTED,INSP-115
QC-0000280,GR-0000280,MAT-01099,SUP-0118,2025-03-24,646,67,103715,DEF_SURFACE,REJECTED,INSP-122
QC-0000281,GR-0000281,MAT-00210,SUP-0117,2025-09-08,12,2,166666,DEF_CONTAMINATION,REJECTED,INSP-122
QC-0000282,GR-0000282,MAT-01119,SUP-0117,2025-09-15,354,18,50847,DEF_METALLURGY,REJECTED,INSP-102
QC-0000283,GR-0000283,MAT-01007,SUP-0117,2025-09-12,140,7,50000,DEF_DIMENSIONAL,REJECTED,INSP-119
QC-0000284,GR-0000284,MAT-00897,SUP-0117,2025-09-07,10,1,100000,DEF_METALLURGY,REJECTED,INSP-125
QC-0000285,GR-0000285,MAT-00873,SUP-0050,2026-02-25,12,1,83333,DEF_CONTAMINATION,REJECTED,INSP-122
QC-0000286,GR-0000286,MAT-00653,SUP-0050,2026-02-19,98,4,40816,DEF_DIMENSIONAL,REJECTED,INSP-123
QC-0000287,GR-0000287,MAT-00694,SUP-0050,2026-02-20,14,1,71428,DEF_ELECTRICAL,REJECTED,INSP-118
QC-0000288,GR-0000288,MAT-00921,SUP-0054,2025-07-19,27,2,74074,DEF_METALLURGY,REJECTED,INSP-103
QC-0000289,GR-0000289,MAT-00878,SUP-0054,2025-07-14,97,5,51546,DEF_ELECTRICAL,REJECTED,INSP-102
QC-0000290,GR-0000290,MAT-00244,SUP-0068,2025-12-12,35,0,0,,ACCEPTED,INSP-116
QC-0000291,GR-0000291,MAT-00484,SUP-0098,2025-08-15,304,36,118421,DEF_SURFACE,REJECTED,INSP-112
QC-0000292,GR-0000292,MAT-00771,SUP-0107,2025-03-03,256,10,39062,DEF_PACKAGING,CONCESSION,INSP-117
QC-0000293,GR-0000293,MAT-00716,SUP-0078,2025-08-28,336,16,47619,DEF_CONTAMINATION,REJECTED,INSP-110
QC-0000294,GR-0000294,MAT-00215,SUP-0089,2026-02-28,10,1,100000,DEF_SURFACE,REJECTED,INSP-117
QC-0000295,GR-0000295,MAT-00357,SUP-0089,2026-02-27,193,12,62176,DEF_CONTAMINATION,REJECTED,INSP-108
QC-0000296,GR-0000296,MAT-01095,SUP-0103,2025-12-18,32,7,218750,DEF_SURFACE,REJECTED,INSP-114
QC-0000297,GR-0000297,MAT-01120,SUP-0103,2026-01-01,16,3,187500,DEF_METALLURGY,REJECTED,INSP-101
QC-0000298,GR-0000298,MAT-00325,SUP-0114,2025-06-10,18,3,166666,DEF_SURFACE,REJECTED,INSP-108
QC-0000299,GR-0000299,MAT-00471,SUP-0114,2025-06-11,27,4,148148,DEF_METALLURGY,REJECTED,INSP-103
QC-0000300,GR-0000300,MAT-01111,SUP-0030,2025-12-31,113,9,79646,DEF_PACKAGING,REJECTED,INSP-122
QC-0000301,GR-0000301,MAT-00692,SUP-0012,2025-11-04,119,8,67226,DEF_DIMENSIONAL,REJECTED,INSP-104
QC-0000302,GR-0000302,MAT-00938,SUP-0076,2026-04-03,29,3,103448,DEF_SURFACE,REJECTED,INSP-118
QC-0000303,GR-0000303,MAT-01115,SUP-0076,2026-04-03,195,22,112820,DEF_SURFACE,REJECTED,INSP-101
QC-0000304,GR-0000304,MAT-00800,SUP-0076,2026-03-24,109,11,100917,DEF_ELECTRICAL,REJECTED,INSP-103
QC-0000305,GR-0000305,MAT-01105,SUP-0097,2025-06-23,76,2,26315,DEF_PACKAGING,CONCESSION,INSP-101
QC-0000306,GR-0000306,MAT-00160,SUP-0105,2025-11-24,190,4,21052,DEF_METALLURGY,CONCESSION,INSP-117
QC-0000307,GR-0000307,MAT-00308,SUP-0056,2025-07-18,171,19,111111,DEF_METALLURGY,REJECTED,INSP-119
QC-0000308,GR-0000308,MAT-00652,SUP-0024,2026-02-06,15,1,66666,DEF_DIMENSIONAL,REJECTED,INSP-123
QC-0000309,GR-0000309,MAT-00756,SUP-0024,2026-02-05,90,3,33333,DEF_SURFACE,CONCESSION,INSP-108
QC-0000310,GR-0000310,MAT-00552,SUP-0079,2025-11-27,293,28,95563,DEF_SURFACE,REJECTED,INSP-102
QC-0000311,GR-0000311,MAT-00680,SUP-0065,2025-10-30,317,26,82018,DEF_CONTAMINATION,REJECTED,INSP-119
QC-0000312,GR-0000312,MAT-01110,SUP-0089,2025-10-22,10,1,100000,DEF_METALLURGY,REJECTED,INSP-115
QC-0000313,GR-0000313,MAT-01073,SUP-0095,2025-11-13,36,1,27777,DEF_PACKAGING,CONCESSION,INSP-117
QC-0000314,GR-0000314,MAT-00603,SUP-0082,2026-04-18,23,3,130434,DEF_ELECTRICAL,REJECTED,INSP-107
QC-0000315,GR-0000315,MAT-00672,SUP-0090,2026-02-27,12,2,166666,DEF_METALLURGY,REJECTED,INSP-113
QC-0000316,GR-0000316,MAT-00704,SUP-0090,2026-03-05,38,2,52631,DEF_ELECTRICAL,REJECTED,INSP-111
QC-0000317,GR-0000317,MAT-01179,SUP-0090,2026-03-05,126,11,87301,DEF_PACKAGING,REJECTED,INSP-111
QC-0000318,GR-0000318,MAT-00454,SUP-0095,2025-09-19,372,12,32258,DEF_SURFACE,CONCESSION,INSP-116
QC-0000319,GR-0000319,MAT-00458,SUP-0095,2025-09-19,33,3,90909,DEF_SURFACE,REJECTED,INSP-101
QC-0000320,GR-0000320,MAT-01034,SUP-0043,2026-01-25,47,4,85106,DEF_ELECTRICAL,REJECTED,INSP-115
QC-0000321,GR-0000321,MAT-00589,SUP-0010,2025-09-05,13,2,153846,DEF_SURFACE,REJECTED,INSP-108
QC-0000322,GR-0000322,MAT-01050,SUP-0094,2026-03-02,248,0,0,,ACCEPTED,INSP-121
QC-0000323,GR-0000323,MAT-00408,SUP-0094,2026-03-03,46,0,0,,ACCEPTED,INSP-108
QC-0000324,GR-0000324,MAT-00684,SUP-0089,2025-04-20,368,37,100543,DEF_DIMENSIONAL,REJECTED,INSP-104
QC-0000325,GR-0000325,MAT-00808,SUP-0039,2026-04-14,172,17,98837,DEF_METALLURGY,REJECTED,INSP-117
QC-0000326,GR-0000326,MAT-00672,SUP-0090,2025-11-18,25,3,120000,DEF_DIMENSIONAL,REJECTED,INSP-119
QC-0000327,GR-0000327,MAT-00440,SUP-0111,2026-01-23,10,1,100000,DEF_DIMENSIONAL,REJECTED,INSP-104
QC-0000328,GR-0000328,MAT-00873,SUP-0111,2026-01-23,22,2,90909,DEF_SURFACE,REJECTED,INSP-102
QC-0000329,GR-0000329,MAT-00650,SUP-0111,2026-01-23,17,3,176470,DEF_METALLURGY,REJECTED,INSP-117
QC-0000330,GR-0000330,MAT-00545,SUP-0111,2026-01-29,382,36,94240,DEF_METALLURGY,REJECTED,INSP-110
QC-0000331,GR-0000331,MAT-00785,SUP-0092,2026-04-16,33,2,60606,DEF_CONTAMINATION,REJECTED,INSP-114
QC-0000332,GR-0000332,MAT-00979,SUP-0092,2026-04-09,153,9,58823,DEF_CONTAMINATION,REJECTED,INSP-102
QC-0000333,GR-0000333,MAT-00740,SUP-0078,2026-01-06,165,12,72727,DEF_METALLURGY,REJECTED,INSP-109
QC-0000334,GR-0000334,MAT-00714,SUP-0065,2026-01-11,24,2,83333,DEF_SURFACE,REJECTED,INSP-121
QC-0000335,GR-0000335,MAT-00877,SUP-0065,2026-01-09,10,1,100000,DEF_SURFACE,REJECTED,INSP-125
QC-0000336,GR-0000336,MAT-00665,SUP-0065,2026-01-13,16,3,187500,DEF_METALLURGY,REJECTED,INSP-112
QC-0000337,GR-0000337,MAT-01196,SUP-0019,2025-05-16,693,57,82251,DEF_SURFACE,REJECTED,INSP-111
QC-0000338,GR-0000338,MAT-00284,SUP-0033,2025-11-27,171,16,93567,DEF_ELECTRICAL,REJECTED,INSP-114
QC-0000339,GR-0000339,MAT-00573,SUP-0033,2025-12-05,237,23,97046,DEF_SURFACE,REJECTED,INSP-105
QC-0000340,GR-0000340,MAT-00696,SUP-0033,2025-12-04,589,41,69609,DEF_METALLURGY,REJECTED,INSP-110
QC-0000341,GR-0000341,MAT-00865,SUP-0033,2025-12-04,728,73,100274,DEF_CONTAMINATION,REJECTED,INSP-113
QC-0000342,GR-0000342,MAT-00650,SUP-0094,2025-06-30,44,0,0,,ACCEPTED,INSP-110
QC-0000343,GR-0000343,MAT-00013,SUP-0057,2025-11-27,133,7,52631,DEF_PACKAGING,REJECTED,INSP-101
QC-0000344,GR-0000344,MAT-00476,SUP-0082,2026-03-07,169,37,218934,DEF_DIMENSIONAL,REJECTED,INSP-121
QC-0000345,GR-0000345,MAT-00238,SUP-0082,2026-03-05,629,112,178060,DEF_DIMENSIONAL,REJECTED,INSP-120
QC-0000346,GR-0000346,MAT-00650,SUP-0082,2026-03-03,19,4,210526,DEF_PACKAGING,REJECTED,INSP-104
QC-0000347,GR-0000347,MAT-00012,SUP-0065,2025-05-01,52,5,96153,DEF_ELECTRICAL,REJECTED,INSP-104
QC-0000348,GR-0000348,MAT-00872,SUP-0098,2025-05-29,115,14,121739,DEF_ELECTRICAL,REJECTED,INSP-120
QC-0000349,GR-0000349,MAT-00785,SUP-0092,2026-02-04,28,1,35714,DEF_ELECTRICAL,CONCESSION,INSP-102
QC-0000350,GR-0000350,MAT-00455,SUP-0092,2026-02-02,10,0,0,,ACCEPTED,INSP-120
QC-0000351,GR-0000351,MAT-00904,SUP-0092,2026-02-01,145,17,117241,DEF_ELECTRICAL,REJECTED,INSP-114
QC-0000352,GR-0000352,MAT-00600,SUP-0092,2026-02-01,20,0,0,,ACCEPTED,INSP-119
QC-0000353,GR-0000353,MAT-00307,SUP-0097,2025-05-31,296,22,74324,DEF_METALLURGY,REJECTED,INSP-109
QC-0000354,GR-0000354,MAT-00344,SUP-0068,2025-05-19,232,5,21551,DEF_ELECTRICAL,CONCESSION,INSP-113
QC-0000355,GR-0000355,MAT-00355,SUP-0068,2025-05-19,28,0,0,,ACCEPTED,INSP-119
QC-0000356,GR-0000356,MAT-00217,SUP-0068,2025-05-18,14,0,0,,ACCEPTED,INSP-115
QC-0000357,GR-0000357,MAT-00390,SUP-0068,2025-05-18,325,5,15384,DEF_CONTAMINATION,CONCESSION,INSP-125
QC-0000358,GR-0000358,MAT-00259,SUP-0005,2025-03-13,400,43,107500,DEF_DIMENSIONAL,REJECTED,INSP-102
QC-0000359,GR-0000359,MAT-00190,SUP-0005,2025-03-09,185,24,129729,DEF_METALLURGY,REJECTED,INSP-111
QC-0000360,GR-0000360,MAT-00418,SUP-0039,2026-02-16,10,1,100000,DEF_PACKAGING,REJECTED,INSP-101
QC-0000361,GR-0000361,MAT-01063,SUP-0066,2025-10-13,18,4,222222,DEF_DIMENSIONAL,REJECTED,INSP-121
QC-0000362,GR-0000362,MAT-00951,SUP-0117,2025-09-28,134,8,59701,DEF_CONTAMINATION,REJECTED,INSP-106
QC-0000363,GR-0000363,MAT-00991,SUP-0106,2025-10-23,10,2,200000,DEF_ELECTRICAL,REJECTED,INSP-106
QC-0000364,GR-0000364,MAT-00292,SUP-0106,2025-10-25,192,13,67708,DEF_DIMENSIONAL,REJECTED,INSP-115
QC-0000365,GR-0000365,MAT-01047,SUP-0033,2026-02-15,29,2,68965,DEF_SURFACE,REJECTED,INSP-102
QC-0000366,GR-0000366,MAT-00804,SUP-0033,2026-02-15,10,1,100000,DEF_SURFACE,REJECTED,INSP-109
QC-0000367,GR-0000367,MAT-00373,SUP-0073,2026-01-16,424,49,115566,DEF_DIMENSIONAL,REJECTED,INSP-117
QC-0000368,GR-0000368,MAT-00441,SUP-0102,2025-08-05,705,27,38297,DEF_ELECTRICAL,CONCESSION,INSP-103
QC-0000369,GR-0000369,MAT-01194,SUP-0102,2025-08-05,72,5,69444,DEF_PACKAGING,REJECTED,INSP-121
QC-0000370,GR-0000370,MAT-00060,SUP-0063,2025-08-05,490,43,87755,DEF_CONTAMINATION,REJECTED,INSP-124
QC-0000371,GR-0000371,MAT-00439,SUP-0063,2025-08-06,29,5,172413,DEF_SURFACE,REJECTED,INSP-110
QC-0000372,GR-0000372,MAT-00351,SUP-0077,2025-06-17,125,7,56000,DEF_METALLURGY,REJECTED,INSP-108
QC-0000373,GR-0000373,MAT-00621,SUP-0077,2025-06-16,145,13,89655,DEF_SURFACE,REJECTED,INSP-107
QC-0000374,GR-0000374,MAT-01128,SUP-0086,2026-01-02,10,0,0,,ACCEPTED,INSP-108
QC-0000375,GR-0000375,MAT-00501,SUP-0090,2026-02-19,40,1,25000,DEF_DIMENSIONAL,CONCESSION,INSP-121
QC-0000376,GR-0000376,MAT-01002,SUP-0027,2025-09-16,80,6,75000,DEF_METALLURGY,REJECTED,INSP-103
QC-0000377,GR-0000377,MAT-00041,SUP-0027,2025-09-13,49,9,183673,DEF_CONTAMINATION,REJECTED,INSP-109
QC-0000378,GR-0000378,MAT-00535,SUP-0027,2025-09-14,167,13,77844,DEF_PACKAGING,REJECTED,INSP-119
QC-0000379,GR-0000379,MAT-01183,SUP-0049,2025-03-20,644,34,52795,DEF_METALLURGY,REJECTED,INSP-122
QC-0000380,GR-0000380,MAT-01193,SUP-0083,2025-05-31,47,6,127659,DEF_SURFACE,REJECTED,INSP-111
QC-0000381,GR-0000381,MAT-00231,SUP-0108,2025-09-19,232,20,86206,DEF_SURFACE,REJECTED,INSP-111
QC-0000382,GR-0000382,MAT-01144,SUP-0108,2025-09-24,358,43,120111,DEF_METALLURGY,REJECTED,INSP-120
QC-0000383,GR-0000383,MAT-01063,SUP-0108,2025-09-22,14,2,142857,DEF_DIMENSIONAL,REJECTED,INSP-111
QC-0000384,GR-0000384,MAT-00306,SUP-0047,2026-02-07,29,0,0,,ACCEPTED,INSP-110
QC-0000385,GR-0000385,MAT-00112,SUP-0077,2026-01-09,60,4,66666,DEF_DIMENSIONAL,REJECTED,INSP-110
QC-0000386,GR-0000386,MAT-01002,SUP-0027,2025-11-02,148,14,94594,DEF_CONTAMINATION,REJECTED,INSP-105
QC-0000387,GR-0000387,MAT-00763,SUP-0049,2025-08-03,352,16,45454,DEF_SURFACE,REJECTED,INSP-101
QC-0000388,GR-0000388,MAT-00083,SUP-0086,2025-06-10,70,0,0,,ACCEPTED,INSP-117
QC-0000389,GR-0000389,MAT-00168,SUP-0029,2026-01-07,33,1,30303,DEF_CONTAMINATION,CONCESSION,INSP-124
QC-0000390,GR-0000390,MAT-00431,SUP-0096,2026-02-15,228,17,74561,DEF_METALLURGY,REJECTED,INSP-104
QC-0000391,GR-0000391,MAT-00714,SUP-0096,2026-02-09,27,2,74074,DEF_ELECTRICAL,REJECTED,INSP-110
QC-0000392,GR-0000392,MAT-00190,SUP-0078,2026-01-14,590,36,61016,DEF_ELECTRICAL,REJECTED,INSP-124
QC-0000393,GR-0000393,MAT-00395,SUP-0078,2026-01-09,91,4,43956,DEF_METALLURGY,REJECTED,INSP-102
QC-0000394,GR-0000394,MAT-01024,SUP-0032,2025-04-30,24,3,125000,DEF_METALLURGY,REJECTED,INSP-113
QC-0000395,GR-0000395,MAT-00943,SUP-0043,2026-03-10,54,4,74074,DEF_SURFACE,REJECTED,INSP-125
QC-0000396,GR-0000396,MAT-00183,SUP-0034,2025-09-21,697,37,53084,DEF_METALLURGY,REJECTED,INSP-116
QC-0000397,GR-0000397,MAT-01084,SUP-0112,2025-12-22,29,1,34482,DEF_DIMENSIONAL,CONCESSION,INSP-104
QC-0000398,GR-0000398,MAT-00076,SUP-0112,2025-12-21,16,0,0,,ACCEPTED,INSP-112
QC-0000399,GR-0000399,MAT-00395,SUP-0071,2026-01-12,273,18,65934,DEF_PACKAGING,REJECTED,INSP-118
QC-0000400,GR-0000400,MAT-00933,SUP-0004,2026-02-13,206,24,116504,DEF_PACKAGING,REJECTED,INSP-111
QC-0000401,GR-0000401,MAT-00185,SUP-0004,2026-02-22,160,21,131250,DEF_ELECTRICAL,REJECTED,INSP-109
QC-0000402,GR-0000402,MAT-01144,SUP-0048,2026-03-13,247,18,72874,DEF_METALLURGY,REJECTED,INSP-111
QC-0000403,GR-0000403,MAT-00669,SUP-0048,2026-03-11,739,27,36535,DEF_METALLURGY,CONCESSION,INSP-121
QC-0000404,GR-0000404,MAT-00308,SUP-0048,2026-03-14,126,11,87301,DEF_PACKAGING,REJECTED,INSP-113
QC-0000405,GR-0000405,MAT-00770,SUP-0048,2026-01-23,285,17,59649,DEF_CONTAMINATION,REJECTED,INSP-102
QC-0000406,GR-0000406,MAT-00752,SUP-0048,2026-01-23,74,7,94594,DEF_ELECTRICAL,REJECTED,INSP-116
QC-0000407,GR-0000407,MAT-00717,SUP-0039,2025-07-04,10,1,100000,DEF_PACKAGING,REJECTED,INSP-102
QC-0000408,GR-0000408,MAT-00440,SUP-0039,2025-07-02,14,1,71428,DEF_ELECTRICAL,REJECTED,INSP-113
QC-0000409,GR-0000409,MAT-01166,SUP-0019,2025-09-26,643,62,96423,DEF_ELECTRICAL,REJECTED,INSP-102
QC-0000410,GR-0000410,MAT-00200,SUP-0019,2025-09-28,287,24,83623,DEF_PACKAGING,REJECTED,INSP-108
QC-0000411,GR-0000411,MAT-00930,SUP-0116,2026-04-12,10,0,0,,ACCEPTED,INSP-101
QC-0000412,GR-0000412,MAT-00669,SUP-0038,2025-08-23,277,16,57761,DEF_ELECTRICAL,REJECTED,INSP-112
QC-0000413,GR-0000413,MAT-00056,SUP-0038,2025-08-21,152,5,32894,DEF_CONTAMINATION,CONCESSION,INSP-122
QC-0000414,GR-0000414,MAT-00154,SUP-0038,2025-08-19,633,33,52132,DEF_SURFACE,REJECTED,INSP-119
QC-0000415,GR-0000415,MAT-01014,SUP-0055,2025-10-26,415,12,28915,DEF_SURFACE,CONCESSION,INSP-121
QC-0000416,GR-0000416,MAT-00175,SUP-0055,2025-11-02,408,13,31862,DEF_PACKAGING,CONCESSION,INSP-108
QC-0000417,GR-0000417,MAT-00046,SUP-0089,2025-11-06,46,0,0,,ACCEPTED,INSP-108
QC-0000418,GR-0000418,MAT-00220,SUP-0089,2025-11-08,355,38,107042,DEF_SURFACE,REJECTED,INSP-104
QC-0000419,GR-0000419,MAT-00535,SUP-0089,2025-11-05,180,17,94444,DEF_ELECTRICAL,REJECTED,INSP-112
QC-0000420,GR-0000420,MAT-00325,SUP-0114,2025-12-31,10,1,100000,DEF_PACKAGING,REJECTED,INSP-117
QC-0000421,GR-0000421,MAT-00121,SUP-0114,2025-12-23,48,5,104166,DEF_METALLURGY,REJECTED,INSP-110
QC-0000422,GR-0000422,MAT-00744,SUP-0114,2026-01-01,17,1,58823,DEF_CONTAMINATION,REJECTED,INSP-112
QC-0000423,GR-0000423,MAT-00632,SUP-0055,2025-08-24,18,0,0,,ACCEPTED,INSP-110
QC-0000424,GR-0000424,MAT-00762,SUP-0055,2025-08-26,10,0,0,,ACCEPTED,INSP-107
QC-0000425,GR-0000425,MAT-00354,SUP-0100,2025-06-13,262,9,34351,DEF_CONTAMINATION,CONCESSION,INSP-107
QC-0000426,GR-0000426,MAT-00515,SUP-0012,2025-08-02,92,14,152173,DEF_DIMENSIONAL,REJECTED,INSP-114
QC-0000427,GR-0000427,MAT-00243,SUP-0021,2026-04-08,29,5,172413,DEF_DIMENSIONAL,REJECTED,INSP-112
QC-0000428,GR-0000428,MAT-00845,SUP-0021,2026-04-07,120,10,83333,DEF_CONTAMINATION,REJECTED,INSP-115
QC-0000429,GR-0000429,MAT-00206,SUP-0021,2026-04-07,20,3,150000,DEF_METALLURGY,REJECTED,INSP-119
QC-0000430,GR-0000430,MAT-00566,SUP-0052,2026-01-21,188,20,106382,DEF_METALLURGY,REJECTED,INSP-110
QC-0000431,GR-0000431,MAT-01059,SUP-0068,2025-09-12,168,0,0,,ACCEPTED,INSP-106
QC-0000432,GR-0000432,MAT-00222,SUP-0089,2026-02-21,17,3,176470,DEF_SURFACE,REJECTED,INSP-103
QC-0000433,GR-0000433,MAT-00928,SUP-0096,2026-03-20,17,0,0,,ACCEPTED,INSP-121
QC-0000434,GR-0000434,MAT-00098,SUP-0096,2026-03-21,63,3,47619,DEF_SURFACE,REJECTED,INSP-103
QC-0000435,GR-0000435,MAT-00590,SUP-0101,2026-03-27,97,6,61855,DEF_METALLURGY,REJECTED,INSP-103
QC-0000436,GR-0000436,MAT-00715,SUP-0095,2025-08-24,10,1,100000,DEF_PACKAGING,REJECTED,INSP-104
QC-0000437,GR-0000437,MAT-00061,SUP-0051,2026-02-10,749,41,54739,DEF_DIMENSIONAL,REJECTED,INSP-107
QC-0000438,GR-0000438,MAT-00411,SUP-0099,2025-11-07,10,0,0,,ACCEPTED,INSP-116
QC-0000439,GR-0000439,MAT-00521,SUP-0099,2025-11-07,163,1,6134,DEF_METALLURGY,CONCESSION,INSP-118
QC-0000440,GR-0000440,MAT-00807,SUP-0099,2025-11-04,145,1,6896,DEF_CONTAMINATION,CONCESSION,INSP-124
QC-0000441,GR-0000441,MAT-00973,SUP-0111,2026-02-09,99,9,90909,DEF_PACKAGING,REJECTED,INSP-120
QC-0000442,GR-0000442,MAT-00206,SUP-0023,2026-02-09,10,0,0,,ACCEPTED,INSP-117
QC-0000443,GR-0000443,MAT-00239,SUP-0112,2026-01-09,239,6,25104,DEF_CONTAMINATION,CONCESSION,INSP-118
QC-0000444,GR-0000444,MAT-00517,SUP-0112,2026-01-09,17,0,0,,ACCEPTED,INSP-115
QC-0000445,GR-0000445,MAT-00538,SUP-0066,2025-07-21,142,16,112676,DEF_METALLURGY,REJECTED,INSP-114
QC-0000446,GR-0000446,MAT-00553,SUP-0066,2025-07-23,123,13,105691,DEF_CONTAMINATION,REJECTED,INSP-117
QC-0000447,GR-0000447,MAT-00646,SUP-0016,2025-12-07,30,1,33333,DEF_ELECTRICAL,CONCESSION,INSP-107
QC-0000448,GR-0000448,MAT-00850,SUP-0084,2025-04-23,18,0,0,,ACCEPTED,INSP-103
QC-0000449,GR-0000449,MAT-00305,SUP-0084,2025-04-24,27,1,37037,DEF_DIMENSIONAL,CONCESSION,INSP-120
QC-0000450,GR-0000450,MAT-00588,SUP-0084,2025-05-05,180,11,61111,DEF_SURFACE,REJECTED,INSP-118
QC-0000451,GR-0000451,MAT-00994,SUP-0083,2025-08-05,226,9,39823,DEF_SURFACE,CONCESSION,INSP-110
QC-0000452,GR-0000452,MAT-00895,SUP-0083,2025-08-01,129,11,85271,DEF_DIMENSIONAL,REJECTED,INSP-104
QC-0000453,GR-0000453,MAT-01056,SUP-0083,2025-07-28,13,0,0,,ACCEPTED,INSP-109
QC-0000454,GR-0000454,MAT-00593,SUP-0108,2025-06-30,124,8,64516,DEF_PACKAGING,REJECTED,INSP-108
QC-0000455,GR-0000455,MAT-00541,SUP-0107,2026-01-30,116,7,60344,DEF_PACKAGING,REJECTED,INSP-117
QC-0000456,GR-0000456,MAT-00439,SUP-0107,2026-02-01,21,1,47619,DEF_ELECTRICAL,REJECTED,INSP-116
QC-0000457,GR-0000457,MAT-01056,SUP-0107,2026-01-29,10,0,0,,ACCEPTED,INSP-117
QC-0000458,GR-0000458,MAT-01108,SUP-0107,2026-02-01,32,2,62500,DEF_SURFACE,REJECTED,INSP-119
QC-0000459,GR-0000459,MAT-00217,SUP-0110,2026-02-27,13,1,76923,DEF_SURFACE,REJECTED,INSP-116
QC-0000460,GR-0000460,MAT-00057,SUP-0089,2025-08-06,477,46,96436,DEF_ELECTRICAL,REJECTED,INSP-124
QC-0000461,GR-0000461,MAT-00172,SUP-0089,2025-08-07,14,1,71428,DEF_DIMENSIONAL,REJECTED,INSP-111
QC-0000462,GR-0000462,MAT-01171,SUP-0089,2025-08-04,457,36,78774,DEF_METALLURGY,REJECTED,INSP-112
QC-0000463,GR-0000463,MAT-01034,SUP-0043,2025-12-06,41,3,73170,DEF_PACKAGING,REJECTED,INSP-114
QC-0000464,GR-0000464,MAT-00046,SUP-0089,2026-03-08,73,6,82191,DEF_DIMENSIONAL,REJECTED,INSP-102
QC-0000465,GR-0000465,MAT-00818,SUP-0089,2026-03-09,171,16,93567,DEF_SURFACE,REJECTED,INSP-102
QC-0000466,GR-0000466,MAT-00623,SUP-0089,2026-03-05,11,0,0,,ACCEPTED,INSP-104
QC-0000467,GR-0000467,MAT-00766,SUP-0088,2025-12-07,10,0,0,,ACCEPTED,INSP-120
QC-0000468,GR-0000468,MAT-01107,SUP-0082,2026-02-20,206,30,145631,DEF_METALLURGY,REJECTED,INSP-118
QC-0000469,GR-0000469,MAT-00369,SUP-0025,2025-11-22,391,11,28132,DEF_CONTAMINATION,CONCESSION,INSP-102
QC-0000470,GR-0000470,MAT-00173,SUP-0114,2025-09-22,156,20,128205,DEF_CONTAMINATION,REJECTED,INSP-108
QC-0000471,GR-0000471,MAT-00868,SUP-0114,2025-09-23,48,8,166666,DEF_ELECTRICAL,REJECTED,INSP-123
QC-0000472,GR-0000472,MAT-01034,SUP-0043,2025-12-26,71,5,70422,DEF_ELECTRICAL,REJECTED,INSP-102
QC-0000473,GR-0000473,MAT-00978,SUP-0101,2026-01-31,14,1,71428,DEF_METALLURGY,REJECTED,INSP-118
QC-0000474,GR-0000474,MAT-00530,SUP-0013,2026-03-31,240,15,62500,DEF_CONTAMINATION,REJECTED,INSP-122
QC-0000475,GR-0000475,MAT-01131,SUP-0062,2026-01-18,15,1,66666,DEF_DIMENSIONAL,REJECTED,INSP-110
QC-0000476,GR-0000476,MAT-01133,SUP-0062,2026-01-22,48,6,125000,DEF_CONTAMINATION,REJECTED,INSP-105
QC-0000477,GR-0000477,MAT-00683,SUP-0094,2026-02-04,498,0,0,,ACCEPTED,INSP-108
QC-0000478,GR-0000478,MAT-00816,SUP-0094,2026-02-07,25,0,0,,ACCEPTED,INSP-116
QC-0000479,GR-0000479,MAT-00093,SUP-0094,2026-02-04,170,1,5882,DEF_DIMENSIONAL,CONCESSION,INSP-109
QC-0000480,GR-0000480,MAT-00864,SUP-0047,2025-07-11,154,0,0,,ACCEPTED,INSP-123
QC-0000481,GR-0000481,MAT-00880,SUP-0103,2025-12-14,10,1,100000,DEF_DIMENSIONAL,REJECTED,INSP-102
QC-0000482,GR-0000482,MAT-00024,SUP-0019,2025-03-04,73,3,41095,DEF_SURFACE,REJECTED,INSP-121
QC-0000483,GR-0000483,MAT-00729,SUP-0037,2025-09-03,10,0,0,,ACCEPTED,INSP-109
QC-0000484,GR-0000484,MAT-01176,SUP-0002,2026-02-09,22,2,90909,DEF_SURFACE,REJECTED,INSP-111
QC-0000485,GR-0000485,MAT-00046,SUP-0089,2025-06-09,64,5,78125,DEF_CONTAMINATION,REJECTED,INSP-109
QC-0000486,GR-0000486,MAT-01140,SUP-0019,2025-08-09,10,1,100000,DEF_PACKAGING,REJECTED,INSP-119
QC-0000487,GR-0000487,MAT-00340,SUP-0019,2025-08-07,10,0,0,,ACCEPTED,INSP-113
QC-0000488,GR-0000488,MAT-00571,SUP-0019,2025-08-09,15,0,0,,ACCEPTED,INSP-112
QC-0000489,GR-0000489,MAT-01015,SUP-0107,2025-12-09,85,4,47058,DEF_ELECTRICAL,REJECTED,INSP-124
QC-0000490,GR-0000490,MAT-00065,SUP-0095,2026-01-28,10,0,0,,ACCEPTED,INSP-115
QC-0000491,GR-0000491,MAT-00130,SUP-0095,2026-01-29,432,11,25462,DEF_PACKAGING,CONCESSION,INSP-103
QC-0000492,GR-0000492,MAT-00992,SUP-0072,2026-02-05,441,98,222222,DEF_CONTAMINATION,REJECTED,INSP-106
QC-0000493,GR-0000493,MAT-01120,SUP-0072,2026-02-05,13,5,384615,DEF_CONTAMINATION,REJECTED,INSP-112
QC-0000494,GR-0000494,MAT-01120,SUP-0023,2025-07-25,10,0,0,,ACCEPTED,INSP-107
QC-0000495,GR-0000495,MAT-00164,SUP-0023,2025-07-24,103,0,0,,ACCEPTED,INSP-109
QC-0000496,GR-0000496,MAT-00848,SUP-0006,2025-09-29,70,1,14285,DEF_ELECTRICAL,CONCESSION,INSP-118
QC-0000497,GR-0000497,MAT-00772,SUP-0006,2025-10-01,179,4,22346,DEF_DIMENSIONAL,CONCESSION,INSP-120
QC-0000498,GR-0000498,MAT-01119,SUP-0004,2026-02-23,505,83,164356,DEF_DIMENSIONAL,REJECTED,INSP-101
QC-0000499,GR-0000499,MAT-01126,SUP-0004,2026-03-06,414,57,137681,DEF_SURFACE,REJECTED,INSP-101
QC-0000500,GR-0000500,MAT-01038,SUP-0117,2025-12-27,86,6,69767,DEF_DIMENSIONAL,REJECTED,INSP-105
QC-0000501,GR-0000501,MAT-00535,SUP-0117,2025-12-20,184,12,65217,DEF_CONTAMINATION,REJECTED,INSP-101
QC-0000502,GR-0000502,MAT-00101,SUP-0117,2025-12-30,54,1,18518,DEF_CONTAMINATION,CONCESSION,INSP-105
QC-0000503,GR-0000503,MAT-00277,SUP-0021,2025-02-26,373,19,50938,DEF_PACKAGING,REJECTED,INSP-112
QC-0000504,GR-0000504,MAT-00505,SUP-0021,2025-02-27,14,0,0,,ACCEPTED,INSP-116
QC-0000505,GR-0000505,MAT-00782,SUP-0055,2026-02-10,100,2,20000,DEF_ELECTRICAL,CONCESSION,INSP-110
QC-0000506,GR-0000506,MAT-00127,SUP-0104,2025-04-29,99,3,30303,DEF_SURFACE,CONCESSION,INSP-124
QC-0000507,GR-0000507,MAT-00258,SUP-0069,2026-02-06,188,3,15957,DEF_PACKAGING,CONCESSION,INSP-110
QC-0000508,GR-0000508,MAT-00016,SUP-0069,2026-02-07,17,0,0,,ACCEPTED,INSP-116
QC-0000509,GR-0000509,MAT-01173,SUP-0001,2025-10-24,150,39,260000,DEF_SURFACE,REJECTED,INSP-116
QC-0000510,GR-0000510,MAT-00097,SUP-0001,2025-09-13,325,84,258461,DEF_METALLURGY,REJECTED,INSP-105
QC-0000511,GR-0000511,MAT-00771,SUP-0001,2025-09-14,657,186,283105,DEF_ELECTRICAL,REJECTED,INSP-102
QC-0000512,GR-0000512,MAT-00562,SUP-0001,2025-09-18,31,7,225806,DEF_ELECTRICAL,REJECTED,INSP-116
QC-0000513,GR-0000513,MAT-00893,SUP-0117,2025-10-24,10,0,0,,ACCEPTED,INSP-119
QC-0000514,GR-0000514,MAT-00868,SUP-0117,2025-10-25,66,3,45454,DEF_METALLURGY,REJECTED,INSP-103
QC-0000515,GR-0000515,MAT-01004,SUP-0062,2025-10-12,105,8,76190,DEF_CONTAMINATION,REJECTED,INSP-104
QC-0000516,GR-0000516,MAT-00632,SUP-0055,2025-07-05,12,0,0,,ACCEPTED,INSP-121
QC-0000517,GR-0000517,MAT-00871,SUP-0016,2025-09-21,157,12,76433,DEF_ELECTRICAL,REJECTED,INSP-125
QC-0000518,GR-0000518,MAT-00781,SUP-0114,2026-03-28,161,12,74534,DEF_PACKAGING,REJECTED,INSP-121
QC-0000519,GR-0000519,MAT-00872,SUP-0098,2025-10-18,64,7,109375,DEF_PACKAGING,REJECTED,INSP-120
QC-0000520,GR-0000520,MAT-00926,SUP-0090,2025-11-22,39,0,0,,ACCEPTED,INSP-121
QC-0000521,GR-0000521,MAT-00648,SUP-0033,2026-01-31,318,29,91194,DEF_SURFACE,REJECTED,INSP-123
QC-0000522,GR-0000522,MAT-00205,SUP-0018,2026-04-07,159,17,106918,DEF_SURFACE,REJECTED,INSP-115
QC-0000523,GR-0000523,MAT-00515,SUP-0018,2026-04-10,234,11,47008,DEF_ELECTRICAL,REJECTED,INSP-103
QC-0000524,GR-0000524,MAT-01059,SUP-0018,2026-04-08,533,35,65666,DEF_METALLURGY,REJECTED,INSP-112
QC-0000525,GR-0000525,MAT-00123,SUP-0025,2025-12-11,603,19,31509,DEF_SURFACE,CONCESSION,INSP-107
QC-0000526,GR-0000526,MAT-00986,SUP-0025,2025-12-09,14,0,0,,ACCEPTED,INSP-120
QC-0000527,GR-0000527,MAT-01145,SUP-0107,2025-10-17,12,0,0,,ACCEPTED,INSP-116
QC-0000528,GR-0000528,MAT-00734,SUP-0069,2025-10-30,105,2,19047,DEF_PACKAGING,CONCESSION,INSP-106
QC-0000529,GR-0000529,MAT-00837,SUP-0019,2026-01-25,10,2,200000,DEF_SURFACE,REJECTED,INSP-119
QC-0000530,GR-0000530,MAT-00228,SUP-0006,2025-02-04,591,9,15228,DEF_METALLURGY,CONCESSION,INSP-105
QC-0000531,GR-0000531,MAT-00981,SUP-0112,2025-12-27,58,2,34482,DEF_ELECTRICAL,CONCESSION,INSP-120
QC-0000532,GR-0000532,MAT-01091,SUP-0112,2025-12-28,178,7,39325,DEF_METALLURGY,CONCESSION,INSP-108
QC-0000533,GR-0000533,MAT-01135,SUP-0062,2025-10-17,11,0,0,,ACCEPTED,INSP-110
QC-0000534,GR-0000534,MAT-00635,SUP-0041,2026-02-21,144,12,83333,DEF_CONTAMINATION,REJECTED,INSP-107
QC-0000535,GR-0000535,MAT-00665,SUP-0041,2026-02-20,16,1,62500,DEF_ELECTRICAL,REJECTED,INSP-113
QC-0000536,GR-0000536,MAT-00742,SUP-0096,2025-05-24,75,1,13333,DEF_ELECTRICAL,CONCESSION,INSP-119
QC-0000537,GR-0000537,MAT-00753,SUP-0096,2025-06-04,16,0,0,,ACCEPTED,INSP-111
QC-0000538,GR-0000538,MAT-00957,SUP-0096,2025-05-30,17,2,117647,DEF_SURFACE,REJECTED,INSP-104
QC-0000539,GR-0000539,MAT-00299,SUP-0019,2025-12-23,62,7,112903,DEF_ELECTRICAL,REJECTED,INSP-105
QC-0000540,GR-0000540,MAT-00917,SUP-0019,2025-12-18,32,2,62500,DEF_METALLURGY,REJECTED,INSP-103
QC-0000541,GR-0000541,MAT-01101,SUP-0019,2025-12-19,12,2,166666,DEF_METALLURGY,REJECTED,INSP-117
QC-0000542,GR-0000542,MAT-01007,SUP-0095,2025-11-18,165,1,6060,DEF_PACKAGING,CONCESSION,INSP-112
QC-0000543,GR-0000543,MAT-00498,SUP-0095,2025-11-19,137,2,14598,DEF_PACKAGING,CONCESSION,INSP-103
QC-0000544,GR-0000544,MAT-00341,SUP-0028,2026-01-16,241,18,74688,DEF_CONTAMINATION,REJECTED,INSP-124
QC-0000545,GR-0000545,MAT-00778,SUP-0028,2026-01-08,13,3,230769,DEF_CONTAMINATION,REJECTED,INSP-113
QC-0000546,GR-0000546,MAT-00150,SUP-0028,2026-01-16,14,2,142857,DEF_SURFACE,REJECTED,INSP-108
QC-0000547,GR-0000547,MAT-00725,SUP-0120,2025-05-14,620,32,51612,DEF_ELECTRICAL,REJECTED,INSP-104
QC-0000548,GR-0000548,MAT-00506,SUP-0105,2025-12-22,146,4,27397,DEF_ELECTRICAL,CONCESSION,INSP-123
QC-0000549,GR-0000549,MAT-00471,SUP-0105,2025-12-22,17,0,0,,ACCEPTED,INSP-111
QC-0000550,GR-0000550,MAT-01117,SUP-0004,2025-12-28,32,5,156250,DEF_PACKAGING,REJECTED,INSP-122
QC-0000551,GR-0000551,MAT-00626,SUP-0005,2025-12-16,622,80,128617,DEF_ELECTRICAL,REJECTED,INSP-115
QC-0000552,GR-0000552,MAT-00213,SUP-0005,2025-12-23,82,13,158536,DEF_CONTAMINATION,REJECTED,INSP-118
QC-0000553,GR-0000553,MAT-00812,SUP-0005,2025-12-07,414,40,96618,DEF_DIMENSIONAL,REJECTED,INSP-103
QC-0000554,GR-0000554,MAT-01035,SUP-0042,2025-12-31,126,10,79365,DEF_METALLURGY,REJECTED,INSP-107
QC-0000555,GR-0000555,MAT-00521,SUP-0001,2026-03-12,161,40,248447,DEF_ELECTRICAL,REJECTED,INSP-116
QC-0000556,GR-0000556,MAT-00431,SUP-0096,2026-02-22,344,24,69767,DEF_DIMENSIONAL,REJECTED,INSP-117
QC-0000557,GR-0000557,MAT-01132,SUP-0096,2026-02-21,21,0,0,,ACCEPTED,INSP-106
QC-0000558,GR-0000558,MAT-00657,SUP-0104,2025-09-17,22,0,0,,ACCEPTED,INSP-115
QC-0000559,GR-0000559,MAT-00125,SUP-0066,2025-12-04,65,8,123076,DEF_ELECTRICAL,REJECTED,INSP-123
QC-0000560,GR-0000560,MAT-00215,SUP-0066,2025-12-06,10,0,0,,ACCEPTED,INSP-109
QC-0000561,GR-0000561,MAT-00921,SUP-0054,2025-05-30,10,0,0,,ACCEPTED,INSP-125
QC-0000562,GR-0000562,MAT-01107,SUP-0082,2025-06-25,272,44,161764,DEF_METALLURGY,REJECTED,INSP-104
QC-0000563,GR-0000563,MAT-01141,SUP-0058,2025-10-13,490,28,57142,DEF_CONTAMINATION,REJECTED,INSP-125
QC-0000564,GR-0000564,MAT-00322,SUP-0025,2026-01-14,44,2,45454,DEF_METALLURGY,REJECTED,INSP-107
QC-0000565,GR-0000565,MAT-01184,SUP-0003,2026-02-21,17,4,235294,DEF_METALLURGY,REJECTED,INSP-109
QC-0000566,GR-0000566,MAT-00380,SUP-0066,2025-12-05,28,2,71428,DEF_CONTAMINATION,REJECTED,INSP-113
QC-0000567,GR-0000567,MAT-00791,SUP-0052,2025-11-14,167,17,101796,DEF_PACKAGING,REJECTED,INSP-103
QC-0000568,GR-0000568,MAT-01144,SUP-0048,2025-07-23,320,17,53125,DEF_ELECTRICAL,REJECTED,INSP-124
QC-0000569,GR-0000569,MAT-00388,SUP-0042,2025-10-07,17,1,58823,DEF_CONTAMINATION,REJECTED,INSP-113
QC-0000570,GR-0000570,MAT-00482,SUP-0065,2025-11-25,10,1,100000,DEF_ELECTRICAL,REJECTED,INSP-111
QC-0000571,GR-0000571,MAT-01046,SUP-0065,2025-11-23,150,19,126666,DEF_DIMENSIONAL,REJECTED,INSP-115
QC-0000572,GR-0000572,MAT-00989,SUP-0093,2025-06-27,480,114,237500,DEF_PACKAGING,REJECTED,INSP-113
QC-0000573,GR-0000573,MAT-00284,SUP-0093,2025-06-26,66,15,227272,DEF_DIMENSIONAL,REJECTED,INSP-125
QC-0000574,GR-0000574,MAT-00634,SUP-0119,2025-09-02,16,2,125000,DEF_DIMENSIONAL,REJECTED,INSP-104
QC-0000575,GR-0000575,MAT-00407,SUP-0119,2025-09-05,29,3,103448,DEF_DIMENSIONAL,REJECTED,INSP-110
QC-0000576,GR-0000576,MAT-00035,SUP-0057,2025-12-23,63,1,15873,DEF_SURFACE,CONCESSION,INSP-106
QC-0000577,GR-0000577,MAT-00572,SUP-0065,2026-02-23,40,3,75000,DEF_SURFACE,REJECTED,INSP-120
QC-0000578,GR-0000578,MAT-00004,SUP-0016,2026-01-09,703,46,65433,DEF_METALLURGY,REJECTED,INSP-110
QC-0000579,GR-0000579,MAT-00551,SUP-0016,2026-01-17,306,22,71895,DEF_DIMENSIONAL,REJECTED,INSP-119
QC-0000580,GR-0000580,MAT-00962,SUP-0096,2025-10-29,13,0,0,,ACCEPTED,INSP-111
QC-0000581,GR-0000581,MAT-00860,SUP-0096,2025-11-03,124,10,80645,DEF_ELECTRICAL,REJECTED,INSP-104
QC-0000582,GR-0000582,MAT-00603,SUP-0082,2026-02-25,26,7,269230,DEF_DIMENSIONAL,REJECTED,INSP-111
QC-0000583,GR-0000583,MAT-00327,SUP-0082,2026-03-08,19,3,157894,DEF_DIMENSIONAL,REJECTED,INSP-101
QC-0000584,GR-0000584,MAT-00941,SUP-0045,2026-02-14,46,2,43478,DEF_METALLURGY,REJECTED,INSP-108
QC-0000585,GR-0000585,MAT-01159,SUP-0045,2026-02-14,220,15,68181,DEF_DIMENSIONAL,REJECTED,INSP-122
QC-0000586,GR-0000586,MAT-01084,SUP-0112,2025-06-14,25,0,0,,ACCEPTED,INSP-109
QC-0000587,GR-0000587,MAT-00370,SUP-0104,2025-11-09,68,9,132352,DEF_DIMENSIONAL,REJECTED,INSP-125
QC-0000588,GR-0000588,MAT-00048,SUP-0104,2025-11-15,56,4,71428,DEF_CONTAMINATION,REJECTED,INSP-125
QC-0000589,GR-0000589,MAT-00735,SUP-0012,2025-10-18,19,2,105263,DEF_METALLURGY,REJECTED,INSP-104
QC-0000590,GR-0000590,MAT-00242,SUP-0079,2025-12-30,13,1,76923,DEF_PACKAGING,REJECTED,INSP-102
QC-0000591,GR-0000591,MAT-00283,SUP-0079,2026-01-08,10,1,100000,DEF_PACKAGING,REJECTED,INSP-115
QC-0000592,GR-0000592,MAT-00789,SUP-0115,2025-08-13,162,17,104938,DEF_PACKAGING,REJECTED,INSP-114
QC-0000593,GR-0000593,MAT-01130,SUP-0115,2025-08-03,59,6,101694,DEF_PACKAGING,REJECTED,INSP-123
QC-0000594,GR-0000594,MAT-00189,SUP-0112,2025-10-05,84,1,11904,DEF_PACKAGING,CONCESSION,INSP-116
QC-0000595,GR-0000595,MAT-00978,SUP-0101,2025-10-06,15,3,200000,DEF_PACKAGING,REJECTED,INSP-115
QC-0000596,GR-0000596,MAT-00542,SUP-0101,2025-10-07,145,14,96551,DEF_DIMENSIONAL,REJECTED,INSP-111
QC-0000597,GR-0000597,MAT-00751,SUP-0101,2025-10-06,77,12,155844,DEF_ELECTRICAL,REJECTED,INSP-123
QC-0000598,GR-0000598,MAT-00271,SUP-0078,2025-03-30,324,22,67901,DEF_METALLURGY,REJECTED,INSP-104
QC-0000599,GR-0000599,MAT-00093,SUP-0120,2025-04-07,164,7,42682,DEF_CONTAMINATION,REJECTED,INSP-103
QC-0000600,GR-0000600,MAT-00290,SUP-0074,2026-03-12,247,29,117408,DEF_ELECTRICAL,REJECTED,INSP-114
QC-0000601,GR-0000601,MAT-00102,SUP-0038,2025-09-13,355,14,39436,DEF_METALLURGY,CONCESSION,INSP-119
QC-0000602,GR-0000602,MAT-00564,SUP-0038,2025-09-14,36,1,27777,DEF_CONTAMINATION,CONCESSION,INSP-114
QC-0000603,GR-0000603,MAT-00941,SUP-0045,2025-11-26,66,7,106060,DEF_PACKAGING,REJECTED,INSP-118
QC-0000604,GR-0000604,MAT-00364,SUP-0005,2025-09-29,10,0,0,,ACCEPTED,INSP-124
QC-0000605,GR-0000605,MAT-00120,SUP-0005,2025-09-22,203,29,142857,DEF_SURFACE,REJECTED,INSP-101
QC-0000606,GR-0000606,MAT-01066,SUP-0005,2025-09-21,135,12,88888,DEF_PACKAGING,REJECTED,INSP-112
QC-0000607,GR-0000607,MAT-00765,SUP-0015,2025-12-20,357,78,218487,DEF_PACKAGING,REJECTED,INSP-112
QC-0000608,GR-0000608,MAT-00121,SUP-0015,2025-12-21,51,10,196078,DEF_ELECTRICAL,REJECTED,INSP-102
QC-0000609,GR-0000609,MAT-00177,SUP-0107,2026-03-10,10,2,200000,DEF_ELECTRICAL,REJECTED,INSP-123
QC-0000610,GR-0000610,MAT-00743,SUP-0107,2026-03-12,10,1,100000,DEF_DIMENSIONAL,REJECTED,INSP-113
QC-0000611,GR-0000611,MAT-00903,SUP-0009,2025-08-29,192,38,197916,DEF_PACKAGING,REJECTED,INSP-118
QC-0000612,GR-0000612,MAT-00882,SUP-0103,2026-04-14,69,15,217391,DEF_DIMENSIONAL,REJECTED,INSP-118
QC-0000613,GR-0000613,MAT-00178,SUP-0012,2025-11-12,13,1,76923,DEF_DIMENSIONAL,REJECTED,INSP-103
QC-0000614,GR-0000614,MAT-01163,SUP-0012,2025-11-19,167,25,149700,DEF_CONTAMINATION,REJECTED,INSP-118
QC-0000615,GR-0000615,MAT-00845,SUP-0012,2025-11-19,89,13,146067,DEF_ELECTRICAL,REJECTED,INSP-117
QC-0000616,GR-0000616,MAT-00527,SUP-0055,2025-07-01,147,3,20408,DEF_PACKAGING,CONCESSION,INSP-125
QC-0000617,GR-0000617,MAT-01055,SUP-0109,2025-05-26,11,0,0,,ACCEPTED,INSP-123
QC-0000618,GR-0000618,MAT-00437,SUP-0094,2026-01-21,361,0,0,,ACCEPTED,INSP-113
QC-0000619,GR-0000619,MAT-01150,SUP-0088,2025-11-24,17,0,0,,ACCEPTED,INSP-115
QC-0000620,GR-0000620,MAT-00437,SUP-0094,2025-11-03,644,1,1552,DEF_METALLURGY,CONCESSION,INSP-104
QC-0000621,GR-0000621,MAT-00691,SUP-0094,2025-11-03,67,0,0,,ACCEPTED,INSP-113
QC-0000622,GR-0000622,MAT-00311,SUP-0057,2026-02-02,23,2,86956,DEF_ELECTRICAL,REJECTED,INSP-101
QC-0000623,GR-0000623,MAT-00080,SUP-0087,2026-02-13,37,1,27027,DEF_DIMENSIONAL,CONCESSION,INSP-107
QC-0000624,GR-0000624,MAT-00515,SUP-0012,2025-07-08,170,17,100000,DEF_ELECTRICAL,REJECTED,INSP-106
QC-0000625,GR-0000625,MAT-00467,SUP-0012,2025-07-13,189,21,111111,DEF_PACKAGING,REJECTED,INSP-107
QC-0000626,GR-0000626,MAT-00611,SUP-0012,2025-07-15,39,3,76923,DEF_METALLURGY,REJECTED,INSP-113
QC-0000627,GR-0000627,MAT-00283,SUP-0012,2025-07-09,11,0,0,,ACCEPTED,INSP-112
QC-0000628,GR-0000628,MAT-00678,SUP-0069,2025-12-28,157,2,12738,DEF_SURFACE,CONCESSION,INSP-121
QC-0000629,GR-0000629,MAT-00103,SUP-0004,2025-07-12,49,6,122448,DEF_ELECTRICAL,REJECTED,INSP-115
QC-0000630,GR-0000630,MAT-00814,SUP-0063,2026-02-22,10,1,100000,DEF_PACKAGING,REJECTED,INSP-110
QC-0000631,GR-0000631,MAT-00070,SUP-0063,2026-02-23,23,3,130434,DEF_METALLURGY,REJECTED,INSP-105
QC-0000632,GR-0000632,MAT-00683,SUP-0094,2026-01-02,335,0,0,,ACCEPTED,INSP-109
QC-0000633,GR-0000633,MAT-00057,SUP-0094,2026-01-02,549,0,0,,ACCEPTED,INSP-102
QC-0000634,GR-0000634,MAT-00605,SUP-0097,2025-06-02,250,18,72000,DEF_PACKAGING,REJECTED,INSP-125
QC-0000635,GR-0000635,MAT-00049,SUP-0097,2025-06-05,196,17,86734,DEF_PACKAGING,REJECTED,INSP-120
QC-0000636,GR-0000636,MAT-00760,SUP-0074,2025-05-15,14,0,0,,ACCEPTED,INSP-107
QC-0000637,GR-0000637,MAT-00171,SUP-0074,2025-05-08,23,1,43478,DEF_ELECTRICAL,REJECTED,INSP-124
QC-0000638,GR-0000638,MAT-00002,SUP-0074,2025-05-12,68,3,44117,DEF_DIMENSIONAL,REJECTED,INSP-109
QC-0000639,GR-0000639,MAT-00277,SUP-0021,2025-09-23,275,15,54545,DEF_METALLURGY,REJECTED,INSP-106
QC-0000640,GR-0000640,MAT-00732,SUP-0021,2025-09-24,67,3,44776,DEF_CONTAMINATION,REJECTED,INSP-105
QC-0000641,GR-0000641,MAT-00122,SUP-0120,2025-09-07,56,2,35714,DEF_SURFACE,CONCESSION,INSP-105
QC-0000642,GR-0000642,MAT-00104,SUP-0120,2025-09-06,10,0,0,,ACCEPTED,INSP-119
QC-0000643,GR-0000643,MAT-00228,SUP-0006,2025-08-16,693,31,44733,DEF_METALLURGY,REJECTED,INSP-112
QC-0000644,GR-0000644,MAT-00711,SUP-0006,2025-08-19,729,23,31550,DEF_CONTAMINATION,CONCESSION,INSP-106
QC-0000645,GR-0000645,MAT-00532,SUP-0006,2025-08-20,414,17,41062,DEF_DIMENSIONAL,REJECTED,INSP-124
QC-0000646,GR-0000646,MAT-01009,SUP-0096,2025-08-30,106,6,56603,DEF_ELECTRICAL,REJECTED,INSP-107
QC-0000647,GR-0000647,MAT-01128,SUP-0096,2025-08-28,10,1,100000,DEF_CONTAMINATION,REJECTED,INSP-105
QC-0000648,GR-0000648,MAT-00725,SUP-0096,2025-08-29,574,37,64459,DEF_SURFACE,REJECTED,INSP-102
QC-0000649,GR-0000649,MAT-00750,SUP-0112,2025-09-02,10,0,0,,ACCEPTED,INSP-115
QC-0000650,GR-0000650,MAT-00805,SUP-0112,2025-09-02,32,1,31250,DEF_ELECTRICAL,CONCESSION,INSP-119
QC-0000651,GR-0000651,MAT-00443,SUP-0112,2025-08-31,365,13,35616,DEF_ELECTRICAL,CONCESSION,INSP-119
QC-0000652,GR-0000652,MAT-00025,SUP-0080,2026-02-19,356,27,75842,DEF_DIMENSIONAL,REJECTED,INSP-108
QC-0000653,GR-0000653,MAT-00440,SUP-0111,2025-11-15,15,1,66666,DEF_METALLURGY,REJECTED,INSP-108
QC-0000654,GR-0000654,MAT-00132,SUP-0111,2025-11-28,48,4,83333,DEF_ELECTRICAL,REJECTED,INSP-112
QC-0000655,GR-0000655,MAT-00357,SUP-0089,2025-05-13,374,38,101604,DEF_METALLURGY,REJECTED,INSP-102
QC-0000656,GR-0000656,MAT-01162,SUP-0082,2026-01-08,84,14,166666,DEF_METALLURGY,REJECTED,INSP-117
QC-0000657,GR-0000657,MAT-00835,SUP-0009,2025-05-16,203,33,162561,DEF_METALLURGY,REJECTED,INSP-113
QC-0000658,GR-0000658,MAT-01122,SUP-0070,2025-06-14,21,3,142857,DEF_SURFACE,REJECTED,INSP-119
QC-0000659,GR-0000659,MAT-00091,SUP-0070,2025-06-10,616,129,209415,DEF_DIMENSIONAL,REJECTED,INSP-115
QC-0000660,GR-0000660,MAT-01168,SUP-0044,2025-08-15,10,1,100000,DEF_DIMENSIONAL,REJECTED,INSP-109
QC-0000661,GR-0000661,MAT-00461,SUP-0044,2025-08-27,162,28,172839,DEF_METALLURGY,REJECTED,INSP-114
QC-0000662,GR-0000662,MAT-00805,SUP-0044,2025-08-19,44,6,136363,DEF_PACKAGING,REJECTED,INSP-110
QC-0000663,GR-0000663,MAT-00773,SUP-0044,2025-09-03,151,29,192052,DEF_METALLURGY,REJECTED,INSP-120
QC-0000664,GR-0000664,MAT-00322,SUP-0025,2025-11-27,89,2,22471,DEF_PACKAGING,CONCESSION,INSP-103
QC-0000665,GR-0000665,MAT-00023,SUP-0013,2025-11-02,75,4,53333,DEF_SURFACE,REJECTED,INSP-115
QC-0000666,GR-0000666,MAT-00802,SUP-0031,2025-11-18,260,51,196153,DEF_PACKAGING,REJECTED,INSP-125
QC-0000667,GR-0000667,MAT-00126,SUP-0095,2026-03-30,34,2,58823,DEF_DIMENSIONAL,REJECTED,INSP-109
QC-0000668,GR-0000668,MAT-00196,SUP-0100,2025-03-12,43,1,23255,DEF_CONTAMINATION,CONCESSION,INSP-105
QC-0000669,GR-0000669,MAT-00864,SUP-0047,2026-01-09,316,1,3164,DEF_PACKAGING,CONCESSION,INSP-118
QC-0000670,GR-0000670,MAT-01139,SUP-0047,2026-01-09,34,0,0,,ACCEPTED,INSP-106
QC-0000671,GR-0000671,MAT-00239,SUP-0112,2025-12-14,231,9,38961,DEF_PACKAGING,CONCESSION,INSP-115
QC-0000672,GR-0000672,MAT-01159,SUP-0058,2025-05-06,612,30,49019,DEF_CONTAMINATION,REJECTED,INSP-101
QC-0000673,GR-0000673,MAT-00639,SUP-0058,2025-05-06,12,0,0,,ACCEPTED,INSP-115
QC-0000674,GR-0000674,MAT-00096,SUP-0005,2025-11-05,257,22,85603,DEF_DIMENSIONAL,REJECTED,INSP-111
QC-0000675,GR-0000675,MAT-00018,SUP-0005,2025-11-03,340,38,111764,DEF_METALLURGY,REJECTED,INSP-110
QC-0000676,GR-0000676,MAT-00290,SUP-0005,2025-11-02,212,26,122641,DEF_ELECTRICAL,REJECTED,INSP-110
QC-0000677,GR-0000677,MAT-00725,SUP-0120,2025-09-06,683,30,43923,DEF_DIMENSIONAL,REJECTED,INSP-105
QC-0000678,GR-0000678,MAT-00259,SUP-0120,2025-09-09,150,11,73333,DEF_SURFACE,REJECTED,INSP-105
QC-0000679,GR-0000679,MAT-00912,SUP-0120,2025-09-06,238,10,42016,DEF_CONTAMINATION,REJECTED,INSP-116
QC-0000680,GR-0000680,MAT-00706,SUP-0120,2025-09-05,16,1,62500,DEF_ELECTRICAL,REJECTED,INSP-102
QC-0000681,GR-0000681,MAT-00463,SUP-0081,2026-02-14,10,3,300000,DEF_METALLURGY,REJECTED,INSP-111
QC-0000682,GR-0000682,MAT-00351,SUP-0081,2026-02-16,47,5,106382,DEF_METALLURGY,REJECTED,INSP-124
QC-0000683,GR-0000683,MAT-00218,SUP-0080,2025-09-12,120,3,25000,DEF_CONTAMINATION,CONCESSION,INSP-101
QC-0000684,GR-0000684,MAT-00168,SUP-0029,2026-02-01,28,1,35714,DEF_PACKAGING,CONCESSION,INSP-107
QC-0000685,GR-0000685,MAT-00193,SUP-0040,2025-08-12,334,39,116766,DEF_DIMENSIONAL,REJECTED,INSP-118
QC-0000686,GR-0000686,MAT-00485,SUP-0040,2025-08-05,10,2,200000,DEF_SURFACE,REJECTED,INSP-101
QC-0000687,GR-0000687,MAT-00443,SUP-0097,2026-01-03,347,31,89337,DEF_DIMENSIONAL,REJECTED,INSP-110
QC-0000688,GR-0000688,MAT-00983,SUP-0024,2025-11-20,66,4,60606,DEF_PACKAGING,REJECTED,INSP-121
QC-0000689,GR-0000689,MAT-00197,SUP-0024,2025-11-10,74,3,40540,DEF_DIMENSIONAL,REJECTED,INSP-111
QC-0000690,GR-0000690,MAT-00283,SUP-0024,2025-11-13,10,0,0,,ACCEPTED,INSP-110
QC-0000691,GR-0000691,MAT-00604,SUP-0109,2025-12-22,46,0,0,,ACCEPTED,INSP-118
QC-0000692,GR-0000692,MAT-00182,SUP-0109,2025-12-25,31,0,0,,ACCEPTED,INSP-116
QC-0000693,GR-0000693,MAT-00998,SUP-0109,2025-12-22,37,0,0,,ACCEPTED,INSP-122
QC-0000694,GR-0000694,MAT-00433,SUP-0023,2025-09-25,72,1,13888,DEF_PACKAGING,CONCESSION,INSP-123
QC-0000695,GR-0000695,MAT-01183,SUP-0023,2025-09-26,511,5,9784,DEF_ELECTRICAL,CONCESSION,INSP-118
QC-0000696,GR-0000696,MAT-00402,SUP-0023,2025-09-25,156,2,12820,DEF_ELECTRICAL,CONCESSION,INSP-117
QC-0000697,GR-0000697,MAT-00260,SUP-0023,2025-09-28,59,0,0,,ACCEPTED,INSP-123
QC-0000698,GR-0000698,MAT-00027,SUP-0101,2025-06-23,316,40,126582,DEF_CONTAMINATION,REJECTED,INSP-121
QC-0000699,GR-0000699,MAT-00306,SUP-0101,2025-06-21,13,1,76923,DEF_PACKAGING,REJECTED,INSP-105
QC-0000700,GR-0000700,MAT-00269,SUP-0101,2025-06-20,11,1,90909,DEF_SURFACE,REJECTED,INSP-118
QC-0000701,GR-0000701,MAT-00899,SUP-0101,2025-06-19,448,55,122767,DEF_ELECTRICAL,REJECTED,INSP-106
QC-0000702,GR-0000702,MAT-00261,SUP-0018,2025-07-19,34,2,58823,DEF_DIMENSIONAL,REJECTED,INSP-110
QC-0000703,GR-0000703,MAT-00268,SUP-0024,2025-08-16,301,13,43189,DEF_CONTAMINATION,REJECTED,INSP-103
QC-0000704,GR-0000704,MAT-00404,SUP-0007,2025-08-30,72,6,83333,DEF_METALLURGY,REJECTED,INSP-123
QC-0000705,GR-0000705,MAT-00902,SUP-0007,2025-08-30,105,5,47619,DEF_ELECTRICAL,REJECTED,INSP-105
QC-0000706,GR-0000706,MAT-00729,SUP-0037,2026-03-19,15,2,133333,DEF_PACKAGING,REJECTED,INSP-118
QC-0000707,GR-0000707,MAT-00047,SUP-0045,2025-12-12,28,3,107142,DEF_ELECTRICAL,REJECTED,INSP-102
QC-0000708,GR-0000708,MAT-00152,SUP-0045,2025-12-15,43,2,46511,DEF_CONTAMINATION,REJECTED,INSP-114
QC-0000709,GR-0000709,MAT-00775,SUP-0045,2025-12-10,16,1,62500,DEF_SURFACE,REJECTED,INSP-109
QC-0000710,GR-0000710,MAT-00084,SUP-0110,2025-11-25,76,6,78947,DEF_DIMENSIONAL,REJECTED,INSP-103
QC-0000711,GR-0000711,MAT-01109,SUP-0110,2025-12-02,16,3,187500,DEF_DIMENSIONAL,REJECTED,INSP-104
QC-0000712,GR-0000712,MAT-00137,SUP-0009,2025-08-09,15,4,266666,DEF_METALLURGY,REJECTED,INSP-109
QC-0000713,GR-0000713,MAT-00416,SUP-0009,2025-08-16,713,133,186535,DEF_DIMENSIONAL,REJECTED,INSP-118
QC-0000714,GR-0000714,MAT-01142,SUP-0109,2026-01-30,458,1,2183,DEF_DIMENSIONAL,CONCESSION,INSP-115
QC-0000715,GR-0000715,MAT-00084,SUP-0109,2026-01-30,94,0,0,,ACCEPTED,INSP-124
QC-0000716,GR-0000716,MAT-00807,SUP-0109,2026-01-31,377,0,0,,ACCEPTED,INSP-113
QC-0000717,GR-0000717,MAT-00173,SUP-0114,2025-05-18,80,7,87500,DEF_METALLURGY,REJECTED,INSP-106
QC-0000718,GR-0000718,MAT-00522,SUP-0051,2026-01-25,18,0,0,,ACCEPTED,INSP-106
QC-0000719,GR-0000719,MAT-00628,SUP-0051,2025-12-12,35,2,57142,DEF_CONTAMINATION,REJECTED,INSP-106
QC-0000720,GR-0000720,MAT-00772,SUP-0091,2025-05-23,95,4,42105,DEF_SURFACE,REJECTED,INSP-102
QC-0000721,GR-0000721,MAT-00889,SUP-0091,2025-05-24,679,21,30927,DEF_DIMENSIONAL,CONCESSION,INSP-110
QC-0000722,GR-0000722,MAT-00241,SUP-0091,2025-05-26,10,1,100000,DEF_PACKAGING,REJECTED,INSP-105
QC-0000723,GR-0000723,MAT-00301,SUP-0003,2025-11-13,17,3,176470,DEF_SURFACE,REJECTED,INSP-106
QC-0000724,GR-0000724,MAT-00704,SUP-0003,2025-11-18,71,8,112676,DEF_METALLURGY,REJECTED,INSP-110
QC-0000725,GR-0000725,MAT-01137,SUP-0112,2025-11-15,10,1,100000,DEF_CONTAMINATION,REJECTED,INSP-117
QC-0000726,GR-0000726,MAT-01170,SUP-0055,2026-03-15,31,1,32258,DEF_ELECTRICAL,CONCESSION,INSP-105
QC-0000727,GR-0000727,MAT-00275,SUP-0055,2026-03-14,58,2,34482,DEF_CONTAMINATION,CONCESSION,INSP-124
QC-0000728,GR-0000728,MAT-00577,SUP-0018,2026-01-15,184,17,92391,DEF_CONTAMINATION,REJECTED,INSP-106
QC-0000729,GR-0000729,MAT-00484,SUP-0018,2026-01-17,142,13,91549,DEF_CONTAMINATION,REJECTED,INSP-105
QC-0000730,GR-0000730,MAT-00534,SUP-0089,2025-11-15,10,1,100000,DEF_METALLURGY,REJECTED,INSP-107
QC-0000731,GR-0000731,MAT-00750,SUP-0112,2025-10-27,14,2,142857,DEF_PACKAGING,REJECTED,INSP-116
QC-0000732,GR-0000732,MAT-00957,SUP-0112,2025-10-24,28,0,0,,ACCEPTED,INSP-110
QC-0000733,GR-0000733,MAT-00800,SUP-0112,2025-10-29,174,6,34482,DEF_SURFACE,CONCESSION,INSP-101
QC-0000734,GR-0000734,MAT-01155,SUP-0112,2025-10-26,55,3,54545,DEF_ELECTRICAL,REJECTED,INSP-110
QC-0000735,GR-0000735,MAT-01023,SUP-0086,2026-01-05,145,1,6896,DEF_CONTAMINATION,CONCESSION,INSP-103
QC-0000736,GR-0000736,MAT-00550,SUP-0086,2026-01-05,582,0,0,,ACCEPTED,INSP-103
QC-0000737,GR-0000737,MAT-00555,SUP-0015,2025-06-23,11,4,363636,DEF_METALLURGY,REJECTED,INSP-116
QC-0000738,GR-0000738,MAT-00131,SUP-0015,2025-06-22,102,14,137254,DEF_METALLURGY,REJECTED,INSP-105
QC-0000739,GR-0000739,MAT-00575,SUP-0107,2025-11-26,40,1,25000,DEF_DIMENSIONAL,CONCESSION,INSP-109
QC-0000740,GR-0000740,MAT-00017,SUP-0099,2026-02-21,26,1,38461,DEF_DIMENSIONAL,CONCESSION,INSP-104
QC-0000741,GR-0000741,MAT-00818,SUP-0099,2026-02-21,126,2,15873,DEF_CONTAMINATION,CONCESSION,INSP-121
QC-0000742,GR-0000742,MAT-00662,SUP-0099,2026-02-23,621,4,6441,DEF_DIMENSIONAL,CONCESSION,INSP-108
QC-0000743,GR-0000743,MAT-00761,SUP-0094,2025-11-07,10,0,0,,ACCEPTED,INSP-122
QC-0000744,GR-0000744,MAT-00491,SUP-0013,2025-05-02,73,5,68493,DEF_ELECTRICAL,REJECTED,INSP-120
QC-0000745,GR-0000745,MAT-00244,SUP-0068,2026-02-20,16,0,0,,ACCEPTED,INSP-119
QC-0000746,GR-0000746,MAT-00543,SUP-0068,2026-02-20,10,0,0,,ACCEPTED,INSP-117
QC-0000747,GR-0000747,MAT-01196,SUP-0068,2026-02-20,267,4,14981,DEF_PACKAGING,CONCESSION,INSP-110
QC-0000748,GR-0000748,MAT-00323,SUP-0023,2025-07-25,10,0,0,,ACCEPTED,INSP-104
QC-0000749,GR-0000749,MAT-00115,SUP-0094,2025-08-27,142,0,0,,ACCEPTED,INSP-108
QC-0000750,GR-0000750,MAT-00038,SUP-0094,2025-08-23,10,0,0,,ACCEPTED,INSP-105
QC-0000751,GR-0000751,MAT-00250,SUP-0065,2025-08-02,55,6,109090,DEF_DIMENSIONAL,REJECTED,INSP-114
QC-0000752,GR-0000752,MAT-00755,SUP-0119,2025-10-06,34,6,176470,DEF_ELECTRICAL,REJECTED,INSP-122
QC-0000753,GR-0000753,MAT-00429,SUP-0119,2025-10-09,367,32,87193,DEF_SURFACE,REJECTED,INSP-105
QC-0000754,GR-0000754,MAT-00573,SUP-0003,2026-02-20,213,21,98591,DEF_ELECTRICAL,REJECTED,INSP-123
QC-0000755,GR-0000755,MAT-00547,SUP-0016,2025-12-04,18,2,111111,DEF_DIMENSIONAL,REJECTED,INSP-114
QC-0000756,GR-0000756,MAT-00052,SUP-0004,2025-08-18,141,15,106382,DEF_ELECTRICAL,REJECTED,INSP-102
QC-0000757,GR-0000757,MAT-00911,SUP-0004,2025-08-13,21,1,47619,DEF_ELECTRICAL,REJECTED,INSP-117
QC-0000758,GR-0000758,MAT-00271,SUP-0004,2025-08-20,248,24,96774,DEF_METALLURGY,REJECTED,INSP-119
QC-0000759,GR-0000759,MAT-00820,SUP-0097,2026-04-12,108,8,74074,DEF_SURFACE,REJECTED,INSP-109
QC-0000760,GR-0000760,MAT-00127,SUP-0104,2026-04-14,177,8,45197,DEF_SURFACE,REJECTED,INSP-121
QC-0000761,GR-0000761,MAT-00129,SUP-0104,2026-04-18,10,0,0,,ACCEPTED,INSP-123
QC-0000762,GR-0000762,MAT-00753,SUP-0104,2026-04-16,17,1,58823,DEF_ELECTRICAL,REJECTED,INSP-114
QC-0000763,GR-0000763,MAT-01064,SUP-0002,2026-03-25,66,6,90909,DEF_CONTAMINATION,REJECTED,INSP-107
QC-0000764,GR-0000764,MAT-00365,SUP-0085,2025-08-09,273,5,18315,DEF_DIMENSIONAL,CONCESSION,INSP-117
QC-0000765,GR-0000765,MAT-00400,SUP-0034,2025-11-23,52,3,57692,DEF_METALLURGY,REJECTED,INSP-102
QC-0000766,GR-0000766,MAT-00178,SUP-0012,2026-02-11,10,1,100000,DEF_SURFACE,REJECTED,INSP-112
QC-0000767,GR-0000767,MAT-00709,SUP-0056,2025-04-02,17,2,117647,DEF_CONTAMINATION,REJECTED,INSP-112
QC-0000768,GR-0000768,MAT-00055,SUP-0054,2025-05-24,581,34,58519,DEF_PACKAGING,REJECTED,INSP-123
QC-0000769,GR-0000769,MAT-00722,SUP-0019,2025-11-19,28,4,142857,DEF_ELECTRICAL,REJECTED,INSP-120
QC-0000770,GR-0000770,MAT-00907,SUP-0019,2026-04-11,254,19,74803,DEF_CONTAMINATION,REJECTED,INSP-115
QC-0000771,GR-0000771,MAT-00589,SUP-0019,2026-04-09,10,0,0,,ACCEPTED,INSP-109
QC-0000772,GR-0000772,MAT-00971,SUP-0089,2025-12-12,406,37,91133,DEF_CONTAMINATION,REJECTED,INSP-116
QC-0000773,GR-0000773,MAT-01039,SUP-0113,2025-11-22,17,0,0,,ACCEPTED,INSP-115
QC-0000774,GR-0000774,MAT-00941,SUP-0045,2025-06-08,72,3,41666,DEF_PACKAGING,REJECTED,INSP-123
QC-0000775,GR-0000775,MAT-01036,SUP-0043,2026-01-17,464,27,58189,DEF_PACKAGING,REJECTED,INSP-104
QC-0000776,GR-0000776,MAT-00320,SUP-0060,2026-03-05,64,7,109375,DEF_PACKAGING,REJECTED,INSP-125
QC-0000777,GR-0000777,MAT-01134,SUP-0060,2026-03-09,14,1,71428,DEF_METALLURGY,REJECTED,INSP-109
QC-0000778,GR-0000778,MAT-01144,SUP-0060,2026-03-09,278,25,89928,DEF_SURFACE,REJECTED,INSP-106
QC-0000779,GR-0000779,MAT-00375,SUP-0031,2025-12-04,10,1,100000,DEF_SURFACE,REJECTED,INSP-106
QC-0000780,GR-0000780,MAT-00537,SUP-0031,2025-12-19,470,96,204255,DEF_METALLURGY,REJECTED,INSP-109
QC-0000781,GR-0000781,MAT-00529,SUP-0031,2025-12-20,15,4,266666,DEF_SURFACE,REJECTED,INSP-123
QC-0000782,GR-0000782,MAT-00980,SUP-0001,2026-03-31,23,7,304347,DEF_METALLURGY,REJECTED,INSP-110
QC-0000783,GR-0000783,MAT-00316,SUP-0022,2025-08-02,13,2,153846,DEF_ELECTRICAL,REJECTED,INSP-123
QC-0000784,GR-0000784,MAT-00378,SUP-0022,2025-07-31,257,12,46692,DEF_DIMENSIONAL,REJECTED,INSP-110
QC-0000785,GR-0000785,MAT-00725,SUP-0120,2025-12-07,520,22,42307,DEF_DIMENSIONAL,REJECTED,INSP-101
QC-0000786,GR-0000786,MAT-00692,SUP-0120,2025-12-07,69,3,43478,DEF_PACKAGING,REJECTED,INSP-107
QC-0000787,GR-0000787,MAT-00101,SUP-0120,2025-12-07,172,6,34883,DEF_PACKAGING,CONCESSION,INSP-102
QC-0000788,GR-0000788,MAT-00497,SUP-0103,2025-10-28,468,58,123931,DEF_ELECTRICAL,REJECTED,INSP-117
QC-0000789,GR-0000789,MAT-00557,SUP-0103,2025-10-08,20,1,50000,DEF_PACKAGING,REJECTED,INSP-107
QC-0000790,GR-0000790,MAT-01008,SUP-0024,2026-02-19,137,7,51094,DEF_DIMENSIONAL,REJECTED,INSP-125
QC-0000791,GR-0000791,MAT-00470,SUP-0006,2025-12-12,10,1,100000,DEF_PACKAGING,REJECTED,INSP-102
QC-0000792,GR-0000792,MAT-00147,SUP-0004,2026-01-20,22,3,136363,DEF_METALLURGY,REJECTED,INSP-103
QC-0000793,GR-0000793,MAT-00588,SUP-0004,2026-01-18,136,16,117647,DEF_SURFACE,REJECTED,INSP-116
QC-0000794,GR-0000794,MAT-00470,SUP-0006,2026-02-18,10,0,0,,ACCEPTED,INSP-107
QC-0000795,GR-0000795,MAT-00976,SUP-0033,2025-10-20,31,3,96774,DEF_PACKAGING,REJECTED,INSP-125
QC-0000796,GR-0000796,MAT-00138,SUP-0033,2025-10-22,144,12,83333,DEF_PACKAGING,REJECTED,INSP-107
QC-0000797,GR-0000797,MAT-00701,SUP-0086,2025-11-26,552,4,7246,DEF_DIMENSIONAL,CONCESSION,INSP-101
QC-0000798,GR-0000798,MAT-01181,SUP-0086,2025-11-30,291,0,0,,ACCEPTED,INSP-116
QC-0000799,GR-0000799,MAT-00434,SUP-0036,2025-07-11,25,0,0,,ACCEPTED,INSP-119
QC-0000800,GR-0000800,MAT-00978,SUP-0101,2026-01-29,18,4,222222,DEF_METALLURGY,REJECTED,INSP-107
QC-0000801,GR-0000801,MAT-00031,SUP-0111,2026-03-11,50,2,40000,DEF_ELECTRICAL,REJECTED,INSP-112
QC-0000802,GR-0000802,MAT-00630,SUP-0111,2026-03-06,10,1,100000,DEF_CONTAMINATION,REJECTED,INSP-109
QC-0000803,GR-0000803,MAT-00414,SUP-0084,2025-10-02,376,20,53191,DEF_PACKAGING,REJECTED,INSP-110
QC-0000804,GR-0000804,MAT-01161,SUP-0084,2025-10-03,26,1,38461,DEF_METALLURGY,CONCESSION,INSP-105
QC-0000805,GR-0000805,MAT-00832,SUP-0065,2026-04-07,222,23,103603,DEF_DIMENSIONAL,REJECTED,INSP-122
QC-0000806,GR-0000806,MAT-00426,SUP-0089,2025-07-01,152,11,72368,DEF_ELECTRICAL,REJECTED,INSP-119
QC-0000807,GR-0000807,MAT-00674,SUP-0020,2025-08-11,146,14,95890,DEF_SURFACE,REJECTED,INSP-104
QC-0000808,GR-0000808,MAT-01185,SUP-0021,2025-08-04,12,0,0,,ACCEPTED,INSP-125
QC-0000809,GR-0000809,MAT-00142,SUP-0068,2026-04-04,188,7,37234,DEF_DIMENSIONAL,CONCESSION,INSP-112
QC-0000810,GR-0000810,MAT-00580,SUP-0105,2026-01-08,150,5,33333,DEF_PACKAGING,CONCESSION,INSP-112
QC-0000811,GR-0000811,MAT-00862,SUP-0105,2026-01-10,36,2,55555,DEF_METALLURGY,REJECTED,INSP-112
QC-0000812,GR-0000812,MAT-00951,SUP-0117,2025-07-19,102,4,39215,DEF_SURFACE,CONCESSION,INSP-109
QC-0000813,GR-0000813,MAT-00822,SUP-0117,2025-07-24,10,0,0,,ACCEPTED,INSP-104
QC-0000814,GR-0000814,MAT-00918,SUP-0081,2025-11-24,319,46,144200,DEF_ELECTRICAL,REJECTED,INSP-111
QC-0000815,GR-0000815,MAT-00790,SUP-0011,2026-01-03,664,61,91867,DEF_SURFACE,REJECTED,INSP-113
QC-0000816,GR-0000816,MAT-00068,SUP-0073,2025-06-10,70,7,100000,DEF_DIMENSIONAL,REJECTED,INSP-118
QC-0000817,GR-0000817,MAT-00226,SUP-0072,2026-04-01,18,2,111111,DEF_DIMENSIONAL,REJECTED,INSP-107
QC-0000818,GR-0000818,MAT-00102,SUP-0038,2025-12-06,359,11,30640,DEF_DIMENSIONAL,CONCESSION,INSP-122
QC-0000819,GR-0000819,MAT-00614,SUP-0019,2025-10-27,69,10,144927,DEF_METALLURGY,REJECTED,INSP-112
QC-0000820,GR-0000820,MAT-01147,SUP-0019,2025-10-30,163,16,98159,DEF_SURFACE,REJECTED,INSP-113
QC-0000821,GR-0000821,MAT-00599,SUP-0004,2026-01-30,24,4,166666,DEF_METALLURGY,REJECTED,INSP-123
QC-0000822,GR-0000822,MAT-00626,SUP-0004,2026-01-26,517,73,141199,DEF_CONTAMINATION,REJECTED,INSP-119
QC-0000823,GR-0000823,MAT-00811,SUP-0076,2026-01-20,304,40,131578,DEF_DIMENSIONAL,REJECTED,INSP-121
QC-0000824,GR-0000824,MAT-01185,SUP-0076,2026-01-25,21,2,95238,DEF_DIMENSIONAL,REJECTED,INSP-110
QC-0000825,GR-0000825,MAT-00464,SUP-0076,2026-01-23,494,67,135627,DEF_PACKAGING,REJECTED,INSP-104
QC-0000826,GR-0000826,MAT-00553,SUP-0084,2025-07-24,162,7,43209,DEF_DIMENSIONAL,REJECTED,INSP-110
QC-0000827,GR-0000827,MAT-01150,SUP-0084,2025-07-24,10,1,100000,DEF_CONTAMINATION,REJECTED,INSP-118
QC-0000828,GR-0000828,MAT-00460,SUP-0026,2026-04-12,58,4,68965,DEF_SURFACE,REJECTED,INSP-113
QC-0000829,GR-0000829,MAT-00448,SUP-0042,2025-11-05,15,0,0,,ACCEPTED,INSP-116
QC-0000830,GR-0000830,MAT-01170,SUP-0055,2025-07-12,33,0,0,,ACCEPTED,INSP-101
QC-0000831,GR-0000831,MAT-00089,SUP-0095,2025-03-07,358,10,27932,DEF_ELECTRICAL,CONCESSION,INSP-107
QC-0000832,GR-0000832,MAT-00588,SUP-0095,2025-03-07,132,2,15151,DEF_ELECTRICAL,CONCESSION,INSP-112
QC-0000833,GR-0000833,MAT-00846,SUP-0095,2025-03-08,10,1,100000,DEF_ELECTRICAL,REJECTED,INSP-121
QC-0000834,GR-0000834,MAT-00968,SUP-0032,2025-12-22,331,20,60422,DEF_CONTAMINATION,REJECTED,INSP-115
QC-0000835,GR-0000835,MAT-01161,SUP-0104,2025-12-18,29,2,68965,DEF_SURFACE,REJECTED,INSP-122
QC-0000836,GR-0000836,MAT-00458,SUP-0055,2026-01-22,18,0,0,,ACCEPTED,INSP-125
QC-0000837,GR-0000837,MAT-00280,SUP-0055,2026-01-23,543,6,11049,DEF_SURFACE,CONCESSION,INSP-110
QC-0000838,GR-0000838,MAT-00418,SUP-0039,2026-04-13,11,0,0,,ACCEPTED,INSP-123
QC-0000839,GR-0000839,MAT-00803,SUP-0039,2026-04-16,264,22,83333,DEF_CONTAMINATION,REJECTED,INSP-123
QC-0000840,GR-0000840,MAT-01193,SUP-0039,2026-04-17,88,12,136363,DEF_PACKAGING,REJECTED,INSP-104
QC-0000841,GR-0000841,MAT-00448,SUP-0042,2026-02-07,26,1,38461,DEF_METALLURGY,CONCESSION,INSP-113
QC-0000842,GR-0000842,MAT-00671,SUP-0042,2026-02-10,193,16,82901,DEF_DIMENSIONAL,REJECTED,INSP-111
QC-0000843,GR-0000843,MAT-00454,SUP-0095,2025-07-22,372,9,24193,DEF_ELECTRICAL,CONCESSION,INSP-109
QC-0000844,GR-0000844,MAT-00420,SUP-0006,2026-03-10,141,3,21276,DEF_DIMENSIONAL,CONCESSION,INSP-110
QC-0000845,GR-0000845,MAT-00278,SUP-0019,2026-03-02,12,2,166666,DEF_DIMENSIONAL,REJECTED,INSP-123
QC-0000846,GR-0000846,MAT-00833,SUP-0030,2025-12-18,21,2,95238,DEF_ELECTRICAL,REJECTED,INSP-123
QC-0000847,GR-0000847,MAT-01187,SUP-0118,2026-02-07,10,2,200000,DEF_ELECTRICAL,REJECTED,INSP-120
QC-0000848,GR-0000848,MAT-01131,SUP-0062,2025-10-07,15,0,0,,ACCEPTED,INSP-109
QC-0000849,GR-0000849,MAT-00103,SUP-0004,2025-11-25,103,14,135922,DEF_ELECTRICAL,REJECTED,INSP-108
QC-0000850,GR-0000850,MAT-00586,SUP-0004,2025-11-27,47,4,85106,DEF_CONTAMINATION,REJECTED,INSP-102
QC-0000851,GR-0000851,MAT-00540,SUP-0004,2025-11-24,101,9,89108,DEF_DIMENSIONAL,REJECTED,INSP-107
QC-0000852,GR-0000852,MAT-00077,SUP-0004,2025-11-25,16,2,125000,DEF_SURFACE,REJECTED,INSP-112
QC-0000853,GR-0000853,MAT-00653,SUP-0104,2026-03-16,162,10,61728,DEF_METALLURGY,REJECTED,INSP-108
QC-0000854,GR-0000854,MAT-00097,SUP-0104,2026-03-15,247,14,56680,DEF_PACKAGING,REJECTED,INSP-109
QC-0000855,GR-0000855,MAT-01146,SUP-0052,2025-11-24,24,2,83333,DEF_DIMENSIONAL,REJECTED,INSP-117
QC-0000856,GR-0000856,MAT-00327,SUP-0074,2025-10-14,18,1,55555,DEF_METALLURGY,REJECTED,INSP-112
QC-0000857,GR-0000857,MAT-00479,SUP-0074,2025-10-19,38,1,26315,DEF_PACKAGING,CONCESSION,INSP-105
QC-0000858,GR-0000858,MAT-00034,SUP-0074,2025-10-12,22,1,45454,DEF_ELECTRICAL,REJECTED,INSP-109
QC-0000859,GR-0000859,MAT-00822,SUP-0074,2025-10-13,12,0,0,,ACCEPTED,INSP-108
QC-0000860,GR-0000860,MAT-00221,SUP-0009,2026-01-01,281,51,181494,DEF_PACKAGING,REJECTED,INSP-124
QC-0000861,GR-0000861,MAT-00520,SUP-0019,2026-03-11,11,0,0,,ACCEPTED,INSP-113
QC-0000862,GR-0000862,MAT-00877,SUP-0019,2026-03-15,15,1,66666,DEF_METALLURGY,REJECTED,INSP-111
QC-0000863,GR-0000863,MAT-00748,SUP-0021,2025-10-15,43,3,69767,DEF_CONTAMINATION,REJECTED,INSP-120
QC-0000864,GR-0000864,MAT-00712,SUP-0044,2025-08-30,12,3,250000,DEF_CONTAMINATION,REJECTED,INSP-107
QC-0000865,GR-0000865,MAT-00759,SUP-0044,2026-03-02,153,20,130718,DEF_DIMENSIONAL,REJECTED,INSP-116
QC-0000866,GR-0000866,MAT-01192,SUP-0044,2026-03-02,120,20,166666,DEF_PACKAGING,REJECTED,INSP-109
QC-0000867,GR-0000867,MAT-00530,SUP-0044,2026-03-24,319,47,147335,DEF_METALLURGY,REJECTED,INSP-117
QC-0000868,GR-0000868,MAT-00350,SUP-0096,2026-02-26,36,2,55555,DEF_SURFACE,REJECTED,INSP-113
QC-0000869,GR-0000869,MAT-00270,SUP-0096,2026-02-28,10,0,0,,ACCEPTED,INSP-115
QC-0000870,GR-0000870,MAT-01107,SUP-0082,2025-08-10,498,84,168674,DEF_SURFACE,REJECTED,INSP-125
QC-0000871,GR-0000871,MAT-00034,SUP-0082,2025-07-30,20,5,250000,DEF_CONTAMINATION,REJECTED,INSP-124
QC-0000872,GR-0000872,MAT-00334,SUP-0082,2025-08-25,362,64,176795,DEF_PACKAGING,REJECTED,INSP-113
QC-0000873,GR-0000873,MAT-00272,SUP-0082,2025-08-11,10,1,100000,DEF_PACKAGING,REJECTED,INSP-119
QC-0000874,GR-0000874,MAT-00765,SUP-0015,2025-10-12,349,62,177650,DEF_ELECTRICAL,REJECTED,INSP-116
QC-0000875,GR-0000875,MAT-00531,SUP-0015,2025-10-11,473,84,177589,DEF_SURFACE,REJECTED,INSP-103
QC-0000876,GR-0000876,MAT-01120,SUP-0023,2025-06-25,13,0,0,,ACCEPTED,INSP-123
QC-0000877,GR-0000877,MAT-01015,SUP-0107,2025-10-01,162,3,18518,DEF_METALLURGY,CONCESSION,INSP-107
QC-0000878,GR-0000878,MAT-00375,SUP-0107,2025-10-03,17,1,58823,DEF_SURFACE,REJECTED,INSP-119
QC-0000879,GR-0000879,MAT-00103,SUP-0004,2025-11-25,168,17,101190,DEF_CONTAMINATION,REJECTED,INSP-106
QC-0000880,GR-0000880,MAT-00903,SUP-0009,2026-04-01,673,131,194650,DEF_METALLURGY,REJECTED,INSP-125
QC-0000881,GR-0000881,MAT-00132,SUP-0012,2025-12-29,180,20,111111,DEF_PACKAGING,REJECTED,INSP-117
QC-0000882,GR-0000882,MAT-00703,SUP-0087,2025-12-31,75,1,13333,DEF_ELECTRICAL,CONCESSION,INSP-114
QC-0000883,GR-0000883,MAT-01039,SUP-0113,2025-10-07,42,3,71428,DEF_PACKAGING,REJECTED,INSP-125
QC-0000884,GR-0000884,MAT-00157,SUP-0113,2025-10-11,31,3,96774,DEF_DIMENSIONAL,REJECTED,INSP-110
QC-0000885,GR-0000885,MAT-00205,SUP-0018,2026-03-17,98,9,91836,DEF_CONTAMINATION,REJECTED,INSP-110
QC-0000886,GR-0000886,MAT-01052,SUP-0083,2025-11-27,48,6,125000,DEF_CONTAMINATION,REJECTED,INSP-101
QC-0000887,GR-0000887,MAT-00103,SUP-0083,2025-11-30,137,10,72992,DEF_PACKAGING,REJECTED,INSP-103
QC-0000888,GR-0000888,MAT-00152,SUP-0083,2025-11-28,42,1,23809,DEF_ELECTRICAL,CONCESSION,INSP-116
QC-0000889,GR-0000889,MAT-00102,SUP-0083,2025-11-28,667,33,49475,DEF_SURFACE,REJECTED,INSP-120
QC-0000890,GR-0000890,MAT-00516,SUP-0044,2026-02-11,172,32,186046,DEF_SURFACE,REJECTED,INSP-109
QC-0000891,GR-0000891,MAT-00225,SUP-0044,2026-02-18,223,34,152466,DEF_ELECTRICAL,REJECTED,INSP-105
QC-0000892,GR-0000892,MAT-00354,SUP-0100,2025-06-13,299,10,33444,DEF_ELECTRICAL,CONCESSION,INSP-125
QC-0000893,GR-0000893,MAT-00512,SUP-0100,2025-06-16,11,1,90909,DEF_ELECTRICAL,REJECTED,INSP-107
QC-0000894,GR-0000894,MAT-00931,SUP-0100,2025-06-15,64,0,0,,ACCEPTED,INSP-108
QC-0000895,GR-0000895,MAT-00044,SUP-0085,2026-01-08,10,0,0,,ACCEPTED,INSP-108
QC-0000896,GR-0000896,MAT-00657,SUP-0104,2025-10-12,13,0,0,,ACCEPTED,INSP-120
QC-0000897,GR-0000897,MAT-00038,SUP-0016,2025-05-27,10,0,0,,ACCEPTED,INSP-113
QC-0000898,GR-0000898,MAT-00555,SUP-0016,2025-05-27,10,0,0,,ACCEPTED,INSP-114
QC-0000899,GR-0000899,MAT-00341,SUP-0028,2025-08-01,227,32,140969,DEF_METALLURGY,REJECTED,INSP-105
QC-0000900,GR-0000900,MAT-00716,SUP-0078,2026-03-24,223,18,80717,DEF_DIMENSIONAL,REJECTED,INSP-120
QC-0000901,GR-0000901,MAT-00373,SUP-0078,2026-03-18,388,38,97938,DEF_ELECTRICAL,REJECTED,INSP-116
QC-0000902,GR-0000902,MAT-00429,SUP-0061,2025-08-15,421,3,7125,DEF_METALLURGY,CONCESSION,INSP-117
QC-0000903,GR-0000903,MAT-01020,SUP-0068,2026-03-12,182,2,10989,DEF_CONTAMINATION,CONCESSION,INSP-109
QC-0000904,GR-0000904,MAT-00315,SUP-0071,2025-10-01,47,4,85106,DEF_ELECTRICAL,REJECTED,INSP-112
QC-0000905,GR-0000905,MAT-00291,SUP-0059,2026-02-19,706,102,144475,DEF_METALLURGY,REJECTED,INSP-123
QC-0000906,GR-0000906,MAT-00310,SUP-0059,2026-02-17,12,3,250000,DEF_SURFACE,REJECTED,INSP-122
QC-0000907,GR-0000907,MAT-00240,SUP-0025,2026-01-12,30,3,100000,DEF_METALLURGY,REJECTED,INSP-118
QC-0000908,GR-0000908,MAT-00448,SUP-0025,2026-01-14,17,0,0,,ACCEPTED,INSP-113
QC-0000909,GR-0000909,MAT-00651,SUP-0025,2026-01-13,84,1,11904,DEF_SURFACE,CONCESSION,INSP-116
QC-0000910,GR-0000910,MAT-01192,SUP-0025,2026-01-12,97,2,20618,DEF_PACKAGING,CONCESSION,INSP-110
QC-0000911,GR-0000911,MAT-00893,SUP-0117,2025-12-14,13,1,76923,DEF_DIMENSIONAL,REJECTED,INSP-121
QC-0000912,GR-0000912,MAT-00353,SUP-0117,2025-12-23,161,16,99378,DEF_METALLURGY,REJECTED,INSP-114
QC-0000913,GR-0000913,MAT-00608,SUP-0117,2025-12-15,137,10,72992,DEF_ELECTRICAL,REJECTED,INSP-117
QC-0000914,GR-0000914,MAT-00369,SUP-0025,2025-09-12,305,12,39344,DEF_SURFACE,CONCESSION,INSP-115
QC-0000915,GR-0000915,MAT-01054,SUP-0080,2025-08-23,214,12,56074,DEF_PACKAGING,REJECTED,INSP-124
QC-0000916,GR-0000916,MAT-01103,SUP-0094,2025-03-31,66,0,0,,ACCEPTED,INSP-120
QC-0000917,GR-0000917,MAT-00322,SUP-0025,2025-09-05,192,8,41666,DEF_PACKAGING,REJECTED,INSP-124
QC-0000918,GR-0000918,MAT-00355,SUP-0067,2026-01-16,34,8,235294,DEF_DIMENSIONAL,REJECTED,INSP-124
QC-0000919,GR-0000919,MAT-00018,SUP-0019,2026-03-27,236,22,93220,DEF_ELECTRICAL,REJECTED,INSP-110
QC-0000920,GR-0000920,MAT-00798,SUP-0022,2026-02-10,13,2,153846,DEF_CONTAMINATION,REJECTED,INSP-106
QC-0000921,GR-0000921,MAT-00088,SUP-0022,2026-02-08,626,21,33546,DEF_DIMENSIONAL,CONCESSION,INSP-118
QC-0000922,GR-0000922,MAT-00364,SUP-0022,2026-02-08,12,0,0,,ACCEPTED,INSP-110
QC-0000923,GR-0000923,MAT-01030,SUP-0046,2026-03-15,324,16,49382,DEF_DIMENSIONAL,REJECTED,INSP-124
QC-0000924,GR-0000924,MAT-01067,SUP-0006,2026-01-11,672,22,32738,DEF_ELECTRICAL,CONCESSION,INSP-115
QC-0000925,GR-0000925,MAT-00637,SUP-0064,2025-09-10,27,1,37037,DEF_DIMENSIONAL,CONCESSION,INSP-118
QC-0000926,GR-0000926,MAT-00229,SUP-0110,2026-04-16,26,2,76923,DEF_SURFACE,REJECTED,INSP-103
QC-0000927,GR-0000927,MAT-00036,SUP-0048,2026-01-24,75,5,66666,DEF_CONTAMINATION,REJECTED,INSP-104
QC-0000928,GR-0000928,MAT-00445,SUP-0104,2025-12-31,17,1,58823,DEF_SURFACE,REJECTED,INSP-112
QC-0000929,GR-0000929,MAT-01164,SUP-0104,2026-01-02,30,4,133333,DEF_PACKAGING,REJECTED,INSP-105
QC-0000930,GR-0000930,MAT-00230,SUP-0104,2025-12-28,10,1,100000,DEF_PACKAGING,REJECTED,INSP-109
QC-0000931,GR-0000931,MAT-00915,SUP-0096,2025-06-17,25,3,120000,DEF_METALLURGY,REJECTED,INSP-106
QC-0000932,GR-0000932,MAT-01179,SUP-0096,2025-06-19,282,14,49645,DEF_DIMENSIONAL,REJECTED,INSP-121
QC-0000933,GR-0000933,MAT-00198,SUP-0039,2025-11-16,184,21,114130,DEF_DIMENSIONAL,REJECTED,INSP-109
QC-0000934,GR-0000934,MAT-00885,SUP-0093,2025-12-26,125,26,208000,DEF_PACKAGING,REJECTED,INSP-103
QC-0000935,GR-0000935,MAT-00005,SUP-0093,2025-12-18,93,21,225806,DEF_PACKAGING,REJECTED,INSP-120
QC-0000936,GR-0000936,MAT-00713,SUP-0110,2026-03-18,387,21,54263,DEF_DIMENSIONAL,REJECTED,INSP-106
QC-0000937,GR-0000937,MAT-00198,SUP-0039,2025-12-22,279,30,107526,DEF_CONTAMINATION,REJECTED,INSP-110
QC-0000938,GR-0000938,MAT-00501,SUP-0090,2025-10-15,24,0,0,,ACCEPTED,INSP-121
QC-0000939,GR-0000939,MAT-00856,SUP-0090,2025-10-23,65,6,92307,DEF_CONTAMINATION,REJECTED,INSP-112
QC-0000940,GR-0000940,MAT-00886,SUP-0081,2025-07-08,33,6,181818,DEF_METALLURGY,REJECTED,INSP-124
QC-0000941,GR-0000941,MAT-00364,SUP-0081,2025-07-06,16,3,187500,DEF_ELECTRICAL,REJECTED,INSP-104
QC-0000942,GR-0000942,MAT-00424,SUP-0081,2025-07-05,339,36,106194,DEF_SURFACE,REJECTED,INSP-125
QC-0000943,GR-0000943,MAT-01028,SUP-0102,2025-11-05,690,31,44927,DEF_ELECTRICAL,REJECTED,INSP-115
QC-0000944,GR-0000944,MAT-00171,SUP-0112,2025-04-15,25,1,40000,DEF_CONTAMINATION,REJECTED,INSP-125
QC-0000945,GR-0000945,MAT-00825,SUP-0112,2025-04-12,12,0,0,,ACCEPTED,INSP-123
QC-0000946,GR-0000946,MAT-00932,SUP-0112,2025-04-10,106,6,56603,DEF_DIMENSIONAL,REJECTED,INSP-113
QC-0000947,GR-0000947,MAT-00889,SUP-0112,2025-04-14,481,10,20790,DEF_SURFACE,CONCESSION,INSP-104
QC-0000948,GR-0000948,MAT-00223,SUP-0021,2026-02-12,156,9,57692,DEF_SURFACE,REJECTED,INSP-101
QC-0000949,GR-0000949,MAT-00412,SUP-0021,2026-02-12,172,5,29069,DEF_SURFACE,CONCESSION,INSP-112
QC-0000950,GR-0000950,MAT-00130,SUP-0032,2025-09-28,714,40,56022,DEF_SURFACE,REJECTED,INSP-125
QC-0000951,GR-0000951,MAT-00041,SUP-0032,2025-09-22,39,3,76923,DEF_METALLURGY,REJECTED,INSP-122
QC-0000952,GR-0000952,MAT-00988,SUP-0042,2026-03-28,150,13,86666,DEF_PACKAGING,REJECTED,INSP-122
QC-0000953,GR-0000953,MAT-00759,SUP-0044,2025-10-25,115,22,191304,DEF_PACKAGING,REJECTED,INSP-122
QC-0000954,GR-0000954,MAT-00546,SUP-0044,2025-10-16,149,16,107382,DEF_METALLURGY,REJECTED,INSP-106
QC-0000955,GR-0000955,MAT-00154,SUP-0044,2025-10-19,522,80,153256,DEF_ELECTRICAL,REJECTED,INSP-105
QC-0000956,GR-0000956,MAT-00227,SUP-0047,2026-02-07,10,0,0,,ACCEPTED,INSP-112
QC-0000957,GR-0000957,MAT-00613,SUP-0060,2026-03-15,744,60,80645,DEF_PACKAGING,REJECTED,INSP-115
QC-0000958,GR-0000958,MAT-00309,SUP-0060,2026-03-11,57,1,17543,DEF_ELECTRICAL,CONCESSION,INSP-120
QC-0000959,GR-0000959,MAT-00772,SUP-0091,2025-03-19,120,3,25000,DEF_METALLURGY,CONCESSION,INSP-120
QC-0000960,GR-0000960,MAT-00725,SUP-0091,2025-03-18,494,25,50607,DEF_PACKAGING,REJECTED,INSP-111
QC-0000961,GR-0000961,MAT-01039,SUP-0113,2026-02-05,55,4,72727,DEF_ELECTRICAL,REJECTED,INSP-106
QC-0000962,GR-0000962,MAT-00019,SUP-0113,2026-02-02,151,14,92715,DEF_PACKAGING,REJECTED,INSP-105
QC-0000963,GR-0000963,MAT-00611,SUP-0095,2025-09-10,23,0,0,,ACCEPTED,INSP-116
QC-0000964,GR-0000964,MAT-00844,SUP-0095,2025-09-10,100,5,50000,DEF_SURFACE,REJECTED,INSP-112
QC-0000965,GR-0000965,MAT-00624,SUP-0009,2026-04-20,10,2,200000,DEF_PACKAGING,REJECTED,INSP-110
QC-0000966,GR-0000966,MAT-00008,SUP-0045,2025-09-05,24,1,41666,DEF_ELECTRICAL,REJECTED,INSP-111
QC-0000967,GR-0000967,MAT-01170,SUP-0055,2026-03-27,13,3,230769,DEF_SURFACE,REJECTED,INSP-106
QC-0000968,GR-0000968,MAT-01033,SUP-0055,2026-03-25,164,4,24390,DEF_ELECTRICAL,CONCESSION,INSP-110
QC-0000969,GR-0000969,MAT-00231,SUP-0055,2026-03-26,396,11,27777,DEF_PACKAGING,CONCESSION,INSP-124
QC-0000970,GR-0000970,MAT-00497,SUP-0055,2026-03-27,323,12,37151,DEF_SURFACE,CONCESSION,INSP-119
QC-0000971,GR-0000971,MAT-00939,SUP-0010,2025-06-17,63,1,15873,DEF_PACKAGING,CONCESSION,INSP-117
QC-0000972,GR-0000972,MAT-00219,SUP-0010,2025-06-13,37,1,27027,DEF_METALLURGY,CONCESSION,INSP-119
QC-0000973,GR-0000973,MAT-00600,SUP-0029,2026-02-06,25,2,80000,DEF_SURFACE,REJECTED,INSP-108
QC-0000974,GR-0000974,MAT-01055,SUP-0109,2025-11-27,16,0,0,,ACCEPTED,INSP-122
QC-0000975,GR-0000975,MAT-00065,SUP-0095,2025-06-03,10,0,0,,ACCEPTED,INSP-108
QC-0000976,GR-0000976,MAT-00594,SUP-0008,2025-09-01,46,3,65217,DEF_METALLURGY,REJECTED,INSP-114
QC-0000977,GR-0000977,MAT-00518,SUP-0095,2025-02-28,169,4,23668,DEF_SURFACE,CONCESSION,INSP-107
QC-0000978,GR-0000978,MAT-01174,SUP-0055,2025-11-12,54,2,37037,DEF_CONTAMINATION,CONCESSION,INSP-103
QC-0000979,GR-0000979,MAT-01129,SUP-0087,2025-09-21,746,14,18766,DEF_METALLURGY,CONCESSION,INSP-112
QC-0000980,GR-0000980,MAT-01134,SUP-0087,2025-09-22,17,0,0,,ACCEPTED,INSP-112
QC-0000981,GR-0000981,MAT-00485,SUP-0087,2025-09-23,10,0,0,,ACCEPTED,INSP-116
QC-0000982,GR-0000982,MAT-00916,SUP-0047,2025-12-21,55,0,0,,ACCEPTED,INSP-107
QC-0000983,GR-0000983,MAT-00800,SUP-0057,2025-09-13,126,5,39682,DEF_ELECTRICAL,CONCESSION,INSP-121
QC-0000984,GR-0000984,MAT-00417,SUP-0057,2025-09-12,15,0,0,,ACCEPTED,INSP-113
QC-0000985,GR-0000985,MAT-00733,SUP-0057,2025-09-15,382,33,86387,DEF_SURFACE,REJECTED,INSP-103
QC-0000986,GR-0000986,MAT-00199,SUP-0062,2025-09-29,54,4,74074,DEF_METALLURGY,REJECTED,INSP-114
QC-0000987,GR-0000987,MAT-00603,SUP-0062,2025-10-02,20,3,150000,DEF_CONTAMINATION,REJECTED,INSP-109
QC-0000988,GR-0000988,MAT-01167,SUP-0062,2025-10-03,90,7,77777,DEF_METALLURGY,REJECTED,INSP-113
QC-0000989,GR-0000989,MAT-00983,SUP-0062,2025-10-04,69,6,86956,DEF_ELECTRICAL,REJECTED,INSP-116
QC-0000990,GR-0000990,MAT-00040,SUP-0060,2026-02-21,54,7,129629,DEF_SURFACE,REJECTED,INSP-114
QC-0000991,GR-0000991,MAT-00064,SUP-0060,2026-02-18,21,2,95238,DEF_PACKAGING,REJECTED,INSP-114
QC-0000992,GR-0000992,MAT-00418,SUP-0060,2026-02-15,10,0,0,,ACCEPTED,INSP-102
QC-0000993,GR-0000993,MAT-00252,SUP-0051,2025-04-29,719,21,29207,DEF_METALLURGY,CONCESSION,INSP-117
QC-0000994,GR-0000994,MAT-00517,SUP-0112,2026-04-01,35,2,57142,DEF_DIMENSIONAL,REJECTED,INSP-122
QC-0000995,GR-0000995,MAT-00865,SUP-0076,2026-03-30,376,39,103723,DEF_PACKAGING,REJECTED,INSP-109
QC-0000996,GR-0000996,MAT-00259,SUP-0076,2026-04-02,220,24,109090,DEF_DIMENSIONAL,REJECTED,INSP-111
QC-0000997,GR-0000997,MAT-00705,SUP-0076,2026-04-05,516,66,127906,DEF_DIMENSIONAL,REJECTED,INSP-118
QC-0000998,GR-0000998,MAT-00894,SUP-0006,2026-01-06,256,11,42968,DEF_CONTAMINATION,REJECTED,INSP-111
QC-0000999,GR-0000999,MAT-00371,SUP-0015,2026-01-30,13,3,230769,DEF_SURFACE,REJECTED,INSP-106
QC-0001000,GR-0001000,MAT-00604,SUP-0109,2026-04-01,172,1,5813,DEF_METALLURGY,CONCESSION,INSP-116
QC-0001001,GR-0001001,MAT-00622,SUP-0118,2025-08-12,20,3,150000,DEF_DIMENSIONAL,REJECTED,INSP-115
QC-0001002,GR-0001002,MAT-00350,SUP-0096,2025-05-22,22,3,136363,DEF_ELECTRICAL,REJECTED,INSP-114
QC-0001003,GR-0001003,MAT-00168,SUP-0029,2025-09-07,10,0,0,,ACCEPTED,INSP-110
QC-0001004,GR-0001004,MAT-00116,SUP-0041,2026-02-17,77,2,25974,DEF_PACKAGING,CONCESSION,INSP-118
QC-0001005,GR-0001005,MAT-00140,SUP-0041,2026-02-23,353,36,101983,DEF_PACKAGING,REJECTED,INSP-115
QC-0001006,GR-0001006,MAT-00968,SUP-0032,2025-04-23,185,6,32432,DEF_DIMENSIONAL,CONCESSION,INSP-116
QC-0001007,GR-0001007,MAT-00555,SUP-0015,2026-02-21,10,0,0,,ACCEPTED,INSP-122
QC-0001008,GR-0001008,MAT-00666,SUP-0015,2026-02-11,63,9,142857,DEF_PACKAGING,REJECTED,INSP-115
QC-0001009,GR-0001009,MAT-00137,SUP-0009,2026-01-27,13,4,307692,DEF_DIMENSIONAL,REJECTED,INSP-101
QC-0001010,GR-0001010,MAT-00744,SUP-0002,2025-05-15,10,0,0,,ACCEPTED,INSP-102
QC-0001011,GR-0001011,MAT-00472,SUP-0075,2026-03-21,206,30,145631,DEF_METALLURGY,REJECTED,INSP-109
QC-0001012,GR-0001012,MAT-01084,SUP-0112,2025-12-17,10,1,100000,DEF_CONTAMINATION,REJECTED,INSP-122
QC-0001013,GR-0001013,MAT-01190,SUP-0112,2025-12-21,82,2,24390,DEF_METALLURGY,CONCESSION,INSP-106
QC-0001014,GR-0001014,MAT-01170,SUP-0112,2025-12-18,21,2,95238,DEF_SURFACE,REJECTED,INSP-110
QC-0001015,GR-0001015,MAT-00533,SUP-0096,2025-06-15,228,11,48245,DEF_DIMENSIONAL,REJECTED,INSP-104
QC-0001016,GR-0001016,MAT-00063,SUP-0068,2025-06-05,49,2,40816,DEF_ELECTRICAL,REJECTED,INSP-121
QC-0001017,GR-0001017,MAT-00141,SUP-0096,2026-04-06,25,2,80000,DEF_ELECTRICAL,REJECTED,INSP-121
QC-0001018,GR-0001018,MAT-00374,SUP-0081,2026-01-27,12,3,250000,DEF_CONTAMINATION,REJECTED,INSP-118
QC-0001019,GR-0001019,MAT-01141,SUP-0058,2026-03-18,435,18,41379,DEF_METALLURGY,REJECTED,INSP-106
QC-0001020,GR-0001020,MAT-00020,SUP-0049,2026-03-25,133,6,45112,DEF_DIMENSIONAL,REJECTED,INSP-104
QC-0001021,GR-0001021,MAT-00251,SUP-0049,2026-04-01,417,24,57553,DEF_DIMENSIONAL,REJECTED,INSP-117
QC-0001022,GR-0001022,MAT-00627,SUP-0092,2025-12-16,17,0,0,,ACCEPTED,INSP-108
QC-0001023,GR-0001023,MAT-00464,SUP-0089,2025-11-29,214,12,56074,DEF_SURFACE,REJECTED,INSP-104
QC-0001024,GR-0001024,MAT-00871,SUP-0089,2025-11-23,113,7,61946,DEF_PACKAGING,REJECTED,INSP-111
QC-0001025,GR-0001025,MAT-00386,SUP-0069,2025-11-07,295,7,23728,DEF_DIMENSIONAL,CONCESSION,INSP-112
QC-0001026,GR-0001026,MAT-00907,SUP-0019,2025-09-26,709,78,110014,DEF_SURFACE,REJECTED,INSP-125
QC-0001027,GR-0001027,MAT-00636,SUP-0091,2025-11-02,51,3,58823,DEF_SURFACE,REJECTED,INSP-109
QC-0001028,GR-0001028,MAT-00527,SUP-0055,2026-02-15,45,1,22222,DEF_DIMENSIONAL,CONCESSION,INSP-118
QC-0001029,GR-0001029,MAT-01178,SUP-0055,2026-02-15,125,1,8000,DEF_DIMENSIONAL,CONCESSION,INSP-122
QC-0001030,GR-0001030,MAT-00060,SUP-0055,2026-02-17,563,14,24866,DEF_CONTAMINATION,CONCESSION,INSP-103
QC-0001031,GR-0001031,MAT-00230,SUP-0099,2025-12-21,23,0,0,,ACCEPTED,INSP-107
QC-0001032,GR-0001032,MAT-00480,SUP-0099,2025-12-20,32,0,0,,ACCEPTED,INSP-125
QC-0001033,GR-0001033,MAT-00698,SUP-0011,2026-04-06,10,1,100000,DEF_CONTAMINATION,REJECTED,INSP-101
QC-0001034,GR-0001034,MAT-01070,SUP-0011,2025-11-19,316,23,72784,DEF_PACKAGING,REJECTED,INSP-102
QC-0001035,GR-0001035,MAT-01054,SUP-0080,2026-01-12,486,38,78189,DEF_DIMENSIONAL,REJECTED,INSP-114
QC-0001036,GR-0001036,MAT-00760,SUP-0074,2026-01-14,11,2,181818,DEF_DIMENSIONAL,REJECTED,INSP-123
QC-0001037,GR-0001037,MAT-00259,SUP-0074,2026-01-10,717,53,73919,DEF_DIMENSIONAL,REJECTED,INSP-112
QC-0001038,GR-0001038,MAT-00228,SUP-0006,2025-12-14,531,12,22598,DEF_SURFACE,CONCESSION,INSP-118
QC-0001039,GR-0001039,MAT-01104,SUP-0030,2026-02-10,133,21,157894,DEF_DIMENSIONAL,REJECTED,INSP-123
QC-0001040,GR-0001040,MAT-00926,SUP-0090,2025-09-01,49,2,40816,DEF_METALLURGY,REJECTED,INSP-110
QC-0001041,GR-0001041,MAT-00613,SUP-0060,2025-12-12,626,56,89456,DEF_DIMENSIONAL,REJECTED,INSP-115
QC-0001042,GR-0001042,MAT-00423,SUP-0060,2025-12-12,20,1,50000,DEF_ELECTRICAL,REJECTED,INSP-107
QC-0001043,GR-0001043,MAT-00328,SUP-0077,2025-06-07,53,3,56603,DEF_PACKAGING,REJECTED,INSP-125
QC-0001044,GR-0001044,MAT-00430,SUP-0077,2025-06-12,233,15,64377,DEF_ELECTRICAL,REJECTED,INSP-108
QC-0001045,GR-0001045,MAT-00700,SUP-0091,2025-10-16,133,4,30075,DEF_SURFACE,CONCESSION,INSP-110
QC-0001046,GR-0001046,MAT-01007,SUP-0091,2025-10-14,162,4,24691,DEF_ELECTRICAL,CONCESSION,INSP-122
QC-0001047,GR-0001047,MAT-00164,SUP-0005,2025-11-26,40,6,150000,DEF_SURFACE,REJECTED,INSP-110
QC-0001048,GR-0001048,MAT-01174,SUP-0005,2025-11-29,52,3,57692,DEF_DIMENSIONAL,REJECTED,INSP-103
QC-0001049,GR-0001049,MAT-00342,SUP-0005,2025-11-30,64,10,156250,DEF_ELECTRICAL,REJECTED,INSP-103
QC-0001050,GR-0001050,MAT-00912,SUP-0042,2026-01-17,666,50,75075,DEF_PACKAGING,REJECTED,INSP-104
QC-0001051,GR-0001051,MAT-00952,SUP-0041,2025-12-29,10,0,0,,ACCEPTED,INSP-124
QC-0001052,GR-0001052,MAT-00249,SUP-0041,2026-01-02,111,11,99099,DEF_SURFACE,REJECTED,INSP-113
QC-0001053,GR-0001053,MAT-00494,SUP-0120,2026-02-11,11,0,0,,ACCEPTED,INSP-123
QC-0001054,GR-0001054,MAT-01175,SUP-0120,2026-02-09,36,1,27777,DEF_METALLURGY,CONCESSION,INSP-106
QC-0001055,GR-0001055,MAT-00630,SUP-0120,2026-02-08,10,1,100000,DEF_PACKAGING,REJECTED,INSP-107
QC-0001056,GR-0001056,MAT-00646,SUP-0016,2025-12-04,49,3,61224,DEF_METALLURGY,REJECTED,INSP-121
QC-0001057,GR-0001057,MAT-01088,SUP-0004,2026-01-15,10,2,200000,DEF_CONTAMINATION,REJECTED,INSP-117
QC-0001058,GR-0001058,MAT-00672,SUP-0004,2026-01-16,10,0,0,,ACCEPTED,INSP-114
QC-0001059,GR-0001059,MAT-00278,SUP-0019,2025-05-16,10,0,0,,ACCEPTED,INSP-120
QC-0001060,GR-0001060,MAT-00703,SUP-0087,2025-08-25,174,2,11494,DEF_CONTAMINATION,CONCESSION,INSP-117
QC-0001061,GR-0001061,MAT-00162,SUP-0026,2025-10-25,49,6,122448,DEF_ELECTRICAL,REJECTED,INSP-115
QC-0001062,GR-0001062,MAT-00429,SUP-0026,2025-10-26,308,24,77922,DEF_SURFACE,REJECTED,INSP-103
QC-0001063,GR-0001063,MAT-00124,SUP-0102,2025-11-27,73,3,41095,DEF_CONTAMINATION,REJECTED,INSP-119
QC-0001064,GR-0001064,MAT-00882,SUP-0102,2025-11-26,20,0,0,,ACCEPTED,INSP-114
QC-0001065,GR-0001065,MAT-00598,SUP-0102,2025-11-25,42,1,23809,DEF_DIMENSIONAL,CONCESSION,INSP-106
QC-0001066,GR-0001066,MAT-00505,SUP-0102,2025-11-25,10,0,0,,ACCEPTED,INSP-108
QC-0001067,GR-0001067,MAT-00685,SUP-0021,2025-05-02,10,0,0,,ACCEPTED,INSP-109
QC-0001068,GR-0001068,MAT-00711,SUP-0096,2025-06-29,723,52,71922,DEF_METALLURGY,REJECTED,INSP-125
QC-0001069,GR-0001069,MAT-00088,SUP-0040,2025-09-10,166,13,78313,DEF_ELECTRICAL,REJECTED,INSP-120
QC-0001070,GR-0001070,MAT-00511,SUP-0118,2025-10-09,15,2,133333,DEF_CONTAMINATION,REJECTED,INSP-121
QC-0001071,GR-0001071,MAT-00141,SUP-0096,2025-11-22,37,3,81081,DEF_ELECTRICAL,REJECTED,INSP-111
QC-0001072,GR-0001072,MAT-00946,SUP-0003,2025-08-04,52,5,96153,DEF_PACKAGING,REJECTED,INSP-109
QC-0001073,GR-0001073,MAT-00614,SUP-0003,2025-08-11,39,3,76923,DEF_METALLURGY,REJECTED,INSP-124
QC-0001074,GR-0001074,MAT-00544,SUP-0003,2025-08-04,79,11,139240,DEF_SURFACE,REJECTED,INSP-102
QC-0001075,GR-0001075,MAT-00765,SUP-0015,2026-02-21,75,11,146666,DEF_CONTAMINATION,REJECTED,INSP-104
QC-0001076,GR-0001076,MAT-01005,SUP-0015,2026-02-05,738,123,166666,DEF_ELECTRICAL,REJECTED,INSP-121
QC-0001077,GR-0001077,MAT-00017,SUP-0099,2025-09-04,22,0,0,,ACCEPTED,INSP-111
QC-0001078,GR-0001078,MAT-01043,SUP-0050,2025-08-17,42,6,142857,DEF_DIMENSIONAL,REJECTED,INSP-121
QC-0001079,GR-0001079,MAT-01084,SUP-0050,2025-08-19,30,3,100000,DEF_SURFACE,REJECTED,INSP-118
QC-0001080,GR-0001080,MAT-00471,SUP-0097,2025-12-15,24,1,41666,DEF_DIMENSIONAL,REJECTED,INSP-103
QC-0001081,GR-0001081,MAT-00092,SUP-0097,2025-12-19,400,29,72500,DEF_CONTAMINATION,REJECTED,INSP-114
QC-0001082,GR-0001082,MAT-00824,SUP-0095,2025-02-12,11,0,0,,ACCEPTED,INSP-103
QC-0001083,GR-0001083,MAT-00570,SUP-0020,2025-02-25,12,0,0,,ACCEPTED,INSP-118
QC-0001084,GR-0001084,MAT-00486,SUP-0020,2025-03-02,64,4,62500,DEF_PACKAGING,REJECTED,INSP-104
QC-0001085,GR-0001085,MAT-00674,SUP-0020,2025-08-10,77,3,38961,DEF_SURFACE,CONCESSION,INSP-116
QC-0001086,GR-0001086,MAT-00403,SUP-0077,2025-04-22,185,14,75675,DEF_DIMENSIONAL,REJECTED,INSP-104
QC-0001087,GR-0001087,MAT-00217,SUP-0077,2025-04-22,12,0,0,,ACCEPTED,INSP-117
QC-0001088,GR-0001088,MAT-00555,SUP-0077,2025-04-25,15,2,133333,DEF_ELECTRICAL,REJECTED,INSP-109
QC-0001089,GR-0001089,MAT-00072,SUP-0077,2025-04-22,10,1,100000,DEF_ELECTRICAL,REJECTED,INSP-109
QC-0001090,GR-0001090,MAT-00427,SUP-0064,2025-06-22,27,0,0,,ACCEPTED,INSP-108
QC-0001091,GR-0001091,MAT-00736,SUP-0109,2025-09-25,217,1,4608,DEF_METALLURGY,CONCESSION,INSP-105
QC-0001092,GR-0001092,MAT-00029,SUP-0060,2026-03-11,39,5,128205,DEF_CONTAMINATION,REJECTED,INSP-105
QC-0001093,GR-0001093,MAT-00231,SUP-0108,2025-12-22,435,48,110344,DEF_METALLURGY,REJECTED,INSP-103
QC-0001094,GR-0001094,MAT-00048,SUP-0108,2025-12-14,26,5,192307,DEF_ELECTRICAL,REJECTED,INSP-103
QC-0001095,GR-0001095,MAT-00262,SUP-0034,2025-12-08,73,3,41095,DEF_DIMENSIONAL,REJECTED,INSP-101
QC-0001096,GR-0001096,MAT-00537,SUP-0034,2025-12-08,190,12,63157,DEF_ELECTRICAL,REJECTED,INSP-124
QC-0001097,GR-0001097,MAT-00349,SUP-0041,2025-09-19,36,2,55555,DEF_SURFACE,REJECTED,INSP-113
QC-0001098,GR-0001098,MAT-00946,SUP-0041,2025-09-14,22,2,90909,DEF_PACKAGING,REJECTED,INSP-121
QC-0001099,GR-0001099,MAT-01014,SUP-0055,2025-10-20,372,6,16129,DEF_DIMENSIONAL,CONCESSION,INSP-114
QC-0001100,GR-0001100,MAT-00492,SUP-0103,2025-06-24,33,4,121212,DEF_DIMENSIONAL,REJECTED,INSP-110
QC-0001101,GR-0001101,MAT-00296,SUP-0103,2025-06-21,236,33,139830,DEF_SURFACE,REJECTED,INSP-122
QC-0001102,GR-0001102,MAT-00568,SUP-0114,2025-12-30,108,6,55555,DEF_DIMENSIONAL,REJECTED,INSP-101
QC-0001103,GR-0001103,MAT-00799,SUP-0114,2025-12-27,175,21,120000,DEF_PACKAGING,REJECTED,INSP-124
QC-0001104,GR-0001104,MAT-01177,SUP-0031,2025-08-03,37,10,270270,DEF_CONTAMINATION,REJECTED,INSP-121
QC-0001105,GR-0001105,MAT-00612,SUP-0098,2025-10-10,171,21,122807,DEF_METALLURGY,REJECTED,INSP-104
QC-0001106,GR-0001106,MAT-00439,SUP-0110,2025-11-27,26,2,76923,DEF_CONTAMINATION,REJECTED,INSP-115
QC-0001107,GR-0001107,MAT-00782,SUP-0055,2025-11-19,97,2,20618,DEF_SURFACE,CONCESSION,INSP-117
QC-0001108,GR-0001108,MAT-00348,SUP-0075,2026-01-30,175,15,85714,DEF_CONTAMINATION,REJECTED,INSP-119
QC-0001109,GR-0001109,MAT-01114,SUP-0036,2025-06-13,16,0,0,,ACCEPTED,INSP-122
QC-0001110,GR-0001110,MAT-00123,SUP-0025,2025-08-30,628,30,47770,DEF_ELECTRICAL,REJECTED,INSP-119
QC-0001111,GR-0001111,MAT-00026,SUP-0001,2025-12-05,263,73,277566,DEF_ELECTRICAL,REJECTED,INSP-118
QC-0001112,GR-0001112,MAT-00071,SUP-0038,2025-10-31,118,8,67796,DEF_METALLURGY,REJECTED,INSP-102
QC-0001113,GR-0001113,MAT-00780,SUP-0012,2025-10-25,111,16,144144,DEF_CONTAMINATION,REJECTED,INSP-107
QC-0001114,GR-0001114,MAT-00381,SUP-0012,2025-10-26,221,26,117647,DEF_CONTAMINATION,REJECTED,INSP-123
QC-0001115,GR-0001115,MAT-00520,SUP-0019,2026-04-11,37,2,54054,DEF_PACKAGING,REJECTED,INSP-122
QC-0001116,GR-0001116,MAT-00228,SUP-0019,2026-04-11,491,45,91649,DEF_METALLURGY,REJECTED,INSP-102
QC-0001117,GR-0001117,MAT-01121,SUP-0068,2026-02-02,33,0,0,,ACCEPTED,INSP-116
QC-0001118,GR-0001118,MAT-00834,SUP-0054,2026-01-04,325,24,73846,DEF_DIMENSIONAL,REJECTED,INSP-104
QC-0001119,GR-0001119,MAT-00270,SUP-0054,2026-01-04,10,2,200000,DEF_ELECTRICAL,REJECTED,INSP-123
QC-0001120,GR-0001120,MAT-00296,SUP-0008,2025-10-08,278,45,161870,DEF_CONTAMINATION,REJECTED,INSP-122
QC-0001121,GR-0001121,MAT-00268,SUP-0024,2025-02-07,640,38,59375,DEF_PACKAGING,REJECTED,INSP-108
QC-0001122,GR-0001122,MAT-01142,SUP-0109,2025-12-31,565,4,7079,DEF_PACKAGING,CONCESSION,INSP-111
QC-0001123,GR-0001123,MAT-01197,SUP-0032,2025-05-11,53,2,37735,DEF_ELECTRICAL,CONCESSION,INSP-122
QC-0001124,GR-0001124,MAT-00227,SUP-0047,2025-08-24,13,0,0,,ACCEPTED,INSP-109
QC-0001125,GR-0001125,MAT-00585,SUP-0059,2025-06-19,119,21,176470,DEF_ELECTRICAL,REJECTED,INSP-114
QC-0001126,GR-0001126,MAT-01053,SUP-0022,2025-12-24,10,0,0,,ACCEPTED,INSP-116
QC-0001127,GR-0001127,MAT-00020,SUP-0049,2026-01-15,299,21,70234,DEF_PACKAGING,REJECTED,INSP-115
QC-0001128,GR-0001128,MAT-00898,SUP-0069,2025-06-17,130,0,0,,ACCEPTED,INSP-117
QC-0001129,GR-0001129,MAT-01162,SUP-0082,2025-12-02,196,33,168367,DEF_DIMENSIONAL,REJECTED,INSP-104
QC-0001130,GR-0001130,MAT-01084,SUP-0112,2025-11-10,11,1,90909,DEF_PACKAGING,REJECTED,INSP-105
QC-0001131,GR-0001131,MAT-00405,SUP-0112,2025-11-08,169,7,41420,DEF_DIMENSIONAL,REJECTED,INSP-115
QC-0001132,GR-0001132,MAT-00472,SUP-0075,2025-10-21,358,39,108938,DEF_METALLURGY,REJECTED,INSP-102
QC-0001133,GR-0001133,MAT-00081,SUP-0105,2025-06-19,39,2,51282,DEF_PACKAGING,REJECTED,INSP-112
QC-0001134,GR-0001134,MAT-00562,SUP-0105,2025-06-18,20,0,0,,ACCEPTED,INSP-118
QC-0001135,GR-0001135,MAT-00304,SUP-0105,2025-06-16,57,3,52631,DEF_METALLURGY,REJECTED,INSP-122
QC-0001136,GR-0001136,MAT-00020,SUP-0105,2025-06-19,125,1,8000,DEF_DIMENSIONAL,CONCESSION,INSP-109
QC-0001137,GR-0001137,MAT-00341,SUP-0028,2025-11-09,334,45,134730,DEF_SURFACE,REJECTED,INSP-123
QC-0001138,GR-0001138,MAT-00736,SUP-0028,2025-11-21,345,39,113043,DEF_CONTAMINATION,REJECTED,INSP-114
QC-0001139,GR-0001139,MAT-00004,SUP-0016,2026-02-13,479,21,43841,DEF_CONTAMINATION,REJECTED,INSP-116
QC-0001140,GR-0001140,MAT-00772,SUP-0091,2025-05-13,105,6,57142,DEF_SURFACE,REJECTED,INSP-112
QC-0001141,GR-0001141,MAT-00228,SUP-0091,2025-05-14,517,31,59961,DEF_PACKAGING,REJECTED,INSP-113
QC-0001142,GR-0001142,MAT-00007,SUP-0091,2025-05-16,22,1,45454,DEF_CONTAMINATION,REJECTED,INSP-101
QC-0001143,GR-0001143,MAT-01171,SUP-0091,2025-05-14,610,30,49180,DEF_METALLURGY,REJECTED,INSP-116
QC-0001144,GR-0001144,MAT-01164,SUP-0048,2025-05-30,10,2,200000,DEF_CONTAMINATION,REJECTED,INSP-105
QC-0001145,GR-0001145,MAT-01188,SUP-0111,2025-10-30,12,1,83333,DEF_DIMENSIONAL,REJECTED,INSP-112
QC-0001146,GR-0001146,MAT-00482,SUP-0111,2025-10-26,10,1,100000,DEF_SURFACE,REJECTED,INSP-104
QC-0001147,GR-0001147,MAT-01183,SUP-0049,2026-01-08,589,24,40747,DEF_METALLURGY,REJECTED,INSP-114
QC-0001148,GR-0001148,MAT-00615,SUP-0100,2026-01-13,10,1,100000,DEF_CONTAMINATION,REJECTED,INSP-122
QC-0001149,GR-0001149,MAT-00104,SUP-0077,2025-10-17,10,2,200000,DEF_PACKAGING,REJECTED,INSP-121
QC-0001150,GR-0001150,MAT-00199,SUP-0062,2026-01-10,67,8,119402,DEF_SURFACE,REJECTED,INSP-116
QC-0001151,GR-0001151,MAT-00652,SUP-0024,2025-03-07,10,2,200000,DEF_SURFACE,REJECTED,INSP-117
QC-0001152,GR-0001152,MAT-00569,SUP-0004,2026-01-11,17,5,294117,DEF_DIMENSIONAL,REJECTED,INSP-121
QC-0001153,GR-0001153,MAT-00513,SUP-0048,2026-04-08,23,3,130434,DEF_SURFACE,REJECTED,INSP-113
QC-0001154,GR-0001154,MAT-00110,SUP-0107,2026-01-31,53,4,75471,DEF_METALLURGY,REJECTED,INSP-122
QC-0001155,GR-0001155,MAT-00033,SUP-0082,2025-08-03,232,32,137931,DEF_CONTAMINATION,REJECTED,INSP-101
QC-0001156,GR-0001156,MAT-00666,SUP-0001,2025-06-26,133,37,278195,DEF_METALLURGY,REJECTED,INSP-123
QC-0001157,GR-0001157,MAT-00395,SUP-0001,2025-07-26,198,53,267676,DEF_CONTAMINATION,REJECTED,INSP-117
QC-0001158,GR-0001158,MAT-00328,SUP-0001,2025-07-02,72,20,277777,DEF_ELECTRICAL,REJECTED,INSP-117
QC-0001159,GR-0001159,MAT-00456,SUP-0008,2025-12-28,24,1,41666,DEF_PACKAGING,REJECTED,INSP-108
QC-0001160,GR-0001160,MAT-00194,SUP-0059,2025-08-29,200,39,195000,DEF_DIMENSIONAL,REJECTED,INSP-120
QC-0001161,GR-0001161,MAT-00143,SUP-0099,2025-03-03,12,0,0,,ACCEPTED,INSP-124
QC-0001162,GR-0001162,MAT-00815,SUP-0099,2025-10-21,281,3,10676,DEF_METALLURGY,CONCESSION,INSP-102
QC-0001163,GR-0001163,MAT-00542,SUP-0099,2025-10-21,101,1,9900,DEF_ELECTRICAL,CONCESSION,INSP-105
QC-0001164,GR-0001164,MAT-00049,SUP-0064,2025-09-15,125,7,56000,DEF_SURFACE,REJECTED,INSP-110
QC-0001165,GR-0001165,MAT-00178,SUP-0012,2025-11-24,10,1,100000,DEF_PACKAGING,REJECTED,INSP-125
QC-0001166,GR-0001166,MAT-00261,SUP-0012,2025-11-14,24,4,166666,DEF_ELECTRICAL,REJECTED,INSP-112
QC-0001167,GR-0001167,MAT-00875,SUP-0093,2026-01-29,346,74,213872,DEF_ELECTRICAL,REJECTED,INSP-110
QC-0001168,GR-0001168,MAT-01091,SUP-0034,2025-04-26,600,37,61666,DEF_ELECTRICAL,REJECTED,INSP-101
QC-0001169,GR-0001169,MAT-00460,SUP-0026,2025-07-14,67,4,59701,DEF_ELECTRICAL,REJECTED,INSP-122
QC-0001170,GR-0001170,MAT-00364,SUP-0005,2025-12-22,13,1,76923,DEF_METALLURGY,REJECTED,INSP-110
QC-0001171,GR-0001171,MAT-00785,SUP-0092,2025-09-28,10,0,0,,ACCEPTED,INSP-104
QC-0001172,GR-0001172,MAT-01023,SUP-0086,2026-01-25,72,1,13888,DEF_SURFACE,CONCESSION,INSP-103
QC-0001173,GR-0001173,MAT-01144,SUP-0048,2026-01-22,125,13,104000,DEF_METALLURGY,REJECTED,INSP-123
QC-0001174,GR-0001174,MAT-00651,SUP-0022,2026-03-09,64,1,15625,DEF_CONTAMINATION,CONCESSION,INSP-125
QC-0001175,GR-0001175,MAT-00928,SUP-0022,2026-03-07,37,1,27027,DEF_DIMENSIONAL,CONCESSION,INSP-116
QC-0001176,GR-0001176,MAT-01044,SUP-0018,2026-01-29,129,12,93023,DEF_SURFACE,REJECTED,INSP-115
QC-0001177,GR-0001177,MAT-00820,SUP-0097,2025-11-18,352,33,93750,DEF_ELECTRICAL,REJECTED,INSP-115
QC-0001178,GR-0001178,MAT-00906,SUP-0092,2026-01-20,62,3,48387,DEF_SURFACE,REJECTED,INSP-104
QC-0001179,GR-0001179,MAT-00601,SUP-0092,2026-01-25,21,1,47619,DEF_DIMENSIONAL,REJECTED,INSP-114
QC-0001180,GR-0001180,MAT-00165,SUP-0092,2026-01-21,13,1,76923,DEF_METALLURGY,REJECTED,INSP-113
QC-0001181,GR-0001181,MAT-01185,SUP-0021,2025-09-16,33,1,30303,DEF_PACKAGING,CONCESSION,INSP-101
QC-0001182,GR-0001182,MAT-00775,SUP-0003,2026-02-20,13,1,76923,DEF_PACKAGING,REJECTED,INSP-125
QC-0001183,GR-0001183,MAT-00518,SUP-0095,2025-11-01,63,1,15873,DEF_PACKAGING,CONCESSION,INSP-101
QC-0001184,GR-0001184,MAT-00819,SUP-0095,2025-11-03,136,4,29411,DEF_METALLURGY,CONCESSION,INSP-118
QC-0001185,GR-0001185,MAT-00567,SUP-0025,2026-02-13,288,13,45138,DEF_DIMENSIONAL,REJECTED,INSP-121
QC-0001186,GR-0001186,MAT-01010,SUP-0029,2026-03-16,37,6,162162,DEF_PACKAGING,REJECTED,INSP-117
QC-0001187,GR-0001187,MAT-00879,SUP-0119,2026-04-03,311,27,86816,DEF_CONTAMINATION,REJECTED,INSP-105
QC-0001188,GR-0001188,MAT-01025,SUP-0119,2026-04-02,67,6,89552,DEF_DIMENSIONAL,REJECTED,INSP-116
QC-0001189,GR-0001189,MAT-00860,SUP-0009,2025-12-12,40,6,150000,DEF_DIMENSIONAL,REJECTED,INSP-125
QC-0001190,GR-0001190,MAT-00202,SUP-0009,2025-12-19,639,124,194053,DEF_METALLURGY,REJECTED,INSP-115
QC-0001191,GR-0001191,MAT-00090,SUP-0009,2025-12-10,25,7,280000,DEF_SURFACE,REJECTED,INSP-105
QC-0001192,GR-0001192,MAT-00330,SUP-0114,2025-09-25,19,0,0,,ACCEPTED,INSP-120
QC-0001193,GR-0001193,MAT-00382,SUP-0114,2025-09-26,14,1,71428,DEF_CONTAMINATION,REJECTED,INSP-115
QC-0001194,GR-0001194,MAT-00061,SUP-0051,2025-12-29,720,37,51388,DEF_PACKAGING,REJECTED,INSP-111
QC-0001195,GR-0001195,MAT-00869,SUP-0051,2025-12-28,10,0,0,,ACCEPTED,INSP-117
QC-0001196,GR-0001196,MAT-00491,SUP-0013,2025-10-13,168,9,53571,DEF_CONTAMINATION,REJECTED,INSP-102
QC-0001197,GR-0001197,MAT-00789,SUP-0013,2025-10-22,47,2,42553,DEF_DIMENSIONAL,REJECTED,INSP-102
QC-0001198,GR-0001198,MAT-00120,SUP-0059,2026-02-04,213,35,164319,DEF_PACKAGING,REJECTED,INSP-111
QC-0001199,GR-0001199,MAT-00915,SUP-0059,2026-02-15,24,3,125000,DEF_PACKAGING,REJECTED,INSP-103
QC-0001200,GR-0001200,MAT-00102,SUP-0038,2026-01-27,157,9,57324,DEF_METALLURGY,REJECTED,INSP-113
QC-0001201,GR-0001201,MAT-00610,SUP-0070,2026-02-24,447,115,257270,DEF_CONTAMINATION,REJECTED,INSP-116
QC-0001202,GR-0001202,MAT-00203,SUP-0070,2026-03-02,50,10,200000,DEF_PACKAGING,REJECTED,INSP-106
QC-0001203,GR-0001203,MAT-00956,SUP-0056,2025-10-12,26,1,38461,DEF_SURFACE,CONCESSION,INSP-115
QC-0001204,GR-0001204,MAT-00795,SUP-0029,2025-07-31,25,3,120000,DEF_ELECTRICAL,REJECTED,INSP-105
QC-0001205,GR-0001205,MAT-00105,SUP-0029,2025-08-02,145,19,131034,DEF_CONTAMINATION,REJECTED,INSP-104
QC-0001206,GR-0001206,MAT-00530,SUP-0013,2025-11-13,321,24,74766,DEF_CONTAMINATION,REJECTED,INSP-102
QC-0001207,GR-0001207,MAT-00674,SUP-0013,2025-11-09,167,12,71856,DEF_CONTAMINATION,REJECTED,INSP-117
QC-0001208,GR-0001208,MAT-00020,SUP-0049,2025-06-30,141,8,56737,DEF_METALLURGY,REJECTED,INSP-123
QC-0001209,GR-0001209,MAT-01144,SUP-0048,2025-10-14,254,14,55118,DEF_CONTAMINATION,REJECTED,INSP-105
QC-0001210,GR-0001210,MAT-00116,SUP-0048,2025-10-18,57,5,87719,DEF_DIMENSIONAL,REJECTED,INSP-125
QC-0001211,GR-0001211,MAT-00959,SUP-0064,2025-07-16,28,4,142857,DEF_PACKAGING,REJECTED,INSP-121
QC-0001212,GR-0001212,MAT-00228,SUP-0006,2025-03-24,507,8,15779,DEF_ELECTRICAL,CONCESSION,INSP-115
QC-0001213,GR-0001213,MAT-00787,SUP-0041,2026-01-16,20,4,200000,DEF_METALLURGY,REJECTED,INSP-111
QC-0001214,GR-0001214,MAT-00694,SUP-0085,2025-12-24,33,0,0,,ACCEPTED,INSP-123
QC-0001215,GR-0001215,MAT-00015,SUP-0045,2025-09-27,57,3,52631,DEF_CONTAMINATION,REJECTED,INSP-107
QC-0001216,GR-0001216,MAT-00751,SUP-0045,2025-10-07,155,7,45161,DEF_DIMENSIONAL,REJECTED,INSP-108
QC-0001217,GR-0001217,MAT-00954,SUP-0027,2025-05-18,237,18,75949,DEF_METALLURGY,REJECTED,INSP-108
QC-0001218,GR-0001218,MAT-00398,SUP-0010,2025-11-06,24,2,83333,DEF_SURFACE,REJECTED,INSP-112
QC-0001219,GR-0001219,MAT-00249,SUP-0010,2025-10-31,192,16,83333,DEF_CONTAMINATION,REJECTED,INSP-119
QC-0001220,GR-0001220,MAT-00078,SUP-0010,2025-10-30,155,9,58064,DEF_ELECTRICAL,REJECTED,INSP-108
QC-0001221,GR-0001221,MAT-00788,SUP-0010,2025-10-26,255,15,58823,DEF_METALLURGY,REJECTED,INSP-124
QC-0001222,GR-0001222,MAT-00784,SUP-0055,2025-09-24,16,0,0,,ACCEPTED,INSP-122
QC-0001223,GR-0001223,MAT-00907,SUP-0055,2025-09-27,559,15,26833,DEF_ELECTRICAL,CONCESSION,INSP-118
QC-0001224,GR-0001224,MAT-00731,SUP-0120,2026-01-27,496,23,46370,DEF_DIMENSIONAL,REJECTED,INSP-118
QC-0001225,GR-0001225,MAT-00747,SUP-0076,2026-01-11,16,0,0,,ACCEPTED,INSP-113
QC-0001226,GR-0001226,MAT-00611,SUP-0076,2026-01-11,64,9,140625,DEF_ELECTRICAL,REJECTED,INSP-101
QC-0001227,GR-0001227,MAT-00796,SUP-0012,2025-10-05,134,20,149253,DEF_CONTAMINATION,REJECTED,INSP-113
QC-0001228,GR-0001228,MAT-00096,SUP-0005,2025-08-20,650,90,138461,DEF_DIMENSIONAL,REJECTED,INSP-114
QC-0001229,GR-0001229,MAT-01031,SUP-0091,2025-11-09,107,8,74766,DEF_METALLURGY,REJECTED,INSP-103
QC-0001230,GR-0001230,MAT-00871,SUP-0016,2026-01-21,59,8,135593,DEF_METALLURGY,REJECTED,INSP-117
QC-0001231,GR-0001231,MAT-00755,SUP-0119,2025-07-19,63,11,174603,DEF_CONTAMINATION,REJECTED,INSP-103
QC-0001232,GR-0001232,MAT-01127,SUP-0107,2025-11-24,72,5,69444,DEF_SURFACE,REJECTED,INSP-123
QC-0001233,GR-0001233,MAT-00676,SUP-0107,2025-11-24,144,9,62500,DEF_METALLURGY,REJECTED,INSP-118
QC-0001234,GR-0001234,MAT-01127,SUP-0107,2025-04-05,55,1,18181,DEF_SURFACE,CONCESSION,INSP-114
QC-0001235,GR-0001235,MAT-00566,SUP-0052,2025-12-10,222,14,63063,DEF_DIMENSIONAL,REJECTED,INSP-110
QC-0001236,GR-0001236,MAT-01199,SUP-0052,2025-12-10,155,16,103225,DEF_METALLURGY,REJECTED,INSP-103
QC-0001237,GR-0001237,MAT-00251,SUP-0052,2025-12-06,342,25,73099,DEF_PACKAGING,REJECTED,INSP-116
QC-0001238,GR-0001238,MAT-00506,SUP-0052,2025-12-16,481,29,60291,DEF_DIMENSIONAL,REJECTED,INSP-108
QC-0001239,GR-0001239,MAT-00920,SUP-0110,2025-10-25,50,1,20000,DEF_ELECTRICAL,CONCESSION,INSP-125
QC-0001240,GR-0001240,MAT-01153,SUP-0090,2025-04-23,187,12,64171,DEF_CONTAMINATION,REJECTED,INSP-121
QC-0001241,GR-0001241,MAT-00094,SUP-0003,2025-04-08,10,1,100000,DEF_ELECTRICAL,REJECTED,INSP-106
QC-0001242,GR-0001242,MAT-00600,SUP-0029,2025-11-03,21,5,238095,DEF_METALLURGY,REJECTED,INSP-123
QC-0001243,GR-0001243,MAT-00290,SUP-0074,2025-07-17,213,16,75117,DEF_DIMENSIONAL,REJECTED,INSP-117
QC-0001244,GR-0001244,MAT-00126,SUP-0095,2025-03-20,60,3,50000,DEF_METALLURGY,REJECTED,INSP-103
QC-0001245,GR-0001245,MAT-00985,SUP-0095,2025-03-21,46,1,21739,DEF_DIMENSIONAL,CONCESSION,INSP-111
QC-0001246,GR-0001246,MAT-00471,SUP-0095,2025-03-21,21,1,47619,DEF_SURFACE,REJECTED,INSP-103
QC-0001247,GR-0001247,MAT-00126,SUP-0095,2026-02-01,28,0,0,,ACCEPTED,INSP-121
QC-0001248,GR-0001248,MAT-00033,SUP-0082,2026-01-06,330,64,193939,DEF_PACKAGING,REJECTED,INSP-108
QC-0001249,GR-0001249,MAT-00665,SUP-0009,2025-10-16,10,1,100000,DEF_SURFACE,REJECTED,INSP-118
QC-0001250,GR-0001250,MAT-00878,SUP-0013,2025-06-15,94,6,63829,DEF_DIMENSIONAL,REJECTED,INSP-102
QC-0001251,GR-0001251,MAT-00424,SUP-0013,2025-06-20,118,12,101694,DEF_DIMENSIONAL,REJECTED,INSP-108
QC-0001252,GR-0001252,MAT-00822,SUP-0043,2025-09-28,10,2,200000,DEF_PACKAGING,REJECTED,INSP-119
QC-0001253,GR-0001253,MAT-01084,SUP-0112,2026-04-02,27,1,37037,DEF_METALLURGY,CONCESSION,INSP-112
QC-0001254,GR-0001254,MAT-00062,SUP-0026,2026-01-13,10,0,0,,ACCEPTED,INSP-108
QC-0001255,GR-0001255,MAT-00686,SUP-0009,2026-04-13,10,2,200000,DEF_CONTAMINATION,REJECTED,INSP-112
QC-0001256,GR-0001256,MAT-00172,SUP-0051,2025-09-19,10,0,0,,ACCEPTED,INSP-124
QC-0001257,GR-0001257,MAT-01025,SUP-0095,2025-10-20,24,0,0,,ACCEPTED,INSP-121
QC-0001258,GR-0001258,MAT-00158,SUP-0041,2025-10-20,59,7,118644,DEF_METALLURGY,REJECTED,INSP-104
QC-0001259,GR-0001259,MAT-00371,SUP-0015,2025-11-23,10,1,100000,DEF_ELECTRICAL,REJECTED,INSP-112
QC-0001260,GR-0001260,MAT-00423,SUP-0015,2025-11-18,12,4,333333,DEF_CONTAMINATION,REJECTED,INSP-105
QC-0001261,GR-0001261,MAT-00361,SUP-0092,2025-12-11,48,3,62500,DEF_ELECTRICAL,REJECTED,INSP-120
QC-0001262,GR-0001262,MAT-00952,SUP-0041,2025-07-18,11,2,181818,DEF_METALLURGY,REJECTED,INSP-101
QC-0001263,GR-0001263,MAT-00867,SUP-0069,2025-12-11,679,17,25036,DEF_CONTAMINATION,CONCESSION,INSP-109
QC-0001264,GR-0001264,MAT-00762,SUP-0001,2026-01-24,12,3,250000,DEF_METALLURGY,REJECTED,INSP-103
QC-0001265,GR-0001265,MAT-00477,SUP-0001,2026-02-10,10,2,200000,DEF_SURFACE,REJECTED,INSP-101
QC-0001266,GR-0001266,MAT-00367,SUP-0079,2026-03-07,18,2,111111,DEF_PACKAGING,REJECTED,INSP-109
QC-0001267,GR-0001267,MAT-01165,SUP-0079,2026-03-20,313,26,83067,DEF_ELECTRICAL,REJECTED,INSP-105
QC-0001268,GR-0001268,MAT-00029,SUP-0060,2025-11-17,111,10,90090,DEF_SURFACE,REJECTED,INSP-112
QC-0001269,GR-0001269,MAT-00159,SUP-0039,2025-10-04,10,0,0,,ACCEPTED,INSP-120
QC-0001270,GR-0001270,MAT-00040,SUP-0039,2025-09-29,70,12,171428,DEF_SURFACE,REJECTED,INSP-106
QC-0001271,GR-0001271,MAT-00165,SUP-0039,2025-10-02,10,0,0,,ACCEPTED,INSP-103
QC-0001272,GR-0001272,MAT-00398,SUP-0010,2025-08-27,71,1,14084,DEF_SURFACE,CONCESSION,INSP-125
QC-0001273,GR-0001273,MAT-00597,SUP-0010,2025-08-27,12,1,83333,DEF_SURFACE,REJECTED,INSP-105
QC-0001274,GR-0001274,MAT-00428,SUP-0070,2025-09-23,69,18,260869,DEF_ELECTRICAL,REJECTED,INSP-117
QC-0001275,GR-0001275,MAT-00772,SUP-0091,2025-04-28,121,6,49586,DEF_DIMENSIONAL,REJECTED,INSP-108
QC-0001276,GR-0001276,MAT-00909,SUP-0075,2025-10-10,28,6,214285,DEF_SURFACE,REJECTED,INSP-121
QC-0001277,GR-0001277,MAT-01153,SUP-0090,2025-09-16,93,6,64516,DEF_ELECTRICAL,REJECTED,INSP-114
QC-0001278,GR-0001278,MAT-00324,SUP-0007,2025-12-15,37,2,54054,DEF_SURFACE,REJECTED,INSP-104
QC-0001279,GR-0001279,MAT-00242,SUP-0079,2025-10-12,15,2,133333,DEF_METALLURGY,REJECTED,INSP-108
QC-0001280,GR-0001280,MAT-01154,SUP-0021,2025-12-26,19,0,0,,ACCEPTED,INSP-107
QC-0001281,GR-0001281,MAT-00810,SUP-0049,2025-06-28,134,11,82089,DEF_CONTAMINATION,REJECTED,INSP-116
QC-0001282,GR-0001282,MAT-00729,SUP-0037,2025-11-17,12,0,0,,ACCEPTED,INSP-120
QC-0001283,GR-0001283,MAT-00048,SUP-0037,2025-11-17,31,4,129032,DEF_DIMENSIONAL,REJECTED,INSP-107
QC-0001284,GR-0001284,MAT-00002,SUP-0078,2026-01-05,44,3,68181,DEF_ELECTRICAL,REJECTED,INSP-124
QC-0001285,GR-0001285,MAT-00745,SUP-0102,2025-11-24,13,0,0,,ACCEPTED,INSP-124
QC-0001286,GR-0001286,MAT-00212,SUP-0003,2025-10-29,69,7,101449,DEF_DIMENSIONAL,REJECTED,INSP-104
QC-0001287,GR-0001287,MAT-00613,SUP-0003,2025-10-25,563,51,90586,DEF_DIMENSIONAL,REJECTED,INSP-119
QC-0001288,GR-0001288,MAT-00071,SUP-0038,2026-03-30,66,6,90909,DEF_METALLURGY,REJECTED,INSP-124
QC-0001289,GR-0001289,MAT-00316,SUP-0022,2025-12-15,10,0,0,,ACCEPTED,INSP-119
QC-0001290,GR-0001290,MAT-00464,SUP-0022,2025-12-12,743,22,29609,DEF_SURFACE,CONCESSION,INSP-107
QC-0001291,GR-0001291,MAT-00581,SUP-0022,2025-12-15,14,0,0,,ACCEPTED,INSP-103
QC-0001292,GR-0001292,MAT-00069,SUP-0022,2025-12-15,28,0,0,,ACCEPTED,INSP-121
QC-0001293,GR-0001293,MAT-00830,SUP-0065,2026-01-12,297,31,104377,DEF_METALLURGY,REJECTED,INSP-121
QC-0001294,GR-0001294,MAT-00333,SUP-0065,2026-01-15,81,7,86419,DEF_CONTAMINATION,REJECTED,INSP-101
QC-0001295,GR-0001295,MAT-00505,SUP-0061,2025-07-31,15,0,0,,ACCEPTED,INSP-125
QC-0001296,GR-0001296,MAT-00055,SUP-0054,2025-11-03,623,43,69020,DEF_PACKAGING,REJECTED,INSP-105
QC-0001297,GR-0001297,MAT-00554,SUP-0054,2025-10-31,102,4,39215,DEF_CONTAMINATION,CONCESSION,INSP-122
QC-0001298,GR-0001298,MAT-01188,SUP-0054,2025-11-06,10,0,0,,ACCEPTED,INSP-124
QC-0001299,GR-0001299,MAT-00683,SUP-0094,2025-04-12,518,1,1930,DEF_DIMENSIONAL,CONCESSION,INSP-118
QC-0001300,GR-0001300,MAT-00116,SUP-0094,2025-04-10,22,0,0,,ACCEPTED,INSP-108
QC-0001301,GR-0001301,MAT-00498,SUP-0009,2025-12-29,83,16,192771,DEF_ELECTRICAL,REJECTED,INSP-121
QC-0001302,GR-0001302,MAT-00762,SUP-0001,2026-02-02,10,4,400000,DEF_PACKAGING,REJECTED,INSP-114
QC-0001303,GR-0001303,MAT-00550,SUP-0022,2025-08-12,741,21,28340,DEF_PACKAGING,CONCESSION,INSP-108
QC-0001304,GR-0001304,MAT-00470,SUP-0006,2026-04-09,10,0,0,,ACCEPTED,INSP-112
QC-0001305,GR-0001305,MAT-00868,SUP-0006,2026-04-12,66,1,15151,DEF_PACKAGING,CONCESSION,INSP-101
QC-0001306,GR-0001306,MAT-00562,SUP-0004,2026-02-14,26,4,153846,DEF_PACKAGING,REJECTED,INSP-117
QC-0001307,GR-0001307,MAT-00817,SUP-0004,2026-02-13,15,1,66666,DEF_CONTAMINATION,REJECTED,INSP-116
QC-0001308,GR-0001308,MAT-00211,SUP-0004,2026-02-10,344,45,130813,DEF_PACKAGING,REJECTED,INSP-114
QC-0001309,GR-0001309,MAT-00291,SUP-0059,2026-01-22,287,50,174216,DEF_CONTAMINATION,REJECTED,INSP-114
QC-0001310,GR-0001310,MAT-00010,SUP-0059,2026-02-01,49,9,183673,DEF_PACKAGING,REJECTED,INSP-102
QC-0001311,GR-0001311,MAT-00325,SUP-0059,2026-01-25,13,2,153846,DEF_ELECTRICAL,REJECTED,INSP-114
QC-0001312,GR-0001312,MAT-01092,SUP-0119,2026-04-17,66,6,90909,DEF_SURFACE,REJECTED,INSP-107
QC-0001313,GR-0001313,MAT-00217,SUP-0110,2025-06-25,10,1,100000,DEF_PACKAGING,REJECTED,INSP-117
QC-0001314,GR-0001314,MAT-00651,SUP-0110,2025-06-22,51,2,39215,DEF_METALLURGY,CONCESSION,INSP-124
QC-0001315,GR-0001315,MAT-00430,SUP-0110,2025-06-25,290,11,37931,DEF_PACKAGING,CONCESSION,INSP-109
QC-0001316,GR-0001316,MAT-00286,SUP-0002,2026-02-25,158,23,145569,DEF_PACKAGING,REJECTED,INSP-106
QC-0001317,GR-0001317,MAT-00905,SUP-0002,2026-02-20,220,23,104545,DEF_CONTAMINATION,REJECTED,INSP-101
QC-0001318,GR-0001318,MAT-00945,SUP-0059,2025-09-01,37,6,162162,DEF_PACKAGING,REJECTED,INSP-102
QC-0001319,GR-0001319,MAT-00515,SUP-0059,2025-08-26,332,53,159638,DEF_ELECTRICAL,REJECTED,INSP-109
QC-0001320,GR-0001320,MAT-00315,SUP-0059,2025-08-05,73,14,191780,DEF_SURFACE,REJECTED,INSP-121
QC-0001321,GR-0001321,MAT-01028,SUP-0059,2025-08-07,477,84,176100,DEF_PACKAGING,REJECTED,INSP-118
QC-0001322,GR-0001322,MAT-00521,SUP-0001,2026-04-14,141,38,269503,DEF_CONTAMINATION,REJECTED,INSP-118
QC-0001323,GR-0001323,MAT-00620,SUP-0001,2026-04-02,30,7,233333,DEF_SURFACE,REJECTED,INSP-113
QC-0001324,GR-0001324,MAT-00990,SUP-0004,2025-09-19,16,0,0,,ACCEPTED,INSP-122
QC-0001325,GR-0001325,MAT-00407,SUP-0004,2025-09-13,36,4,111111,DEF_DIMENSIONAL,REJECTED,INSP-111
QC-0001326,GR-0001326,MAT-00481,SUP-0023,2026-03-22,12,0,0,,ACCEPTED,INSP-113
QC-0001327,GR-0001327,MAT-00594,SUP-0008,2025-07-23,53,7,132075,DEF_PACKAGING,REJECTED,INSP-113
QC-0001328,GR-0001328,MAT-00988,SUP-0042,2025-12-03,166,14,84337,DEF_PACKAGING,REJECTED,INSP-124
QC-0001329,GR-0001329,MAT-00654,SUP-0042,2025-11-30,592,38,64189,DEF_ELECTRICAL,REJECTED,INSP-102
QC-0001330,GR-0001330,MAT-00165,SUP-0042,2025-11-29,15,2,133333,DEF_ELECTRICAL,REJECTED,INSP-118
QC-0001331,GR-0001331,MAT-00803,SUP-0089,2026-03-24,155,16,103225,DEF_ELECTRICAL,REJECTED,INSP-109
QC-0001332,GR-0001332,MAT-00218,SUP-0089,2026-03-18,117,10,85470,DEF_CONTAMINATION,REJECTED,INSP-115
QC-0001333,GR-0001333,MAT-00723,SUP-0089,2026-03-15,29,0,0,,ACCEPTED,INSP-107
QC-0001334,GR-0001334,MAT-00831,SUP-0018,2025-12-29,65,1,15384,DEF_SURFACE,CONCESSION,INSP-114
QC-0001335,GR-0001335,MAT-00516,SUP-0018,2026-01-04,169,19,112426,DEF_ELECTRICAL,REJECTED,INSP-112
QC-0001336,GR-0001336,MAT-00027,SUP-0101,2025-10-23,314,40,127388,DEF_DIMENSIONAL,REJECTED,INSP-117
QC-0001337,GR-0001337,MAT-00589,SUP-0010,2025-09-12,13,0,0,,ACCEPTED,INSP-103
QC-0001338,GR-0001338,MAT-00808,SUP-0010,2025-09-08,126,13,103174,DEF_ELECTRICAL,REJECTED,INSP-119
QC-0001339,GR-0001339,MAT-00909,SUP-0075,2025-08-09,70,7,100000,DEF_DIMENSIONAL,REJECTED,INSP-123
QC-0001340,GR-0001340,MAT-00702,SUP-0106,2026-03-01,21,1,47619,DEF_METALLURGY,REJECTED,INSP-114
QC-0001341,GR-0001341,MAT-00584,SUP-0017,2025-12-05,17,4,235294,DEF_PACKAGING,REJECTED,INSP-122
QC-0001342,GR-0001342,MAT-00173,SUP-0017,2025-12-06,123,38,308943,DEF_PACKAGING,REJECTED,INSP-102
QC-0001343,GR-0001343,MAT-00504,SUP-0031,2026-01-27,246,50,203252,DEF_PACKAGING,REJECTED,INSP-123
QC-0001344,GR-0001344,MAT-00096,SUP-0005,2025-12-22,441,57,129251,DEF_DIMENSIONAL,REJECTED,INSP-102
QC-0001345,GR-0001345,MAT-00077,SUP-0049,2026-03-23,28,3,107142,DEF_CONTAMINATION,REJECTED,INSP-104
QC-0001346,GR-0001346,MAT-01173,SUP-0001,2025-12-07,220,55,250000,DEF_SURFACE,REJECTED,INSP-106
QC-0001347,GR-0001347,MAT-00911,SUP-0095,2026-03-02,13,0,0,,ACCEPTED,INSP-121
QC-0001348,GR-0001348,MAT-00406,SUP-0095,2026-03-01,15,0,0,,ACCEPTED,INSP-119
QC-0001349,GR-0001349,MAT-00235,SUP-0062,2026-03-06,205,12,58536,DEF_CONTAMINATION,REJECTED,INSP-112
QC-0001350,GR-0001350,MAT-00282,SUP-0118,2026-01-01,320,33,103125,DEF_ELECTRICAL,REJECTED,INSP-106
QC-0001351,GR-0001351,MAT-00599,SUP-0004,2025-06-28,31,3,96774,DEF_PACKAGING,REJECTED,INSP-112
QC-0001352,GR-0001352,MAT-00970,SUP-0004,2025-06-28,150,13,86666,DEF_ELECTRICAL,REJECTED,INSP-107
QC-0001353,GR-0001353,MAT-00697,SUP-0004,2025-06-15,210,33,157142,DEF_METALLURGY,REJECTED,INSP-109
QC-0001354,GR-0001354,MAT-00085,SUP-0083,2025-11-18,15,0,0,,ACCEPTED,INSP-110
QC-0001355,GR-0001355,MAT-00548,SUP-0012,2026-03-14,101,12,118811,DEF_METALLURGY,REJECTED,INSP-123
QC-0001356,GR-0001356,MAT-00687,SUP-0049,2026-04-07,303,9,29702,DEF_METALLURGY,CONCESSION,INSP-125
QC-0001357,GR-0001357,MAT-00023,SUP-0013,2025-05-12,67,4,59701,DEF_ELECTRICAL,REJECTED,INSP-111
QC-0001358,GR-0001358,MAT-00462,SUP-0013,2025-05-11,10,1,100000,DEF_ELECTRICAL,REJECTED,INSP-115
QC-0001359,GR-0001359,MAT-00406,SUP-0046,2025-11-25,18,0,0,,ACCEPTED,INSP-105
QC-0001360,GR-0001360,MAT-00695,SUP-0046,2025-12-11,14,1,71428,DEF_SURFACE,REJECTED,INSP-114
QC-0001361,GR-0001361,MAT-00549,SUP-0110,2025-12-26,342,27,78947,DEF_METALLURGY,REJECTED,INSP-101
QC-0001362,GR-0001362,MAT-00876,SUP-0093,2025-04-28,10,3,300000,DEF_PACKAGING,REJECTED,INSP-119
QC-0001363,GR-0001363,MAT-00193,SUP-0093,2025-04-22,163,28,171779,DEF_SURFACE,REJECTED,INSP-121
QC-0001364,GR-0001364,MAT-00934,SUP-0007,2025-11-29,29,1,34482,DEF_SURFACE,CONCESSION,INSP-114
QC-0001365,GR-0001365,MAT-00169,SUP-0117,2026-01-30,199,5,25125,DEF_PACKAGING,CONCESSION,INSP-123
QC-0001366,GR-0001366,MAT-00958,SUP-0116,2026-01-20,704,28,39772,DEF_DIMENSIONAL,CONCESSION,INSP-115
QC-0001367,GR-0001367,MAT-00138,SUP-0100,2026-01-14,186,8,43010,DEF_CONTAMINATION,REJECTED,INSP-115
QC-0001368,GR-0001368,MAT-01060,SUP-0081,2025-07-22,141,15,106382,DEF_ELECTRICAL,REJECTED,INSP-107
QC-0001369,GR-0001369,MAT-01182,SUP-0077,2025-09-18,17,2,117647,DEF_DIMENSIONAL,REJECTED,INSP-119
QC-0001370,GR-0001370,MAT-00931,SUP-0003,2025-10-05,99,5,50505,DEF_CONTAMINATION,REJECTED,INSP-102
QC-0001371,GR-0001371,MAT-00878,SUP-0013,2026-03-04,74,7,94594,DEF_ELECTRICAL,REJECTED,INSP-101
QC-0001372,GR-0001372,MAT-00547,SUP-0016,2025-09-15,13,1,76923,DEF_METALLURGY,REJECTED,INSP-107
QC-0001373,GR-0001373,MAT-00433,SUP-0023,2025-08-04,69,1,14492,DEF_ELECTRICAL,CONCESSION,INSP-108
QC-0001374,GR-0001374,MAT-01123,SUP-0023,2025-08-02,17,0,0,,ACCEPTED,INSP-125
QC-0001375,GR-0001375,MAT-01177,SUP-0031,2025-04-15,21,3,142857,DEF_SURFACE,REJECTED,INSP-122
QC-0001376,GR-0001376,MAT-01039,SUP-0031,2025-05-01,40,6,150000,DEF_ELECTRICAL,REJECTED,INSP-120
QC-0001377,GR-0001377,MAT-01173,SUP-0001,2026-02-24,283,67,236749,DEF_METALLURGY,REJECTED,INSP-108
QC-0001378,GR-0001378,MAT-01032,SUP-0001,2026-03-04,331,91,274924,DEF_ELECTRICAL,REJECTED,INSP-108
QC-0001379,GR-0001379,MAT-00819,SUP-0001,2026-02-26,41,12,292682,DEF_DIMENSIONAL,REJECTED,INSP-125
QC-0001380,GR-0001380,MAT-00645,SUP-0052,2026-03-12,123,6,48780,DEF_DIMENSIONAL,REJECTED,INSP-122
QC-0001381,GR-0001381,MAT-00285,SUP-0052,2026-03-11,126,6,47619,DEF_PACKAGING,REJECTED,INSP-111
QC-0001382,GR-0001382,MAT-00933,SUP-0004,2025-09-29,608,59,97039,DEF_SURFACE,REJECTED,INSP-113
QC-0001383,GR-0001383,MAT-00160,SUP-0004,2025-10-02,238,30,126050,DEF_SURFACE,REJECTED,INSP-107
QC-0001384,GR-0001384,MAT-00823,SUP-0067,2025-03-10,653,80,122511,DEF_DIMENSIONAL,REJECTED,INSP-115
QC-0001385,GR-0001385,MAT-00143,SUP-0099,2026-01-22,17,0,0,,ACCEPTED,INSP-117
QC-0001386,GR-0001386,MAT-00031,SUP-0099,2026-01-30,108,2,18518,DEF_METALLURGY,CONCESSION,INSP-111
QC-0001387,GR-0001387,MAT-01189,SUP-0099,2026-01-25,49,0,0,,ACCEPTED,INSP-117
QC-0001388,GR-0001388,MAT-01043,SUP-0099,2026-01-25,65,1,15384,DEF_ELECTRICAL,CONCESSION,INSP-114
QC-0001389,GR-0001389,MAT-00165,SUP-0114,2026-03-12,14,4,285714,DEF_DIMENSIONAL,REJECTED,INSP-112
QC-0001390,GR-0001390,MAT-00418,SUP-0039,2026-02-14,17,1,58823,DEF_SURFACE,REJECTED,INSP-101
QC-0001391,GR-0001391,MAT-01094,SUP-0039,2026-02-22,20,2,100000,DEF_DIMENSIONAL,REJECTED,INSP-103
QC-0001392,GR-0001392,MAT-00631,SUP-0086,2025-06-26,16,0,0,,ACCEPTED,INSP-113
QC-0001393,GR-0001393,MAT-01097,SUP-0095,2026-01-31,346,11,31791,DEF_SURFACE,CONCESSION,INSP-116
QC-0001394,GR-0001394,MAT-00040,SUP-0060,2026-03-02,73,7,95890,DEF_SURFACE,REJECTED,INSP-124
QC-0001395,GR-0001395,MAT-00921,SUP-0060,2026-02-28,10,0,0,,ACCEPTED,INSP-103
QC-0001396,GR-0001396,MAT-00780,SUP-0012,2026-01-06,103,10,97087,DEF_PACKAGING,REJECTED,INSP-103
QC-0001397,GR-0001397,MAT-00005,SUP-0012,2026-01-10,185,22,118918,DEF_CONTAMINATION,REJECTED,INSP-123
QC-0001398,GR-0001398,MAT-01087,SUP-0012,2026-01-10,24,4,166666,DEF_ELECTRICAL,REJECTED,INSP-104
QC-0001399,GR-0001399,MAT-00557,SUP-0105,2026-02-14,10,0,0,,ACCEPTED,INSP-103
QC-0001400,GR-0001400,MAT-00301,SUP-0003,2026-03-20,10,2,200000,DEF_METALLURGY,REJECTED,INSP-105
QC-0001401,GR-0001401,MAT-00234,SUP-0092,2025-05-26,15,1,66666,DEF_METALLURGY,REJECTED,INSP-112
QC-0001402,GR-0001402,MAT-01190,SUP-0092,2025-06-01,175,12,68571,DEF_METALLURGY,REJECTED,INSP-104
QC-0001403,GR-0001403,MAT-00291,SUP-0059,2026-01-05,614,87,141693,DEF_DIMENSIONAL,REJECTED,INSP-119
QC-0001404,GR-0001404,MAT-00235,SUP-0059,2026-01-04,217,45,207373,DEF_SURFACE,REJECTED,INSP-124
QC-0001405,GR-0001405,MAT-00320,SUP-0059,2026-01-21,39,7,179487,DEF_SURFACE,REJECTED,INSP-115
QC-0001406,GR-0001406,MAT-00612,SUP-0098,2025-06-01,114,14,122807,DEF_SURFACE,REJECTED,INSP-109
QC-0001407,GR-0001407,MAT-01105,SUP-0097,2025-11-03,116,13,112068,DEF_PACKAGING,REJECTED,INSP-109
QC-0001408,GR-0001408,MAT-00850,SUP-0084,2025-11-05,10,2,200000,DEF_ELECTRICAL,REJECTED,INSP-115
QC-0001409,GR-0001409,MAT-00062,SUP-0084,2025-11-03,27,2,74074,DEF_PACKAGING,REJECTED,INSP-123
QC-0001410,GR-0001410,MAT-00040,SUP-0084,2025-11-03,42,5,119047,DEF_CONTAMINATION,REJECTED,INSP-121
QC-0001411,GR-0001411,MAT-01058,SUP-0105,2025-05-11,78,3,38461,DEF_SURFACE,CONCESSION,INSP-111
QC-0001412,GR-0001412,MAT-00155,SUP-0008,2025-10-08,108,12,111111,DEF_CONTAMINATION,REJECTED,INSP-108
QC-0001413,GR-0001413,MAT-00789,SUP-0008,2025-10-14,166,14,84337,DEF_ELECTRICAL,REJECTED,INSP-111
QC-0001414,GR-0001414,MAT-00352,SUP-0110,2025-06-19,10,0,0,,ACCEPTED,INSP-110
QC-0001415,GR-0001415,MAT-00274,SUP-0091,2026-02-23,132,5,37878,DEF_CONTAMINATION,CONCESSION,INSP-106
QC-0001416,GR-0001416,MAT-00668,SUP-0086,2025-05-09,463,3,6479,DEF_METALLURGY,CONCESSION,INSP-124
QC-0001417,GR-0001417,MAT-00605,SUP-0097,2025-12-22,278,21,75539,DEF_SURFACE,REJECTED,INSP-104
QC-0001418,GR-0001418,MAT-00039,SUP-0097,2025-12-20,25,3,120000,DEF_METALLURGY,REJECTED,INSP-120
QC-0001419,GR-0001419,MAT-00320,SUP-0097,2025-12-19,72,5,69444,DEF_CONTAMINATION,REJECTED,INSP-103
QC-0001420,GR-0001420,MAT-00940,SUP-0037,2025-09-23,77,5,64935,DEF_SURFACE,REJECTED,INSP-114
QC-0001421,GR-0001421,MAT-00925,SUP-0037,2025-09-22,98,4,40816,DEF_DIMENSIONAL,REJECTED,INSP-122
QC-0001422,GR-0001422,MAT-00121,SUP-0089,2025-05-19,57,3,52631,DEF_DIMENSIONAL,REJECTED,INSP-111
QC-0001423,GR-0001423,MAT-00602,SUP-0113,2025-11-25,34,1,29411,DEF_SURFACE,CONCESSION,INSP-108
QC-0001424,GR-0001424,MAT-00632,SUP-0113,2025-12-01,10,2,200000,DEF_PACKAGING,REJECTED,INSP-122
QC-0001425,GR-0001425,MAT-00727,SUP-0113,2025-11-27,28,7,250000,DEF_CONTAMINATION,REJECTED,INSP-122
QC-0001426,GR-0001426,MAT-00871,SUP-0016,2026-03-01,155,15,96774,DEF_DIMENSIONAL,REJECTED,INSP-109
QC-0001427,GR-0001427,MAT-00571,SUP-0016,2026-02-21,13,0,0,,ACCEPTED,INSP-109
QC-0001428,GR-0001428,MAT-00498,SUP-0016,2026-03-01,168,7,41666,DEF_ELECTRICAL,REJECTED,INSP-118
QC-0001429,GR-0001429,MAT-00558,SUP-0059,2026-03-21,10,3,300000,DEF_CONTAMINATION,REJECTED,INSP-103
QC-0001430,GR-0001430,MAT-01021,SUP-0059,2026-03-05,14,1,71428,DEF_ELECTRICAL,REJECTED,INSP-107
QC-0001431,GR-0001431,MAT-00757,SUP-0056,2025-05-03,726,58,79889,DEF_ELECTRICAL,REJECTED,INSP-119
QC-0001432,GR-0001432,MAT-00473,SUP-0056,2025-05-12,203,15,73891,DEF_DIMENSIONAL,REJECTED,INSP-113
QC-0001433,GR-0001433,MAT-00781,SUP-0056,2025-05-04,195,22,112820,DEF_PACKAGING,REJECTED,INSP-115
QC-0001434,GR-0001434,MAT-00950,SUP-0056,2025-04-30,128,9,70312,DEF_ELECTRICAL,REJECTED,INSP-109
QC-0001435,GR-0001435,MAT-01084,SUP-0112,2025-05-14,24,1,41666,DEF_PACKAGING,REJECTED,INSP-110
QC-0001436,GR-0001436,MAT-01162,SUP-0082,2025-12-11,106,15,141509,DEF_SURFACE,REJECTED,INSP-103
QC-0001437,GR-0001437,MAT-01075,SUP-0099,2025-09-07,260,7,26923,DEF_METALLURGY,CONCESSION,INSP-120
QC-0001438,GR-0001438,MAT-00023,SUP-0013,2025-08-22,179,11,61452,DEF_PACKAGING,REJECTED,INSP-123
QC-0001439,GR-0001439,MAT-01166,SUP-0013,2025-08-28,499,41,82164,DEF_ELECTRICAL,REJECTED,INSP-115
QC-0001440,GR-0001440,MAT-00363,SUP-0013,2025-08-18,263,25,95057,DEF_DIMENSIONAL,REJECTED,INSP-103
QC-0001441,GR-0001441,MAT-00707,SUP-0013,2025-08-17,10,1,100000,DEF_CONTAMINATION,REJECTED,INSP-123
QC-0001442,GR-0001442,MAT-00317,SUP-0012,2025-09-13,436,60,137614,DEF_METALLURGY,REJECTED,INSP-113
QC-0001443,GR-0001443,MAT-00819,SUP-0012,2025-09-05,120,13,108333,DEF_PACKAGING,REJECTED,INSP-107
QC-0001444,GR-0001444,MAT-00951,SUP-0117,2026-03-11,154,9,58441,DEF_PACKAGING,REJECTED,INSP-124
QC-0001445,GR-0001445,MAT-00101,SUP-0004,2025-11-09,116,16,137931,DEF_PACKAGING,REJECTED,INSP-122
QC-0001446,GR-0001446,MAT-00956,SUP-0056,2025-09-26,35,7,200000,DEF_CONTAMINATION,REJECTED,INSP-121
QC-0001447,GR-0001447,MAT-00625,SUP-0056,2025-09-27,14,2,142857,DEF_METALLURGY,REJECTED,INSP-116
QC-0001448,GR-0001448,MAT-00465,SUP-0066,2025-11-22,28,2,71428,DEF_PACKAGING,REJECTED,INSP-102
QC-0001449,GR-0001449,MAT-00243,SUP-0066,2025-11-22,10,2,200000,DEF_PACKAGING,REJECTED,INSP-116
QC-0001450,GR-0001450,MAT-01058,SUP-0105,2025-08-18,118,3,25423,DEF_PACKAGING,CONCESSION,INSP-120
QC-0001451,GR-0001451,MAT-00272,SUP-0105,2025-08-18,10,0,0,,ACCEPTED,INSP-101
QC-0001452,GR-0001452,MAT-01107,SUP-0082,2026-02-23,245,36,146938,DEF_METALLURGY,REJECTED,INSP-119
QC-0001453,GR-0001453,MAT-00310,SUP-0096,2025-12-20,10,1,100000,DEF_SURFACE,REJECTED,INSP-123
QC-0001454,GR-0001454,MAT-00993,SUP-0096,2025-12-29,745,50,67114,DEF_DIMENSIONAL,REJECTED,INSP-101
QC-0001455,GR-0001455,MAT-00877,SUP-0096,2025-12-24,13,1,76923,DEF_CONTAMINATION,REJECTED,INSP-105
QC-0001456,GR-0001456,MAT-00210,SUP-0117,2025-10-21,35,2,57142,DEF_PACKAGING,REJECTED,INSP-124
QC-0001457,GR-0001457,MAT-01117,SUP-0117,2025-10-25,35,4,114285,DEF_PACKAGING,REJECTED,INSP-111
QC-0001458,GR-0001458,MAT-00070,SUP-0117,2025-10-20,26,1,38461,DEF_SURFACE,CONCESSION,INSP-123
QC-0001459,GR-0001459,MAT-00758,SUP-0036,2025-12-30,136,1,7352,DEF_CONTAMINATION,CONCESSION,INSP-109
QC-0001460,GR-0001460,MAT-00504,SUP-0031,2025-08-14,711,142,199718,DEF_CONTAMINATION,REJECTED,INSP-110
QC-0001461,GR-0001461,MAT-00595,SUP-0044,2026-01-21,22,4,181818,DEF_ELECTRICAL,REJECTED,INSP-114
QC-0001462,GR-0001462,MAT-00247,SUP-0044,2026-02-08,576,87,151041,DEF_SURFACE,REJECTED,INSP-124
QC-0001463,GR-0001463,MAT-00652,SUP-0044,2026-01-02,10,2,200000,DEF_SURFACE,REJECTED,INSP-105
QC-0001464,GR-0001464,MAT-00149,SUP-0073,2025-11-18,196,24,122448,DEF_METALLURGY,REJECTED,INSP-111
QC-0001465,GR-0001465,MAT-00027,SUP-0101,2026-01-02,195,27,138461,DEF_CONTAMINATION,REJECTED,INSP-115
QC-0001466,GR-0001466,MAT-01017,SUP-0044,2026-02-03,49,9,183673,DEF_PACKAGING,REJECTED,INSP-122
QC-0001467,GR-0001467,MAT-00368,SUP-0068,2025-05-15,596,15,25167,DEF_PACKAGING,CONCESSION,INSP-101
QC-0001468,GR-0001468,MAT-01196,SUP-0068,2025-05-14,508,8,15748,DEF_ELECTRICAL,CONCESSION,INSP-119
QC-0001469,GR-0001469,MAT-00146,SUP-0068,2025-05-19,50,0,0,,ACCEPTED,INSP-116
QC-0001470,GR-0001470,MAT-01057,SUP-0059,2026-03-02,328,55,167682,DEF_DIMENSIONAL,REJECTED,INSP-101
QC-0001471,GR-0001471,MAT-00377,SUP-0087,2025-08-25,239,2,8368,DEF_PACKAGING,CONCESSION,INSP-124
QC-0001472,GR-0001472,MAT-00001,SUP-0093,2026-02-25,36,8,222222,DEF_ELECTRICAL,REJECTED,INSP-108
QC-0001473,GR-0001473,MAT-00852,SUP-0084,2026-03-12,73,5,68493,DEF_DIMENSIONAL,REJECTED,INSP-110
QC-0001474,GR-0001474,MAT-00011,SUP-0083,2026-03-13,257,20,77821,DEF_METALLURGY,REJECTED,INSP-110
QC-0001475,GR-0001475,MAT-00966,SUP-0083,2026-03-20,52,6,115384,DEF_PACKAGING,REJECTED,INSP-122
QC-0001476,GR-0001476,MAT-01142,SUP-0109,2025-12-08,544,2,3676,DEF_DIMENSIONAL,CONCESSION,INSP-108
QC-0001477,GR-0001477,MAT-01103,SUP-0094,2025-11-25,73,2,27397,DEF_CONTAMINATION,CONCESSION,INSP-106
QC-0001478,GR-0001478,MAT-00076,SUP-0120,2025-07-14,23,0,0,,ACCEPTED,INSP-120
QC-0001479,GR-0001479,MAT-00162,SUP-0026,2026-02-27,31,3,96774,DEF_PACKAGING,REJECTED,INSP-110
QC-0001480,GR-0001480,MAT-00804,SUP-0117,2025-09-18,19,1,52631,DEF_METALLURGY,REJECTED,INSP-119
QC-0001481,GR-0001481,MAT-01008,SUP-0024,2025-11-19,74,5,67567,DEF_CONTAMINATION,REJECTED,INSP-111
QC-0001482,GR-0001482,MAT-00026,SUP-0001,2025-10-23,315,79,250793,DEF_PACKAGING,REJECTED,INSP-122
QC-0001483,GR-0001483,MAT-00038,SUP-0016,2025-07-03,10,0,0,,ACCEPTED,INSP-108
QC-0001484,GR-0001484,MAT-00429,SUP-0016,2025-07-06,503,35,69582,DEF_ELECTRICAL,REJECTED,INSP-104
QC-0001485,GR-0001485,MAT-00807,SUP-0016,2025-07-03,305,21,68852,DEF_SURFACE,REJECTED,INSP-101
QC-0001486,GR-0001486,MAT-00082,SUP-0036,2025-12-28,389,5,12853,DEF_DIMENSIONAL,CONCESSION,INSP-111
QC-0001487,GR-0001487,MAT-00571,SUP-0115,2025-05-16,10,2,200000,DEF_METALLURGY,REJECTED,INSP-118
QC-0001488,GR-0001488,MAT-00424,SUP-0012,2025-09-18,135,17,125925,DEF_DIMENSIONAL,REJECTED,INSP-111
QC-0001489,GR-0001489,MAT-00389,SUP-0008,2025-02-09,694,72,103746,DEF_SURFACE,REJECTED,INSP-106
QC-0001490,GR-0001490,MAT-00110,SUP-0107,2025-11-30,51,3,58823,DEF_CONTAMINATION,REJECTED,INSP-121
QC-0001491,GR-0001491,MAT-00990,SUP-0107,2025-12-03,13,1,76923,DEF_METALLURGY,REJECTED,INSP-103
QC-0001492,GR-0001492,MAT-00578,SUP-0042,2025-09-07,696,48,68965,DEF_METALLURGY,REJECTED,INSP-107
QC-0001493,GR-0001493,MAT-00799,SUP-0042,2025-09-05,94,9,95744,DEF_DIMENSIONAL,REJECTED,INSP-102
QC-0001494,GR-0001494,MAT-00198,SUP-0039,2026-02-04,355,58,163380,DEF_ELECTRICAL,REJECTED,INSP-101
QC-0001495,GR-0001495,MAT-00818,SUP-0039,2026-02-07,73,8,109589,DEF_CONTAMINATION,REJECTED,INSP-109
QC-0001496,GR-0001496,MAT-00245,SUP-0118,2025-05-26,15,0,0,,ACCEPTED,INSP-105
QC-0001497,GR-0001497,MAT-00326,SUP-0118,2025-05-29,237,28,118143,DEF_SURFACE,REJECTED,INSP-118
QC-0001498,GR-0001498,MAT-00643,SUP-0118,2025-05-25,14,2,142857,DEF_ELECTRICAL,REJECTED,INSP-111
QC-0001499,GR-0001499,MAT-00964,SUP-0118,2025-05-21,55,9,163636,DEF_CONTAMINATION,REJECTED,INSP-121
QC-0001500,GR-0001500,MAT-00975,SUP-0052,2026-03-15,219,15,68493,DEF_SURFACE,REJECTED,INSP-125
QC-0001501,GR-0001501,MAT-00117,SUP-0072,2025-04-07,16,2,125000,DEF_DIMENSIONAL,REJECTED,INSP-102
QC-0001502,GR-0001502,MAT-00151,SUP-0072,2025-03-24,16,2,125000,DEF_METALLURGY,REJECTED,INSP-117
QC-0001503,GR-0001503,MAT-01173,SUP-0001,2025-10-16,312,90,288461,DEF_SURFACE,REJECTED,INSP-110
QC-0001504,GR-0001504,MAT-00794,SUP-0114,2026-02-02,17,1,58823,DEF_METALLURGY,REJECTED,INSP-119
QC-0001505,GR-0001505,MAT-01181,SUP-0056,2025-09-21,116,11,94827,DEF_DIMENSIONAL,REJECTED,INSP-121
QC-0001506,GR-0001506,MAT-00788,SUP-0056,2025-09-25,97,12,123711,DEF_DIMENSIONAL,REJECTED,INSP-101
QC-0001507,GR-0001507,MAT-01095,SUP-0056,2025-09-20,33,6,181818,DEF_ELECTRICAL,REJECTED,INSP-122
QC-0001508,GR-0001508,MAT-00266,SUP-0056,2025-09-23,93,3,32258,DEF_DIMENSIONAL,CONCESSION,INSP-109
QC-0001509,GR-0001509,MAT-01138,SUP-0109,2025-06-03,97,0,0,,ACCEPTED,INSP-107
QC-0001510,GR-0001510,MAT-00678,SUP-0069,2025-10-14,146,2,13698,DEF_DIMENSIONAL,CONCESSION,INSP-125
QC-0001511,GR-0001511,MAT-00018,SUP-0019,2025-09-05,267,23,86142,DEF_ELECTRICAL,REJECTED,INSP-104
QC-0001512,GR-0001512,MAT-00879,SUP-0119,2026-03-19,78,8,102564,DEF_DIMENSIONAL,REJECTED,INSP-104
QC-0001513,GR-0001513,MAT-00444,SUP-0119,2026-03-25,250,18,72000,DEF_SURFACE,REJECTED,INSP-106
QC-0001514,GR-0001514,MAT-00243,SUP-0021,2025-09-29,10,2,200000,DEF_SURFACE,REJECTED,INSP-122
QC-0001515,GR-0001515,MAT-00748,SUP-0021,2026-02-25,56,1,17857,DEF_SURFACE,CONCESSION,INSP-124
QC-0001516,GR-0001516,MAT-00943,SUP-0043,2026-04-13,166,12,72289,DEF_ELECTRICAL,REJECTED,INSP-102
QC-0001517,GR-0001517,MAT-01177,SUP-0031,2025-12-21,17,2,117647,DEF_SURFACE,REJECTED,INSP-107
QC-0001518,GR-0001518,MAT-00089,SUP-0031,2025-12-22,229,46,200873,DEF_SURFACE,REJECTED,INSP-124
QC-0001519,GR-0001519,MAT-00950,SUP-0089,2026-04-17,76,5,65789,DEF_DIMENSIONAL,REJECTED,INSP-107
QC-0001520,GR-0001520,MAT-00560,SUP-0089,2026-04-18,184,14,76086,DEF_METALLURGY,REJECTED,INSP-122
QC-0001521,GR-0001521,MAT-00281,SUP-0001,2025-12-25,128,27,210937,DEF_METALLURGY,REJECTED,INSP-118
QC-0001522,GR-0001522,MAT-00585,SUP-0001,2025-11-27,176,60,340909,DEF_PACKAGING,REJECTED,INSP-104
QC-0001523,GR-0001523,MAT-00798,SUP-0022,2025-05-31,16,0,0,,ACCEPTED,INSP-106
QC-0001524,GR-0001524,MAT-00760,SUP-0074,2025-11-26,10,0,0,,ACCEPTED,INSP-111
QC-0001525,GR-0001525,MAT-00835,SUP-0009,2025-11-25,77,17,220779,DEF_METALLURGY,REJECTED,INSP-109
QC-0001526,GR-0001526,MAT-00861,SUP-0009,2025-11-19,327,57,174311,DEF_PACKAGING,REJECTED,INSP-103
QC-0001527,GR-0001527,MAT-00635,SUP-0009,2025-11-20,237,36,151898,DEF_DIMENSIONAL,REJECTED,INSP-102
QC-0001528,GR-0001528,MAT-00063,SUP-0068,2026-01-01,60,0,0,,ACCEPTED,INSP-103
QC-0001529,GR-0001529,MAT-00864,SUP-0068,2026-01-03,345,3,8695,DEF_PACKAGING,CONCESSION,INSP-111
QC-0001530,GR-0001530,MAT-00832,SUP-0068,2026-01-02,79,0,0,,ACCEPTED,INSP-105
QC-0001531,GR-0001531,MAT-00403,SUP-0077,2026-01-27,48,4,83333,DEF_DIMENSIONAL,REJECTED,INSP-111
QC-0001532,GR-0001532,MAT-00408,SUP-0068,2025-02-18,52,3,57692,DEF_PACKAGING,REJECTED,INSP-121
QC-0001533,GR-0001533,MAT-00185,SUP-0068,2025-02-17,201,5,24875,DEF_METALLURGY,CONCESSION,INSP-106
QC-0001534,GR-0001534,MAT-00193,SUP-0040,2025-07-24,246,26,105691,DEF_METALLURGY,REJECTED,INSP-118
QC-0001535,GR-0001535,MAT-00765,SUP-0015,2026-04-01,154,30,194805,DEF_METALLURGY,REJECTED,INSP-108
QC-0001536,GR-0001536,MAT-00669,SUP-0038,2026-01-24,375,17,45333,DEF_DIMENSIONAL,REJECTED,INSP-123
QC-0001537,GR-0001537,MAT-00958,SUP-0116,2026-02-02,710,22,30985,DEF_METALLURGY,CONCESSION,INSP-110
QC-0001538,GR-0001538,MAT-00399,SUP-0094,2026-01-21,42,0,0,,ACCEPTED,INSP-104
QC-0001539,GR-0001539,MAT-01121,SUP-0094,2026-01-20,72,1,13888,DEF_PACKAGING,CONCESSION,INSP-115
QC-0001540,GR-0001540,MAT-00767,SUP-0080,2025-09-25,18,2,111111,DEF_PACKAGING,REJECTED,INSP-103
QC-0001541,GR-0001541,MAT-00980,SUP-0080,2025-09-25,65,4,61538,DEF_SURFACE,REJECTED,INSP-101
QC-0001542,GR-0001542,MAT-00182,SUP-0080,2025-09-21,47,2,42553,DEF_PACKAGING,REJECTED,INSP-121
QC-0001543,GR-0001543,MAT-00501,SUP-0080,2025-09-24,66,4,60606,DEF_DIMENSIONAL,REJECTED,INSP-104
QC-0001544,GR-0001544,MAT-00206,SUP-0023,2025-06-03,22,0,0,,ACCEPTED,INSP-107
QC-0001545,GR-0001545,MAT-00445,SUP-0104,2026-03-06,10,0,0,,ACCEPTED,INSP-114
QC-0001546,GR-0001546,MAT-00273,SUP-0104,2026-03-02,13,2,153846,DEF_DIMENSIONAL,REJECTED,INSP-103
QC-0001547,GR-0001547,MAT-00830,SUP-0065,2026-01-23,702,80,113960,DEF_DIMENSIONAL,REJECTED,INSP-101
QC-0001548,GR-0001548,MAT-00660,SUP-0065,2026-01-22,73,6,82191,DEF_ELECTRICAL,REJECTED,INSP-122
QC-0001549,GR-0001549,MAT-00336,SUP-0065,2026-01-27,319,33,103448,DEF_PACKAGING,REJECTED,INSP-117
QC-0001550,GR-0001550,MAT-00943,SUP-0043,2025-05-03,175,17,97142,DEF_DIMENSIONAL,REJECTED,INSP-114
QC-0001551,GR-0001551,MAT-00327,SUP-0074,2025-10-18,14,2,142857,DEF_ELECTRICAL,REJECTED,INSP-113
QC-0001552,GR-0001552,MAT-00134,SUP-0016,2025-12-07,114,7,61403,DEF_METALLURGY,REJECTED,INSP-121
QC-0001553,GR-0001553,MAT-00601,SUP-0016,2025-11-30,10,0,0,,ACCEPTED,INSP-118
QC-0001554,GR-0001554,MAT-00609,SUP-0083,2025-11-19,341,21,61583,DEF_SURFACE,REJECTED,INSP-123
QC-0001555,GR-0001555,MAT-00019,SUP-0057,2025-11-16,86,4,46511,DEF_CONTAMINATION,REJECTED,INSP-125
QC-0001556,GR-0001556,MAT-00551,SUP-0057,2025-11-14,282,23,81560,DEF_METALLURGY,REJECTED,INSP-123
QC-0001557,GR-0001557,MAT-00260,SUP-0057,2025-11-14,68,7,102941,DEF_SURFACE,REJECTED,INSP-120
QC-0001558,GR-0001558,MAT-00118,SUP-0076,2025-09-01,523,63,120458,DEF_ELECTRICAL,REJECTED,INSP-121
QC-0001559,GR-0001559,MAT-00414,SUP-0076,2025-08-23,480,56,116666,DEF_SURFACE,REJECTED,INSP-102
QC-0001560,GR-0001560,MAT-00453,SUP-0074,2025-10-14,62,6,96774,DEF_METALLURGY,REJECTED,INSP-111
QC-0001561,GR-0001561,MAT-00504,SUP-0074,2025-10-20,277,17,61371,DEF_CONTAMINATION,REJECTED,INSP-123
QC-0001562,GR-0001562,MAT-00317,SUP-0074,2025-10-18,260,18,69230,DEF_PACKAGING,REJECTED,INSP-123
QC-0001563,GR-0001563,MAT-00886,SUP-0081,2025-10-29,15,0,0,,ACCEPTED,INSP-115
QC-0001564,GR-0001564,MAT-00980,SUP-0001,2026-03-29,18,5,277777,DEF_DIMENSIONAL,REJECTED,INSP-105
QC-0001565,GR-0001565,MAT-00776,SUP-0001,2026-04-04,157,48,305732,DEF_PACKAGING,REJECTED,INSP-110
QC-0001566,GR-0001566,MAT-00687,SUP-0049,2025-10-27,115,7,60869,DEF_METALLURGY,REJECTED,INSP-101
QC-0001567,GR-0001567,MAT-00590,SUP-0049,2025-10-24,51,3,58823,DEF_PACKAGING,REJECTED,INSP-115
QC-0001568,GR-0001568,MAT-00077,SUP-0049,2026-03-05,22,0,0,,ACCEPTED,INSP-107
QC-0001569,GR-0001569,MAT-00038,SUP-0016,2026-03-29,10,0,0,,ACCEPTED,INSP-124
QC-0001570,GR-0001570,MAT-00929,SUP-0061,2025-08-04,655,9,13740,DEF_METALLURGY,CONCESSION,INSP-119
QC-0001571,GR-0001571,MAT-00881,SUP-0061,2025-08-02,64,1,15625,DEF_DIMENSIONAL,CONCESSION,INSP-115
QC-0001572,GR-0001572,MAT-00029,SUP-0061,2025-08-05,163,1,6134,DEF_DIMENSIONAL,CONCESSION,INSP-113
QC-0001573,GR-0001573,MAT-00502,SUP-0083,2026-01-20,18,1,55555,DEF_PACKAGING,REJECTED,INSP-117
QC-0001574,GR-0001574,MAT-00827,SUP-0083,2026-01-22,679,37,54491,DEF_PACKAGING,REJECTED,INSP-114
QC-0001575,GR-0001575,MAT-00538,SUP-0066,2025-11-13,84,13,154761,DEF_PACKAGING,REJECTED,INSP-106
QC-0001576,GR-0001576,MAT-00995,SUP-0065,2026-04-09,502,50,99601,DEF_DIMENSIONAL,REJECTED,INSP-123
QC-0001577,GR-0001577,MAT-01169,SUP-0119,2025-09-02,19,1,52631,DEF_SURFACE,REJECTED,INSP-123
QC-0001578,GR-0001578,MAT-01037,SUP-0119,2025-08-27,40,7,175000,DEF_METALLURGY,REJECTED,INSP-112
QC-0001579,GR-0001579,MAT-00646,SUP-0016,2026-01-23,63,3,47619,DEF_ELECTRICAL,REJECTED,INSP-101
QC-0001580,GR-0001580,MAT-00426,SUP-0016,2026-01-19,58,2,34482,DEF_DIMENSIONAL,CONCESSION,INSP-114
QC-0001581,GR-0001581,MAT-00854,SUP-0085,2025-12-17,141,3,21276,DEF_PACKAGING,CONCESSION,INSP-122
QC-0001582,GR-0001582,MAT-00527,SUP-0055,2025-09-11,119,7,58823,DEF_METALLURGY,REJECTED,INSP-102
QC-0001583,GR-0001583,MAT-01093,SUP-0043,2025-07-10,76,5,65789,DEF_METALLURGY,REJECTED,INSP-121
QC-0001584,GR-0001584,MAT-00467,SUP-0029,2026-01-19,280,36,128571,DEF_ELECTRICAL,REJECTED,INSP-118
QC-0001585,GR-0001585,MAT-00895,SUP-0084,2026-02-09,366,19,51912,DEF_DIMENSIONAL,REJECTED,INSP-120
QC-0001586,GR-0001586,MAT-00623,SUP-0084,2026-02-05,17,2,117647,DEF_CONTAMINATION,REJECTED,INSP-101
QC-0001587,GR-0001587,MAT-00615,SUP-0084,2026-02-09,10,0,0,,ACCEPTED,INSP-121
QC-0001588,GR-0001588,MAT-00331,SUP-0020,2025-09-29,56,8,142857,DEF_PACKAGING,REJECTED,INSP-106
QC-0001589,GR-0001589,MAT-00132,SUP-0020,2025-09-27,164,9,54878,DEF_PACKAGING,REJECTED,INSP-103
QC-0001590,GR-0001590,MAT-01027,SUP-0093,2026-02-02,11,6,545454,DEF_CONTAMINATION,REJECTED,INSP-102
QC-0001591,GR-0001591,MAT-00990,SUP-0004,2025-11-02,10,0,0,,ACCEPTED,INSP-124
QC-0001592,GR-0001592,MAT-00795,SUP-0004,2025-10-30,23,5,217391,DEF_PACKAGING,REJECTED,INSP-125
QC-0001593,GR-0001593,MAT-00788,SUP-0004,2025-11-03,284,30,105633,DEF_DIMENSIONAL,REJECTED,INSP-116
QC-0001594,GR-0001594,MAT-00410,SUP-0004,2025-11-09,142,10,70422,DEF_DIMENSIONAL,REJECTED,INSP-106
QC-0001595,GR-0001595,MAT-00524,SUP-0103,2026-02-25,123,22,178861,DEF_PACKAGING,REJECTED,INSP-104
QC-0001596,GR-0001596,MAT-01099,SUP-0103,2026-02-25,733,134,182810,DEF_SURFACE,REJECTED,INSP-108
QC-0001597,GR-0001597,MAT-00556,SUP-0095,2025-07-24,406,10,24630,DEF_ELECTRICAL,CONCESSION,INSP-108
QC-0001598,GR-0001598,MAT-00909,SUP-0075,2026-04-12,29,3,103448,DEF_ELECTRICAL,REJECTED,INSP-107
QC-0001599,GR-0001599,MAT-00008,SUP-0075,2026-04-17,28,4,142857,DEF_CONTAMINATION,REJECTED,INSP-120
QC-0001600,GR-0001600,MAT-00911,SUP-0095,2025-09-07,32,1,31250,DEF_PACKAGING,CONCESSION,INSP-121
QC-0001601,GR-0001601,MAT-00122,SUP-0120,2025-10-22,15,0,0,,ACCEPTED,INSP-104
QC-0001602,GR-0001602,MAT-00858,SUP-0035,2025-06-08,492,81,164634,DEF_DIMENSIONAL,REJECTED,INSP-117
QC-0001603,GR-0001603,MAT-00833,SUP-0035,2025-06-05,36,6,166666,DEF_SURFACE,REJECTED,INSP-102
QC-0001604,GR-0001604,MAT-00677,SUP-0083,2025-07-04,10,0,0,,ACCEPTED,INSP-113
QC-0001605,GR-0001605,MAT-01011,SUP-0083,2025-06-29,180,15,83333,DEF_PACKAGING,REJECTED,INSP-117
QC-0001606,GR-0001606,MAT-00353,SUP-0026,2025-12-16,33,4,121212,DEF_ELECTRICAL,REJECTED,INSP-102
QC-0001607,GR-0001607,MAT-01073,SUP-0095,2025-08-29,63,2,31746,DEF_ELECTRICAL,CONCESSION,INSP-114
QC-0001608,GR-0001608,MAT-00272,SUP-0095,2025-08-30,10,0,0,,ACCEPTED,INSP-120
QC-0001609,GR-0001609,MAT-00118,SUP-0095,2025-09-01,364,9,24725,DEF_DIMENSIONAL,CONCESSION,INSP-119
QC-0001610,GR-0001610,MAT-00850,SUP-0084,2026-03-20,10,0,0,,ACCEPTED,INSP-124
QC-0001611,GR-0001611,MAT-00526,SUP-0116,2025-03-05,258,8,31007,DEF_SURFACE,CONCESSION,INSP-125
QC-0001612,GR-0001612,MAT-00607,SUP-0021,2025-10-25,10,0,0,,ACCEPTED,INSP-112
QC-0001613,GR-0001613,MAT-00833,SUP-0021,2025-10-24,34,0,0,,ACCEPTED,INSP-109
QC-0001614,GR-0001614,MAT-00873,SUP-0021,2025-10-26,10,0,0,,ACCEPTED,INSP-110
QC-0001615,GR-0001615,MAT-00478,SUP-0022,2025-10-02,105,4,38095,DEF_METALLURGY,CONCESSION,INSP-121
QC-0001616,GR-0001616,MAT-00503,SUP-0022,2025-09-29,98,1,10204,DEF_METALLURGY,CONCESSION,INSP-123
QC-0001617,GR-0001617,MAT-00094,SUP-0003,2025-03-31,26,3,115384,DEF_SURFACE,REJECTED,INSP-125
QC-0001618,GR-0001618,MAT-00125,SUP-0066,2025-06-24,17,0,0,,ACCEPTED,INSP-119
QC-0001619,GR-0001619,MAT-01185,SUP-0021,2025-12-07,21,0,0,,ACCEPTED,INSP-111
QC-0001620,GR-0001620,MAT-00993,SUP-0021,2025-12-07,670,38,56716,DEF_PACKAGING,REJECTED,INSP-103
QC-0001621,GR-0001621,MAT-01180,SUP-0021,2025-12-05,338,20,59171,DEF_PACKAGING,REJECTED,INSP-107
QC-0001622,GR-0001622,MAT-00554,SUP-0040,2025-12-19,98,18,183673,DEF_CONTAMINATION,REJECTED,INSP-123
QC-0001623,GR-0001623,MAT-01198,SUP-0062,2025-03-20,125,7,56000,DEF_ELECTRICAL,REJECTED,INSP-119
QC-0001624,GR-0001624,MAT-00514,SUP-0010,2025-11-17,44,5,113636,DEF_ELECTRICAL,REJECTED,INSP-105
QC-0001625,GR-0001625,MAT-00478,SUP-0010,2025-11-13,182,11,60439,DEF_PACKAGING,REJECTED,INSP-108
QC-0001626,GR-0001626,MAT-00725,SUP-0010,2025-11-19,696,51,73275,DEF_METALLURGY,REJECTED,INSP-119
QC-0001627,GR-0001627,MAT-00640,SUP-0082,2026-01-17,20,3,150000,DEF_PACKAGING,REJECTED,INSP-115
QC-0001628,GR-0001628,MAT-00942,SUP-0082,2026-01-18,432,85,196759,DEF_ELECTRICAL,REJECTED,INSP-105
QC-0001629,GR-0001629,MAT-01091,SUP-0034,2026-01-29,719,24,33379,DEF_PACKAGING,CONCESSION,INSP-114
QC-0001630,GR-0001630,MAT-00633,SUP-0085,2025-09-16,140,2,14285,DEF_DIMENSIONAL,CONCESSION,INSP-109
QC-0001631,GR-0001631,MAT-00326,SUP-0085,2025-09-15,270,7,25925,DEF_ELECTRICAL,CONCESSION,INSP-121
QC-0001632,GR-0001632,MAT-01026,SUP-0085,2025-09-14,463,11,23758,DEF_PACKAGING,CONCESSION,INSP-110
QC-0001633,GR-0001633,MAT-00265,SUP-0085,2025-09-15,326,5,15337,DEF_PACKAGING,CONCESSION,INSP-121
QC-0001634,GR-0001634,MAT-00656,SUP-0088,2026-02-17,296,8,27027,DEF_METALLURGY,CONCESSION,INSP-110
QC-0001635,GR-0001635,MAT-00451,SUP-0091,2026-02-14,23,2,86956,DEF_PACKAGING,REJECTED,INSP-118
QC-0001636,GR-0001636,MAT-00772,SUP-0091,2026-02-15,144,11,76388,DEF_PACKAGING,REJECTED,INSP-122
QC-0001637,GR-0001637,MAT-00574,SUP-0065,2025-12-19,35,4,114285,DEF_DIMENSIONAL,REJECTED,INSP-124
QC-0001638,GR-0001638,MAT-00826,SUP-0016,2025-06-29,558,35,62724,DEF_METALLURGY,REJECTED,INSP-119
QC-0001639,GR-0001639,MAT-00761,SUP-0016,2025-06-30,10,1,100000,DEF_ELECTRICAL,REJECTED,INSP-104
QC-0001640,GR-0001640,MAT-01085,SUP-0075,2025-04-04,61,5,81967,DEF_DIMENSIONAL,REJECTED,INSP-117
QC-0001641,GR-0001641,MAT-00782,SUP-0055,2026-02-16,119,0,0,,ACCEPTED,INSP-110
QC-0001642,GR-0001642,MAT-00048,SUP-0012,2026-02-25,23,2,86956,DEF_SURFACE,REJECTED,INSP-104
QC-0001643,GR-0001643,MAT-00971,SUP-0089,2025-06-27,166,20,120481,DEF_CONTAMINATION,REJECTED,INSP-113
QC-0001644,GR-0001644,MAT-00311,SUP-0089,2025-06-20,33,5,151515,DEF_ELECTRICAL,REJECTED,INSP-113
QC-0001645,GR-0001645,MAT-00467,SUP-0089,2025-06-21,216,23,106481,DEF_METALLURGY,REJECTED,INSP-114
QC-0001646,GR-0001646,MAT-01174,SUP-0055,2025-08-28,73,1,13698,DEF_DIMENSIONAL,CONCESSION,INSP-102
QC-0001647,GR-0001647,MAT-00648,SUP-0055,2025-08-30,644,17,26397,DEF_ELECTRICAL,CONCESSION,INSP-122
QC-0001648,GR-0001648,MAT-01111,SUP-0030,2025-04-04,317,40,126182,DEF_SURFACE,REJECTED,INSP-111
QC-0001649,GR-0001649,MAT-00915,SUP-0030,2025-03-31,24,2,83333,DEF_DIMENSIONAL,REJECTED,INSP-103
QC-0001650,GR-0001650,MAT-00532,SUP-0024,2025-09-14,271,13,47970,DEF_ELECTRICAL,REJECTED,INSP-101
QC-0001651,GR-0001651,MAT-01075,SUP-0099,2026-02-06,213,0,0,,ACCEPTED,INSP-121
QC-0001652,GR-0001652,MAT-00136,SUP-0099,2026-02-05,18,0,0,,ACCEPTED,INSP-125
QC-0001653,GR-0001653,MAT-00133,SUP-0044,2026-01-11,33,10,303030,DEF_CONTAMINATION,REJECTED,INSP-119
QC-0001654,GR-0001654,MAT-01045,SUP-0044,2026-01-10,18,4,222222,DEF_DIMENSIONAL,REJECTED,INSP-109
QC-0001655,GR-0001655,MAT-00800,SUP-0057,2025-10-08,76,4,52631,DEF_METALLURGY,REJECTED,INSP-115
QC-0001656,GR-0001656,MAT-01049,SUP-0076,2025-11-04,243,25,102880,DEF_ELECTRICAL,REJECTED,INSP-120
QC-0001657,GR-0001657,MAT-00035,SUP-0057,2025-02-05,38,0,0,,ACCEPTED,INSP-105
QC-0001658,GR-0001658,MAT-00223,SUP-0021,2025-09-21,127,5,39370,DEF_SURFACE,CONCESSION,INSP-124
QC-0001659,GR-0001659,MAT-00684,SUP-0021,2025-09-24,592,35,59121,DEF_PACKAGING,REJECTED,INSP-113
QC-0001660,GR-0001660,MAT-01121,SUP-0068,2026-01-09,47,2,42553,DEF_ELECTRICAL,REJECTED,INSP-125
QC-0001661,GR-0001661,MAT-00793,SUP-0068,2026-01-09,329,5,15197,DEF_CONTAMINATION,CONCESSION,INSP-109
QC-0001662,GR-0001662,MAT-00076,SUP-0120,2026-03-19,21,1,47619,DEF_METALLURGY,REJECTED,INSP-113
QC-0001663,GR-0001663,MAT-00301,SUP-0003,2025-03-29,10,1,100000,DEF_CONTAMINATION,REJECTED,INSP-112
QC-0001664,GR-0001664,MAT-01048,SUP-0003,2025-04-03,273,32,117216,DEF_CONTAMINATION,REJECTED,INSP-125
QC-0001665,GR-0001665,MAT-00895,SUP-0003,2025-04-02,273,27,98901,DEF_CONTAMINATION,REJECTED,INSP-113
QC-0001666,GR-0001666,MAT-00931,SUP-0003,2026-04-07,111,7,63063,DEF_CONTAMINATION,REJECTED,INSP-107
QC-0001667,GR-0001667,MAT-00914,SUP-0107,2026-02-21,60,3,50000,DEF_ELECTRICAL,REJECTED,INSP-111
QC-0001668,GR-0001668,MAT-00447,SUP-0107,2026-02-17,10,1,100000,DEF_DIMENSIONAL,REJECTED,INSP-115
QC-0001669,GR-0001669,MAT-00675,SUP-0102,2025-11-15,41,1,24390,DEF_DIMENSIONAL,CONCESSION,INSP-114
QC-0001670,GR-0001670,MAT-00068,SUP-0102,2025-11-14,91,2,21978,DEF_CONTAMINATION,CONCESSION,INSP-115
QC-0001671,GR-0001671,MAT-00192,SUP-0083,2025-11-05,318,22,69182,DEF_PACKAGING,REJECTED,INSP-108
QC-0001672,GR-0001672,MAT-00092,SUP-0083,2025-11-06,336,32,95238,DEF_SURFACE,REJECTED,INSP-109
QC-0001673,GR-0001673,MAT-00990,SUP-0004,2025-05-21,18,2,111111,DEF_METALLURGY,REJECTED,INSP-114
QC-0001674,GR-0001674,MAT-00661,SUP-0004,2025-05-23,16,7,437500,DEF_SURFACE,REJECTED,INSP-110
QC-0001675,GR-0001675,MAT-00407,SUP-0004,2025-05-20,19,3,157894,DEF_CONTAMINATION,REJECTED,INSP-120
QC-0001676,GR-0001676,MAT-00910,SUP-0019,2025-08-21,355,35,98591,DEF_PACKAGING,REJECTED,INSP-111
QC-0001677,GR-0001677,MAT-01094,SUP-0009,2025-10-10,35,8,228571,DEF_METALLURGY,REJECTED,INSP-117
QC-0001678,GR-0001678,MAT-00915,SUP-0096,2025-11-20,31,0,0,,ACCEPTED,INSP-116
QC-0001679,GR-0001679,MAT-00547,SUP-0096,2025-11-15,10,0,0,,ACCEPTED,INSP-110
QC-0001680,GR-0001680,MAT-01050,SUP-0096,2025-11-17,325,28,86153,DEF_METALLURGY,REJECTED,INSP-110
QC-0001681,GR-0001681,MAT-00844,SUP-0096,2025-11-21,162,11,67901,DEF_SURFACE,REJECTED,INSP-123
QC-0001682,GR-0001682,MAT-01177,SUP-0031,2026-03-18,31,4,129032,DEF_METALLURGY,REJECTED,INSP-102
QC-0001683,GR-0001683,MAT-00867,SUP-0031,2026-03-18,585,129,220512,DEF_CONTAMINATION,REJECTED,INSP-118
QC-0001684,GR-0001684,MAT-00876,SUP-0031,2026-04-11,18,3,166666,DEF_CONTAMINATION,REJECTED,INSP-113
QC-0001685,GR-0001685,MAT-00045,SUP-0031,2026-03-17,189,43,227513,DEF_DIMENSIONAL,REJECTED,INSP-112
QC-0001686,GR-0001686,MAT-00447,SUP-0045,2025-11-12,22,2,90909,DEF_METALLURGY,REJECTED,INSP-111
QC-0001687,GR-0001687,MAT-00427,SUP-0045,2025-11-18,26,3,115384,DEF_PACKAGING,REJECTED,INSP-123
QC-0001688,GR-0001688,MAT-00728,SUP-0030,2025-05-18,510,69,135294,DEF_DIMENSIONAL,REJECTED,INSP-114
QC-0001689,GR-0001689,MAT-00302,SUP-0030,2025-05-22,13,3,230769,DEF_METALLURGY,REJECTED,INSP-122
QC-0001690,GR-0001690,MAT-00479,SUP-0030,2025-05-16,53,8,150943,DEF_ELECTRICAL,REJECTED,INSP-120
QC-0001691,GR-0001691,MAT-00615,SUP-0100,2026-02-12,10,0,0,,ACCEPTED,INSP-118
QC-0001692,GR-0001692,MAT-00711,SUP-0100,2026-02-13,526,12,22813,DEF_METALLURGY,CONCESSION,INSP-102
QC-0001693,GR-0001693,MAT-00615,SUP-0100,2025-12-05,10,2,200000,DEF_CONTAMINATION,REJECTED,INSP-104
QC-0001694,GR-0001694,MAT-00251,SUP-0100,2025-12-05,357,10,28011,DEF_ELECTRICAL,CONCESSION,INSP-113
QC-0001695,GR-0001695,MAT-00236,SUP-0007,2025-05-26,71,3,42253,DEF_CONTAMINATION,REJECTED,INSP-113
QC-0001696,GR-0001696,MAT-00340,SUP-0080,2025-10-23,10,1,100000,DEF_ELECTRICAL,REJECTED,INSP-115
QC-0001697,GR-0001697,MAT-00588,SUP-0080,2025-10-18,171,11,64327,DEF_ELECTRICAL,REJECTED,INSP-114
QC-0001698,GR-0001698,MAT-00203,SUP-0029,2025-08-30,38,2,52631,DEF_DIMENSIONAL,REJECTED,INSP-107
QC-0001699,GR-0001699,MAT-00120,SUP-0029,2025-08-28,573,78,136125,DEF_SURFACE,REJECTED,INSP-122
QC-0001700,GR-0001700,MAT-00523,SUP-0001,2025-09-30,591,160,270727,DEF_ELECTRICAL,REJECTED,INSP-105
QC-0001701,GR-0001701,MAT-00264,SUP-0115,2025-07-18,14,2,142857,DEF_CONTAMINATION,REJECTED,INSP-113
QC-0001702,GR-0001702,MAT-00413,SUP-0115,2025-07-12,15,2,133333,DEF_CONTAMINATION,REJECTED,INSP-104
QC-0001703,GR-0001703,MAT-01199,SUP-0008,2026-03-03,99,7,70707,DEF_METALLURGY,REJECTED,INSP-105
QC-0001704,GR-0001704,MAT-00927,SUP-0008,2026-03-05,441,49,111111,DEF_CONTAMINATION,REJECTED,INSP-124
QC-0001705,GR-0001705,MAT-00774,SUP-0008,2026-03-02,743,86,115746,DEF_CONTAMINATION,REJECTED,INSP-114
QC-0001706,GR-0001706,MAT-00848,SUP-0006,2025-12-12,59,2,33898,DEF_PACKAGING,CONCESSION,INSP-102
QC-0001707,GR-0001707,MAT-00493,SUP-0006,2025-12-13,316,11,34810,DEF_METALLURGY,CONCESSION,INSP-125
QC-0001708,GR-0001708,MAT-00066,SUP-0006,2025-12-10,22,0,0,,ACCEPTED,INSP-116
QC-0001709,GR-0001709,MAT-00263,SUP-0006,2025-12-09,115,2,17391,DEF_CONTAMINATION,CONCESSION,INSP-122
QC-0001710,GR-0001710,MAT-00451,SUP-0091,2025-07-01,29,3,103448,DEF_SURFACE,REJECTED,INSP-122
QC-0001711,GR-0001711,MAT-00868,SUP-0091,2025-06-29,48,3,62500,DEF_ELECTRICAL,REJECTED,INSP-123
QC-0001712,GR-0001712,MAT-00863,SUP-0091,2025-06-30,110,5,45454,DEF_DIMENSIONAL,REJECTED,INSP-109
QC-0001713,GR-0001713,MAT-00034,SUP-0091,2025-06-28,20,2,100000,DEF_CONTAMINATION,REJECTED,INSP-114
QC-0001714,GR-0001714,MAT-00927,SUP-0020,2026-03-08,638,57,89341,DEF_METALLURGY,REJECTED,INSP-116
QC-0001715,GR-0001715,MAT-00247,SUP-0111,2026-01-21,297,24,80808,DEF_CONTAMINATION,REJECTED,INSP-109
QC-0001716,GR-0001716,MAT-00718,SUP-0114,2025-10-30,13,1,76923,DEF_CONTAMINATION,REJECTED,INSP-104
QC-0001717,GR-0001717,MAT-00630,SUP-0048,2026-01-28,10,0,0,,ACCEPTED,INSP-122
QC-0001718,GR-0001718,MAT-01003,SUP-0067,2025-09-04,309,31,100323,DEF_SURFACE,REJECTED,INSP-107
QC-0001719,GR-0001719,MAT-00731,SUP-0067,2025-09-04,591,74,125211,DEF_PACKAGING,REJECTED,INSP-123
QC-0001720,GR-0001720,MAT-00782,SUP-0055,2025-10-06,64,2,31250,DEF_ELECTRICAL,CONCESSION,INSP-124
QC-0001721,GR-0001721,MAT-00367,SUP-0079,2025-09-18,10,1,100000,DEF_ELECTRICAL,REJECTED,INSP-123
QC-0001722,GR-0001722,MAT-00556,SUP-0079,2025-09-26,617,45,72933,DEF_DIMENSIONAL,REJECTED,INSP-115
QC-0001723,GR-0001723,MAT-00524,SUP-0103,2025-12-20,117,21,179487,DEF_PACKAGING,REJECTED,INSP-123
QC-0001724,GR-0001724,MAT-00479,SUP-0099,2026-01-19,147,2,13605,DEF_CONTAMINATION,CONCESSION,INSP-104
QC-0001725,GR-0001725,MAT-00172,SUP-0051,2025-05-17,11,1,90909,DEF_PACKAGING,REJECTED,INSP-121
QC-0001726,GR-0001726,MAT-00191,SUP-0051,2025-05-15,10,0,0,,ACCEPTED,INSP-111
QC-0001727,GR-0001727,MAT-00938,SUP-0051,2025-05-16,46,2,43478,DEF_CONTAMINATION,REJECTED,INSP-117
QC-0001728,GR-0001728,MAT-00956,SUP-0056,2025-07-06,10,0,0,,ACCEPTED,INSP-118
QC-0001729,GR-0001729,MAT-00029,SUP-0056,2025-07-03,124,19,153225,DEF_PACKAGING,REJECTED,INSP-121
QC-0001730,GR-0001730,MAT-00585,SUP-0056,2025-07-02,73,13,178082,DEF_CONTAMINATION,REJECTED,INSP-101
QC-0001731,GR-0001731,MAT-01015,SUP-0107,2025-02-28,142,5,35211,DEF_SURFACE,CONCESSION,INSP-124
QC-0001732,GR-0001732,MAT-00766,SUP-0088,2026-01-02,10,0,0,,ACCEPTED,INSP-113
QC-0001733,GR-0001733,MAT-00499,SUP-0088,2026-01-03,10,0,0,,ACCEPTED,INSP-116
QC-0001734,GR-0001734,MAT-00423,SUP-0087,2025-11-08,10,0,0,,ACCEPTED,INSP-108
QC-0001735,GR-0001735,MAT-00986,SUP-0041,2025-07-03,10,0,0,,ACCEPTED,INSP-122
QC-0001736,GR-0001736,MAT-01124,SUP-0041,2025-06-29,175,22,125714,DEF_DIMENSIONAL,REJECTED,INSP-120
QC-0001737,GR-0001737,MAT-00935,SUP-0041,2025-06-29,10,2,200000,DEF_PACKAGING,REJECTED,INSP-122
QC-0001738,GR-0001738,MAT-00931,SUP-0003,2025-12-17,37,5,135135,DEF_CONTAMINATION,REJECTED,INSP-119
QC-0001739,GR-0001739,MAT-00877,SUP-0003,2025-12-08,16,4,250000,DEF_SURFACE,REJECTED,INSP-110
QC-0001740,GR-0001740,MAT-00406,SUP-0046,2025-08-29,14,0,0,,ACCEPTED,INSP-118
QC-0001741,GR-0001741,MAT-00402,SUP-0085,2025-11-19,45,2,44444,DEF_ELECTRICAL,REJECTED,INSP-114
QC-0001742,GR-0001742,MAT-00283,SUP-0120,2025-05-27,15,1,66666,DEF_DIMENSIONAL,REJECTED,INSP-103
QC-0001743,GR-0001743,MAT-00056,SUP-0068,2025-09-12,72,0,0,,ACCEPTED,INSP-118
QC-0001744,GR-0001744,MAT-00655,SUP-0006,2026-02-18,202,6,29702,DEF_PACKAGING,CONCESSION,INSP-115
QC-0001745,GR-0001745,MAT-00512,SUP-0006,2026-02-17,13,0,0,,ACCEPTED,INSP-117
QC-0001746,GR-0001746,MAT-01064,SUP-0006,2026-02-18,23,0,0,,ACCEPTED,INSP-118
QC-0001747,GR-0001747,MAT-00278,SUP-0019,2025-11-17,14,2,142857,DEF_DIMENSIONAL,REJECTED,INSP-109
QC-0001748,GR-0001748,MAT-00268,SUP-0019,2025-11-14,201,27,134328,DEF_ELECTRICAL,REJECTED,INSP-104
QC-0001749,GR-0001749,MAT-00361,SUP-0019,2025-11-12,44,8,181818,DEF_DIMENSIONAL,REJECTED,INSP-113
QC-0001750,GR-0001750,MAT-00774,SUP-0019,2025-11-17,233,19,81545,DEF_METALLURGY,REJECTED,INSP-122
QC-0001751,GR-0001751,MAT-00057,SUP-0089,2025-12-07,297,21,70707,DEF_CONTAMINATION,REJECTED,INSP-107
QC-0001752,GR-0001752,MAT-01095,SUP-0103,2025-12-05,28,4,142857,DEF_PACKAGING,REJECTED,INSP-112
QC-0001753,GR-0001753,MAT-00357,SUP-0089,2025-04-25,219,23,105022,DEF_CONTAMINATION,REJECTED,INSP-103
QC-0001754,GR-0001754,MAT-00440,SUP-0089,2025-04-21,10,0,0,,ACCEPTED,INSP-125
QC-0001755,GR-0001755,MAT-00521,SUP-0089,2025-04-20,87,10,114942,DEF_DIMENSIONAL,REJECTED,INSP-110
QC-0001756,GR-0001756,MAT-00844,SUP-0089,2025-04-20,139,14,100719,DEF_DIMENSIONAL,REJECTED,INSP-117
QC-0001757,GR-0001757,MAT-00683,SUP-0094,2025-07-09,328,4,12195,DEF_DIMENSIONAL,CONCESSION,INSP-111
QC-0001758,GR-0001758,MAT-00611,SUP-0095,2025-11-04,49,2,40816,DEF_CONTAMINATION,REJECTED,INSP-109
QC-0001759,GR-0001759,MAT-00881,SUP-0059,2025-10-02,58,14,241379,DEF_METALLURGY,REJECTED,INSP-119
QC-0001760,GR-0001760,MAT-01195,SUP-0059,2025-10-01,36,5,138888,DEF_METALLURGY,REJECTED,INSP-116
QC-0001761,GR-0001761,MAT-00507,SUP-0041,2025-05-01,692,52,75144,DEF_METALLURGY,REJECTED,INSP-109
QC-0001762,GR-0001762,MAT-00497,SUP-0103,2026-04-10,289,40,138408,DEF_DIMENSIONAL,REJECTED,INSP-106
QC-0001763,GR-0001763,MAT-00681,SUP-0101,2026-03-02,72,7,97222,DEF_PACKAGING,REJECTED,INSP-108
QC-0001764,GR-0001764,MAT-00758,SUP-0101,2026-03-02,155,18,116129,DEF_DIMENSIONAL,REJECTED,INSP-107
QC-0001765,GR-0001765,MAT-01047,SUP-0101,2026-03-08,10,0,0,,ACCEPTED,INSP-120
QC-0001766,GR-0001766,MAT-00854,SUP-0085,2026-03-07,372,4,10752,DEF_CONTAMINATION,CONCESSION,INSP-119
QC-0001767,GR-0001767,MAT-00449,SUP-0048,2025-09-02,12,0,0,,ACCEPTED,INSP-111
QC-0001768,GR-0001768,MAT-00905,SUP-0048,2025-09-08,308,12,38961,DEF_ELECTRICAL,CONCESSION,INSP-122
QC-0001769,GR-0001769,MAT-01189,SUP-0019,2025-08-02,49,2,40816,DEF_PACKAGING,REJECTED,INSP-124
QC-0001770,GR-0001770,MAT-00695,SUP-0019,2025-08-03,14,0,0,,ACCEPTED,INSP-120
QC-0001771,GR-0001771,MAT-00316,SUP-0019,2025-08-06,10,1,100000,DEF_CONTAMINATION,REJECTED,INSP-107
QC-0001772,GR-0001772,MAT-01103,SUP-0094,2025-12-09,29,0,0,,ACCEPTED,INSP-104
QC-0001773,GR-0001773,MAT-01119,SUP-0094,2025-12-06,622,0,0,,ACCEPTED,INSP-120
QC-0001774,GR-0001774,MAT-00159,SUP-0039,2025-09-06,17,4,235294,DEF_CONTAMINATION,REJECTED,INSP-103
QC-0001775,GR-0001775,MAT-00171,SUP-0112,2025-11-02,13,1,76923,DEF_METALLURGY,REJECTED,INSP-112
QC-0001776,GR-0001776,MAT-00946,SUP-0003,2025-12-25,27,5,185185,DEF_CONTAMINATION,REJECTED,INSP-121
QC-0001777,GR-0001777,MAT-00268,SUP-0024,2025-05-14,648,43,66358,DEF_ELECTRICAL,REJECTED,INSP-112
QC-0001778,GR-0001778,MAT-00009,SUP-0060,2026-01-13,219,27,123287,DEF_CONTAMINATION,REJECTED,INSP-114
QC-0001779,GR-0001779,MAT-00663,SUP-0042,2026-03-02,132,3,22727,DEF_SURFACE,CONCESSION,INSP-102
QC-0001780,GR-0001780,MAT-00796,SUP-0042,2026-02-27,327,15,45871,DEF_SURFACE,REJECTED,INSP-117
QC-0001781,GR-0001781,MAT-00608,SUP-0042,2026-02-23,89,8,89887,DEF_CONTAMINATION,REJECTED,INSP-107
QC-0001782,GR-0001782,MAT-00831,SUP-0042,2026-02-27,68,5,73529,DEF_PACKAGING,REJECTED,INSP-119
QC-0001783,GR-0001783,MAT-00785,SUP-0092,2025-12-05,37,4,108108,DEF_DIMENSIONAL,REJECTED,INSP-115
QC-0001784,GR-0001784,MAT-01170,SUP-0055,2025-07-11,24,0,0,,ACCEPTED,INSP-125
QC-0001785,GR-0001785,MAT-00558,SUP-0055,2025-07-11,14,0,0,,ACCEPTED,INSP-118
QC-0001786,GR-0001786,MAT-00070,SUP-0047,2025-11-12,15,0,0,,ACCEPTED,INSP-113
QC-0001787,GR-0001787,MAT-00976,SUP-0033,2026-01-31,28,5,178571,DEF_SURFACE,REJECTED,INSP-113
QC-0001788,GR-0001788,MAT-01093,SUP-0043,2025-09-02,62,6,96774,DEF_METALLURGY,REJECTED,INSP-111
QC-0001789,GR-0001789,MAT-00544,SUP-0043,2025-08-30,101,7,69306,DEF_METALLURGY,REJECTED,INSP-124
QC-0001790,GR-0001790,MAT-00128,SUP-0073,2026-01-17,194,22,113402,DEF_DIMENSIONAL,REJECTED,INSP-104
QC-0001791,GR-0001791,MAT-00515,SUP-0012,2026-01-08,248,32,129032,DEF_DIMENSIONAL,REJECTED,INSP-123
QC-0001792,GR-0001792,MAT-00171,SUP-0012,2026-01-07,30,5,166666,DEF_SURFACE,REJECTED,INSP-104
QC-0001793,GR-0001793,MAT-00098,SUP-0012,2026-01-09,65,7,107692,DEF_CONTAMINATION,REJECTED,INSP-105
QC-0001794,GR-0001794,MAT-00331,SUP-0012,2026-01-08,68,11,161764,DEF_SURFACE,REJECTED,INSP-124
QC-0001795,GR-0001795,MAT-00080,SUP-0087,2025-07-16,19,0,0,,ACCEPTED,INSP-106
QC-0001796,GR-0001796,MAT-01115,SUP-0087,2025-07-16,374,8,21390,DEF_SURFACE,CONCESSION,INSP-109
QC-0001797,GR-0001797,MAT-00149,SUP-0087,2025-07-18,337,4,11869,DEF_SURFACE,CONCESSION,INSP-112
QC-0001798,GR-0001798,MAT-00082,SUP-0036,2025-12-07,611,3,4909,DEF_DIMENSIONAL,CONCESSION,INSP-125
QC-0001799,GR-0001799,MAT-00529,SUP-0036,2025-12-10,11,0,0,,ACCEPTED,INSP-101
QC-0001800,GR-0001800,MAT-00675,SUP-0036,2025-12-06,33,1,30303,DEF_ELECTRICAL,CONCESSION,INSP-116
QC-0001801,GR-0001801,MAT-00535,SUP-0036,2025-12-09,170,1,5882,DEF_SURFACE,CONCESSION,INSP-103
QC-0001802,GR-0001802,MAT-00123,SUP-0025,2026-02-05,567,16,28218,DEF_PACKAGING,CONCESSION,INSP-114
QC-0001803,GR-0001803,MAT-01159,SUP-0058,2025-12-06,173,7,40462,DEF_PACKAGING,REJECTED,INSP-120
QC-0001804,GR-0001804,MAT-01114,SUP-0058,2025-12-08,18,1,55555,DEF_SURFACE,REJECTED,INSP-122
QC-0001805,GR-0001805,MAT-00164,SUP-0058,2025-12-06,85,5,58823,DEF_CONTAMINATION,REJECTED,INSP-102
QC-0001806,GR-0001806,MAT-00985,SUP-0084,2025-03-13,67,7,104477,DEF_ELECTRICAL,REJECTED,INSP-112
QC-0001807,GR-0001807,MAT-00009,SUP-0060,2025-10-16,327,35,107033,DEF_METALLURGY,REJECTED,INSP-111
QC-0001808,GR-0001808,MAT-00154,SUP-0108,2025-08-26,444,48,108108,DEF_SURFACE,REJECTED,INSP-104
QC-0001809,GR-0001809,MAT-00604,SUP-0109,2025-12-31,155,1,6451,DEF_DIMENSIONAL,CONCESSION,INSP-116
QC-0001810,GR-0001810,MAT-00164,SUP-0005,2025-08-22,136,17,125000,DEF_PACKAGING,REJECTED,INSP-123
QC-0001811,GR-0001811,MAT-00777,SUP-0005,2025-08-22,10,2,200000,DEF_METALLURGY,REJECTED,INSP-119
QC-0001812,GR-0001812,MAT-01183,SUP-0005,2025-08-25,749,88,117489,DEF_PACKAGING,REJECTED,INSP-119
QC-0001813,GR-0001813,MAT-00347,SUP-0005,2025-08-22,29,6,206896,DEF_ELECTRICAL,REJECTED,INSP-109
QC-0001814,GR-0001814,MAT-00311,SUP-0057,2025-09-28,28,3,107142,DEF_ELECTRICAL,REJECTED,INSP-119
QC-0001815,GR-0001815,MAT-00169,SUP-0117,2026-03-26,273,13,47619,DEF_ELECTRICAL,REJECTED,INSP-112
QC-0001816,GR-0001816,MAT-00380,SUP-0066,2026-01-29,17,3,176470,DEF_CONTAMINATION,REJECTED,INSP-103
QC-0001817,GR-0001817,MAT-00343,SUP-0110,2025-06-05,337,30,89020,DEF_METALLURGY,REJECTED,INSP-104
QC-0001818,GR-0001818,MAT-00154,SUP-0108,2025-10-30,582,54,92783,DEF_ELECTRICAL,REJECTED,INSP-121
QC-0001819,GR-0001819,MAT-00134,SUP-0016,2025-04-07,91,5,54945,DEF_CONTAMINATION,REJECTED,INSP-107
QC-0001820,GR-0001820,MAT-00800,SUP-0016,2025-04-19,128,8,62500,DEF_DIMENSIONAL,REJECTED,INSP-114
QC-0001821,GR-0001821,MAT-01038,SUP-0016,2025-04-16,123,8,65040,DEF_DIMENSIONAL,REJECTED,INSP-101
QC-0001822,GR-0001822,MAT-00453,SUP-0074,2025-11-20,52,6,115384,DEF_METALLURGY,REJECTED,INSP-103
QC-0001823,GR-0001823,MAT-00698,SUP-0074,2025-11-17,10,2,200000,DEF_METALLURGY,REJECTED,INSP-106
QC-0001824,GR-0001824,MAT-00713,SUP-0110,2026-01-09,327,25,76452,DEF_SURFACE,REJECTED,INSP-107
QC-0001825,GR-0001825,MAT-00299,SUP-0110,2026-01-10,152,10,65789,DEF_CONTAMINATION,REJECTED,INSP-106
QC-0001826,GR-0001826,MAT-00378,SUP-0012,2025-06-11,229,30,131004,DEF_ELECTRICAL,REJECTED,INSP-115
QC-0001827,GR-0001827,MAT-00741,SUP-0055,2025-09-16,10,0,0,,ACCEPTED,INSP-102
QC-0001828,GR-0001828,MAT-00047,SUP-0045,2025-10-18,35,2,57142,DEF_CONTAMINATION,REJECTED,INSP-120
QC-0001829,GR-0001829,MAT-00228,SUP-0045,2025-10-18,653,46,70444,DEF_SURFACE,REJECTED,INSP-111
QC-0001830,GR-0001830,MAT-00011,SUP-0045,2025-10-17,326,26,79754,DEF_ELECTRICAL,REJECTED,INSP-105
QC-0001831,GR-0001831,MAT-00775,SUP-0045,2025-10-19,10,1,100000,DEF_METALLURGY,REJECTED,INSP-120
QC-0001832,GR-0001832,MAT-00844,SUP-0006,2025-04-15,158,4,25316,DEF_PACKAGING,CONCESSION,INSP-124
QC-0001833,GR-0001833,MAT-00206,SUP-0006,2025-04-14,16,2,125000,DEF_PACKAGING,REJECTED,INSP-111
QC-0001834,GR-0001834,MAT-01099,SUP-0006,2025-04-12,234,9,38461,DEF_DIMENSIONAL,CONCESSION,INSP-121
QC-0001835,GR-0001835,MAT-00967,SUP-0006,2025-04-16,159,8,50314,DEF_METALLURGY,REJECTED,INSP-118
QC-0001836,GR-0001836,MAT-00394,SUP-0114,2026-02-12,61,7,114754,DEF_PACKAGING,REJECTED,INSP-106
QC-0001837,GR-0001837,MAT-00470,SUP-0114,2026-02-08,10,1,100000,DEF_ELECTRICAL,REJECTED,INSP-108
QC-0001838,GR-0001838,MAT-00304,SUP-0118,2025-10-27,47,5,106382,DEF_CONTAMINATION,REJECTED,INSP-118
QC-0001839,GR-0001839,MAT-00965,SUP-0012,2025-10-21,128,11,85937,DEF_CONTAMINATION,REJECTED,INSP-108
QC-0001840,GR-0001840,MAT-00609,SUP-0083,2026-02-17,300,17,56666,DEF_METALLURGY,REJECTED,INSP-122
QC-0001841,GR-0001841,MAT-00549,SUP-0110,2026-04-18,211,10,47393,DEF_CONTAMINATION,REJECTED,INSP-113
QC-0001842,GR-0001842,MAT-00237,SUP-0110,2026-04-16,711,57,80168,DEF_CONTAMINATION,REJECTED,INSP-114
QC-0001843,GR-0001843,MAT-00711,SUP-0110,2026-04-15,550,38,69090,DEF_CONTAMINATION,REJECTED,INSP-117
QC-0001844,GR-0001844,MAT-00895,SUP-0084,2025-12-19,182,7,38461,DEF_SURFACE,CONCESSION,INSP-102
QC-0001845,GR-0001845,MAT-01003,SUP-0084,2025-12-20,241,9,37344,DEF_METALLURGY,CONCESSION,INSP-116
QC-0001846,GR-0001846,MAT-00084,SUP-0084,2025-12-25,127,10,78740,DEF_DIMENSIONAL,REJECTED,INSP-108
QC-0001847,GR-0001847,MAT-00952,SUP-0041,2025-10-10,16,1,62500,DEF_CONTAMINATION,REJECTED,INSP-116
QC-0001848,GR-0001848,MAT-00049,SUP-0064,2026-02-26,288,19,65972,DEF_CONTAMINATION,REJECTED,INSP-109
QC-0001849,GR-0001849,MAT-00675,SUP-0064,2026-02-24,29,3,103448,DEF_METALLURGY,REJECTED,INSP-111
QC-0001850,GR-0001850,MAT-00159,SUP-0064,2026-02-21,10,0,0,,ACCEPTED,INSP-106
QC-0001851,GR-0001851,MAT-00259,SUP-0005,2025-08-29,629,69,109697,DEF_CONTAMINATION,REJECTED,INSP-101
QC-0001852,GR-0001852,MAT-00590,SUP-0005,2025-09-01,147,15,102040,DEF_METALLURGY,REJECTED,INSP-125
QC-0001853,GR-0001853,MAT-00264,SUP-0115,2025-12-24,24,4,166666,DEF_ELECTRICAL,REJECTED,INSP-109
QC-0001854,GR-0001854,MAT-00458,SUP-0055,2025-10-10,36,1,27777,DEF_SURFACE,CONCESSION,INSP-112
QC-0001855,GR-0001855,MAT-01146,SUP-0052,2026-01-18,10,1,100000,DEF_PACKAGING,REJECTED,INSP-116
QC-0001856,GR-0001856,MAT-00299,SUP-0052,2026-01-24,52,5,96153,DEF_SURFACE,REJECTED,INSP-104
QC-0001857,GR-0001857,MAT-00911,SUP-0095,2025-08-17,18,3,166666,DEF_PACKAGING,REJECTED,INSP-102
QC-0001858,GR-0001858,MAT-00570,SUP-0020,2026-04-15,20,2,100000,DEF_ELECTRICAL,REJECTED,INSP-122
QC-0001859,GR-0001859,MAT-00101,SUP-0020,2026-04-21,140,11,78571,DEF_PACKAGING,REJECTED,INSP-121
QC-0001860,GR-0001860,MAT-00736,SUP-0109,2025-06-07,89,0,0,,ACCEPTED,INSP-124
QC-0001861,GR-0001861,MAT-00680,SUP-0065,2025-12-21,313,32,102236,DEF_PACKAGING,REJECTED,INSP-108
QC-0001862,GR-0001862,MAT-00910,SUP-0019,2025-08-10,145,17,117241,DEF_CONTAMINATION,REJECTED,INSP-102
QC-0001863,GR-0001863,MAT-00457,SUP-0058,2025-04-22,185,9,48648,DEF_DIMENSIONAL,REJECTED,INSP-125
QC-0001864,GR-0001864,MAT-00733,SUP-0058,2025-04-22,281,9,32028,DEF_ELECTRICAL,CONCESSION,INSP-123
QC-0001865,GR-0001865,MAT-00042,SUP-0058,2025-04-24,22,0,0,,ACCEPTED,INSP-119
QC-0001866,GR-0001866,MAT-00399,SUP-0094,2025-04-08,51,0,0,,ACCEPTED,INSP-123
QC-0001867,GR-0001867,MAT-00815,SUP-0099,2025-07-15,449,3,6681,DEF_PACKAGING,CONCESSION,INSP-112
QC-0001868,GR-0001868,MAT-00370,SUP-0099,2025-07-14,34,0,0,,ACCEPTED,INSP-115
QC-0001869,GR-0001869,MAT-00019,SUP-0057,2026-03-23,75,5,66666,DEF_CONTAMINATION,REJECTED,INSP-101
QC-0001870,GR-0001870,MAT-00436,SUP-0036,2025-08-28,21,0,0,,ACCEPTED,INSP-125
QC-0001871,GR-0001871,MAT-00671,SUP-0037,2025-12-25,250,12,48000,DEF_SURFACE,REJECTED,INSP-116
QC-0001872,GR-0001872,MAT-00059,SUP-0037,2025-12-27,157,9,57324,DEF_PACKAGING,REJECTED,INSP-114
QC-0001873,GR-0001873,MAT-01022,SUP-0037,2025-12-23,121,5,41322,DEF_ELECTRICAL,REJECTED,INSP-110
QC-0001874,GR-0001874,MAT-00776,SUP-0004,2025-11-16,46,6,130434,DEF_PACKAGING,REJECTED,INSP-121
QC-0001875,GR-0001875,MAT-00437,SUP-0094,2025-12-12,509,2,3929,DEF_ELECTRICAL,CONCESSION,INSP-121
QC-0001876,GR-0001876,MAT-00735,SUP-0012,2025-11-30,47,4,85106,DEF_SURFACE,REJECTED,INSP-125
QC-0001877,GR-0001877,MAT-00286,SUP-0002,2026-02-16,646,66,102167,DEF_DIMENSIONAL,REJECTED,INSP-124
QC-0001878,GR-0001878,MAT-00892,SUP-0099,2025-09-01,25,0,0,,ACCEPTED,INSP-114
QC-0001879,GR-0001879,MAT-00907,SUP-0099,2025-09-01,244,2,8196,DEF_CONTAMINATION,CONCESSION,INSP-121
QC-0001880,GR-0001880,MAT-00995,SUP-0065,2025-10-22,157,15,95541,DEF_CONTAMINATION,REJECTED,INSP-116
QC-0001881,GR-0001881,MAT-00179,SUP-0065,2025-10-21,19,4,210526,DEF_ELECTRICAL,REJECTED,INSP-125
QC-0001882,GR-0001882,MAT-01110,SUP-0065,2025-10-21,17,2,117647,DEF_CONTAMINATION,REJECTED,INSP-121
QC-0001883,GR-0001883,MAT-00363,SUP-0011,2026-04-10,689,62,89985,DEF_PACKAGING,REJECTED,INSP-102
QC-0001884,GR-0001884,MAT-00784,SUP-0011,2026-04-11,51,3,58823,DEF_METALLURGY,REJECTED,INSP-123
QC-0001885,GR-0001885,MAT-00322,SUP-0025,2025-10-22,91,2,21978,DEF_ELECTRICAL,CONCESSION,INSP-105
QC-0001886,GR-0001886,MAT-00379,SUP-0025,2025-10-22,240,7,29166,DEF_ELECTRICAL,CONCESSION,INSP-117
QC-0001887,GR-0001887,MAT-00857,SUP-0025,2025-10-21,103,2,19417,DEF_ELECTRICAL,CONCESSION,INSP-119
QC-0001888,GR-0001888,MAT-01199,SUP-0008,2026-03-03,73,9,123287,DEF_PACKAGING,REJECTED,INSP-115
QC-0001889,GR-0001889,MAT-00463,SUP-0008,2026-03-05,10,0,0,,ACCEPTED,INSP-119
QC-0001890,GR-0001890,MAT-00998,SUP-0003,2025-11-17,12,2,166666,DEF_METALLURGY,REJECTED,INSP-117
QC-0001891,GR-0001891,MAT-01192,SUP-0003,2025-11-19,134,12,89552,DEF_DIMENSIONAL,REJECTED,INSP-125
QC-0001892,GR-0001892,MAT-00882,SUP-0103,2025-12-24,37,7,189189,DEF_ELECTRICAL,REJECTED,INSP-117
QC-0001893,GR-0001893,MAT-00576,SUP-0103,2025-12-28,285,46,161403,DEF_CONTAMINATION,REJECTED,INSP-125
QC-0001894,GR-0001894,MAT-00132,SUP-0103,2025-12-23,114,13,114035,DEF_PACKAGING,REJECTED,INSP-124
QC-0001895,GR-0001895,MAT-00755,SUP-0119,2025-08-24,74,4,54054,DEF_CONTAMINATION,REJECTED,INSP-103
QC-0001896,GR-0001896,MAT-00293,SUP-0097,2026-01-10,29,2,68965,DEF_ELECTRICAL,REJECTED,INSP-103
QC-0001897,GR-0001897,MAT-00445,SUP-0097,2026-01-04,10,0,0,,ACCEPTED,INSP-124
QC-0001898,GR-0001898,MAT-00480,SUP-0019,2025-07-31,34,2,58823,DEF_ELECTRICAL,REJECTED,INSP-104
QC-0001899,GR-0001899,MAT-01095,SUP-0103,2025-11-02,58,16,275862,DEF_PACKAGING,REJECTED,INSP-122
QC-0001900,GR-0001900,MAT-00502,SUP-0083,2026-03-25,16,0,0,,ACCEPTED,INSP-110
QC-0001901,GR-0001901,MAT-00723,SUP-0040,2025-08-10,36,8,222222,DEF_METALLURGY,REJECTED,INSP-123
QC-0001902,GR-0001902,MAT-00877,SUP-0040,2025-08-06,18,3,166666,DEF_ELECTRICAL,REJECTED,INSP-113
QC-0001903,GR-0001903,MAT-00877,SUP-0037,2025-05-18,13,3,230769,DEF_SURFACE,REJECTED,INSP-114
QC-0001904,GR-0001904,MAT-00857,SUP-0037,2025-05-21,94,2,21276,DEF_ELECTRICAL,CONCESSION,INSP-114
QC-0001905,GR-0001905,MAT-00055,SUP-0054,2025-05-21,436,36,82568,DEF_DIMENSIONAL,REJECTED,INSP-106
QC-0001906,GR-0001906,MAT-00113,SUP-0054,2025-05-21,19,1,52631,DEF_ELECTRICAL,REJECTED,INSP-125
QC-0001907,GR-0001907,MAT-00234,SUP-0092,2025-12-06,20,1,50000,DEF_METALLURGY,REJECTED,INSP-116
QC-0001908,GR-0001908,MAT-00792,SUP-0092,2025-12-06,52,5,96153,DEF_CONTAMINATION,REJECTED,INSP-111
QC-0001909,GR-0001909,MAT-00979,SUP-0039,2025-11-02,268,24,89552,DEF_ELECTRICAL,REJECTED,INSP-116
QC-0001910,GR-0001910,MAT-00996,SUP-0069,2026-03-04,232,4,17241,DEF_CONTAMINATION,CONCESSION,INSP-113
QC-0001911,GR-0001911,MAT-01059,SUP-0068,2026-03-13,200,5,25000,DEF_SURFACE,CONCESSION,INSP-114
QC-0001912,GR-0001912,MAT-00586,SUP-0068,2026-03-14,164,2,12195,DEF_DIMENSIONAL,CONCESSION,INSP-108
QC-0001913,GR-0001913,MAT-00639,SUP-0068,2026-03-13,13,0,0,,ACCEPTED,INSP-104
QC-0001914,GR-0001914,MAT-00083,SUP-0086,2025-09-21,69,0,0,,ACCEPTED,INSP-122
QC-0001915,GR-0001915,MAT-01167,SUP-0061,2026-01-17,117,1,8547,DEF_ELECTRICAL,CONCESSION,INSP-111
QC-0001916,GR-0001916,MAT-00896,SUP-0020,2026-02-18,73,6,82191,DEF_DIMENSIONAL,REJECTED,INSP-112
QC-0001917,GR-0001917,MAT-01097,SUP-0095,2026-01-03,630,22,34920,DEF_CONTAMINATION,CONCESSION,INSP-120
QC-0001918,GR-0001918,MAT-01018,SUP-0095,2026-01-04,19,0,0,,ACCEPTED,INSP-117
QC-0001919,GR-0001919,MAT-01168,SUP-0044,2025-08-21,10,5,500000,DEF_ELECTRICAL,REJECTED,INSP-109
QC-0001920,GR-0001920,MAT-00194,SUP-0044,2025-08-17,104,16,153846,DEF_DIMENSIONAL,REJECTED,INSP-118
QC-0001921,GR-0001921,MAT-00563,SUP-0044,2025-08-18,13,3,230769,DEF_DIMENSIONAL,REJECTED,INSP-120
QC-0001922,GR-0001922,MAT-00063,SUP-0068,2026-03-29,81,0,0,,ACCEPTED,INSP-117
QC-0001923,GR-0001923,MAT-00883,SUP-0005,2025-12-15,633,71,112164,DEF_SURFACE,REJECTED,INSP-116
QC-0001924,GR-0001924,MAT-01000,SUP-0006,2025-09-05,72,2,27777,DEF_SURFACE,CONCESSION,INSP-118
QC-0001925,GR-0001925,MAT-00510,SUP-0022,2025-10-30,60,1,16666,DEF_DIMENSIONAL,CONCESSION,INSP-117
QC-0001926,GR-0001926,MAT-00962,SUP-0096,2025-04-13,25,2,80000,DEF_SURFACE,REJECTED,INSP-116
QC-0001927,GR-0001927,MAT-00328,SUP-0077,2025-07-05,60,3,50000,DEF_CONTAMINATION,REJECTED,INSP-101
QC-0001928,GR-0001928,MAT-00247,SUP-0077,2025-07-03,162,15,92592,DEF_SURFACE,REJECTED,INSP-108
QC-0001929,GR-0001929,MAT-00834,SUP-0054,2026-02-22,227,12,52863,DEF_PACKAGING,REJECTED,INSP-101
QC-0001930,GR-0001930,MAT-01163,SUP-0012,2025-01-22,166,16,96385,DEF_METALLURGY,REJECTED,INSP-108
QC-0001931,GR-0001931,MAT-00293,SUP-0012,2025-01-20,31,3,96774,DEF_CONTAMINATION,REJECTED,INSP-106
QC-0001932,GR-0001932,MAT-00112,SUP-0012,2025-01-22,66,8,121212,DEF_SURFACE,REJECTED,INSP-123
QC-0001933,GR-0001933,MAT-00259,SUP-0005,2025-11-11,716,91,127094,DEF_CONTAMINATION,REJECTED,INSP-111
QC-0001934,GR-0001934,MAT-00655,SUP-0006,2025-11-29,280,8,28571,DEF_METALLURGY,CONCESSION,INSP-123
QC-0001935,GR-0001935,MAT-00552,SUP-0079,2025-05-11,206,16,77669,DEF_DIMENSIONAL,REJECTED,INSP-114
QC-0001936,GR-0001936,MAT-01011,SUP-0082,2025-09-27,222,30,135135,DEF_PACKAGING,REJECTED,INSP-113
QC-0001937,GR-0001937,MAT-01162,SUP-0082,2025-11-03,162,27,166666,DEF_PACKAGING,REJECTED,INSP-124
QC-0001938,GR-0001938,MAT-00107,SUP-0082,2025-12-09,425,55,129411,DEF_CONTAMINATION,REJECTED,INSP-103
QC-0001939,GR-0001939,MAT-00417,SUP-0082,2025-11-04,28,2,71428,DEF_DIMENSIONAL,REJECTED,INSP-104
QC-0001940,GR-0001940,MAT-01085,SUP-0075,2025-09-26,65,8,123076,DEF_CONTAMINATION,REJECTED,INSP-115
QC-0001941,GR-0001941,MAT-00295,SUP-0075,2025-09-22,61,4,65573,DEF_DIMENSIONAL,REJECTED,INSP-113
QC-0001942,GR-0001942,MAT-00396,SUP-0053,2025-08-30,284,36,126760,DEF_METALLURGY,REJECTED,INSP-111
QC-0001943,GR-0001943,MAT-00553,SUP-0053,2025-09-07,84,10,119047,DEF_SURFACE,REJECTED,INSP-117
QC-0001944,GR-0001944,MAT-00809,SUP-0053,2025-09-02,198,28,141414,DEF_SURFACE,REJECTED,INSP-121
QC-0001945,GR-0001945,MAT-00912,SUP-0042,2025-02-16,552,40,72463,DEF_CONTAMINATION,REJECTED,INSP-117
QC-0001946,GR-0001946,MAT-01066,SUP-0042,2025-02-18,101,6,59405,DEF_DIMENSIONAL,REJECTED,INSP-103
QC-0001947,GR-0001947,MAT-01107,SUP-0082,2026-03-28,568,76,133802,DEF_PACKAGING,REJECTED,INSP-103
QC-0001948,GR-0001948,MAT-00781,SUP-0082,2026-04-09,77,15,194805,DEF_PACKAGING,REJECTED,INSP-108
QC-0001949,GR-0001949,MAT-00688,SUP-0071,2026-04-01,127,8,62992,DEF_ELECTRICAL,REJECTED,INSP-125
QC-0001950,GR-0001950,MAT-00050,SUP-0071,2026-04-05,24,1,41666,DEF_METALLURGY,REJECTED,INSP-122
QC-0001951,GR-0001951,MAT-00759,SUP-0071,2026-03-30,175,17,97142,DEF_SURFACE,REJECTED,INSP-114
QC-0001952,GR-0001952,MAT-00574,SUP-0065,2025-11-14,26,1,38461,DEF_DIMENSIONAL,CONCESSION,INSP-122
QC-0001953,GR-0001953,MAT-00192,SUP-0083,2025-10-01,683,24,35139,DEF_SURFACE,CONCESSION,INSP-111
QC-0001954,GR-0001954,MAT-00002,SUP-0083,2025-10-04,19,0,0,,ACCEPTED,INSP-124
QC-0001955,GR-0001955,MAT-00680,SUP-0065,2025-10-14,689,74,107402,DEF_PACKAGING,REJECTED,INSP-115
QC-0001956,GR-0001956,MAT-00140,SUP-0036,2026-02-23,179,2,11173,DEF_METALLURGY,CONCESSION,INSP-107
QC-0001957,GR-0001957,MAT-00789,SUP-0115,2025-08-02,66,4,60606,DEF_ELECTRICAL,REJECTED,INSP-102
QC-0001958,GR-0001958,MAT-00212,SUP-0115,2025-08-03,31,6,193548,DEF_PACKAGING,REJECTED,INSP-111
QC-0001959,GR-0001959,MAT-00445,SUP-0115,2025-08-09,10,1,100000,DEF_PACKAGING,REJECTED,INSP-110
QC-0001960,GR-0001960,MAT-00939,SUP-0010,2025-10-16,52,3,57692,DEF_DIMENSIONAL,REJECTED,INSP-110
QC-0001961,GR-0001961,MAT-00578,SUP-0042,2026-03-13,479,29,60542,DEF_ELECTRICAL,REJECTED,INSP-121
QC-0001962,GR-0001962,MAT-00074,SUP-0042,2026-03-03,102,12,117647,DEF_PACKAGING,REJECTED,INSP-106
QC-0001963,GR-0001963,MAT-00077,SUP-0042,2026-03-09,12,0,0,,ACCEPTED,INSP-113
QC-0001964,GR-0001964,MAT-00211,SUP-0084,2026-02-15,191,11,57591,DEF_METALLURGY,REJECTED,INSP-111
QC-0001965,GR-0001965,MAT-01060,SUP-0081,2025-11-06,161,24,149068,DEF_ELECTRICAL,REJECTED,INSP-108
QC-0001966,GR-0001966,MAT-00790,SUP-0081,2025-11-05,413,48,116222,DEF_CONTAMINATION,REJECTED,INSP-114
QC-0001967,GR-0001967,MAT-01187,SUP-0118,2026-01-07,33,4,121212,DEF_DIMENSIONAL,REJECTED,INSP-110
QC-0001968,GR-0001968,MAT-00524,SUP-0103,2025-06-16,103,20,194174,DEF_METALLURGY,REJECTED,INSP-107
QC-0001969,GR-0001969,MAT-00308,SUP-0056,2025-12-02,74,5,67567,DEF_SURFACE,REJECTED,INSP-122
QC-0001970,GR-0001970,MAT-01043,SUP-0050,2026-02-08,23,7,304347,DEF_DIMENSIONAL,REJECTED,INSP-107
QC-0001971,GR-0001971,MAT-00959,SUP-0064,2025-07-23,17,4,235294,DEF_SURFACE,REJECTED,INSP-116
QC-0001972,GR-0001972,MAT-00549,SUP-0110,2026-02-18,274,16,58394,DEF_SURFACE,REJECTED,INSP-113
QC-0001973,GR-0001973,MAT-00415,SUP-0110,2026-02-21,10,0,0,,ACCEPTED,INSP-102
QC-0001974,GR-0001974,MAT-01056,SUP-0038,2025-12-25,10,2,200000,DEF_PACKAGING,REJECTED,INSP-121
QC-0001975,GR-0001975,MAT-00787,SUP-0038,2025-12-22,40,1,25000,DEF_ELECTRICAL,CONCESSION,INSP-118
QC-0001976,GR-0001976,MAT-01148,SUP-0038,2025-12-24,636,30,47169,DEF_DIMENSIONAL,REJECTED,INSP-125
QC-0001977,GR-0001977,MAT-00126,SUP-0095,2025-04-16,71,2,28169,DEF_DIMENSIONAL,CONCESSION,INSP-117
QC-0001978,GR-0001978,MAT-00874,SUP-0093,2025-09-28,640,126,196875,DEF_CONTAMINATION,REJECTED,INSP-108
QC-0001979,GR-0001979,MAT-00016,SUP-0095,2025-12-21,53,2,37735,DEF_PACKAGING,CONCESSION,INSP-104
QC-0001980,GR-0001980,MAT-00459,SUP-0095,2025-12-16,120,2,16666,DEF_SURFACE,CONCESSION,INSP-103
QC-0001981,GR-0001981,MAT-00342,SUP-0095,2025-12-19,72,1,13888,DEF_METALLURGY,CONCESSION,INSP-117
QC-0001982,GR-0001982,MAT-00974,SUP-0020,2025-09-21,219,27,123287,DEF_ELECTRICAL,REJECTED,INSP-123
QC-0001983,GR-0001983,MAT-01027,SUP-0020,2025-09-23,10,0,0,,ACCEPTED,INSP-117
QC-0001984,GR-0001984,MAT-00654,SUP-0020,2025-09-20,226,24,106194,DEF_SURFACE,REJECTED,INSP-119
QC-0001985,GR-0001985,MAT-00985,SUP-0020,2025-09-20,54,4,74074,DEF_DIMENSIONAL,REJECTED,INSP-106
QC-0001986,GR-0001986,MAT-00799,SUP-0058,2026-02-01,97,1,10309,DEF_SURFACE,CONCESSION,INSP-122
QC-0001987,GR-0001987,MAT-00170,SUP-0095,2026-02-03,332,13,39156,DEF_CONTAMINATION,CONCESSION,INSP-101
QC-0001988,GR-0001988,MAT-00289,SUP-0048,2025-06-21,288,14,48611,DEF_CONTAMINATION,REJECTED,INSP-106
QC-0001989,GR-0001989,MAT-00107,SUP-0111,2025-12-18,418,34,81339,DEF_CONTAMINATION,REJECTED,INSP-125
QC-0001990,GR-0001990,MAT-00962,SUP-0111,2025-12-17,10,2,200000,DEF_DIMENSIONAL,REJECTED,INSP-121
QC-0001991,GR-0001991,MAT-00875,SUP-0093,2026-02-05,257,63,245136,DEF_SURFACE,REJECTED,INSP-105
QC-0001992,GR-0001992,MAT-00717,SUP-0039,2025-10-26,10,0,0,,ACCEPTED,INSP-105
QC-0001993,GR-0001993,MAT-00036,SUP-0048,2026-03-18,79,5,63291,DEF_SURFACE,REJECTED,INSP-115
QC-0001994,GR-0001994,MAT-00284,SUP-0048,2026-03-18,185,12,64864,DEF_SURFACE,REJECTED,INSP-120
QC-0001995,GR-0001995,MAT-00778,SUP-0048,2026-03-22,13,0,0,,ACCEPTED,INSP-124
QC-0001996,GR-0001996,MAT-00747,SUP-0076,2026-02-17,10,1,100000,DEF_DIMENSIONAL,REJECTED,INSP-114
QC-0001997,GR-0001997,MAT-00181,SUP-0076,2026-02-10,49,4,81632,DEF_ELECTRICAL,REJECTED,INSP-109
QC-0001998,GR-0001998,MAT-00530,SUP-0076,2026-02-17,148,16,108108,DEF_CONTAMINATION,REJECTED,INSP-121
QC-0001999,GR-0001999,MAT-00028,SUP-0076,2026-02-12,10,2,200000,DEF_CONTAMINATION,REJECTED,INSP-116
QC-0002000,GR-0002000,MAT-00742,SUP-0096,2026-01-28,113,10,88495,DEF_DIMENSIONAL,REJECTED,INSP-115
QC-0002001,GR-0002001,MAT-00686,SUP-0009,2025-12-16,10,0,0,,ACCEPTED,INSP-119
QC-0002002,GR-0002002,MAT-00197,SUP-0009,2025-12-26,17,2,117647,DEF_ELECTRICAL,REJECTED,INSP-123
QC-0002003,GR-0002003,MAT-00813,SUP-0009,2025-12-18,14,1,71428,DEF_CONTAMINATION,REJECTED,INSP-125
QC-0002004,GR-0002004,MAT-00311,SUP-0057,2026-04-18,19,2,105263,DEF_SURFACE,REJECTED,INSP-117
QC-0002005,GR-0002005,MAT-01148,SUP-0048,2026-02-02,508,32,62992,DEF_METALLURGY,REJECTED,INSP-105
QC-0002006,GR-0002006,MAT-01140,SUP-0048,2026-02-09,17,2,117647,DEF_METALLURGY,REJECTED,INSP-115
QC-0002007,GR-0002007,MAT-00417,SUP-0048,2026-02-04,28,3,107142,DEF_METALLURGY,REJECTED,INSP-107
QC-0002008,GR-0002008,MAT-00592,SUP-0080,2026-02-11,13,3,230769,DEF_DIMENSIONAL,REJECTED,INSP-116
QC-0002009,GR-0002009,MAT-00581,SUP-0029,2026-04-13,18,3,166666,DEF_DIMENSIONAL,REJECTED,INSP-122
QC-0002010,GR-0002010,MAT-01035,SUP-0029,2026-04-07,352,42,119318,DEF_PACKAGING,REJECTED,INSP-112
QC-0002011,GR-0002011,MAT-00794,SUP-0029,2026-04-10,33,6,181818,DEF_METALLURGY,REJECTED,INSP-121
QC-0002012,GR-0002012,MAT-00492,SUP-0103,2025-10-07,74,11,148648,DEF_DIMENSIONAL,REJECTED,INSP-123
QC-0002013,GR-0002013,MAT-01014,SUP-0055,2026-03-01,405,3,7407,DEF_PACKAGING,CONCESSION,INSP-103
QC-0002014,GR-0002014,MAT-00636,SUP-0091,2025-07-31,69,0,0,,ACCEPTED,INSP-116
QC-0002015,GR-0002015,MAT-01021,SUP-0091,2025-07-29,27,0,0,,ACCEPTED,INSP-117
QC-0002016,GR-0002016,MAT-00595,SUP-0091,2025-08-01,10,1,100000,DEF_ELECTRICAL,REJECTED,INSP-118
QC-0002017,GR-0002017,MAT-00071,SUP-0038,2025-10-05,50,1,20000,DEF_DIMENSIONAL,CONCESSION,INSP-117
QC-0002018,GR-0002018,MAT-00773,SUP-0038,2025-10-05,155,7,45161,DEF_CONTAMINATION,REJECTED,INSP-105
QC-0002019,GR-0002019,MAT-00655,SUP-0006,2025-09-23,137,3,21897,DEF_SURFACE,CONCESSION,INSP-115
QC-0002020,GR-0002020,MAT-00445,SUP-0104,2026-02-09,10,0,0,,ACCEPTED,INSP-102
QC-0002021,GR-0002021,MAT-00078,SUP-0001,2026-03-11,54,14,259259,DEF_CONTAMINATION,REJECTED,INSP-103
QC-0002022,GR-0002022,MAT-00008,SUP-0045,2025-12-08,35,3,85714,DEF_CONTAMINATION,REJECTED,INSP-103
QC-0002023,GR-0002023,MAT-00688,SUP-0045,2025-12-08,142,11,77464,DEF_CONTAMINATION,REJECTED,INSP-106
QC-0002024,GR-0002024,MAT-00369,SUP-0025,2025-11-15,282,9,31914,DEF_DIMENSIONAL,CONCESSION,INSP-102
QC-0002025,GR-0002025,MAT-00909,SUP-0075,2025-10-31,38,2,52631,DEF_ELECTRICAL,REJECTED,INSP-116
QC-0002026,GR-0002026,MAT-01094,SUP-0075,2025-11-02,34,4,117647,DEF_DIMENSIONAL,REJECTED,INSP-119
QC-0002027,GR-0002027,MAT-01172,SUP-0035,2026-03-26,305,44,144262,DEF_DIMENSIONAL,REJECTED,INSP-114
QC-0002028,GR-0002028,MAT-00008,SUP-0035,2026-04-02,33,5,151515,DEF_CONTAMINATION,REJECTED,INSP-117
QC-0002029,GR-0002029,MAT-00452,SUP-0035,2026-03-30,97,24,247422,DEF_PACKAGING,REJECTED,INSP-102
QC-0002030,GR-0002030,MAT-00181,SUP-0035,2026-03-24,17,4,235294,DEF_SURFACE,REJECTED,INSP-115
QC-0002031,GR-0002031,MAT-00715,SUP-0095,2026-01-25,11,1,90909,DEF_PACKAGING,REJECTED,INSP-114
QC-0002032,GR-0002032,MAT-00416,SUP-0095,2026-01-28,512,12,23437,DEF_DIMENSIONAL,CONCESSION,INSP-110
QC-0002033,GR-0002033,MAT-01032,SUP-0013,2025-10-17,112,14,125000,DEF_SURFACE,REJECTED,INSP-119
QC-0002034,GR-0002034,MAT-00632,SUP-0013,2025-10-18,10,0,0,,ACCEPTED,INSP-115
QC-0002035,GR-0002035,MAT-00202,SUP-0085,2025-03-02,544,11,20220,DEF_SURFACE,CONCESSION,INSP-107
QC-0002036,GR-0002036,MAT-01112,SUP-0085,2025-03-01,318,6,18867,DEF_PACKAGING,CONCESSION,INSP-107
QC-0002037,GR-0002037,MAT-00444,SUP-0085,2025-03-01,197,3,15228,DEF_METALLURGY,CONCESSION,INSP-114
QC-0002038,GR-0002038,MAT-00484,SUP-0098,2026-02-01,193,26,134715,DEF_SURFACE,REJECTED,INSP-104
QC-0002039,GR-0002039,MAT-00331,SUP-0098,2026-02-01,42,3,71428,DEF_ELECTRICAL,REJECTED,INSP-116
QC-0002040,GR-0002040,MAT-00910,SUP-0019,2025-11-04,260,27,103846,DEF_SURFACE,REJECTED,INSP-113
QC-0002041,GR-0002041,MAT-00666,SUP-0001,2025-10-22,138,30,217391,DEF_METALLURGY,REJECTED,INSP-112
QC-0002042,GR-0002042,MAT-01102,SUP-0001,2025-09-27,72,21,291666,DEF_METALLURGY,REJECTED,INSP-123
QC-0002043,GR-0002043,MAT-00002,SUP-0078,2026-01-25,34,2,58823,DEF_SURFACE,REJECTED,INSP-120
QC-0002044,GR-0002044,MAT-01097,SUP-0095,2026-02-27,438,12,27397,DEF_CONTAMINATION,CONCESSION,INSP-119
QC-0002045,GR-0002045,MAT-00312,SUP-0095,2026-02-27,10,0,0,,ACCEPTED,INSP-108
QC-0002046,GR-0002046,MAT-01016,SUP-0052,2025-12-12,17,2,117647,DEF_DIMENSIONAL,REJECTED,INSP-104
QC-0002047,GR-0002047,MAT-00757,SUP-0052,2025-12-18,725,64,88275,DEF_SURFACE,REJECTED,INSP-110
QC-0002048,GR-0002048,MAT-01090,SUP-0052,2025-12-19,10,0,0,,ACCEPTED,INSP-104
QC-0002049,GR-0002049,MAT-00794,SUP-0114,2025-05-04,10,0,0,,ACCEPTED,INSP-117
QC-0002050,GR-0002050,MAT-00285,SUP-0059,2026-01-12,117,24,205128,DEF_CONTAMINATION,REJECTED,INSP-108
QC-0002051,GR-0002051,MAT-00165,SUP-0114,2026-01-27,14,0,0,,ACCEPTED,INSP-117
QC-0002052,GR-0002052,MAT-00740,SUP-0078,2026-03-20,77,3,38961,DEF_SURFACE,CONCESSION,INSP-117
QC-0002053,GR-0002053,MAT-00371,SUP-0015,2025-09-14,10,3,300000,DEF_SURFACE,REJECTED,INSP-104
QC-0002054,GR-0002054,MAT-00478,SUP-0022,2026-02-17,52,1,19230,DEF_METALLURGY,CONCESSION,INSP-117
QC-0002055,GR-0002055,MAT-00308,SUP-0056,2025-12-06,162,12,74074,DEF_SURFACE,REJECTED,INSP-112
QC-0002056,GR-0002056,MAT-00074,SUP-0063,2025-11-09,81,9,111111,DEF_SURFACE,REJECTED,INSP-124
QC-0002057,GR-0002057,MAT-00706,SUP-0063,2025-11-11,10,1,100000,DEF_PACKAGING,REJECTED,INSP-106
QC-0002058,GR-0002058,MAT-00372,SUP-0061,2025-06-26,138,0,0,,ACCEPTED,INSP-108
QC-0002059,GR-0002059,MAT-00244,SUP-0068,2026-03-27,30,1,33333,DEF_METALLURGY,CONCESSION,INSP-110
QC-0002060,GR-0002060,MAT-01176,SUP-0002,2025-09-25,29,5,172413,DEF_PACKAGING,REJECTED,INSP-123
QC-0002061,GR-0002061,MAT-00591,SUP-0002,2025-09-30,373,48,128686,DEF_SURFACE,REJECTED,INSP-110
QC-0002062,GR-0002062,MAT-00669,SUP-0002,2025-09-23,446,56,125560,DEF_PACKAGING,REJECTED,INSP-104
QC-0002063,GR-0002063,MAT-00189,SUP-0112,2025-09-06,254,10,39370,DEF_CONTAMINATION,CONCESSION,INSP-118
QC-0002064,GR-0002064,MAT-00836,SUP-0112,2025-09-09,27,0,0,,ACCEPTED,INSP-107
QC-0002065,GR-0002065,MAT-01016,SUP-0052,2026-04-02,11,0,0,,ACCEPTED,INSP-104
QC-0002066,GR-0002066,MAT-00427,SUP-0064,2026-01-14,15,0,0,,ACCEPTED,INSP-105
QC-0002067,GR-0002067,MAT-00135,SUP-0012,2026-02-22,735,85,115646,DEF_SURFACE,REJECTED,INSP-118
QC-0002068,GR-0002068,MAT-00858,SUP-0012,2026-02-28,362,40,110497,DEF_METALLURGY,REJECTED,INSP-125
QC-0002069,GR-0002069,MAT-01053,SUP-0012,2026-02-23,10,1,100000,DEF_SURFACE,REJECTED,INSP-123
QC-0002070,GR-0002070,MAT-00549,SUP-0110,2025-08-23,546,41,75091,DEF_CONTAMINATION,REJECTED,INSP-111
QC-0002071,GR-0002071,MAT-00724,SUP-0110,2025-08-31,271,23,84870,DEF_SURFACE,REJECTED,INSP-117
QC-0002072,GR-0002072,MAT-00879,SUP-0110,2025-08-23,263,14,53231,DEF_ELECTRICAL,REJECTED,INSP-111
QC-0002073,GR-0002073,MAT-00853,SUP-0012,2025-12-29,10,0,0,,ACCEPTED,INSP-110
QC-0002074,GR-0002074,MAT-00642,SUP-0047,2025-12-10,198,1,5050,DEF_METALLURGY,CONCESSION,INSP-110
QC-0002075,GR-0002075,MAT-00748,SUP-0047,2025-12-12,46,0,0,,ACCEPTED,INSP-112
QC-0002076,GR-0002076,MAT-00010,SUP-0081,2026-03-29,39,6,153846,DEF_ELECTRICAL,REJECTED,INSP-104
QC-0002077,GR-0002077,MAT-01149,SUP-0081,2026-03-24,140,14,100000,DEF_CONTAMINATION,REJECTED,INSP-120
QC-0002078,GR-0002078,MAT-00516,SUP-0081,2026-03-29,67,7,104477,DEF_SURFACE,REJECTED,INSP-124
QC-0002079,GR-0002079,MAT-00626,SUP-0005,2025-03-12,507,60,118343,DEF_PACKAGING,REJECTED,INSP-120
QC-0002080,GR-0002080,MAT-01090,SUP-0005,2025-03-10,10,0,0,,ACCEPTED,INSP-109
QC-0002081,GR-0002081,MAT-00950,SUP-0089,2026-01-13,63,7,111111,DEF_DIMENSIONAL,REJECTED,INSP-123
QC-0002082,GR-0002082,MAT-00402,SUP-0085,2025-04-27,111,3,27027,DEF_DIMENSIONAL,CONCESSION,INSP-116
QC-0002083,GR-0002083,MAT-00291,SUP-0085,2025-04-22,656,12,18292,DEF_CONTAMINATION,CONCESSION,INSP-117
QC-0002084,GR-0002084,MAT-00645,SUP-0085,2025-04-25,77,2,25974,DEF_CONTAMINATION,CONCESSION,INSP-125
QC-0002085,GR-0002085,MAT-00708,SUP-0054,2025-12-22,402,19,47263,DEF_SURFACE,REJECTED,INSP-123
QC-0002086,GR-0002086,MAT-00687,SUP-0049,2025-09-07,281,11,39145,DEF_DIMENSIONAL,CONCESSION,INSP-101
QC-0002087,GR-0002087,MAT-00010,SUP-0049,2025-09-05,32,2,62500,DEF_ELECTRICAL,REJECTED,INSP-125
QC-0002088,GR-0002088,MAT-00465,SUP-0066,2025-10-08,61,9,147540,DEF_ELECTRICAL,REJECTED,INSP-116
QC-0002089,GR-0002089,MAT-00477,SUP-0066,2025-10-11,16,1,62500,DEF_SURFACE,REJECTED,INSP-116
QC-0002090,GR-0002090,MAT-01007,SUP-0095,2025-12-26,173,4,23121,DEF_SURFACE,CONCESSION,INSP-115
QC-0002091,GR-0002091,MAT-00229,SUP-0095,2025-12-28,23,0,0,,ACCEPTED,INSP-107
QC-0002092,GR-0002092,MAT-00944,SUP-0091,2026-01-29,94,5,53191,DEF_CONTAMINATION,REJECTED,INSP-123
QC-0002093,GR-0002093,MAT-00376,SUP-0091,2026-01-27,316,11,34810,DEF_ELECTRICAL,CONCESSION,INSP-107
QC-0002094,GR-0002094,MAT-00705,SUP-0091,2026-01-29,216,6,27777,DEF_ELECTRICAL,CONCESSION,INSP-110
QC-0002095,GR-0002095,MAT-00105,SUP-0018,2025-11-07,144,12,83333,DEF_CONTAMINATION,REJECTED,INSP-124
QC-0002096,GR-0002096,MAT-00717,SUP-0039,2025-05-25,26,6,230769,DEF_SURFACE,REJECTED,INSP-106
QC-0002097,GR-0002097,MAT-00884,SUP-0029,2026-03-04,10,2,200000,DEF_PACKAGING,REJECTED,INSP-111
QC-0002098,GR-0002098,MAT-00624,SUP-0009,2025-10-30,13,3,230769,DEF_ELECTRICAL,REJECTED,INSP-121
QC-0002099,GR-0002099,MAT-00065,SUP-0009,2025-10-18,17,2,117647,DEF_SURFACE,REJECTED,INSP-114
QC-0002100,GR-0002100,MAT-00856,SUP-0069,2025-11-11,39,0,0,,ACCEPTED,INSP-102
QC-0002101,GR-0002101,MAT-00410,SUP-0069,2025-11-08,53,0,0,,ACCEPTED,INSP-105
QC-0002102,GR-0002102,MAT-00513,SUP-0069,2025-11-08,38,1,26315,DEF_METALLURGY,CONCESSION,INSP-117
QC-0002103,GR-0002103,MAT-00288,SUP-0030,2026-02-05,10,2,200000,DEF_ELECTRICAL,REJECTED,INSP-124
QC-0002104,GR-0002104,MAT-00342,SUP-0033,2025-10-01,40,4,100000,DEF_SURFACE,REJECTED,INSP-120
QC-0002105,GR-0002105,MAT-01053,SUP-0022,2025-04-29,10,0,0,,ACCEPTED,INSP-101
QC-0002106,GR-0002106,MAT-00328,SUP-0022,2025-04-27,15,1,66666,DEF_PACKAGING,REJECTED,INSP-112
QC-0002107,GR-0002107,MAT-00122,SUP-0120,2025-10-21,29,0,0,,ACCEPTED,INSP-123
QC-0002108,GR-0002108,MAT-00482,SUP-0120,2025-10-21,17,0,0,,ACCEPTED,INSP-101
QC-0002109,GR-0002109,MAT-00689,SUP-0120,2025-10-21,35,0,0,,ACCEPTED,INSP-122
QC-0002110,GR-0002110,MAT-00676,SUP-0083,2026-01-17,200,14,70000,DEF_DIMENSIONAL,REJECTED,INSP-107
QC-0002111,GR-0002111,MAT-00467,SUP-0083,2026-01-16,277,14,50541,DEF_CONTAMINATION,REJECTED,INSP-109
QC-0002112,GR-0002112,MAT-00205,SUP-0018,2026-01-19,153,11,71895,DEF_CONTAMINATION,REJECTED,INSP-116
QC-0002113,GR-0002113,MAT-01139,SUP-0071,2026-01-21,10,0,0,,ACCEPTED,INSP-105
QC-0002114,GR-0002114,MAT-00598,SUP-0071,2026-01-16,54,5,92592,DEF_SURFACE,REJECTED,INSP-116
QC-0002115,GR-0002115,MAT-00118,SUP-0071,2026-01-26,237,24,101265,DEF_SURFACE,REJECTED,INSP-109
QC-0002116,GR-0002116,MAT-00497,SUP-0103,2025-09-05,236,42,177966,DEF_DIMENSIONAL,REJECTED,INSP-111
QC-0002117,GR-0002117,MAT-00360,SUP-0103,2025-09-09,31,6,193548,DEF_PACKAGING,REJECTED,INSP-121
QC-0002118,GR-0002118,MAT-00487,SUP-0103,2025-08-31,10,1,100000,DEF_SURFACE,REJECTED,INSP-104
QC-0002119,GR-0002119,MAT-00523,SUP-0001,2025-12-17,377,108,286472,DEF_DIMENSIONAL,REJECTED,INSP-110
QC-0002120,GR-0002120,MAT-00379,SUP-0026,2026-02-19,164,12,73170,DEF_CONTAMINATION,REJECTED,INSP-120
QC-0002121,GR-0002121,MAT-00585,SUP-0059,2025-07-28,143,29,202797,DEF_DIMENSIONAL,REJECTED,INSP-111
QC-0002122,GR-0002122,MAT-00613,SUP-0060,2025-09-21,618,52,84142,DEF_METALLURGY,REJECTED,INSP-111
QC-0002123,GR-0002123,MAT-00174,SUP-0074,2025-09-15,220,9,40909,DEF_ELECTRICAL,REJECTED,INSP-119
QC-0002124,GR-0002124,MAT-00220,SUP-0074,2025-09-11,342,35,102339,DEF_DIMENSIONAL,REJECTED,INSP-114
QC-0002125,GR-0002125,MAT-00290,SUP-0074,2025-05-09,321,20,62305,DEF_SURFACE,REJECTED,INSP-111
QC-0002126,GR-0002126,MAT-00319,SUP-0018,2025-12-03,245,16,65306,DEF_SURFACE,REJECTED,INSP-115
QC-0002127,GR-0002127,MAT-00155,SUP-0008,2025-08-14,308,23,74675,DEF_CONTAMINATION,REJECTED,INSP-103
QC-0002128,GR-0002128,MAT-00925,SUP-0007,2025-06-17,130,12,92307,DEF_DIMENSIONAL,REJECTED,INSP-125
QC-0002129,GR-0002129,MAT-00166,SUP-0073,2025-11-12,90,5,55555,DEF_CONTAMINATION,REJECTED,INSP-104
QC-0002130,GR-0002130,MAT-00364,SUP-0005,2026-01-31,15,2,133333,DEF_PACKAGING,REJECTED,INSP-121
QC-0002131,GR-0002131,MAT-00500,SUP-0104,2026-02-03,16,0,0,,ACCEPTED,INSP-115
QC-0002132,GR-0002132,MAT-00710,SUP-0104,2026-02-06,67,4,59701,DEF_DIMENSIONAL,REJECTED,INSP-115
QC-0002133,GR-0002133,MAT-00349,SUP-0041,2025-11-01,29,3,103448,DEF_METALLURGY,REJECTED,INSP-109
QC-0002134,GR-0002134,MAT-00098,SUP-0036,2025-09-24,23,0,0,,ACCEPTED,INSP-117
QC-0002135,GR-0002135,MAT-00836,SUP-0036,2025-09-24,27,1,37037,DEF_PACKAGING,CONCESSION,INSP-115
QC-0002136,GR-0002136,MAT-00941,SUP-0045,2025-10-21,58,4,68965,DEF_SURFACE,REJECTED,INSP-103
QC-0002137,GR-0002137,MAT-00492,SUP-0103,2025-09-30,64,8,125000,DEF_METALLURGY,REJECTED,INSP-104
QC-0002138,GR-0002138,MAT-00271,SUP-0103,2025-10-01,208,32,153846,DEF_ELECTRICAL,REJECTED,INSP-111
QC-0002139,GR-0002139,MAT-00147,SUP-0103,2025-10-18,10,1,100000,DEF_METALLURGY,REJECTED,INSP-103
QC-0002140,GR-0002140,MAT-00643,SUP-0011,2025-08-10,10,0,0,,ACCEPTED,INSP-107
QC-0002141,GR-0002141,MAT-00636,SUP-0091,2025-11-16,54,1,18518,DEF_METALLURGY,CONCESSION,INSP-121
QC-0002142,GR-0002142,MAT-00347,SUP-0079,2025-09-09,59,4,67796,DEF_SURFACE,REJECTED,INSP-117
QC-0002143,GR-0002143,MAT-00158,SUP-0079,2025-09-07,169,18,106508,DEF_CONTAMINATION,REJECTED,INSP-115
QC-0002144,GR-0002144,MAT-00793,SUP-0079,2025-09-23,146,11,75342,DEF_DIMENSIONAL,REJECTED,INSP-119
QC-0002145,GR-0002145,MAT-01158,SUP-0079,2025-09-26,27,2,74074,DEF_DIMENSIONAL,REJECTED,INSP-118
QC-0002146,GR-0002146,MAT-00177,SUP-0079,2025-09-24,13,1,76923,DEF_PACKAGING,REJECTED,INSP-105
QC-0002147,GR-0002147,MAT-00981,SUP-0112,2026-01-11,45,0,0,,ACCEPTED,INSP-122
QC-0002148,GR-0002148,MAT-00048,SUP-0012,2025-12-17,20,5,250000,DEF_CONTAMINATION,REJECTED,INSP-124
QC-0002149,GR-0002149,MAT-00104,SUP-0012,2025-12-22,18,4,222222,DEF_DIMENSIONAL,REJECTED,INSP-119
QC-0002150,GR-0002150,MAT-00019,SUP-0057,2025-05-19,92,4,43478,DEF_PACKAGING,REJECTED,INSP-118
QC-0002151,GR-0002151,MAT-00057,SUP-0089,2025-05-15,467,43,92077,DEF_SURFACE,REJECTED,INSP-121
QC-0002152,GR-0002152,MAT-00745,SUP-0102,2025-09-22,10,0,0,,ACCEPTED,INSP-107
QC-0002153,GR-0002153,MAT-00236,SUP-0007,2025-06-12,33,4,121212,DEF_METALLURGY,REJECTED,INSP-112
QC-0002154,GR-0002154,MAT-00239,SUP-0112,2025-12-19,362,9,24861,DEF_PACKAGING,CONCESSION,INSP-114
QC-0002155,GR-0002155,MAT-00219,SUP-0054,2026-01-20,30,1,33333,DEF_DIMENSIONAL,CONCESSION,INSP-113
QC-0002156,GR-0002156,MAT-01114,SUP-0036,2025-12-28,21,0,0,,ACCEPTED,INSP-118
QC-0002157,GR-0002157,MAT-00401,SUP-0109,2025-09-02,58,0,0,,ACCEPTED,INSP-124
QC-0002158,GR-0002158,MAT-00002,SUP-0078,2025-08-26,61,2,32786,DEF_DIMENSIONAL,CONCESSION,INSP-102
QC-0002159,GR-0002159,MAT-00611,SUP-0095,2026-01-10,28,1,35714,DEF_PACKAGING,CONCESSION,INSP-107
QC-0002160,GR-0002160,MAT-00813,SUP-0086,2026-01-18,10,0,0,,ACCEPTED,INSP-106
QC-0002161,GR-0002161,MAT-00513,SUP-0048,2026-01-16,29,1,34482,DEF_SURFACE,CONCESSION,INSP-101
QC-0002162,GR-0002162,MAT-01046,SUP-0048,2026-01-19,172,12,69767,DEF_CONTAMINATION,REJECTED,INSP-116
QC-0002163,GR-0002163,MAT-00045,SUP-0048,2026-01-10,279,17,60931,DEF_PACKAGING,REJECTED,INSP-108
QC-0002164,GR-0002164,MAT-01129,SUP-0048,2026-01-15,485,34,70103,DEF_DIMENSIONAL,REJECTED,INSP-119
QC-0002165,GR-0002165,MAT-00474,SUP-0090,2025-09-23,55,4,72727,DEF_METALLURGY,REJECTED,INSP-103
QC-0002166,GR-0002166,MAT-00467,SUP-0029,2025-09-16,178,16,89887,DEF_DIMENSIONAL,REJECTED,INSP-106
QC-0002167,GR-0002167,MAT-00371,SUP-0015,2026-02-03,17,2,117647,DEF_METALLURGY,REJECTED,INSP-122
QC-0002168,GR-0002168,MAT-01113,SUP-0019,2025-06-09,437,49,112128,DEF_SURFACE,REJECTED,INSP-120
QC-0002169,GR-0002169,MAT-01063,SUP-0066,2025-07-11,28,1,35714,DEF_METALLURGY,CONCESSION,INSP-125
QC-0002170,GR-0002170,MAT-01067,SUP-0006,2026-02-03,419,20,47732,DEF_DIMENSIONAL,REJECTED,INSP-106
QC-0002171,GR-0002171,MAT-00117,SUP-0006,2026-01-30,16,0,0,,ACCEPTED,INSP-125
QC-0002172,GR-0002172,MAT-00277,SUP-0021,2026-04-12,331,20,60422,DEF_METALLURGY,REJECTED,INSP-124
QC-0002173,GR-0002173,MAT-00688,SUP-0071,2025-08-21,130,6,46153,DEF_PACKAGING,REJECTED,INSP-102
QC-0002174,GR-0002174,MAT-00209,SUP-0082,2026-02-23,630,113,179365,DEF_ELECTRICAL,REJECTED,INSP-104
QC-0002175,GR-0002175,MAT-00642,SUP-0047,2026-01-18,323,1,3095,DEF_SURFACE,CONCESSION,INSP-106
QC-0002176,GR-0002176,MAT-00345,SUP-0096,2026-01-15,25,2,80000,DEF_ELECTRICAL,REJECTED,INSP-121
QC-0002177,GR-0002177,MAT-00849,SUP-0010,2025-10-30,28,3,107142,DEF_DIMENSIONAL,REJECTED,INSP-123
QC-0002178,GR-0002178,MAT-01149,SUP-0010,2025-10-29,227,20,88105,DEF_CONTAMINATION,REJECTED,INSP-106
QC-0002179,GR-0002179,MAT-00182,SUP-0115,2025-03-18,24,2,83333,DEF_METALLURGY,REJECTED,INSP-121
QC-0002180,GR-0002180,MAT-00097,SUP-0115,2025-03-20,218,26,119266,DEF_CONTAMINATION,REJECTED,INSP-117
QC-0002181,GR-0002181,MAT-00425,SUP-0115,2025-03-15,13,2,153846,DEF_SURFACE,REJECTED,INSP-114
QC-0002182,GR-0002182,MAT-00027,SUP-0115,2025-03-21,449,62,138084,DEF_SURFACE,REJECTED,INSP-108
QC-0002183,GR-0002183,MAT-00873,SUP-0050,2026-01-06,10,0,0,,ACCEPTED,INSP-105
QC-0002184,GR-0002184,MAT-00797,SUP-0050,2026-01-06,70,6,85714,DEF_SURFACE,REJECTED,INSP-114
QC-0002185,GR-0002185,MAT-00399,SUP-0094,2025-08-20,30,0,0,,ACCEPTED,INSP-103
QC-0002186,GR-0002186,MAT-01080,SUP-0112,2025-11-06,44,1,22727,DEF_DIMENSIONAL,CONCESSION,INSP-106
QC-0002187,GR-0002187,MAT-00116,SUP-0112,2025-11-05,29,1,34482,DEF_SURFACE,CONCESSION,INSP-101
QC-0002188,GR-0002188,MAT-01032,SUP-0013,2025-10-24,321,24,74766,DEF_PACKAGING,REJECTED,INSP-117
QC-0002189,GR-0002189,MAT-00481,SUP-0013,2025-10-24,13,0,0,,ACCEPTED,INSP-118
QC-0002190,GR-0002190,MAT-01123,SUP-0013,2025-10-31,15,1,66666,DEF_DIMENSIONAL,REJECTED,INSP-121
QC-0002191,GR-0002191,MAT-00660,SUP-0102,2025-08-01,162,6,37037,DEF_DIMENSIONAL,CONCESSION,INSP-105
QC-0002192,GR-0002192,MAT-00378,SUP-0012,2026-01-15,691,92,133140,DEF_SURFACE,REJECTED,INSP-124
QC-0002193,GR-0002193,MAT-00521,SUP-0012,2026-01-08,162,16,98765,DEF_METALLURGY,REJECTED,INSP-114
QC-0002194,GR-0002194,MAT-00863,SUP-0012,2026-01-09,172,22,127906,DEF_SURFACE,REJECTED,INSP-104
QC-0002195,GR-0002195,MAT-01111,SUP-0030,2025-06-20,107,12,112149,DEF_METALLURGY,REJECTED,INSP-109
QC-0002196,GR-0002196,MAT-00426,SUP-0089,2025-03-02,70,10,142857,DEF_DIMENSIONAL,REJECTED,INSP-124
QC-0002197,GR-0002197,MAT-00108,SUP-0062,2025-11-13,508,52,102362,DEF_DIMENSIONAL,REJECTED,INSP-102
QC-0002198,GR-0002198,MAT-01068,SUP-0062,2025-11-19,273,19,69597,DEF_PACKAGING,REJECTED,INSP-103
QC-0002199,GR-0002199,MAT-00692,SUP-0062,2025-11-16,131,11,83969,DEF_CONTAMINATION,REJECTED,INSP-104
QC-0002200,GR-0002200,MAT-00095,SUP-0102,2025-06-09,23,3,130434,DEF_DIMENSIONAL,REJECTED,INSP-117
QC-0002201,GR-0002201,MAT-00278,SUP-0102,2025-06-08,26,0,0,,ACCEPTED,INSP-121
QC-0002202,GR-0002202,MAT-00066,SUP-0113,2026-02-05,68,11,161764,DEF_METALLURGY,REJECTED,INSP-103
QC-0002203,GR-0002203,MAT-00674,SUP-0113,2026-02-05,135,15,111111,DEF_ELECTRICAL,REJECTED,INSP-101
QC-0002204,GR-0002204,MAT-00423,SUP-0087,2025-11-08,10,0,0,,ACCEPTED,INSP-110
QC-0002205,GR-0002205,MAT-00279,SUP-0052,2025-09-12,39,5,128205,DEF_METALLURGY,REJECTED,INSP-111
QC-0002206,GR-0002206,MAT-00370,SUP-0052,2025-09-12,23,5,217391,DEF_SURFACE,REJECTED,INSP-117
QC-0002207,GR-0002207,MAT-00352,SUP-0110,2025-11-02,16,0,0,,ACCEPTED,INSP-125
QC-0002208,GR-0002208,MAT-00471,SUP-0110,2025-11-02,31,0,0,,ACCEPTED,INSP-102
QC-0002209,GR-0002209,MAT-00126,SUP-0095,2026-01-25,33,1,30303,DEF_SURFACE,CONCESSION,INSP-113
QC-0002210,GR-0002210,MAT-00030,SUP-0041,2025-03-01,77,7,90909,DEF_DIMENSIONAL,REJECTED,INSP-107
QC-0002211,GR-0002211,MAT-00608,SUP-0044,2026-02-03,61,12,196721,DEF_PACKAGING,REJECTED,INSP-116
QC-0002212,GR-0002212,MAT-00573,SUP-0044,2026-01-27,148,32,216216,DEF_DIMENSIONAL,REJECTED,INSP-115
QC-0002213,GR-0002213,MAT-00754,SUP-0029,2026-01-13,343,42,122448,DEF_DIMENSIONAL,REJECTED,INSP-110
QC-0002214,GR-0002214,MAT-00187,SUP-0118,2026-01-19,39,3,76923,DEF_SURFACE,REJECTED,INSP-116
QC-0002215,GR-0002215,MAT-00562,SUP-0118,2026-01-19,10,1,100000,DEF_DIMENSIONAL,REJECTED,INSP-120
QC-0002216,GR-0002216,MAT-01180,SUP-0118,2026-01-17,167,14,83832,DEF_DIMENSIONAL,REJECTED,INSP-110
QC-0002217,GR-0002217,MAT-00633,SUP-0118,2026-01-14,111,7,63063,DEF_CONTAMINATION,REJECTED,INSP-123
QC-0002218,GR-0002218,MAT-00395,SUP-0071,2025-09-09,324,28,86419,DEF_DIMENSIONAL,REJECTED,INSP-116
QC-0002219,GR-0002219,MAT-00367,SUP-0079,2025-06-14,10,1,100000,DEF_CONTAMINATION,REJECTED,INSP-103
QC-0002220,GR-0002220,MAT-00409,SUP-0079,2025-06-07,10,1,100000,DEF_SURFACE,REJECTED,INSP-110
QC-0002221,GR-0002221,MAT-00655,SUP-0079,2025-06-12,259,34,131274,DEF_SURFACE,REJECTED,INSP-111
QC-0002222,GR-0002222,MAT-00372,SUP-0061,2025-07-27,219,3,13698,DEF_DIMENSIONAL,CONCESSION,INSP-106
QC-0002223,GR-0002223,MAT-00782,SUP-0055,2026-03-31,122,1,8196,DEF_SURFACE,CONCESSION,INSP-114
QC-0002224,GR-0002224,MAT-00479,SUP-0055,2026-03-30,72,2,27777,DEF_ELECTRICAL,CONCESSION,INSP-116
QC-0002225,GR-0002225,MAT-00786,SUP-0014,2026-04-10,643,143,222395,DEF_PACKAGING,REJECTED,INSP-124
QC-0002226,GR-0002226,MAT-00393,SUP-0025,2025-03-02,237,8,33755,DEF_SURFACE,CONCESSION,INSP-122
QC-0002227,GR-0002227,MAT-00305,SUP-0059,2025-10-03,45,8,177777,DEF_METALLURGY,REJECTED,INSP-122
QC-0002228,GR-0002228,MAT-00385,SUP-0059,2025-10-04,10,0,0,,ACCEPTED,INSP-116
QC-0002229,GR-0002229,MAT-00392,SUP-0031,2025-10-07,72,12,166666,DEF_PACKAGING,REJECTED,INSP-103
QC-0002230,GR-0002230,MAT-00488,SUP-0073,2025-09-14,18,1,55555,DEF_PACKAGING,REJECTED,INSP-107
QC-0002231,GR-0002231,MAT-01079,SUP-0050,2025-09-11,172,21,122093,DEF_CONTAMINATION,REJECTED,INSP-107
QC-0002232,GR-0002232,MAT-00891,SUP-0100,2025-05-03,487,16,32854,DEF_CONTAMINATION,CONCESSION,INSP-109
QC-0002233,GR-0002233,MAT-00786,SUP-0014,2026-01-02,272,63,231617,DEF_METALLURGY,REJECTED,INSP-121
QC-0002234,GR-0002234,MAT-00983,SUP-0024,2025-12-21,51,2,39215,DEF_PACKAGING,CONCESSION,INSP-111
QC-0002235,GR-0002235,MAT-00865,SUP-0024,2025-12-28,319,21,65830,DEF_DIMENSIONAL,REJECTED,INSP-104
QC-0002236,GR-0002236,MAT-00430,SUP-0024,2025-12-26,171,13,76023,DEF_ELECTRICAL,REJECTED,INSP-115
QC-0002237,GR-0002237,MAT-00197,SUP-0077,2026-01-26,22,4,181818,DEF_CONTAMINATION,REJECTED,INSP-101
QC-0002238,GR-0002238,MAT-01126,SUP-0066,2025-05-26,503,58,115308,DEF_CONTAMINATION,REJECTED,INSP-112
QC-0002239,GR-0002239,MAT-00562,SUP-0066,2025-05-31,11,0,0,,ACCEPTED,INSP-114
QC-0002240,GR-0002240,MAT-00219,SUP-0054,2026-03-03,20,0,0,,ACCEPTED,INSP-115
QC-0002241,GR-0002241,MAT-00106,SUP-0054,2026-03-04,10,1,100000,DEF_METALLURGY,REJECTED,INSP-113
QC-0002242,GR-0002242,MAT-00535,SUP-0054,2026-03-03,133,7,52631,DEF_SURFACE,REJECTED,INSP-125
QC-0002243,GR-0002243,MAT-00858,SUP-0035,2026-01-08,475,98,206315,DEF_SURFACE,REJECTED,INSP-101
QC-0002244,GR-0002244,MAT-01035,SUP-0042,2025-08-07,273,20,73260,DEF_METALLURGY,REJECTED,INSP-124
QC-0002245,GR-0002245,MAT-00535,SUP-0084,2026-01-06,182,7,38461,DEF_PACKAGING,CONCESSION,INSP-113
QC-0002246,GR-0002246,MAT-00891,SUP-0100,2026-01-23,316,12,37974,DEF_PACKAGING,CONCESSION,INSP-103
QC-0002247,GR-0002247,MAT-00035,SUP-0100,2026-01-23,53,2,37735,DEF_CONTAMINATION,CONCESSION,INSP-118
QC-0002248,GR-0002248,MAT-00838,SUP-0100,2026-01-22,17,2,117647,DEF_METALLURGY,REJECTED,INSP-118
QC-0002249,GR-0002249,MAT-01181,SUP-0100,2026-01-26,312,16,51282,DEF_DIMENSIONAL,REJECTED,INSP-114
QC-0002250,GR-0002250,MAT-00470,SUP-0006,2026-01-29,14,0,0,,ACCEPTED,INSP-102
QC-0002251,GR-0002251,MAT-00542,SUP-0021,2025-12-14,118,3,25423,DEF_ELECTRICAL,CONCESSION,INSP-108
QC-0002252,GR-0002252,MAT-00344,SUP-0021,2025-12-18,344,16,46511,DEF_CONTAMINATION,REJECTED,INSP-111
QC-0002253,GR-0002253,MAT-00913,SUP-0021,2025-12-13,22,0,0,,ACCEPTED,INSP-124
QC-0002254,GR-0002254,MAT-00069,SUP-0062,2025-06-02,66,4,60606,DEF_PACKAGING,REJECTED,INSP-104
QC-0002255,GR-0002255,MAT-01104,SUP-0062,2025-06-01,85,8,94117,DEF_ELECTRICAL,REJECTED,INSP-108
QC-0002256,GR-0002256,MAT-01005,SUP-0062,2025-05-29,406,33,81280,DEF_ELECTRICAL,REJECTED,INSP-109
QC-0002257,GR-0002257,MAT-00354,SUP-0100,2025-10-07,263,8,30418,DEF_PACKAGING,CONCESSION,INSP-106
QC-0002258,GR-0002258,MAT-00511,SUP-0100,2025-10-05,22,1,45454,DEF_SURFACE,REJECTED,INSP-114
QC-0002259,GR-0002259,MAT-00039,SUP-0109,2025-12-15,11,0,0,,ACCEPTED,INSP-120
QC-0002260,GR-0002260,MAT-01125,SUP-0109,2025-12-12,24,0,0,,ACCEPTED,INSP-104
QC-0002261,GR-0002261,MAT-00683,SUP-0109,2025-12-17,200,3,15000,DEF_METALLURGY,CONCESSION,INSP-117
QC-0002262,GR-0002262,MAT-00427,SUP-0064,2025-12-11,19,0,0,,ACCEPTED,INSP-118
QC-0002263,GR-0002263,MAT-01003,SUP-0067,2025-09-07,89,11,123595,DEF_SURFACE,REJECTED,INSP-107
QC-0002264,GR-0002264,MAT-00443,SUP-0067,2025-09-08,191,22,115183,DEF_METALLURGY,REJECTED,INSP-120
QC-0002265,GR-0002265,MAT-00433,SUP-0023,2026-04-01,59,1,16949,DEF_DIMENSIONAL,CONCESSION,INSP-111
QC-0002266,GR-0002266,MAT-00501,SUP-0023,2026-03-31,28,1,35714,DEF_SURFACE,CONCESSION,INSP-119
QC-0002267,GR-0002267,MAT-01101,SUP-0084,2026-01-18,13,0,0,,ACCEPTED,INSP-120
QC-0002268,GR-0002268,MAT-00182,SUP-0115,2026-03-07,22,3,136363,DEF_CONTAMINATION,REJECTED,INSP-116
QC-0002269,GR-0002269,MAT-00915,SUP-0096,2025-11-14,34,1,29411,DEF_CONTAMINATION,CONCESSION,INSP-103
QC-0002270,GR-0002270,MAT-00355,SUP-0067,2026-01-03,20,2,100000,DEF_PACKAGING,REJECTED,INSP-120
QC-0002271,GR-0002271,MAT-00642,SUP-0067,2026-01-03,283,25,88339,DEF_METALLURGY,REJECTED,INSP-114
QC-0002272,GR-0002272,MAT-01044,SUP-0067,2026-01-10,259,28,108108,DEF_CONTAMINATION,REJECTED,INSP-101
QC-0002273,GR-0002273,MAT-01136,SUP-0074,2025-09-06,461,27,58568,DEF_DIMENSIONAL,REJECTED,INSP-108
QC-0002274,GR-0002274,MAT-00767,SUP-0080,2026-02-06,16,2,125000,DEF_METALLURGY,REJECTED,INSP-121
QC-0002275,GR-0002275,MAT-00685,SUP-0080,2026-02-08,10,1,100000,DEF_CONTAMINATION,REJECTED,INSP-103
QC-0002276,GR-0002276,MAT-00726,SUP-0080,2026-02-02,164,11,67073,DEF_PACKAGING,REJECTED,INSP-116
QC-0002277,GR-0002277,MAT-00914,SUP-0107,2025-10-30,72,2,27777,DEF_CONTAMINATION,CONCESSION,INSP-122
QC-0002278,GR-0002278,MAT-00492,SUP-0107,2025-11-01,43,5,116279,DEF_METALLURGY,REJECTED,INSP-119
QC-0002279,GR-0002279,MAT-00954,SUP-0107,2025-10-28,200,11,55000,DEF_SURFACE,REJECTED,INSP-102
QC-0002280,GR-0002280,MAT-00974,SUP-0020,2025-11-03,724,56,77348,DEF_CONTAMINATION,REJECTED,INSP-116
QC-0002281,GR-0002281,MAT-00984,SUP-0074,2026-01-17,20,0,0,,ACCEPTED,INSP-111
QC-0002282,GR-0002282,MAT-00426,SUP-0089,2025-05-07,42,4,95238,DEF_DIMENSIONAL,REJECTED,INSP-102
QC-0002283,GR-0002283,MAT-00096,SUP-0005,2026-03-06,364,32,87912,DEF_DIMENSIONAL,REJECTED,INSP-114
QC-0002284,GR-0002284,MAT-01037,SUP-0049,2025-09-12,35,3,85714,DEF_METALLURGY,REJECTED,INSP-111
QC-0002285,GR-0002285,MAT-01076,SUP-0049,2025-09-12,70,2,28571,DEF_ELECTRICAL,CONCESSION,INSP-114
QC-0002286,GR-0002286,MAT-00684,SUP-0089,2025-11-10,698,65,93123,DEF_METALLURGY,REJECTED,INSP-113
QC-0002287,GR-0002287,MAT-00267,SUP-0089,2025-11-12,658,89,135258,DEF_DIMENSIONAL,REJECTED,INSP-114
QC-0002288,GR-0002288,MAT-00881,SUP-0089,2025-11-03,73,8,109589,DEF_DIMENSIONAL,REJECTED,INSP-106
QC-0002289,GR-0002289,MAT-00028,SUP-0089,2025-11-08,16,3,187500,DEF_METALLURGY,REJECTED,INSP-112
QC-0002290,GR-0002290,MAT-00076,SUP-0120,2025-04-04,29,4,137931,DEF_PACKAGING,REJECTED,INSP-117
QC-0002291,GR-0002291,MAT-00144,SUP-0120,2025-04-02,10,1,100000,DEF_PACKAGING,REJECTED,INSP-115
QC-0002292,GR-0002292,MAT-00503,SUP-0120,2025-04-05,159,5,31446,DEF_METALLURGY,CONCESSION,INSP-118
QC-0002293,GR-0002293,MAT-01198,SUP-0120,2025-04-06,371,16,43126,DEF_CONTAMINATION,REJECTED,INSP-122
QC-0002294,GR-0002294,MAT-00741,SUP-0055,2025-09-13,23,0,0,,ACCEPTED,INSP-119
QC-0002295,GR-0002295,MAT-01163,SUP-0055,2025-09-15,119,0,0,,ACCEPTED,INSP-104
QC-0002296,GR-0002296,MAT-00818,SUP-0119,2025-12-13,170,8,47058,DEF_METALLURGY,REJECTED,INSP-125
QC-0002297,GR-0002297,MAT-01029,SUP-0108,2025-05-10,40,5,125000,DEF_CONTAMINATION,REJECTED,INSP-115
QC-0002298,GR-0002298,MAT-00639,SUP-0032,2025-12-14,22,2,90909,DEF_SURFACE,REJECTED,INSP-116
QC-0002299,GR-0002299,MAT-00837,SUP-0032,2025-12-14,11,0,0,,ACCEPTED,INSP-115
QC-0002300,GR-0002300,MAT-00001,SUP-0032,2025-12-12,15,1,66666,DEF_DIMENSIONAL,REJECTED,INSP-119
QC-0002301,GR-0002301,MAT-00302,SUP-0061,2025-06-06,10,0,0,,ACCEPTED,INSP-111
QC-0002302,GR-0002302,MAT-00768,SUP-0015,2026-03-26,72,12,166666,DEF_SURFACE,REJECTED,INSP-125
QC-0002303,GR-0002303,MAT-00475,SUP-0016,2025-10-30,350,20,57142,DEF_SURFACE,REJECTED,INSP-111
QC-0002304,GR-0002304,MAT-00586,SUP-0006,2026-01-04,73,0,0,,ACCEPTED,INSP-117
QC-0002305,GR-0002305,MAT-01096,SUP-0059,2025-10-13,10,0,0,,ACCEPTED,INSP-110
QC-0002306,GR-0002306,MAT-00138,SUP-0100,2025-07-04,167,4,23952,DEF_ELECTRICAL,CONCESSION,INSP-117
QC-0002307,GR-0002307,MAT-00630,SUP-0048,2025-07-26,10,1,100000,DEF_ELECTRICAL,REJECTED,INSP-102
QC-0002308,GR-0002308,MAT-00930,SUP-0048,2025-07-30,14,3,214285,DEF_DIMENSIONAL,REJECTED,INSP-108
QC-0002309,GR-0002309,MAT-01025,SUP-0095,2025-05-11,33,0,0,,ACCEPTED,INSP-125
QC-0002310,GR-0002310,MAT-00263,SUP-0014,2025-09-19,105,32,304761,DEF_ELECTRICAL,REJECTED,INSP-123
QC-0002311,GR-0002311,MAT-00341,SUP-0028,2026-01-24,372,44,118279,DEF_CONTAMINATION,REJECTED,INSP-104
QC-0002312,GR-0002312,MAT-01101,SUP-0028,2026-01-25,17,2,117647,DEF_CONTAMINATION,REJECTED,INSP-112
QC-0002313,GR-0002313,MAT-00833,SUP-0028,2026-01-22,17,2,117647,DEF_DIMENSIONAL,REJECTED,INSP-111
QC-0002314,GR-0002314,MAT-01018,SUP-0013,2026-04-05,13,1,76923,DEF_METALLURGY,REJECTED,INSP-101
QC-0002315,GR-0002315,MAT-00751,SUP-0010,2026-03-04,71,6,84507,DEF_PACKAGING,REJECTED,INSP-108
QC-0002316,GR-0002316,MAT-00548,SUP-0012,2026-01-17,69,4,57971,DEF_SURFACE,REJECTED,INSP-114
QC-0002317,GR-0002317,MAT-01080,SUP-0112,2025-06-07,127,4,31496,DEF_DIMENSIONAL,CONCESSION,INSP-103
QC-0002318,GR-0002318,MAT-00704,SUP-0080,2025-09-28,73,9,123287,DEF_SURFACE,REJECTED,INSP-123
QC-0002319,GR-0002319,MAT-00350,SUP-0080,2025-09-25,36,2,55555,DEF_DIMENSIONAL,REJECTED,INSP-111
QC-0002320,GR-0002320,MAT-01135,SUP-0062,2025-10-12,16,0,0,,ACCEPTED,INSP-113
QC-0002321,GR-0002321,MAT-00227,SUP-0047,2025-08-24,10,0,0,,ACCEPTED,INSP-106
QC-0002322,GR-0002322,MAT-00421,SUP-0047,2025-08-26,15,0,0,,ACCEPTED,INSP-122
QC-0002323,GR-0002323,MAT-00199,SUP-0062,2025-12-15,20,4,200000,DEF_METALLURGY,REJECTED,INSP-116
QC-0002324,GR-0002324,MAT-00085,SUP-0062,2025-12-16,29,3,103448,DEF_METALLURGY,REJECTED,INSP-116
QC-0002325,GR-0002325,MAT-00402,SUP-0062,2025-12-16,181,15,82872,DEF_CONTAMINATION,REJECTED,INSP-104
QC-0002326,GR-0002326,MAT-00134,SUP-0062,2025-12-17,160,11,68750,DEF_PACKAGING,REJECTED,INSP-114
QC-0002327,GR-0002327,MAT-00789,SUP-0115,2025-12-22,159,20,125786,DEF_CONTAMINATION,REJECTED,INSP-105
QC-0002328,GR-0002328,MAT-00639,SUP-0115,2025-12-18,34,5,147058,DEF_DIMENSIONAL,REJECTED,INSP-114
QC-0002329,GR-0002329,MAT-00211,SUP-0084,2025-10-22,303,22,72607,DEF_CONTAMINATION,REJECTED,INSP-108
QC-0002330,GR-0002330,MAT-00107,SUP-0111,2025-10-22,433,35,80831,DEF_PACKAGING,REJECTED,INSP-115
QC-0002331,GR-0002331,MAT-00403,SUP-0077,2026-02-19,91,9,98901,DEF_METALLURGY,REJECTED,INSP-123
QC-0002332,GR-0002332,MAT-00111,SUP-0077,2026-02-22,721,52,72122,DEF_PACKAGING,REJECTED,INSP-123
QC-0002333,GR-0002333,MAT-00657,SUP-0104,2025-09-30,16,2,125000,DEF_METALLURGY,REJECTED,INSP-107
QC-0002334,GR-0002334,MAT-00922,SUP-0104,2025-09-27,10,1,100000,DEF_ELECTRICAL,REJECTED,INSP-104
QC-0002335,GR-0002335,MAT-00181,SUP-0104,2025-09-28,55,4,72727,DEF_METALLURGY,REJECTED,INSP-118
QC-0002336,GR-0002336,MAT-00886,SUP-0081,2025-10-20,10,1,100000,DEF_SURFACE,REJECTED,INSP-103
QC-0002337,GR-0002337,MAT-01144,SUP-0081,2025-10-15,297,32,107744,DEF_ELECTRICAL,REJECTED,INSP-115
QC-0002338,GR-0002338,MAT-00377,SUP-0081,2025-10-16,217,24,110599,DEF_PACKAGING,REJECTED,INSP-123
QC-0002339,GR-0002339,MAT-00202,SUP-0085,2025-10-02,508,13,25590,DEF_CONTAMINATION,CONCESSION,INSP-114
QC-0002340,GR-0002340,MAT-00699,SUP-0085,2025-09-28,60,1,16666,DEF_CONTAMINATION,CONCESSION,INSP-114
QC-0002341,GR-0002341,MAT-00854,SUP-0085,2025-10-02,166,2,12048,DEF_PACKAGING,CONCESSION,INSP-103
QC-0002342,GR-0002342,MAT-00169,SUP-0117,2025-12-06,283,18,63604,DEF_PACKAGING,REJECTED,INSP-108
QC-0002343,GR-0002343,MAT-01079,SUP-0050,2026-04-08,594,45,75757,DEF_CONTAMINATION,REJECTED,INSP-101
QC-0002344,GR-0002344,MAT-00829,SUP-0080,2025-06-23,241,19,78838,DEF_METALLURGY,REJECTED,INSP-123
QC-0002345,GR-0002345,MAT-00172,SUP-0080,2025-06-18,26,2,76923,DEF_SURFACE,REJECTED,INSP-112
QC-0002346,GR-0002346,MAT-01023,SUP-0080,2025-06-30,90,4,44444,DEF_DIMENSIONAL,REJECTED,INSP-115
QC-0002347,GR-0002347,MAT-00824,SUP-0095,2025-10-20,10,1,100000,DEF_ELECTRICAL,REJECTED,INSP-119
QC-0002348,GR-0002348,MAT-00300,SUP-0095,2025-10-14,42,1,23809,DEF_DIMENSIONAL,CONCESSION,INSP-122
QC-0002349,GR-0002349,MAT-00397,SUP-0019,2025-12-17,100,4,40000,DEF_PACKAGING,REJECTED,INSP-106
QC-0002350,GR-0002350,MAT-00008,SUP-0019,2025-12-19,10,1,100000,DEF_CONTAMINATION,REJECTED,INSP-109
QC-0002351,GR-0002351,MAT-01165,SUP-0019,2025-12-15,144,11,76388,DEF_PACKAGING,REJECTED,INSP-107
QC-0002352,GR-0002352,MAT-00721,SUP-0078,2025-11-30,211,13,61611,DEF_METALLURGY,REJECTED,INSP-109
QC-0002353,GR-0002353,MAT-00413,SUP-0078,2025-11-24,10,0,0,,ACCEPTED,INSP-109
QC-0002354,GR-0002354,MAT-00063,SUP-0068,2025-08-04,81,2,24691,DEF_PACKAGING,CONCESSION,INSP-111
QC-0002355,GR-0002355,MAT-00686,SUP-0009,2026-02-16,33,9,272727,DEF_ELECTRICAL,REJECTED,INSP-119
QC-0002356,GR-0002356,MAT-00048,SUP-0009,2026-03-01,57,11,192982,DEF_DIMENSIONAL,REJECTED,INSP-102
QC-0002357,GR-0002357,MAT-00302,SUP-0009,2026-03-03,17,2,117647,DEF_CONTAMINATION,REJECTED,INSP-104
QC-0002358,GR-0002358,MAT-01057,SUP-0009,2026-02-15,389,68,174807,DEF_CONTAMINATION,REJECTED,INSP-113
QC-0002359,GR-0002359,MAT-00779,SUP-0020,2026-03-15,35,7,200000,DEF_SURFACE,REJECTED,INSP-111
QC-0002360,GR-0002360,MAT-00373,SUP-0073,2026-03-27,330,34,103030,DEF_DIMENSIONAL,REJECTED,INSP-107
QC-0002361,GR-0002361,MAT-00699,SUP-0055,2025-11-02,112,2,17857,DEF_PACKAGING,CONCESSION,INSP-103
QC-0002362,GR-0002362,MAT-01197,SUP-0032,2026-01-20,68,3,44117,DEF_PACKAGING,REJECTED,INSP-107
QC-0002363,GR-0002363,MAT-00193,SUP-0032,2026-01-11,345,24,69565,DEF_DIMENSIONAL,REJECTED,INSP-115
QC-0002364,GR-0002364,MAT-00675,SUP-0102,2025-07-23,48,1,20833,DEF_SURFACE,CONCESSION,INSP-118
QC-0002365,GR-0002365,MAT-01088,SUP-0004,2026-01-28,34,3,88235,DEF_CONTAMINATION,REJECTED,INSP-111
QC-0002366,GR-0002366,MAT-00487,SUP-0004,2026-01-28,10,3,300000,DEF_SURFACE,REJECTED,INSP-115
QC-0002367,GR-0002367,MAT-00798,SUP-0022,2025-07-22,10,0,0,,ACCEPTED,INSP-113
QC-0002368,GR-0002368,MAT-00048,SUP-0022,2025-07-28,67,0,0,,ACCEPTED,INSP-119
QC-0002369,GR-0002369,MAT-00201,SUP-0022,2025-07-23,629,16,25437,DEF_PACKAGING,CONCESSION,INSP-115
QC-0002370,GR-0002370,MAT-00397,SUP-0019,2026-01-11,251,21,83665,DEF_SURFACE,REJECTED,INSP-109
QC-0002371,GR-0002371,MAT-00916,SUP-0047,2025-08-10,34,0,0,,ACCEPTED,INSP-115
QC-0002372,GR-0002372,MAT-00526,SUP-0116,2025-06-09,245,11,44897,DEF_PACKAGING,REJECTED,INSP-125
QC-0002373,GR-0002373,MAT-00631,SUP-0116,2025-06-08,19,0,0,,ACCEPTED,INSP-110
QC-0002374,GR-0002374,MAT-00250,SUP-0116,2025-06-08,76,1,13157,DEF_CONTAMINATION,CONCESSION,INSP-116
QC-0002375,GR-0002375,MAT-01154,SUP-0116,2025-06-08,29,0,0,,ACCEPTED,INSP-113
QC-0002376,GR-0002376,MAT-00741,SUP-0055,2025-07-17,18,2,111111,DEF_DIMENSIONAL,REJECTED,INSP-123
QC-0002377,GR-0002377,MAT-00191,SUP-0055,2025-07-17,36,2,55555,DEF_CONTAMINATION,REJECTED,INSP-105
QC-0002378,GR-0002378,MAT-00838,SUP-0106,2025-02-24,17,0,0,,ACCEPTED,INSP-107
QC-0002379,GR-0002379,MAT-00453,SUP-0106,2025-02-24,16,2,125000,DEF_ELECTRICAL,REJECTED,INSP-125
QC-0002380,GR-0002380,MAT-00807,SUP-0106,2025-02-24,222,13,58558,DEF_PACKAGING,REJECTED,INSP-105
QC-0002381,GR-0002381,MAT-01140,SUP-0019,2026-02-05,15,1,66666,DEF_ELECTRICAL,REJECTED,INSP-105
QC-0002382,GR-0002382,MAT-00680,SUP-0065,2026-02-14,614,67,109120,DEF_CONTAMINATION,REJECTED,INSP-104
QC-0002383,GR-0002383,MAT-01096,SUP-0059,2026-02-02,23,3,130434,DEF_CONTAMINATION,REJECTED,INSP-117
QC-0002384,GR-0002384,MAT-00004,SUP-0016,2025-07-13,174,18,103448,DEF_CONTAMINATION,REJECTED,INSP-114
QC-0002385,GR-0002385,MAT-01045,SUP-0093,2025-06-25,17,5,294117,DEF_CONTAMINATION,REJECTED,INSP-112
QC-0002386,GR-0002386,MAT-00866,SUP-0085,2025-03-15,12,1,83333,DEF_DIMENSIONAL,REJECTED,INSP-110
QC-0002387,GR-0002387,MAT-00818,SUP-0119,2025-07-26,183,19,103825,DEF_METALLURGY,REJECTED,INSP-119
QC-0002388,GR-0002388,MAT-00575,SUP-0107,2026-04-01,93,10,107526,DEF_CONTAMINATION,REJECTED,INSP-109
QC-0002389,GR-0002389,MAT-00411,SUP-0099,2025-08-18,15,1,66666,DEF_CONTAMINATION,REJECTED,INSP-107
QC-0002390,GR-0002390,MAT-00676,SUP-0083,2025-10-26,364,18,49450,DEF_ELECTRICAL,REJECTED,INSP-114
QC-0002391,GR-0002391,MAT-00179,SUP-0083,2025-10-28,36,1,27777,DEF_DIMENSIONAL,CONCESSION,INSP-106
QC-0002392,GR-0002392,MAT-00132,SUP-0012,2025-06-11,60,9,150000,DEF_METALLURGY,REJECTED,INSP-106
QC-0002393,GR-0002393,MAT-00909,SUP-0012,2025-06-14,34,2,58823,DEF_PACKAGING,REJECTED,INSP-124
QC-0002394,GR-0002394,MAT-00247,SUP-0012,2025-06-11,653,72,110260,DEF_CONTAMINATION,REJECTED,INSP-121
QC-0002395,GR-0002395,MAT-00242,SUP-0012,2025-06-15,15,2,133333,DEF_DIMENSIONAL,REJECTED,INSP-111
QC-0002396,GR-0002396,MAT-01010,SUP-0029,2025-08-28,98,13,132653,DEF_METALLURGY,REJECTED,INSP-122
QC-0002397,GR-0002397,MAT-00652,SUP-0024,2025-12-06,16,0,0,,ACCEPTED,INSP-122
QC-0002398,GR-0002398,MAT-00826,SUP-0016,2026-01-06,698,36,51575,DEF_DIMENSIONAL,REJECTED,INSP-123
QC-0002399,GR-0002399,MAT-00103,SUP-0016,2026-01-01,122,7,57377,DEF_DIMENSIONAL,REJECTED,INSP-108
QC-0002400,GR-0002400,MAT-00424,SUP-0012,2025-08-22,310,29,93548,DEF_CONTAMINATION,REJECTED,INSP-117
QC-0002401,GR-0002401,MAT-00078,SUP-0001,2025-06-15,60,17,283333,DEF_PACKAGING,REJECTED,INSP-123
QC-0002402,GR-0002402,MAT-00576,SUP-0001,2025-06-19,118,27,228813,DEF_SURFACE,REJECTED,INSP-117
QC-0002403,GR-0002403,MAT-01074,SUP-0093,2025-11-14,250,56,224000,DEF_CONTAMINATION,REJECTED,INSP-114
QC-0002404,GR-0002404,MAT-00782,SUP-0093,2025-11-30,99,18,181818,DEF_SURFACE,REJECTED,INSP-106
QC-0002405,GR-0002405,MAT-00100,SUP-0093,2025-09-17,10,2,200000,DEF_CONTAMINATION,REJECTED,INSP-103
QC-0002406,GR-0002406,MAT-01037,SUP-0049,2025-08-10,69,6,86956,DEF_METALLURGY,REJECTED,INSP-103
QC-0002407,GR-0002407,MAT-00669,SUP-0038,2025-12-19,297,8,26936,DEF_ELECTRICAL,CONCESSION,INSP-101
QC-0002408,GR-0002408,MAT-00316,SUP-0022,2025-10-24,16,0,0,,ACCEPTED,INSP-123
QC-0002409,GR-0002409,MAT-00826,SUP-0016,2025-11-10,599,41,68447,DEF_CONTAMINATION,REJECTED,INSP-114
QC-0002410,GR-0002410,MAT-00810,SUP-0016,2025-11-13,176,14,79545,DEF_PACKAGING,REJECTED,INSP-110
QC-0002411,GR-0002411,MAT-00613,SUP-0060,2025-12-19,468,41,87606,DEF_ELECTRICAL,REJECTED,INSP-120
QC-0002412,GR-0002412,MAT-00715,SUP-0095,2026-01-21,10,1,100000,DEF_PACKAGING,REJECTED,INSP-107
QC-0002413,GR-0002413,MAT-01027,SUP-0095,2026-01-20,10,1,100000,DEF_CONTAMINATION,REJECTED,INSP-109
QC-0002414,GR-0002414,MAT-00088,SUP-0095,2026-01-21,252,8,31746,DEF_SURFACE,CONCESSION,INSP-106
QC-0002415,GR-0002415,MAT-00176,SUP-0045,2026-01-21,134,14,104477,DEF_ELECTRICAL,REJECTED,INSP-115
QC-0002416,GR-0002416,MAT-00446,SUP-0045,2026-01-20,484,27,55785,DEF_PACKAGING,REJECTED,INSP-111
QC-0002417,GR-0002417,MAT-00041,SUP-0045,2026-01-20,55,2,36363,DEF_ELECTRICAL,CONCESSION,INSP-109
QC-0002418,GR-0002418,MAT-00930,SUP-0116,2025-07-13,10,1,100000,DEF_CONTAMINATION,REJECTED,INSP-118
QC-0002419,GR-0002419,MAT-00374,SUP-0081,2025-12-17,10,2,200000,DEF_SURFACE,REJECTED,INSP-115
QC-0002420,GR-0002420,MAT-01049,SUP-0081,2025-12-15,310,32,103225,DEF_DIMENSIONAL,REJECTED,INSP-109
QC-0002421,GR-0002421,MAT-00810,SUP-0049,2025-10-27,36,1,27777,DEF_PACKAGING,CONCESSION,INSP-103
QC-0002422,GR-0002422,MAT-00985,SUP-0049,2025-10-28,64,3,46875,DEF_DIMENSIONAL,REJECTED,INSP-116
QC-0002423,GR-0002423,MAT-00169,SUP-0117,2026-03-30,104,5,48076,DEF_PACKAGING,REJECTED,INSP-110
QC-0002424,GR-0002424,MAT-01173,SUP-0001,2026-02-16,309,83,268608,DEF_SURFACE,REJECTED,INSP-121
QC-0002425,GR-0002425,MAT-00695,SUP-0046,2025-12-14,11,1,90909,DEF_SURFACE,REJECTED,INSP-119
QC-0002426,GR-0002426,MAT-01065,SUP-0048,2025-07-04,206,13,63106,DEF_SURFACE,REJECTED,INSP-109
QC-0002427,GR-0002427,MAT-00890,SUP-0007,2026-01-07,17,0,0,,ACCEPTED,INSP-101
QC-0002428,GR-0002428,MAT-00039,SUP-0007,2026-01-04,18,1,55555,DEF_PACKAGING,REJECTED,INSP-122
QC-0002429,GR-0002429,MAT-00621,SUP-0009,2025-07-27,370,79,213513,DEF_ELECTRICAL,REJECTED,INSP-111
QC-0002430,GR-0002430,MAT-00885,SUP-0093,2025-11-12,315,78,247619,DEF_METALLURGY,REJECTED,INSP-123
QC-0002431,GR-0002431,MAT-00358,SUP-0093,2025-11-10,360,75,208333,DEF_CONTAMINATION,REJECTED,INSP-104
QC-0002432,GR-0002432,MAT-00006,SUP-0093,2025-10-30,648,144,222222,DEF_DIMENSIONAL,REJECTED,INSP-115
QC-0002433,GR-0002433,MAT-00545,SUP-0119,2025-07-16,147,12,81632,DEF_DIMENSIONAL,REJECTED,INSP-113
QC-0002434,GR-0002434,MAT-00231,SUP-0119,2025-07-27,357,32,89635,DEF_PACKAGING,REJECTED,INSP-102
QC-0002435,GR-0002435,MAT-00738,SUP-0119,2025-07-23,25,2,80000,DEF_PACKAGING,REJECTED,INSP-106
QC-0002436,GR-0002436,MAT-00956,SUP-0056,2026-01-20,35,4,114285,DEF_SURFACE,REJECTED,INSP-120
QC-0002437,GR-0002437,MAT-00517,SUP-0112,2025-08-06,51,4,78431,DEF_CONTAMINATION,REJECTED,INSP-121
QC-0002438,GR-0002438,MAT-00539,SUP-0112,2025-08-03,73,3,41095,DEF_METALLURGY,REJECTED,INSP-116
QC-0002439,GR-0002439,MAT-00147,SUP-0004,2025-11-08,18,1,55555,DEF_SURFACE,REJECTED,INSP-105
QC-0002440,GR-0002440,MAT-01025,SUP-0095,2026-04-01,31,0,0,,ACCEPTED,INSP-119
QC-0002441,GR-0002441,MAT-01000,SUP-0006,2025-07-28,53,3,56603,DEF_SURFACE,REJECTED,INSP-119
QC-0002442,GR-0002442,MAT-00958,SUP-0116,2025-11-18,499,21,42084,DEF_ELECTRICAL,REJECTED,INSP-120
QC-0002443,GR-0002443,MAT-00764,SUP-0116,2025-11-16,89,3,33707,DEF_ELECTRICAL,CONCESSION,INSP-117
QC-0002444,GR-0002444,MAT-00037,SUP-0116,2025-11-19,162,4,24691,DEF_DIMENSIONAL,CONCESSION,INSP-119
QC-0002445,GR-0002445,MAT-01193,SUP-0083,2025-11-15,110,6,54545,DEF_METALLURGY,REJECTED,INSP-110
QC-0002446,GR-0002446,MAT-01028,SUP-0102,2025-03-28,688,28,40697,DEF_ELECTRICAL,REJECTED,INSP-114
QC-0002447,GR-0002447,MAT-01088,SUP-0004,2026-03-02,14,2,142857,DEF_METALLURGY,REJECTED,INSP-125
QC-0002448,GR-0002448,MAT-00619,SUP-0051,2025-05-15,10,0,0,,ACCEPTED,INSP-117
QC-0002449,GR-0002449,MAT-00911,SUP-0095,2025-11-15,25,2,80000,DEF_SURFACE,REJECTED,INSP-124
QC-0002450,GR-0002450,MAT-00503,SUP-0116,2025-11-29,123,3,24390,DEF_CONTAMINATION,CONCESSION,INSP-102
QC-0002451,GR-0002451,MAT-00086,SUP-0116,2025-12-02,46,2,43478,DEF_CONTAMINATION,REJECTED,INSP-104
QC-0002452,GR-0002452,MAT-00444,SUP-0065,2026-01-16,86,5,58139,DEF_PACKAGING,REJECTED,INSP-107
QC-0002453,GR-0002453,MAT-00946,SUP-0065,2026-01-18,16,0,0,,ACCEPTED,INSP-109
QC-0002454,GR-0002454,MAT-00796,SUP-0012,2026-01-13,278,28,100719,DEF_PACKAGING,REJECTED,INSP-103
QC-0002455,GR-0002455,MAT-00081,SUP-0105,2025-09-02,37,1,27027,DEF_SURFACE,CONCESSION,INSP-116
QC-0002456,GR-0002456,MAT-00553,SUP-0105,2025-09-02,123,3,24390,DEF_METALLURGY,CONCESSION,INSP-115
QC-0002457,GR-0002457,MAT-01002,SUP-0105,2025-08-31,118,5,42372,DEF_PACKAGING,REJECTED,INSP-112
QC-0002458,GR-0002458,MAT-00365,SUP-0085,2025-02-24,209,11,52631,DEF_CONTAMINATION,REJECTED,INSP-103
QC-0002459,GR-0002459,MAT-00225,SUP-0096,2026-01-27,351,18,51282,DEF_ELECTRICAL,REJECTED,INSP-102
QC-0002460,GR-0002460,MAT-00869,SUP-0096,2026-01-27,10,1,100000,DEF_CONTAMINATION,REJECTED,INSP-110
QC-0002461,GR-0002461,MAT-00512,SUP-0077,2025-12-15,14,2,142857,DEF_ELECTRICAL,REJECTED,INSP-120
QC-0002462,GR-0002462,MAT-00730,SUP-0024,2026-03-06,83,5,60240,DEF_ELECTRICAL,REJECTED,INSP-106
QC-0002463,GR-0002463,MAT-01103,SUP-0094,2026-02-27,28,0,0,,ACCEPTED,INSP-102
QC-0002464,GR-0002464,MAT-00708,SUP-0094,2026-02-26,642,2,3115,DEF_DIMENSIONAL,CONCESSION,INSP-103
QC-0002465,GR-0002465,MAT-00398,SUP-0094,2026-02-26,51,0,0,,ACCEPTED,INSP-112
QC-0002466,GR-0002466,MAT-00153,SUP-0094,2026-02-28,13,0,0,,ACCEPTED,INSP-108
QC-0002467,GR-0002467,MAT-00097,SUP-0043,2026-03-24,735,61,82993,DEF_PACKAGING,REJECTED,INSP-104
QC-0002468,GR-0002468,MAT-00465,SUP-0043,2026-03-25,40,0,0,,ACCEPTED,INSP-105
QC-0002469,GR-0002469,MAT-00461,SUP-0102,2025-12-04,398,26,65326,DEF_CONTAMINATION,REJECTED,INSP-101
QC-0002470,GR-0002470,MAT-00129,SUP-0102,2025-12-03,16,0,0,,ACCEPTED,INSP-112
QC-0002471,GR-0002471,MAT-00549,SUP-0110,2025-09-23,684,45,65789,DEF_PACKAGING,REJECTED,INSP-116
QC-0002472,GR-0002472,MAT-00023,SUP-0110,2025-09-26,137,8,58394,DEF_SURFACE,REJECTED,INSP-122
QC-0002473,GR-0002473,MAT-00935,SUP-0110,2025-10-02,27,2,74074,DEF_PACKAGING,REJECTED,INSP-106
QC-0002474,GR-0002474,MAT-00468,SUP-0119,2026-03-13,60,8,133333,DEF_SURFACE,REJECTED,INSP-108
QC-0002475,GR-0002475,MAT-00052,SUP-0119,2026-03-04,229,26,113537,DEF_DIMENSIONAL,REJECTED,INSP-124
QC-0002476,GR-0002476,MAT-00702,SUP-0106,2025-11-29,31,3,96774,DEF_METALLURGY,REJECTED,INSP-118
QC-0002477,GR-0002477,MAT-00542,SUP-0106,2025-11-29,143,12,83916,DEF_ELECTRICAL,REJECTED,INSP-121
QC-0002478,GR-0002478,MAT-00140,SUP-0036,2025-07-21,101,1,9900,DEF_DIMENSIONAL,CONCESSION,INSP-116
QC-0002479,GR-0002479,MAT-00259,SUP-0036,2025-07-22,553,3,5424,DEF_SURFACE,CONCESSION,INSP-113
QC-0002480,GR-0002480,MAT-00402,SUP-0085,2026-03-06,85,1,11764,DEF_METALLURGY,CONCESSION,INSP-121
QC-0002481,GR-0002481,MAT-00326,SUP-0085,2026-03-07,633,15,23696,DEF_SURFACE,CONCESSION,INSP-108
QC-0002482,GR-0002482,MAT-00170,SUP-0095,2026-03-30,316,7,22151,DEF_CONTAMINATION,CONCESSION,INSP-102
QC-0002483,GR-0002483,MAT-00301,SUP-0003,2025-11-21,10,0,0,,ACCEPTED,INSP-121
QC-0002484,GR-0002484,MAT-00541,SUP-0003,2025-11-20,263,31,117870,DEF_ELECTRICAL,REJECTED,INSP-113
QC-0002485,GR-0002485,MAT-00559,SUP-0068,2025-05-22,56,2,35714,DEF_SURFACE,CONCESSION,INSP-119
QC-0002486,GR-0002486,MAT-00650,SUP-0094,2025-10-13,20,0,0,,ACCEPTED,INSP-105
QC-0002487,GR-0002487,MAT-01091,SUP-0034,2026-03-03,262,19,72519,DEF_CONTAMINATION,REJECTED,INSP-106
QC-0002488,GR-0002488,MAT-00038,SUP-0034,2026-03-05,13,0,0,,ACCEPTED,INSP-106
QC-0002489,GR-0002489,MAT-00296,SUP-0034,2026-03-04,184,14,76086,DEF_ELECTRICAL,REJECTED,INSP-116
QC-0002490,GR-0002490,MAT-00879,SUP-0119,2025-08-17,333,32,96096,DEF_SURFACE,REJECTED,INSP-121
QC-0002491,GR-0002491,MAT-00165,SUP-0119,2025-08-17,10,1,100000,DEF_ELECTRICAL,REJECTED,INSP-124
QC-0002492,GR-0002492,MAT-00276,SUP-0119,2025-08-23,24,1,41666,DEF_METALLURGY,REJECTED,INSP-113
QC-0002493,GR-0002493,MAT-00153,SUP-0048,2025-05-21,33,5,151515,DEF_METALLURGY,REJECTED,INSP-122
QC-0002494,GR-0002494,MAT-00200,SUP-0104,2026-04-11,696,52,74712,DEF_SURFACE,REJECTED,INSP-105
QC-0002495,GR-0002495,MAT-00024,SUP-0019,2025-10-19,38,1,26315,DEF_ELECTRICAL,CONCESSION,INSP-113
QC-0002496,GR-0002496,MAT-00597,SUP-0019,2025-10-17,11,0,0,,ACCEPTED,INSP-112
QC-0002497,GR-0002497,MAT-00989,SUP-0019,2025-10-18,177,19,107344,DEF_ELECTRICAL,REJECTED,INSP-122
QC-0002498,GR-0002498,MAT-01174,SUP-0055,2025-12-08,21,0,0,,ACCEPTED,INSP-103
QC-0002499,GR-0002499,MAT-00765,SUP-0015,2025-06-26,326,64,196319,DEF_SURFACE,REJECTED,INSP-101
QC-0002500,GR-0002500,MAT-00853,SUP-0012,2026-01-01,11,3,272727,DEF_PACKAGING,REJECTED,INSP-123
QC-0002501,GR-0002501,MAT-01058,SUP-0105,2025-05-14,103,6,58252,DEF_DIMENSIONAL,REJECTED,INSP-123
QC-0002502,GR-0002502,MAT-01177,SUP-0031,2026-01-03,12,4,333333,DEF_METALLURGY,REJECTED,INSP-105
QC-0002503,GR-0002503,MAT-00610,SUP-0031,2025-11-25,542,110,202952,DEF_METALLURGY,REJECTED,INSP-105
QC-0002504,GR-0002504,MAT-00821,SUP-0031,2025-11-26,75,21,280000,DEF_SURFACE,REJECTED,INSP-120
QC-0002505,GR-0002505,MAT-00880,SUP-0103,2026-04-06,19,4,210526,DEF_SURFACE,REJECTED,INSP-112
QC-0002506,GR-0002506,MAT-00662,SUP-0103,2026-03-25,580,80,137931,DEF_CONTAMINATION,REJECTED,INSP-112
QC-0002507,GR-0002507,MAT-00473,SUP-0002,2025-11-10,314,37,117834,DEF_PACKAGING,REJECTED,INSP-123
QC-0002508,GR-0002508,MAT-00235,SUP-0062,2025-12-26,333,42,126126,DEF_SURFACE,REJECTED,INSP-101
QC-0002509,GR-0002509,MAT-01145,SUP-0107,2025-09-27,12,0,0,,ACCEPTED,INSP-108
QC-0002510,GR-0002510,MAT-00952,SUP-0041,2025-08-23,10,0,0,,ACCEPTED,INSP-125
QC-0002511,GR-0002511,MAT-00506,SUP-0105,2025-10-05,233,4,17167,DEF_PACKAGING,CONCESSION,INSP-102
QC-0002512,GR-0002512,MAT-00699,SUP-0055,2025-10-15,54,0,0,,ACCEPTED,INSP-120
QC-0002513,GR-0002513,MAT-01171,SUP-0067,2025-05-15,156,20,128205,DEF_SURFACE,REJECTED,INSP-114
QC-0002514,GR-0002514,MAT-00475,SUP-0016,2025-10-24,646,43,66563,DEF_PACKAGING,REJECTED,INSP-112
QC-0002515,GR-0002515,MAT-00394,SUP-0016,2025-10-21,139,5,35971,DEF_ELECTRICAL,CONCESSION,INSP-112
QC-0002516,GR-0002516,MAT-00170,SUP-0095,2025-11-12,315,17,53968,DEF_METALLURGY,REJECTED,INSP-120
QC-0002517,GR-0002517,MAT-00173,SUP-0114,2026-01-30,123,10,81300,DEF_ELECTRICAL,REJECTED,INSP-124
QC-0002518,GR-0002518,MAT-00707,SUP-0029,2026-01-27,10,1,100000,DEF_PACKAGING,REJECTED,INSP-121
QC-0002519,GR-0002519,MAT-00182,SUP-0029,2026-01-20,24,3,125000,DEF_SURFACE,REJECTED,INSP-116
QC-0002520,GR-0002520,MAT-01113,SUP-0019,2026-01-27,457,54,118161,DEF_PACKAGING,REJECTED,INSP-107
QC-0002521,GR-0002521,MAT-01194,SUP-0104,2025-03-16,60,5,83333,DEF_SURFACE,REJECTED,INSP-107
QC-0002522,GR-0002522,MAT-00930,SUP-0116,2025-08-06,10,2,200000,DEF_ELECTRICAL,REJECTED,INSP-118
QC-0002523,GR-0002523,MAT-00055,SUP-0054,2026-01-15,694,40,57636,DEF_CONTAMINATION,REJECTED,INSP-122
QC-0002524,GR-0002524,MAT-01174,SUP-0055,2025-11-16,56,0,0,,ACCEPTED,INSP-123
QC-0002525,GR-0002525,MAT-00010,SUP-0055,2025-11-18,34,0,0,,ACCEPTED,INSP-121
QC-0002526,GR-0002526,MAT-00804,SUP-0055,2025-11-18,15,0,0,,ACCEPTED,INSP-108
QC-0002527,GR-0002527,MAT-00475,SUP-0016,2025-03-03,305,25,81967,DEF_ELECTRICAL,REJECTED,INSP-103
QC-0002528,GR-0002528,MAT-01142,SUP-0109,2026-02-26,411,2,4866,DEF_PACKAGING,CONCESSION,INSP-107
QC-0002529,GR-0002529,MAT-00125,SUP-0109,2026-02-26,15,0,0,,ACCEPTED,INSP-103
QC-0002530,GR-0002530,MAT-00574,SUP-0109,2026-02-26,15,0,0,,ACCEPTED,INSP-113
QC-0002531,GR-0002531,MAT-00665,SUP-0009,2026-04-08,10,0,0,,ACCEPTED,INSP-104
QC-0002532,GR-0002532,MAT-00485,SUP-0009,2026-04-18,10,2,200000,DEF_CONTAMINATION,REJECTED,INSP-109
QC-0002533,GR-0002533,MAT-00463,SUP-0081,2025-12-28,16,1,62500,DEF_CONTAMINATION,REJECTED,INSP-123
QC-0002534,GR-0002534,MAT-00925,SUP-0007,2025-05-22,167,12,71856,DEF_CONTAMINATION,REJECTED,INSP-115
QC-0002535,GR-0002535,MAT-00239,SUP-0112,2026-02-08,665,26,39097,DEF_CONTAMINATION,CONCESSION,INSP-102
QC-0002536,GR-0002536,MAT-00622,SUP-0112,2026-02-09,28,0,0,,ACCEPTED,INSP-104
QC-0002537,GR-0002537,MAT-00899,SUP-0112,2026-02-08,585,20,34188,DEF_CONTAMINATION,CONCESSION,INSP-103
QC-0002538,GR-0002538,MAT-00593,SUP-0108,2026-02-24,164,15,91463,DEF_METALLURGY,REJECTED,INSP-103
QC-0002539,GR-0002539,MAT-00738,SUP-0108,2026-02-24,31,4,129032,DEF_SURFACE,REJECTED,INSP-108
QC-0002540,GR-0002540,MAT-00613,SUP-0060,2026-02-16,180,11,61111,DEF_SURFACE,REJECTED,INSP-108
QC-0002541,GR-0002541,MAT-01180,SUP-0053,2026-03-16,161,28,173913,DEF_SURFACE,REJECTED,INSP-125
QC-0002542,GR-0002542,MAT-00720,SUP-0029,2025-12-16,624,80,128205,DEF_ELECTRICAL,REJECTED,INSP-111
QC-0002543,GR-0002543,MAT-00311,SUP-0057,2025-07-05,16,0,0,,ACCEPTED,INSP-125
QC-0002544,GR-0002544,MAT-00550,SUP-0022,2026-01-08,304,4,13157,DEF_DIMENSIONAL,CONCESSION,INSP-125
QC-0002545,GR-0002545,MAT-00779,SUP-0022,2026-01-06,23,0,0,,ACCEPTED,INSP-123
QC-0002546,GR-0002546,MAT-00715,SUP-0095,2025-12-22,12,1,83333,DEF_METALLURGY,REJECTED,INSP-109
QC-0002547,GR-0002547,MAT-00373,SUP-0073,2026-02-15,432,31,71759,DEF_CONTAMINATION,REJECTED,INSP-107
QC-0002548,GR-0002548,MAT-01123,SUP-0112,2025-07-13,16,1,62500,DEF_SURFACE,REJECTED,INSP-101
QC-0002549,GR-0002549,MAT-00935,SUP-0112,2025-07-13,20,0,0,,ACCEPTED,INSP-121
QC-0002550,GR-0002550,MAT-00768,SUP-0112,2025-07-11,107,2,18691,DEF_SURFACE,CONCESSION,INSP-102
QC-0002551,GR-0002551,MAT-00421,SUP-0052,2025-08-07,13,1,76923,DEF_SURFACE,REJECTED,INSP-118
QC-0002552,GR-0002552,MAT-00910,SUP-0019,2026-03-31,146,13,89041,DEF_SURFACE,REJECTED,INSP-121
QC-0002553,GR-0002553,MAT-00733,SUP-0041,2026-02-04,262,19,72519,DEF_DIMENSIONAL,REJECTED,INSP-113
QC-0002554,GR-0002554,MAT-00067,SUP-0109,2026-04-08,13,0,0,,ACCEPTED,INSP-121
QC-0002555,GR-0002555,MAT-00496,SUP-0004,2026-02-22,71,5,70422,DEF_PACKAGING,REJECTED,INSP-123
QC-0002556,GR-0002556,MAT-00574,SUP-0004,2026-02-19,18,4,222222,DEF_CONTAMINATION,REJECTED,INSP-114
QC-0002557,GR-0002557,MAT-00822,SUP-0043,2025-12-27,14,0,0,,ACCEPTED,INSP-125
QC-0002558,GR-0002558,MAT-00005,SUP-0043,2026-01-06,194,12,61855,DEF_PACKAGING,REJECTED,INSP-120
QC-0002559,GR-0002559,MAT-00705,SUP-0043,2026-01-06,542,43,79335,DEF_ELECTRICAL,REJECTED,INSP-118
QC-0002560,GR-0002560,MAT-00391,SUP-0043,2026-01-03,10,1,100000,DEF_CONTAMINATION,REJECTED,INSP-108
QC-0002561,GR-0002561,MAT-01102,SUP-0087,2026-01-11,20,0,0,,ACCEPTED,INSP-124
QC-0002562,GR-0002562,MAT-01036,SUP-0087,2026-01-08,356,10,28089,DEF_CONTAMINATION,CONCESSION,INSP-111
QC-0002563,GR-0002563,MAT-00988,SUP-0042,2026-04-09,77,8,103896,DEF_PACKAGING,REJECTED,INSP-104
QC-0002564,GR-0002564,MAT-01088,SUP-0042,2026-04-02,34,2,58823,DEF_PACKAGING,REJECTED,INSP-119
QC-0002565,GR-0002565,MAT-01139,SUP-0042,2026-04-06,17,1,58823,DEF_PACKAGING,REJECTED,INSP-103
QC-0002566,GR-0002566,MAT-01089,SUP-0086,2025-12-12,12,0,0,,ACCEPTED,INSP-120
QC-0002567,GR-0002567,MAT-01066,SUP-0027,2026-01-11,84,8,95238,DEF_ELECTRICAL,REJECTED,INSP-119
QC-0002568,GR-0002568,MAT-00294,SUP-0056,2025-07-16,30,3,100000,DEF_PACKAGING,REJECTED,INSP-107
QC-0002569,GR-0002569,MAT-00620,SUP-0086,2025-11-11,24,0,0,,ACCEPTED,INSP-119
QC-0002570,GR-0002570,MAT-00869,SUP-0057,2026-01-30,10,1,100000,DEF_CONTAMINATION,REJECTED,INSP-112
QC-0002571,GR-0002571,MAT-00267,SUP-0003,2025-09-09,438,30,68493,DEF_PACKAGING,REJECTED,INSP-124
QC-0002572,GR-0002572,MAT-01159,SUP-0058,2025-09-30,271,17,62730,DEF_ELECTRICAL,REJECTED,INSP-117
QC-0002573,GR-0002573,MAT-00157,SUP-0107,2025-08-25,31,2,64516,DEF_SURFACE,REJECTED,INSP-122
QC-0002574,GR-0002574,MAT-00356,SUP-0107,2025-08-20,49,1,20408,DEF_DIMENSIONAL,CONCESSION,INSP-123
QC-0002575,GR-0002575,MAT-00232,SUP-0113,2025-08-17,154,18,116883,DEF_SURFACE,REJECTED,INSP-124
QC-0002576,GR-0002576,MAT-00399,SUP-0094,2025-10-21,19,0,0,,ACCEPTED,INSP-101
QC-0002577,GR-0002577,MAT-00308,SUP-0056,2025-11-19,135,16,118518,DEF_ELECTRICAL,REJECTED,INSP-125
QC-0002578,GR-0002578,MAT-00008,SUP-0056,2025-11-28,10,0,0,,ACCEPTED,INSP-106
QC-0002579,GR-0002579,MAT-01002,SUP-0027,2025-08-05,97,13,134020,DEF_METALLURGY,REJECTED,INSP-113
QC-0002580,GR-0002580,MAT-01086,SUP-0053,2025-06-07,18,1,55555,DEF_PACKAGING,REJECTED,INSP-103
QC-0002581,GR-0002581,MAT-00552,SUP-0053,2025-06-09,196,24,122448,DEF_METALLURGY,REJECTED,INSP-118
QC-0002582,GR-0002582,MAT-00270,SUP-0059,2026-03-17,10,3,300000,DEF_ELECTRICAL,REJECTED,INSP-122
QC-0002583,GR-0002583,MAT-00351,SUP-0077,2025-10-27,45,5,111111,DEF_DIMENSIONAL,REJECTED,INSP-111
QC-0002584,GR-0002584,MAT-00816,SUP-0032,2026-03-21,34,1,29411,DEF_ELECTRICAL,CONCESSION,INSP-123
QC-0002585,GR-0002585,MAT-01112,SUP-0032,2026-03-24,354,16,45197,DEF_ELECTRICAL,REJECTED,INSP-114
QC-0002586,GR-0002586,MAT-00387,SUP-0076,2026-01-24,36,4,111111,DEF_PACKAGING,REJECTED,INSP-105
QC-0002587,GR-0002587,MAT-00291,SUP-0059,2026-04-06,156,17,108974,DEF_CONTAMINATION,REJECTED,INSP-125
QC-0002588,GR-0002588,MAT-00101,SUP-0059,2026-04-05,156,30,192307,DEF_PACKAGING,REJECTED,INSP-116
QC-0002589,GR-0002589,MAT-00995,SUP-0065,2026-02-05,450,42,93333,DEF_CONTAMINATION,REJECTED,INSP-119
QC-0002590,GR-0002590,MAT-00205,SUP-0018,2025-09-03,44,6,136363,DEF_DIMENSIONAL,REJECTED,INSP-110
QC-0002591,GR-0002591,MAT-01171,SUP-0067,2026-01-09,479,51,106471,DEF_SURFACE,REJECTED,INSP-106
QC-0002592,GR-0002592,MAT-00723,SUP-0067,2026-01-03,11,0,0,,ACCEPTED,INSP-102
QC-0002593,GR-0002593,MAT-00465,SUP-0066,2025-10-03,49,8,163265,DEF_PACKAGING,REJECTED,INSP-117
QC-0002594,GR-0002594,MAT-00405,SUP-0066,2025-10-03,150,16,106666,DEF_PACKAGING,REJECTED,INSP-110
QC-0002595,GR-0002595,MAT-01200,SUP-0066,2025-10-02,88,13,147727,DEF_METALLURGY,REJECTED,INSP-107
QC-0002596,GR-0002596,MAT-00331,SUP-0020,2025-09-06,69,7,101449,DEF_DIMENSIONAL,REJECTED,INSP-107
QC-0002597,GR-0002597,MAT-00661,SUP-0020,2025-09-05,15,1,66666,DEF_ELECTRICAL,REJECTED,INSP-120
QC-0002598,GR-0002598,MAT-00159,SUP-0020,2025-09-08,10,2,200000,DEF_DIMENSIONAL,REJECTED,INSP-101
QC-0002599,GR-0002599,MAT-00433,SUP-0023,2025-07-18,16,0,0,,ACCEPTED,INSP-107
QC-0002600,GR-0002600,MAT-00956,SUP-0056,2026-01-27,37,6,162162,DEF_PACKAGING,REJECTED,INSP-121
QC-0002601,GR-0002601,MAT-00635,SUP-0056,2026-01-28,349,37,106017,DEF_SURFACE,REJECTED,INSP-104
QC-0002602,GR-0002602,MAT-00613,SUP-0056,2026-01-25,486,41,84362,DEF_PACKAGING,REJECTED,INSP-123
QC-0002603,GR-0002603,MAT-00958,SUP-0116,2025-08-07,468,18,38461,DEF_METALLURGY,CONCESSION,INSP-109
QC-0002604,GR-0002604,MAT-01060,SUP-0081,2026-01-09,180,18,100000,DEF_SURFACE,REJECTED,INSP-108
QC-0002605,GR-0002605,MAT-00963,SUP-0081,2026-01-09,293,34,116040,DEF_DIMENSIONAL,REJECTED,INSP-114
QC-0002606,GR-0002606,MAT-00483,SUP-0057,2025-09-04,21,3,142857,DEF_METALLURGY,REJECTED,INSP-120
QC-0002607,GR-0002607,MAT-00392,SUP-0057,2025-09-04,132,7,53030,DEF_SURFACE,REJECTED,INSP-124
QC-0002608,GR-0002608,MAT-00405,SUP-0057,2025-09-07,131,6,45801,DEF_PACKAGING,REJECTED,INSP-120
QC-0002609,GR-0002609,MAT-00702,SUP-0106,2026-01-30,36,1,27777,DEF_SURFACE,CONCESSION,INSP-123
QC-0002610,GR-0002610,MAT-00771,SUP-0107,2026-03-02,601,55,91514,DEF_DIMENSIONAL,REJECTED,INSP-105
QC-0002611,GR-0002611,MAT-00630,SUP-0107,2026-03-06,10,0,0,,ACCEPTED,INSP-121
QC-0002612,GR-0002612,MAT-01062,SUP-0107,2026-03-02,68,2,29411,DEF_ELECTRICAL,CONCESSION,INSP-125
QC-0002613,GR-0002613,MAT-00089,SUP-0095,2026-02-09,772,26,33678,DEF_DIMENSIONAL,CONCESSION,INSP-124
QC-0002614,GR-0002614,MAT-00039,SUP-0109,2026-02-08,19,0,0,,ACCEPTED,INSP-117
QC-0002615,GR-0002615,MAT-00104,SUP-0109,2026-02-06,13,0,0,,ACCEPTED,INSP-116
QC-0002616,GR-0002616,MAT-00103,SUP-0004,2025-08-06,90,18,200000,DEF_ELECTRICAL,REJECTED,INSP-122
QC-0002617,GR-0002617,MAT-00468,SUP-0119,2025-06-24,98,11,112244,DEF_METALLURGY,REJECTED,INSP-102
QC-0002618,GR-0002618,MAT-00284,SUP-0119,2025-06-15,56,6,107142,DEF_METALLURGY,REJECTED,INSP-115
QC-0002619,GR-0002619,MAT-00536,SUP-0119,2025-06-17,253,19,75098,DEF_CONTAMINATION,REJECTED,INSP-114
QC-0002620,GR-0002620,MAT-00068,SUP-0073,2026-02-07,126,11,87301,DEF_SURFACE,REJECTED,INSP-104
QC-0002621,GR-0002621,MAT-00174,SUP-0074,2025-10-14,119,7,58823,DEF_DIMENSIONAL,REJECTED,INSP-120
QC-0002622,GR-0002622,MAT-00496,SUP-0074,2025-10-16,53,3,56603,DEF_ELECTRICAL,REJECTED,INSP-107
QC-0002623,GR-0002623,MAT-00233,SUP-0018,2025-11-04,61,6,98360,DEF_METALLURGY,REJECTED,INSP-121
QC-0002624,GR-0002624,MAT-00530,SUP-0013,2025-04-09,78,8,102564,DEF_SURFACE,REJECTED,INSP-107
QC-0002625,GR-0002625,MAT-00024,SUP-0013,2025-04-07,52,6,115384,DEF_METALLURGY,REJECTED,INSP-108
QC-0002626,GR-0002626,MAT-01069,SUP-0013,2025-04-11,77,7,90909,DEF_DIMENSIONAL,REJECTED,INSP-109
QC-0002627,GR-0002627,MAT-00457,SUP-0013,2025-04-05,280,18,64285,DEF_CONTAMINATION,REJECTED,INSP-125
QC-0002628,GR-0002628,MAT-00676,SUP-0083,2025-09-18,247,9,36437,DEF_METALLURGY,CONCESSION,INSP-122
QC-0002629,GR-0002629,MAT-00497,SUP-0103,2025-05-08,438,68,155251,DEF_CONTAMINATION,REJECTED,INSP-113
QC-0002630,GR-0002630,MAT-00977,SUP-0103,2025-05-08,31,3,96774,DEF_SURFACE,REJECTED,INSP-108
QC-0002631,GR-0002631,MAT-00169,SUP-0103,2025-05-10,369,61,165311,DEF_CONTAMINATION,REJECTED,INSP-112
QC-0002632,GR-0002632,MAT-00511,SUP-0118,2026-03-31,10,3,300000,DEF_ELECTRICAL,REJECTED,INSP-109
QC-0002633,GR-0002633,MAT-00617,SUP-0118,2026-04-13,21,3,142857,DEF_DIMENSIONAL,REJECTED,INSP-116
QC-0002634,GR-0002634,MAT-00484,SUP-0098,2025-08-29,117,11,94017,DEF_METALLURGY,REJECTED,INSP-110
QC-0002635,GR-0002635,MAT-01153,SUP-0098,2025-08-31,79,12,151898,DEF_SURFACE,REJECTED,INSP-114
QC-0002636,GR-0002636,MAT-00078,SUP-0001,2026-01-28,45,18,400000,DEF_CONTAMINATION,REJECTED,INSP-103
QC-0002637,GR-0002637,MAT-00639,SUP-0032,2025-05-03,32,3,93750,DEF_PACKAGING,REJECTED,INSP-116
QC-0002638,GR-0002638,MAT-00666,SUP-0001,2026-03-23,175,53,302857,DEF_METALLURGY,REJECTED,INSP-113
QC-0002639,GR-0002639,MAT-00361,SUP-0092,2025-09-22,58,3,51724,DEF_DIMENSIONAL,REJECTED,INSP-116
QC-0002640,GR-0002640,MAT-00474,SUP-0090,2026-04-05,59,7,118644,DEF_SURFACE,REJECTED,INSP-105
QC-0002641,GR-0002641,MAT-00376,SUP-0090,2026-04-06,312,22,70512,DEF_METALLURGY,REJECTED,INSP-111
QC-0002642,GR-0002642,MAT-00711,SUP-0090,2026-04-02,254,12,47244,DEF_PACKAGING,REJECTED,INSP-109
QC-0002643,GR-0002643,MAT-00961,SUP-0065,2025-10-16,31,2,64516,DEF_CONTAMINATION,REJECTED,INSP-107
QC-0002644,GR-0002644,MAT-01047,SUP-0033,2026-03-31,14,2,142857,DEF_CONTAMINATION,REJECTED,INSP-102
QC-0002645,GR-0002645,MAT-00698,SUP-0033,2026-04-05,10,1,100000,DEF_PACKAGING,REJECTED,INSP-120
QC-0002646,GR-0002646,MAT-00427,SUP-0033,2026-04-02,10,0,0,,ACCEPTED,INSP-104
QC-0002647,GR-0002647,MAT-00601,SUP-0049,2026-03-05,15,2,133333,DEF_CONTAMINATION,REJECTED,INSP-118
QC-0002648,GR-0002648,MAT-00940,SUP-0049,2026-03-04,61,2,32786,DEF_SURFACE,CONCESSION,INSP-122
QC-0002649,GR-0002649,MAT-00496,SUP-0004,2026-03-28,97,13,134020,DEF_SURFACE,REJECTED,INSP-122
QC-0002650,GR-0002650,MAT-00258,SUP-0004,2026-03-26,149,20,134228,DEF_ELECTRICAL,REJECTED,INSP-117
QC-0002651,GR-0002651,MAT-00271,SUP-0004,2026-03-28,172,23,133720,DEF_SURFACE,REJECTED,INSP-109
QC-0002652,GR-0002652,MAT-00059,SUP-0083,2025-09-06,235,17,72340,DEF_SURFACE,REJECTED,INSP-122
QC-0002653,GR-0002653,MAT-01022,SUP-0052,2026-01-01,78,5,64102,DEF_ELECTRICAL,REJECTED,INSP-125
QC-0002654,GR-0002654,MAT-00312,SUP-0052,2026-01-01,17,1,58823,DEF_CONTAMINATION,REJECTED,INSP-110
QC-0002655,GR-0002655,MAT-00613,SUP-0060,2025-05-24,381,22,57742,DEF_METALLURGY,REJECTED,INSP-109
QC-0002656,GR-0002656,MAT-00761,SUP-0094,2025-05-26,31,0,0,,ACCEPTED,INSP-105
QC-0002657,GR-0002657,MAT-00716,SUP-0078,2025-09-25,303,18,59405,DEF_DIMENSIONAL,REJECTED,INSP-112
QC-0002658,GR-0002658,MAT-00141,SUP-0096,2026-02-04,30,1,33333,DEF_CONTAMINATION,CONCESSION,INSP-111
QC-0002659,GR-0002659,MAT-00734,SUP-0069,2026-02-27,314,5,15923,DEF_CONTAMINATION,CONCESSION,INSP-114
QC-0002660,GR-0002660,MAT-00356,SUP-0098,2026-03-25,55,7,127272,DEF_DIMENSIONAL,REJECTED,INSP-121
QC-0002661,GR-0002661,MAT-00270,SUP-0059,2025-10-02,10,2,200000,DEF_ELECTRICAL,REJECTED,INSP-104
QC-0002662,GR-0002662,MAT-00593,SUP-0059,2025-10-10,60,11,183333,DEF_SURFACE,REJECTED,INSP-110
QC-0002663,GR-0002663,MAT-00644,SUP-0059,2025-10-01,25,5,200000,DEF_DIMENSIONAL,REJECTED,INSP-118
QC-0002664,GR-0002664,MAT-00790,SUP-0011,2025-04-21,196,16,81632,DEF_PACKAGING,REJECTED,INSP-118
QC-0002665,GR-0002665,MAT-00389,SUP-0008,2025-11-09,175,21,120000,DEF_PACKAGING,REJECTED,INSP-107
QC-0002666,GR-0002666,MAT-00078,SUP-0008,2025-11-12,53,2,37735,DEF_PACKAGING,CONCESSION,INSP-101
QC-0002667,GR-0002667,MAT-00162,SUP-0008,2025-11-11,69,9,130434,DEF_DIMENSIONAL,REJECTED,INSP-114
QC-0002668,GR-0002668,MAT-00856,SUP-0069,2025-06-22,44,1,22727,DEF_ELECTRICAL,CONCESSION,INSP-113
QC-0002669,GR-0002669,MAT-01052,SUP-0069,2025-06-26,46,1,21739,DEF_PACKAGING,CONCESSION,INSP-101
QC-0002670,GR-0002670,MAT-01142,SUP-0109,2025-03-24,687,2,2911,DEF_SURFACE,CONCESSION,INSP-113
QC-0002671,GR-0002671,MAT-00235,SUP-0109,2025-03-17,190,1,5263,DEF_METALLURGY,CONCESSION,INSP-118
QC-0002672,GR-0002672,MAT-00722,SUP-0019,2026-02-19,10,0,0,,ACCEPTED,INSP-124
QC-0002673,GR-0002673,MAT-00718,SUP-0019,2026-02-20,26,3,115384,DEF_DIMENSIONAL,REJECTED,INSP-121
QC-0002674,GR-0002674,MAT-00782,SUP-0019,2026-02-20,87,5,57471,DEF_CONTAMINATION,REJECTED,INSP-114
QC-0002675,GR-0002675,MAT-00820,SUP-0097,2026-01-07,78,7,89743,DEF_METALLURGY,REJECTED,INSP-123
QC-0002676,GR-0002676,MAT-00320,SUP-0060,2025-10-04,73,2,27397,DEF_SURFACE,CONCESSION,INSP-109
QC-0002677,GR-0002677,MAT-00230,SUP-0060,2025-10-02,27,1,37037,DEF_METALLURGY,CONCESSION,INSP-113
QC-0002678,GR-0002678,MAT-00595,SUP-0044,2026-02-13,18,4,222222,DEF_PACKAGING,REJECTED,INSP-111
QC-0002679,GR-0002679,MAT-00580,SUP-0105,2025-08-22,577,15,25996,DEF_PACKAGING,CONCESSION,INSP-115
QC-0002680,GR-0002680,MAT-00059,SUP-0105,2025-08-21,362,8,22099,DEF_ELECTRICAL,CONCESSION,INSP-114
QC-0002681,GR-0002681,MAT-00455,SUP-0026,2025-03-28,11,0,0,,ACCEPTED,INSP-114
QC-0002682,GR-0002682,MAT-01197,SUP-0026,2025-03-29,131,12,91603,DEF_METALLURGY,REJECTED,INSP-121
QC-0002683,GR-0002683,MAT-01167,SUP-0026,2025-03-28,186,15,80645,DEF_SURFACE,REJECTED,INSP-118
QC-0002684,GR-0002684,MAT-00523,SUP-0026,2025-03-31,357,20,56022,DEF_CONTAMINATION,REJECTED,INSP-115
QC-0002685,GR-0002685,MAT-00582,SUP-0047,2026-02-09,19,0,0,,ACCEPTED,INSP-114
QC-0002686,GR-0002686,MAT-00540,SUP-0057,2026-01-04,200,16,80000,DEF_ELECTRICAL,REJECTED,INSP-123
QC-0002687,GR-0002687,MAT-00764,SUP-0105,2026-02-13,50,1,20000,DEF_ELECTRICAL,CONCESSION,INSP-123
QC-0002688,GR-0002688,MAT-00624,SUP-0105,2026-02-09,10,0,0,,ACCEPTED,INSP-111
QC-0002689,GR-0002689,MAT-00094,SUP-0105,2026-02-10,18,0,0,,ACCEPTED,INSP-108
QC-0002690,GR-0002690,MAT-01032,SUP-0013,2026-03-21,79,6,75949,DEF_CONTAMINATION,REJECTED,INSP-122
QC-0002691,GR-0002691,MAT-00067,SUP-0013,2026-03-17,11,1,90909,DEF_SURFACE,REJECTED,INSP-102
QC-0002692,GR-0002692,MAT-01084,SUP-0013,2026-03-18,24,1,41666,DEF_METALLURGY,REJECTED,INSP-113
QC-0002693,GR-0002693,MAT-00709,SUP-0056,2026-01-02,15,2,133333,DEF_ELECTRICAL,REJECTED,INSP-106
QC-0002694,GR-0002694,MAT-00977,SUP-0094,2025-12-08,18,0,0,,ACCEPTED,INSP-124
QC-0002695,GR-0002695,MAT-01142,SUP-0109,2025-12-26,399,2,5012,DEF_DIMENSIONAL,CONCESSION,INSP-108
QC-0002696,GR-0002696,MAT-00761,SUP-0094,2026-03-21,10,0,0,,ACCEPTED,INSP-122
QC-0002697,GR-0002697,MAT-00065,SUP-0095,2025-12-14,13,0,0,,ACCEPTED,INSP-125
QC-0002698,GR-0002698,MAT-00440,SUP-0111,2026-02-27,10,0,0,,ACCEPTED,INSP-124
QC-0002699,GR-0002699,MAT-00451,SUP-0111,2026-02-23,30,3,100000,DEF_ELECTRICAL,REJECTED,INSP-106
QC-0002700,GR-0002700,MAT-00122,SUP-0120,2025-11-10,27,2,74074,DEF_DIMENSIONAL,REJECTED,INSP-111
QC-0002701,GR-0002701,MAT-00630,SUP-0048,2026-02-03,10,0,0,,ACCEPTED,INSP-116
QC-0002702,GR-0002702,MAT-00897,SUP-0048,2026-02-04,18,1,55555,DEF_CONTAMINATION,REJECTED,INSP-115
QC-0002703,GR-0002703,MAT-01160,SUP-0048,2026-02-08,18,0,0,,ACCEPTED,INSP-107
QC-0002704,GR-0002704,MAT-00846,SUP-0048,2026-02-13,10,0,0,,ACCEPTED,INSP-102
QC-0002705,GR-0002705,MAT-00556,SUP-0095,2025-10-17,565,23,40707,DEF_METALLURGY,REJECTED,INSP-102
QC-0002706,GR-0002706,MAT-00736,SUP-0095,2025-10-19,104,6,57692,DEF_ELECTRICAL,REJECTED,INSP-107
QC-0002707,GR-0002707,MAT-00774,SUP-0031,2025-10-30,346,89,257225,DEF_CONTAMINATION,REJECTED,INSP-115
QC-0002708,GR-0002708,MAT-00828,SUP-0105,2025-12-19,56,2,35714,DEF_DIMENSIONAL,CONCESSION,INSP-124
QC-0002709,GR-0002709,MAT-01155,SUP-0096,2025-10-02,37,4,108108,DEF_DIMENSIONAL,REJECTED,INSP-112
QC-0002710,GR-0002710,MAT-01039,SUP-0113,2025-12-07,17,3,176470,DEF_SURFACE,REJECTED,INSP-108
QC-0002711,GR-0002711,MAT-01111,SUP-0030,2025-08-28,233,18,77253,DEF_ELECTRICAL,REJECTED,INSP-102
QC-0002712,GR-0002712,MAT-00662,SUP-0062,2026-01-30,246,25,101626,DEF_PACKAGING,REJECTED,INSP-111
QC-0002713,GR-0002713,MAT-00532,SUP-0024,2026-02-24,264,22,83333,DEF_DIMENSIONAL,REJECTED,INSP-114
QC-0002714,GR-0002714,MAT-00145,SUP-0024,2026-02-25,296,14,47297,DEF_CONTAMINATION,REJECTED,INSP-104
QC-0002715,GR-0002715,MAT-00946,SUP-0024,2026-02-24,28,0,0,,ACCEPTED,INSP-102
QC-0002716,GR-0002716,MAT-00158,SUP-0041,2026-02-04,163,15,92024,DEF_DIMENSIONAL,REJECTED,INSP-120
QC-0002717,GR-0002717,MAT-00226,SUP-0041,2026-01-30,34,5,147058,DEF_ELECTRICAL,REJECTED,INSP-109
QC-0002718,GR-0002718,MAT-00065,SUP-0041,2026-01-28,14,3,214285,DEF_DIMENSIONAL,REJECTED,INSP-114
QC-0002719,GR-0002719,MAT-00779,SUP-0020,2025-12-24,25,0,0,,ACCEPTED,INSP-124
QC-0002720,GR-0002720,MAT-00510,SUP-0020,2025-12-21,55,5,90909,DEF_METALLURGY,REJECTED,INSP-114
QC-0002721,GR-0002721,MAT-00838,SUP-0106,2025-05-20,35,1,28571,DEF_PACKAGING,CONCESSION,INSP-122
QC-0002722,GR-0002722,MAT-00190,SUP-0078,2025-11-11,519,38,73217,DEF_METALLURGY,REJECTED,INSP-125
QC-0002723,GR-0002723,MAT-00646,SUP-0078,2025-11-09,65,3,46153,DEF_ELECTRICAL,REJECTED,INSP-103
QC-0002724,GR-0002724,MAT-00775,SUP-0078,2025-11-17,18,1,55555,DEF_DIMENSIONAL,REJECTED,INSP-105
QC-0002725,GR-0002725,MAT-00293,SUP-0097,2026-02-04,30,4,133333,DEF_ELECTRICAL,REJECTED,INSP-109
QC-0002726,GR-0002726,MAT-00593,SUP-0097,2026-02-09,46,4,86956,DEF_SURFACE,REJECTED,INSP-116
QC-0002727,GR-0002727,MAT-00093,SUP-0120,2026-01-24,111,5,45045,DEF_METALLURGY,REJECTED,INSP-103
QC-0002728,GR-0002728,MAT-01029,SUP-0108,2025-07-23,62,9,145161,DEF_DIMENSIONAL,REJECTED,INSP-112
QC-0002729,GR-0002729,MAT-00792,SUP-0108,2025-07-24,42,6,142857,DEF_PACKAGING,REJECTED,INSP-115
QC-0002730,GR-0002730,MAT-00607,SUP-0021,2025-12-06,10,0,0,,ACCEPTED,INSP-125
QC-0002731,GR-0002731,MAT-00725,SUP-0120,2026-01-26,608,24,39473,DEF_DIMENSIONAL,CONCESSION,INSP-125
QC-0002732,GR-0002732,MAT-00938,SUP-0076,2026-02-15,35,0,0,,ACCEPTED,INSP-111
QC-0002733,GR-0002733,MAT-00549,SUP-0076,2026-02-15,166,19,114457,DEF_ELECTRICAL,REJECTED,INSP-102
QC-0002734,GR-0002734,MAT-00440,SUP-0111,2026-01-22,12,1,83333,DEF_PACKAGING,REJECTED,INSP-107
QC-0002735,GR-0002735,MAT-01076,SUP-0111,2026-01-25,41,1,24390,DEF_METALLURGY,CONCESSION,INSP-116
QC-0002736,GR-0002736,MAT-00471,SUP-0097,2025-09-20,36,3,83333,DEF_METALLURGY,REJECTED,INSP-107
QC-0002737,GR-0002737,MAT-00592,SUP-0080,2025-07-19,16,0,0,,ACCEPTED,INSP-121
QC-0002738,GR-0002738,MAT-00009,SUP-0060,2026-01-11,317,23,72555,DEF_SURFACE,REJECTED,INSP-111
QC-0002739,GR-0002739,MAT-00719,SUP-0048,2026-01-05,179,8,44692,DEF_METALLURGY,REJECTED,INSP-107
QC-0002740,GR-0002740,MAT-00813,SUP-0048,2026-01-11,10,0,0,,ACCEPTED,INSP-121
QC-0002741,GR-0002741,MAT-00194,SUP-0059,2026-03-20,354,60,169491,DEF_DIMENSIONAL,REJECTED,INSP-113
QC-0002742,GR-0002742,MAT-00044,SUP-0085,2025-11-01,10,0,0,,ACCEPTED,INSP-107
QC-0002743,GR-0002743,MAT-00616,SUP-0085,2025-11-05,337,13,38575,DEF_CONTAMINATION,CONCESSION,INSP-102
QC-0002744,GR-0002744,MAT-00776,SUP-0085,2025-11-06,153,5,32679,DEF_DIMENSIONAL,CONCESSION,INSP-121
QC-0002745,GR-0002745,MAT-01196,SUP-0085,2025-10-31,639,10,15649,DEF_CONTAMINATION,CONCESSION,INSP-108
QC-0002746,GR-0002746,MAT-00557,SUP-0105,2026-01-09,14,0,0,,ACCEPTED,INSP-113
QC-0002747,GR-0002747,MAT-00219,SUP-0105,2026-01-11,10,0,0,,ACCEPTED,INSP-118
QC-0002748,GR-0002748,MAT-00110,SUP-0105,2026-01-11,50,4,80000,DEF_PACKAGING,REJECTED,INSP-121
QC-0002749,GR-0002749,MAT-00934,SUP-0007,2026-03-12,35,2,57142,DEF_DIMENSIONAL,REJECTED,INSP-115
QC-0002750,GR-0002750,MAT-00455,SUP-0026,2025-08-04,10,1,100000,DEF_DIMENSIONAL,REJECTED,INSP-109
QC-0002751,GR-0002751,MAT-00414,SUP-0084,2025-03-29,680,30,44117,DEF_METALLURGY,REJECTED,INSP-114
QC-0002752,GR-0002752,MAT-00906,SUP-0092,2026-02-21,24,5,208333,DEF_PACKAGING,REJECTED,INSP-125
QC-0002753,GR-0002753,MAT-00049,SUP-0092,2026-02-18,126,7,55555,DEF_DIMENSIONAL,REJECTED,INSP-119
QC-0002754,GR-0002754,MAT-00191,SUP-0092,2026-02-21,15,0,0,,ACCEPTED,INSP-119
QC-0002755,GR-0002755,MAT-00602,SUP-0092,2026-02-16,10,0,0,,ACCEPTED,INSP-109
QC-0002756,GR-0002756,MAT-00731,SUP-0120,2026-01-07,289,9,31141,DEF_METALLURGY,CONCESSION,INSP-120
QC-0002757,GR-0002757,MAT-00055,SUP-0054,2026-03-21,582,35,60137,DEF_DIMENSIONAL,REJECTED,INSP-112
QC-0002758,GR-0002758,MAT-00114,SUP-0054,2026-03-19,10,1,100000,DEF_SURFACE,REJECTED,INSP-118
QC-0002759,GR-0002759,MAT-01200,SUP-0054,2026-03-23,124,4,32258,DEF_METALLURGY,CONCESSION,INSP-118
QC-0002760,GR-0002760,MAT-00788,SUP-0050,2026-03-10,108,8,74074,DEF_CONTAMINATION,REJECTED,INSP-121
QC-0002761,GR-0002761,MAT-01164,SUP-0048,2025-12-24,22,2,90909,DEF_ELECTRICAL,REJECTED,INSP-111
QC-0002762,GR-0002762,MAT-00312,SUP-0102,2025-12-01,10,0,0,,ACCEPTED,INSP-115
QC-0002763,GR-0002763,MAT-00499,SUP-0067,2025-11-01,21,1,47619,DEF_DIMENSIONAL,REJECTED,INSP-120
QC-0002764,GR-0002764,MAT-00069,SUP-0062,2026-01-03,21,0,0,,ACCEPTED,INSP-124
QC-0002765,GR-0002765,MAT-00469,SUP-0062,2025-12-31,16,1,62500,DEF_METALLURGY,REJECTED,INSP-102
QC-0002766,GR-0002766,MAT-00948,SUP-0019,2025-09-08,23,1,43478,DEF_PACKAGING,REJECTED,INSP-102
QC-0002767,GR-0002767,MAT-00051,SUP-0047,2026-04-14,153,2,13071,DEF_DIMENSIONAL,CONCESSION,INSP-108
QC-0002768,GR-0002768,MAT-00620,SUP-0086,2025-12-13,25,0,0,,ACCEPTED,INSP-109
QC-0002769,GR-0002769,MAT-00032,SUP-0119,2026-01-04,10,0,0,,ACCEPTED,INSP-123
QC-0002770,GR-0002770,MAT-00996,SUP-0119,2026-01-05,152,17,111842,DEF_DIMENSIONAL,REJECTED,INSP-114
QC-0002771,GR-0002771,MAT-00473,SUP-0002,2025-10-12,326,36,110429,DEF_DIMENSIONAL,REJECTED,INSP-108
QC-0002772,GR-0002772,MAT-00113,SUP-0052,2025-04-12,36,6,166666,DEF_SURFACE,REJECTED,INSP-108
QC-0002773,GR-0002773,MAT-00015,SUP-0045,2025-10-25,21,2,95238,DEF_ELECTRICAL,REJECTED,INSP-111
QC-0002774,GR-0002774,MAT-00114,SUP-0045,2025-10-26,10,1,100000,DEF_SURFACE,REJECTED,INSP-118
QC-0002775,GR-0002775,MAT-00670,SUP-0039,2025-06-08,368,52,141304,DEF_SURFACE,REJECTED,INSP-106
QC-0002776,GR-0002776,MAT-01151,SUP-0039,2025-06-05,152,15,98684,DEF_CONTAMINATION,REJECTED,INSP-109
QC-0002777,GR-0002777,MAT-00517,SUP-0039,2025-06-09,73,10,136986,DEF_ELECTRICAL,REJECTED,INSP-117
QC-0002778,GR-0002778,MAT-00538,SUP-0066,2026-01-22,112,13,116071,DEF_ELECTRICAL,REJECTED,INSP-114
QC-0002779,GR-0002779,MAT-00502,SUP-0066,2026-01-18,26,3,115384,DEF_ELECTRICAL,REJECTED,INSP-106
QC-0002780,GR-0002780,MAT-00846,SUP-0066,2026-01-20,16,0,0,,ACCEPTED,INSP-114
QC-0002781,GR-0002781,MAT-00744,SUP-0002,2025-08-19,18,3,166666,DEF_ELECTRICAL,REJECTED,INSP-120
QC-0002782,GR-0002782,MAT-01087,SUP-0061,2026-03-14,20,0,0,,ACCEPTED,INSP-110
QC-0002783,GR-0002783,MAT-00815,SUP-0099,2026-03-21,527,10,18975,DEF_DIMENSIONAL,CONCESSION,INSP-121
QC-0002784,GR-0002784,MAT-00458,SUP-0055,2025-07-31,10,1,100000,DEF_PACKAGING,REJECTED,INSP-109
QC-0002785,GR-0002785,MAT-00894,SUP-0006,2026-01-30,525,18,34285,DEF_CONTAMINATION,CONCESSION,INSP-121
QC-0002786,GR-0002786,MAT-00136,SUP-0030,2025-10-04,14,1,71428,DEF_PACKAGING,REJECTED,INSP-123
QC-0002787,GR-0002787,MAT-00462,SUP-0083,2026-03-05,10,0,0,,ACCEPTED,INSP-124
QC-0002788,GR-0002788,MAT-01093,SUP-0083,2026-03-13,23,1,43478,DEF_DIMENSIONAL,REJECTED,INSP-105
QC-0002789,GR-0002789,MAT-00824,SUP-0083,2026-03-09,15,0,0,,ACCEPTED,INSP-102
QC-0002790,GR-0002790,MAT-00209,SUP-0083,2026-03-08,254,13,51181,DEF_SURFACE,REJECTED,INSP-123
QC-0002791,GR-0002791,MAT-00339,SUP-0103,2025-05-22,30,5,166666,DEF_METALLURGY,REJECTED,INSP-106
QC-0002792,GR-0002792,MAT-00529,SUP-0103,2025-05-09,10,4,400000,DEF_ELECTRICAL,REJECTED,INSP-118
QC-0002793,GR-0002793,MAT-01066,SUP-0027,2026-04-14,101,9,89108,DEF_METALLURGY,REJECTED,INSP-115
QC-0002794,GR-0002794,MAT-01111,SUP-0027,2026-04-12,168,15,89285,DEF_CONTAMINATION,REJECTED,INSP-116
QC-0002795,GR-0002795,MAT-00232,SUP-0113,2025-12-30,282,36,127659,DEF_CONTAMINATION,REJECTED,INSP-111
QC-0002796,GR-0002796,MAT-00873,SUP-0113,2025-12-30,13,4,307692,DEF_DIMENSIONAL,REJECTED,INSP-125
QC-0002797,GR-0002797,MAT-01065,SUP-0113,2025-12-27,82,13,158536,DEF_DIMENSIONAL,REJECTED,INSP-106
QC-0002798,GR-0002798,MAT-01151,SUP-0113,2025-12-28,224,26,116071,DEF_METALLURGY,REJECTED,INSP-119
QC-0002799,GR-0002799,MAT-00796,SUP-0012,2025-11-17,90,18,200000,DEF_PACKAGING,REJECTED,INSP-115
QC-0002800,GR-0002800,MAT-00730,SUP-0012,2025-11-15,248,21,84677,DEF_METALLURGY,REJECTED,INSP-114
QC-0002801,GR-0002801,MAT-00312,SUP-0012,2025-11-15,10,1,100000,DEF_METALLURGY,REJECTED,INSP-115
QC-0002802,GR-0002802,MAT-00546,SUP-0112,2026-03-11,99,6,60606,DEF_PACKAGING,REJECTED,INSP-114
QC-0002803,GR-0002803,MAT-00813,SUP-0086,2025-04-27,11,0,0,,ACCEPTED,INSP-103
QC-0002804,GR-0002804,MAT-00149,SUP-0073,2025-10-11,260,19,73076,DEF_CONTAMINATION,REJECTED,INSP-103
QC-0002805,GR-0002805,MAT-01163,SUP-0012,2025-05-13,183,25,136612,DEF_CONTAMINATION,REJECTED,INSP-114
QC-0002806,GR-0002806,MAT-01170,SUP-0012,2025-05-13,13,0,0,,ACCEPTED,INSP-114
QC-0002807,GR-0002807,MAT-00925,SUP-0007,2026-03-08,69,7,101449,DEF_ELECTRICAL,REJECTED,INSP-103
QC-0002808,GR-0002808,MAT-00329,SUP-0049,2025-05-25,43,1,23255,DEF_ELECTRICAL,CONCESSION,INSP-103
QC-0002809,GR-0002809,MAT-00815,SUP-0099,2025-10-09,237,1,4219,DEF_SURFACE,CONCESSION,INSP-117
QC-0002810,GR-0002810,MAT-00341,SUP-0028,2025-05-23,347,42,121037,DEF_DIMENSIONAL,REJECTED,INSP-106
QC-0002811,GR-0002811,MAT-00351,SUP-0077,2025-08-09,115,12,104347,DEF_DIMENSIONAL,REJECTED,INSP-109
QC-0002812,GR-0002812,MAT-00416,SUP-0077,2025-08-04,199,23,115577,DEF_SURFACE,REJECTED,INSP-117
QC-0002813,GR-0002813,MAT-00006,SUP-0052,2025-11-24,656,49,74695,DEF_METALLURGY,REJECTED,INSP-110
QC-0002814,GR-0002814,MAT-01128,SUP-0052,2025-11-22,10,2,200000,DEF_CONTAMINATION,REJECTED,INSP-119
QC-0002815,GR-0002815,MAT-01116,SUP-0095,2025-08-31,139,5,35971,DEF_ELECTRICAL,CONCESSION,INSP-104
QC-0002816,GR-0002816,MAT-00329,SUP-0049,2025-06-08,96,8,83333,DEF_PACKAGING,REJECTED,INSP-103
QC-0002817,GR-0002817,MAT-00136,SUP-0030,2025-08-04,28,2,71428,DEF_PACKAGING,REJECTED,INSP-101
QC-0002818,GR-0002818,MAT-00038,SUP-0016,2025-07-11,10,0,0,,ACCEPTED,INSP-109
QC-0002819,GR-0002819,MAT-00426,SUP-0089,2026-02-05,105,9,85714,DEF_SURFACE,REJECTED,INSP-111
QC-0002820,GR-0002820,MAT-01084,SUP-0112,2025-10-28,15,2,133333,DEF_DIMENSIONAL,REJECTED,INSP-102
QC-0002821,GR-0002821,MAT-00235,SUP-0062,2026-03-15,334,37,110778,DEF_METALLURGY,REJECTED,INSP-105
QC-0002822,GR-0002822,MAT-00230,SUP-0062,2026-03-10,33,5,151515,DEF_CONTAMINATION,REJECTED,INSP-105
QC-0002823,GR-0002823,MAT-00812,SUP-0102,2025-09-30,405,16,39506,DEF_CONTAMINATION,CONCESSION,INSP-104
QC-0002824,GR-0002824,MAT-00790,SUP-0102,2025-09-28,651,28,43010,DEF_DIMENSIONAL,REJECTED,INSP-105
QC-0002825,GR-0002825,MAT-00966,SUP-0102,2025-10-01,60,2,33333,DEF_DIMENSIONAL,CONCESSION,INSP-112
QC-0002826,GR-0002826,MAT-00626,SUP-0005,2025-09-20,374,42,112299,DEF_METALLURGY,REJECTED,INSP-117
QC-0002827,GR-0002827,MAT-00518,SUP-0095,2025-08-10,76,3,39473,DEF_PACKAGING,CONCESSION,INSP-107
QC-0002828,GR-0002828,MAT-00951,SUP-0117,2025-07-05,155,8,51612,DEF_METALLURGY,REJECTED,INSP-121
QC-0002829,GR-0002829,MAT-00679,SUP-0001,2025-10-23,22,5,227272,DEF_SURFACE,REJECTED,INSP-113
QC-0002830,GR-0002830,MAT-00614,SUP-0001,2025-10-08,23,6,260869,DEF_METALLURGY,REJECTED,INSP-107
QC-0002831,GR-0002831,MAT-00846,SUP-0115,2025-10-13,10,1,100000,DEF_METALLURGY,REJECTED,INSP-110
QC-0002832,GR-0002832,MAT-00013,SUP-0057,2026-01-10,98,5,51020,DEF_CONTAMINATION,REJECTED,INSP-101
QC-0002833,GR-0002833,MAT-01174,SUP-0057,2026-01-20,73,5,68493,DEF_DIMENSIONAL,REJECTED,INSP-124
QC-0002834,GR-0002834,MAT-00852,SUP-0057,2026-01-14,20,2,100000,DEF_PACKAGING,REJECTED,INSP-111
QC-0002835,GR-0002835,MAT-00400,SUP-0057,2026-01-10,22,2,90909,DEF_SURFACE,REJECTED,INSP-104
QC-0002836,GR-0002836,MAT-00333,SUP-0074,2025-05-15,61,6,98360,DEF_METALLURGY,REJECTED,INSP-108
QC-0002837,GR-0002837,MAT-01132,SUP-0039,2025-08-19,73,9,123287,DEF_ELECTRICAL,REJECTED,INSP-106
QC-0002838,GR-0002838,MAT-00912,SUP-0042,2026-03-02,184,14,76086,DEF_PACKAGING,REJECTED,INSP-107
QC-0002839,GR-0002839,MAT-00627,SUP-0092,2025-07-11,33,3,90909,DEF_DIMENSIONAL,REJECTED,INSP-110
QC-0002840,GR-0002840,MAT-00407,SUP-0094,2025-09-24,34,0,0,,ACCEPTED,INSP-108
QC-0002841,GR-0002841,MAT-00326,SUP-0069,2026-03-27,204,4,19607,DEF_ELECTRICAL,CONCESSION,INSP-116
QC-0002842,GR-0002842,MAT-00913,SUP-0051,2025-07-18,41,0,0,,ACCEPTED,INSP-119
QC-0002843,GR-0002843,MAT-01089,SUP-0086,2025-05-17,10,0,0,,ACCEPTED,INSP-121
QC-0002844,GR-0002844,MAT-01093,SUP-0086,2025-05-19,68,1,14705,DEF_DIMENSIONAL,CONCESSION,INSP-109
QC-0002845,GR-0002845,MAT-01040,SUP-0086,2025-05-19,10,0,0,,ACCEPTED,INSP-124
QC-0002846,GR-0002846,MAT-00965,SUP-0012,2025-11-21,163,16,98159,DEF_PACKAGING,REJECTED,INSP-125
QC-0002847,GR-0002847,MAT-00269,SUP-0012,2025-11-21,12,0,0,,ACCEPTED,INSP-117
QC-0002848,GR-0002848,MAT-00451,SUP-0012,2025-11-22,18,1,55555,DEF_SURFACE,REJECTED,INSP-103
QC-0002849,GR-0002849,MAT-00673,SUP-0019,2025-09-18,86,7,81395,DEF_METALLURGY,REJECTED,INSP-106
QC-0002850,GR-0002850,MAT-00723,SUP-0040,2025-12-24,22,2,90909,DEF_ELECTRICAL,REJECTED,INSP-108
QC-0002851,GR-0002851,MAT-00181,SUP-0077,2026-03-01,62,11,177419,DEF_ELECTRICAL,REJECTED,INSP-108
QC-0002852,GR-0002852,MAT-00458,SUP-0077,2026-03-07,10,0,0,,ACCEPTED,INSP-106
QC-0002853,GR-0002853,MAT-00626,SUP-0077,2026-03-01,605,65,107438,DEF_ELECTRICAL,REJECTED,INSP-112
QC-0002854,GR-0002854,MAT-00958,SUP-0077,2026-03-03,396,35,88383,DEF_DIMENSIONAL,REJECTED,INSP-105
QC-0002855,GR-0002855,MAT-00293,SUP-0097,2025-07-17,10,1,100000,DEF_METALLURGY,REJECTED,INSP-125
QC-0002856,GR-0002856,MAT-00797,SUP-0097,2025-07-17,37,4,108108,DEF_PACKAGING,REJECTED,INSP-115
QC-0002857,GR-0002857,MAT-01168,SUP-0097,2025-07-20,18,1,55555,DEF_PACKAGING,REJECTED,INSP-109
QC-0002858,GR-0002858,MAT-00731,SUP-0120,2025-12-25,359,19,52924,DEF_DIMENSIONAL,REJECTED,INSP-115
QC-0002859,GR-0002859,MAT-00344,SUP-0068,2025-11-28,287,6,20905,DEF_DIMENSIONAL,CONCESSION,INSP-109
QC-0002860,GR-0002860,MAT-00770,SUP-0048,2025-07-14,212,14,66037,DEF_PACKAGING,REJECTED,INSP-115
QC-0002861,GR-0002861,MAT-00145,SUP-0104,2026-01-19,447,24,53691,DEF_ELECTRICAL,REJECTED,INSP-106
QC-0002862,GR-0002862,MAT-00800,SUP-0104,2026-01-16,172,10,58139,DEF_DIMENSIONAL,REJECTED,INSP-101
QC-0002863,GR-0002863,MAT-00240,SUP-0104,2026-01-15,29,3,103448,DEF_DIMENSIONAL,REJECTED,INSP-125
QC-0002864,GR-0002864,MAT-01172,SUP-0104,2026-01-21,272,15,55147,DEF_CONTAMINATION,REJECTED,INSP-102
QC-0002865,GR-0002865,MAT-00982,SUP-0066,2025-09-15,346,41,118497,DEF_CONTAMINATION,REJECTED,INSP-121
QC-0002866,GR-0002866,MAT-00807,SUP-0066,2025-09-12,355,39,109859,DEF_METALLURGY,REJECTED,INSP-121
QC-0002867,GR-0002867,MAT-00452,SUP-0066,2025-09-14,138,11,79710,DEF_SURFACE,REJECTED,INSP-125
QC-0002868,GR-0002868,MAT-00995,SUP-0065,2025-12-07,727,73,100412,DEF_ELECTRICAL,REJECTED,INSP-102
QC-0002869,GR-0002869,MAT-01149,SUP-0065,2025-12-11,264,28,106060,DEF_PACKAGING,REJECTED,INSP-101
QC-0002870,GR-0002870,MAT-01049,SUP-0076,2025-06-09,648,83,128086,DEF_DIMENSIONAL,REJECTED,INSP-115
QC-0002871,GR-0002871,MAT-01179,SUP-0076,2025-06-11,215,29,134883,DEF_SURFACE,REJECTED,INSP-117
QC-0002872,GR-0002872,MAT-00498,SUP-0009,2025-12-19,119,19,159663,DEF_ELECTRICAL,REJECTED,INSP-121
QC-0002873,GR-0002873,MAT-00583,SUP-0064,2025-09-28,535,38,71028,DEF_METALLURGY,REJECTED,INSP-102
QC-0002874,GR-0002874,MAT-00518,SUP-0064,2025-09-24,167,16,95808,DEF_SURFACE,REJECTED,INSP-103
QC-0002875,GR-0002875,MAT-00635,SUP-0041,2026-03-11,195,20,102564,DEF_PACKAGING,REJECTED,INSP-120
QC-0002876,GR-0002876,MAT-00349,SUP-0041,2025-05-02,35,7,200000,DEF_CONTAMINATION,REJECTED,INSP-114
QC-0002877,GR-0002877,MAT-00476,SUP-0041,2025-05-07,82,10,121951,DEF_ELECTRICAL,REJECTED,INSP-121
QC-0002878,GR-0002878,MAT-00926,SUP-0090,2025-11-02,49,3,61224,DEF_ELECTRICAL,REJECTED,INSP-112
QC-0002879,GR-0002879,MAT-00531,SUP-0006,2025-11-09,275,5,18181,DEF_DIMENSIONAL,CONCESSION,INSP-102
QC-0002880,GR-0002880,MAT-01057,SUP-0006,2025-11-06,347,10,28818,DEF_CONTAMINATION,CONCESSION,INSP-122
QC-0002881,GR-0002881,MAT-01163,SUP-0006,2025-11-09,148,5,33783,DEF_DIMENSIONAL,CONCESSION,INSP-114
QC-0002882,GR-0002882,MAT-00947,SUP-0017,2026-03-09,83,23,277108,DEF_CONTAMINATION,REJECTED,INSP-115
QC-0002883,GR-0002883,MAT-00457,SUP-0058,2025-12-27,481,13,27027,DEF_METALLURGY,CONCESSION,INSP-120
QC-0002884,GR-0002884,MAT-00775,SUP-0058,2025-12-28,10,0,0,,ACCEPTED,INSP-111
QC-0002885,GR-0002885,MAT-00634,SUP-0058,2025-12-27,74,5,67567,DEF_SURFACE,REJECTED,INSP-122
QC-0002886,GR-0002886,MAT-00447,SUP-0058,2025-12-29,39,2,51282,DEF_METALLURGY,REJECTED,INSP-114
QC-0002887,GR-0002887,MAT-00080,SUP-0087,2026-01-12,28,0,0,,ACCEPTED,INSP-114
QC-0002888,GR-0002888,MAT-00955,SUP-0068,2026-02-20,132,2,15151,DEF_DIMENSIONAL,CONCESSION,INSP-109
QC-0002889,GR-0002889,MAT-00396,SUP-0068,2026-02-21,169,2,11834,DEF_SURFACE,CONCESSION,INSP-121
QC-0002890,GR-0002890,MAT-00053,SUP-0068,2026-02-20,26,1,38461,DEF_PACKAGING,CONCESSION,INSP-112
QC-0002891,GR-0002891,MAT-00006,SUP-0052,2026-03-27,264,20,75757,DEF_PACKAGING,REJECTED,INSP-108
QC-0002892,GR-0002892,MAT-01027,SUP-0093,2025-10-19,10,2,200000,DEF_ELECTRICAL,REJECTED,INSP-122
QC-0002893,GR-0002893,MAT-00697,SUP-0093,2025-10-19,227,45,198237,DEF_PACKAGING,REJECTED,INSP-105
QC-0002894,GR-0002894,MAT-01136,SUP-0093,2025-10-24,349,66,189111,DEF_PACKAGING,REJECTED,INSP-109
QC-0002895,GR-0002895,MAT-00089,SUP-0095,2025-12-03,232,6,25862,DEF_PACKAGING,CONCESSION,INSP-120
QC-0002896,GR-0002896,MAT-00805,SUP-0095,2025-12-02,33,0,0,,ACCEPTED,INSP-121
QC-0002897,GR-0002897,MAT-00325,SUP-0095,2025-12-01,11,0,0,,ACCEPTED,INSP-125
QC-0002898,GR-0002898,MAT-00643,SUP-0095,2025-12-03,28,0,0,,ACCEPTED,INSP-118
QC-0002899,GR-0002899,MAT-00678,SUP-0069,2026-03-11,253,8,31620,DEF_DIMENSIONAL,CONCESSION,INSP-124
QC-0002900,GR-0002900,MAT-00925,SUP-0007,2025-10-22,97,5,51546,DEF_PACKAGING,REJECTED,INSP-106
QC-0002901,GR-0002901,MAT-00739,SUP-0096,2025-11-20,55,3,54545,DEF_CONTAMINATION,REJECTED,INSP-108
QC-0002902,GR-0002902,MAT-00030,SUP-0041,2025-11-29,52,7,134615,DEF_METALLURGY,REJECTED,INSP-114
QC-0002903,GR-0002903,MAT-00316,SUP-0041,2025-11-27,10,1,100000,DEF_ELECTRICAL,REJECTED,INSP-122
QC-0002904,GR-0002904,MAT-00307,SUP-0097,2025-12-06,200,20,100000,DEF_CONTAMINATION,REJECTED,INSP-104
QC-0002905,GR-0002905,MAT-00723,SUP-0040,2026-03-14,17,5,294117,DEF_ELECTRICAL,REJECTED,INSP-116
QC-0002906,GR-0002906,MAT-00697,SUP-0096,2025-10-07,573,38,66317,DEF_DIMENSIONAL,REJECTED,INSP-107
QC-0002907,GR-0002907,MAT-00878,SUP-0013,2026-03-31,128,13,101562,DEF_METALLURGY,REJECTED,INSP-108
QC-0002908,GR-0002908,MAT-00639,SUP-0013,2026-03-24,35,4,114285,DEF_ELECTRICAL,REJECTED,INSP-103
QC-0002909,GR-0002909,MAT-00444,SUP-0065,2025-11-13,132,14,106060,DEF_CONTAMINATION,REJECTED,INSP-122
QC-0002910,GR-0002910,MAT-00127,SUP-0065,2025-11-09,76,4,52631,DEF_METALLURGY,REJECTED,INSP-121
QC-0002911,GR-0002911,MAT-00842,SUP-0065,2025-11-14,17,1,58823,DEF_METALLURGY,REJECTED,INSP-121
QC-0002912,GR-0002912,MAT-01065,SUP-0048,2025-10-18,273,12,43956,DEF_CONTAMINATION,REJECTED,INSP-105
QC-0002913,GR-0002913,MAT-00292,SUP-0034,2025-11-14,119,12,100840,DEF_SURFACE,REJECTED,INSP-112
QC-0002914,GR-0002914,MAT-01156,SUP-0034,2025-11-16,208,10,48076,DEF_METALLURGY,REJECTED,INSP-101
QC-0002915,GR-0002915,MAT-00691,SUP-0092,2026-02-14,17,1,58823,DEF_SURFACE,REJECTED,INSP-112
QC-0002916,GR-0002916,MAT-00947,SUP-0092,2026-02-21,40,3,75000,DEF_SURFACE,REJECTED,INSP-104
QC-0002917,GR-0002917,MAT-00138,SUP-0100,2025-06-13,250,8,32000,DEF_DIMENSIONAL,CONCESSION,INSP-123
QC-0002918,GR-0002918,MAT-00428,SUP-0070,2025-09-15,50,7,140000,DEF_METALLURGY,REJECTED,INSP-102
QC-0002919,GR-0002919,MAT-00397,SUP-0019,2025-07-26,277,16,57761,DEF_PACKAGING,REJECTED,INSP-104
QC-0002920,GR-0002920,MAT-00323,SUP-0019,2025-07-23,12,1,83333,DEF_PACKAGING,REJECTED,INSP-117
QC-0002921,GR-0002921,MAT-00774,SUP-0031,2026-02-17,164,37,225609,DEF_METALLURGY,REJECTED,INSP-109
QC-0002922,GR-0002922,MAT-00175,SUP-0031,2026-03-05,183,41,224043,DEF_CONTAMINATION,REJECTED,INSP-104
QC-0002923,GR-0002923,MAT-01146,SUP-0052,2025-12-06,20,3,150000,DEF_DIMENSIONAL,REJECTED,INSP-104
QC-0002924,GR-0002924,MAT-00573,SUP-0052,2025-11-21,119,12,100840,DEF_PACKAGING,REJECTED,INSP-101
QC-0002925,GR-0002925,MAT-00111,SUP-0058,2026-01-17,591,32,54145,DEF_METALLURGY,REJECTED,INSP-103
QC-0002926,GR-0002926,MAT-01097,SUP-0095,2025-08-11,158,9,56962,DEF_SURFACE,REJECTED,INSP-102
QC-0002927,GR-0002927,MAT-00397,SUP-0095,2025-08-12,120,3,25000,DEF_ELECTRICAL,CONCESSION,INSP-123
QC-0002928,GR-0002928,MAT-01062,SUP-0095,2025-08-12,64,3,46875,DEF_METALLURGY,REJECTED,INSP-119
QC-0002929,GR-0002929,MAT-00053,SUP-0103,2026-01-16,10,2,200000,DEF_CONTAMINATION,REJECTED,INSP-120
QC-0002930,GR-0002930,MAT-00597,SUP-0103,2026-01-05,10,3,300000,DEF_CONTAMINATION,REJECTED,INSP-108
QC-0002931,GR-0002931,MAT-00859,SUP-0060,2025-10-20,111,10,90090,DEF_ELECTRICAL,REJECTED,INSP-111
QC-0002932,GR-0002932,MAT-00027,SUP-0060,2025-10-25,656,55,83841,DEF_METALLURGY,REJECTED,INSP-109
QC-0002933,GR-0002933,MAT-00854,SUP-0060,2025-10-26,320,22,68750,DEF_PACKAGING,REJECTED,INSP-104
QC-0002934,GR-0002934,MAT-00040,SUP-0060,2026-01-25,30,2,66666,DEF_CONTAMINATION,REJECTED,INSP-106
QC-0002935,GR-0002935,MAT-00702,SUP-0060,2026-01-17,12,2,166666,DEF_METALLURGY,REJECTED,INSP-122
QC-0002936,GR-0002936,MAT-00945,SUP-0059,2025-08-27,32,9,281250,DEF_CONTAMINATION,REJECTED,INSP-108
QC-0002937,GR-0002937,MAT-01122,SUP-0059,2025-08-19,34,5,147058,DEF_CONTAMINATION,REJECTED,INSP-125
QC-0002938,GR-0002938,MAT-00535,SUP-0084,2025-12-29,128,7,54687,DEF_ELECTRICAL,REJECTED,INSP-116
QC-0002939,GR-0002939,MAT-00854,SUP-0084,2025-12-29,170,8,47058,DEF_DIMENSIONAL,REJECTED,INSP-117
QC-0002940,GR-0002940,MAT-01053,SUP-0022,2025-08-31,10,0,0,,ACCEPTED,INSP-118
QC-0002941,GR-0002941,MAT-00280,SUP-0067,2025-08-11,536,52,97014,DEF_METALLURGY,REJECTED,INSP-101
QC-0002942,GR-0002942,MAT-00774,SUP-0031,2025-09-05,267,62,232209,DEF_CONTAMINATION,REJECTED,INSP-116
QC-0002943,GR-0002943,MAT-01010,SUP-0029,2026-03-23,145,18,124137,DEF_PACKAGING,REJECTED,INSP-108
QC-0002944,GR-0002944,MAT-01112,SUP-0117,2025-09-24,267,22,82397,DEF_CONTAMINATION,REJECTED,INSP-117
QC-0002945,GR-0002945,MAT-00775,SUP-0117,2025-09-26,10,0,0,,ACCEPTED,INSP-103
QC-0002946,GR-0002946,MAT-00967,SUP-0117,2025-09-25,365,24,65753,DEF_METALLURGY,REJECTED,INSP-110
QC-0002947,GR-0002947,MAT-00740,SUP-0078,2025-12-22,163,13,79754,DEF_ELECTRICAL,REJECTED,INSP-112
QC-0002948,GR-0002948,MAT-00006,SUP-0052,2025-10-22,584,55,94178,DEF_SURFACE,REJECTED,INSP-103
QC-0002949,GR-0002949,MAT-00820,SUP-0097,2026-03-04,152,9,59210,DEF_SURFACE,REJECTED,INSP-114
QC-0002950,GR-0002950,MAT-00212,SUP-0003,2025-10-18,28,2,71428,DEF_PACKAGING,REJECTED,INSP-120
QC-0002951,GR-0002951,MAT-00870,SUP-0073,2025-06-09,240,25,104166,DEF_ELECTRICAL,REJECTED,INSP-106
QC-0002952,GR-0002952,MAT-00602,SUP-0113,2025-12-14,10,1,100000,DEF_CONTAMINATION,REJECTED,INSP-103
QC-0002953,GR-0002953,MAT-00072,SUP-0069,2026-03-13,10,2,200000,DEF_PACKAGING,REJECTED,INSP-103
QC-0002954,GR-0002954,MAT-01138,SUP-0109,2026-02-14,44,0,0,,ACCEPTED,INSP-112
QC-0002955,GR-0002955,MAT-00713,SUP-0110,2025-07-28,525,39,74285,DEF_PACKAGING,REJECTED,INSP-104
QC-0002956,GR-0002956,MAT-00360,SUP-0110,2025-07-23,10,1,100000,DEF_ELECTRICAL,REJECTED,INSP-107
QC-0002957,GR-0002957,MAT-00025,SUP-0080,2026-02-03,255,19,74509,DEF_CONTAMINATION,REJECTED,INSP-119
QC-0002958,GR-0002958,MAT-00551,SUP-0080,2026-01-30,269,20,74349,DEF_CONTAMINATION,REJECTED,INSP-109
QC-0002959,GR-0002959,MAT-00684,SUP-0089,2025-08-18,643,53,82426,DEF_METALLURGY,REJECTED,INSP-111
QC-0002960,GR-0002960,MAT-00634,SUP-0089,2025-08-14,30,1,33333,DEF_CONTAMINATION,CONCESSION,INSP-114
QC-0002961,GR-0002961,MAT-00343,SUP-0089,2025-08-22,357,26,72829,DEF_ELECTRICAL,REJECTED,INSP-119
QC-0002962,GR-0002962,MAT-00786,SUP-0014,2025-09-26,320,74,231250,DEF_CONTAMINATION,REJECTED,INSP-106
QC-0002963,GR-0002963,MAT-00716,SUP-0078,2026-04-02,310,13,41935,DEF_ELECTRICAL,REJECTED,INSP-125
QC-0002964,GR-0002964,MAT-00751,SUP-0078,2026-04-05,51,6,117647,DEF_PACKAGING,REJECTED,INSP-107
QC-0002965,GR-0002965,MAT-00385,SUP-0078,2026-03-31,10,1,100000,DEF_METALLURGY,REJECTED,INSP-105
QC-0002966,GR-0002966,MAT-00471,SUP-0097,2025-09-16,24,1,41666,DEF_SURFACE,REJECTED,INSP-107
QC-0002967,GR-0002967,MAT-00917,SUP-0083,2025-09-15,50,2,40000,DEF_PACKAGING,REJECTED,INSP-124
QC-0002968,GR-0002968,MAT-00010,SUP-0083,2025-09-11,48,1,20833,DEF_METALLURGY,CONCESSION,INSP-119
QC-0002969,GR-0002969,MAT-00656,SUP-0083,2025-09-11,356,14,39325,DEF_PACKAGING,CONCESSION,INSP-115
QC-0002970,GR-0002970,MAT-00182,SUP-0115,2025-02-17,39,6,153846,DEF_ELECTRICAL,REJECTED,INSP-102
QC-0002971,GR-0002971,MAT-00611,SUP-0095,2026-03-15,17,0,0,,ACCEPTED,INSP-122
QC-0002972,GR-0002972,MAT-00120,SUP-0095,2026-03-18,276,8,28985,DEF_ELECTRICAL,CONCESSION,INSP-104
QC-0002973,GR-0002973,MAT-00692,SUP-0012,2026-02-17,90,6,66666,DEF_SURFACE,REJECTED,INSP-122
QC-0002974,GR-0002974,MAT-00524,SUP-0103,2026-01-31,121,22,181818,DEF_DIMENSIONAL,REJECTED,INSP-102
QC-0002975,GR-0002975,MAT-00429,SUP-0103,2026-02-12,259,35,135135,DEF_ELECTRICAL,REJECTED,INSP-102
QC-0002976,GR-0002976,MAT-00766,SUP-0088,2026-02-11,12,0,0,,ACCEPTED,INSP-116
QC-0002977,GR-0002977,MAT-00200,SUP-0104,2025-07-21,570,31,54385,DEF_ELECTRICAL,REJECTED,INSP-120
QC-0002978,GR-0002978,MAT-00762,SUP-0001,2025-12-26,11,4,363636,DEF_DIMENSIONAL,REJECTED,INSP-119
QC-0002979,GR-0002979,MAT-01135,SUP-0062,2025-10-22,10,1,100000,DEF_PACKAGING,REJECTED,INSP-107
QC-0002980,GR-0002980,MAT-01182,SUP-0077,2025-06-07,64,9,140625,DEF_PACKAGING,REJECTED,INSP-112
QC-0002981,GR-0002981,MAT-00930,SUP-0116,2025-11-13,10,0,0,,ACCEPTED,INSP-104
QC-0002982,GR-0002982,MAT-00082,SUP-0116,2025-11-09,598,26,43478,DEF_METALLURGY,REJECTED,INSP-123
QC-0002983,GR-0002983,MAT-00303,SUP-0116,2025-11-13,27,1,37037,DEF_METALLURGY,CONCESSION,INSP-106
QC-0002984,GR-0002984,MAT-01015,SUP-0107,2025-04-10,119,5,42016,DEF_PACKAGING,REJECTED,INSP-103
QC-0002985,GR-0002985,MAT-00336,SUP-0061,2025-09-06,75,1,13333,DEF_PACKAGING,CONCESSION,INSP-108
QC-0002986,GR-0002986,MAT-00578,SUP-0042,2025-08-10,418,24,57416,DEF_METALLURGY,REJECTED,INSP-115
QC-0002987,GR-0002987,MAT-00792,SUP-0048,2025-09-07,42,4,95238,DEF_CONTAMINATION,REJECTED,INSP-115
QC-0002988,GR-0002988,MAT-00881,SUP-0059,2026-01-15,17,2,117647,DEF_PACKAGING,REJECTED,INSP-116
QC-0002989,GR-0002989,MAT-00556,SUP-0095,2025-11-09,404,10,24752,DEF_CONTAMINATION,CONCESSION,INSP-115
QC-0002990,GR-0002990,MAT-00877,SUP-0095,2025-11-11,12,0,0,,ACCEPTED,INSP-101
QC-0002991,GR-0002991,MAT-01032,SUP-0095,2025-11-08,230,16,69565,DEF_CONTAMINATION,REJECTED,INSP-105
QC-0002992,GR-0002992,MAT-00932,SUP-0087,2026-02-13,228,2,8771,DEF_METALLURGY,CONCESSION,INSP-116
QC-0002993,GR-0002993,MAT-00926,SUP-0090,2025-07-09,70,3,42857,DEF_SURFACE,REJECTED,INSP-103
QC-0002994,GR-0002994,MAT-00132,SUP-0012,2025-10-26,127,15,118110,DEF_METALLURGY,REJECTED,INSP-122
QC-0002995,GR-0002995,MAT-00228,SUP-0006,2025-12-20,622,16,25723,DEF_CONTAMINATION,CONCESSION,INSP-120
QC-0002996,GR-0002996,MAT-00144,SUP-0054,2026-02-25,28,2,71428,DEF_METALLURGY,REJECTED,INSP-102
QC-0002997,GR-0002997,MAT-00492,SUP-0103,2025-12-02,51,12,235294,DEF_PACKAGING,REJECTED,INSP-121
QC-0002998,GR-0002998,MAT-00268,SUP-0024,2025-07-20,652,44,67484,DEF_CONTAMINATION,REJECTED,INSP-110
QC-0002999,GR-0002999,MAT-00361,SUP-0092,2025-04-09,61,5,81967,DEF_CONTAMINATION,REJECTED,INSP-108
QC-0003000,GR-0003000,MAT-00611,SUP-0092,2025-04-10,42,2,47619,DEF_METALLURGY,REJECTED,INSP-115
QC-0003001,GR-0003001,MAT-00722,SUP-0019,2025-08-05,10,0,0,,ACCEPTED,INSP-107
QC-0003002,GR-0003002,MAT-00157,SUP-0019,2025-08-12,13,6,461538,DEF_ELECTRICAL,REJECTED,INSP-117
QC-0003003,GR-0003003,MAT-00030,SUP-0041,2025-09-29,151,14,92715,DEF_CONTAMINATION,REJECTED,INSP-107
QC-0003004,GR-0003004,MAT-00098,SUP-0036,2025-11-23,33,0,0,,ACCEPTED,INSP-107
QC-0003005,GR-0003005,MAT-01046,SUP-0036,2025-11-23,87,1,11494,DEF_METALLURGY,CONCESSION,INSP-120
QC-0003006,GR-0003006,MAT-00822,SUP-0043,2026-01-02,16,2,125000,DEF_PACKAGING,REJECTED,INSP-113
QC-0003007,GR-0003007,MAT-00164,SUP-0005,2026-04-16,115,16,139130,DEF_ELECTRICAL,REJECTED,INSP-114
QC-0003008,GR-0003008,MAT-00694,SUP-0005,2026-04-14,11,4,363636,DEF_ELECTRICAL,REJECTED,INSP-110
QC-0003009,GR-0003009,MAT-00351,SUP-0077,2025-12-03,84,6,71428,DEF_DIMENSIONAL,REJECTED,INSP-107
QC-0003010,GR-0003010,MAT-00559,SUP-0077,2025-12-06,38,5,131578,DEF_PACKAGING,REJECTED,INSP-104
QC-0003011,GR-0003011,MAT-01078,SUP-0077,2025-12-12,30,4,133333,DEF_ELECTRICAL,REJECTED,INSP-113
QC-0003012,GR-0003012,MAT-00360,SUP-0066,2025-12-04,10,3,300000,DEF_SURFACE,REJECTED,INSP-108
QC-0003013,GR-0003013,MAT-00497,SUP-0103,2025-05-29,520,87,167307,DEF_METALLURGY,REJECTED,INSP-124
QC-0003014,GR-0003014,MAT-01138,SUP-0109,2025-04-07,62,0,0,,ACCEPTED,INSP-123
QC-0003015,GR-0003015,MAT-00327,SUP-0109,2025-04-05,27,0,0,,ACCEPTED,INSP-114
QC-0003016,GR-0003016,MAT-00426,SUP-0089,2025-12-15,46,5,108695,DEF_ELECTRICAL,REJECTED,INSP-113
QC-0003017,GR-0003017,MAT-00907,SUP-0089,2025-12-13,707,64,90523,DEF_METALLURGY,REJECTED,INSP-115
QC-0003018,GR-0003018,MAT-00985,SUP-0089,2025-12-09,47,3,63829,DEF_DIMENSIONAL,REJECTED,INSP-116
QC-0003019,GR-0003019,MAT-00279,SUP-0089,2025-12-15,20,2,100000,DEF_PACKAGING,REJECTED,INSP-102
QC-0003020,GR-0003020,MAT-01110,SUP-0089,2025-10-30,14,0,0,,ACCEPTED,INSP-104
QC-0003021,GR-0003021,MAT-00060,SUP-0063,2026-03-25,439,32,72892,DEF_PACKAGING,REJECTED,INSP-120
QC-0003022,GR-0003022,MAT-01150,SUP-0063,2026-03-27,10,1,100000,DEF_DIMENSIONAL,REJECTED,INSP-116
QC-0003023,GR-0003023,MAT-00551,SUP-0063,2026-03-23,206,22,106796,DEF_DIMENSIONAL,REJECTED,INSP-118
QC-0003024,GR-0003024,MAT-00164,SUP-0063,2026-03-28,180,15,83333,DEF_PACKAGING,REJECTED,INSP-103
QC-0003025,GR-0003025,MAT-00015,SUP-0045,2025-07-10,28,4,142857,DEF_METALLURGY,REJECTED,INSP-106
QC-0003026,GR-0003026,MAT-00711,SUP-0096,2025-04-01,253,15,59288,DEF_METALLURGY,REJECTED,INSP-104
QC-0003027,GR-0003027,MAT-00265,SUP-0096,2025-03-31,293,18,61433,DEF_SURFACE,REJECTED,INSP-116
QC-0003028,GR-0003028,MAT-00928,SUP-0096,2025-04-08,22,2,90909,DEF_DIMENSIONAL,REJECTED,INSP-115
QC-0003029,GR-0003029,MAT-00075,SUP-0040,2025-11-17,18,3,166666,DEF_SURFACE,REJECTED,INSP-125
QC-0003030,GR-0003030,MAT-01197,SUP-0032,2025-09-07,106,6,56603,DEF_SURFACE,REJECTED,INSP-106
QC-0003031,GR-0003031,MAT-00260,SUP-0110,2025-04-29,50,3,60000,DEF_CONTAMINATION,REJECTED,INSP-108
QC-0003032,GR-0003032,MAT-00047,SUP-0110,2025-04-25,16,1,62500,DEF_SURFACE,REJECTED,INSP-107
QC-0003033,GR-0003033,MAT-00335,SUP-0110,2025-04-30,15,1,66666,DEF_METALLURGY,REJECTED,INSP-117
QC-0003034,GR-0003034,MAT-00086,SUP-0068,2026-02-03,39,0,0,,ACCEPTED,INSP-121
QC-0003035,GR-0003035,MAT-00457,SUP-0058,2025-06-23,212,9,42452,DEF_METALLURGY,REJECTED,INSP-119
QC-0003036,GR-0003036,MAT-00977,SUP-0094,2025-12-21,30,0,0,,ACCEPTED,INSP-115
QC-0003037,GR-0003037,MAT-00585,SUP-0059,2025-11-05,155,19,122580,DEF_DIMENSIONAL,REJECTED,INSP-104
QC-0003038,GR-0003038,MAT-00704,SUP-0080,2025-07-30,45,4,88888,DEF_SURFACE,REJECTED,INSP-101
QC-0003039,GR-0003039,MAT-00542,SUP-0080,2025-08-03,149,7,46979,DEF_CONTAMINATION,REJECTED,INSP-113
QC-0003040,GR-0003040,MAT-00884,SUP-0080,2025-07-27,24,1,41666,DEF_PACKAGING,REJECTED,INSP-123
QC-0003041,GR-0003041,MAT-00468,SUP-0080,2025-08-02,68,1,14705,DEF_DIMENSIONAL,CONCESSION,INSP-119
QC-0003042,GR-0003042,MAT-00366,SUP-0105,2025-10-15,10,0,0,,ACCEPTED,INSP-114
QC-0003043,GR-0003043,MAT-00953,SUP-0105,2025-10-15,70,0,0,,ACCEPTED,INSP-120
QC-0003044,GR-0003044,MAT-00897,SUP-0026,2026-03-04,10,2,200000,DEF_DIMENSIONAL,REJECTED,INSP-113
QC-0003045,GR-0003045,MAT-00845,SUP-0026,2026-02-24,179,19,106145,DEF_CONTAMINATION,REJECTED,INSP-116
QC-0003046,GR-0003046,MAT-00097,SUP-0043,2025-07-02,229,9,39301,DEF_CONTAMINATION,CONCESSION,INSP-118
QC-0003047,GR-0003047,MAT-01034,SUP-0043,2026-02-16,47,6,127659,DEF_METALLURGY,REJECTED,INSP-123
QC-0003048,GR-0003048,MAT-00508,SUP-0018,2025-08-27,34,2,58823,DEF_CONTAMINATION,REJECTED,INSP-102
QC-0003049,GR-0003049,MAT-01123,SUP-0112,2026-01-09,10,0,0,,ACCEPTED,INSP-106
QC-0003050,GR-0003050,MAT-00448,SUP-0042,2026-01-01,34,2,58823,DEF_DIMENSIONAL,REJECTED,INSP-105
QC-0003051,GR-0003051,MAT-00939,SUP-0042,2025-12-24,16,1,62500,DEF_METALLURGY,REJECTED,INSP-124
QC-0003052,GR-0003052,MAT-00922,SUP-0042,2025-12-26,11,0,0,,ACCEPTED,INSP-103
QC-0003053,GR-0003053,MAT-00606,SUP-0075,2025-11-01,123,15,121951,DEF_DIMENSIONAL,REJECTED,INSP-125
QC-0003054,GR-0003054,MAT-00754,SUP-0029,2025-05-29,281,41,145907,DEF_CONTAMINATION,REJECTED,INSP-121
QC-0003055,GR-0003055,MAT-00793,SUP-0029,2025-05-26,115,15,130434,DEF_PACKAGING,REJECTED,INSP-113
QC-0003056,GR-0003056,MAT-00170,SUP-0095,2025-03-09,342,11,32163,DEF_CONTAMINATION,CONCESSION,INSP-108
QC-0003057,GR-0003057,MAT-00587,SUP-0104,2026-03-17,29,2,68965,DEF_SURFACE,REJECTED,INSP-109
QC-0003058,GR-0003058,MAT-00269,SUP-0104,2026-03-21,29,2,68965,DEF_PACKAGING,REJECTED,INSP-105
QC-0003059,GR-0003059,MAT-00752,SUP-0104,2026-03-14,23,0,0,,ACCEPTED,INSP-109
QC-0003060,GR-0003060,MAT-00127,SUP-0104,2025-12-15,135,6,44444,DEF_CONTAMINATION,REJECTED,INSP-117
QC-0003061,GR-0003061,MAT-00198,SUP-0039,2026-02-24,374,49,131016,DEF_DIMENSIONAL,REJECTED,INSP-115
QC-0003062,GR-0003062,MAT-00605,SUP-0039,2026-02-26,576,66,114583,DEF_ELECTRICAL,REJECTED,INSP-101
QC-0003063,GR-0003063,MAT-00655,SUP-0039,2026-02-24,119,18,151260,DEF_PACKAGING,REJECTED,INSP-112
QC-0003064,GR-0003064,MAT-00419,SUP-0076,2025-09-08,52,3,57692,DEF_METALLURGY,REJECTED,INSP-104
QC-0003065,GR-0003065,MAT-00537,SUP-0043,2025-10-13,478,30,62761,DEF_CONTAMINATION,REJECTED,INSP-104
QC-0003066,GR-0003066,MAT-00615,SUP-0043,2025-10-08,18,1,55555,DEF_CONTAMINATION,REJECTED,INSP-117
QC-0003067,GR-0003067,MAT-00387,SUP-0076,2025-04-25,31,4,129032,DEF_SURFACE,REJECTED,INSP-116
QC-0003068,GR-0003068,MAT-00583,SUP-0076,2025-04-28,519,66,127167,DEF_PACKAGING,REJECTED,INSP-122
QC-0003069,GR-0003069,MAT-00586,SUP-0076,2025-04-23,38,9,236842,DEF_PACKAGING,REJECTED,INSP-115
QC-0003070,GR-0003070,MAT-00046,SUP-0089,2026-01-10,64,2,31250,DEF_METALLURGY,CONCESSION,INSP-123
QC-0003071,GR-0003071,MAT-00080,SUP-0089,2026-01-11,18,1,55555,DEF_METALLURGY,REJECTED,INSP-120
QC-0003072,GR-0003072,MAT-00579,SUP-0068,2025-09-06,543,12,22099,DEF_SURFACE,CONCESSION,INSP-125
QC-0003073,GR-0003073,MAT-00316,SUP-0068,2025-09-04,10,1,100000,DEF_CONTAMINATION,REJECTED,INSP-118
QC-0003074,GR-0003074,MAT-00833,SUP-0068,2025-09-04,10,0,0,,ACCEPTED,INSP-124
QC-0003075,GR-0003075,MAT-01134,SUP-0004,2026-01-12,36,12,333333,DEF_ELECTRICAL,REJECTED,INSP-120
QC-0003076,GR-0003076,MAT-00478,SUP-0022,2026-01-15,127,7,55118,DEF_SURFACE,REJECTED,INSP-123
QC-0003077,GR-0003077,MAT-00886,SUP-0081,2025-10-17,13,0,0,,ACCEPTED,INSP-122
QC-0003078,GR-0003078,MAT-00594,SUP-0008,2026-04-14,51,9,176470,DEF_PACKAGING,REJECTED,INSP-116
QC-0003079,GR-0003079,MAT-01139,SUP-0071,2026-02-23,18,1,55555,DEF_METALLURGY,REJECTED,INSP-119
QC-0003080,GR-0003080,MAT-00386,SUP-0069,2025-09-10,85,1,11764,DEF_PACKAGING,CONCESSION,INSP-114
QC-0003081,GR-0003081,MAT-00316,SUP-0069,2025-09-08,10,0,0,,ACCEPTED,INSP-109
QC-0003082,GR-0003082,MAT-00445,SUP-0069,2025-09-06,10,0,0,,ACCEPTED,INSP-111
QC-0003083,GR-0003083,MAT-00804,SUP-0117,2025-09-14,28,2,71428,DEF_SURFACE,REJECTED,INSP-123
QC-0003084,GR-0003084,MAT-01154,SUP-0021,2025-03-12,21,0,0,,ACCEPTED,INSP-103
QC-0003085,GR-0003085,MAT-00074,SUP-0021,2025-03-07,171,5,29239,DEF_PACKAGING,CONCESSION,INSP-124
QC-0003086,GR-0003086,MAT-00062,SUP-0026,2026-02-14,10,0,0,,ACCEPTED,INSP-123
QC-0003087,GR-0003087,MAT-00510,SUP-0026,2026-02-11,31,1,32258,DEF_CONTAMINATION,CONCESSION,INSP-111
QC-0003088,GR-0003088,MAT-00540,SUP-0057,2026-01-26,151,14,92715,DEF_ELECTRICAL,REJECTED,INSP-107
QC-0003089,GR-0003089,MAT-01064,SUP-0002,2026-01-10,44,7,159090,DEF_PACKAGING,REJECTED,INSP-123
QC-0003090,GR-0003090,MAT-00711,SUP-0002,2026-01-03,600,61,101666,DEF_CONTAMINATION,REJECTED,INSP-114
QC-0003091,GR-0003091,MAT-00315,SUP-0002,2026-01-04,36,2,55555,DEF_METALLURGY,REJECTED,INSP-115
QC-0003092,GR-0003092,MAT-00428,SUP-0070,2025-10-29,44,13,295454,DEF_SURFACE,REJECTED,INSP-114
QC-0003093,GR-0003093,MAT-01032,SUP-0013,2025-10-01,298,24,80536,DEF_ELECTRICAL,REJECTED,INSP-106
QC-0003094,GR-0003094,MAT-00113,SUP-0013,2025-10-02,16,1,62500,DEF_CONTAMINATION,REJECTED,INSP-125
QC-0003095,GR-0003095,MAT-00901,SUP-0013,2025-09-27,367,27,73569,DEF_SURFACE,REJECTED,INSP-101
QC-0003096,GR-0003096,MAT-00064,SUP-0084,2025-06-02,44,6,136363,DEF_SURFACE,REJECTED,INSP-111
QC-0003097,GR-0003097,MAT-00946,SUP-0003,2025-11-07,39,3,76923,DEF_CONTAMINATION,REJECTED,INSP-122
QC-0003098,GR-0003098,MAT-00813,SUP-0003,2025-11-07,10,0,0,,ACCEPTED,INSP-109
QC-0003099,GR-0003099,MAT-00503,SUP-0116,2025-08-23,41,3,73170,DEF_DIMENSIONAL,REJECTED,INSP-115
QC-0003100,GR-0003100,MAT-00222,SUP-0089,2025-09-29,59,3,50847,DEF_METALLURGY,REJECTED,INSP-113
QC-0003101,GR-0003101,MAT-00135,SUP-0089,2025-10-07,314,29,92356,DEF_METALLURGY,REJECTED,INSP-116
QC-0003102,GR-0003102,MAT-00100,SUP-0093,2026-04-06,10,1,100000,DEF_ELECTRICAL,REJECTED,INSP-116
QC-0003103,GR-0003103,MAT-01131,SUP-0062,2025-08-14,14,1,71428,DEF_METALLURGY,REJECTED,INSP-110
QC-0003104,GR-0003104,MAT-01184,SUP-0003,2025-10-21,34,5,147058,DEF_DIMENSIONAL,REJECTED,INSP-121
QC-0003105,GR-0003105,MAT-01110,SUP-0003,2025-10-16,16,0,0,,ACCEPTED,INSP-109
QC-0003106,GR-0003106,MAT-00290,SUP-0003,2025-10-20,280,21,75000,DEF_DIMENSIONAL,REJECTED,INSP-108
QC-0003107,GR-0003107,MAT-00231,SUP-0108,2025-05-10,436,48,110091,DEF_CONTAMINATION,REJECTED,INSP-113
QC-0003108,GR-0003108,MAT-00440,SUP-0108,2025-05-09,17,3,176470,DEF_DIMENSIONAL,REJECTED,INSP-124
QC-0003109,GR-0003109,MAT-01064,SUP-0108,2025-05-07,66,10,151515,DEF_METALLURGY,REJECTED,INSP-116
QC-0003110,GR-0003110,MAT-00482,SUP-0108,2025-05-11,10,3,300000,DEF_ELECTRICAL,REJECTED,INSP-111
QC-0003111,GR-0003111,MAT-01112,SUP-0117,2025-06-12,327,22,67278,DEF_METALLURGY,REJECTED,INSP-112
QC-0003112,GR-0003112,MAT-00395,SUP-0117,2025-06-15,118,7,59322,DEF_DIMENSIONAL,REJECTED,INSP-120
QC-0003113,GR-0003113,MAT-00493,SUP-0117,2025-06-13,469,25,53304,DEF_DIMENSIONAL,REJECTED,INSP-122
QC-0003114,GR-0003114,MAT-00067,SUP-0109,2025-07-10,22,1,45454,DEF_PACKAGING,REJECTED,INSP-101
QC-0003115,GR-0003115,MAT-00847,SUP-0097,2026-01-19,716,52,72625,DEF_DIMENSIONAL,REJECTED,INSP-102
QC-0003116,GR-0003116,MAT-00545,SUP-0097,2026-01-08,104,10,96153,DEF_METALLURGY,REJECTED,INSP-111
QC-0003117,GR-0003117,MAT-00473,SUP-0002,2025-07-12,106,11,103773,DEF_METALLURGY,REJECTED,INSP-112
QC-0003118,GR-0003118,MAT-00734,SUP-0069,2025-11-08,307,4,13029,DEF_SURFACE,CONCESSION,INSP-121
QC-0003119,GR-0003119,MAT-00519,SUP-0096,2025-11-26,14,1,71428,DEF_SURFACE,REJECTED,INSP-122
QC-0003120,GR-0003120,MAT-00439,SUP-0110,2025-08-23,10,1,100000,DEF_CONTAMINATION,REJECTED,INSP-106
QC-0003121,GR-0003121,MAT-00629,SUP-0007,2025-11-19,10,0,0,,ACCEPTED,INSP-116
QC-0003122,GR-0003122,MAT-01058,SUP-0007,2025-11-20,128,12,93750,DEF_ELECTRICAL,REJECTED,INSP-124
QC-0003123,GR-0003123,MAT-00819,SUP-0007,2025-11-23,149,16,107382,DEF_ELECTRICAL,REJECTED,INSP-107
QC-0003124,GR-0003124,MAT-00046,SUP-0089,2026-01-10,37,4,108108,DEF_SURFACE,REJECTED,INSP-124
QC-0003125,GR-0003125,MAT-00719,SUP-0089,2026-01-21,347,36,103746,DEF_SURFACE,REJECTED,INSP-116
QC-0003126,GR-0003126,MAT-00360,SUP-0066,2026-02-07,35,1,28571,DEF_CONTAMINATION,CONCESSION,INSP-123
QC-0003127,GR-0003127,MAT-00475,SUP-0066,2026-02-13,449,41,91314,DEF_ELECTRICAL,REJECTED,INSP-102
QC-0003128,GR-0003128,MAT-00184,SUP-0030,2026-02-26,277,27,97472,DEF_METALLURGY,REJECTED,INSP-117
QC-0003129,GR-0003129,MAT-00645,SUP-0030,2026-02-20,79,8,101265,DEF_CONTAMINATION,REJECTED,INSP-111
QC-0003130,GR-0003130,MAT-00693,SUP-0030,2026-02-28,658,64,97264,DEF_ELECTRICAL,REJECTED,INSP-123
QC-0003131,GR-0003131,MAT-00726,SUP-0110,2025-12-17,38,5,131578,DEF_CONTAMINATION,REJECTED,INSP-123
QC-0003132,GR-0003132,MAT-00177,SUP-0107,2026-04-15,10,1,100000,DEF_DIMENSIONAL,REJECTED,INSP-116
QC-0003133,GR-0003133,MAT-00307,SUP-0097,2026-03-14,155,13,83870,DEF_DIMENSIONAL,REJECTED,INSP-102
QC-0003134,GR-0003134,MAT-00258,SUP-0069,2026-02-16,192,10,52083,DEF_CONTAMINATION,REJECTED,INSP-110
QC-0003135,GR-0003135,MAT-01087,SUP-0069,2026-02-16,20,0,0,,ACCEPTED,INSP-115
QC-0003136,GR-0003136,MAT-00753,SUP-0069,2026-02-16,27,1,37037,DEF_DIMENSIONAL,CONCESSION,INSP-112
QC-0003137,GR-0003137,MAT-00114,SUP-0048,2025-05-23,10,0,0,,ACCEPTED,INSP-116
QC-0003138,GR-0003138,MAT-00061,SUP-0048,2025-05-20,618,36,58252,DEF_METALLURGY,REJECTED,INSP-105
QC-0003139,GR-0003139,MAT-01175,SUP-0007,2025-03-05,10,0,0,,ACCEPTED,INSP-101
QC-0003140,GR-0003140,MAT-00233,SUP-0007,2025-03-04,19,1,52631,DEF_CONTAMINATION,REJECTED,INSP-123
QC-0003141,GR-0003141,MAT-00844,SUP-0007,2025-03-05,157,12,76433,DEF_DIMENSIONAL,REJECTED,INSP-111
QC-0003142,GR-0003142,MAT-00532,SUP-0024,2025-08-06,301,19,63122,DEF_METALLURGY,REJECTED,INSP-121
QC-0003143,GR-0003143,MAT-00558,SUP-0059,2026-03-21,14,4,285714,DEF_DIMENSIONAL,REJECTED,INSP-115
QC-0003144,GR-0003144,MAT-00354,SUP-0100,2025-10-22,337,6,17804,DEF_CONTAMINATION,CONCESSION,INSP-109
QC-0003145,GR-0003145,MAT-00255,SUP-0100,2025-10-22,166,1,6024,DEF_CONTAMINATION,CONCESSION,INSP-121
QC-0003146,GR-0003146,MAT-00372,SUP-0061,2025-10-21,203,1,4926,DEF_PACKAGING,CONCESSION,INSP-106
QC-0003147,GR-0003147,MAT-00675,SUP-0061,2025-10-22,34,1,29411,DEF_DIMENSIONAL,CONCESSION,INSP-119
QC-0003148,GR-0003148,MAT-00174,SUP-0074,2026-04-12,177,15,84745,DEF_SURFACE,REJECTED,INSP-109
QC-0003149,GR-0003149,MAT-01026,SUP-0077,2026-04-08,595,44,73949,DEF_DIMENSIONAL,REJECTED,INSP-110
QC-0003150,GR-0003150,MAT-00137,SUP-0077,2026-04-02,13,1,76923,DEF_CONTAMINATION,REJECTED,INSP-112
QC-0003151,GR-0003151,MAT-00916,SUP-0077,2026-04-07,27,4,148148,DEF_ELECTRICAL,REJECTED,INSP-103
QC-0003152,GR-0003152,MAT-00627,SUP-0077,2026-04-13,21,0,0,,ACCEPTED,INSP-103
QC-0003153,GR-0003153,MAT-00583,SUP-0064,2026-04-14,639,43,67292,DEF_CONTAMINATION,REJECTED,INSP-102
QC-0003154,GR-0003154,MAT-00436,SUP-0064,2026-04-09,17,1,58823,DEF_SURFACE,REJECTED,INSP-105
QC-0003155,GR-0003155,MAT-00333,SUP-0074,2025-10-01,110,7,63636,DEF_ELECTRICAL,REJECTED,INSP-123
QC-0003156,GR-0003156,MAT-00187,SUP-0118,2026-01-30,48,6,125000,DEF_PACKAGING,REJECTED,INSP-120
QC-0003157,GR-0003157,MAT-00212,SUP-0003,2025-09-12,39,0,0,,ACCEPTED,INSP-113
QC-0003158,GR-0003158,MAT-00154,SUP-0108,2025-07-26,616,54,87662,DEF_SURFACE,REJECTED,INSP-109
QC-0003159,GR-0003159,MAT-01160,SUP-0108,2025-07-29,10,2,200000,DEF_METALLURGY,REJECTED,INSP-124
QC-0003160,GR-0003160,MAT-00578,SUP-0108,2025-08-01,215,24,111627,DEF_PACKAGING,REJECTED,INSP-122
QC-0003161,GR-0003161,MAT-00591,SUP-0052,2025-08-04,92,6,65217,DEF_METALLURGY,REJECTED,INSP-124
QC-0003162,GR-0003162,MAT-01110,SUP-0089,2025-10-05,13,2,153846,DEF_CONTAMINATION,REJECTED,INSP-112
QC-0003163,GR-0003163,MAT-00736,SUP-0089,2025-10-02,332,24,72289,DEF_METALLURGY,REJECTED,INSP-118
QC-0003164,GR-0003164,MAT-01008,SUP-0024,2025-11-01,170,11,64705,DEF_ELECTRICAL,REJECTED,INSP-114
QC-0003165,GR-0003165,MAT-00700,SUP-0091,2025-06-15,181,4,22099,DEF_METALLURGY,CONCESSION,INSP-104
QC-0003166,GR-0003166,MAT-00077,SUP-0091,2025-06-18,27,2,74074,DEF_PACKAGING,REJECTED,INSP-108
QC-0003167,GR-0003167,MAT-01069,SUP-0091,2025-06-16,156,10,64102,DEF_CONTAMINATION,REJECTED,INSP-118
QC-0003168,GR-0003168,MAT-00569,SUP-0004,2026-02-12,10,0,0,,ACCEPTED,INSP-112
QC-0003169,GR-0003169,MAT-00854,SUP-0004,2026-02-09,110,6,54545,DEF_DIMENSIONAL,REJECTED,INSP-106
QC-0003170,GR-0003170,MAT-00616,SUP-0078,2025-12-11,99,9,90909,DEF_METALLURGY,REJECTED,INSP-117
QC-0003171,GR-0003171,MAT-00212,SUP-0078,2025-12-09,74,3,40540,DEF_CONTAMINATION,REJECTED,INSP-101
QC-0003172,GR-0003172,MAT-01034,SUP-0043,2025-09-17,63,3,47619,DEF_ELECTRICAL,REJECTED,INSP-110
QC-0003173,GR-0003173,MAT-00354,SUP-0100,2025-11-20,305,6,19672,DEF_DIMENSIONAL,CONCESSION,INSP-118
QC-0003174,GR-0003174,MAT-01058,SUP-0100,2025-11-19,175,7,40000,DEF_ELECTRICAL,REJECTED,INSP-122
QC-0003175,GR-0003175,MAT-00690,SUP-0048,2025-10-03,101,10,99009,DEF_DIMENSIONAL,REJECTED,INSP-109
QC-0003176,GR-0003176,MAT-00599,SUP-0048,2025-09-28,17,1,58823,DEF_CONTAMINATION,REJECTED,INSP-105
QC-0003177,GR-0003177,MAT-01015,SUP-0107,2025-12-23,170,12,70588,DEF_PACKAGING,REJECTED,INSP-125
QC-0003178,GR-0003178,MAT-00302,SUP-0107,2025-12-18,10,1,100000,DEF_SURFACE,REJECTED,INSP-111
QC-0003179,GR-0003179,MAT-00354,SUP-0100,2025-10-24,293,12,40955,DEF_ELECTRICAL,REJECTED,INSP-121
QC-0003180,GR-0003180,MAT-01137,SUP-0100,2025-10-26,16,0,0,,ACCEPTED,INSP-110
QC-0003181,GR-0003181,MAT-01128,SUP-0086,2025-07-07,12,0,0,,ACCEPTED,INSP-102
QC-0003182,GR-0003182,MAT-00838,SUP-0086,2025-07-08,27,0,0,,ACCEPTED,INSP-103
QC-0003183,GR-0003183,MAT-00844,SUP-0006,2025-06-09,145,6,41379,DEF_METALLURGY,REJECTED,INSP-106
QC-0003184,GR-0003184,MAT-00417,SUP-0047,2025-12-05,39,0,0,,ACCEPTED,INSP-103
QC-0003185,GR-0003185,MAT-01085,SUP-0075,2026-04-15,15,2,133333,DEF_METALLURGY,REJECTED,INSP-119
QC-0003186,GR-0003186,MAT-00968,SUP-0032,2025-10-17,442,32,72398,DEF_SURFACE,REJECTED,INSP-111
QC-0003187,GR-0003187,MAT-00125,SUP-0032,2025-10-14,46,3,65217,DEF_SURFACE,REJECTED,INSP-124
QC-0003188,GR-0003188,MAT-01049,SUP-0032,2025-10-12,601,44,73211,DEF_DIMENSIONAL,REJECTED,INSP-106
QC-0003189,GR-0003189,MAT-00854,SUP-0085,2026-01-22,327,7,21406,DEF_CONTAMINATION,CONCESSION,INSP-113
QC-0003190,GR-0003190,MAT-00072,SUP-0069,2026-01-14,13,1,76923,DEF_METALLURGY,REJECTED,INSP-102
QC-0003191,GR-0003191,MAT-00892,SUP-0069,2026-01-16,22,0,0,,ACCEPTED,INSP-111
QC-0003192,GR-0003192,MAT-00551,SUP-0113,2026-03-12,216,29,134259,DEF_DIMENSIONAL,REJECTED,INSP-125
QC-0003193,GR-0003193,MAT-00739,SUP-0096,2025-12-14,112,13,116071,DEF_METALLURGY,REJECTED,INSP-105
QC-0003194,GR-0003194,MAT-00915,SUP-0096,2026-01-08,33,2,60606,DEF_ELECTRICAL,REJECTED,INSP-110
QC-0003195,GR-0003195,MAT-00083,SUP-0086,2026-03-30,21,0,0,,ACCEPTED,INSP-123
QC-0003196,GR-0003196,MAT-00381,SUP-0044,2025-12-10,285,40,140350,DEF_SURFACE,REJECTED,INSP-101
QC-0003197,GR-0003197,MAT-00444,SUP-0044,2025-11-27,115,23,200000,DEF_CONTAMINATION,REJECTED,INSP-103
QC-0003198,GR-0003198,MAT-00797,SUP-0044,2025-11-28,136,22,161764,DEF_ELECTRICAL,REJECTED,INSP-112
QC-0003199,GR-0003199,MAT-00524,SUP-0044,2025-12-04,89,14,157303,DEF_ELECTRICAL,REJECTED,INSP-124
QC-0003200,GR-0003200,MAT-00761,SUP-0094,2025-09-23,28,0,0,,ACCEPTED,INSP-123
QC-0003201,GR-0003201,MAT-00068,SUP-0094,2025-09-17,187,0,0,,ACCEPTED,INSP-103
QC-0003202,GR-0003202,MAT-00946,SUP-0003,2025-03-05,20,1,50000,DEF_DIMENSIONAL,REJECTED,INSP-102
QC-0003203,GR-0003203,MAT-01055,SUP-0109,2026-02-27,10,1,100000,DEF_ELECTRICAL,REJECTED,INSP-105
QC-0003204,GR-0003204,MAT-00981,SUP-0112,2026-02-19,27,1,37037,DEF_PACKAGING,CONCESSION,INSP-116
QC-0003205,GR-0003205,MAT-01178,SUP-0112,2026-02-18,126,6,47619,DEF_METALLURGY,REJECTED,INSP-114
QC-0003206,GR-0003206,MAT-00051,SUP-0047,2025-06-05,194,0,0,,ACCEPTED,INSP-117
QC-0003207,GR-0003207,MAT-00836,SUP-0047,2025-06-08,23,0,0,,ACCEPTED,INSP-120
QC-0003208,GR-0003208,MAT-00428,SUP-0047,2025-06-10,23,0,0,,ACCEPTED,INSP-120
QC-0003209,GR-0003209,MAT-01009,SUP-0096,2025-12-13,59,6,101694,DEF_SURFACE,REJECTED,INSP-113
QC-0003210,GR-0003210,MAT-00727,SUP-0081,2025-11-28,25,4,160000,DEF_DIMENSIONAL,REJECTED,INSP-124
QC-0003211,GR-0003211,MAT-00287,SUP-0081,2025-12-01,34,5,147058,DEF_ELECTRICAL,REJECTED,INSP-110
QC-0003212,GR-0003212,MAT-00449,SUP-0048,2025-07-04,13,2,153846,DEF_CONTAMINATION,REJECTED,INSP-109
QC-0003213,GR-0003213,MAT-00073,SUP-0048,2025-06-30,14,1,71428,DEF_SURFACE,REJECTED,INSP-116
QC-0003214,GR-0003214,MAT-00640,SUP-0082,2025-09-25,13,3,230769,DEF_PACKAGING,REJECTED,INSP-104
QC-0003215,GR-0003215,MAT-00913,SUP-0082,2025-10-01,16,5,312500,DEF_DIMENSIONAL,REJECTED,INSP-110
QC-0003216,GR-0003216,MAT-00405,SUP-0082,2025-09-26,66,11,166666,DEF_PACKAGING,REJECTED,INSP-113
QC-0003217,GR-0003217,MAT-00403,SUP-0077,2025-05-18,132,9,68181,DEF_CONTAMINATION,REJECTED,INSP-114
QC-0003218,GR-0003218,MAT-00169,SUP-0117,2026-01-10,262,20,76335,DEF_SURFACE,REJECTED,INSP-120
QC-0003219,GR-0003219,MAT-00026,SUP-0117,2026-01-07,311,25,80385,DEF_ELECTRICAL,REJECTED,INSP-118
QC-0003220,GR-0003220,MAT-00449,SUP-0117,2026-01-09,20,1,50000,DEF_PACKAGING,REJECTED,INSP-123
QC-0003221,GR-0003221,MAT-01073,SUP-0095,2026-01-26,54,1,18518,DEF_METALLURGY,CONCESSION,INSP-120
QC-0003222,GR-0003222,MAT-01107,SUP-0082,2025-06-02,363,64,176308,DEF_SURFACE,REJECTED,INSP-114
QC-0003223,GR-0003223,MAT-00620,SUP-0082,2025-06-09,29,4,137931,DEF_CONTAMINATION,REJECTED,INSP-102
QC-0003224,GR-0003224,MAT-00296,SUP-0082,2025-05-27,207,28,135265,DEF_ELECTRICAL,REJECTED,INSP-114
QC-0003225,GR-0003225,MAT-01003,SUP-0067,2026-01-17,161,16,99378,DEF_METALLURGY,REJECTED,INSP-110
QC-0003226,GR-0003226,MAT-00662,SUP-0062,2025-12-21,538,58,107806,DEF_SURFACE,REJECTED,INSP-105
QC-0003227,GR-0003227,MAT-00878,SUP-0013,2025-06-12,116,7,60344,DEF_DIMENSIONAL,REJECTED,INSP-123
QC-0003228,GR-0003228,MAT-01139,SUP-0013,2025-06-13,13,1,76923,DEF_PACKAGING,REJECTED,INSP-103
QC-0003229,GR-0003229,MAT-01172,SUP-0013,2025-06-09,86,8,93023,DEF_CONTAMINATION,REJECTED,INSP-102
QC-0003230,GR-0003230,MAT-00936,SUP-0013,2025-06-08,518,47,90733,DEF_PACKAGING,REJECTED,INSP-114
QC-0003231,GR-0003231,MAT-00960,SUP-0084,2025-07-25,73,1,13698,DEF_METALLURGY,CONCESSION,INSP-108
QC-0003232,GR-0003232,MAT-00024,SUP-0019,2025-09-18,53,4,75471,DEF_ELECTRICAL,REJECTED,INSP-124
QC-0003233,GR-0003233,MAT-00830,SUP-0019,2025-09-27,532,38,71428,DEF_METALLURGY,REJECTED,INSP-121
QC-0003234,GR-0003234,MAT-00076,SUP-0019,2025-09-17,19,1,52631,DEF_SURFACE,REJECTED,INSP-113
QC-0003235,GR-0003235,MAT-00610,SUP-0070,2026-04-20,633,171,270142,DEF_DIMENSIONAL,REJECTED,INSP-125
QC-0003236,GR-0003236,MAT-00183,SUP-0070,2026-04-18,563,135,239786,DEF_METALLURGY,REJECTED,INSP-121
QC-0003237,GR-0003237,MAT-00962,SUP-0096,2025-08-25,24,2,83333,DEF_METALLURGY,REJECTED,INSP-105
QC-0003238,GR-0003238,MAT-00850,SUP-0084,2025-11-12,10,2,200000,DEF_SURFACE,REJECTED,INSP-101
QC-0003239,GR-0003239,MAT-00412,SUP-0084,2025-11-11,120,10,83333,DEF_PACKAGING,REJECTED,INSP-117
QC-0003240,GR-0003240,MAT-00713,SUP-0084,2025-11-11,342,16,46783,DEF_DIMENSIONAL,REJECTED,INSP-102
QC-0003241,GR-0003241,MAT-00586,SUP-0006,2025-10-02,92,3,32608,DEF_CONTAMINATION,CONCESSION,INSP-115
QC-0003242,GR-0003242,MAT-00153,SUP-0006,2025-10-04,21,0,0,,ACCEPTED,INSP-111
QC-0003243,GR-0003243,MAT-01052,SUP-0083,2025-05-09,66,5,75757,DEF_DIMENSIONAL,REJECTED,INSP-112
QC-0003244,GR-0003244,MAT-00344,SUP-0068,2026-01-25,290,7,24137,DEF_ELECTRICAL,CONCESSION,INSP-113
QC-0003245,GR-0003245,MAT-00381,SUP-0044,2025-12-26,310,42,135483,DEF_METALLURGY,REJECTED,INSP-107
QC-0003246,GR-0003246,MAT-00438,SUP-0089,2025-08-13,207,14,67632,DEF_ELECTRICAL,REJECTED,INSP-116
QC-0003247,GR-0003247,MAT-00254,SUP-0009,2026-01-29,38,6,157894,DEF_CONTAMINATION,REJECTED,INSP-123
QC-0003248,GR-0003248,MAT-00917,SUP-0083,2026-01-03,52,4,76923,DEF_METALLURGY,REJECTED,INSP-110
QC-0003249,GR-0003249,MAT-00573,SUP-0083,2025-12-30,102,7,68627,DEF_CONTAMINATION,REJECTED,INSP-117
QC-0003250,GR-0003250,MAT-00883,SUP-0005,2025-10-11,700,86,122857,DEF_PACKAGING,REJECTED,INSP-123
QC-0003251,GR-0003251,MAT-00600,SUP-0029,2026-03-17,22,2,90909,DEF_METALLURGY,REJECTED,INSP-124
QC-0003252,GR-0003252,MAT-00506,SUP-0105,2026-03-04,258,4,15503,DEF_PACKAGING,CONCESSION,INSP-124
QC-0003253,GR-0003253,MAT-01012,SUP-0105,2026-03-07,625,17,27200,DEF_DIMENSIONAL,CONCESSION,INSP-119
QC-0003254,GR-0003254,MAT-00479,SUP-0099,2025-11-08,179,3,16759,DEF_PACKAGING,CONCESSION,INSP-125
QC-0003255,GR-0003255,MAT-00667,SUP-0099,2025-11-08,22,0,0,,ACCEPTED,INSP-112
QC-0003256,GR-0003256,MAT-01173,SUP-0001,2025-11-21,371,105,283018,DEF_SURFACE,REJECTED,INSP-105
QC-0003257,GR-0003257,MAT-01133,SUP-0052,2025-10-23,59,5,84745,DEF_CONTAMINATION,REJECTED,INSP-125
QC-0003258,GR-0003258,MAT-00907,SUP-0052,2025-10-23,204,14,68627,DEF_METALLURGY,REJECTED,INSP-123
QC-0003259,GR-0003259,MAT-01083,SUP-0052,2025-10-22,351,28,79772,DEF_DIMENSIONAL,REJECTED,INSP-102
QC-0003260,GR-0003260,MAT-01106,SUP-0116,2026-02-21,10,0,0,,ACCEPTED,INSP-112
QC-0003261,GR-0003261,MAT-00826,SUP-0116,2026-02-21,454,16,35242,DEF_DIMENSIONAL,CONCESSION,INSP-117
QC-0003262,GR-0003262,MAT-00439,SUP-0116,2026-02-19,22,0,0,,ACCEPTED,INSP-102
QC-0003263,GR-0003263,MAT-00810,SUP-0049,2025-09-26,114,8,70175,DEF_DIMENSIONAL,REJECTED,INSP-106
QC-0003264,GR-0003264,MAT-01169,SUP-0119,2025-08-21,53,4,75471,DEF_CONTAMINATION,REJECTED,INSP-116
QC-0003265,GR-0003265,MAT-00544,SUP-0119,2025-08-25,354,19,53672,DEF_PACKAGING,REJECTED,INSP-124
QC-0003266,GR-0003266,MAT-00611,SUP-0095,2025-05-24,34,1,29411,DEF_METALLURGY,CONCESSION,INSP-118
QC-0003267,GR-0003267,MAT-00230,SUP-0099,2025-11-05,32,0,0,,ACCEPTED,INSP-115
QC-0003268,GR-0003268,MAT-01034,SUP-0043,2025-12-03,27,3,111111,DEF_CONTAMINATION,REJECTED,INSP-110
QC-0003269,GR-0003269,MAT-00636,SUP-0091,2026-03-12,34,1,29411,DEF_PACKAGING,CONCESSION,INSP-122
QC-0003270,GR-0003270,MAT-00121,SUP-0089,2025-08-20,106,8,75471,DEF_DIMENSIONAL,REJECTED,INSP-116
QC-0003271,GR-0003271,MAT-01194,SUP-0104,2025-10-29,21,1,47619,DEF_PACKAGING,REJECTED,INSP-120
QC-0003272,GR-0003272,MAT-00693,SUP-0088,2026-02-26,393,16,40712,DEF_CONTAMINATION,REJECTED,INSP-106
QC-0003273,GR-0003273,MAT-00642,SUP-0088,2026-02-26,368,15,40760,DEF_PACKAGING,REJECTED,INSP-111
QC-0003274,GR-0003274,MAT-01129,SUP-0088,2026-03-01,623,18,28892,DEF_ELECTRICAL,CONCESSION,INSP-121
QC-0003275,GR-0003275,MAT-01030,SUP-0046,2026-03-19,111,6,54054,DEF_SURFACE,REJECTED,INSP-109
QC-0003276,GR-0003276,MAT-01068,SUP-0046,2026-03-12,255,13,50980,DEF_ELECTRICAL,REJECTED,INSP-119
QC-0003277,GR-0003277,MAT-00441,SUP-0046,2026-03-10,303,24,79207,DEF_DIMENSIONAL,REJECTED,INSP-122
QC-0003278,GR-0003278,MAT-00269,SUP-0062,2025-11-04,17,0,0,,ACCEPTED,INSP-121
QC-0003279,GR-0003279,MAT-00647,SUP-0062,2025-11-12,59,5,84745,DEF_CONTAMINATION,REJECTED,INSP-121
QC-0003280,GR-0003280,MAT-00054,SUP-0062,2025-11-06,57,4,70175,DEF_SURFACE,REJECTED,INSP-121
QC-0003281,GR-0003281,MAT-00694,SUP-0085,2025-11-05,37,2,54054,DEF_METALLURGY,REJECTED,INSP-110
QC-0003282,GR-0003282,MAT-00064,SUP-0084,2025-09-21,66,6,90909,DEF_ELECTRICAL,REJECTED,INSP-108
QC-0003283,GR-0003283,MAT-00194,SUP-0084,2025-09-22,363,23,63360,DEF_ELECTRICAL,REJECTED,INSP-116
QC-0003284,GR-0003284,MAT-00190,SUP-0084,2025-09-23,696,39,56034,DEF_CONTAMINATION,REJECTED,INSP-107
QC-0003285,GR-0003285,MAT-01164,SUP-0048,2025-07-04,29,1,34482,DEF_PACKAGING,CONCESSION,INSP-111
QC-0003286,GR-0003286,MAT-00075,SUP-0048,2025-07-01,33,3,90909,DEF_PACKAGING,REJECTED,INSP-123
QC-0003287,GR-0003287,MAT-01181,SUP-0056,2026-01-24,273,20,73260,DEF_PACKAGING,REJECTED,INSP-113
QC-0003288,GR-0003288,MAT-00158,SUP-0041,2025-12-05,129,10,77519,DEF_CONTAMINATION,REJECTED,INSP-119
QC-0003289,GR-0003289,MAT-00303,SUP-0041,2025-12-04,25,2,80000,DEF_SURFACE,REJECTED,INSP-109
QC-0003290,GR-0003290,MAT-00418,SUP-0039,2025-04-19,14,2,142857,DEF_DIMENSIONAL,REJECTED,INSP-103
QC-0003291,GR-0003291,MAT-00866,SUP-0039,2025-04-20,10,1,100000,DEF_SURFACE,REJECTED,INSP-112
QC-0003292,GR-0003292,MAT-00451,SUP-0039,2025-04-24,13,2,153846,DEF_DIMENSIONAL,REJECTED,INSP-121
QC-0003293,GR-0003293,MAT-00288,SUP-0030,2025-12-06,18,0,0,,ACCEPTED,INSP-102
QC-0003294,GR-0003294,MAT-00087,SUP-0062,2025-11-08,32,3,93750,DEF_ELECTRICAL,REJECTED,INSP-107
QC-0003295,GR-0003295,MAT-00979,SUP-0062,2025-11-09,673,59,87667,DEF_DIMENSIONAL,REJECTED,INSP-112
QC-0003296,GR-0003296,MAT-00150,SUP-0062,2025-11-07,17,2,117647,DEF_METALLURGY,REJECTED,INSP-113
QC-0003297,GR-0003297,MAT-00965,SUP-0012,2025-07-17,60,10,166666,DEF_ELECTRICAL,REJECTED,INSP-104
QC-0003298,GR-0003298,MAT-00920,SUP-0110,2026-01-08,56,0,0,,ACCEPTED,INSP-105
QC-0003299,GR-0003299,MAT-00759,SUP-0044,2026-01-22,62,12,193548,DEF_PACKAGING,REJECTED,INSP-106
QC-0003300,GR-0003300,MAT-00242,SUP-0044,2026-02-02,12,3,250000,DEF_ELECTRICAL,REJECTED,INSP-114
QC-0003301,GR-0003301,MAT-00099,SUP-0051,2026-01-29,57,5,87719,DEF_SURFACE,REJECTED,INSP-120
QC-0003302,GR-0003302,MAT-00472,SUP-0051,2026-01-29,337,20,59347,DEF_DIMENSIONAL,REJECTED,INSP-119
QC-0003303,GR-0003303,MAT-00454,SUP-0095,2025-05-05,674,17,25222,DEF_SURFACE,CONCESSION,INSP-122
QC-0003304,GR-0003304,MAT-01041,SUP-0004,2025-11-10,282,33,117021,DEF_DIMENSIONAL,REJECTED,INSP-103
QC-0003305,GR-0003305,MAT-00583,SUP-0004,2025-11-15,639,87,136150,DEF_DIMENSIONAL,REJECTED,INSP-112
QC-0003306,GR-0003306,MAT-00699,SUP-0055,2025-06-14,142,0,0,,ACCEPTED,INSP-107
QC-0003307,GR-0003307,MAT-00221,SUP-0055,2025-06-13,492,9,18292,DEF_CONTAMINATION,CONCESSION,INSP-108
QC-0003308,GR-0003308,MAT-00829,SUP-0055,2025-06-11,666,9,13513,DEF_CONTAMINATION,CONCESSION,INSP-110
QC-0003309,GR-0003309,MAT-00100,SUP-0093,2026-01-31,10,2,200000,DEF_DIMENSIONAL,REJECTED,INSP-104
QC-0003310,GR-0003310,MAT-00562,SUP-0004,2026-01-15,31,1,32258,DEF_DIMENSIONAL,CONCESSION,INSP-125
QC-0003311,GR-0003311,MAT-00088,SUP-0004,2026-01-18,675,85,125925,DEF_PACKAGING,REJECTED,INSP-121
QC-0003312,GR-0003312,MAT-00155,SUP-0008,2025-06-07,240,19,79166,DEF_CONTAMINATION,REJECTED,INSP-124
QC-0003313,GR-0003313,MAT-00484,SUP-0008,2025-06-09,156,16,102564,DEF_SURFACE,REJECTED,INSP-114
QC-0003314,GR-0003314,MAT-01155,SUP-0008,2025-06-02,29,2,68965,DEF_DIMENSIONAL,REJECTED,INSP-116
QC-0003315,GR-0003315,MAT-00575,SUP-0107,2025-10-04,139,14,100719,DEF_PACKAGING,REJECTED,INSP-120
QC-0003316,GR-0003316,MAT-00681,SUP-0101,2025-12-25,42,4,95238,DEF_DIMENSIONAL,REJECTED,INSP-108
QC-0003317,GR-0003317,MAT-00698,SUP-0101,2025-12-16,10,0,0,,ACCEPTED,INSP-121
QC-0003318,GR-0003318,MAT-01142,SUP-0109,2025-10-25,304,1,3289,DEF_PACKAGING,CONCESSION,INSP-114
QC-0003319,GR-0003319,MAT-00562,SUP-0004,2026-03-19,10,1,100000,DEF_PACKAGING,REJECTED,INSP-125
QC-0003320,GR-0003320,MAT-00736,SUP-0004,2026-03-15,211,28,132701,DEF_ELECTRICAL,REJECTED,INSP-120
QC-0003321,GR-0003321,MAT-00908,SUP-0077,2026-03-06,60,5,83333,DEF_SURFACE,REJECTED,INSP-108
QC-0003322,GR-0003322,MAT-01093,SUP-0043,2026-01-11,18,2,111111,DEF_ELECTRICAL,REJECTED,INSP-113
QC-0003323,GR-0003323,MAT-00708,SUP-0054,2025-10-20,730,46,63013,DEF_ELECTRICAL,REJECTED,INSP-111
QC-0003324,GR-0003324,MAT-01015,SUP-0054,2025-10-21,58,3,51724,DEF_METALLURGY,REJECTED,INSP-116
QC-0003325,GR-0003325,MAT-00821,SUP-0054,2025-10-20,44,2,45454,DEF_SURFACE,REJECTED,INSP-105
QC-0003326,GR-0003326,MAT-00602,SUP-0113,2025-09-05,36,7,194444,DEF_SURFACE,REJECTED,INSP-117
QC-0003327,GR-0003327,MAT-00793,SUP-0079,2025-10-21,167,14,83832,DEF_DIMENSIONAL,REJECTED,INSP-114
QC-0003328,GR-0003328,MAT-01070,SUP-0079,2025-10-23,169,12,71005,DEF_SURFACE,REJECTED,INSP-103
QC-0003329,GR-0003329,MAT-00820,SUP-0097,2025-11-19,185,8,43243,DEF_DIMENSIONAL,REJECTED,INSP-110
QC-0003330,GR-0003330,MAT-00323,SUP-0023,2026-01-09,10,0,0,,ACCEPTED,INSP-124
QC-0003331,GR-0003331,MAT-00746,SUP-0093,2026-02-04,119,28,235294,DEF_DIMENSIONAL,REJECTED,INSP-110
QC-0003332,GR-0003332,MAT-00304,SUP-0093,2026-02-10,31,7,225806,DEF_ELECTRICAL,REJECTED,INSP-102
QC-0003333,GR-0003333,MAT-00416,SUP-0062,2025-05-29,648,55,84876,DEF_CONTAMINATION,REJECTED,INSP-123
QC-0003334,GR-0003334,MAT-00002,SUP-0062,2025-05-27,46,6,130434,DEF_ELECTRICAL,REJECTED,INSP-109
QC-0003335,GR-0003335,MAT-01071,SUP-0025,2025-10-16,10,0,0,,ACCEPTED,INSP-106
QC-0003336,GR-0003336,MAT-00116,SUP-0041,2025-07-29,58,12,206896,DEF_ELECTRICAL,REJECTED,INSP-119
QC-0003337,GR-0003337,MAT-00467,SUP-0029,2025-07-27,110,11,100000,DEF_SURFACE,REJECTED,INSP-116
QC-0003338,GR-0003338,MAT-00471,SUP-0097,2025-05-02,24,1,41666,DEF_METALLURGY,REJECTED,INSP-101
QC-0003339,GR-0003339,MAT-00254,SUP-0009,2025-12-09,49,9,183673,DEF_ELECTRICAL,REJECTED,INSP-103
QC-0003340,GR-0003340,MAT-00529,SUP-0009,2025-12-02,16,2,125000,DEF_ELECTRICAL,REJECTED,INSP-122
QC-0003341,GR-0003341,MAT-00464,SUP-0009,2025-12-03,585,130,222222,DEF_SURFACE,REJECTED,INSP-120
QC-0003342,GR-0003342,MAT-00568,SUP-0114,2025-07-16,118,17,144067,DEF_METALLURGY,REJECTED,INSP-116
QC-0003343,GR-0003343,MAT-00995,SUP-0114,2025-07-19,457,54,118161,DEF_SURFACE,REJECTED,INSP-105
QC-0003344,GR-0003344,MAT-00544,SUP-0114,2025-07-23,283,35,123674,DEF_ELECTRICAL,REJECTED,INSP-111
QC-0003345,GR-0003345,MAT-00404,SUP-0007,2026-04-05,140,12,85714,DEF_DIMENSIONAL,REJECTED,INSP-125
QC-0003346,GR-0003346,MAT-00623,SUP-0117,2025-12-23,17,1,58823,DEF_PACKAGING,REJECTED,INSP-124
QC-0003347,GR-0003347,MAT-00302,SUP-0061,2025-08-10,12,0,0,,ACCEPTED,INSP-121
QC-0003348,GR-0003348,MAT-01059,SUP-0061,2025-08-12,198,0,0,,ACCEPTED,INSP-102
QC-0003349,GR-0003349,MAT-00224,SUP-0083,2025-12-05,120,7,58333,DEF_METALLURGY,REJECTED,INSP-101
QC-0003350,GR-0003350,MAT-00637,SUP-0083,2025-12-04,12,1,83333,DEF_DIMENSIONAL,REJECTED,INSP-124
QC-0003351,GR-0003351,MAT-00837,SUP-0019,2026-02-10,15,2,133333,DEF_PACKAGING,REJECTED,INSP-108
QC-0003352,GR-0003352,MAT-00445,SUP-0019,2026-02-06,13,1,76923,DEF_PACKAGING,REJECTED,INSP-124
QC-0003353,GR-0003353,MAT-01092,SUP-0119,2025-08-29,160,9,56250,DEF_DIMENSIONAL,REJECTED,INSP-116
QC-0003354,GR-0003354,MAT-00306,SUP-0119,2025-08-25,16,1,62500,DEF_ELECTRICAL,REJECTED,INSP-123
QC-0003355,GR-0003355,MAT-00606,SUP-0119,2025-08-25,162,12,74074,DEF_METALLURGY,REJECTED,INSP-115
QC-0003356,GR-0003356,MAT-00263,SUP-0119,2025-08-28,266,21,78947,DEF_ELECTRICAL,REJECTED,INSP-109
QC-0003357,GR-0003357,MAT-00415,SUP-0063,2026-04-14,11,1,90909,DEF_DIMENSIONAL,REJECTED,INSP-102
QC-0003358,GR-0003358,MAT-00383,SUP-0118,2026-01-16,387,58,149870,DEF_METALLURGY,REJECTED,INSP-108
QC-0003359,GR-0003359,MAT-00892,SUP-0099,2025-12-29,23,0,0,,ACCEPTED,INSP-122
QC-0003360,GR-0003360,MAT-01015,SUP-0107,2025-10-25,104,9,86538,DEF_SURFACE,REJECTED,INSP-123
QC-0003361,GR-0003361,MAT-00265,SUP-0107,2025-10-24,91,8,87912,DEF_ELECTRICAL,REJECTED,INSP-119
QC-0003362,GR-0003362,MAT-00968,SUP-0107,2025-10-24,337,19,56379,DEF_SURFACE,REJECTED,INSP-105
QC-0003363,GR-0003363,MAT-00148,SUP-0004,2026-02-18,105,14,133333,DEF_ELECTRICAL,REJECTED,INSP-121
QC-0003364,GR-0003364,MAT-00280,SUP-0004,2026-02-20,387,34,87855,DEF_METALLURGY,REJECTED,INSP-121
QC-0003365,GR-0003365,MAT-00196,SUP-0100,2025-11-30,178,1,5617,DEF_DIMENSIONAL,CONCESSION,INSP-108
QC-0003366,GR-0003366,MAT-00527,SUP-0100,2025-11-30,156,10,64102,DEF_SURFACE,REJECTED,INSP-110
QC-0003367,GR-0003367,MAT-00540,SUP-0057,2026-01-12,316,20,63291,DEF_METALLURGY,REJECTED,INSP-109
QC-0003368,GR-0003368,MAT-00168,SUP-0029,2025-11-19,33,2,60606,DEF_PACKAGING,REJECTED,INSP-111
QC-0003369,GR-0003369,MAT-00783,SUP-0029,2025-11-13,354,51,144067,DEF_SURFACE,REJECTED,INSP-105
QC-0003370,GR-0003370,MAT-00722,SUP-0019,2026-02-03,10,1,100000,DEF_SURFACE,REJECTED,INSP-124
QC-0003371,GR-0003371,MAT-00981,SUP-0112,2026-03-01,28,2,71428,DEF_METALLURGY,REJECTED,INSP-110
QC-0003372,GR-0003372,MAT-00498,SUP-0009,2025-08-14,129,15,116279,DEF_SURFACE,REJECTED,INSP-121
QC-0003373,GR-0003373,MAT-00059,SUP-0083,2026-03-18,312,15,48076,DEF_CONTAMINATION,REJECTED,INSP-103
QC-0003374,GR-0003374,MAT-00620,SUP-0083,2026-03-17,14,0,0,,ACCEPTED,INSP-118
QC-0003375,GR-0003375,MAT-00618,SUP-0037,2025-12-13,10,1,100000,DEF_ELECTRICAL,REJECTED,INSP-104
QC-0003376,GR-0003376,MAT-01130,SUP-0028,2026-03-21,51,4,78431,DEF_ELECTRICAL,REJECTED,INSP-124
QC-0003377,GR-0003377,MAT-00382,SUP-0091,2025-08-27,33,0,0,,ACCEPTED,INSP-105
QC-0003378,GR-0003378,MAT-00029,SUP-0060,2026-03-27,84,7,83333,DEF_ELECTRICAL,REJECTED,INSP-111
QC-0003379,GR-0003379,MAT-01076,SUP-0079,2025-12-03,43,3,69767,DEF_ELECTRICAL,REJECTED,INSP-112
QC-0003380,GR-0003380,MAT-01017,SUP-0044,2026-01-05,37,7,189189,DEF_PACKAGING,REJECTED,INSP-111
QC-0003381,GR-0003381,MAT-00724,SUP-0013,2025-09-22,188,18,95744,DEF_PACKAGING,REJECTED,INSP-104
QC-0003382,GR-0003382,MAT-00286,SUP-0013,2025-09-16,247,15,60728,DEF_METALLURGY,REJECTED,INSP-117
QC-0003383,GR-0003383,MAT-01126,SUP-0013,2025-09-17,661,51,77155,DEF_DIMENSIONAL,REJECTED,INSP-108
QC-0003384,GR-0003384,MAT-00247,SUP-0013,2025-09-18,669,44,65769,DEF_CONTAMINATION,REJECTED,INSP-115
QC-0003385,GR-0003385,MAT-00371,SUP-0015,2026-02-05,16,4,250000,DEF_ELECTRICAL,REJECTED,INSP-109
QC-0003386,GR-0003386,MAT-01032,SUP-0015,2026-01-25,199,26,130653,DEF_PACKAGING,REJECTED,INSP-112
QC-0003387,GR-0003387,MAT-01101,SUP-0015,2026-01-26,10,2,200000,DEF_PACKAGING,REJECTED,INSP-111
QC-0003388,GR-0003388,MAT-01138,SUP-0109,2025-09-27,156,1,6410,DEF_PACKAGING,CONCESSION,INSP-125
QC-0003389,GR-0003389,MAT-00422,SUP-0076,2025-05-03,18,4,222222,DEF_DIMENSIONAL,REJECTED,INSP-104
QC-0003390,GR-0003390,MAT-00883,SUP-0076,2025-05-02,491,58,118126,DEF_DIMENSIONAL,REJECTED,INSP-108
QC-0003391,GR-0003391,MAT-00076,SUP-0120,2025-09-16,34,1,29411,DEF_PACKAGING,CONCESSION,INSP-107
QC-0003392,GR-0003392,MAT-01113,SUP-0019,2025-02-23,541,57,105360,DEF_DIMENSIONAL,REJECTED,INSP-106
QC-0003393,GR-0003393,MAT-00797,SUP-0109,2025-10-24,164,0,0,,ACCEPTED,INSP-114
QC-0003394,GR-0003394,MAT-00039,SUP-0109,2026-01-27,39,0,0,,ACCEPTED,INSP-125
QC-0003395,GR-0003395,MAT-00195,SUP-0023,2025-09-30,70,0,0,,ACCEPTED,INSP-121
QC-0003396,GR-0003396,MAT-01132,SUP-0023,2025-09-30,63,0,0,,ACCEPTED,INSP-114
QC-0003397,GR-0003397,MAT-00763,SUP-0049,2026-01-11,247,10,40485,DEF_DIMENSIONAL,REJECTED,INSP-125
QC-0003398,GR-0003398,MAT-00405,SUP-0061,2026-02-22,173,2,11560,DEF_CONTAMINATION,CONCESSION,INSP-107
QC-0003399,GR-0003399,MAT-00876,SUP-0093,2025-11-22,10,1,100000,DEF_DIMENSIONAL,REJECTED,INSP-121
QC-0003400,GR-0003400,MAT-01145,SUP-0093,2025-11-27,10,1,100000,DEF_METALLURGY,REJECTED,INSP-120
QC-0003401,GR-0003401,MAT-00428,SUP-0070,2026-03-30,19,5,263157,DEF_SURFACE,REJECTED,INSP-107
QC-0003402,GR-0003402,MAT-00709,SUP-0070,2026-04-02,10,5,500000,DEF_SURFACE,REJECTED,INSP-114
QC-0003403,GR-0003403,MAT-01138,SUP-0070,2026-03-22,40,9,225000,DEF_SURFACE,REJECTED,INSP-121
QC-0003404,GR-0003404,MAT-01122,SUP-0070,2026-03-23,27,4,148148,DEF_DIMENSIONAL,REJECTED,INSP-102
QC-0003405,GR-0003405,MAT-00610,SUP-0070,2025-10-22,265,70,264150,DEF_ELECTRICAL,REJECTED,INSP-125
QC-0003406,GR-0003406,MAT-00027,SUP-0070,2025-10-14,557,129,231597,DEF_PACKAGING,REJECTED,INSP-118
QC-0003407,GR-0003407,MAT-01004,SUP-0070,2025-10-22,164,42,256097,DEF_PACKAGING,REJECTED,INSP-116
QC-0003408,GR-0003408,MAT-00459,SUP-0097,2025-04-16,58,3,51724,DEF_ELECTRICAL,REJECTED,INSP-117
QC-0003409,GR-0003409,MAT-00376,SUP-0097,2025-04-28,299,24,80267,DEF_ELECTRICAL,REJECTED,INSP-108
QC-0003410,GR-0003410,MAT-00846,SUP-0097,2025-04-18,18,2,111111,DEF_PACKAGING,REJECTED,INSP-102
QC-0003411,GR-0003411,MAT-01023,SUP-0097,2025-04-20,121,12,99173,DEF_CONTAMINATION,REJECTED,INSP-114
QC-0003412,GR-0003412,MAT-00153,SUP-0048,2026-01-10,23,0,0,,ACCEPTED,INSP-121
QC-0003413,GR-0003413,MAT-00807,SUP-0048,2026-01-05,94,3,31914,DEF_PACKAGING,CONCESSION,INSP-108
QC-0003414,GR-0003414,MAT-00788,SUP-0048,2026-01-09,308,24,77922,DEF_CONTAMINATION,REJECTED,INSP-105
QC-0003415,GR-0003415,MAT-00513,SUP-0048,2026-01-22,63,4,63492,DEF_SURFACE,REJECTED,INSP-125
QC-0003416,GR-0003416,MAT-01169,SUP-0048,2026-01-14,72,9,125000,DEF_PACKAGING,REJECTED,INSP-107
QC-0003417,GR-0003417,MAT-00702,SUP-0106,2026-02-04,18,0,0,,ACCEPTED,INSP-125
QC-0003418,GR-0003418,MAT-01173,SUP-0106,2026-02-04,189,10,52910,DEF_ELECTRICAL,REJECTED,INSP-109
QC-0003419,GR-0003419,MAT-00474,SUP-0106,2026-02-06,38,1,26315,DEF_ELECTRICAL,CONCESSION,INSP-114
QC-0003420,GR-0003420,MAT-00372,SUP-0061,2025-06-20,303,6,19801,DEF_METALLURGY,CONCESSION,INSP-119
QC-0003421,GR-0003421,MAT-00939,SUP-0061,2025-06-20,25,0,0,,ACCEPTED,INSP-105
QC-0003422,GR-0003422,MAT-00626,SUP-0061,2025-06-22,220,3,13636,DEF_PACKAGING,CONCESSION,INSP-117
QC-0003423,GR-0003423,MAT-01159,SUP-0058,2025-08-02,522,29,55555,DEF_CONTAMINATION,REJECTED,INSP-107
QC-0003424,GR-0003424,MAT-00961,SUP-0058,2025-08-01,10,2,200000,DEF_CONTAMINATION,REJECTED,INSP-120
QC-0003425,GR-0003425,MAT-00746,SUP-0058,2025-08-01,189,6,31746,DEF_METALLURGY,CONCESSION,INSP-120
QC-0003426,GR-0003426,MAT-00910,SUP-0019,2025-12-29,77,7,90909,DEF_CONTAMINATION,REJECTED,INSP-116
QC-0003427,GR-0003427,MAT-00237,SUP-0070,2025-09-21,729,173,237311,DEF_PACKAGING,REJECTED,INSP-105
QC-0003428,GR-0003428,MAT-01023,SUP-0086,2025-09-10,38,0,0,,ACCEPTED,INSP-107
QC-0003429,GR-0003429,MAT-00869,SUP-0086,2025-09-11,11,0,0,,ACCEPTED,INSP-102
QC-0003430,GR-0003430,MAT-00833,SUP-0086,2025-09-11,22,1,45454,DEF_METALLURGY,REJECTED,INSP-113
QC-0003431,GR-0003431,MAT-01098,SUP-0091,2025-12-04,10,1,100000,DEF_CONTAMINATION,REJECTED,INSP-105
QC-0003432,GR-0003432,MAT-00972,SUP-0091,2025-12-05,13,0,0,,ACCEPTED,INSP-102
QC-0003433,GR-0003433,MAT-00711,SUP-0096,2025-11-05,648,49,75617,DEF_DIMENSIONAL,REJECTED,INSP-105
QC-0003434,GR-0003434,MAT-00601,SUP-0096,2025-10-31,32,4,125000,DEF_DIMENSIONAL,REJECTED,INSP-118
QC-0003435,GR-0003435,MAT-00399,SUP-0096,2025-10-27,74,7,94594,DEF_CONTAMINATION,REJECTED,INSP-112
QC-0003436,GR-0003436,MAT-00842,SUP-0043,2025-07-21,37,2,54054,DEF_PACKAGING,REJECTED,INSP-117
QC-0003437,GR-0003437,MAT-00308,SUP-0056,2025-07-24,170,13,76470,DEF_SURFACE,REJECTED,INSP-116
QC-0003438,GR-0003438,MAT-00719,SUP-0056,2025-07-28,253,25,98814,DEF_ELECTRICAL,REJECTED,INSP-117
QC-0003439,GR-0003439,MAT-00541,SUP-0107,2025-10-26,260,13,50000,DEF_PACKAGING,REJECTED,INSP-108
QC-0003440,GR-0003440,MAT-01195,SUP-0041,2026-02-20,32,5,156250,DEF_CONTAMINATION,REJECTED,INSP-117
QC-0003441,GR-0003441,MAT-00489,SUP-0095,2026-04-07,53,4,75471,DEF_PACKAGING,REJECTED,INSP-116
QC-0003442,GR-0003442,MAT-00266,SUP-0095,2026-04-03,75,1,13333,DEF_METALLURGY,CONCESSION,INSP-116
QC-0003443,GR-0003443,MAT-00747,SUP-0095,2026-04-07,10,1,100000,DEF_DIMENSIONAL,REJECTED,INSP-112
QC-0003444,GR-0003444,MAT-01015,SUP-0107,2025-05-22,162,11,67901,DEF_CONTAMINATION,REJECTED,INSP-116
QC-0003445,GR-0003445,MAT-01074,SUP-0093,2025-11-24,305,72,236065,DEF_CONTAMINATION,REJECTED,INSP-115
QC-0003446,GR-0003446,MAT-00056,SUP-0093,2026-01-06,146,27,184931,DEF_DIMENSIONAL,REJECTED,INSP-122
QC-0003447,GR-0003447,MAT-00716,SUP-0078,2025-06-04,77,3,38961,DEF_CONTAMINATION,CONCESSION,INSP-121
QC-0003448,GR-0003448,MAT-00471,SUP-0097,2025-04-01,19,1,52631,DEF_CONTAMINATION,REJECTED,INSP-119
QC-0003449,GR-0003449,MAT-00387,SUP-0076,2026-01-28,16,0,0,,ACCEPTED,INSP-116
QC-0003450,GR-0003450,MAT-01075,SUP-0076,2026-01-27,87,8,91954,DEF_PACKAGING,REJECTED,INSP-102
QC-0003451,GR-0003451,MAT-00567,SUP-0025,2025-12-21,365,19,52054,DEF_CONTAMINATION,REJECTED,INSP-104
QC-0003452,GR-0003452,MAT-00563,SUP-0037,2025-07-18,10,1,100000,DEF_PACKAGING,REJECTED,INSP-119
QC-0003453,GR-0003453,MAT-00528,SUP-0037,2025-07-22,16,0,0,,ACCEPTED,INSP-122
QC-0003454,GR-0003454,MAT-00644,SUP-0037,2025-07-23,10,0,0,,ACCEPTED,INSP-112
QC-0003455,GR-0003455,MAT-00290,SUP-0074,2025-08-22,210,12,57142,DEF_DIMENSIONAL,REJECTED,INSP-106
QC-0003456,GR-0003456,MAT-01191,SUP-0074,2025-08-28,102,14,137254,DEF_ELECTRICAL,REJECTED,INSP-116
QC-0003457,GR-0003457,MAT-00414,SUP-0074,2025-08-29,684,48,70175,DEF_SURFACE,REJECTED,INSP-107
QC-0003458,GR-0003458,MAT-00809,SUP-0019,2025-03-30,369,37,100271,DEF_ELECTRICAL,REJECTED,INSP-120
QC-0003459,GR-0003459,MAT-00808,SUP-0039,2026-03-09,360,44,122222,DEF_DIMENSIONAL,REJECTED,INSP-118
QC-0003460,GR-0003460,MAT-00995,SUP-0039,2026-03-16,267,31,116104,DEF_DIMENSIONAL,REJECTED,INSP-114
QC-0003461,GR-0003461,MAT-01169,SUP-0039,2026-03-15,52,6,115384,DEF_SURFACE,REJECTED,INSP-120
QC-0003462,GR-0003462,MAT-00143,SUP-0099,2025-06-21,10,0,0,,ACCEPTED,INSP-108
QC-0003463,GR-0003463,MAT-00990,SUP-0099,2025-06-18,15,0,0,,ACCEPTED,INSP-110
QC-0003464,GR-0003464,MAT-00226,SUP-0072,2025-11-13,12,4,333333,DEF_CONTAMINATION,REJECTED,INSP-116
QC-0003465,GR-0003465,MAT-00946,SUP-0072,2025-10-07,43,15,348837,DEF_METALLURGY,REJECTED,INSP-110
QC-0003466,GR-0003466,MAT-00962,SUP-0072,2025-09-21,13,2,153846,DEF_METALLURGY,REJECTED,INSP-119
QC-0003467,GR-0003467,MAT-00403,SUP-0072,2025-09-20,186,48,258064,DEF_PACKAGING,REJECTED,INSP-118
QC-0003468,GR-0003468,MAT-00045,SUP-0080,2026-04-02,342,25,73099,DEF_PACKAGING,REJECTED,INSP-125
QC-0003469,GR-0003469,MAT-00700,SUP-0091,2025-10-30,140,6,42857,DEF_PACKAGING,REJECTED,INSP-119
QC-0003470,GR-0003470,MAT-00840,SUP-0091,2025-10-30,16,2,125000,DEF_PACKAGING,REJECTED,INSP-123
QC-0003471,GR-0003471,MAT-00958,SUP-0116,2025-04-22,409,19,46454,DEF_PACKAGING,REJECTED,INSP-125
QC-0003472,GR-0003472,MAT-00964,SUP-0102,2025-04-26,56,5,89285,DEF_DIMENSIONAL,REJECTED,INSP-115
QC-0003473,GR-0003473,MAT-00246,SUP-0102,2025-04-22,357,17,47619,DEF_ELECTRICAL,REJECTED,INSP-110
QC-0003474,GR-0003474,MAT-00374,SUP-0102,2025-04-25,10,2,200000,DEF_DIMENSIONAL,REJECTED,INSP-116
QC-0003475,GR-0003475,MAT-00818,SUP-0119,2025-12-31,111,7,63063,DEF_ELECTRICAL,REJECTED,INSP-105
QC-0003476,GR-0003476,MAT-00425,SUP-0003,2025-04-08,10,2,200000,DEF_METALLURGY,REJECTED,INSP-108
QC-0003477,GR-0003477,MAT-01035,SUP-0042,2025-12-31,263,14,53231,DEF_DIMENSIONAL,REJECTED,INSP-121
QC-0003478,GR-0003478,MAT-00829,SUP-0042,2026-01-02,657,47,71537,DEF_ELECTRICAL,REJECTED,INSP-111
QC-0003479,GR-0003479,MAT-00745,SUP-0102,2025-03-10,11,0,0,,ACCEPTED,INSP-111
QC-0003480,GR-0003480,MAT-00932,SUP-0087,2026-02-20,161,3,18633,DEF_SURFACE,CONCESSION,INSP-102
QC-0003481,GR-0003481,MAT-00402,SUP-0087,2026-02-17,158,2,12658,DEF_METALLURGY,CONCESSION,INSP-115
QC-0003482,GR-0003482,MAT-00467,SUP-0029,2025-10-13,334,40,119760,DEF_METALLURGY,REJECTED,INSP-116
QC-0003483,GR-0003483,MAT-00584,SUP-0017,2025-05-23,43,12,279069,DEF_DIMENSIONAL,REJECTED,INSP-122
QC-0003484,GR-0003484,MAT-01053,SUP-0017,2025-05-29,10,3,300000,DEF_PACKAGING,REJECTED,INSP-116
QC-0003485,GR-0003485,MAT-00021,SUP-0120,2025-12-25,48,4,83333,DEF_SURFACE,REJECTED,INSP-105
QC-0003486,GR-0003486,MAT-00502,SUP-0120,2025-12-24,31,1,32258,DEF_DIMENSIONAL,CONCESSION,INSP-121
QC-0003487,GR-0003487,MAT-00799,SUP-0058,2025-10-31,111,6,54054,DEF_PACKAGING,REJECTED,INSP-125
QC-0003488,GR-0003488,MAT-00741,SUP-0055,2025-09-06,34,0,0,,ACCEPTED,INSP-113
QC-0003489,GR-0003489,MAT-00824,SUP-0055,2025-09-06,10,1,100000,DEF_SURFACE,REJECTED,INSP-123
QC-0003490,GR-0003490,MAT-00449,SUP-0048,2026-02-08,36,7,194444,DEF_SURFACE,REJECTED,INSP-117
QC-0003491,GR-0003491,MAT-00053,SUP-0103,2025-11-09,18,3,166666,DEF_PACKAGING,REJECTED,INSP-124
QC-0003492,GR-0003492,MAT-00192,SUP-0103,2025-11-12,484,69,142561,DEF_CONTAMINATION,REJECTED,INSP-109
QC-0003493,GR-0003493,MAT-00669,SUP-0038,2025-12-08,548,18,32846,DEF_METALLURGY,CONCESSION,INSP-113
QC-0003494,GR-0003494,MAT-01089,SUP-0086,2025-04-16,10,0,0,,ACCEPTED,INSP-120
QC-0003495,GR-0003495,MAT-01060,SUP-0086,2025-04-17,56,0,0,,ACCEPTED,INSP-108
QC-0003496,GR-0003496,MAT-00114,SUP-0048,2025-11-12,10,1,100000,DEF_SURFACE,REJECTED,INSP-124
QC-0003497,GR-0003497,MAT-00115,SUP-0094,2026-02-28,140,1,7142,DEF_METALLURGY,CONCESSION,INSP-104
QC-0003498,GR-0003498,MAT-01058,SUP-0094,2026-03-02,91,0,0,,ACCEPTED,INSP-115
QC-0003499,GR-0003499,MAT-00995,SUP-0065,2026-03-13,598,62,103678,DEF_ELECTRICAL,REJECTED,INSP-101
QC-0003500,GR-0003500,MAT-00555,SUP-0015,2025-10-04,10,3,300000,DEF_DIMENSIONAL,REJECTED,INSP-123
QC-0003501,GR-0003501,MAT-00174,SUP-0015,2025-10-09,235,50,212765,DEF_METALLURGY,REJECTED,INSP-115
QC-0003502,GR-0003502,MAT-00996,SUP-0015,2025-10-29,237,59,248945,DEF_DIMENSIONAL,REJECTED,INSP-118
QC-0003503,GR-0003503,MAT-00385,SUP-0019,2025-08-19,12,1,83333,DEF_PACKAGING,REJECTED,INSP-101
QC-0003504,GR-0003504,MAT-00202,SUP-0019,2025-08-19,452,38,84070,DEF_CONTAMINATION,REJECTED,INSP-122
QC-0003505,GR-0003505,MAT-00379,SUP-0019,2025-08-18,672,67,99702,DEF_METALLURGY,REJECTED,INSP-112
QC-0003506,GR-0003506,MAT-00748,SUP-0021,2026-03-14,51,3,58823,DEF_DIMENSIONAL,REJECTED,INSP-119
QC-0003507,GR-0003507,MAT-00163,SUP-0021,2026-03-16,17,3,176470,DEF_ELECTRICAL,REJECTED,INSP-106
QC-0003508,GR-0003508,MAT-00694,SUP-0085,2026-04-15,24,0,0,,ACCEPTED,INSP-115
QC-0003509,GR-0003509,MAT-00673,SUP-0019,2025-06-06,52,4,76923,DEF_DIMENSIONAL,REJECTED,INSP-115
QC-0003510,GR-0003510,MAT-00694,SUP-0085,2025-10-31,29,2,68965,DEF_PACKAGING,REJECTED,INSP-124
QC-0003511,GR-0003511,MAT-00667,SUP-0014,2025-11-13,57,18,315789,DEF_SURFACE,REJECTED,INSP-118
QC-0003512,GR-0003512,MAT-00085,SUP-0083,2026-04-08,19,0,0,,ACCEPTED,INSP-110
QC-0003513,GR-0003513,MAT-00740,SUP-0083,2026-04-07,89,1,11235,DEF_DIMENSIONAL,CONCESSION,INSP-102
QC-0003514,GR-0003514,MAT-00722,SUP-0083,2026-04-09,25,2,80000,DEF_METALLURGY,REJECTED,INSP-115
QC-0003515,GR-0003515,MAT-00431,SUP-0096,2025-05-29,187,13,69518,DEF_DIMENSIONAL,REJECTED,INSP-106
QC-0003516,GR-0003516,MAT-00275,SUP-0075,2025-08-19,41,2,48780,DEF_PACKAGING,REJECTED,INSP-109
QC-0003517,GR-0003517,MAT-00926,SUP-0090,2026-02-17,25,2,80000,DEF_CONTAMINATION,REJECTED,INSP-114
QC-0003518,GR-0003518,MAT-00582,SUP-0090,2026-02-20,33,2,60606,DEF_ELECTRICAL,REJECTED,INSP-117
QC-0003519,GR-0003519,MAT-00241,SUP-0017,2025-06-08,16,3,187500,DEF_PACKAGING,REJECTED,INSP-117
QC-0003520,GR-0003520,MAT-00509,SUP-0107,2025-11-25,93,6,64516,DEF_PACKAGING,REJECTED,INSP-103
QC-0003521,GR-0003521,MAT-00584,SUP-0017,2025-12-16,64,19,296875,DEF_SURFACE,REJECTED,INSP-116
QC-0003522,GR-0003522,MAT-01166,SUP-0019,2025-10-01,562,53,94306,DEF_ELECTRICAL,REJECTED,INSP-121
QC-0003523,GR-0003523,MAT-00217,SUP-0019,2025-10-02,10,0,0,,ACCEPTED,INSP-125
QC-0003524,GR-0003524,MAT-00272,SUP-0019,2025-09-29,10,0,0,,ACCEPTED,INSP-114
QC-0003525,GR-0003525,MAT-01155,SUP-0096,2025-10-23,24,0,0,,ACCEPTED,INSP-108
QC-0003526,GR-0003526,MAT-00746,SUP-0093,2026-01-10,307,69,224755,DEF_SURFACE,REJECTED,INSP-118
QC-0003527,GR-0003527,MAT-00883,SUP-0093,2026-01-22,418,83,198564,DEF_METALLURGY,REJECTED,INSP-108
QC-0003528,GR-0003528,MAT-00043,SUP-0093,2026-01-12,198,45,227272,DEF_PACKAGING,REJECTED,INSP-102
QC-0003529,GR-0003529,MAT-00254,SUP-0009,2025-09-07,31,6,193548,DEF_METALLURGY,REJECTED,INSP-110
QC-0003530,GR-0003530,MAT-00405,SUP-0009,2025-08-29,158,25,158227,DEF_DIMENSIONAL,REJECTED,INSP-124
QC-0003531,GR-0003531,MAT-00580,SUP-0105,2025-12-16,211,4,18957,DEF_METALLURGY,CONCESSION,INSP-109
QC-0003532,GR-0003532,MAT-00102,SUP-0038,2026-03-01,483,22,45548,DEF_PACKAGING,REJECTED,INSP-112
QC-0003533,GR-0003533,MAT-00594,SUP-0008,2026-02-28,64,5,78125,DEF_SURFACE,REJECTED,INSP-102
QC-0003534,GR-0003534,MAT-00892,SUP-0099,2025-07-02,36,0,0,,ACCEPTED,INSP-111
QC-0003535,GR-0003535,MAT-00440,SUP-0099,2025-07-02,10,0,0,,ACCEPTED,INSP-120
QC-0003536,GR-0003536,MAT-00991,SUP-0106,2025-07-26,10,0,0,,ACCEPTED,INSP-112
QC-0003537,GR-0003537,MAT-00730,SUP-0106,2025-07-27,302,13,43046,DEF_SURFACE,REJECTED,INSP-121
QC-0003538,GR-0003538,MAT-00618,SUP-0037,2025-09-07,10,1,100000,DEF_CONTAMINATION,REJECTED,INSP-121
QC-0003539,GR-0003539,MAT-00412,SUP-0037,2025-09-05,49,1,20408,DEF_DIMENSIONAL,CONCESSION,INSP-118
QC-0003540,GR-0003540,MAT-00182,SUP-0115,2025-10-20,60,10,166666,DEF_METALLURGY,REJECTED,INSP-105
QC-0003541,GR-0003541,MAT-00192,SUP-0115,2025-10-21,525,64,121904,DEF_SURFACE,REJECTED,INSP-114
QC-0003542,GR-0003542,MAT-01186,SUP-0012,2025-10-19,68,8,117647,DEF_METALLURGY,REJECTED,INSP-101
QC-0003543,GR-0003543,MAT-00497,SUP-0012,2025-10-21,672,68,101190,DEF_SURFACE,REJECTED,INSP-102
QC-0003544,GR-0003544,MAT-00861,SUP-0030,2026-02-03,101,10,99009,DEF_SURFACE,REJECTED,INSP-121
QC-0003545,GR-0003545,MAT-00755,SUP-0119,2025-05-15,37,4,108108,DEF_METALLURGY,REJECTED,INSP-114
QC-0003546,GR-0003546,MAT-00420,SUP-0006,2025-03-31,42,1,23809,DEF_SURFACE,CONCESSION,INSP-124
QC-0003547,GR-0003547,MAT-00088,SUP-0040,2026-01-23,475,56,117894,DEF_METALLURGY,REJECTED,INSP-113
QC-0003548,GR-0003548,MAT-00917,SUP-0040,2026-01-26,49,8,163265,DEF_ELECTRICAL,REJECTED,INSP-121
QC-0003549,GR-0003549,MAT-00129,SUP-0040,2026-01-20,12,3,250000,DEF_PACKAGING,REJECTED,INSP-118
QC-0003550,GR-0003550,MAT-00845,SUP-0026,2026-01-21,78,4,51282,DEF_DIMENSIONAL,REJECTED,INSP-123
QC-0003551,GR-0003551,MAT-00277,SUP-0026,2026-01-23,296,12,40540,DEF_SURFACE,REJECTED,INSP-104
QC-0003552,GR-0003552,MAT-01114,SUP-0036,2025-08-24,16,0,0,,ACCEPTED,INSP-101
QC-0003553,GR-0003553,MAT-00829,SUP-0080,2026-04-14,639,58,90766,DEF_DIMENSIONAL,REJECTED,INSP-118
QC-0003554,GR-0003554,MAT-00629,SUP-0007,2026-04-06,10,0,0,,ACCEPTED,INSP-120
QC-0003555,GR-0003555,MAT-00341,SUP-0007,2026-04-07,303,26,85808,DEF_METALLURGY,REJECTED,INSP-112
QC-0003556,GR-0003556,MAT-00890,SUP-0007,2025-09-24,34,4,117647,DEF_METALLURGY,REJECTED,INSP-103
QC-0003557,GR-0003557,MAT-00191,SUP-0007,2025-09-23,27,2,74074,DEF_ELECTRICAL,REJECTED,INSP-101
QC-0003558,GR-0003558,MAT-01126,SUP-0066,2025-08-18,515,48,93203,DEF_METALLURGY,REJECTED,INSP-104
QC-0003559,GR-0003559,MAT-00346,SUP-0114,2025-11-01,33,2,60606,DEF_DIMENSIONAL,REJECTED,INSP-117
QC-0003560,GR-0003560,MAT-00527,SUP-0114,2025-10-31,95,4,42105,DEF_ELECTRICAL,REJECTED,INSP-102
QC-0003561,GR-0003561,MAT-00445,SUP-0104,2025-09-05,15,3,200000,DEF_CONTAMINATION,REJECTED,INSP-103
QC-0003562,GR-0003562,MAT-00827,SUP-0062,2026-01-31,714,55,77030,DEF_CONTAMINATION,REJECTED,INSP-118
QC-0003563,GR-0003563,MAT-00776,SUP-0004,2026-03-20,95,10,105263,DEF_SURFACE,REJECTED,INSP-123
QC-0003564,GR-0003564,MAT-00857,SUP-0004,2026-03-19,275,32,116363,DEF_PACKAGING,REJECTED,INSP-108
QC-0003565,GR-0003565,MAT-01064,SUP-0004,2026-03-23,18,2,111111,DEF_SURFACE,REJECTED,INSP-109
QC-0003566,GR-0003566,MAT-00250,SUP-0004,2026-03-19,136,18,132352,DEF_ELECTRICAL,REJECTED,INSP-105
QC-0003567,GR-0003567,MAT-01102,SUP-0087,2026-01-12,29,0,0,,ACCEPTED,INSP-125
QC-0003568,GR-0003568,MAT-00280,SUP-0087,2026-01-11,309,7,22653,DEF_METALLURGY,CONCESSION,INSP-122
QC-0003569,GR-0003569,MAT-01148,SUP-0048,2026-03-16,455,31,68131,DEF_CONTAMINATION,REJECTED,INSP-117
QC-0003570,GR-0003570,MAT-00472,SUP-0075,2025-10-28,303,23,75907,DEF_DIMENSIONAL,REJECTED,INSP-124
QC-0003571,GR-0003571,MAT-00418,SUP-0039,2025-07-20,18,1,55555,DEF_SURFACE,REJECTED,INSP-116
QC-0003572,GR-0003572,MAT-00670,SUP-0039,2025-07-25,447,49,109619,DEF_METALLURGY,REJECTED,INSP-114
QC-0003573,GR-0003573,MAT-00501,SUP-0090,2026-02-06,38,2,52631,DEF_DIMENSIONAL,REJECTED,INSP-116
QC-0003574,GR-0003574,MAT-00667,SUP-0014,2025-11-29,62,18,290322,DEF_DIMENSIONAL,REJECTED,INSP-123
QC-0003575,GR-0003575,MAT-00762,SUP-0014,2025-11-25,16,1,62500,DEF_DIMENSIONAL,REJECTED,INSP-114
QC-0003576,GR-0003576,MAT-00943,SUP-0043,2026-01-15,47,0,0,,ACCEPTED,INSP-111
QC-0003577,GR-0003577,MAT-00270,SUP-0059,2025-10-21,10,1,100000,DEF_ELECTRICAL,REJECTED,INSP-106
QC-0003578,GR-0003578,MAT-00541,SUP-0107,2025-05-29,87,7,80459,DEF_METALLURGY,REJECTED,INSP-104
QC-0003579,GR-0003579,MAT-01045,SUP-0093,2025-08-10,16,3,187500,DEF_ELECTRICAL,REJECTED,INSP-103
QC-0003580,GR-0003580,MAT-00282,SUP-0093,2025-08-13,90,19,211111,DEF_METALLURGY,REJECTED,INSP-113
QC-0003581,GR-0003581,MAT-01121,SUP-0068,2026-02-21,74,2,27027,DEF_ELECTRICAL,CONCESSION,INSP-111
QC-0003582,GR-0003582,MAT-00381,SUP-0068,2026-02-21,649,12,18489,DEF_SURFACE,CONCESSION,INSP-101
QC-0003583,GR-0003583,MAT-01153,SUP-0090,2026-01-23,110,11,100000,DEF_DIMENSIONAL,REJECTED,INSP-123
QC-0003584,GR-0003584,MAT-01004,SUP-0090,2026-01-19,138,7,50724,DEF_ELECTRICAL,REJECTED,INSP-109
QC-0003585,GR-0003585,MAT-00098,SUP-0090,2026-01-19,61,7,114754,DEF_CONTAMINATION,REJECTED,INSP-104
QC-0003586,GR-0003586,MAT-00264,SUP-0090,2026-01-16,13,0,0,,ACCEPTED,INSP-110
QC-0003587,GR-0003587,MAT-01123,SUP-0112,2025-12-13,14,1,71428,DEF_ELECTRICAL,REJECTED,INSP-108
QC-0003588,GR-0003588,MAT-01036,SUP-0112,2025-12-12,519,18,34682,DEF_DIMENSIONAL,CONCESSION,INSP-120
QC-0003589,GR-0003589,MAT-00159,SUP-0112,2025-12-12,14,0,0,,ACCEPTED,INSP-124
QC-0003590,GR-0003590,MAT-01006,SUP-0006,2026-03-13,10,0,0,,ACCEPTED,INSP-116
QC-0003591,GR-0003591,MAT-00548,SUP-0012,2025-09-18,162,15,92592,DEF_PACKAGING,REJECTED,INSP-108
QC-0003592,GR-0003592,MAT-00606,SUP-0012,2025-09-10,124,11,88709,DEF_SURFACE,REJECTED,INSP-121
QC-0003593,GR-0003593,MAT-00833,SUP-0030,2025-11-29,10,1,100000,DEF_METALLURGY,REJECTED,INSP-108
QC-0003594,GR-0003594,MAT-00370,SUP-0104,2026-01-23,32,1,31250,DEF_CONTAMINATION,CONCESSION,INSP-115
QC-0003595,GR-0003595,MAT-00649,SUP-0055,2025-10-21,263,7,26615,DEF_PACKAGING,CONCESSION,INSP-118
QC-0003596,GR-0003596,MAT-00982,SUP-0055,2025-10-26,588,12,20408,DEF_ELECTRICAL,CONCESSION,INSP-107
QC-0003597,GR-0003597,MAT-00751,SUP-0055,2025-10-24,55,0,0,,ACCEPTED,INSP-105
QC-0003598,GR-0003598,MAT-00083,SUP-0086,2025-10-24,68,0,0,,ACCEPTED,INSP-125
QC-0003599,GR-0003599,MAT-00287,SUP-0086,2025-10-25,10,0,0,,ACCEPTED,INSP-107
QC-0003600,GR-0003600,MAT-01126,SUP-0066,2025-10-06,643,74,115085,DEF_ELECTRICAL,REJECTED,INSP-117
QC-0003601,GR-0003601,MAT-00226,SUP-0066,2025-10-04,15,0,0,,ACCEPTED,INSP-103
QC-0003602,GR-0003602,MAT-00916,SUP-0066,2025-10-01,29,6,206896,DEF_DIMENSIONAL,REJECTED,INSP-112
QC-0003603,GR-0003603,MAT-00318,SUP-0014,2026-02-11,415,95,228915,DEF_ELECTRICAL,REJECTED,INSP-105
QC-0003604,GR-0003604,MAT-00510,SUP-0014,2026-01-29,62,8,129032,DEF_PACKAGING,REJECTED,INSP-120
QC-0003605,GR-0003605,MAT-00368,SUP-0068,2026-03-19,175,4,22857,DEF_DIMENSIONAL,CONCESSION,INSP-125
QC-0003606,GR-0003606,MAT-00454,SUP-0095,2025-08-03,363,6,16528,DEF_DIMENSIONAL,CONCESSION,INSP-107
QC-0003607,GR-0003607,MAT-00295,SUP-0109,2026-03-03,52,0,0,,ACCEPTED,INSP-103
QC-0003608,GR-0003608,MAT-00895,SUP-0084,2025-12-18,213,9,42253,DEF_PACKAGING,REJECTED,INSP-101
QC-0003609,GR-0003609,MAT-00156,SUP-0012,2026-02-12,32,2,62500,DEF_DIMENSIONAL,REJECTED,INSP-104
QC-0003610,GR-0003610,MAT-01177,SUP-0031,2026-04-24,15,2,133333,DEF_SURFACE,REJECTED,INSP-103
QC-0003611,GR-0003611,MAT-00578,SUP-0031,2026-04-16,590,131,222033,DEF_CONTAMINATION,REJECTED,INSP-104
QC-0003612,GR-0003612,MAT-00655,SUP-0031,2026-04-17,316,73,231012,DEF_METALLURGY,REJECTED,INSP-101
QC-0003613,GR-0003613,MAT-00858,SUP-0035,2025-05-18,498,98,196787,DEF_DIMENSIONAL,REJECTED,INSP-102
QC-0003614,GR-0003614,MAT-00386,SUP-0035,2025-05-24,118,21,177966,DEF_SURFACE,REJECTED,INSP-124
QC-0003615,GR-0003615,MAT-00222,SUP-0035,2025-05-31,57,6,105263,DEF_CONTAMINATION,REJECTED,INSP-116
QC-0003616,GR-0003616,MAT-00466,SUP-0069,2026-04-02,30,0,0,,ACCEPTED,INSP-114
QC-0003617,GR-0003617,MAT-00624,SUP-0009,2025-10-19,11,2,181818,DEF_PACKAGING,REJECTED,INSP-116
QC-0003618,GR-0003618,MAT-00648,SUP-0033,2025-08-04,384,33,85937,DEF_DIMENSIONAL,REJECTED,INSP-107
QC-0003619,GR-0003619,MAT-00647,SUP-0084,2025-09-08,57,2,35087,DEF_SURFACE,CONCESSION,INSP-104
QC-0003620,GR-0003620,MAT-00109,SUP-0051,2026-03-26,15,0,0,,ACCEPTED,INSP-108
QC-0003621,GR-0003621,MAT-00924,SUP-0051,2026-03-27,707,37,52333,DEF_SURFACE,REJECTED,INSP-123
QC-0003622,GR-0003622,MAT-00068,SUP-0073,2025-06-20,182,16,87912,DEF_PACKAGING,REJECTED,INSP-108
QC-0003623,GR-0003623,MAT-00553,SUP-0084,2025-06-27,142,9,63380,DEF_CONTAMINATION,REJECTED,INSP-110
QC-0003624,GR-0003624,MAT-01105,SUP-0097,2026-01-30,128,7,54687,DEF_PACKAGING,REJECTED,INSP-111
QC-0003625,GR-0003625,MAT-01153,SUP-0090,2025-10-06,92,5,54347,DEF_CONTAMINATION,REJECTED,INSP-103
QC-0003626,GR-0003626,MAT-00711,SUP-0096,2026-01-06,478,35,73221,DEF_DIMENSIONAL,REJECTED,INSP-111
QC-0003627,GR-0003627,MAT-00507,SUP-0096,2026-01-15,580,43,74137,DEF_ELECTRICAL,REJECTED,INSP-117
QC-0003628,GR-0003628,MAT-00058,SUP-0062,2026-01-14,290,29,100000,DEF_CONTAMINATION,REJECTED,INSP-109
QC-0003629,GR-0003629,MAT-00755,SUP-0119,2025-12-28,74,7,94594,DEF_SURFACE,REJECTED,INSP-123
QC-0003630,GR-0003630,MAT-00756,SUP-0119,2026-01-06,76,6,78947,DEF_CONTAMINATION,REJECTED,INSP-119
QC-0003631,GR-0003631,MAT-00535,SUP-0119,2026-01-01,96,10,104166,DEF_DIMENSIONAL,REJECTED,INSP-118
QC-0003632,GR-0003632,MAT-00026,SUP-0001,2025-12-15,582,174,298969,DEF_DIMENSIONAL,REJECTED,INSP-111
QC-0003633,GR-0003633,MAT-00922,SUP-0001,2025-12-21,10,2,200000,DEF_PACKAGING,REJECTED,INSP-120
QC-0003634,GR-0003634,MAT-00328,SUP-0077,2025-09-08,64,6,93750,DEF_PACKAGING,REJECTED,INSP-120
QC-0003635,GR-0003635,MAT-00785,SUP-0077,2025-09-05,31,3,96774,DEF_METALLURGY,REJECTED,INSP-121
QC-0003636,GR-0003636,MAT-00133,SUP-0077,2025-09-14,22,3,136363,DEF_SURFACE,REJECTED,INSP-109
QC-0003637,GR-0003637,MAT-00894,SUP-0077,2025-09-04,457,36,78774,DEF_PACKAGING,REJECTED,INSP-105
QC-0003638,GR-0003638,MAT-01171,SUP-0067,2025-08-17,673,83,123328,DEF_DIMENSIONAL,REJECTED,INSP-110
QC-0003639,GR-0003639,MAT-00279,SUP-0052,2026-02-07,17,0,0,,ACCEPTED,INSP-109
QC-0003640,GR-0003640,MAT-01073,SUP-0095,2025-08-17,55,4,72727,DEF_ELECTRICAL,REJECTED,INSP-105
QC-0003641,GR-0003641,MAT-00174,SUP-0095,2025-08-18,141,8,56737,DEF_PACKAGING,REJECTED,INSP-104
QC-0003642,GR-0003642,MAT-00951,SUP-0095,2025-08-20,49,1,20408,DEF_PACKAGING,CONCESSION,INSP-115
QC-0003643,GR-0003643,MAT-00790,SUP-0011,2026-01-01,538,34,63197,DEF_SURFACE,REJECTED,INSP-123
QC-0003644,GR-0003644,MAT-00822,SUP-0043,2026-02-16,10,2,200000,DEF_ELECTRICAL,REJECTED,INSP-116
QC-0003645,GR-0003645,MAT-00652,SUP-0024,2025-08-19,10,2,200000,DEF_ELECTRICAL,REJECTED,INSP-118
QC-0003646,GR-0003646,MAT-00343,SUP-0024,2025-08-22,239,26,108786,DEF_PACKAGING,REJECTED,INSP-120
QC-0003647,GR-0003647,MAT-00726,SUP-0110,2025-05-05,176,11,62500,DEF_PACKAGING,REJECTED,INSP-123
QC-0003648,GR-0003648,MAT-01166,SUP-0019,2025-06-26,515,38,73786,DEF_CONTAMINATION,REJECTED,INSP-108
QC-0003649,GR-0003649,MAT-00721,SUP-0019,2025-06-28,88,10,113636,DEF_SURFACE,REJECTED,INSP-104
QC-0003650,GR-0003650,MAT-01016,SUP-0052,2026-01-10,16,1,62500,DEF_PACKAGING,REJECTED,INSP-115
QC-0003651,GR-0003651,MAT-01076,SUP-0052,2026-01-04,39,4,102564,DEF_PACKAGING,REJECTED,INSP-104
QC-0003652,GR-0003652,MAT-00969,SUP-0089,2026-03-15,294,32,108843,DEF_PACKAGING,REJECTED,INSP-112
QC-0003653,GR-0003653,MAT-01004,SUP-0089,2026-03-20,146,10,68493,DEF_PACKAGING,REJECTED,INSP-109
QC-0003654,GR-0003654,MAT-00537,SUP-0043,2025-04-27,284,24,84507,DEF_ELECTRICAL,REJECTED,INSP-108
QC-0003655,GR-0003655,MAT-00683,SUP-0043,2025-04-26,554,41,74007,DEF_METALLURGY,REJECTED,INSP-118
QC-0003656,GR-0003656,MAT-00629,SUP-0007,2026-02-08,12,1,83333,DEF_CONTAMINATION,REJECTED,INSP-123
QC-0003657,GR-0003657,MAT-00255,SUP-0007,2026-02-04,128,13,101562,DEF_CONTAMINATION,REJECTED,INSP-120
QC-0003658,GR-0003658,MAT-00297,SUP-0033,2025-10-04,188,18,95744,DEF_PACKAGING,REJECTED,INSP-123
QC-0003659,GR-0003659,MAT-00521,SUP-0001,2026-01-23,54,12,222222,DEF_CONTAMINATION,REJECTED,INSP-111
QC-0003660,GR-0003660,MAT-00183,SUP-0001,2026-01-01,491,126,256619,DEF_PACKAGING,REJECTED,INSP-116
QC-0003661,GR-0003661,MAT-01199,SUP-0001,2025-12-28,117,29,247863,DEF_METALLURGY,REJECTED,INSP-123
QC-0003662,GR-0003662,MAT-01137,SUP-0112,2025-09-24,11,0,0,,ACCEPTED,INSP-105
QC-0003663,GR-0003663,MAT-01056,SUP-0112,2025-09-22,15,0,0,,ACCEPTED,INSP-105
QC-0003664,GR-0003664,MAT-00978,SUP-0101,2025-11-25,10,1,100000,DEF_METALLURGY,REJECTED,INSP-116
QC-0003665,GR-0003665,MAT-00352,SUP-0101,2025-11-27,10,1,100000,DEF_METALLURGY,REJECTED,INSP-112
QC-0003666,GR-0003666,MAT-00567,SUP-0101,2025-11-24,307,46,149837,DEF_CONTAMINATION,REJECTED,INSP-121
QC-0003667,GR-0003667,MAT-01006,SUP-0006,2025-03-09,24,1,41666,DEF_SURFACE,REJECTED,INSP-102
QC-0003668,GR-0003668,MAT-00826,SUP-0016,2025-06-10,288,20,69444,DEF_DIMENSIONAL,REJECTED,INSP-124
QC-0003669,GR-0003669,MAT-00339,SUP-0103,2025-09-25,26,2,76923,DEF_SURFACE,REJECTED,INSP-114
QC-0003670,GR-0003670,MAT-01046,SUP-0003,2025-04-07,74,4,54054,DEF_PACKAGING,REJECTED,INSP-124
QC-0003671,GR-0003671,MAT-00568,SUP-0114,2026-01-14,45,5,111111,DEF_DIMENSIONAL,REJECTED,INSP-118
QC-0003672,GR-0003672,MAT-00667,SUP-0114,2026-01-10,72,5,69444,DEF_ELECTRICAL,REJECTED,INSP-108
QC-0003673,GR-0003673,MAT-01014,SUP-0055,2025-10-30,698,15,21489,DEF_METALLURGY,CONCESSION,INSP-125
QC-0003674,GR-0003674,MAT-00617,SUP-0082,2026-02-09,14,3,214285,DEF_PACKAGING,REJECTED,INSP-106
QC-0003675,GR-0003675,MAT-00157,SUP-0107,2025-07-23,20,1,50000,DEF_CONTAMINATION,REJECTED,INSP-114
QC-0003676,GR-0003676,MAT-00941,SUP-0045,2025-09-09,58,4,68965,DEF_DIMENSIONAL,REJECTED,INSP-106
QC-0003677,GR-0003677,MAT-00386,SUP-0069,2026-01-15,200,3,15000,DEF_PACKAGING,CONCESSION,INSP-109
QC-0003678,GR-0003678,MAT-00944,SUP-0091,2025-04-26,151,3,19867,DEF_ELECTRICAL,CONCESSION,INSP-124
QC-0003679,GR-0003679,MAT-00971,SUP-0089,2025-12-17,172,22,127906,DEF_SURFACE,REJECTED,INSP-121
QC-0003680,GR-0003680,MAT-00003,SUP-0089,2025-12-17,10,2,200000,DEF_SURFACE,REJECTED,INSP-123
QC-0003681,GR-0003681,MAT-01075,SUP-0089,2025-12-27,314,17,54140,DEF_DIMENSIONAL,REJECTED,INSP-115
QC-0003682,GR-0003682,MAT-01035,SUP-0042,2025-12-21,329,20,60790,DEF_CONTAMINATION,REJECTED,INSP-113
QC-0003683,GR-0003683,MAT-01030,SUP-0046,2025-05-20,86,2,23255,DEF_CONTAMINATION,CONCESSION,INSP-121
QC-0003684,GR-0003684,MAT-00387,SUP-0046,2025-05-26,16,1,62500,DEF_SURFACE,REJECTED,INSP-116
QC-0003685,GR-0003685,MAT-00757,SUP-0056,2025-05-29,652,57,87423,DEF_ELECTRICAL,REJECTED,INSP-115
QC-0003686,GR-0003686,MAT-00587,SUP-0056,2025-05-29,32,2,62500,DEF_PACKAGING,REJECTED,INSP-119
QC-0003687,GR-0003687,MAT-00331,SUP-0056,2025-05-24,37,4,108108,DEF_CONTAMINATION,REJECTED,INSP-116
QC-0003688,GR-0003688,MAT-00619,SUP-0051,2026-01-04,10,0,0,,ACCEPTED,INSP-101
QC-0003689,GR-0003689,MAT-00365,SUP-0051,2026-01-01,363,22,60606,DEF_CONTAMINATION,REJECTED,INSP-105
QC-0003690,GR-0003690,MAT-00473,SUP-0051,2026-01-01,177,9,50847,DEF_SURFACE,REJECTED,INSP-112
QC-0003691,GR-0003691,MAT-00514,SUP-0051,2025-12-31,156,6,38461,DEF_METALLURGY,CONCESSION,INSP-112
QC-0003692,GR-0003692,MAT-00348,SUP-0075,2025-10-10,325,33,101538,DEF_ELECTRICAL,REJECTED,INSP-111
QC-0003693,GR-0003693,MAT-00171,SUP-0112,2026-04-13,18,1,55555,DEF_CONTAMINATION,REJECTED,INSP-111
QC-0003694,GR-0003694,MAT-00128,SUP-0073,2025-11-06,547,56,102376,DEF_CONTAMINATION,REJECTED,INSP-122
QC-0003695,GR-0003695,MAT-00855,SUP-0107,2025-07-02,18,2,111111,DEF_DIMENSIONAL,REJECTED,INSP-106
QC-0003696,GR-0003696,MAT-00106,SUP-0032,2026-02-09,11,0,0,,ACCEPTED,INSP-101
QC-0003697,GR-0003697,MAT-00532,SUP-0024,2025-09-10,256,18,70312,DEF_ELECTRICAL,REJECTED,INSP-122
QC-0003698,GR-0003698,MAT-00219,SUP-0054,2025-12-23,10,0,0,,ACCEPTED,INSP-108
QC-0003699,GR-0003699,MAT-00692,SUP-0012,2026-01-22,127,20,157480,DEF_DIMENSIONAL,REJECTED,INSP-116
QC-0003700,GR-0003700,MAT-00891,SUP-0100,2026-02-15,460,20,43478,DEF_ELECTRICAL,REJECTED,INSP-107
QC-0003701,GR-0003701,MAT-00138,SUP-0100,2026-01-09,240,6,25000,DEF_PACKAGING,CONCESSION,INSP-107
QC-0003702,GR-0003702,MAT-00900,SUP-0100,2026-01-09,134,4,29850,DEF_SURFACE,CONCESSION,INSP-122
QC-0003703,GR-0003703,MAT-00203,SUP-0100,2026-01-09,54,2,37037,DEF_DIMENSIONAL,CONCESSION,INSP-116
QC-0003704,GR-0003704,MAT-00970,SUP-0048,2026-01-22,315,22,69841,DEF_ELECTRICAL,REJECTED,INSP-120
QC-0003705,GR-0003705,MAT-00554,SUP-0040,2025-09-24,100,6,60000,DEF_SURFACE,REJECTED,INSP-112
QC-0003706,GR-0003706,MAT-01052,SUP-0083,2025-02-20,49,0,0,,ACCEPTED,INSP-106
QC-0003707,GR-0003707,MAT-00583,SUP-0083,2025-02-18,662,34,51359,DEF_SURFACE,REJECTED,INSP-118
QC-0003708,GR-0003708,MAT-00845,SUP-0026,2025-09-23,61,3,49180,DEF_PACKAGING,REJECTED,INSP-105
QC-0003709,GR-0003709,MAT-00063,SUP-0068,2025-08-19,45,2,44444,DEF_SURFACE,REJECTED,INSP-118
QC-0003710,GR-0003710,MAT-01037,SUP-0049,2026-01-11,45,2,44444,DEF_DIMENSIONAL,REJECTED,INSP-124
QC-0003711,GR-0003711,MAT-01067,SUP-0049,2026-01-12,384,19,49479,DEF_DIMENSIONAL,REJECTED,INSP-113
QC-0003712,GR-0003712,MAT-00746,SUP-0049,2026-01-11,262,13,49618,DEF_PACKAGING,REJECTED,INSP-103
QC-0003713,GR-0003713,MAT-01114,SUP-0049,2026-01-11,10,1,100000,DEF_DIMENSIONAL,REJECTED,INSP-118
QC-0003714,GR-0003714,MAT-01111,SUP-0030,2026-01-24,112,9,80357,DEF_PACKAGING,REJECTED,INSP-108
QC-0003715,GR-0003715,MAT-00790,SUP-0030,2026-01-28,424,38,89622,DEF_PACKAGING,REJECTED,INSP-122
QC-0003716,GR-0003716,MAT-00670,SUP-0039,2026-01-06,533,59,110694,DEF_METALLURGY,REJECTED,INSP-111
QC-0003717,GR-0003717,MAT-00254,SUP-0009,2025-04-26,48,7,145833,DEF_SURFACE,REJECTED,INSP-109
QC-0003718,GR-0003718,MAT-00053,SUP-0009,2025-04-23,34,7,205882,DEF_CONTAMINATION,REJECTED,INSP-123
QC-0003719,GR-0003719,MAT-00202,SUP-0085,2026-01-18,280,8,28571,DEF_SURFACE,CONCESSION,INSP-118
QC-0003720,GR-0003720,MAT-00736,SUP-0085,2026-01-22,195,4,20512,DEF_SURFACE,CONCESSION,INSP-125
QC-0003721,GR-0003721,MAT-01093,SUP-0085,2026-01-18,61,3,49180,DEF_DIMENSIONAL,REJECTED,INSP-112
QC-0003722,GR-0003722,MAT-00483,SUP-0057,2025-09-25,73,3,41095,DEF_PACKAGING,REJECTED,INSP-115
QC-0003723,GR-0003723,MAT-00257,SUP-0057,2025-09-29,10,0,0,,ACCEPTED,INSP-109
QC-0003724,GR-0003724,MAT-00516,SUP-0057,2025-09-25,96,6,62500,DEF_METALLURGY,REJECTED,INSP-103
QC-0003725,GR-0003725,MAT-00805,SUP-0002,2026-01-16,24,3,125000,DEF_DIMENSIONAL,REJECTED,INSP-118
QC-0003726,GR-0003726,MAT-00286,SUP-0002,2026-01-12,337,31,91988,DEF_SURFACE,REJECTED,INSP-105
QC-0003727,GR-0003727,MAT-00519,SUP-0002,2026-01-18,10,1,100000,DEF_SURFACE,REJECTED,INSP-111
QC-0003728,GR-0003728,MAT-01100,SUP-0002,2026-01-17,44,5,113636,DEF_DIMENSIONAL,REJECTED,INSP-120
QC-0003729,GR-0003729,MAT-00081,SUP-0105,2025-12-17,22,0,0,,ACCEPTED,INSP-105
QC-0003730,GR-0003730,MAT-00406,SUP-0046,2025-10-18,10,0,0,,ACCEPTED,INSP-108
QC-0003731,GR-0003731,MAT-01105,SUP-0046,2025-10-14,142,4,28169,DEF_DIMENSIONAL,CONCESSION,INSP-122
QC-0003732,GR-0003732,MAT-01023,SUP-0046,2025-10-11,110,6,54545,DEF_METALLURGY,REJECTED,INSP-124
QC-0003733,GR-0003733,MAT-00275,SUP-0075,2025-07-15,62,5,80645,DEF_METALLURGY,REJECTED,INSP-124
QC-0003734,GR-0003734,MAT-00107,SUP-0111,2025-06-18,679,78,114874,DEF_SURFACE,REJECTED,INSP-118
QC-0003735,GR-0003735,MAT-00759,SUP-0111,2025-06-16,165,12,72727,DEF_PACKAGING,REJECTED,INSP-108
QC-0003736,GR-0003736,MAT-00039,SUP-0109,2026-03-05,36,0,0,,ACCEPTED,INSP-107
QC-0003737,GR-0003737,MAT-00706,SUP-0025,2026-04-06,10,0,0,,ACCEPTED,INSP-122
QC-0003738,GR-0003738,MAT-01090,SUP-0022,2026-01-04,15,1,66666,DEF_SURFACE,REJECTED,INSP-122
QC-0003739,GR-0003739,MAT-00480,SUP-0022,2026-01-04,24,2,83333,DEF_ELECTRICAL,REJECTED,INSP-124
QC-0003740,GR-0003740,MAT-00654,SUP-0022,2026-01-04,569,16,28119,DEF_ELECTRICAL,CONCESSION,INSP-118
QC-0003741,GR-0003741,MAT-00450,SUP-0091,2025-06-06,26,2,76923,DEF_METALLURGY,REJECTED,INSP-119
QC-0003742,GR-0003742,MAT-00781,SUP-0114,2025-10-23,270,43,159259,DEF_PACKAGING,REJECTED,INSP-123
QC-0003743,GR-0003743,MAT-01057,SUP-0059,2026-03-24,173,18,104046,DEF_METALLURGY,REJECTED,INSP-117
QC-0003744,GR-0003744,MAT-00370,SUP-0059,2026-03-20,50,4,80000,DEF_PACKAGING,REJECTED,INSP-101
QC-0003745,GR-0003745,MAT-00476,SUP-0082,2026-04-12,115,22,191304,DEF_PACKAGING,REJECTED,INSP-111
QC-0003746,GR-0003746,MAT-00753,SUP-0088,2025-06-21,21,0,0,,ACCEPTED,INSP-116
QC-0003747,GR-0003747,MAT-00384,SUP-0088,2025-06-18,55,0,0,,ACCEPTED,INSP-110
QC-0003748,GR-0003748,MAT-00392,SUP-0031,2025-03-10,46,6,130434,DEF_SURFACE,REJECTED,INSP-115
QC-0003749,GR-0003749,MAT-00015,SUP-0045,2026-01-20,58,2,34482,DEF_DIMENSIONAL,CONCESSION,INSP-114
QC-0003750,GR-0003750,MAT-01130,SUP-0028,2025-10-18,156,16,102564,DEF_ELECTRICAL,REJECTED,INSP-115
QC-0003751,GR-0003751,MAT-00819,SUP-0028,2025-10-17,60,6,100000,DEF_CONTAMINATION,REJECTED,INSP-102
QC-0003752,GR-0003752,MAT-00710,SUP-0096,2025-08-30,39,4,102564,DEF_SURFACE,REJECTED,INSP-117
QC-0003753,GR-0003753,MAT-00145,SUP-0096,2025-08-28,292,20,68493,DEF_DIMENSIONAL,REJECTED,INSP-109
QC-0003754,GR-0003754,MAT-00024,SUP-0019,2025-03-13,30,3,100000,DEF_PACKAGING,REJECTED,INSP-120
QC-0003755,GR-0003755,MAT-00573,SUP-0019,2025-03-13,306,29,94771,DEF_ELECTRICAL,REJECTED,INSP-121
QC-0003756,GR-0003756,MAT-00570,SUP-0020,2025-12-09,17,2,117647,DEF_CONTAMINATION,REJECTED,INSP-107
QC-0003757,GR-0003757,MAT-00402,SUP-0020,2025-12-08,160,14,87500,DEF_METALLURGY,REJECTED,INSP-115
QC-0003758,GR-0003758,MAT-00387,SUP-0076,2026-04-08,10,1,100000,DEF_PACKAGING,REJECTED,INSP-119
QC-0003759,GR-0003759,MAT-00204,SUP-0111,2026-01-03,27,3,111111,DEF_PACKAGING,REJECTED,INSP-101
QC-0003760,GR-0003760,MAT-00879,SUP-0119,2025-12-18,77,14,181818,DEF_CONTAMINATION,REJECTED,INSP-102
QC-0003761,GR-0003761,MAT-00687,SUP-0119,2025-12-17,295,25,84745,DEF_DIMENSIONAL,REJECTED,INSP-107
QC-0003762,GR-0003762,MAT-00516,SUP-0044,2025-07-08,173,25,144508,DEF_CONTAMINATION,REJECTED,INSP-101
QC-0003763,GR-0003763,MAT-00289,SUP-0044,2025-07-10,146,22,150684,DEF_PACKAGING,REJECTED,INSP-104
QC-0003764,GR-0003764,MAT-00276,SUP-0044,2025-07-14,40,9,225000,DEF_DIMENSIONAL,REJECTED,INSP-124
QC-0003765,GR-0003765,MAT-00354,SUP-0100,2025-10-07,93,2,21505,DEF_PACKAGING,CONCESSION,INSP-115
QC-0003766,GR-0003766,MAT-00656,SUP-0088,2025-10-21,469,17,36247,DEF_PACKAGING,CONCESSION,INSP-122
QC-0003767,GR-0003767,MAT-01191,SUP-0111,2025-09-04,159,20,125786,DEF_DIMENSIONAL,REJECTED,INSP-101
QC-0003768,GR-0003768,MAT-00145,SUP-0104,2025-06-27,293,13,44368,DEF_METALLURGY,REJECTED,INSP-106
QC-0003769,GR-0003769,MAT-00216,SUP-0104,2025-06-20,68,4,58823,DEF_DIMENSIONAL,REJECTED,INSP-108
QC-0003770,GR-0003770,MAT-01096,SUP-0104,2025-06-17,22,1,45454,DEF_SURFACE,REJECTED,INSP-106
QC-0003771,GR-0003771,MAT-00332,SUP-0104,2025-06-17,734,45,61307,DEF_ELECTRICAL,REJECTED,INSP-116
QC-0003772,GR-0003772,MAT-00111,SUP-0058,2025-09-30,305,11,36065,DEF_DIMENSIONAL,CONCESSION,INSP-119
QC-0003773,GR-0003773,MAT-00054,SUP-0058,2025-10-03,30,1,33333,DEF_SURFACE,CONCESSION,INSP-103
QC-0003774,GR-0003774,MAT-01091,SUP-0034,2025-06-10,478,28,58577,DEF_METALLURGY,REJECTED,INSP-117
QC-0003775,GR-0003775,MAT-00763,SUP-0049,2025-07-18,225,13,57777,DEF_PACKAGING,REJECTED,INSP-121
QC-0003776,GR-0003776,MAT-00964,SUP-0102,2025-12-11,49,2,40816,DEF_DIMENSIONAL,REJECTED,INSP-118
QC-0003777,GR-0003777,MAT-01176,SUP-0002,2026-03-26,10,3,300000,DEF_DIMENSIONAL,REJECTED,INSP-116
QC-0003778,GR-0003778,MAT-00629,SUP-0007,2025-12-24,10,0,0,,ACCEPTED,INSP-103
QC-0003779,GR-0003779,MAT-00093,SUP-0120,2026-03-09,39,1,25641,DEF_PACKAGING,CONCESSION,INSP-111
QC-0003780,GR-0003780,MAT-00599,SUP-0004,2025-10-13,17,5,294117,DEF_CONTAMINATION,REJECTED,INSP-106
QC-0003781,GR-0003781,MAT-00933,SUP-0004,2025-09-26,735,99,134693,DEF_DIMENSIONAL,REJECTED,INSP-114
QC-0003782,GR-0003782,MAT-00301,SUP-0003,2025-10-28,15,3,200000,DEF_METALLURGY,REJECTED,INSP-117
QC-0003783,GR-0003783,MAT-00951,SUP-0117,2026-01-24,48,2,41666,DEF_METALLURGY,REJECTED,INSP-109
QC-0003784,GR-0003784,MAT-01071,SUP-0117,2026-01-22,31,2,64516,DEF_SURFACE,REJECTED,INSP-124
QC-0003785,GR-0003785,MAT-01146,SUP-0052,2026-01-29,20,1,50000,DEF_PACKAGING,REJECTED,INSP-122
QC-0003786,GR-0003786,MAT-00760,SUP-0074,2025-09-25,10,1,100000,DEF_ELECTRICAL,REJECTED,INSP-107
QC-0003787,GR-0003787,MAT-00437,SUP-0094,2025-06-22,629,3,4769,DEF_ELECTRICAL,CONCESSION,INSP-101
QC-0003788,GR-0003788,MAT-00086,SUP-0094,2025-06-22,31,0,0,,ACCEPTED,INSP-110
QC-0003789,GR-0003789,MAT-00976,SUP-0033,2025-12-29,15,1,66666,DEF_ELECTRICAL,REJECTED,INSP-119
QC-0003790,GR-0003790,MAT-00700,SUP-0091,2025-06-18,161,5,31055,DEF_METALLURGY,CONCESSION,INSP-107
QC-0003791,GR-0003791,MAT-00458,SUP-0091,2025-06-21,13,0,0,,ACCEPTED,INSP-125
QC-0003792,GR-0003792,MAT-00083,SUP-0086,2026-01-10,30,0,0,,ACCEPTED,INSP-119
QC-0003793,GR-0003793,MAT-00679,SUP-0001,2026-03-02,17,7,411764,DEF_SURFACE,REJECTED,INSP-109
QC-0003794,GR-0003794,MAT-00802,SUP-0031,2026-03-24,333,70,210210,DEF_ELECTRICAL,REJECTED,INSP-103
QC-0003795,GR-0003795,MAT-00862,SUP-0034,2026-02-04,21,1,47619,DEF_PACKAGING,REJECTED,INSP-122
QC-0003796,GR-0003796,MAT-00153,SUP-0048,2026-01-09,10,0,0,,ACCEPTED,INSP-122
QC-0003797,GR-0003797,MAT-00710,SUP-0048,2026-01-12,36,4,111111,DEF_CONTAMINATION,REJECTED,INSP-110
QC-0003798,GR-0003798,MAT-00714,SUP-0065,2025-08-13,35,1,28571,DEF_ELECTRICAL,CONCESSION,INSP-108
QC-0003799,GR-0003799,MAT-00074,SUP-0063,2025-04-18,225,23,102222,DEF_PACKAGING,REJECTED,INSP-113
QC-0003800,GR-0003800,MAT-01077,SUP-0063,2025-04-15,47,3,63829,DEF_METALLURGY,REJECTED,INSP-119
QC-0003801,GR-0003801,MAT-00338,SUP-0012,2025-09-05,17,4,235294,DEF_DIMENSIONAL,REJECTED,INSP-115
QC-0003802,GR-0003802,MAT-00287,SUP-0115,2025-11-19,16,3,187500,DEF_DIMENSIONAL,REJECTED,INSP-121
QC-0003803,GR-0003803,MAT-00140,SUP-0115,2025-11-21,371,32,86253,DEF_SURFACE,REJECTED,INSP-116
QC-0003804,GR-0003804,MAT-00356,SUP-0098,2026-01-04,56,8,142857,DEF_SURFACE,REJECTED,INSP-115
QC-0003805,GR-0003805,MAT-01101,SUP-0084,2026-03-24,18,1,55555,DEF_METALLURGY,REJECTED,INSP-106
QC-0003806,GR-0003806,MAT-00637,SUP-0084,2026-03-27,24,2,83333,DEF_CONTAMINATION,REJECTED,INSP-107
QC-0003807,GR-0003807,MAT-00838,SUP-0084,2026-03-22,21,3,142857,DEF_PACKAGING,REJECTED,INSP-114
QC-0003808,GR-0003808,MAT-00599,SUP-0004,2025-07-10,23,2,86956,DEF_CONTAMINATION,REJECTED,INSP-104
QC-0003809,GR-0003809,MAT-00322,SUP-0025,2025-06-05,136,7,51470,DEF_DIMENSIONAL,REJECTED,INSP-107
QC-0003810,GR-0003810,MAT-00460,SUP-0025,2025-06-07,62,3,48387,DEF_PACKAGING,REJECTED,INSP-107
QC-0003811,GR-0003811,MAT-00060,SUP-0063,2025-12-03,545,50,91743,DEF_DIMENSIONAL,REJECTED,INSP-116
QC-0003812,GR-0003812,MAT-01086,SUP-0063,2025-12-04,48,0,0,,ACCEPTED,INSP-101
QC-0003813,GR-0003813,MAT-00989,SUP-0063,2025-12-07,544,56,102941,DEF_SURFACE,REJECTED,INSP-110
QC-0003814,GR-0003814,MAT-00526,SUP-0116,2025-12-11,314,10,31847,DEF_ELECTRICAL,CONCESSION,INSP-101
QC-0003815,GR-0003815,MAT-00467,SUP-0029,2025-12-25,297,36,121212,DEF_CONTAMINATION,REJECTED,INSP-121
QC-0003816,GR-0003816,MAT-01175,SUP-0029,2025-12-28,11,2,181818,DEF_ELECTRICAL,REJECTED,INSP-110
QC-0003817,GR-0003817,MAT-00828,SUP-0105,2025-05-25,116,4,34482,DEF_DIMENSIONAL,CONCESSION,INSP-123
QC-0003818,GR-0003818,MAT-00216,SUP-0010,2025-05-01,73,5,68493,DEF_METALLURGY,REJECTED,INSP-125
QC-0003819,GR-0003819,MAT-00502,SUP-0083,2025-06-22,18,2,111111,DEF_CONTAMINATION,REJECTED,INSP-120
QC-0003820,GR-0003820,MAT-00777,SUP-0041,2025-12-25,21,3,142857,DEF_DIMENSIONAL,REJECTED,INSP-110
QC-0003821,GR-0003821,MAT-00166,SUP-0073,2025-12-17,346,28,80924,DEF_ELECTRICAL,REJECTED,INSP-101
QC-0003822,GR-0003822,MAT-00943,SUP-0043,2025-08-27,138,14,101449,DEF_PACKAGING,REJECTED,INSP-116
QC-0003823,GR-0003823,MAT-00283,SUP-0120,2026-03-09,10,1,100000,DEF_ELECTRICAL,REJECTED,INSP-108
QC-0003824,GR-0003824,MAT-00150,SUP-0120,2026-03-07,16,0,0,,ACCEPTED,INSP-106
QC-0003825,GR-0003825,MAT-00529,SUP-0020,2025-04-17,17,4,235294,DEF_PACKAGING,REJECTED,INSP-103
QC-0003826,GR-0003826,MAT-00282,SUP-0020,2025-04-15,83,9,108433,DEF_METALLURGY,REJECTED,INSP-115
QC-0003827,GR-0003827,MAT-00024,SUP-0020,2025-04-16,44,5,113636,DEF_ELECTRICAL,REJECTED,INSP-111
QC-0003828,GR-0003828,MAT-00508,SUP-0018,2025-11-28,33,2,60606,DEF_CONTAMINATION,REJECTED,INSP-112
QC-0003829,GR-0003829,MAT-00362,SUP-0002,2026-01-21,100,6,60000,DEF_SURFACE,REJECTED,INSP-101
QC-0003830,GR-0003830,MAT-00897,SUP-0002,2026-01-22,13,3,230769,DEF_DIMENSIONAL,REJECTED,INSP-101
QC-0003831,GR-0003831,MAT-00501,SUP-0090,2025-09-06,33,3,90909,DEF_METALLURGY,REJECTED,INSP-113
QC-0003832,GR-0003832,MAT-00870,SUP-0090,2025-08-30,221,15,67873,DEF_METALLURGY,REJECTED,INSP-106
QC-0003833,GR-0003833,MAT-00839,SUP-0068,2025-09-25,289,5,17301,DEF_DIMENSIONAL,CONCESSION,INSP-110
QC-0003834,GR-0003834,MAT-00638,SUP-0068,2025-09-24,10,0,0,,ACCEPTED,INSP-101
QC-0003835,GR-0003835,MAT-00291,SUP-0059,2026-02-22,347,57,164265,DEF_SURFACE,REJECTED,INSP-105
QC-0003836,GR-0003836,MAT-00430,SUP-0059,2026-03-12,206,31,150485,DEF_CONTAMINATION,REJECTED,INSP-101
QC-0003837,GR-0003837,MAT-00649,SUP-0059,2026-02-17,235,35,148936,DEF_PACKAGING,REJECTED,INSP-110
QC-0003838,GR-0003838,MAT-00316,SUP-0022,2026-03-31,10,0,0,,ACCEPTED,INSP-111
QC-0003839,GR-0003839,MAT-00219,SUP-0022,2026-04-01,11,0,0,,ACCEPTED,INSP-113
QC-0003840,GR-0003840,MAT-01189,SUP-0019,2026-02-28,26,2,76923,DEF_ELECTRICAL,REJECTED,INSP-111
QC-0003841,GR-0003841,MAT-01137,SUP-0112,2025-12-17,12,0,0,,ACCEPTED,INSP-105
QC-0003842,GR-0003842,MAT-00683,SUP-0094,2026-01-21,447,1,2237,DEF_DIMENSIONAL,CONCESSION,INSP-117
QC-0003843,GR-0003843,MAT-00094,SUP-0094,2026-01-22,33,0,0,,ACCEPTED,INSP-124
QC-0003844,GR-0003844,MAT-01042,SUP-0094,2026-01-22,50,0,0,,ACCEPTED,INSP-122
QC-0003845,GR-0003845,MAT-00924,SUP-0099,2025-10-07,326,0,0,,ACCEPTED,INSP-115
QC-0003846,GR-0003846,MAT-00270,SUP-0099,2025-10-07,10,0,0,,ACCEPTED,INSP-103
QC-0003847,GR-0003847,MAT-00575,SUP-0107,2026-01-12,154,17,110389,DEF_SURFACE,REJECTED,INSP-106
QC-0003848,GR-0003848,MAT-00561,SUP-0005,2025-11-28,166,23,138554,DEF_ELECTRICAL,REJECTED,INSP-109
QC-0003849,GR-0003849,MAT-00579,SUP-0068,2025-07-28,469,9,19189,DEF_ELECTRICAL,CONCESSION,INSP-108
QC-0003850,GR-0003850,MAT-01047,SUP-0033,2026-01-27,37,4,108108,DEF_DIMENSIONAL,REJECTED,INSP-124
QC-0003851,GR-0003851,MAT-00937,SUP-0052,2025-12-26,126,8,63492,DEF_SURFACE,REJECTED,INSP-101
QC-0003852,GR-0003852,MAT-01152,SUP-0058,2025-10-15,499,17,34068,DEF_CONTAMINATION,CONCESSION,INSP-121
QC-0003853,GR-0003853,MAT-00726,SUP-0110,2025-03-28,46,6,130434,DEF_PACKAGING,REJECTED,INSP-107
QC-0003854,GR-0003854,MAT-00456,SUP-0110,2025-03-22,23,1,43478,DEF_CONTAMINATION,REJECTED,INSP-104
QC-0003855,GR-0003855,MAT-00518,SUP-0095,2025-09-13,180,9,50000,DEF_CONTAMINATION,REJECTED,INSP-117
QC-0003856,GR-0003856,MAT-00739,SUP-0096,2025-05-06,96,7,72916,DEF_SURFACE,REJECTED,INSP-101
QC-0003857,GR-0003857,MAT-00117,SUP-0072,2026-03-29,14,5,357142,DEF_PACKAGING,REJECTED,INSP-106
QC-0003858,GR-0003858,MAT-01198,SUP-0072,2026-03-18,164,36,219512,DEF_PACKAGING,REJECTED,INSP-116
QC-0003859,GR-0003859,MAT-01042,SUP-0108,2026-01-26,123,12,97560,DEF_ELECTRICAL,REJECTED,INSP-118
QC-0003860,GR-0003860,MAT-00319,SUP-0018,2025-10-09,252,13,51587,DEF_PACKAGING,REJECTED,INSP-109
QC-0003861,GR-0003861,MAT-00542,SUP-0018,2025-10-07,122,11,90163,DEF_CONTAMINATION,REJECTED,INSP-109
QC-0003862,GR-0003862,MAT-00538,SUP-0018,2025-10-07,87,6,68965,DEF_PACKAGING,REJECTED,INSP-120
QC-0003863,GR-0003863,MAT-00628,SUP-0051,2026-01-23,54,3,55555,DEF_DIMENSIONAL,REJECTED,INSP-104
QC-0003864,GR-0003864,MAT-00355,SUP-0051,2026-01-22,20,2,100000,DEF_ELECTRICAL,REJECTED,INSP-109
QC-0003865,GR-0003865,MAT-00396,SUP-0053,2025-11-15,293,35,119453,DEF_ELECTRICAL,REJECTED,INSP-102
QC-0003866,GR-0003866,MAT-00295,SUP-0109,2026-02-04,23,0,0,,ACCEPTED,INSP-103
QC-0003867,GR-0003867,MAT-00574,SUP-0065,2025-11-23,19,2,105263,DEF_METALLURGY,REJECTED,INSP-123
QC-0003868,GR-0003868,MAT-00265,SUP-0065,2025-11-24,217,17,78341,DEF_PACKAGING,REJECTED,INSP-104
QC-0003869,GR-0003869,MAT-00210,SUP-0065,2025-11-25,21,2,95238,DEF_SURFACE,REJECTED,INSP-114
QC-0003870,GR-0003870,MAT-00555,SUP-0065,2025-11-30,14,0,0,,ACCEPTED,INSP-124
QC-0003871,GR-0003871,MAT-00567,SUP-0025,2025-10-18,259,11,42471,DEF_METALLURGY,REJECTED,INSP-114
QC-0003872,GR-0003872,MAT-00033,SUP-0082,2025-10-21,632,98,155063,DEF_DIMENSIONAL,REJECTED,INSP-106
QC-0003873,GR-0003873,MAT-01090,SUP-0082,2025-10-10,10,5,500000,DEF_DIMENSIONAL,REJECTED,INSP-117
QC-0003874,GR-0003874,MAT-00332,SUP-0095,2025-06-16,531,24,45197,DEF_DIMENSIONAL,REJECTED,INSP-123
QC-0003875,GR-0003875,MAT-00731,SUP-0120,2025-12-29,401,22,54862,DEF_METALLURGY,REJECTED,INSP-102
QC-0003876,GR-0003876,MAT-00987,SUP-0120,2025-12-27,626,32,51118,DEF_CONTAMINATION,REJECTED,INSP-113
QC-0003877,GR-0003877,MAT-00374,SUP-0120,2025-12-29,10,1,100000,DEF_PACKAGING,REJECTED,INSP-111
QC-0003878,GR-0003878,MAT-00936,SUP-0051,2025-10-22,279,14,50179,DEF_ELECTRICAL,REJECTED,INSP-102
QC-0003879,GR-0003879,MAT-00857,SUP-0117,2025-05-14,87,5,57471,DEF_PACKAGING,REJECTED,INSP-117
QC-0003880,GR-0003880,MAT-00283,SUP-0120,2025-10-06,10,0,0,,ACCEPTED,INSP-101
QC-0003881,GR-0003881,MAT-00397,SUP-0120,2025-09-30,343,28,81632,DEF_CONTAMINATION,REJECTED,INSP-106
QC-0003882,GR-0003882,MAT-00229,SUP-0110,2025-07-15,43,4,93023,DEF_SURFACE,REJECTED,INSP-101
QC-0003883,GR-0003883,MAT-00135,SUP-0110,2025-07-12,483,26,53830,DEF_DIMENSIONAL,REJECTED,INSP-118
QC-0003884,GR-0003884,MAT-00455,SUP-0026,2026-01-29,16,2,125000,DEF_PACKAGING,REJECTED,INSP-121
QC-0003885,GR-0003885,MAT-00957,SUP-0026,2026-01-27,20,2,100000,DEF_SURFACE,REJECTED,INSP-119
QC-0003886,GR-0003886,MAT-00638,SUP-0098,2025-11-08,13,2,153846,DEF_DIMENSIONAL,REJECTED,INSP-123
QC-0003887,GR-0003887,MAT-00930,SUP-0098,2025-11-14,13,4,307692,DEF_CONTAMINATION,REJECTED,INSP-106
QC-0003888,GR-0003888,MAT-00765,SUP-0015,2025-12-01,67,11,164179,DEF_CONTAMINATION,REJECTED,INSP-108
QC-0003889,GR-0003889,MAT-00121,SUP-0015,2025-11-20,108,17,157407,DEF_ELECTRICAL,REJECTED,INSP-108
QC-0003890,GR-0003890,MAT-00354,SUP-0100,2025-10-21,300,2,6666,DEF_DIMENSIONAL,CONCESSION,INSP-112
QC-0003891,GR-0003891,MAT-01070,SUP-0011,2025-06-24,535,45,84112,DEF_SURFACE,REJECTED,INSP-110
QC-0003892,GR-0003892,MAT-00663,SUP-0011,2025-06-30,123,13,105691,DEF_PACKAGING,REJECTED,INSP-123
QC-0003893,GR-0003893,MAT-01057,SUP-0059,2026-01-12,623,93,149277,DEF_PACKAGING,REJECTED,INSP-105
QC-0003894,GR-0003894,MAT-00061,SUP-0051,2025-10-22,480,18,37500,DEF_SURFACE,CONCESSION,INSP-108
QC-0003895,GR-0003895,MAT-01103,SUP-0051,2025-10-22,18,0,0,,ACCEPTED,INSP-111
QC-0003896,GR-0003896,MAT-00889,SUP-0051,2025-10-23,668,35,52395,DEF_CONTAMINATION,REJECTED,INSP-110
QC-0003897,GR-0003897,MAT-00580,SUP-0105,2026-01-14,627,16,25518,DEF_METALLURGY,CONCESSION,INSP-106
QC-0003898,GR-0003898,MAT-00573,SUP-0003,2025-11-10,228,17,74561,DEF_PACKAGING,REJECTED,INSP-120
QC-0003899,GR-0003899,MAT-01119,SUP-0004,2026-01-20,618,64,103559,DEF_ELECTRICAL,REJECTED,INSP-115
QC-0003900,GR-0003900,MAT-00199,SUP-0062,2026-03-20,69,7,101449,DEF_SURFACE,REJECTED,INSP-117
QC-0003901,GR-0003901,MAT-00361,SUP-0062,2026-03-23,172,14,81395,DEF_DIMENSIONAL,REJECTED,INSP-114
QC-0003902,GR-0003902,MAT-00695,SUP-0046,2026-01-15,10,0,0,,ACCEPTED,INSP-123
QC-0003903,GR-0003903,MAT-00463,SUP-0046,2026-01-16,13,1,76923,DEF_DIMENSIONAL,REJECTED,INSP-107
QC-0003904,GR-0003904,MAT-00998,SUP-0003,2025-07-18,25,4,160000,DEF_DIMENSIONAL,REJECTED,INSP-116
QC-0003905,GR-0003905,MAT-00413,SUP-0003,2025-07-12,16,2,125000,DEF_ELECTRICAL,REJECTED,INSP-109
QC-0003906,GR-0003906,MAT-00587,SUP-0003,2025-07-14,10,0,0,,ACCEPTED,INSP-119
QC-0003907,GR-0003907,MAT-01147,SUP-0100,2025-12-18,130,5,38461,DEF_SURFACE,CONCESSION,INSP-123
QC-0003908,GR-0003908,MAT-00177,SUP-0107,2025-12-18,10,2,200000,DEF_SURFACE,REJECTED,INSP-125
QC-0003909,GR-0003909,MAT-00310,SUP-0107,2025-12-20,18,1,55555,DEF_SURFACE,REJECTED,INSP-104
QC-0003910,GR-0003910,MAT-00594,SUP-0107,2025-12-20,71,5,70422,DEF_SURFACE,REJECTED,INSP-122
QC-0003911,GR-0003911,MAT-01033,SUP-0101,2025-11-01,129,20,155038,DEF_METALLURGY,REJECTED,INSP-101
QC-0003912,GR-0003912,MAT-00650,SUP-0094,2025-09-29,24,0,0,,ACCEPTED,INSP-105
QC-0003913,GR-0003913,MAT-01178,SUP-0074,2025-06-28,138,10,72463,DEF_METALLURGY,REJECTED,INSP-123
QC-0003914,GR-0003914,MAT-00412,SUP-0023,2025-07-11,104,0,0,,ACCEPTED,INSP-117
QC-0003915,GR-0003915,MAT-00807,SUP-0013,2026-02-10,116,9,77586,DEF_PACKAGING,REJECTED,INSP-124
QC-0003916,GR-0003916,MAT-00103,SUP-0013,2026-02-11,162,14,86419,DEF_DIMENSIONAL,REJECTED,INSP-122
QC-0003917,GR-0003917,MAT-00452,SUP-0013,2026-02-08,275,23,83636,DEF_METALLURGY,REJECTED,INSP-124
QC-0003918,GR-0003918,MAT-00991,SUP-0106,2025-05-17,10,0,0,,ACCEPTED,INSP-102
QC-0003919,GR-0003919,MAT-00700,SUP-0091,2025-12-11,72,5,69444,DEF_SURFACE,REJECTED,INSP-102
QC-0003920,GR-0003920,MAT-00625,SUP-0058,2025-12-30,10,0,0,,ACCEPTED,INSP-125
QC-0003921,GR-0003921,MAT-01106,SUP-0116,2026-03-17,10,0,0,,ACCEPTED,INSP-125
QC-0003922,GR-0003922,MAT-00095,SUP-0116,2026-03-17,28,3,107142,DEF_ELECTRICAL,REJECTED,INSP-104
QC-0003923,GR-0003923,MAT-00421,SUP-0116,2026-03-17,10,0,0,,ACCEPTED,INSP-113
QC-0003924,GR-0003924,MAT-00551,SUP-0113,2025-12-15,271,33,121771,DEF_METALLURGY,REJECTED,INSP-123
QC-0003925,GR-0003925,MAT-00257,SUP-0062,2025-10-30,12,2,166666,DEF_METALLURGY,REJECTED,INSP-121
QC-0003926,GR-0003926,MAT-00909,SUP-0075,2026-03-05,40,5,125000,DEF_SURFACE,REJECTED,INSP-105
QC-0003927,GR-0003927,MAT-00051,SUP-0075,2026-03-05,224,21,93750,DEF_CONTAMINATION,REJECTED,INSP-107
QC-0003928,GR-0003928,MAT-00773,SUP-0075,2026-03-01,52,8,153846,DEF_CONTAMINATION,REJECTED,INSP-116
QC-0003929,GR-0003929,MAT-00570,SUP-0020,2025-12-12,10,0,0,,ACCEPTED,INSP-113
QC-0003930,GR-0003930,MAT-00782,SUP-0055,2025-12-19,173,3,17341,DEF_SURFACE,CONCESSION,INSP-104
QC-0003931,GR-0003931,MAT-00979,SUP-0055,2025-12-15,574,13,22648,DEF_ELECTRICAL,CONCESSION,INSP-123
QC-0003932,GR-0003932,MAT-00617,SUP-0055,2025-12-20,32,1,31250,DEF_METALLURGY,CONCESSION,INSP-116
QC-0003933,GR-0003933,MAT-01023,SUP-0086,2025-10-12,91,0,0,,ACCEPTED,INSP-106
QC-0003934,GR-0003934,MAT-00479,SUP-0099,2025-09-09,112,1,8928,DEF_METALLURGY,CONCESSION,INSP-101
QC-0003935,GR-0003935,MAT-00963,SUP-0099,2025-09-07,126,2,15873,DEF_ELECTRICAL,CONCESSION,INSP-123
QC-0003936,GR-0003936,MAT-00425,SUP-0003,2025-07-06,10,1,100000,DEF_CONTAMINATION,REJECTED,INSP-120
QC-0003937,GR-0003937,MAT-00449,SUP-0048,2025-07-19,10,0,0,,ACCEPTED,INSP-110
QC-0003938,GR-0003938,MAT-00252,SUP-0048,2025-07-24,276,15,54347,DEF_SURFACE,REJECTED,INSP-124
QC-0003939,GR-0003939,MAT-00284,SUP-0033,2025-11-03,76,7,92105,DEF_DIMENSIONAL,REJECTED,INSP-125
QC-0003940,GR-0003940,MAT-00720,SUP-0033,2025-10-31,401,33,82294,DEF_PACKAGING,REJECTED,INSP-114
QC-0003941,GR-0003941,MAT-00990,SUP-0033,2025-11-06,10,1,100000,DEF_DIMENSIONAL,REJECTED,INSP-119
QC-0003942,GR-0003942,MAT-00545,SUP-0119,2026-01-15,77,9,116883,DEF_PACKAGING,REJECTED,INSP-102
QC-0003943,GR-0003943,MAT-00647,SUP-0084,2025-05-31,39,2,51282,DEF_PACKAGING,REJECTED,INSP-104
QC-0003944,GR-0003944,MAT-00636,SUP-0084,2025-05-30,37,2,54054,DEF_ELECTRICAL,REJECTED,INSP-111
QC-0003945,GR-0003945,MAT-00821,SUP-0084,2025-06-05,111,2,18018,DEF_SURFACE,CONCESSION,INSP-123
QC-0003946,GR-0003946,MAT-00808,SUP-0039,2026-02-23,296,40,135135,DEF_ELECTRICAL,REJECTED,INSP-121
QC-0003947,GR-0003947,MAT-00701,SUP-0086,2025-12-14,705,2,2836,DEF_DIMENSIONAL,CONCESSION,INSP-101
QC-0003948,GR-0003948,MAT-00145,SUP-0086,2025-12-16,444,1,2252,DEF_DIMENSIONAL,CONCESSION,INSP-102
QC-0003949,GR-0003949,MAT-00128,SUP-0086,2025-12-17,322,0,0,,ACCEPTED,INSP-107
QC-0003950,GR-0003950,MAT-01101,SUP-0084,2026-03-12,18,1,55555,DEF_CONTAMINATION,REJECTED,INSP-125
QC-0003951,GR-0003951,MAT-00959,SUP-0064,2025-05-29,10,1,100000,DEF_CONTAMINATION,REJECTED,INSP-110
QC-0003952,GR-0003952,MAT-00158,SUP-0041,2025-11-13,126,14,111111,DEF_DIMENSIONAL,REJECTED,INSP-113
QC-0003953,GR-0003953,MAT-01099,SUP-0041,2025-11-19,430,39,90697,DEF_SURFACE,REJECTED,INSP-116
QC-0003954,GR-0003954,MAT-00476,SUP-0082,2026-02-25,109,14,128440,DEF_DIMENSIONAL,REJECTED,INSP-108
QC-0003955,GR-0003955,MAT-00626,SUP-0005,2026-03-12,247,19,76923,DEF_PACKAGING,REJECTED,INSP-108
QC-0003956,GR-0003956,MAT-00180,SUP-0013,2026-02-17,14,2,142857,DEF_DIMENSIONAL,REJECTED,INSP-122
QC-0003957,GR-0003957,MAT-01161,SUP-0104,2025-09-25,10,0,0,,ACCEPTED,INSP-123
QC-0003958,GR-0003958,MAT-00230,SUP-0104,2025-09-24,31,2,64516,DEF_CONTAMINATION,REJECTED,INSP-121
QC-0003959,GR-0003959,MAT-01042,SUP-0104,2025-09-20,76,6,78947,DEF_DIMENSIONAL,REJECTED,INSP-108
QC-0003960,GR-0003960,MAT-00703,SUP-0087,2025-06-26,90,2,22222,DEF_ELECTRICAL,CONCESSION,INSP-115
QC-0003961,GR-0003961,MAT-01167,SUP-0087,2025-06-24,160,5,31250,DEF_PACKAGING,CONCESSION,INSP-116
QC-0003962,GR-0003962,MAT-00704,SUP-0080,2026-04-08,71,6,84507,DEF_METALLURGY,REJECTED,INSP-108
QC-0003963,GR-0003963,MAT-00710,SUP-0080,2026-04-08,29,2,68965,DEF_DIMENSIONAL,REJECTED,INSP-103
QC-0003964,GR-0003964,MAT-01172,SUP-0035,2025-08-23,147,24,163265,DEF_ELECTRICAL,REJECTED,INSP-109
QC-0003965,GR-0003965,MAT-00715,SUP-0095,2026-01-26,14,1,71428,DEF_ELECTRICAL,REJECTED,INSP-110
QC-0003966,GR-0003966,MAT-00417,SUP-0047,2025-04-16,54,0,0,,ACCEPTED,INSP-101
QC-0003967,GR-0003967,MAT-00289,SUP-0048,2025-11-17,255,21,82352,DEF_PACKAGING,REJECTED,INSP-103
QC-0003968,GR-0003968,MAT-01195,SUP-0048,2025-11-12,37,5,135135,DEF_CONTAMINATION,REJECTED,INSP-104
QC-0003969,GR-0003969,MAT-00886,SUP-0081,2025-12-17,16,3,187500,DEF_ELECTRICAL,REJECTED,INSP-116
QC-0003970,GR-0003970,MAT-00964,SUP-0081,2025-12-17,40,4,100000,DEF_DIMENSIONAL,REJECTED,INSP-125
QC-0003971,GR-0003971,MAT-00345,SUP-0081,2025-12-17,50,1,20000,DEF_SURFACE,CONCESSION,INSP-108
QC-0003972,GR-0003972,MAT-00806,SUP-0001,2026-02-05,325,81,249230,DEF_ELECTRICAL,REJECTED,INSP-107
QC-0003973,GR-0003973,MAT-00994,SUP-0001,2026-01-30,364,94,258241,DEF_CONTAMINATION,REJECTED,INSP-108
QC-0003974,GR-0003974,MAT-00938,SUP-0001,2026-01-28,26,8,307692,DEF_SURFACE,REJECTED,INSP-101
QC-0003975,GR-0003975,MAT-00641,SUP-0093,2026-02-16,42,7,166666,DEF_CONTAMINATION,REJECTED,INSP-113
QC-0003976,GR-0003976,MAT-00207,SUP-0093,2026-02-10,34,7,205882,DEF_METALLURGY,REJECTED,INSP-102
QC-0003977,GR-0003977,MAT-00255,SUP-0093,2026-02-17,307,64,208469,DEF_CONTAMINATION,REJECTED,INSP-106
QC-0003978,GR-0003978,MAT-00749,SUP-0093,2026-02-17,13,2,153846,DEF_CONTAMINATION,REJECTED,INSP-120
QC-0003979,GR-0003979,MAT-01172,SUP-0035,2025-12-28,189,27,142857,DEF_PACKAGING,REJECTED,INSP-123
QC-0003980,GR-0003980,MAT-00625,SUP-0035,2025-12-29,15,2,133333,DEF_PACKAGING,REJECTED,INSP-125
QC-0003981,GR-0003981,MAT-00555,SUP-0015,2026-05-13,10,1,100000,DEF_METALLURGY,REJECTED,INSP-121
QC-0003982,GR-0003982,MAT-00319,SUP-0018,2025-03-28,182,23,126373,DEF_SURFACE,REJECTED,INSP-112
QC-0003983,GR-0003983,MAT-00561,SUP-0005,2026-03-04,164,22,134146,DEF_ELECTRICAL,REJECTED,INSP-113
QC-0003984,GR-0003984,MAT-00710,SUP-0096,2025-09-13,72,6,83333,DEF_ELECTRICAL,REJECTED,INSP-122
QC-0003985,GR-0003985,MAT-00435,SUP-0079,2025-07-08,13,1,76923,DEF_ELECTRICAL,REJECTED,INSP-106
QC-0003986,GR-0003986,MAT-01158,SUP-0079,2025-07-03,25,2,80000,DEF_SURFACE,REJECTED,INSP-124
QC-0003987,GR-0003987,MAT-00954,SUP-0079,2025-07-05,82,6,73170,DEF_DIMENSIONAL,REJECTED,INSP-119
QC-0003988,GR-0003988,MAT-00543,SUP-0046,2025-11-12,10,0,0,,ACCEPTED,INSP-107
QC-0003989,GR-0003989,MAT-00025,SUP-0046,2025-11-14,215,7,32558,DEF_SURFACE,CONCESSION,INSP-113
QC-0003990,GR-0003990,MAT-00198,SUP-0039,2026-01-17,294,36,122448,DEF_PACKAGING,REJECTED,INSP-125
QC-0003991,GR-0003991,MAT-00265,SUP-0039,2026-01-19,301,35,116279,DEF_SURFACE,REJECTED,INSP-110
QC-0003992,GR-0003992,MAT-01002,SUP-0027,2025-10-26,76,15,197368,DEF_PACKAGING,REJECTED,INSP-107
QC-0003993,GR-0003993,MAT-00815,SUP-0099,2025-04-28,522,5,9578,DEF_DIMENSIONAL,CONCESSION,INSP-112
QC-0003994,GR-0003994,MAT-00692,SUP-0012,2025-12-16,107,13,121495,DEF_ELECTRICAL,REJECTED,INSP-121
QC-0003995,GR-0003995,MAT-00506,SUP-0105,2025-10-17,574,14,24390,DEF_PACKAGING,CONCESSION,INSP-120
QC-0003996,GR-0003996,MAT-00285,SUP-0059,2025-10-17,68,11,161764,DEF_DIMENSIONAL,REJECTED,INSP-120
QC-0003997,GR-0003997,MAT-00522,SUP-0059,2025-10-03,16,4,250000,DEF_CONTAMINATION,REJECTED,INSP-116
QC-0003998,GR-0003998,MAT-00456,SUP-0008,2025-11-19,66,4,60606,DEF_SURFACE,REJECTED,INSP-118
QC-0003999,GR-0003999,MAT-01106,SUP-0116,2025-04-14,10,0,0,,ACCEPTED,INSP-116
QC-0004000,GR-0004000,MAT-00441,SUP-0116,2025-04-11,572,17,29720,DEF_CONTAMINATION,CONCESSION,INSP-113
QC-0004001,GR-0004001,MAT-01158,SUP-0116,2025-04-15,10,2,200000,DEF_DIMENSIONAL,REJECTED,INSP-116
QC-0004002,GR-0004002,MAT-00270,SUP-0059,2026-04-15,12,2,166666,DEF_ELECTRICAL,REJECTED,INSP-123
QC-0004003,GR-0004003,MAT-00304,SUP-0118,2026-03-19,62,7,112903,DEF_CONTAMINATION,REJECTED,INSP-104
QC-0004004,GR-0004004,MAT-00646,SUP-0118,2026-03-18,30,6,200000,DEF_PACKAGING,REJECTED,INSP-101
QC-0004005,GR-0004005,MAT-00180,SUP-0013,2025-12-20,10,0,0,,ACCEPTED,INSP-112
QC-0004006,GR-0004006,MAT-00383,SUP-0013,2025-12-21,739,55,74424,DEF_DIMENSIONAL,REJECTED,INSP-106
QC-0004007,GR-0004007,MAT-00069,SUP-0062,2025-10-24,57,5,87719,DEF_CONTAMINATION,REJECTED,INSP-105
QC-0004008,GR-0004008,MAT-00515,SUP-0012,2026-02-24,155,18,116129,DEF_DIMENSIONAL,REJECTED,INSP-109
QC-0004009,GR-0004009,MAT-00515,SUP-0012,2025-12-08,313,42,134185,DEF_METALLURGY,REJECTED,INSP-110
QC-0004010,GR-0004010,MAT-00191,SUP-0012,2025-12-08,15,1,66666,DEF_DIMENSIONAL,REJECTED,INSP-105
QC-0004011,GR-0004011,MAT-00321,SUP-0049,2026-02-26,284,7,24647,DEF_ELECTRICAL,CONCESSION,INSP-116
QC-0004012,GR-0004012,MAT-00905,SUP-0119,2026-01-15,88,7,79545,DEF_CONTAMINATION,REJECTED,INSP-125
QC-0004013,GR-0004013,MAT-01039,SUP-0113,2026-02-23,51,3,58823,DEF_PACKAGING,REJECTED,INSP-103
QC-0004014,GR-0004014,MAT-00448,SUP-0042,2026-01-05,50,4,80000,DEF_ELECTRICAL,REJECTED,INSP-108
QC-0004015,GR-0004015,MAT-00123,SUP-0025,2025-10-19,458,11,24017,DEF_METALLURGY,CONCESSION,INSP-109
QC-0004016,GR-0004016,MAT-01133,SUP-0052,2025-12-24,31,4,129032,DEF_CONTAMINATION,REJECTED,INSP-124
QC-0004017,GR-0004017,MAT-00863,SUP-0031,2026-02-09,94,18,191489,DEF_SURFACE,REJECTED,INSP-108
QC-0004018,GR-0004018,MAT-00847,SUP-0097,2025-09-01,590,51,86440,DEF_METALLURGY,REJECTED,INSP-119
QC-0004019,GR-0004019,MAT-00682,SUP-0097,2025-08-28,11,0,0,,ACCEPTED,INSP-122
QC-0004020,GR-0004020,MAT-00641,SUP-0093,2026-02-16,19,1,52631,DEF_PACKAGING,REJECTED,INSP-114
QC-0004021,GR-0004021,MAT-01055,SUP-0093,2026-01-27,10,2,200000,DEF_DIMENSIONAL,REJECTED,INSP-109
QC-0004022,GR-0004022,MAT-01024,SUP-0093,2026-01-30,38,9,236842,DEF_PACKAGING,REJECTED,INSP-116
QC-0004023,GR-0004023,MAT-00792,SUP-0093,2026-01-30,36,12,333333,DEF_CONTAMINATION,REJECTED,INSP-116
QC-0004024,GR-0004024,MAT-01160,SUP-0019,2025-12-19,10,2,200000,DEF_METALLURGY,REJECTED,INSP-109
QC-0004025,GR-0004025,MAT-00469,SUP-0029,2025-08-11,10,0,0,,ACCEPTED,INSP-101
QC-0004026,GR-0004026,MAT-00810,SUP-0049,2025-05-07,121,6,49586,DEF_METALLURGY,REJECTED,INSP-120
QC-0004027,GR-0004027,MAT-00377,SUP-0087,2025-12-28,180,5,27777,DEF_DIMENSIONAL,CONCESSION,INSP-124
QC-0004028,GR-0004028,MAT-00755,SUP-0119,2026-03-03,38,2,52631,DEF_METALLURGY,REJECTED,INSP-104
QC-0004029,GR-0004029,MAT-00093,SUP-0120,2025-12-07,89,3,33707,DEF_CONTAMINATION,CONCESSION,INSP-111
QC-0004030,GR-0004030,MAT-00118,SUP-0120,2025-12-08,260,13,50000,DEF_SURFACE,REJECTED,INSP-120
QC-0004031,GR-0004031,MAT-00967,SUP-0120,2025-12-06,88,7,79545,DEF_CONTAMINATION,REJECTED,INSP-122
QC-0004032,GR-0004032,MAT-00159,SUP-0039,2025-09-01,10,3,300000,DEF_METALLURGY,REJECTED,INSP-107
QC-0004033,GR-0004033,MAT-00034,SUP-0039,2025-09-05,52,6,115384,DEF_ELECTRICAL,REJECTED,INSP-122
QC-0004034,GR-0004034,MAT-00411,SUP-0099,2026-01-07,10,0,0,,ACCEPTED,INSP-125
QC-0004035,GR-0004035,MAT-00313,SUP-0099,2026-01-06,12,0,0,,ACCEPTED,INSP-114
QC-0004036,GR-0004036,MAT-00757,SUP-0099,2026-01-05,169,2,11834,DEF_PACKAGING,CONCESSION,INSP-108
QC-0004037,GR-0004037,MAT-00626,SUP-0099,2026-01-02,490,7,14285,DEF_PACKAGING,CONCESSION,INSP-108
QC-0004038,GR-0004038,MAT-00273,SUP-0076,2025-06-08,26,4,153846,DEF_METALLURGY,REJECTED,INSP-102
QC-0004039,GR-0004039,MAT-00673,SUP-0019,2025-11-08,177,15,84745,DEF_CONTAMINATION,REJECTED,INSP-118
QC-0004040,GR-0004040,MAT-00603,SUP-0082,2025-09-06,10,3,300000,DEF_METALLURGY,REJECTED,INSP-106
QC-0004041,GR-0004041,MAT-00898,SUP-0082,2025-09-25,113,23,203539,DEF_CONTAMINATION,REJECTED,INSP-107
QC-0004042,GR-0004042,MAT-00637,SUP-0064,2025-08-02,25,2,80000,DEF_DIMENSIONAL,REJECTED,INSP-109
QC-0004043,GR-0004043,MAT-01151,SUP-0092,2025-08-11,279,22,78853,DEF_SURFACE,REJECTED,INSP-111
QC-0004044,GR-0004044,MAT-01158,SUP-0092,2025-08-10,26,1,38461,DEF_DIMENSIONAL,CONCESSION,INSP-107
QC-0004045,GR-0004045,MAT-00431,SUP-0092,2025-08-10,460,29,63043,DEF_PACKAGING,REJECTED,INSP-115
QC-0004046,GR-0004046,MAT-01036,SUP-0043,2025-10-30,346,21,60693,DEF_ELECTRICAL,REJECTED,INSP-103
QC-0004047,GR-0004047,MAT-01187,SUP-0118,2025-05-13,24,2,83333,DEF_DIMENSIONAL,REJECTED,INSP-106
QC-0004048,GR-0004048,MAT-00378,SUP-0012,2025-10-25,255,37,145098,DEF_DIMENSIONAL,REJECTED,INSP-125
QC-0004049,GR-0004049,MAT-00293,SUP-0012,2025-10-22,17,2,117647,DEF_CONTAMINATION,REJECTED,INSP-116
QC-0004050,GR-0004050,MAT-00326,SUP-0012,2025-10-27,442,43,97285,DEF_SURFACE,REJECTED,INSP-114
QC-0004051,GR-0004051,MAT-00623,SUP-0117,2025-12-16,13,1,76923,DEF_SURFACE,REJECTED,INSP-122
QC-0004052,GR-0004052,MAT-00958,SUP-0116,2025-11-11,301,12,39867,DEF_METALLURGY,CONCESSION,INSP-110
QC-0004053,GR-0004053,MAT-00515,SUP-0116,2025-11-11,337,13,38575,DEF_CONTAMINATION,CONCESSION,INSP-114
QC-0004054,GR-0004054,MAT-00882,SUP-0103,2025-12-07,71,19,267605,DEF_ELECTRICAL,REJECTED,INSP-111
QC-0004055,GR-0004055,MAT-00611,SUP-0095,2026-03-02,67,2,29850,DEF_ELECTRICAL,CONCESSION,INSP-119
QC-0004056,GR-0004056,MAT-00811,SUP-0095,2026-03-04,251,10,39840,DEF_CONTAMINATION,CONCESSION,INSP-125
QC-0004057,GR-0004057,MAT-01125,SUP-0095,2026-03-04,19,0,0,,ACCEPTED,INSP-110
QC-0004058,GR-0004058,MAT-01065,SUP-0095,2026-03-03,235,6,25531,DEF_DIMENSIONAL,CONCESSION,INSP-102
QC-0004059,GR-0004059,MAT-00738,SUP-0077,2025-12-07,31,2,64516,DEF_SURFACE,REJECTED,INSP-103
QC-0004060,GR-0004060,MAT-00471,SUP-0097,2025-05-25,23,1,43478,DEF_DIMENSIONAL,REJECTED,INSP-122
QC-0004061,GR-0004061,MAT-00482,SUP-0097,2025-05-28,16,1,62500,DEF_CONTAMINATION,REJECTED,INSP-124
QC-0004062,GR-0004062,MAT-01116,SUP-0095,2025-05-11,66,2,30303,DEF_PACKAGING,CONCESSION,INSP-113
QC-0004063,GR-0004063,MAT-00961,SUP-0095,2025-05-09,20,0,0,,ACCEPTED,INSP-104
QC-0004064,GR-0004064,MAT-00140,SUP-0036,2025-12-08,365,1,2739,DEF_CONTAMINATION,CONCESSION,INSP-125
QC-0004065,GR-0004065,MAT-00508,SUP-0018,2025-12-21,12,0,0,,ACCEPTED,INSP-110
QC-0004066,GR-0004066,MAT-00057,SUP-0018,2025-12-22,196,11,56122,DEF_SURFACE,REJECTED,INSP-117
QC-0004067,GR-0004067,MAT-00441,SUP-0018,2025-12-20,207,15,72463,DEF_SURFACE,REJECTED,INSP-107
QC-0004068,GR-0004068,MAT-00752,SUP-0052,2026-04-04,49,5,102040,DEF_CONTAMINATION,REJECTED,INSP-121
QC-0004069,GR-0004069,MAT-00746,SUP-0093,2026-01-08,319,59,184952,DEF_CONTAMINATION,REJECTED,INSP-113
QC-0004070,GR-0004070,MAT-01134,SUP-0004,2025-05-03,10,1,100000,DEF_DIMENSIONAL,REJECTED,INSP-116
QC-0004071,GR-0004071,MAT-01125,SUP-0090,2025-06-15,12,0,0,,ACCEPTED,INSP-107
QC-0004072,GR-0004072,MAT-00713,SUP-0090,2025-06-14,512,36,70312,DEF_SURFACE,REJECTED,INSP-108
QC-0004073,GR-0004073,MAT-00502,SUP-0090,2025-06-15,10,0,0,,ACCEPTED,INSP-109
QC-0004074,GR-0004074,MAT-00935,SUP-0011,2025-04-26,25,2,80000,DEF_DIMENSIONAL,REJECTED,INSP-106
QC-0004075,GR-0004075,MAT-00016,SUP-0011,2025-05-03,56,5,89285,DEF_ELECTRICAL,REJECTED,INSP-116
QC-0004076,GR-0004076,MAT-00216,SUP-0010,2025-08-01,72,8,111111,DEF_PACKAGING,REJECTED,INSP-118
QC-0004077,GR-0004077,MAT-00436,SUP-0036,2025-12-01,15,1,66666,DEF_SURFACE,REJECTED,INSP-115
QC-0004078,GR-0004078,MAT-00448,SUP-0042,2026-01-03,31,3,96774,DEF_DIMENSIONAL,REJECTED,INSP-120
QC-0004079,GR-0004079,MAT-01010,SUP-0029,2025-05-05,183,23,125683,DEF_METALLURGY,REJECTED,INSP-107
QC-0004080,GR-0004080,MAT-00382,SUP-0091,2026-03-10,27,2,74074,DEF_ELECTRICAL,REJECTED,INSP-103
QC-0004081,GR-0004081,MAT-01065,SUP-0091,2026-03-10,77,4,51948,DEF_PACKAGING,REJECTED,INSP-117
QC-0004082,GR-0004082,MAT-01117,SUP-0004,2025-10-05,10,1,100000,DEF_ELECTRICAL,REJECTED,INSP-111
QC-0004083,GR-0004083,MAT-00420,SUP-0004,2025-09-26,62,7,112903,DEF_METALLURGY,REJECTED,INSP-113
QC-0004084,GR-0004084,MAT-00780,SUP-0012,2025-05-20,144,14,97222,DEF_METALLURGY,REJECTED,INSP-102
QC-0004085,GR-0004085,MAT-00365,SUP-0012,2025-05-15,126,14,111111,DEF_METALLURGY,REJECTED,INSP-118
QC-0004086,GR-0004086,MAT-00156,SUP-0012,2025-07-14,13,4,307692,DEF_DIMENSIONAL,REJECTED,INSP-105
QC-0004087,GR-0004087,MAT-00924,SUP-0012,2025-07-15,380,47,123684,DEF_PACKAGING,REJECTED,INSP-101
QC-0004088,GR-0004088,MAT-00740,SUP-0078,2025-06-25,54,5,92592,DEF_CONTAMINATION,REJECTED,INSP-102
QC-0004089,GR-0004089,MAT-00895,SUP-0084,2025-06-27,361,15,41551,DEF_DIMENSIONAL,REJECTED,INSP-104
QC-0004090,GR-0004090,MAT-00441,SUP-0102,2025-12-10,599,34,56761,DEF_PACKAGING,REJECTED,INSP-114
QC-0004091,GR-0004091,MAT-00171,SUP-0112,2025-08-25,14,0,0,,ACCEPTED,INSP-117
QC-0004092,GR-0004092,MAT-00084,SUP-0110,2026-01-12,178,13,73033,DEF_DIMENSIONAL,REJECTED,INSP-112
QC-0004093,GR-0004093,MAT-00428,SUP-0110,2026-01-16,53,8,150943,DEF_METALLURGY,REJECTED,INSP-121
QC-0004094,GR-0004094,MAT-00048,SUP-0110,2026-01-13,31,2,64516,DEF_CONTAMINATION,REJECTED,INSP-118
QC-0004095,GR-0004095,MAT-00153,SUP-0048,2025-07-16,15,1,66666,DEF_ELECTRICAL,REJECTED,INSP-114
QC-0004096,GR-0004096,MAT-01081,SUP-0039,2025-10-29,35,5,142857,DEF_PACKAGING,REJECTED,INSP-118
QC-0004097,GR-0004097,MAT-00915,SUP-0096,2025-12-11,20,2,100000,DEF_PACKAGING,REJECTED,INSP-122
QC-0004098,GR-0004098,MAT-01008,SUP-0024,2025-05-16,186,12,64516,DEF_DIMENSIONAL,REJECTED,INSP-120
QC-0004099,GR-0004099,MAT-00921,SUP-0024,2025-05-13,19,2,105263,DEF_SURFACE,REJECTED,INSP-118
QC-0004100,GR-0004100,MAT-00603,SUP-0082,2025-04-05,17,3,176470,DEF_DIMENSIONAL,REJECTED,INSP-120
QC-0004101,GR-0004101,MAT-00016,SUP-0095,2026-01-13,42,2,47619,DEF_CONTAMINATION,REJECTED,INSP-110
QC-0004102,GR-0004102,MAT-00907,SUP-0019,2025-12-31,220,22,100000,DEF_DIMENSIONAL,REJECTED,INSP-124
QC-0004103,GR-0004103,MAT-01121,SUP-0019,2026-01-06,69,11,159420,DEF_PACKAGING,REJECTED,INSP-106
QC-0004104,GR-0004104,MAT-00268,SUP-0024,2025-10-25,187,8,42780,DEF_METALLURGY,REJECTED,INSP-124
QC-0004105,GR-0004105,MAT-00396,SUP-0024,2025-10-29,126,10,79365,DEF_PACKAGING,REJECTED,INSP-111
QC-0004106,GR-0004106,MAT-00875,SUP-0093,2025-12-21,260,54,207692,DEF_METALLURGY,REJECTED,INSP-118
QC-0004107,GR-0004107,MAT-00081,SUP-0105,2025-10-27,33,0,0,,ACCEPTED,INSP-112
QC-0004108,GR-0004108,MAT-00136,SUP-0030,2025-04-15,10,0,0,,ACCEPTED,INSP-120
QC-0004109,GR-0004109,MAT-00182,SUP-0115,2025-10-06,36,6,166666,DEF_ELECTRICAL,REJECTED,INSP-113
QC-0004110,GR-0004110,MAT-00918,SUP-0081,2025-06-27,99,15,151515,DEF_ELECTRICAL,REJECTED,INSP-104
QC-0004111,GR-0004111,MAT-01024,SUP-0032,2026-01-14,49,1,20408,DEF_DIMENSIONAL,CONCESSION,INSP-115
QC-0004112,GR-0004112,MAT-00693,SUP-0032,2026-01-17,227,14,61674,DEF_PACKAGING,REJECTED,INSP-113
QC-0004113,GR-0004113,MAT-01157,SUP-0032,2026-01-12,97,11,113402,DEF_PACKAGING,REJECTED,INSP-121
QC-0004114,GR-0004114,MAT-00060,SUP-0063,2026-02-22,206,24,116504,DEF_SURFACE,REJECTED,INSP-115
QC-0004115,GR-0004115,MAT-00865,SUP-0076,2025-10-11,672,65,96726,DEF_PACKAGING,REJECTED,INSP-125
QC-0004116,GR-0004116,MAT-00956,SUP-0076,2025-10-09,30,3,100000,DEF_ELECTRICAL,REJECTED,INSP-114
QC-0004117,GR-0004117,MAT-00083,SUP-0076,2025-10-09,22,1,45454,DEF_METALLURGY,REJECTED,INSP-119
QC-0004118,GR-0004118,MAT-00313,SUP-0108,2025-10-24,36,3,83333,DEF_METALLURGY,REJECTED,INSP-115
QC-0004119,GR-0004119,MAT-00626,SUP-0108,2025-10-22,421,41,97387,DEF_CONTAMINATION,REJECTED,INSP-123
QC-0004120,GR-0004120,MAT-00333,SUP-0108,2025-10-22,103,8,77669,DEF_PACKAGING,REJECTED,INSP-112
QC-0004121,GR-0004121,MAT-00279,SUP-0108,2025-10-22,17,0,0,,ACCEPTED,INSP-117
QC-0004122,GR-0004122,MAT-00389,SUP-0008,2025-09-09,502,52,103585,DEF_METALLURGY,REJECTED,INSP-117
QC-0004123,GR-0004123,MAT-00374,SUP-0081,2025-06-28,11,2,181818,DEF_METALLURGY,REJECTED,INSP-120
QC-0004124,GR-0004124,MAT-00358,SUP-0018,2025-08-03,132,10,75757,DEF_CONTAMINATION,REJECTED,INSP-114
QC-0004125,GR-0004125,MAT-00696,SUP-0018,2025-07-26,570,51,89473,DEF_DIMENSIONAL,REJECTED,INSP-113
QC-0004126,GR-0004126,MAT-00033,SUP-0018,2025-07-27,247,22,89068,DEF_SURFACE,REJECTED,INSP-123
QC-0004127,GR-0004127,MAT-00523,SUP-0001,2026-04-18,404,116,287128,DEF_ELECTRICAL,REJECTED,INSP-117
QC-0004128,GR-0004128,MAT-01083,SUP-0017,2026-03-30,115,35,304347,DEF_CONTAMINATION,REJECTED,INSP-124
QC-0004129,GR-0004129,MAT-00932,SUP-0087,2025-12-08,313,6,19169,DEF_PACKAGING,CONCESSION,INSP-101
QC-0004130,GR-0004130,MAT-00711,SUP-0087,2025-12-07,228,5,21929,DEF_ELECTRICAL,CONCESSION,INSP-104
QC-0004131,GR-0004131,MAT-00492,SUP-0103,2025-12-19,62,7,112903,DEF_PACKAGING,REJECTED,INSP-110
QC-0004132,GR-0004132,MAT-00463,SUP-0081,2025-06-08,13,1,76923,DEF_SURFACE,REJECTED,INSP-122
QC-0004133,GR-0004133,MAT-00116,SUP-0081,2025-06-07,66,5,75757,DEF_CONTAMINATION,REJECTED,INSP-110
QC-0004134,GR-0004134,MAT-00842,SUP-0081,2025-06-10,40,3,75000,DEF_DIMENSIONAL,REJECTED,INSP-106
QC-0004135,GR-0004135,MAT-00504,SUP-0031,2025-10-26,229,55,240174,DEF_DIMENSIONAL,REJECTED,INSP-112
QC-0004136,GR-0004136,MAT-00767,SUP-0031,2025-10-25,10,1,100000,DEF_ELECTRICAL,REJECTED,INSP-119
QC-0004137,GR-0004137,MAT-00402,SUP-0085,2025-09-28,69,2,28985,DEF_ELECTRICAL,CONCESSION,INSP-121
QC-0004138,GR-0004138,MAT-00351,SUP-0085,2025-09-30,157,4,25477,DEF_PACKAGING,CONCESSION,INSP-117
QC-0004139,GR-0004139,MAT-01082,SUP-0085,2025-09-28,201,2,9950,DEF_ELECTRICAL,CONCESSION,INSP-105
QC-0004140,GR-0004140,MAT-00373,SUP-0073,2026-03-03,315,33,104761,DEF_SURFACE,REJECTED,INSP-124
QC-0004141,GR-0004141,MAT-00595,SUP-0044,2025-09-25,15,3,200000,DEF_SURFACE,REJECTED,INSP-122
QC-0004142,GR-0004142,MAT-00342,SUP-0033,2026-03-06,33,2,60606,DEF_SURFACE,REJECTED,INSP-115
QC-0004143,GR-0004143,MAT-00487,SUP-0033,2026-03-06,22,1,45454,DEF_DIMENSIONAL,REJECTED,INSP-114
QC-0004144,GR-0004144,MAT-00752,SUP-0052,2025-08-25,69,4,57971,DEF_CONTAMINATION,REJECTED,INSP-102
QC-0004145,GR-0004145,MAT-00560,SUP-0094,2025-10-14,80,0,0,,ACCEPTED,INSP-112
QC-0004146,GR-0004146,MAT-01027,SUP-0094,2025-10-15,18,0,0,,ACCEPTED,INSP-120
QC-0004147,GR-0004147,MAT-00356,SUP-0098,2025-11-10,57,8,140350,DEF_METALLURGY,REJECTED,INSP-121
QC-0004148,GR-0004148,MAT-00005,SUP-0006,2025-07-25,185,4,21621,DEF_CONTAMINATION,CONCESSION,INSP-104
QC-0004149,GR-0004149,MAT-00155,SUP-0008,2026-03-09,383,56,146214,DEF_PACKAGING,REJECTED,INSP-123
QC-0004150,GR-0004150,MAT-00481,SUP-0008,2026-03-07,10,1,100000,DEF_PACKAGING,REJECTED,INSP-111
QC-0004151,GR-0004151,MAT-00954,SUP-0027,2025-10-08,97,8,82474,DEF_METALLURGY,REJECTED,INSP-102
QC-0004152,GR-0004152,MAT-01031,SUP-0091,2026-01-28,346,13,37572,DEF_METALLURGY,CONCESSION,INSP-119
QC-0004153,GR-0004153,MAT-00489,SUP-0091,2026-01-27,59,1,16949,DEF_METALLURGY,CONCESSION,INSP-106
QC-0004154,GR-0004154,MAT-01096,SUP-0091,2026-01-28,26,0,0,,ACCEPTED,INSP-124
QC-0004155,GR-0004155,MAT-00787,SUP-0091,2026-01-25,71,3,42253,DEF_CONTAMINATION,REJECTED,INSP-123
QC-0004156,GR-0004156,MAT-00862,SUP-0034,2025-12-27,33,1,30303,DEF_CONTAMINATION,CONCESSION,INSP-123
QC-0004157,GR-0004157,MAT-00847,SUP-0097,2026-03-30,678,58,85545,DEF_ELECTRICAL,REJECTED,INSP-124
QC-0004158,GR-0004158,MAT-00302,SUP-0097,2026-03-27,15,0,0,,ACCEPTED,INSP-102
QC-0004159,GR-0004159,MAT-00131,SUP-0012,2026-02-26,52,7,134615,DEF_METALLURGY,REJECTED,INSP-116
QC-0004160,GR-0004160,MAT-00546,SUP-0112,2026-03-15,107,3,28037,DEF_DIMENSIONAL,CONCESSION,INSP-103
QC-0004161,GR-0004161,MAT-00338,SUP-0012,2025-04-30,19,3,157894,DEF_DIMENSIONAL,REJECTED,INSP-124
QC-0004162,GR-0004162,MAT-00091,SUP-0012,2025-04-29,150,8,53333,DEF_CONTAMINATION,REJECTED,INSP-106
QC-0004163,GR-0004163,MAT-00521,SUP-0012,2025-04-30,151,16,105960,DEF_CONTAMINATION,REJECTED,INSP-108
QC-0004164,GR-0004164,MAT-00384,SUP-0012,2025-04-26,69,4,57971,DEF_CONTAMINATION,REJECTED,INSP-110
QC-0004165,GR-0004165,MAT-00985,SUP-0084,2026-01-30,45,2,44444,DEF_METALLURGY,REJECTED,INSP-104
QC-0004166,GR-0004166,MAT-00465,SUP-0084,2026-02-02,53,5,94339,DEF_SURFACE,REJECTED,INSP-118
QC-0004167,GR-0004167,MAT-00232,SUP-0084,2026-02-03,705,29,41134,DEF_METALLURGY,REJECTED,INSP-115
QC-0004168,GR-0004168,MAT-00124,SUP-0084,2026-01-30,48,2,41666,DEF_ELECTRICAL,REJECTED,INSP-101
QC-0004169,GR-0004169,MAT-00164,SUP-0005,2025-07-03,106,11,103773,DEF_ELECTRICAL,REJECTED,INSP-118
QC-0004170,GR-0004170,MAT-00810,SUP-0049,2025-11-01,42,6,142857,DEF_ELECTRICAL,REJECTED,INSP-110
QC-0004171,GR-0004171,MAT-00127,SUP-0104,2025-12-28,57,4,70175,DEF_SURFACE,REJECTED,INSP-108
QC-0004172,GR-0004172,MAT-00804,SUP-0104,2025-12-23,10,3,300000,DEF_CONTAMINATION,REJECTED,INSP-125
QC-0004173,GR-0004173,MAT-00975,SUP-0104,2025-12-25,141,9,63829,DEF_CONTAMINATION,REJECTED,INSP-105
QC-0004174,GR-0004174,MAT-01001,SUP-0030,2025-11-08,100,10,100000,DEF_PACKAGING,REJECTED,INSP-124
QC-0004175,GR-0004175,MAT-00725,SUP-0120,2025-12-09,343,22,64139,DEF_METALLURGY,REJECTED,INSP-114
QC-0004176,GR-0004176,MAT-00560,SUP-0120,2025-12-07,105,3,28571,DEF_CONTAMINATION,CONCESSION,INSP-108
QC-0004177,GR-0004177,MAT-00663,SUP-0120,2025-12-06,136,8,58823,DEF_CONTAMINATION,REJECTED,INSP-109
QC-0004178,GR-0004178,MAT-00059,SUP-0083,2025-07-14,273,14,51282,DEF_CONTAMINATION,REJECTED,INSP-114
QC-0004179,GR-0004179,MAT-01095,SUP-0083,2025-07-08,65,1,15384,DEF_PACKAGING,CONCESSION,INSP-121
QC-0004180,GR-0004180,MAT-00428,SUP-0070,2026-03-21,58,20,344827,DEF_SURFACE,REJECTED,INSP-105
QC-0004181,GR-0004181,MAT-00205,SUP-0018,2025-11-02,146,12,82191,DEF_DIMENSIONAL,REJECTED,INSP-101
QC-0004182,GR-0004182,MAT-01097,SUP-0018,2025-10-27,211,14,66350,DEF_SURFACE,REJECTED,INSP-121
QC-0004183,GR-0004183,MAT-00010,SUP-0081,2025-07-15,35,4,114285,DEF_METALLURGY,REJECTED,INSP-125
QC-0004184,GR-0004184,MAT-00889,SUP-0081,2025-07-10,595,70,117647,DEF_METALLURGY,REJECTED,INSP-124
QC-0004185,GR-0004185,MAT-00274,SUP-0081,2025-07-23,117,11,94017,DEF_DIMENSIONAL,REJECTED,INSP-120
QC-0004186,GR-0004186,MAT-01130,SUP-0081,2025-07-15,132,16,121212,DEF_METALLURGY,REJECTED,INSP-107
QC-0004187,GR-0004187,MAT-00785,SUP-0092,2025-07-14,12,1,83333,DEF_METALLURGY,REJECTED,INSP-108
QC-0004188,GR-0004188,MAT-01025,SUP-0095,2026-03-19,37,2,54054,DEF_SURFACE,REJECTED,INSP-113
QC-0004189,GR-0004189,MAT-00586,SUP-0095,2026-03-24,174,9,51724,DEF_SURFACE,REJECTED,INSP-119
QC-0004190,GR-0004190,MAT-00567,SUP-0025,2025-07-31,358,13,36312,DEF_PACKAGING,CONCESSION,INSP-103
QC-0004191,GR-0004191,MAT-00678,SUP-0025,2025-08-02,86,1,11627,DEF_ELECTRICAL,CONCESSION,INSP-111
QC-0004192,GR-0004192,MAT-00916,SUP-0047,2025-10-03,68,1,14705,DEF_ELECTRICAL,CONCESSION,INSP-122
QC-0004193,GR-0004193,MAT-00996,SUP-0069,2026-01-13,348,3,8620,DEF_PACKAGING,CONCESSION,INSP-115
QC-0004194,GR-0004194,MAT-00350,SUP-0069,2026-01-18,12,0,0,,ACCEPTED,INSP-103
QC-0004195,GR-0004195,MAT-00678,SUP-0069,2025-11-26,267,4,14981,DEF_METALLURGY,CONCESSION,INSP-111
QC-0004196,GR-0004196,MAT-00169,SUP-0069,2025-11-25,272,5,18382,DEF_PACKAGING,CONCESSION,INSP-122
QC-0004197,GR-0004197,MAT-00665,SUP-0009,2025-12-08,13,2,153846,DEF_PACKAGING,REJECTED,INSP-115
QC-0004198,GR-0004198,MAT-00359,SUP-0009,2025-12-03,522,90,172413,DEF_DIMENSIONAL,REJECTED,INSP-125
QC-0004199,GR-0004199,MAT-01153,SUP-0090,2025-10-16,262,21,80152,DEF_CONTAMINATION,REJECTED,INSP-123
QC-0004200,GR-0004200,MAT-01017,SUP-0044,2026-01-26,40,9,225000,DEF_METALLURGY,REJECTED,INSP-125
QC-0004201,GR-0004201,MAT-00696,SUP-0044,2026-01-25,311,63,202572,DEF_METALLURGY,REJECTED,INSP-124
QC-0004202,GR-0004202,MAT-00897,SUP-0044,2026-02-02,10,1,100000,DEF_PACKAGING,REJECTED,INSP-101
QC-0004203,GR-0004203,MAT-01148,SUP-0048,2025-12-26,714,50,70028,DEF_DIMENSIONAL,REJECTED,INSP-108
QC-0004204,GR-0004204,MAT-00580,SUP-0048,2025-12-29,236,18,76271,DEF_CONTAMINATION,REJECTED,INSP-110
QC-0004205,GR-0004205,MAT-01156,SUP-0117,2025-07-28,283,22,77738,DEF_SURFACE,REJECTED,INSP-120
QC-0004206,GR-0004206,MAT-00698,SUP-0011,2025-12-01,10,0,0,,ACCEPTED,INSP-122
QC-0004207,GR-0004207,MAT-00508,SUP-0011,2025-11-24,17,3,176470,DEF_SURFACE,REJECTED,INSP-119
QC-0004208,GR-0004208,MAT-00583,SUP-0064,2025-12-16,598,49,81939,DEF_PACKAGING,REJECTED,INSP-108
QC-0004209,GR-0004209,MAT-00045,SUP-0064,2025-12-18,312,25,80128,DEF_SURFACE,REJECTED,INSP-123
QC-0004210,GR-0004210,MAT-01047,SUP-0033,2025-12-09,13,1,76923,DEF_METALLURGY,REJECTED,INSP-114
QC-0004211,GR-0004211,MAT-00835,SUP-0033,2025-12-11,97,9,92783,DEF_PACKAGING,REJECTED,INSP-101
QC-0004212,GR-0004212,MAT-01080,SUP-0112,2025-08-06,64,3,46875,DEF_PACKAGING,REJECTED,INSP-103
QC-0004213,GR-0004213,MAT-00784,SUP-0055,2026-02-03,17,0,0,,ACCEPTED,INSP-121
QC-0004214,GR-0004214,MAT-00210,SUP-0055,2026-02-03,28,2,71428,DEF_PACKAGING,REJECTED,INSP-108
QC-0004215,GR-0004215,MAT-00136,SUP-0030,2025-04-11,10,2,200000,DEF_ELECTRICAL,REJECTED,INSP-111
QC-0004216,GR-0004216,MAT-00503,SUP-0030,2025-04-14,67,3,44776,DEF_DIMENSIONAL,REJECTED,INSP-108
QC-0004217,GR-0004217,MAT-00474,SUP-0030,2025-04-12,18,4,222222,DEF_METALLURGY,REJECTED,INSP-102
QC-0004218,GR-0004218,MAT-00766,SUP-0088,2025-10-08,10,0,0,,ACCEPTED,INSP-113
QC-0004219,GR-0004219,MAT-00881,SUP-0088,2025-10-10,18,1,55555,DEF_PACKAGING,REJECTED,INSP-119
QC-0004220,GR-0004220,MAT-00371,SUP-0015,2026-04-13,10,1,100000,DEF_SURFACE,REJECTED,INSP-110
QC-0004221,GR-0004221,MAT-00099,SUP-0051,2025-12-15,99,1,10101,DEF_METALLURGY,CONCESSION,INSP-102
QC-0004222,GR-0004222,MAT-00847,SUP-0097,2025-09-20,661,46,69591,DEF_DIMENSIONAL,REJECTED,INSP-113
QC-0004223,GR-0004223,MAT-00701,SUP-0086,2026-01-15,348,2,5747,DEF_DIMENSIONAL,CONCESSION,INSP-105
QC-0004224,GR-0004224,MAT-00120,SUP-0059,2026-01-31,517,77,148936,DEF_CONTAMINATION,REJECTED,INSP-110
QC-0004225,GR-0004225,MAT-00513,SUP-0048,2026-03-06,21,0,0,,ACCEPTED,INSP-114
QC-0004226,GR-0004226,MAT-00104,SUP-0048,2026-03-09,10,0,0,,ACCEPTED,INSP-107
QC-0004227,GR-0004227,MAT-00419,SUP-0076,2026-02-28,47,8,170212,DEF_DIMENSIONAL,REJECTED,INSP-114
QC-0004228,GR-0004228,MAT-00278,SUP-0076,2026-02-25,13,0,0,,ACCEPTED,INSP-123
QC-0004229,GR-0004229,MAT-00511,SUP-0076,2026-02-22,13,2,153846,DEF_SURFACE,REJECTED,INSP-116
QC-0004230,GR-0004230,MAT-00169,SUP-0117,2026-01-12,168,14,83333,DEF_ELECTRICAL,REJECTED,INSP-121
QC-0004231,GR-0004231,MAT-01066,SUP-0117,2026-01-15,84,7,83333,DEF_CONTAMINATION,REJECTED,INSP-113
QC-0004232,GR-0004232,MAT-00059,SUP-0117,2026-01-13,214,16,74766,DEF_METALLURGY,REJECTED,INSP-116
QC-0004233,GR-0004233,MAT-00294,SUP-0117,2026-01-11,18,1,55555,DEF_CONTAMINATION,REJECTED,INSP-107
QC-0004234,GR-0004234,MAT-00036,SUP-0048,2025-12-11,95,8,84210,DEF_ELECTRICAL,REJECTED,INSP-121
QC-0004235,GR-0004235,MAT-00577,SUP-0018,2025-07-05,322,23,71428,DEF_DIMENSIONAL,REJECTED,INSP-118
QC-0004236,GR-0004236,MAT-00627,SUP-0092,2025-09-07,34,2,58823,DEF_DIMENSIONAL,REJECTED,INSP-124
QC-0004237,GR-0004237,MAT-00861,SUP-0092,2025-09-05,362,20,55248,DEF_PACKAGING,REJECTED,INSP-122
QC-0004238,GR-0004238,MAT-01152,SUP-0092,2025-09-07,740,45,60810,DEF_DIMENSIONAL,REJECTED,INSP-113
QC-0004239,GR-0004239,MAT-00523,SUP-0001,2025-12-18,497,146,293762,DEF_PACKAGING,REJECTED,INSP-117
QC-0004240,GR-0004240,MAT-00511,SUP-0001,2025-12-13,10,2,200000,DEF_SURFACE,REJECTED,INSP-124
QC-0004241,GR-0004241,MAT-01195,SUP-0001,2025-12-14,15,5,333333,DEF_PACKAGING,REJECTED,INSP-124
QC-0004242,GR-0004242,MAT-00895,SUP-0084,2026-01-08,274,21,76642,DEF_METALLURGY,REJECTED,INSP-110
QC-0004243,GR-0004243,MAT-00323,SUP-0023,2025-11-25,10,0,0,,ACCEPTED,INSP-121
QC-0004244,GR-0004244,MAT-00229,SUP-0110,2025-09-12,46,5,108695,DEF_ELECTRICAL,REJECTED,INSP-114
QC-0004245,GR-0004245,MAT-01146,SUP-0052,2025-03-07,10,1,100000,DEF_DIMENSIONAL,REJECTED,INSP-115
QC-0004246,GR-0004246,MAT-00684,SUP-0089,2025-11-27,544,47,86397,DEF_ELECTRICAL,REJECTED,INSP-106
QC-0004247,GR-0004247,MAT-00601,SUP-0089,2025-11-24,37,4,108108,DEF_ELECTRICAL,REJECTED,INSP-113
QC-0004248,GR-0004248,MAT-00886,SUP-0089,2025-11-27,15,2,133333,DEF_SURFACE,REJECTED,INSP-120
QC-0004249,GR-0004249,MAT-00659,SUP-0105,2025-09-11,304,11,36184,DEF_METALLURGY,CONCESSION,INSP-123
QC-0004250,GR-0004250,MAT-00759,SUP-0044,2026-03-14,169,20,118343,DEF_DIMENSIONAL,REJECTED,INSP-112
QC-0004251,GR-0004251,MAT-01078,SUP-0044,2026-03-25,18,4,222222,DEF_DIMENSIONAL,REJECTED,INSP-107
QC-0004252,GR-0004252,MAT-01103,SUP-0044,2026-03-26,36,3,83333,DEF_DIMENSIONAL,REJECTED,INSP-101
QC-0004253,GR-0004253,MAT-00524,SUP-0044,2026-03-10,111,24,216216,DEF_METALLURGY,REJECTED,INSP-114
QC-0004254,GR-0004254,MAT-00020,SUP-0049,2025-04-01,178,6,33707,DEF_DIMENSIONAL,CONCESSION,INSP-124
QC-0004255,GR-0004255,MAT-00093,SUP-0049,2025-03-30,56,4,71428,DEF_DIMENSIONAL,REJECTED,INSP-101
QC-0004256,GR-0004256,MAT-00617,SUP-0082,2026-02-10,27,5,185185,DEF_PACKAGING,REJECTED,INSP-111
QC-0004257,GR-0004257,MAT-00468,SUP-0082,2026-02-27,86,13,151162,DEF_PACKAGING,REJECTED,INSP-124
QC-0004258,GR-0004258,MAT-00635,SUP-0041,2025-07-29,323,24,74303,DEF_CONTAMINATION,REJECTED,INSP-109
QC-0004259,GR-0004259,MAT-01015,SUP-0041,2025-08-02,73,5,68493,DEF_SURFACE,REJECTED,INSP-115
QC-0004260,GR-0004260,MAT-00868,SUP-0038,2025-11-21,59,3,50847,DEF_ELECTRICAL,REJECTED,INSP-105
QC-0004261,GR-0004261,MAT-00026,SUP-0001,2025-07-17,381,84,220472,DEF_ELECTRICAL,REJECTED,INSP-119
QC-0004262,GR-0004262,MAT-00550,SUP-0001,2025-08-02,360,83,230555,DEF_METALLURGY,REJECTED,INSP-111
QC-0004263,GR-0004263,MAT-00663,SUP-0042,2026-01-08,145,6,41379,DEF_DIMENSIONAL,REJECTED,INSP-112
QC-0004264,GR-0004264,MAT-00413,SUP-0042,2026-01-17,16,2,125000,DEF_METALLURGY,REJECTED,INSP-106
QC-0004265,GR-0004265,MAT-01151,SUP-0092,2025-12-17,351,26,74074,DEF_CONTAMINATION,REJECTED,INSP-109
QC-0004266,GR-0004266,MAT-00728,SUP-0030,2025-11-08,711,79,111111,DEF_CONTAMINATION,REJECTED,INSP-110
QC-0004267,GR-0004267,MAT-00144,SUP-0054,2025-12-12,17,0,0,,ACCEPTED,INSP-111
QC-0004268,GR-0004268,MAT-00852,SUP-0084,2026-04-07,74,8,108108,DEF_DIMENSIONAL,REJECTED,INSP-120
QC-0004269,GR-0004269,MAT-00618,SUP-0037,2025-08-04,10,0,0,,ACCEPTED,INSP-123
QC-0004270,GR-0004270,MAT-00835,SUP-0037,2025-08-07,266,14,52631,DEF_CONTAMINATION,REJECTED,INSP-125
QC-0004271,GR-0004271,MAT-00700,SUP-0091,2025-03-25,166,13,78313,DEF_ELECTRICAL,REJECTED,INSP-103
QC-0004272,GR-0004272,MAT-00147,SUP-0004,2026-04-01,13,1,76923,DEF_ELECTRICAL,REJECTED,INSP-114
QC-0004273,GR-0004273,MAT-00270,SUP-0059,2026-01-31,10,0,0,,ACCEPTED,INSP-112
QC-0004274,GR-0004274,MAT-00828,SUP-0105,2026-03-31,143,1,6993,DEF_METALLURGY,CONCESSION,INSP-104
QC-0004275,GR-0004275,MAT-01163,SUP-0012,2025-12-23,169,17,100591,DEF_DIMENSIONAL,REJECTED,INSP-107
QC-0004276,GR-0004276,MAT-01188,SUP-0012,2025-12-20,22,2,90909,DEF_PACKAGING,REJECTED,INSP-122
QC-0004277,GR-0004277,MAT-00623,SUP-0117,2026-03-13,10,0,0,,ACCEPTED,INSP-119
QC-0004278,GR-0004278,MAT-00460,SUP-0026,2025-11-19,30,0,0,,ACCEPTED,INSP-122
QC-0004279,GR-0004279,MAT-00420,SUP-0026,2025-11-15,95,3,31578,DEF_PACKAGING,CONCESSION,INSP-116
QC-0004280,GR-0004280,MAT-00376,SUP-0068,2026-02-08,201,1,4975,DEF_PACKAGING,CONCESSION,INSP-110
QC-0004281,GR-0004281,MAT-00273,SUP-0068,2026-02-11,15,0,0,,ACCEPTED,INSP-116
QC-0004282,GR-0004282,MAT-00021,SUP-0120,2025-12-29,60,4,66666,DEF_SURFACE,REJECTED,INSP-123
QC-0004283,GR-0004283,MAT-00186,SUP-0120,2025-12-29,492,28,56910,DEF_SURFACE,REJECTED,INSP-117
QC-0004284,GR-0004284,MAT-01029,SUP-0120,2025-12-26,66,1,15151,DEF_PACKAGING,CONCESSION,INSP-101
QC-0004285,GR-0004285,MAT-00500,SUP-0120,2025-12-30,21,1,47619,DEF_PACKAGING,REJECTED,INSP-106
QC-0004286,GR-0004286,MAT-00035,SUP-0057,2025-07-26,40,3,75000,DEF_DIMENSIONAL,REJECTED,INSP-110
QC-0004287,GR-0004287,MAT-00308,SUP-0056,2025-09-04,100,8,80000,DEF_METALLURGY,REJECTED,INSP-123
QC-0004288,GR-0004288,MAT-00423,SUP-0087,2025-08-02,27,0,0,,ACCEPTED,INSP-112
QC-0004289,GR-0004289,MAT-00341,SUP-0028,2025-08-27,77,7,90909,DEF_DIMENSIONAL,REJECTED,INSP-121
QC-0004290,GR-0004290,MAT-00073,SUP-0015,2025-11-09,30,8,266666,DEF_PACKAGING,REJECTED,INSP-125
QC-0004291,GR-0004291,MAT-00632,SUP-0055,2025-12-15,10,1,100000,DEF_PACKAGING,REJECTED,INSP-120
QC-0004292,GR-0004292,MAT-00666,SUP-0055,2025-12-16,41,0,0,,ACCEPTED,INSP-114
QC-0004293,GR-0004293,MAT-00470,SUP-0006,2025-12-19,14,0,0,,ACCEPTED,INSP-118
QC-0004294,GR-0004294,MAT-00310,SUP-0006,2025-12-17,10,0,0,,ACCEPTED,INSP-106
QC-0004295,GR-0004295,MAT-00498,SUP-0009,2025-12-11,145,30,206896,DEF_SURFACE,REJECTED,INSP-109
QC-0004296,GR-0004296,MAT-00675,SUP-0009,2025-12-10,45,9,200000,DEF_METALLURGY,REJECTED,INSP-101
QC-0004297,GR-0004297,MAT-00846,SUP-0115,2026-01-11,13,3,230769,DEF_CONTAMINATION,REJECTED,INSP-122
QC-0004298,GR-0004298,MAT-00132,SUP-0012,2025-05-22,151,16,105960,DEF_ELECTRICAL,REJECTED,INSP-121
QC-0004299,GR-0004299,MAT-00956,SUP-0056,2025-05-26,15,1,66666,DEF_CONTAMINATION,REJECTED,INSP-103
QC-0004300,GR-0004300,MAT-00789,SUP-0115,2025-07-28,129,17,131782,DEF_METALLURGY,REJECTED,INSP-105
QC-0004301,GR-0004301,MAT-00984,SUP-0115,2025-08-02,12,2,166666,DEF_CONTAMINATION,REJECTED,INSP-117
QC-0004302,GR-0004302,MAT-00151,SUP-0041,2025-12-06,12,2,166666,DEF_METALLURGY,REJECTED,INSP-118
QC-0004303,GR-0004303,MAT-00574,SUP-0041,2025-12-05,17,1,58823,DEF_METALLURGY,REJECTED,INSP-123
QC-0004304,GR-0004304,MAT-00395,SUP-0041,2025-12-06,135,20,148148,DEF_CONTAMINATION,REJECTED,INSP-121
QC-0004305,GR-0004305,MAT-01007,SUP-0095,2025-08-02,185,4,21621,DEF_CONTAMINATION,CONCESSION,INSP-113
QC-0004306,GR-0004306,MAT-00064,SUP-0095,2025-08-05,64,3,46875,DEF_CONTAMINATION,REJECTED,INSP-109
QC-0004307,GR-0004307,MAT-01005,SUP-0009,2025-11-04,549,108,196721,DEF_SURFACE,REJECTED,INSP-106
QC-0004308,GR-0004308,MAT-00221,SUP-0009,2025-10-31,546,103,188644,DEF_SURFACE,REJECTED,INSP-117
QC-0004309,GR-0004309,MAT-00319,SUP-0018,2025-11-03,360,23,63888,DEF_ELECTRICAL,REJECTED,INSP-110
QC-0004310,GR-0004310,MAT-00676,SUP-0018,2025-10-31,199,10,50251,DEF_CONTAMINATION,REJECTED,INSP-103
QC-0004311,GR-0004311,MAT-00201,SUP-0075,2026-03-05,627,64,102073,DEF_ELECTRICAL,REJECTED,INSP-110
QC-0004312,GR-0004312,MAT-00112,SUP-0075,2026-03-04,37,5,135135,DEF_ELECTRICAL,REJECTED,INSP-124
QC-0004313,GR-0004313,MAT-01027,SUP-0075,2026-03-12,10,0,0,,ACCEPTED,INSP-103
QC-0004314,GR-0004314,MAT-00127,SUP-0104,2025-03-21,97,4,41237,DEF_DIMENSIONAL,REJECTED,INSP-115
QC-0004315,GR-0004315,MAT-00311,SUP-0104,2025-03-29,15,2,133333,DEF_ELECTRICAL,REJECTED,INSP-120
QC-0004316,GR-0004316,MAT-00599,SUP-0104,2025-03-30,31,3,96774,DEF_METALLURGY,REJECTED,INSP-123
QC-0004317,GR-0004317,MAT-00148,SUP-0004,2026-01-17,226,34,150442,DEF_METALLURGY,REJECTED,INSP-103
QC-0004318,GR-0004318,MAT-01040,SUP-0004,2026-01-25,22,3,136363,DEF_SURFACE,REJECTED,INSP-113
QC-0004319,GR-0004319,MAT-00347,SUP-0079,2026-01-20,42,4,95238,DEF_ELECTRICAL,REJECTED,INSP-111
QC-0004320,GR-0004320,MAT-01018,SUP-0013,2026-02-25,29,3,103448,DEF_METALLURGY,REJECTED,INSP-122
QC-0004321,GR-0004321,MAT-01041,SUP-0004,2025-04-07,381,51,133858,DEF_PACKAGING,REJECTED,INSP-125
QC-0004322,GR-0004322,MAT-01163,SUP-0004,2025-04-02,135,11,81481,DEF_SURFACE,REJECTED,INSP-105
QC-0004323,GR-0004323,MAT-00551,SUP-0004,2025-04-08,308,39,126623,DEF_DIMENSIONAL,REJECTED,INSP-123
QC-0004324,GR-0004324,MAT-01155,SUP-0096,2025-07-10,30,0,0,,ACCEPTED,INSP-116
QC-0004325,GR-0004325,MAT-00608,SUP-0096,2025-07-09,65,4,61538,DEF_ELECTRICAL,REJECTED,INSP-119
QC-0004326,GR-0004326,MAT-00525,SUP-0021,2026-04-13,20,1,50000,DEF_DIMENSIONAL,REJECTED,INSP-101
QC-0004327,GR-0004327,MAT-00810,SUP-0021,2026-04-15,48,1,20833,DEF_CONTAMINATION,CONCESSION,INSP-105
QC-0004328,GR-0004328,MAT-00487,SUP-0021,2026-04-15,34,1,29411,DEF_CONTAMINATION,CONCESSION,INSP-113
QC-0004329,GR-0004329,MAT-01098,SUP-0091,2025-11-12,14,1,71428,DEF_ELECTRICAL,REJECTED,INSP-103
QC-0004330,GR-0004330,MAT-00070,SUP-0047,2025-12-13,29,0,0,,ACCEPTED,INSP-110
QC-0004331,GR-0004331,MAT-01056,SUP-0047,2025-12-13,10,0,0,,ACCEPTED,INSP-102
QC-0004332,GR-0004332,MAT-00427,SUP-0064,2026-01-12,10,0,0,,ACCEPTED,INSP-114
QC-0004333,GR-0004333,MAT-00584,SUP-0017,2026-02-18,37,12,324324,DEF_DIMENSIONAL,REJECTED,INSP-111
QC-0004334,GR-0004334,MAT-00060,SUP-0063,2026-02-11,716,68,94972,DEF_METALLURGY,REJECTED,INSP-123
QC-0004335,GR-0004335,MAT-00324,SUP-0007,2025-09-19,36,3,83333,DEF_ELECTRICAL,REJECTED,INSP-112
QC-0004336,GR-0004336,MAT-00908,SUP-0077,2026-03-30,35,1,28571,DEF_PACKAGING,CONCESSION,INSP-106
QC-0004337,GR-0004337,MAT-00513,SUP-0048,2025-05-12,42,2,47619,DEF_SURFACE,REJECTED,INSP-120
QC-0004338,GR-0004338,MAT-00207,SUP-0055,2025-08-18,22,0,0,,ACCEPTED,INSP-106
QC-0004339,GR-0004339,MAT-00588,SUP-0055,2025-08-20,163,2,12269,DEF_PACKAGING,CONCESSION,INSP-118
QC-0004340,GR-0004340,MAT-00397,SUP-0055,2025-08-19,229,2,8733,DEF_CONTAMINATION,CONCESSION,INSP-125
QC-0004341,GR-0004341,MAT-01002,SUP-0027,2026-04-09,105,12,114285,DEF_PACKAGING,REJECTED,INSP-116
QC-0004342,GR-0004342,MAT-00500,SUP-0104,2025-09-20,25,0,0,,ACCEPTED,INSP-109
QC-0004343,GR-0004343,MAT-00700,SUP-0104,2025-09-15,78,3,38461,DEF_SURFACE,CONCESSION,INSP-105
QC-0004344,GR-0004344,MAT-00872,SUP-0098,2025-08-23,90,9,100000,DEF_PACKAGING,REJECTED,INSP-111
QC-0004345,GR-0004345,MAT-01030,SUP-0046,2025-07-09,138,7,50724,DEF_METALLURGY,REJECTED,INSP-118
QC-0004346,GR-0004346,MAT-01057,SUP-0059,2026-03-01,326,44,134969,DEF_DIMENSIONAL,REJECTED,INSP-125
QC-0004347,GR-0004347,MAT-00251,SUP-0096,2025-08-29,165,12,72727,DEF_SURFACE,REJECTED,INSP-107
QC-0004348,GR-0004348,MAT-01188,SUP-0111,2026-02-22,35,3,85714,DEF_ELECTRICAL,REJECTED,INSP-119
QC-0004349,GR-0004349,MAT-00528,SUP-0083,2026-02-27,13,0,0,,ACCEPTED,INSP-107
QC-0004350,GR-0004350,MAT-01017,SUP-0083,2026-02-25,31,1,32258,DEF_ELECTRICAL,CONCESSION,INSP-118
QC-0004351,GR-0004351,MAT-00824,SUP-0095,2025-09-15,10,0,0,,ACCEPTED,INSP-107
QC-0004352,GR-0004352,MAT-01177,SUP-0031,2025-12-21,11,1,90909,DEF_DIMENSIONAL,REJECTED,INSP-117
QC-0004353,GR-0004353,MAT-00412,SUP-0023,2025-08-04,118,1,8474,DEF_CONTAMINATION,CONCESSION,INSP-119
QC-0004354,GR-0004354,MAT-00519,SUP-0023,2025-08-03,13,0,0,,ACCEPTED,INSP-124
QC-0004355,GR-0004355,MAT-00359,SUP-0023,2025-08-02,364,4,10989,DEF_ELECTRICAL,CONCESSION,INSP-114
QC-0004356,GR-0004356,MAT-00341,SUP-0028,2026-01-13,209,28,133971,DEF_PACKAGING,REJECTED,INSP-122
QC-0004357,GR-0004357,MAT-00917,SUP-0083,2025-10-05,74,4,54054,DEF_PACKAGING,REJECTED,INSP-121
QC-0004358,GR-0004358,MAT-00794,SUP-0114,2026-02-18,34,6,176470,DEF_ELECTRICAL,REJECTED,INSP-121
QC-0004359,GR-0004359,MAT-00635,SUP-0114,2026-02-13,79,10,126582,DEF_CONTAMINATION,REJECTED,INSP-117
QC-0004360,GR-0004360,MAT-00436,SUP-0114,2026-02-21,17,2,117647,DEF_CONTAMINATION,REJECTED,INSP-122
QC-0004361,GR-0004361,MAT-00964,SUP-0102,2026-02-20,54,1,18518,DEF_ELECTRICAL,CONCESSION,INSP-121
QC-0004362,GR-0004362,MAT-00044,SUP-0102,2026-02-22,10,0,0,,ACCEPTED,INSP-124
QC-0004363,GR-0004363,MAT-01046,SUP-0003,2026-01-25,122,14,114754,DEF_SURFACE,REJECTED,INSP-114
QC-0004364,GR-0004364,MAT-00419,SUP-0003,2026-02-01,52,5,96153,DEF_CONTAMINATION,REJECTED,INSP-105
QC-0004365,GR-0004365,MAT-01045,SUP-0093,2025-11-14,10,2,200000,DEF_DIMENSIONAL,REJECTED,INSP-114
QC-0004366,GR-0004366,MAT-00164,SUP-0005,2025-06-29,53,9,169811,DEF_ELECTRICAL,REJECTED,INSP-123
QC-0004367,GR-0004367,MAT-00963,SUP-0005,2025-06-24,227,35,154185,DEF_ELECTRICAL,REJECTED,INSP-115
QC-0004368,GR-0004368,MAT-00116,SUP-0005,2025-06-28,35,6,171428,DEF_SURFACE,REJECTED,INSP-116
QC-0004369,GR-0004369,MAT-00920,SUP-0110,2026-01-13,74,4,54054,DEF_ELECTRICAL,REJECTED,INSP-111
QC-0004370,GR-0004370,MAT-01145,SUP-0110,2026-01-17,12,1,83333,DEF_CONTAMINATION,REJECTED,INSP-120
QC-0004371,GR-0004371,MAT-00277,SUP-0021,2026-02-09,366,14,38251,DEF_PACKAGING,CONCESSION,INSP-125
QC-0004372,GR-0004372,MAT-00910,SUP-0019,2025-12-25,262,21,80152,DEF_ELECTRICAL,REJECTED,INSP-103
QC-0004373,GR-0004373,MAT-00381,SUP-0044,2025-09-15,430,72,167441,DEF_PACKAGING,REJECTED,INSP-108
QC-0004374,GR-0004374,MAT-01086,SUP-0053,2025-12-16,30,4,133333,DEF_METALLURGY,REJECTED,INSP-108
QC-0004375,GR-0004375,MAT-00967,SUP-0053,2025-12-15,273,37,135531,DEF_SURFACE,REJECTED,INSP-120
QC-0004376,GR-0004376,MAT-00359,SUP-0092,2025-09-27,188,15,79787,DEF_CONTAMINATION,REJECTED,INSP-101
QC-0004377,GR-0004377,MAT-00830,SUP-0092,2025-09-25,319,18,56426,DEF_ELECTRICAL,REJECTED,INSP-109
QC-0004378,GR-0004378,MAT-00849,SUP-0092,2025-09-28,43,3,69767,DEF_ELECTRICAL,REJECTED,INSP-122
QC-0004379,GR-0004379,MAT-00530,SUP-0013,2025-10-26,143,10,69930,DEF_PACKAGING,REJECTED,INSP-122
QC-0004380,GR-0004380,MAT-00730,SUP-0024,2026-01-09,316,19,60126,DEF_METALLURGY,REJECTED,INSP-103
QC-0004381,GR-0004381,MAT-01062,SUP-0007,2026-02-15,65,8,123076,DEF_METALLURGY,REJECTED,INSP-109
QC-0004382,GR-0004382,MAT-01175,SUP-0007,2025-08-24,10,3,300000,DEF_ELECTRICAL,REJECTED,INSP-123
QC-0004383,GR-0004383,MAT-00211,SUP-0084,2025-11-06,149,6,40268,DEF_DIMENSIONAL,REJECTED,INSP-109
QC-0004384,GR-0004384,MAT-00476,SUP-0082,2025-10-18,126,25,198412,DEF_CONTAMINATION,REJECTED,INSP-115
QC-0004385,GR-0004385,MAT-01013,SUP-0019,2025-08-05,334,29,86826,DEF_DIMENSIONAL,REJECTED,INSP-117
QC-0004386,GR-0004386,MAT-01090,SUP-0022,2026-02-12,10,0,0,,ACCEPTED,INSP-105
QC-0004387,GR-0004387,MAT-00364,SUP-0005,2025-10-15,10,0,0,,ACCEPTED,INSP-109
QC-0004388,GR-0004388,MAT-00613,SUP-0060,2026-02-25,273,21,76923,DEF_ELECTRICAL,REJECTED,INSP-108
QC-0004389,GR-0004389,MAT-00737,SUP-0090,2026-03-17,88,8,90909,DEF_SURFACE,REJECTED,INSP-120
QC-0004390,GR-0004390,MAT-00649,SUP-0055,2025-07-26,266,7,26315,DEF_SURFACE,CONCESSION,INSP-105
QC-0004391,GR-0004391,MAT-00825,SUP-0055,2025-07-29,13,1,76923,DEF_CONTAMINATION,REJECTED,INSP-119
QC-0004392,GR-0004392,MAT-01114,SUP-0055,2025-07-30,10,0,0,,ACCEPTED,INSP-107
QC-0004393,GR-0004393,MAT-00799,SUP-0058,2025-10-29,147,7,47619,DEF_DIMENSIONAL,REJECTED,INSP-111
QC-0004394,GR-0004394,MAT-00910,SUP-0019,2025-05-15,335,30,89552,DEF_SURFACE,REJECTED,INSP-104
QC-0004395,GR-0004395,MAT-00252,SUP-0019,2025-05-12,627,57,90909,DEF_ELECTRICAL,REJECTED,INSP-111
QC-0004396,GR-0004396,MAT-00318,SUP-0014,2026-01-09,727,154,211829,DEF_METALLURGY,REJECTED,INSP-108
QC-0004397,GR-0004397,MAT-00457,SUP-0014,2026-01-14,233,48,206008,DEF_CONTAMINATION,REJECTED,INSP-103
QC-0004398,GR-0004398,MAT-00002,SUP-0078,2025-06-16,30,1,33333,DEF_PACKAGING,CONCESSION,INSP-103
QC-0004399,GR-0004399,MAT-00195,SUP-0078,2025-06-12,69,5,72463,DEF_ELECTRICAL,REJECTED,INSP-119
QC-0004400,GR-0004400,MAT-00739,SUP-0096,2025-08-26,118,7,59322,DEF_METALLURGY,REJECTED,INSP-123
QC-0004401,GR-0004401,MAT-00337,SUP-0084,2025-10-04,10,0,0,,ACCEPTED,INSP-112
QC-0004402,GR-0004402,MAT-00476,SUP-0084,2025-09-30,89,6,67415,DEF_SURFACE,REJECTED,INSP-115
QC-0004403,GR-0004403,MAT-00461,SUP-0102,2026-03-06,240,11,45833,DEF_PACKAGING,REJECTED,INSP-104
QC-0004404,GR-0004404,MAT-00973,SUP-0111,2026-04-13,38,1,26315,DEF_DIMENSIONAL,CONCESSION,INSP-112
QC-0004405,GR-0004405,MAT-00915,SUP-0111,2026-04-12,24,3,125000,DEF_ELECTRICAL,REJECTED,INSP-116
QC-0004406,GR-0004406,MAT-01120,SUP-0111,2026-04-16,15,1,66666,DEF_CONTAMINATION,REJECTED,INSP-125
QC-0004407,GR-0004407,MAT-00738,SUP-0077,2025-09-20,24,3,125000,DEF_CONTAMINATION,REJECTED,INSP-108
QC-0004408,GR-0004408,MAT-00895,SUP-0077,2025-09-21,271,26,95940,DEF_DIMENSIONAL,REJECTED,INSP-121
QC-0004409,GR-0004409,MAT-00190,SUP-0078,2026-03-20,185,8,43243,DEF_PACKAGING,REJECTED,INSP-114
QC-0004410,GR-0004410,MAT-00856,SUP-0078,2026-03-21,25,2,80000,DEF_DIMENSIONAL,REJECTED,INSP-112
QC-0004411,GR-0004411,MAT-01106,SUP-0116,2026-03-09,10,0,0,,ACCEPTED,INSP-121
QC-0004412,GR-0004412,MAT-00898,SUP-0116,2026-03-11,95,3,31578,DEF_CONTAMINATION,CONCESSION,INSP-109
QC-0004413,GR-0004413,MAT-01073,SUP-0116,2026-03-08,54,0,0,,ACCEPTED,INSP-114
QC-0004414,GR-0004414,MAT-01103,SUP-0116,2026-03-08,25,2,80000,DEF_PACKAGING,REJECTED,INSP-106
QC-0004415,GR-0004415,MAT-00042,SUP-0065,2026-03-03,25,0,0,,ACCEPTED,INSP-122
QC-0004416,GR-0004416,MAT-00593,SUP-0108,2025-07-17,96,9,93750,DEF_PACKAGING,REJECTED,INSP-118
QC-0004417,GR-0004417,MAT-00160,SUP-0108,2025-07-11,193,24,124352,DEF_CONTAMINATION,REJECTED,INSP-108
QC-0004418,GR-0004418,MAT-00500,SUP-0104,2026-02-11,12,0,0,,ACCEPTED,INSP-124
QC-0004419,GR-0004419,MAT-00830,SUP-0065,2026-02-01,619,61,98546,DEF_PACKAGING,REJECTED,INSP-115
QC-0004420,GR-0004420,MAT-01024,SUP-0065,2026-01-27,31,3,96774,DEF_ELECTRICAL,REJECTED,INSP-110
QC-0004421,GR-0004421,MAT-00166,SUP-0065,2026-01-29,217,17,78341,DEF_METALLURGY,REJECTED,INSP-109
QC-0004422,GR-0004422,MAT-00888,SUP-0023,2025-09-21,33,0,0,,ACCEPTED,INSP-117
QC-0004423,GR-0004423,MAT-00071,SUP-0023,2025-09-23,71,2,28169,DEF_DIMENSIONAL,CONCESSION,INSP-114
QC-0004424,GR-0004424,MAT-00195,SUP-0023,2025-11-17,37,0,0,,ACCEPTED,INSP-105
QC-0004425,GR-0004425,MAT-00367,SUP-0079,2026-01-20,10,1,100000,DEF_ELECTRICAL,REJECTED,INSP-107
QC-0004426,GR-0004426,MAT-00006,SUP-0052,2025-12-08,720,49,68055,DEF_PACKAGING,REJECTED,INSP-103
QC-0004427,GR-0004427,MAT-00312,SUP-0052,2025-12-13,10,0,0,,ACCEPTED,INSP-115
QC-0004428,GR-0004428,MAT-01178,SUP-0052,2025-12-16,90,7,77777,DEF_DIMENSIONAL,REJECTED,INSP-125
QC-0004429,GR-0004429,MAT-00214,SUP-0064,2025-06-27,37,1,27027,DEF_CONTAMINATION,CONCESSION,INSP-110
QC-0004430,GR-0004430,MAT-00850,SUP-0084,2025-09-30,10,0,0,,ACCEPTED,INSP-106
QC-0004431,GR-0004431,MAT-00858,SUP-0035,2026-03-22,351,73,207977,DEF_PACKAGING,REJECTED,INSP-120
QC-0004432,GR-0004432,MAT-01047,SUP-0035,2026-04-10,32,6,187500,DEF_ELECTRICAL,REJECTED,INSP-107
QC-0004433,GR-0004433,MAT-00217,SUP-0110,2026-03-11,18,2,111111,DEF_METALLURGY,REJECTED,INSP-118
QC-0004434,GR-0004434,MAT-00853,SUP-0012,2025-07-03,18,2,111111,DEF_ELECTRICAL,REJECTED,INSP-105
QC-0004435,GR-0004435,MAT-00364,SUP-0005,2025-10-02,12,1,83333,DEF_PACKAGING,REJECTED,INSP-103
QC-0004436,GR-0004436,MAT-00710,SUP-0005,2025-10-02,30,3,100000,DEF_METALLURGY,REJECTED,INSP-113
QC-0004437,GR-0004437,MAT-00521,SUP-0001,2026-02-25,176,45,255681,DEF_DIMENSIONAL,REJECTED,INSP-124
QC-0004438,GR-0004438,MAT-00951,SUP-0117,2026-02-23,136,6,44117,DEF_DIMENSIONAL,REJECTED,INSP-124
QC-0004439,GR-0004439,MAT-00709,SUP-0056,2026-03-03,11,1,90909,DEF_METALLURGY,REJECTED,INSP-112
QC-0004440,GR-0004440,MAT-01178,SUP-0074,2025-09-29,63,7,111111,DEF_CONTAMINATION,REJECTED,INSP-110
QC-0004441,GR-0004441,MAT-01132,SUP-0074,2025-10-06,56,9,160714,DEF_ELECTRICAL,REJECTED,INSP-120
QC-0004442,GR-0004442,MAT-00600,SUP-0074,2025-09-30,30,2,66666,DEF_ELECTRICAL,REJECTED,INSP-118
QC-0004443,GR-0004443,MAT-01186,SUP-0012,2026-03-13,45,6,133333,DEF_CONTAMINATION,REJECTED,INSP-111
QC-0004444,GR-0004444,MAT-01125,SUP-0012,2026-03-21,10,2,200000,DEF_ELECTRICAL,REJECTED,INSP-102
QC-0004445,GR-0004445,MAT-00371,SUP-0015,2025-08-15,16,3,187500,DEF_METALLURGY,REJECTED,INSP-121
QC-0004446,GR-0004446,MAT-01122,SUP-0015,2025-08-09,10,1,100000,DEF_SURFACE,REJECTED,INSP-118
QC-0004447,GR-0004447,MAT-00324,SUP-0015,2025-08-15,19,3,157894,DEF_ELECTRICAL,REJECTED,INSP-113
QC-0004448,GR-0004448,MAT-00130,SUP-0032,2026-02-16,728,57,78296,DEF_PACKAGING,REJECTED,INSP-122
QC-0004449,GR-0004449,MAT-00346,SUP-0114,2026-01-11,30,2,66666,DEF_SURFACE,REJECTED,INSP-105
QC-0004450,GR-0004450,MAT-00814,SUP-0063,2025-09-18,10,0,0,,ACCEPTED,INSP-117
QC-0004451,GR-0004451,MAT-00097,SUP-0043,2026-04-05,255,18,70588,DEF_DIMENSIONAL,REJECTED,INSP-102
QC-0004452,GR-0004452,MAT-01197,SUP-0032,2025-07-31,90,10,111111,DEF_SURFACE,REJECTED,INSP-118
QC-0004453,GR-0004453,MAT-01075,SUP-0032,2025-08-03,80,4,50000,DEF_ELECTRICAL,REJECTED,INSP-102
QC-0004454,GR-0004454,MAT-00461,SUP-0102,2025-05-09,322,11,34161,DEF_ELECTRICAL,CONCESSION,INSP-119
QC-0004455,GR-0004455,MAT-00843,SUP-0102,2025-05-12,271,7,25830,DEF_CONTAMINATION,CONCESSION,INSP-112
QC-0004456,GR-0004456,MAT-00263,SUP-0102,2025-05-10,252,9,35714,DEF_METALLURGY,CONCESSION,INSP-120
QC-0004457,GR-0004457,MAT-00096,SUP-0005,2026-01-23,647,70,108191,DEF_SURFACE,REJECTED,INSP-107
QC-0004458,GR-0004458,MAT-01047,SUP-0033,2025-11-13,16,1,62500,DEF_PACKAGING,REJECTED,INSP-108
QC-0004459,GR-0004459,MAT-01141,SUP-0058,2026-03-23,185,13,70270,DEF_PACKAGING,REJECTED,INSP-110
QC-0004460,GR-0004460,MAT-00107,SUP-0111,2025-11-06,564,54,95744,DEF_PACKAGING,REJECTED,INSP-102
QC-0004461,GR-0004461,MAT-01164,SUP-0048,2025-07-22,15,2,133333,DEF_CONTAMINATION,REJECTED,INSP-116
QC-0004462,GR-0004462,MAT-00021,SUP-0120,2026-03-14,46,0,0,,ACCEPTED,INSP-117
QC-0004463,GR-0004463,MAT-01033,SUP-0101,2025-12-11,159,17,106918,DEF_SURFACE,REJECTED,INSP-125
QC-0004464,GR-0004464,MAT-00981,SUP-0101,2025-12-29,32,9,281250,DEF_METALLURGY,REJECTED,INSP-104
QC-0004465,GR-0004465,MAT-00570,SUP-0101,2025-12-22,25,4,160000,DEF_METALLURGY,REJECTED,INSP-104
QC-0004466,GR-0004466,MAT-00830,SUP-0065,2025-08-08,376,47,125000,DEF_METALLURGY,REJECTED,INSP-116
QC-0004467,GR-0004467,MAT-00119,SUP-0059,2026-03-23,242,38,157024,DEF_CONTAMINATION,REJECTED,INSP-122
QC-0004468,GR-0004468,MAT-01113,SUP-0019,2025-12-02,450,40,88888,DEF_ELECTRICAL,REJECTED,INSP-122
QC-0004469,GR-0004469,MAT-00316,SUP-0019,2025-12-02,10,0,0,,ACCEPTED,INSP-108
QC-0004470,GR-0004470,MAT-00272,SUP-0070,2026-02-05,15,2,133333,DEF_ELECTRICAL,REJECTED,INSP-113
QC-0004471,GR-0004471,MAT-00240,SUP-0070,2026-02-04,19,6,315789,DEF_PACKAGING,REJECTED,INSP-117
QC-0004472,GR-0004472,MAT-00281,SUP-0001,2025-12-29,57,11,192982,DEF_SURFACE,REJECTED,INSP-117
QC-0004473,GR-0004473,MAT-00143,SUP-0099,2026-02-27,12,0,0,,ACCEPTED,INSP-115
QC-0004474,GR-0004474,MAT-00509,SUP-0099,2026-02-27,141,0,0,,ACCEPTED,INSP-122
QC-0004475,GR-0004475,MAT-00999,SUP-0099,2026-03-02,19,0,0,,ACCEPTED,INSP-119
QC-0004476,GR-0004476,MAT-00549,SUP-0110,2026-01-25,275,23,83636,DEF_CONTAMINATION,REJECTED,INSP-115
QC-0004477,GR-0004477,MAT-00733,SUP-0041,2025-06-19,659,64,97116,DEF_DIMENSIONAL,REJECTED,INSP-118
QC-0004478,GR-0004478,MAT-00086,SUP-0041,2025-06-17,46,3,65217,DEF_SURFACE,REJECTED,INSP-119
QC-0004479,GR-0004479,MAT-01101,SUP-0084,2026-03-22,16,1,62500,DEF_ELECTRICAL,REJECTED,INSP-102
QC-0004480,GR-0004480,MAT-00485,SUP-0084,2026-03-17,10,2,200000,DEF_CONTAMINATION,REJECTED,INSP-102
QC-0004481,GR-0004481,MAT-00062,SUP-0084,2026-03-15,10,0,0,,ACCEPTED,INSP-107
QC-0004482,GR-0004482,MAT-00521,SUP-0001,2026-03-02,146,35,239726,DEF_DIMENSIONAL,REJECTED,INSP-122
QC-0004483,GR-0004483,MAT-00414,SUP-0084,2026-02-05,624,34,54487,DEF_CONTAMINATION,REJECTED,INSP-108
QC-0004484,GR-0004484,MAT-00082,SUP-0084,2026-02-01,495,34,68686,DEF_SURFACE,REJECTED,INSP-105
QC-0004485,GR-0004485,MAT-00855,SUP-0107,2025-10-07,15,1,66666,DEF_DIMENSIONAL,REJECTED,INSP-112
QC-0004486,GR-0004486,MAT-00065,SUP-0095,2026-01-24,17,1,58823,DEF_CONTAMINATION,REJECTED,INSP-103
QC-0004487,GR-0004487,MAT-00823,SUP-0067,2025-06-20,325,46,141538,DEF_ELECTRICAL,REJECTED,INSP-124
QC-0004488,GR-0004488,MAT-00225,SUP-0067,2025-06-16,286,35,122377,DEF_DIMENSIONAL,REJECTED,INSP-124
QC-0004489,GR-0004489,MAT-01018,SUP-0013,2025-10-27,13,0,0,,ACCEPTED,INSP-106
QC-0004490,GR-0004490,MAT-00971,SUP-0089,2026-03-28,625,57,91200,DEF_METALLURGY,REJECTED,INSP-121
QC-0004491,GR-0004491,MAT-00935,SUP-0011,2025-04-29,35,3,85714,DEF_CONTAMINATION,REJECTED,INSP-107
QC-0004492,GR-0004492,MAT-00841,SUP-0065,2026-02-06,164,20,121951,DEF_METALLURGY,REJECTED,INSP-104
QC-0004493,GR-0004493,MAT-00680,SUP-0065,2026-01-21,714,78,109243,DEF_METALLURGY,REJECTED,INSP-119
QC-0004494,GR-0004494,MAT-00789,SUP-0065,2026-01-21,86,7,81395,DEF_PACKAGING,REJECTED,INSP-105
QC-0004495,GR-0004495,MAT-00978,SUP-0065,2026-01-26,14,1,71428,DEF_METALLURGY,REJECTED,INSP-122
QC-0004496,GR-0004496,MAT-01125,SUP-0090,2025-09-11,10,0,0,,ACCEPTED,INSP-104
QC-0004497,GR-0004497,MAT-01005,SUP-0090,2025-09-08,604,37,61258,DEF_ELECTRICAL,REJECTED,INSP-123
QC-0004498,GR-0004498,MAT-01094,SUP-0009,2025-10-10,24,6,250000,DEF_PACKAGING,REJECTED,INSP-102
QC-0004499,GR-0004499,MAT-00829,SUP-0009,2025-10-05,165,23,139393,DEF_DIMENSIONAL,REJECTED,INSP-106
QC-0004500,GR-0004500,MAT-01086,SUP-0009,2025-10-05,32,10,312500,DEF_DIMENSIONAL,REJECTED,INSP-111
QC-0004501,GR-0004501,MAT-00713,SUP-0009,2025-09-29,556,127,228417,DEF_METALLURGY,REJECTED,INSP-106
QC-0004502,GR-0004502,MAT-00127,SUP-0104,2025-09-27,60,4,66666,DEF_METALLURGY,REJECTED,INSP-118
QC-0004503,GR-0004503,MAT-00892,SUP-0099,2025-10-16,10,0,0,,ACCEPTED,INSP-103
QC-0004504,GR-0004504,MAT-00626,SUP-0099,2025-10-15,151,4,26490,DEF_PACKAGING,CONCESSION,INSP-105
QC-0004505,GR-0004505,MAT-00122,SUP-0099,2025-10-16,43,0,0,,ACCEPTED,INSP-124
QC-0004506,GR-0004506,MAT-00557,SUP-0105,2025-07-05,14,0,0,,ACCEPTED,INSP-110
QC-0004507,GR-0004507,MAT-00252,SUP-0051,2025-03-14,416,27,64903,DEF_ELECTRICAL,REJECTED,INSP-124
QC-0004508,GR-0004508,MAT-00996,SUP-0051,2025-03-14,245,14,57142,DEF_CONTAMINATION,REJECTED,INSP-108
QC-0004509,GR-0004509,MAT-00842,SUP-0043,2025-12-17,58,2,34482,DEF_DIMENSIONAL,CONCESSION,INSP-114
QC-0004510,GR-0004510,MAT-00306,SUP-0047,2025-10-06,25,0,0,,ACCEPTED,INSP-105
QC-0004511,GR-0004511,MAT-00400,SUP-0047,2025-10-07,63,0,0,,ACCEPTED,INSP-107
QC-0004512,GR-0004512,MAT-00836,SUP-0026,2025-10-24,22,0,0,,ACCEPTED,INSP-104
QC-0004513,GR-0004513,MAT-00946,SUP-0026,2025-10-22,65,5,76923,DEF_ELECTRICAL,REJECTED,INSP-118
QC-0004514,GR-0004514,MAT-00499,SUP-0026,2025-10-25,36,3,83333,DEF_ELECTRICAL,REJECTED,INSP-114
QC-0004515,GR-0004515,MAT-00992,SUP-0072,2025-11-12,734,189,257493,DEF_METALLURGY,REJECTED,INSP-109
QC-0004516,GR-0004516,MAT-00293,SUP-0097,2025-12-09,22,1,45454,DEF_ELECTRICAL,REJECTED,INSP-124
QC-0004517,GR-0004517,MAT-00247,SUP-0097,2025-12-15,382,24,62827,DEF_CONTAMINATION,REJECTED,INSP-101
QC-0004518,GR-0004518,MAT-00400,SUP-0034,2025-11-13,32,2,62500,DEF_CONTAMINATION,REJECTED,INSP-117
QC-0004519,GR-0004519,MAT-00460,SUP-0026,2026-04-15,37,2,54054,DEF_METALLURGY,REJECTED,INSP-101
QC-0004520,GR-0004520,MAT-00121,SUP-0026,2026-04-11,44,4,90909,DEF_PACKAGING,REJECTED,INSP-125
QC-0004521,GR-0004521,MAT-00248,SUP-0026,2026-04-11,135,9,66666,DEF_SURFACE,REJECTED,INSP-104
QC-0004522,GR-0004522,MAT-00204,SUP-0111,2025-12-15,11,2,181818,DEF_CONTAMINATION,REJECTED,INSP-106
QC-0004523,GR-0004523,MAT-00668,SUP-0086,2025-06-26,256,2,7812,DEF_PACKAGING,CONCESSION,INSP-114
QC-0004524,GR-0004524,MAT-00940,SUP-0086,2025-06-27,61,0,0,,ACCEPTED,INSP-105
QC-0004525,GR-0004525,MAT-00998,SUP-0003,2025-09-03,12,1,83333,DEF_SURFACE,REJECTED,INSP-124
QC-0004526,GR-0004526,MAT-00898,SUP-0003,2025-09-02,42,1,23809,DEF_METALLURGY,CONCESSION,INSP-114
QC-0004527,GR-0004527,MAT-00713,SUP-0003,2025-09-03,337,43,127596,DEF_PACKAGING,REJECTED,INSP-110
QC-0004528,GR-0004528,MAT-00148,SUP-0004,2025-05-29,167,30,179640,DEF_DIMENSIONAL,REJECTED,INSP-122
QC-0004529,GR-0004529,MAT-00863,SUP-0031,2026-03-12,161,30,186335,DEF_SURFACE,REJECTED,INSP-115
QC-0004530,GR-0004530,MAT-00044,SUP-0085,2025-10-19,10,1,100000,DEF_DIMENSIONAL,REJECTED,INSP-122
QC-0004531,GR-0004531,MAT-00379,SUP-0085,2025-10-16,385,10,25974,DEF_METALLURGY,CONCESSION,INSP-122
QC-0004532,GR-0004532,MAT-00133,SUP-0044,2025-12-14,74,17,229729,DEF_METALLURGY,REJECTED,INSP-113
QC-0004533,GR-0004533,MAT-00464,SUP-0044,2025-12-12,206,44,213592,DEF_METALLURGY,REJECTED,INSP-109
QC-0004534,GR-0004534,MAT-00277,SUP-0021,2026-02-26,190,8,42105,DEF_DIMENSIONAL,REJECTED,INSP-104
QC-0004535,GR-0004535,MAT-00892,SUP-0021,2026-02-25,19,1,52631,DEF_METALLURGY,REJECTED,INSP-123
QC-0004536,GR-0004536,MAT-00662,SUP-0062,2025-08-19,257,34,132295,DEF_METALLURGY,REJECTED,INSP-121
QC-0004537,GR-0004537,MAT-00322,SUP-0062,2025-08-11,131,5,38167,DEF_CONTAMINATION,CONCESSION,INSP-119
QC-0004538,GR-0004538,MAT-00234,SUP-0092,2026-03-04,12,1,83333,DEF_METALLURGY,REJECTED,INSP-112
QC-0004539,GR-0004539,MAT-01026,SUP-0077,2026-01-10,369,29,78590,DEF_PACKAGING,REJECTED,INSP-113
QC-0004540,GR-0004540,MAT-00139,SUP-0077,2026-01-09,10,1,100000,DEF_SURFACE,REJECTED,INSP-109
QC-0004541,GR-0004541,MAT-01064,SUP-0002,2025-11-04,28,2,71428,DEF_DIMENSIONAL,REJECTED,INSP-118
QC-0004542,GR-0004542,MAT-00909,SUP-0075,2025-11-21,22,2,90909,DEF_METALLURGY,REJECTED,INSP-116
QC-0004543,GR-0004543,MAT-00226,SUP-0075,2025-11-20,16,2,125000,DEF_METALLURGY,REJECTED,INSP-105
QC-0004544,GR-0004544,MAT-00062,SUP-0075,2025-11-17,20,4,200000,DEF_METALLURGY,REJECTED,INSP-112
QC-0004545,GR-0004545,MAT-00713,SUP-0110,2025-08-29,243,21,86419,DEF_SURFACE,REJECTED,INSP-122
QC-0004546,GR-0004546,MAT-00765,SUP-0110,2025-08-26,85,8,94117,DEF_CONTAMINATION,REJECTED,INSP-104
QC-0004547,GR-0004547,MAT-00817,SUP-0110,2025-09-04,23,3,130434,DEF_SURFACE,REJECTED,INSP-121
QC-0004548,GR-0004548,MAT-00547,SUP-0110,2025-09-04,10,1,100000,DEF_PACKAGING,REJECTED,INSP-117
QC-0004549,GR-0004549,MAT-00260,SUP-0110,2026-02-08,65,5,76923,DEF_METALLURGY,REJECTED,INSP-110
QC-0004550,GR-0004550,MAT-01119,SUP-0110,2026-02-10,503,35,69582,DEF_SURFACE,REJECTED,INSP-115
QC-0004551,GR-0004551,MAT-00355,SUP-0067,2025-12-03,16,3,187500,DEF_METALLURGY,REJECTED,INSP-111
QC-0004552,GR-0004552,MAT-00883,SUP-0067,2025-12-04,164,14,85365,DEF_SURFACE,REJECTED,INSP-113
QC-0004553,GR-0004553,MAT-00785,SUP-0067,2025-12-09,21,1,47619,DEF_DIMENSIONAL,REJECTED,INSP-101
QC-0004554,GR-0004554,MAT-00686,SUP-0009,2025-11-06,30,8,266666,DEF_ELECTRICAL,REJECTED,INSP-102
QC-0004555,GR-0004555,MAT-00915,SUP-0096,2025-12-18,33,5,151515,DEF_PACKAGING,REJECTED,INSP-115
QC-0004556,GR-0004556,MAT-00931,SUP-0003,2025-11-10,167,26,155688,DEF_SURFACE,REJECTED,INSP-106
QC-0004557,GR-0004557,MAT-00551,SUP-0113,2025-10-10,97,13,134020,DEF_CONTAMINATION,REJECTED,INSP-117
QC-0004558,GR-0004558,MAT-00305,SUP-0113,2025-09-30,57,8,140350,DEF_CONTAMINATION,REJECTED,INSP-110
QC-0004559,GR-0004559,MAT-00884,SUP-0029,2025-05-22,32,6,187500,DEF_DIMENSIONAL,REJECTED,INSP-117
QC-0004560,GR-0004560,MAT-00536,SUP-0095,2025-07-29,369,16,43360,DEF_SURFACE,REJECTED,INSP-101
QC-0004561,GR-0004561,MAT-00005,SUP-0006,2025-10-26,249,10,40160,DEF_DIMENSIONAL,REJECTED,INSP-113
QC-0004562,GR-0004562,MAT-00907,SUP-0019,2025-08-15,510,52,101960,DEF_METALLURGY,REJECTED,INSP-114
QC-0004563,GR-0004563,MAT-00515,SUP-0019,2025-08-16,148,22,148648,DEF_ELECTRICAL,REJECTED,INSP-105
QC-0004564,GR-0004564,MAT-00619,SUP-0019,2025-08-13,12,0,0,,ACCEPTED,INSP-114
QC-0004565,GR-0004565,MAT-00245,SUP-0118,2025-02-11,17,1,58823,DEF_SURFACE,REJECTED,INSP-107
QC-0004566,GR-0004566,MAT-01055,SUP-0109,2026-03-12,11,0,0,,ACCEPTED,INSP-118
QC-0004567,GR-0004567,MAT-01120,SUP-0109,2026-03-10,10,0,0,,ACCEPTED,INSP-104
QC-0004568,GR-0004568,MAT-00033,SUP-0109,2026-03-11,265,0,0,,ACCEPTED,INSP-111
QC-0004569,GR-0004569,MAT-00454,SUP-0095,2025-07-15,172,10,58139,DEF_PACKAGING,REJECTED,INSP-125
QC-0004570,GR-0004570,MAT-00378,SUP-0095,2025-07-15,726,20,27548,DEF_ELECTRICAL,CONCESSION,INSP-115
QC-0004571,GR-0004571,MAT-00484,SUP-0098,2025-06-28,165,21,127272,DEF_SURFACE,REJECTED,INSP-118
QC-0004572,GR-0004572,MAT-00046,SUP-0089,2025-05-10,32,3,93750,DEF_PACKAGING,REJECTED,INSP-104
QC-0004573,GR-0004573,MAT-00881,SUP-0089,2025-05-13,72,9,125000,DEF_PACKAGING,REJECTED,INSP-109
QC-0004574,GR-0004574,MAT-00865,SUP-0089,2025-05-12,615,49,79674,DEF_METALLURGY,REJECTED,INSP-110
QC-0004575,GR-0004575,MAT-00296,SUP-0089,2025-05-11,453,64,141280,DEF_CONTAMINATION,REJECTED,INSP-106
QC-0004576,GR-0004576,MAT-00306,SUP-0047,2026-01-25,21,0,0,,ACCEPTED,INSP-122
QC-0004577,GR-0004577,MAT-01186,SUP-0012,2025-10-29,65,8,123076,DEF_DIMENSIONAL,REJECTED,INSP-106
QC-0004578,GR-0004578,MAT-00246,SUP-0025,2025-11-23,350,15,42857,DEF_CONTAMINATION,REJECTED,INSP-102
QC-0004579,GR-0004579,MAT-00198,SUP-0025,2025-11-23,276,16,57971,DEF_PACKAGING,REJECTED,INSP-110
QC-0004580,GR-0004580,MAT-00585,SUP-0025,2025-11-24,184,7,38043,DEF_PACKAGING,CONCESSION,INSP-114
QC-0004581,GR-0004581,MAT-00708,SUP-0054,2025-10-15,555,28,50450,DEF_CONTAMINATION,REJECTED,INSP-103
QC-0004582,GR-0004582,MAT-00812,SUP-0102,2025-10-17,466,19,40772,DEF_CONTAMINATION,REJECTED,INSP-125
QC-0004583,GR-0004583,MAT-00296,SUP-0008,2026-01-11,226,25,110619,DEF_PACKAGING,REJECTED,INSP-104
QC-0004584,GR-0004584,MAT-00446,SUP-0090,2025-06-22,388,19,48969,DEF_CONTAMINATION,REJECTED,INSP-102
QC-0004585,GR-0004585,MAT-01033,SUP-0101,2025-04-23,74,6,81081,DEF_METALLURGY,REJECTED,INSP-122
QC-0004586,GR-0004586,MAT-00572,SUP-0065,2025-09-05,119,9,75630,DEF_DIMENSIONAL,REJECTED,INSP-105
QC-0004587,GR-0004587,MAT-01045,SUP-0093,2025-06-06,10,1,100000,DEF_SURFACE,REJECTED,INSP-114
QC-0004588,GR-0004588,MAT-00402,SUP-0093,2025-05-28,64,8,125000,DEF_SURFACE,REJECTED,INSP-105
QC-0004589,GR-0004589,MAT-00850,SUP-0084,2025-08-14,10,0,0,,ACCEPTED,INSP-124
QC-0004590,GR-0004590,MAT-01104,SUP-0030,2025-04-27,72,11,152777,DEF_PACKAGING,REJECTED,INSP-115
QC-0004591,GR-0004591,MAT-00521,SUP-0001,2025-12-20,150,33,220000,DEF_PACKAGING,REJECTED,INSP-101
QC-0004592,GR-0004592,MAT-00706,SUP-0001,2025-12-02,18,2,111111,DEF_DIMENSIONAL,REJECTED,INSP-107
QC-0004593,GR-0004593,MAT-00964,SUP-0102,2026-02-27,64,4,62500,DEF_CONTAMINATION,REJECTED,INSP-105
QC-0004594,GR-0004594,MAT-00275,SUP-0102,2026-03-03,68,4,58823,DEF_DIMENSIONAL,REJECTED,INSP-119
QC-0004595,GR-0004595,MAT-00037,SUP-0067,2025-10-13,41,8,195121,DEF_SURFACE,REJECTED,INSP-118
QC-0004596,GR-0004596,MAT-00267,SUP-0067,2025-10-07,488,50,102459,DEF_CONTAMINATION,REJECTED,INSP-113
QC-0004597,GR-0004597,MAT-00744,SUP-0002,2025-11-09,12,1,83333,DEF_DIMENSIONAL,REJECTED,INSP-120
QC-0004598,GR-0004598,MAT-00548,SUP-0002,2025-10-30,105,11,104761,DEF_SURFACE,REJECTED,INSP-115
QC-0004599,GR-0004599,MAT-00748,SUP-0021,2026-01-28,53,3,56603,DEF_CONTAMINATION,REJECTED,INSP-101
QC-0004600,GR-0004600,MAT-00506,SUP-0021,2026-01-28,522,19,36398,DEF_PACKAGING,CONCESSION,INSP-124
QC-0004601,GR-0004601,MAT-00063,SUP-0021,2026-01-23,148,7,47297,DEF_CONTAMINATION,REJECTED,INSP-110
QC-0004602,GR-0004602,MAT-00382,SUP-0091,2025-11-23,27,3,111111,DEF_PACKAGING,REJECTED,INSP-103
QC-0004603,GR-0004603,MAT-00875,SUP-0093,2026-04-14,220,45,204545,DEF_PACKAGING,REJECTED,INSP-108
QC-0004604,GR-0004604,MAT-00527,SUP-0055,2026-03-25,45,1,22222,DEF_CONTAMINATION,CONCESSION,INSP-122
QC-0004605,GR-0004605,MAT-00200,SUP-0104,2025-03-17,455,25,54945,DEF_DIMENSIONAL,REJECTED,INSP-111
QC-0004606,GR-0004606,MAT-00506,SUP-0104,2025-03-23,594,40,67340,DEF_DIMENSIONAL,REJECTED,INSP-118
QC-0004607,GR-0004607,MAT-01143,SUP-0067,2026-02-18,23,2,86956,DEF_SURFACE,REJECTED,INSP-107
QC-0004608,GR-0004608,MAT-00961,SUP-0065,2025-11-30,35,9,257142,DEF_DIMENSIONAL,REJECTED,INSP-104
QC-0004609,GR-0004609,MAT-00266,SUP-0105,2025-11-23,111,3,27027,DEF_CONTAMINATION,CONCESSION,INSP-104
QC-0004610,GR-0004610,MAT-00924,SUP-0105,2025-11-22,611,10,16366,DEF_DIMENSIONAL,CONCESSION,INSP-121
QC-0004611,GR-0004611,MAT-00934,SUP-0105,2025-11-21,21,0,0,,ACCEPTED,INSP-118
QC-0004612,GR-0004612,MAT-01068,SUP-0022,2026-02-05,159,4,25157,DEF_METALLURGY,CONCESSION,INSP-106
QC-0004613,GR-0004613,MAT-00633,SUP-0022,2026-02-02,102,0,0,,ACCEPTED,INSP-102
QC-0004614,GR-0004614,MAT-00072,SUP-0022,2026-02-01,10,1,100000,DEF_METALLURGY,REJECTED,INSP-106
QC-0004615,GR-0004615,MAT-00776,SUP-0004,2025-09-13,152,18,118421,DEF_PACKAGING,REJECTED,INSP-120
QC-0004616,GR-0004616,MAT-01002,SUP-0027,2025-12-11,118,14,118644,DEF_ELECTRICAL,REJECTED,INSP-107
QC-0004617,GR-0004617,MAT-00638,SUP-0098,2026-03-31,14,2,142857,DEF_ELECTRICAL,REJECTED,INSP-112
QC-0004618,GR-0004618,MAT-00501,SUP-0090,2025-06-20,18,0,0,,ACCEPTED,INSP-113
QC-0004619,GR-0004619,MAT-00650,SUP-0090,2025-06-13,33,2,60606,DEF_METALLURGY,REJECTED,INSP-108
QC-0004620,GR-0004620,MAT-00167,SUP-0046,2026-02-08,597,36,60301,DEF_ELECTRICAL,REJECTED,INSP-101
QC-0004621,GR-0004621,MAT-00912,SUP-0042,2025-10-12,460,28,60869,DEF_PACKAGING,REJECTED,INSP-105
QC-0004622,GR-0004622,MAT-00890,SUP-0042,2025-10-07,27,4,148148,DEF_PACKAGING,REJECTED,INSP-109
QC-0004623,GR-0004623,MAT-00849,SUP-0010,2025-02-28,58,3,51724,DEF_SURFACE,REJECTED,INSP-116
QC-0004624,GR-0004624,MAT-00672,SUP-0090,2025-10-29,29,3,103448,DEF_PACKAGING,REJECTED,INSP-110
QC-0004625,GR-0004625,MAT-00355,SUP-0090,2025-11-03,14,1,71428,DEF_CONTAMINATION,REJECTED,INSP-120
QC-0004626,GR-0004626,MAT-00681,SUP-0101,2025-08-27,44,3,68181,DEF_SURFACE,REJECTED,INSP-115
QC-0004627,GR-0004627,MAT-01170,SUP-0055,2026-02-27,34,0,0,,ACCEPTED,INSP-102
QC-0004628,GR-0004628,MAT-01195,SUP-0041,2025-10-06,38,3,78947,DEF_ELECTRICAL,REJECTED,INSP-121
QC-0004629,GR-0004629,MAT-01011,SUP-0041,2025-10-01,278,26,93525,DEF_ELECTRICAL,REJECTED,INSP-120
QC-0004630,GR-0004630,MAT-01168,SUP-0041,2025-10-08,10,1,100000,DEF_PACKAGING,REJECTED,INSP-121
QC-0004631,GR-0004631,MAT-00981,SUP-0041,2025-10-03,48,4,83333,DEF_SURFACE,REJECTED,INSP-116
QC-0004632,GR-0004632,MAT-00315,SUP-0071,2026-03-20,22,3,136363,DEF_METALLURGY,REJECTED,INSP-103
QC-0004633,GR-0004633,MAT-00062,SUP-0071,2026-03-21,10,0,0,,ACCEPTED,INSP-111
QC-0004634,GR-0004634,MAT-00524,SUP-0103,2025-02-27,96,20,208333,DEF_CONTAMINATION,REJECTED,INSP-101
QC-0004635,GR-0004635,MAT-00655,SUP-0103,2025-03-13,100,12,120000,DEF_CONTAMINATION,REJECTED,INSP-104
QC-0004636,GR-0004636,MAT-01001,SUP-0030,2025-10-13,152,17,111842,DEF_DIMENSIONAL,REJECTED,INSP-117
QC-0004637,GR-0004637,MAT-00088,SUP-0030,2025-10-04,489,58,118609,DEF_DIMENSIONAL,REJECTED,INSP-115
QC-0004638,GR-0004638,MAT-00815,SUP-0030,2025-10-07,375,49,130666,DEF_CONTAMINATION,REJECTED,INSP-113
QC-0004639,GR-0004639,MAT-00029,SUP-0060,2025-08-29,70,8,114285,DEF_ELECTRICAL,REJECTED,INSP-105
QC-0004640,GR-0004640,MAT-00991,SUP-0060,2025-08-28,17,2,117647,DEF_DIMENSIONAL,REJECTED,INSP-114
QC-0004641,GR-0004641,MAT-00559,SUP-0068,2025-08-18,53,1,18867,DEF_ELECTRICAL,CONCESSION,INSP-111
QC-0004642,GR-0004642,MAT-00808,SUP-0068,2025-08-21,202,3,14851,DEF_METALLURGY,CONCESSION,INSP-123
QC-0004643,GR-0004643,MAT-00264,SUP-0115,2025-05-23,17,3,176470,DEF_ELECTRICAL,REJECTED,INSP-111
QC-0004644,GR-0004644,MAT-00936,SUP-0115,2025-05-22,224,21,93750,DEF_METALLURGY,REJECTED,INSP-121
QC-0004645,GR-0004645,MAT-00952,SUP-0115,2025-05-25,10,2,200000,DEF_CONTAMINATION,REJECTED,INSP-105
QC-0004646,GR-0004646,MAT-00680,SUP-0065,2025-08-10,303,23,75907,DEF_METALLURGY,REJECTED,INSP-115
QC-0004647,GR-0004647,MAT-00482,SUP-0065,2025-08-17,10,0,0,,ACCEPTED,INSP-107
QC-0004648,GR-0004648,MAT-00885,SUP-0065,2025-08-11,213,16,75117,DEF_METALLURGY,REJECTED,INSP-118
QC-0004649,GR-0004649,MAT-00917,SUP-0083,2025-12-24,58,1,17241,DEF_METALLURGY,CONCESSION,INSP-119
QC-0004650,GR-0004650,MAT-00267,SUP-0003,2025-09-19,178,24,134831,DEF_SURFACE,REJECTED,INSP-122
QC-0004651,GR-0004651,MAT-00143,SUP-0099,2025-10-24,10,0,0,,ACCEPTED,INSP-117
QC-0004652,GR-0004652,MAT-00526,SUP-0099,2025-10-22,75,1,13333,DEF_PACKAGING,CONCESSION,INSP-106
QC-0004653,GR-0004653,MAT-00978,SUP-0101,2025-10-25,15,0,0,,ACCEPTED,INSP-116
QC-0004654,GR-0004654,MAT-00185,SUP-0110,2025-11-21,305,21,68852,DEF_SURFACE,REJECTED,INSP-112
QC-0004655,GR-0004655,MAT-00755,SUP-0119,2025-10-16,61,4,65573,DEF_METALLURGY,REJECTED,INSP-122
QC-0004656,GR-0004656,MAT-00104,SUP-0119,2025-10-21,10,1,100000,DEF_PACKAGING,REJECTED,INSP-114
QC-0004657,GR-0004657,MAT-00714,SUP-0119,2025-10-14,30,5,166666,DEF_ELECTRICAL,REJECTED,INSP-101
QC-0004658,GR-0004658,MAT-00793,SUP-0079,2025-06-17,208,20,96153,DEF_DIMENSIONAL,REJECTED,INSP-104
QC-0004659,GR-0004659,MAT-01148,SUP-0048,2025-05-16,563,29,51509,DEF_DIMENSIONAL,REJECTED,INSP-113
QC-0004660,GR-0004660,MAT-00610,SUP-0070,2025-10-23,599,152,253756,DEF_PACKAGING,REJECTED,INSP-113
QC-0004661,GR-0004661,MAT-00148,SUP-0070,2025-10-24,129,35,271317,DEF_DIMENSIONAL,REJECTED,INSP-112
QC-0004662,GR-0004662,MAT-00776,SUP-0004,2025-09-28,128,17,132812,DEF_DIMENSIONAL,REJECTED,INSP-108
QC-0004663,GR-0004663,MAT-00830,SUP-0004,2025-09-27,552,67,121376,DEF_ELECTRICAL,REJECTED,INSP-118
QC-0004664,GR-0004664,MAT-00485,SUP-0064,2025-10-02,11,2,181818,DEF_METALLURGY,REJECTED,INSP-102
QC-0004665,GR-0004665,MAT-00808,SUP-0064,2025-10-04,284,28,98591,DEF_METALLURGY,REJECTED,INSP-122
QC-0004666,GR-0004666,MAT-00524,SUP-0064,2025-09-30,70,3,42857,DEF_CONTAMINATION,REJECTED,INSP-113
QC-0004667,GR-0004667,MAT-00079,SUP-0064,2025-10-01,12,0,0,,ACCEPTED,INSP-112
QC-0004668,GR-0004668,MAT-00131,SUP-0012,2025-07-16,187,16,85561,DEF_METALLURGY,REJECTED,INSP-125
QC-0004669,GR-0004669,MAT-00127,SUP-0104,2026-02-28,55,2,36363,DEF_METALLURGY,CONCESSION,INSP-106
QC-0004670,GR-0004670,MAT-00111,SUP-0104,2026-02-26,365,22,60273,DEF_SURFACE,REJECTED,INSP-114
QC-0004671,GR-0004671,MAT-00159,SUP-0039,2025-07-01,13,1,76923,DEF_ELECTRICAL,REJECTED,INSP-124
QC-0004672,GR-0004672,MAT-00114,SUP-0048,2026-01-17,10,0,0,,ACCEPTED,INSP-107
QC-0004673,GR-0004673,MAT-00401,SUP-0048,2026-01-16,67,2,29850,DEF_DIMENSIONAL,CONCESSION,INSP-124
QC-0004674,GR-0004674,MAT-00976,SUP-0033,2025-06-24,35,4,114285,DEF_SURFACE,REJECTED,INSP-124
QC-0004675,GR-0004675,MAT-00335,SUP-0087,2025-05-19,10,0,0,,ACCEPTED,INSP-108
QC-0004676,GR-0004676,MAT-00739,SUP-0096,2026-04-05,141,13,92198,DEF_SURFACE,REJECTED,INSP-125
QC-0004677,GR-0004677,MAT-00787,SUP-0096,2026-04-07,51,5,98039,DEF_SURFACE,REJECTED,INSP-114
QC-0004678,GR-0004678,MAT-00197,SUP-0096,2026-04-06,34,1,29411,DEF_DIMENSIONAL,CONCESSION,INSP-101
QC-0004679,GR-0004679,MAT-01125,SUP-0096,2026-04-08,12,1,83333,DEF_PACKAGING,REJECTED,INSP-124
QC-0004680,GR-0004680,MAT-00980,SUP-0001,2025-09-05,27,8,296296,DEF_METALLURGY,REJECTED,INSP-117
QC-0004681,GR-0004681,MAT-00215,SUP-0001,2025-09-11,10,1,100000,DEF_DIMENSIONAL,REJECTED,INSP-119
QC-0004682,GR-0004682,MAT-00264,SUP-0115,2026-03-16,10,0,0,,ACCEPTED,INSP-122
QC-0004683,GR-0004683,MAT-00132,SUP-0012,2025-12-10,69,8,115942,DEF_PACKAGING,REJECTED,INSP-104
QC-0004684,GR-0004684,MAT-00737,SUP-0012,2025-12-09,112,11,98214,DEF_DIMENSIONAL,REJECTED,INSP-114
QC-0004685,GR-0004685,MAT-00172,SUP-0012,2025-12-03,28,2,71428,DEF_DIMENSIONAL,REJECTED,INSP-109
QC-0004686,GR-0004686,MAT-00139,SUP-0118,2025-06-02,10,1,100000,DEF_SURFACE,REJECTED,INSP-104
QC-0004687,GR-0004687,MAT-00724,SUP-0118,2025-06-10,313,39,124600,DEF_ELECTRICAL,REJECTED,INSP-116
QC-0004688,GR-0004688,MAT-00321,SUP-0049,2025-08-22,113,6,53097,DEF_DIMENSIONAL,REJECTED,INSP-101
QC-0004689,GR-0004689,MAT-01120,SUP-0023,2026-03-15,17,0,0,,ACCEPTED,INSP-111
QC-0004690,GR-0004690,MAT-00400,SUP-0023,2026-03-17,15,1,66666,DEF_DIMENSIONAL,REJECTED,INSP-116
QC-0004691,GR-0004691,MAT-00310,SUP-0023,2026-03-18,15,0,0,,ACCEPTED,INSP-106
QC-0004692,GR-0004692,MAT-01121,SUP-0068,2025-07-21,20,0,0,,ACCEPTED,INSP-112
QC-0004693,GR-0004693,MAT-00899,SUP-0051,2026-03-17,360,17,47222,DEF_METALLURGY,REJECTED,INSP-112
QC-0004694,GR-0004694,MAT-00840,SUP-0051,2026-03-20,30,1,33333,DEF_METALLURGY,CONCESSION,INSP-118
QC-0004695,GR-0004695,MAT-00321,SUP-0051,2026-03-17,198,4,20202,DEF_PACKAGING,CONCESSION,INSP-119
QC-0004696,GR-0004696,MAT-00635,SUP-0041,2025-03-16,162,11,67901,DEF_METALLURGY,REJECTED,INSP-111
QC-0004697,GR-0004697,MAT-00932,SUP-0041,2025-03-20,280,22,78571,DEF_PACKAGING,REJECTED,INSP-120
QC-0004698,GR-0004698,MAT-01065,SUP-0048,2025-12-13,111,4,36036,DEF_SURFACE,CONCESSION,INSP-108
QC-0004699,GR-0004699,MAT-01128,SUP-0048,2025-12-10,17,3,176470,DEF_ELECTRICAL,REJECTED,INSP-122
QC-0004700,GR-0004700,MAT-00101,SUP-0048,2025-12-17,116,4,34482,DEF_SURFACE,CONCESSION,INSP-121
QC-0004701,GR-0004701,MAT-00101,SUP-0004,2026-02-27,177,19,107344,DEF_PACKAGING,REJECTED,INSP-106
QC-0004702,GR-0004702,MAT-00656,SUP-0088,2026-04-11,483,11,22774,DEF_SURFACE,CONCESSION,INSP-106
QC-0004703,GR-0004703,MAT-00862,SUP-0088,2026-04-11,22,0,0,,ACCEPTED,INSP-103
QC-0004704,GR-0004704,MAT-01008,SUP-0088,2026-04-11,157,5,31847,DEF_METALLURGY,CONCESSION,INSP-110
QC-0004705,GR-0004705,MAT-00533,SUP-0096,2026-03-13,208,10,48076,DEF_DIMENSIONAL,REJECTED,INSP-105
QC-0004706,GR-0004706,MAT-01123,SUP-0096,2026-03-08,18,0,0,,ACCEPTED,INSP-122
QC-0004707,GR-0004707,MAT-00772,SUP-0091,2026-04-02,151,6,39735,DEF_SURFACE,CONCESSION,INSP-108
QC-0004708,GR-0004708,MAT-00497,SUP-0103,2025-08-29,315,42,133333,DEF_SURFACE,REJECTED,INSP-113
QC-0004709,GR-0004709,MAT-01176,SUP-0002,2025-09-15,34,1,29411,DEF_SURFACE,CONCESSION,INSP-105
QC-0004710,GR-0004710,MAT-00303,SUP-0050,2025-09-19,10,1,100000,DEF_CONTAMINATION,REJECTED,INSP-114
QC-0004711,GR-0004711,MAT-00153,SUP-0048,2025-10-30,13,0,0,,ACCEPTED,INSP-101
QC-0004712,GR-0004712,MAT-00237,SUP-0070,2026-01-29,301,66,219269,DEF_METALLURGY,REJECTED,INSP-122
QC-0004713,GR-0004713,MAT-00268,SUP-0070,2026-01-18,600,160,266666,DEF_METALLURGY,REJECTED,INSP-109
QC-0004714,GR-0004714,MAT-00055,SUP-0054,2025-07-26,363,24,66115,DEF_METALLURGY,REJECTED,INSP-108
QC-0004715,GR-0004715,MAT-01091,SUP-0034,2025-07-25,515,21,40776,DEF_PACKAGING,REJECTED,INSP-104
QC-0004716,GR-0004716,MAT-00993,SUP-0060,2025-09-28,414,32,77294,DEF_DIMENSIONAL,REJECTED,INSP-124
QC-0004717,GR-0004717,MAT-01083,SUP-0017,2026-01-20,253,65,256916,DEF_METALLURGY,REJECTED,INSP-124
QC-0004718,GR-0004718,MAT-00710,SUP-0096,2026-02-24,52,7,134615,DEF_METALLURGY,REJECTED,INSP-118
QC-0004719,GR-0004719,MAT-01097,SUP-0095,2026-01-31,510,9,17647,DEF_CONTAMINATION,CONCESSION,INSP-116
QC-0004720,GR-0004720,MAT-00800,SUP-0095,2026-01-31,47,1,21276,DEF_ELECTRICAL,CONCESSION,INSP-107
QC-0004721,GR-0004721,MAT-00892,SUP-0099,2026-01-04,21,0,0,,ACCEPTED,INSP-107
QC-0004722,GR-0004722,MAT-00990,SUP-0004,2025-07-27,10,0,0,,ACCEPTED,INSP-121
QC-0004723,GR-0004723,MAT-01040,SUP-0113,2025-12-10,31,2,64516,DEF_SURFACE,REJECTED,INSP-112
QC-0004724,GR-0004724,MAT-00167,SUP-0046,2025-06-11,551,29,52631,DEF_CONTAMINATION,REJECTED,INSP-117
QC-0004725,GR-0004725,MAT-00453,SUP-0046,2025-06-07,22,0,0,,ACCEPTED,INSP-115
QC-0004726,GR-0004726,MAT-00384,SUP-0034,2025-10-20,11,0,0,,ACCEPTED,INSP-103
QC-0004727,GR-0004727,MAT-00588,SUP-0052,2025-11-09,120,9,75000,DEF_METALLURGY,REJECTED,INSP-102
QC-0004728,GR-0004728,MAT-00583,SUP-0064,2025-04-28,284,22,77464,DEF_METALLURGY,REJECTED,INSP-113
QC-0004729,GR-0004729,MAT-00621,SUP-0009,2025-10-15,296,49,165540,DEF_SURFACE,REJECTED,INSP-113
QC-0004730,GR-0004730,MAT-00962,SUP-0009,2025-11-01,10,2,200000,DEF_METALLURGY,REJECTED,INSP-111
QC-0004731,GR-0004731,MAT-00276,SUP-0009,2025-10-10,18,3,166666,DEF_DIMENSIONAL,REJECTED,INSP-108
QC-0004732,GR-0004732,MAT-00042,SUP-0065,2025-10-22,11,1,90909,DEF_METALLURGY,REJECTED,INSP-112
QC-0004733,GR-0004733,MAT-00827,SUP-0065,2025-10-21,766,84,109660,DEF_DIMENSIONAL,REJECTED,INSP-113
QC-0004734,GR-0004734,MAT-01076,SUP-0079,2025-05-05,43,3,69767,DEF_METALLURGY,REJECTED,INSP-122
QC-0004735,GR-0004735,MAT-00507,SUP-0041,2025-10-24,637,58,91051,DEF_PACKAGING,REJECTED,INSP-125
QC-0004736,GR-0004736,MAT-00507,SUP-0041,2025-10-27,670,61,91044,DEF_ELECTRICAL,REJECTED,INSP-112
QC-0004737,GR-0004737,MAT-00668,SUP-0086,2025-06-22,561,6,10695,DEF_CONTAMINATION,CONCESSION,INSP-121
QC-0004738,GR-0004738,MAT-00599,SUP-0086,2025-06-21,15,0,0,,ACCEPTED,INSP-114
QC-0004739,GR-0004739,MAT-00746,SUP-0093,2026-03-13,122,33,270491,DEF_SURFACE,REJECTED,INSP-112
QC-0004740,GR-0004740,MAT-00056,SUP-0093,2026-03-30,280,54,192857,DEF_SURFACE,REJECTED,INSP-101
QC-0004741,GR-0004741,MAT-00036,SUP-0048,2025-06-30,59,3,50847,DEF_METALLURGY,REJECTED,INSP-121
QC-0004742,GR-0004742,MAT-00729,SUP-0048,2025-06-28,10,3,300000,DEF_CONTAMINATION,REJECTED,INSP-101
QC-0004743,GR-0004743,MAT-00682,SUP-0085,2025-10-05,11,1,90909,DEF_SURFACE,REJECTED,INSP-106
QC-0004744,GR-0004744,MAT-00940,SUP-0037,2026-02-16,153,8,52287,DEF_CONTAMINATION,REJECTED,INSP-120
QC-0004745,GR-0004745,MAT-00906,SUP-0037,2026-02-22,24,1,41666,DEF_CONTAMINATION,REJECTED,INSP-105
QC-0004746,GR-0004746,MAT-00647,SUP-0084,2025-10-14,55,6,109090,DEF_CONTAMINATION,REJECTED,INSP-101
QC-0004747,GR-0004747,MAT-00623,SUP-0084,2025-10-20,10,1,100000,DEF_PACKAGING,REJECTED,INSP-110
QC-0004748,GR-0004748,MAT-00675,SUP-0084,2025-10-19,57,4,70175,DEF_DIMENSIONAL,REJECTED,INSP-119
QC-0004749,GR-0004749,MAT-00411,SUP-0084,2025-10-11,14,2,142857,DEF_ELECTRICAL,REJECTED,INSP-103
QC-0004750,GR-0004750,MAT-00005,SUP-0006,2025-12-28,262,9,34351,DEF_DIMENSIONAL,CONCESSION,INSP-101
QC-0004751,GR-0004751,MAT-00291,SUP-0059,2025-09-21,169,41,242603,DEF_PACKAGING,REJECTED,INSP-108
QC-0004752,GR-0004752,MAT-00929,SUP-0059,2025-09-23,594,93,156565,DEF_METALLURGY,REJECTED,INSP-109
QC-0004753,GR-0004753,MAT-00050,SUP-0059,2025-09-16,17,2,117647,DEF_PACKAGING,REJECTED,INSP-125
QC-0004754,GR-0004754,MAT-00389,SUP-0008,2025-07-25,188,23,122340,DEF_CONTAMINATION,REJECTED,INSP-112
QC-0004755,GR-0004755,MAT-00922,SUP-0089,2026-04-17,17,6,352941,DEF_PACKAGING,REJECTED,INSP-119
QC-0004756,GR-0004756,MAT-00460,SUP-0089,2026-04-18,41,4,97560,DEF_METALLURGY,REJECTED,INSP-113
QC-0004757,GR-0004757,MAT-01141,SUP-0089,2026-04-12,612,61,99673,DEF_METALLURGY,REJECTED,INSP-112
QC-0004758,GR-0004758,MAT-00229,SUP-0110,2026-03-28,21,3,142857,DEF_METALLURGY,REJECTED,INSP-117
QC-0004759,GR-0004759,MAT-00495,SUP-0009,2026-02-13,32,4,125000,DEF_CONTAMINATION,REJECTED,INSP-103
QC-0004760,GR-0004760,MAT-01084,SUP-0009,2026-02-09,18,3,166666,DEF_DIMENSIONAL,REJECTED,INSP-108
QC-0004761,GR-0004761,MAT-00442,SUP-0047,2026-02-25,22,1,45454,DEF_PACKAGING,REJECTED,INSP-105
QC-0004762,GR-0004762,MAT-00871,SUP-0047,2026-02-25,154,0,0,,ACCEPTED,INSP-110
QC-0004763,GR-0004763,MAT-01057,SUP-0059,2025-06-28,386,56,145077,DEF_METALLURGY,REJECTED,INSP-106
QC-0004764,GR-0004764,MAT-00689,SUP-0062,2025-10-13,19,0,0,,ACCEPTED,INSP-124
QC-0004765,GR-0004765,MAT-00717,SUP-0039,2025-10-05,30,3,100000,DEF_SURFACE,REJECTED,INSP-103
QC-0004766,GR-0004766,MAT-00670,SUP-0039,2025-10-07,324,34,104938,DEF_SURFACE,REJECTED,INSP-125
QC-0004767,GR-0004767,MAT-00007,SUP-0068,2026-01-11,12,0,0,,ACCEPTED,INSP-102
QC-0004768,GR-0004768,MAT-00025,SUP-0068,2026-01-11,163,7,42944,DEF_SURFACE,REJECTED,INSP-120
QC-0004769,GR-0004769,MAT-00367,SUP-0079,2025-10-23,10,1,100000,DEF_DIMENSIONAL,REJECTED,INSP-107
QC-0004770,GR-0004770,MAT-00667,SUP-0014,2025-08-22,23,7,304347,DEF_SURFACE,REJECTED,INSP-122
QC-0004771,GR-0004771,MAT-00737,SUP-0090,2025-12-30,63,5,79365,DEF_PACKAGING,REJECTED,INSP-116
QC-0004772,GR-0004772,MAT-00234,SUP-0092,2026-03-07,21,0,0,,ACCEPTED,INSP-101
QC-0004773,GR-0004773,MAT-00621,SUP-0009,2025-11-26,276,51,184782,DEF_CONTAMINATION,REJECTED,INSP-112
QC-0004774,GR-0004774,MAT-00877,SUP-0037,2025-07-03,10,1,100000,DEF_DIMENSIONAL,REJECTED,INSP-123
QC-0004775,GR-0004775,MAT-00895,SUP-0084,2025-08-13,157,11,70063,DEF_ELECTRICAL,REJECTED,INSP-113
QC-0004776,GR-0004776,MAT-00730,SUP-0024,2025-08-16,175,13,74285,DEF_DIMENSIONAL,REJECTED,INSP-117
QC-0004777,GR-0004777,MAT-00617,SUP-0024,2025-08-16,10,0,0,,ACCEPTED,INSP-101
QC-0004778,GR-0004778,MAT-01135,SUP-0024,2025-08-19,12,0,0,,ACCEPTED,INSP-106
QC-0004779,GR-0004779,MAT-00267,SUP-0003,2025-09-18,523,55,105162,DEF_METALLURGY,REJECTED,INSP-104
QC-0004780,GR-0004780,MAT-00077,SUP-0003,2025-09-19,35,3,85714,DEF_PACKAGING,REJECTED,INSP-116
QC-0004781,GR-0004781,MAT-00788,SUP-0003,2025-09-15,168,10,59523,DEF_SURFACE,REJECTED,INSP-116
QC-0004782,GR-0004782,MAT-00631,SUP-0086,2026-01-01,56,0,0,,ACCEPTED,INSP-101
QC-0004783,GR-0004783,MAT-01037,SUP-0049,2025-12-25,48,3,62500,DEF_ELECTRICAL,REJECTED,INSP-120
QC-0004784,GR-0004784,MAT-00827,SUP-0062,2026-02-08,367,25,68119,DEF_CONTAMINATION,REJECTED,INSP-114
QC-0004785,GR-0004785,MAT-01045,SUP-0093,2025-11-14,10,4,400000,DEF_DIMENSIONAL,REJECTED,INSP-124
QC-0004786,GR-0004786,MAT-00133,SUP-0093,2025-11-26,61,13,213114,DEF_CONTAMINATION,REJECTED,INSP-113
QC-0004787,GR-0004787,MAT-00608,SUP-0044,2026-04-15,154,24,155844,DEF_METALLURGY,REJECTED,INSP-106
QC-0004788,GR-0004788,MAT-00834,SUP-0044,2026-04-14,390,50,128205,DEF_CONTAMINATION,REJECTED,INSP-122
QC-0004789,GR-0004789,MAT-00508,SUP-0018,2025-08-08,13,4,307692,DEF_CONTAMINATION,REJECTED,INSP-113
QC-0004790,GR-0004790,MAT-01124,SUP-0020,2025-11-14,584,63,107876,DEF_ELECTRICAL,REJECTED,INSP-118
QC-0004791,GR-0004791,MAT-01114,SUP-0020,2025-11-21,31,3,96774,DEF_SURFACE,REJECTED,INSP-119
QC-0004792,GR-0004792,MAT-00855,SUP-0020,2025-11-15,11,1,90909,DEF_DIMENSIONAL,REJECTED,INSP-108
QC-0004793,GR-0004793,MAT-00340,SUP-0080,2026-03-10,10,0,0,,ACCEPTED,INSP-112
QC-0004794,GR-0004794,MAT-00897,SUP-0080,2026-03-09,10,0,0,,ACCEPTED,INSP-120
QC-0004795,GR-0004795,MAT-01187,SUP-0118,2025-08-06,36,3,83333,DEF_DIMENSIONAL,REJECTED,INSP-110
QC-0004796,GR-0004796,MAT-01027,SUP-0118,2025-07-31,18,2,111111,DEF_ELECTRICAL,REJECTED,INSP-101
QC-0004797,GR-0004797,MAT-00816,SUP-0118,2025-08-06,77,8,103896,DEF_PACKAGING,REJECTED,INSP-116
QC-0004798,GR-0004798,MAT-01093,SUP-0043,2025-06-19,52,4,76923,DEF_ELECTRICAL,REJECTED,INSP-106
QC-0004799,GR-0004799,MAT-00781,SUP-0114,2025-10-01,373,60,160857,DEF_ELECTRICAL,REJECTED,INSP-108
QC-0004800,GR-0004800,MAT-00758,SUP-0036,2026-01-08,70,1,14285,DEF_SURFACE,CONCESSION,INSP-124
QC-0004801,GR-0004801,MAT-00222,SUP-0036,2026-01-10,22,1,45454,DEF_DIMENSIONAL,REJECTED,INSP-117
QC-0004802,GR-0004802,MAT-00825,SUP-0036,2026-01-10,25,0,0,,ACCEPTED,INSP-109
QC-0004803,GR-0004803,MAT-00927,SUP-0020,2025-03-19,603,52,86235,DEF_SURFACE,REJECTED,INSP-118
QC-0004804,GR-0004804,MAT-01197,SUP-0032,2026-02-06,178,10,56179,DEF_DIMENSIONAL,REJECTED,INSP-118
QC-0004805,GR-0004805,MAT-01001,SUP-0032,2026-02-08,79,2,25316,DEF_PACKAGING,CONCESSION,INSP-125
QC-0004806,GR-0004806,MAT-00077,SUP-0049,2025-09-26,27,1,37037,DEF_PACKAGING,CONCESSION,INSP-112
QC-0004807,GR-0004807,MAT-00184,SUP-0049,2025-09-22,302,18,59602,DEF_SURFACE,REJECTED,INSP-117
QC-0004808,GR-0004808,MAT-01016,SUP-0049,2025-09-22,10,0,0,,ACCEPTED,INSP-125
QC-0004809,GR-0004809,MAT-00869,SUP-0057,2025-05-04,16,1,62500,DEF_DIMENSIONAL,REJECTED,INSP-105
QC-0004810,GR-0004810,MAT-00543,SUP-0057,2025-05-07,16,0,0,,ACCEPTED,INSP-102
QC-0004811,GR-0004811,MAT-00518,SUP-0057,2025-05-02,104,6,57692,DEF_METALLURGY,REJECTED,INSP-103
QC-0004812,GR-0004812,MAT-00855,SUP-0107,2025-12-21,10,2,200000,DEF_PACKAGING,REJECTED,INSP-123
QC-0004813,GR-0004813,MAT-00380,SUP-0066,2025-08-23,27,2,74074,DEF_DIMENSIONAL,REJECTED,INSP-112
QC-0004814,GR-0004814,MAT-00294,SUP-0056,2025-10-21,10,0,0,,ACCEPTED,INSP-113
QC-0004815,GR-0004815,MAT-01175,SUP-0007,2025-05-26,24,2,83333,DEF_CONTAMINATION,REJECTED,INSP-102
QC-0004816,GR-0004816,MAT-00521,SUP-0007,2025-06-05,126,11,87301,DEF_SURFACE,REJECTED,INSP-104
QC-0004817,GR-0004817,MAT-00994,SUP-0007,2025-05-28,323,18,55727,DEF_DIMENSIONAL,REJECTED,INSP-108
QC-0004818,GR-0004818,MAT-00277,SUP-0021,2025-07-16,208,8,38461,DEF_METALLURGY,CONCESSION,INSP-102
QC-0004819,GR-0004819,MAT-00804,SUP-0021,2025-07-16,35,2,57142,DEF_PACKAGING,REJECTED,INSP-118
QC-0004820,GR-0004820,MAT-00338,SUP-0021,2025-07-15,33,2,60606,DEF_ELECTRICAL,REJECTED,INSP-106
QC-0004821,GR-0004821,MAT-00356,SUP-0098,2025-09-28,31,2,64516,DEF_METALLURGY,REJECTED,INSP-112
QC-0004822,GR-0004822,MAT-00248,SUP-0098,2025-09-26,168,24,142857,DEF_DIMENSIONAL,REJECTED,INSP-105
QC-0004823,GR-0004823,MAT-00536,SUP-0098,2025-09-20,328,29,88414,DEF_DIMENSIONAL,REJECTED,INSP-114
QC-0004824,GR-0004824,MAT-00554,SUP-0040,2025-05-31,180,29,161111,DEF_METALLURGY,REJECTED,INSP-102
QC-0004825,GR-0004825,MAT-01141,SUP-0058,2025-03-01,241,9,37344,DEF_PACKAGING,CONCESSION,INSP-103
QC-0004826,GR-0004826,MAT-00181,SUP-0077,2025-11-24,36,1,27777,DEF_METALLURGY,CONCESSION,INSP-113
QC-0004827,GR-0004827,MAT-00149,SUP-0077,2025-11-29,327,26,79510,DEF_METALLURGY,REJECTED,INSP-113
QC-0004828,GR-0004828,MAT-01179,SUP-0077,2025-11-26,275,19,69090,DEF_SURFACE,REJECTED,INSP-109
QC-0004829,GR-0004829,MAT-00560,SUP-0094,2025-06-16,88,2,22727,DEF_CONTAMINATION,CONCESSION,INSP-125
QC-0004830,GR-0004830,MAT-00754,SUP-0094,2025-06-16,195,0,0,,ACCEPTED,INSP-114
QC-0004831,GR-0004831,MAT-01109,SUP-0094,2025-06-15,11,0,0,,ACCEPTED,INSP-114
QC-0004832,GR-0004832,MAT-00127,SUP-0104,2025-10-03,108,12,111111,DEF_METALLURGY,REJECTED,INSP-116
QC-0004833,GR-0004833,MAT-00378,SUP-0012,2025-07-15,619,77,124394,DEF_SURFACE,REJECTED,INSP-108
QC-0004834,GR-0004834,MAT-00317,SUP-0012,2025-08-06,407,48,117936,DEF_ELECTRICAL,REJECTED,INSP-103
QC-0004835,GR-0004835,MAT-00597,SUP-0012,2025-08-02,10,1,100000,DEF_SURFACE,REJECTED,INSP-115
QC-0004836,GR-0004836,MAT-00688,SUP-0012,2025-07-30,174,18,103448,DEF_METALLURGY,REJECTED,INSP-118
QC-0004837,GR-0004837,MAT-01042,SUP-0108,2026-02-09,104,17,163461,DEF_PACKAGING,REJECTED,INSP-122
QC-0004838,GR-0004838,MAT-00398,SUP-0010,2026-03-31,67,5,74626,DEF_DIMENSIONAL,REJECTED,INSP-112
QC-0004839,GR-0004839,MAT-00322,SUP-0025,2025-12-02,127,12,94488,DEF_ELECTRICAL,REJECTED,INSP-109
QC-0004840,GR-0004840,MAT-00010,SUP-0025,2025-12-06,69,2,28985,DEF_CONTAMINATION,CONCESSION,INSP-108
QC-0004841,GR-0004841,MAT-00677,SUP-0083,2025-12-26,13,1,76923,DEF_CONTAMINATION,REJECTED,INSP-102
QC-0004842,GR-0004842,MAT-00429,SUP-0083,2025-12-26,607,31,51070,DEF_PACKAGING,REJECTED,INSP-110
QC-0004843,GR-0004843,MAT-00066,SUP-0083,2025-12-24,26,2,76923,DEF_CONTAMINATION,REJECTED,INSP-124
QC-0004844,GR-0004844,MAT-00813,SUP-0086,2025-07-25,12,0,0,,ACCEPTED,INSP-114
QC-0004845,GR-0004845,MAT-00700,SUP-0091,2025-07-17,139,8,57553,DEF_CONTAMINATION,REJECTED,INSP-110
QC-0004846,GR-0004846,MAT-00454,SUP-0095,2026-04-09,649,22,33898,DEF_METALLURGY,CONCESSION,INSP-106
QC-0004847,GR-0004847,MAT-00197,SUP-0077,2025-10-02,64,6,93750,DEF_SURFACE,REJECTED,INSP-121
QC-0004848,GR-0004848,MAT-00323,SUP-0023,2025-10-10,10,0,0,,ACCEPTED,INSP-121
QC-0004849,GR-0004849,MAT-00455,SUP-0026,2026-02-21,13,2,153846,DEF_CONTAMINATION,REJECTED,INSP-125
QC-0004850,GR-0004850,MAT-00494,SUP-0120,2025-10-04,22,0,0,,ACCEPTED,INSP-110
QC-0004851,GR-0004851,MAT-00376,SUP-0068,2026-02-02,86,2,23255,DEF_SURFACE,CONCESSION,INSP-125
QC-0004852,GR-0004852,MAT-00290,SUP-0074,2026-01-04,360,22,61111,DEF_ELECTRICAL,REJECTED,INSP-122
QC-0004853,GR-0004853,MAT-01131,SUP-0062,2026-04-10,10,0,0,,ACCEPTED,INSP-113
QC-0004854,GR-0004854,MAT-01127,SUP-0062,2026-04-13,186,29,155913,DEF_METALLURGY,REJECTED,INSP-117
QC-0004855,GR-0004855,MAT-00300,SUP-0062,2026-04-14,167,13,77844,DEF_DIMENSIONAL,REJECTED,INSP-125
QC-0004856,GR-0004856,MAT-00873,SUP-0062,2026-04-09,36,5,138888,DEF_DIMENSIONAL,REJECTED,INSP-110
QC-0004857,GR-0004857,MAT-00204,SUP-0111,2025-05-15,10,0,0,,ACCEPTED,INSP-118
QC-0004858,GR-0004858,MAT-01085,SUP-0075,2025-09-10,65,9,138461,DEF_ELECTRICAL,REJECTED,INSP-113
QC-0004859,GR-0004859,MAT-01192,SUP-0075,2025-09-07,111,11,99099,DEF_ELECTRICAL,REJECTED,INSP-109
QC-0004860,GR-0004860,MAT-00037,SUP-0075,2025-09-04,69,8,115942,DEF_ELECTRICAL,REJECTED,INSP-123
QC-0004861,GR-0004861,MAT-01073,SUP-0095,2025-11-07,53,1,18867,DEF_SURFACE,CONCESSION,INSP-120
QC-0004862,GR-0004862,MAT-00377,SUP-0095,2025-11-06,335,9,26865,DEF_DIMENSIONAL,CONCESSION,INSP-114
QC-0004863,GR-0004863,MAT-00866,SUP-0085,2025-08-10,11,1,90909,DEF_DIMENSIONAL,REJECTED,INSP-108
QC-0004864,GR-0004864,MAT-00858,SUP-0035,2026-03-09,709,132,186177,DEF_SURFACE,REJECTED,INSP-124
QC-0004865,GR-0004865,MAT-00233,SUP-0035,2026-03-13,32,6,187500,DEF_METALLURGY,REJECTED,INSP-106
QC-0004866,GR-0004866,MAT-00907,SUP-0035,2026-04-08,722,149,206371,DEF_PACKAGING,REJECTED,INSP-111
QC-0004867,GR-0004867,MAT-00965,SUP-0012,2026-04-09,49,7,142857,DEF_METALLURGY,REJECTED,INSP-103
QC-0004868,GR-0004868,MAT-00575,SUP-0012,2026-04-12,150,11,73333,DEF_CONTAMINATION,REJECTED,INSP-115
QC-0004869,GR-0004869,MAT-01185,SUP-0012,2026-04-08,10,1,100000,DEF_SURFACE,REJECTED,INSP-107
QC-0004870,GR-0004870,MAT-00021,SUP-0012,2026-04-14,51,5,98039,DEF_METALLURGY,REJECTED,INSP-119
QC-0004871,GR-0004871,MAT-00318,SUP-0014,2025-12-22,548,143,260948,DEF_ELECTRICAL,REJECTED,INSP-114
QC-0004872,GR-0004872,MAT-00363,SUP-0014,2025-12-21,388,94,242268,DEF_CONTAMINATION,REJECTED,INSP-123
QC-0004873,GR-0004873,MAT-00082,SUP-0036,2025-09-21,711,3,4219,DEF_ELECTRICAL,CONCESSION,INSP-122
QC-0004874,GR-0004874,MAT-01009,SUP-0036,2025-09-22,80,0,0,,ACCEPTED,INSP-113
QC-0004875,GR-0004875,MAT-00669,SUP-0036,2025-09-22,685,12,17518,DEF_PACKAGING,CONCESSION,INSP-116
QC-0004876,GR-0004876,MAT-00920,SUP-0036,2025-09-24,52,0,0,,ACCEPTED,INSP-122
QC-0004877,GR-0004877,MAT-01092,SUP-0119,2025-11-24,155,11,70967,DEF_ELECTRICAL,REJECTED,INSP-119
QC-0004878,GR-0004878,MAT-00425,SUP-0003,2025-11-25,10,1,100000,DEF_DIMENSIONAL,REJECTED,INSP-103
QC-0004879,GR-0004879,MAT-00672,SUP-0003,2025-11-23,15,6,400000,DEF_PACKAGING,REJECTED,INSP-116
QC-0004880,GR-0004880,MAT-00230,SUP-0099,2025-09-30,34,0,0,,ACCEPTED,INSP-110
QC-0004881,GR-0004881,MAT-01003,SUP-0099,2025-09-29,306,3,9803,DEF_DIMENSIONAL,CONCESSION,INSP-117
QC-0004882,GR-0004882,MAT-00754,SUP-0099,2025-09-28,162,0,0,,ACCEPTED,INSP-101
QC-0004883,GR-0004883,MAT-00175,SUP-0099,2025-09-30,453,0,0,,ACCEPTED,INSP-107
QC-0004884,GR-0004884,MAT-01176,SUP-0002,2025-12-25,19,1,52631,DEF_METALLURGY,REJECTED,INSP-118
QC-0004885,GR-0004885,MAT-01072,SUP-0008,2026-02-28,26,3,115384,DEF_ELECTRICAL,REJECTED,INSP-115
QC-0004886,GR-0004886,MAT-00749,SUP-0056,2026-03-05,10,2,200000,DEF_CONTAMINATION,REJECTED,INSP-125
QC-0004887,GR-0004887,MAT-01010,SUP-0029,2025-10-12,149,22,147651,DEF_METALLURGY,REJECTED,INSP-107
QC-0004888,GR-0004888,MAT-00065,SUP-0029,2025-10-08,12,2,166666,DEF_CONTAMINATION,REJECTED,INSP-124
QC-0004889,GR-0004889,MAT-00112,SUP-0077,2025-11-08,52,3,57692,DEF_SURFACE,REJECTED,INSP-114
QC-0004890,GR-0004890,MAT-00226,SUP-0072,2025-11-18,10,1,100000,DEF_METALLURGY,REJECTED,INSP-120
QC-0004891,GR-0004891,MAT-00171,SUP-0112,2026-02-22,27,1,37037,DEF_ELECTRICAL,CONCESSION,INSP-102
QC-0004892,GR-0004892,MAT-00428,SUP-0112,2026-02-22,34,1,29411,DEF_CONTAMINATION,CONCESSION,INSP-105
QC-0004893,GR-0004893,MAT-00015,SUP-0112,2026-02-16,62,2,32258,DEF_SURFACE,CONCESSION,INSP-122
QC-0004894,GR-0004894,MAT-00268,SUP-0024,2026-01-02,220,10,45454,DEF_METALLURGY,REJECTED,INSP-101
QC-0004895,GR-0004895,MAT-00194,SUP-0059,2026-03-16,132,20,151515,DEF_METALLURGY,REJECTED,INSP-119
QC-0004896,GR-0004896,MAT-00016,SUP-0059,2026-03-16,18,2,111111,DEF_ELECTRICAL,REJECTED,INSP-123
QC-0004897,GR-0004897,MAT-00176,SUP-0059,2026-04-03,141,23,163120,DEF_SURFACE,REJECTED,INSP-124
QC-0004898,GR-0004898,MAT-00248,SUP-0059,2026-03-19,255,36,141176,DEF_DIMENSIONAL,REJECTED,INSP-121
QC-0004899,GR-0004899,MAT-01193,SUP-0083,2026-03-09,44,1,22727,DEF_SURFACE,CONCESSION,INSP-109
QC-0004900,GR-0004900,MAT-00226,SUP-0083,2026-03-12,25,1,40000,DEF_METALLURGY,REJECTED,INSP-104
QC-0004901,GR-0004901,MAT-00682,SUP-0085,2025-10-16,18,0,0,,ACCEPTED,INSP-108
QC-0004902,GR-0004902,MAT-00855,SUP-0107,2025-04-30,15,1,66666,DEF_DIMENSIONAL,REJECTED,INSP-110
QC-0004903,GR-0004903,MAT-00489,SUP-0095,2025-10-19,71,4,56338,DEF_DIMENSIONAL,REJECTED,INSP-109
QC-0004904,GR-0004904,MAT-00308,SUP-0056,2026-01-17,96,8,83333,DEF_ELECTRICAL,REJECTED,INSP-117
QC-0004905,GR-0004905,MAT-00669,SUP-0038,2025-11-12,730,28,38356,DEF_ELECTRICAL,CONCESSION,INSP-125
QC-0004906,GR-0004906,MAT-00751,SUP-0038,2025-11-12,169,5,29585,DEF_METALLURGY,CONCESSION,INSP-104
QC-0004907,GR-0004907,MAT-00902,SUP-0063,2026-02-28,43,4,93023,DEF_ELECTRICAL,REJECTED,INSP-107
QC-0004908,GR-0004908,MAT-00965,SUP-0012,2025-10-14,144,13,90277,DEF_SURFACE,REJECTED,INSP-112
QC-0004909,GR-0004909,MAT-01011,SUP-0082,2026-02-22,193,24,124352,DEF_METALLURGY,REJECTED,INSP-113
QC-0004910,GR-0004910,MAT-01071,SUP-0025,2025-07-20,14,0,0,,ACCEPTED,INSP-120
QC-0004911,GR-0004911,MAT-00978,SUP-0025,2025-07-21,18,2,111111,DEF_PACKAGING,REJECTED,INSP-105
QC-0004912,GR-0004912,MAT-00650,SUP-0094,2026-01-29,30,0,0,,ACCEPTED,INSP-112
QC-0004913,GR-0004913,MAT-00963,SUP-0026,2025-08-14,209,15,71770,DEF_METALLURGY,REJECTED,INSP-125
QC-0004914,GR-0004914,MAT-00824,SUP-0026,2025-08-16,10,0,0,,ACCEPTED,INSP-125
QC-0004915,GR-0004915,MAT-00636,SUP-0026,2025-08-20,69,2,28985,DEF_METALLURGY,CONCESSION,INSP-125
QC-0004916,GR-0004916,MAT-00651,SUP-0022,2025-09-11,66,3,45454,DEF_PACKAGING,REJECTED,INSP-107
QC-0004917,GR-0004917,MAT-00016,SUP-0022,2025-09-11,68,1,14705,DEF_ELECTRICAL,CONCESSION,INSP-105
QC-0004918,GR-0004918,MAT-00186,SUP-0022,2025-09-13,709,18,25387,DEF_ELECTRICAL,CONCESSION,INSP-105
QC-0004919,GR-0004919,MAT-00826,SUP-0016,2026-02-20,540,30,55555,DEF_CONTAMINATION,REJECTED,INSP-101
QC-0004920,GR-0004920,MAT-00076,SUP-0120,2025-11-26,23,1,43478,DEF_METALLURGY,REJECTED,INSP-124
QC-0004921,GR-0004921,MAT-00186,SUP-0028,2025-08-24,728,78,107142,DEF_ELECTRICAL,REJECTED,INSP-120
QC-0004922,GR-0004922,MAT-00963,SUP-0028,2025-08-24,251,23,91633,DEF_CONTAMINATION,REJECTED,INSP-110
QC-0004923,GR-0004923,MAT-00733,SUP-0028,2025-08-22,723,71,98201,DEF_CONTAMINATION,REJECTED,INSP-120
QC-0004924,GR-0004924,MAT-00650,SUP-0094,2026-01-19,62,0,0,,ACCEPTED,INSP-121
QC-0004925,GR-0004925,MAT-00897,SUP-0094,2026-01-16,10,0,0,,ACCEPTED,INSP-105
QC-0004926,GR-0004926,MAT-00422,SUP-0076,2025-11-15,37,5,135135,DEF_SURFACE,REJECTED,INSP-108
QC-0004927,GR-0004927,MAT-00143,SUP-0076,2025-11-19,16,0,0,,ACCEPTED,INSP-115
QC-0004928,GR-0004928,MAT-00520,SUP-0019,2025-11-19,35,3,85714,DEF_CONTAMINATION,REJECTED,INSP-119
QC-0004929,GR-0004929,MAT-00296,SUP-0019,2025-11-27,314,28,89171,DEF_SURFACE,REJECTED,INSP-125
QC-0004930,GR-0004930,MAT-01082,SUP-0019,2026-03-30,268,24,89552,DEF_DIMENSIONAL,REJECTED,INSP-122
QC-0004931,GR-0004931,MAT-00602,SUP-0019,2026-04-02,11,1,90909,DEF_ELECTRICAL,REJECTED,INSP-106
QC-0004932,GR-0004932,MAT-00151,SUP-0019,2026-04-09,15,1,66666,DEF_PACKAGING,REJECTED,INSP-113
QC-0004933,GR-0004933,MAT-00866,SUP-0085,2025-11-28,12,0,0,,ACCEPTED,INSP-106
QC-0004934,GR-0004934,MAT-00713,SUP-0110,2026-01-26,701,53,75606,DEF_DIMENSIONAL,REJECTED,INSP-116
QC-0004935,GR-0004935,MAT-00866,SUP-0085,2025-08-17,11,0,0,,ACCEPTED,INSP-102
QC-0004936,GR-0004936,MAT-00870,SUP-0085,2025-08-21,304,11,36184,DEF_PACKAGING,CONCESSION,INSP-110
QC-0004937,GR-0004937,MAT-00386,SUP-0085,2025-08-21,303,6,19801,DEF_SURFACE,CONCESSION,INSP-115
QC-0004938,GR-0004938,MAT-00479,SUP-0099,2025-11-05,156,4,25641,DEF_METALLURGY,CONCESSION,INSP-119
QC-0004939,GR-0004939,MAT-00020,SUP-0049,2025-06-16,161,7,43478,DEF_DIMENSIONAL,REJECTED,INSP-112
QC-0004940,GR-0004940,MAT-00197,SUP-0049,2025-06-18,56,3,53571,DEF_DIMENSIONAL,REJECTED,INSP-125
QC-0004941,GR-0004941,MAT-00437,SUP-0094,2025-07-26,324,0,0,,ACCEPTED,INSP-125
QC-0004942,GR-0004942,MAT-00871,SUP-0094,2025-07-28,148,0,0,,ACCEPTED,INSP-116
QC-0004943,GR-0004943,MAT-00094,SUP-0003,2025-04-25,17,1,58823,DEF_PACKAGING,REJECTED,INSP-114
QC-0004944,GR-0004944,MAT-00770,SUP-0003,2025-04-21,91,11,120879,DEF_ELECTRICAL,REJECTED,INSP-121
QC-0004945,GR-0004945,MAT-00661,SUP-0067,2025-08-26,10,1,100000,DEF_METALLURGY,REJECTED,INSP-103
QC-0004946,GR-0004946,MAT-00548,SUP-0067,2025-08-27,142,14,98591,DEF_SURFACE,REJECTED,INSP-114
QC-0004947,GR-0004947,MAT-00761,SUP-0067,2025-09-02,37,4,108108,DEF_CONTAMINATION,REJECTED,INSP-109
QC-0004948,GR-0004948,MAT-00961,SUP-0065,2026-02-02,10,0,0,,ACCEPTED,INSP-113
QC-0004949,GR-0004949,MAT-00874,SUP-0093,2026-04-10,294,72,244897,DEF_ELECTRICAL,REJECTED,INSP-121
QC-0004950,GR-0004950,MAT-00991,SUP-0106,2025-12-22,10,0,0,,ACCEPTED,INSP-113
QC-0004951,GR-0004951,MAT-00971,SUP-0089,2025-07-02,346,26,75144,DEF_DIMENSIONAL,REJECTED,INSP-125
QC-0004952,GR-0004952,MAT-00815,SUP-0099,2026-01-27,364,3,8241,DEF_SURFACE,CONCESSION,INSP-117
QC-0004953,GR-0004953,MAT-01157,SUP-0099,2026-01-25,40,0,0,,ACCEPTED,INSP-113
QC-0004954,GR-0004954,MAT-00726,SUP-0110,2025-12-22,112,4,35714,DEF_METALLURGY,CONCESSION,INSP-122
QC-0004955,GR-0004955,MAT-01087,SUP-0110,2025-12-29,30,3,100000,DEF_ELECTRICAL,REJECTED,INSP-120
QC-0004956,GR-0004956,MAT-00314,SUP-0095,2026-01-30,68,1,14705,DEF_METALLURGY,CONCESSION,INSP-103
QC-0004957,GR-0004957,MAT-00353,SUP-0026,2026-02-24,51,7,137254,DEF_CONTAMINATION,REJECTED,INSP-103
QC-0004958,GR-0004958,MAT-00710,SUP-0026,2026-02-28,66,2,30303,DEF_DIMENSIONAL,CONCESSION,INSP-123
QC-0004959,GR-0004959,MAT-01092,SUP-0119,2026-01-12,151,11,72847,DEF_METALLURGY,REJECTED,INSP-114
QC-0004960,GR-0004960,MAT-00308,SUP-0056,2025-10-06,58,6,103448,DEF_ELECTRICAL,REJECTED,INSP-107
QC-0004961,GR-0004961,MAT-01136,SUP-0074,2026-01-11,261,19,72796,DEF_SURFACE,REJECTED,INSP-108
QC-0004962,GR-0004962,MAT-00800,SUP-0074,2026-01-12,110,7,63636,DEF_DIMENSIONAL,REJECTED,INSP-123
QC-0004963,GR-0004963,MAT-00281,SUP-0074,2026-01-11,89,6,67415,DEF_CONTAMINATION,REJECTED,INSP-124
QC-0004964,GR-0004964,MAT-00439,SUP-0074,2026-01-14,20,1,50000,DEF_ELECTRICAL,REJECTED,INSP-111
QC-0004965,GR-0004965,MAT-00705,SUP-0090,2025-05-21,569,34,59753,DEF_PACKAGING,REJECTED,INSP-107
QC-0004966,GR-0004966,MAT-00535,SUP-0090,2025-05-17,51,6,117647,DEF_PACKAGING,REJECTED,INSP-124
QC-0004967,GR-0004967,MAT-01008,SUP-0024,2025-06-12,155,11,70967,DEF_DIMENSIONAL,REJECTED,INSP-109
QC-0004968,GR-0004968,MAT-00634,SUP-0119,2025-10-12,41,2,48780,DEF_CONTAMINATION,REJECTED,INSP-120
QC-0004969,GR-0004969,MAT-00489,SUP-0095,2026-02-26,42,2,47619,DEF_DIMENSIONAL,REJECTED,INSP-108
QC-0004970,GR-0004970,MAT-00589,SUP-0095,2026-02-25,10,1,100000,DEF_CONTAMINATION,REJECTED,INSP-119
QC-0004971,GR-0004971,MAT-00104,SUP-0077,2025-12-30,10,3,300000,DEF_CONTAMINATION,REJECTED,INSP-103
QC-0004972,GR-0004972,MAT-00005,SUP-0077,2025-12-23,334,27,80838,DEF_ELECTRICAL,REJECTED,INSP-123
QC-0004973,GR-0004973,MAT-01177,SUP-0077,2025-12-29,15,1,66666,DEF_CONTAMINATION,REJECTED,INSP-115
QC-0004974,GR-0004974,MAT-01122,SUP-0070,2025-11-29,20,7,350000,DEF_ELECTRICAL,REJECTED,INSP-101
QC-0004975,GR-0004975,MAT-00810,SUP-0070,2026-01-08,81,21,259259,DEF_DIMENSIONAL,REJECTED,INSP-123
QC-0004976,GR-0004976,MAT-00374,SUP-0070,2025-12-10,10,4,400000,DEF_CONTAMINATION,REJECTED,INSP-115
QC-0004977,GR-0004977,MAT-00943,SUP-0070,2025-12-07,125,31,248000,DEF_METALLURGY,REJECTED,INSP-121
QC-0004978,GR-0004978,MAT-00930,SUP-0116,2025-11-05,10,0,0,,ACCEPTED,INSP-113
QC-0004979,GR-0004979,MAT-00147,SUP-0116,2025-11-05,11,0,0,,ACCEPTED,INSP-105
QC-0004980,GR-0004980,MAT-00151,SUP-0041,2025-10-03,10,1,100000,DEF_DIMENSIONAL,REJECTED,INSP-112
QC-0004981,GR-0004981,MAT-00764,SUP-0105,2026-03-23,123,0,0,,ACCEPTED,INSP-118
QC-0004982,GR-0004982,MAT-01076,SUP-0079,2025-06-04,58,8,137931,DEF_ELECTRICAL,REJECTED,INSP-116
QC-0004983,GR-0004983,MAT-00372,SUP-0061,2026-02-11,310,2,6451,DEF_PACKAGING,CONCESSION,INSP-117
QC-0004984,GR-0004984,MAT-01073,SUP-0061,2026-02-11,60,3,50000,DEF_ELECTRICAL,REJECTED,INSP-104
QC-0004985,GR-0004985,MAT-00972,SUP-0034,2026-03-25,10,0,0,,ACCEPTED,INSP-109
QC-0004986,GR-0004986,MAT-00984,SUP-0034,2026-03-25,10,0,0,,ACCEPTED,INSP-103
QC-0004987,GR-0004987,MAT-01079,SUP-0034,2026-03-26,734,41,55858,DEF_PACKAGING,REJECTED,INSP-118
QC-0004988,GR-0004988,MAT-01151,SUP-0092,2025-08-02,142,8,56338,DEF_ELECTRICAL,REJECTED,INSP-118
QC-0004989,GR-0004989,MAT-00229,SUP-0110,2025-10-26,45,2,44444,DEF_METALLURGY,REJECTED,INSP-108
QC-0004990,GR-0004990,MAT-00429,SUP-0110,2025-10-30,417,31,74340,DEF_ELECTRICAL,REJECTED,INSP-111
QC-0004991,GR-0004991,MAT-00763,SUP-0049,2025-07-13,237,17,71729,DEF_SURFACE,REJECTED,INSP-115
QC-0004992,GR-0004992,MAT-00553,SUP-0084,2026-01-28,185,12,64864,DEF_PACKAGING,REJECTED,INSP-125
QC-0004993,GR-0004993,MAT-00897,SUP-0084,2026-01-27,15,1,66666,DEF_DIMENSIONAL,REJECTED,INSP-116
QC-0004994,GR-0004994,MAT-00474,SUP-0090,2025-12-12,18,1,55555,DEF_PACKAGING,REJECTED,INSP-117
QC-0004995,GR-0004995,MAT-00513,SUP-0048,2026-01-24,33,1,30303,DEF_ELECTRICAL,CONCESSION,INSP-125
QC-0004996,GR-0004996,MAT-00064,SUP-0048,2026-01-21,41,0,0,,ACCEPTED,INSP-123
QC-0004997,GR-0004997,MAT-01000,SUP-0048,2026-01-19,69,2,28985,DEF_CONTAMINATION,CONCESSION,INSP-107
QC-0004998,GR-0004998,MAT-00032,SUP-0119,2025-08-19,10,1,100000,DEF_PACKAGING,REJECTED,INSP-121
QC-0004999,GR-0004999,MAT-01040,SUP-0119,2025-08-20,22,4,181818,DEF_ELECTRICAL,REJECTED,INSP-101
QC-0005000,GR-0005000,MAT-00419,SUP-0119,2025-08-14,69,5,72463,DEF_CONTAMINATION,REJECTED,INSP-104
QC-0005001,GR-0005001,MAT-01131,SUP-0062,2025-08-23,12,0,0,,ACCEPTED,INSP-122
QC-0005002,GR-0005002,MAT-00367,SUP-0079,2025-04-29,14,0,0,,ACCEPTED,INSP-114
QC-0005003,GR-0005003,MAT-01096,SUP-0079,2025-04-29,15,1,66666,DEF_DIMENSIONAL,REJECTED,INSP-122
QC-0005004,GR-0005004,MAT-00986,SUP-0079,2025-04-28,12,2,166666,DEF_DIMENSIONAL,REJECTED,INSP-116
QC-0005005,GR-0005005,MAT-01134,SUP-0004,2025-10-10,13,2,153846,DEF_SURFACE,REJECTED,INSP-108
QC-0005006,GR-0005006,MAT-00144,SUP-0004,2025-10-10,37,2,54054,DEF_DIMENSIONAL,REJECTED,INSP-102
QC-0005007,GR-0005007,MAT-00873,SUP-0050,2025-12-19,35,1,28571,DEF_DIMENSIONAL,CONCESSION,INSP-102
QC-0005008,GR-0005008,MAT-00444,SUP-0050,2025-12-26,298,28,93959,DEF_DIMENSIONAL,REJECTED,INSP-109
QC-0005009,GR-0005009,MAT-00914,SUP-0050,2025-12-19,61,7,114754,DEF_PACKAGING,REJECTED,INSP-120
QC-0005010,GR-0005010,MAT-00781,SUP-0114,2026-03-20,268,43,160447,DEF_METALLURGY,REJECTED,INSP-113
QC-0005011,GR-0005011,MAT-00823,SUP-0067,2026-01-18,742,81,109164,DEF_DIMENSIONAL,REJECTED,INSP-119
QC-0005012,GR-0005012,MAT-00883,SUP-0067,2026-01-09,568,56,98591,DEF_PACKAGING,REJECTED,INSP-120
QC-0005013,GR-0005013,MAT-00214,SUP-0064,2025-11-09,29,3,103448,DEF_PACKAGING,REJECTED,INSP-107
QC-0005014,GR-0005014,MAT-01190,SUP-0099,2025-11-25,175,2,11428,DEF_METALLURGY,CONCESSION,INSP-108
QC-0005015,GR-0005015,MAT-01060,SUP-0081,2025-09-16,96,15,156250,DEF_ELECTRICAL,REJECTED,INSP-113
QC-0005016,GR-0005016,MAT-00554,SUP-0081,2025-09-11,209,24,114832,DEF_METALLURGY,REJECTED,INSP-114
QC-0005017,GR-0005017,MAT-00612,SUP-0081,2025-09-15,56,9,160714,DEF_DIMENSIONAL,REJECTED,INSP-120
QC-0005018,GR-0005018,MAT-00884,SUP-0029,2025-05-18,31,3,96774,DEF_SURFACE,REJECTED,INSP-108
QC-0005019,GR-0005019,MAT-00904,SUP-0064,2025-06-19,61,3,49180,DEF_SURFACE,REJECTED,INSP-125
QC-0005020,GR-0005020,MAT-00071,SUP-0038,2025-09-26,128,5,39062,DEF_METALLURGY,CONCESSION,INSP-107
QC-0005021,GR-0005021,MAT-00480,SUP-0038,2025-09-27,16,2,125000,DEF_METALLURGY,REJECTED,INSP-106
QC-0005022,GR-0005022,MAT-00658,SUP-0105,2025-11-29,155,4,25806,DEF_ELECTRICAL,CONCESSION,INSP-107
QC-0005023,GR-0005023,MAT-00849,SUP-0105,2025-12-02,47,5,106382,DEF_ELECTRICAL,REJECTED,INSP-122
QC-0005024,GR-0005024,MAT-00539,SUP-0114,2025-12-18,104,15,144230,DEF_SURFACE,REJECTED,INSP-115
QC-0005025,GR-0005025,MAT-01104,SUP-0114,2025-12-17,154,18,116883,DEF_ELECTRICAL,REJECTED,INSP-120
QC-0005026,GR-0005026,MAT-00916,SUP-0114,2025-12-21,30,3,100000,DEF_METALLURGY,REJECTED,INSP-111
QC-0005027,GR-0005027,MAT-00380,SUP-0114,2025-12-20,10,3,300000,DEF_PACKAGING,REJECTED,INSP-121
QC-0005028,GR-0005028,MAT-00645,SUP-0052,2025-12-29,173,11,63583,DEF_CONTAMINATION,REJECTED,INSP-105
QC-0005029,GR-0005029,MAT-00758,SUP-0052,2026-01-01,150,10,66666,DEF_ELECTRICAL,REJECTED,INSP-125
QC-0005030,GR-0005030,MAT-00668,SUP-0086,2025-07-13,488,2,4098,DEF_CONTAMINATION,CONCESSION,INSP-116
QC-0005031,GR-0005031,MAT-00357,SUP-0089,2025-10-11,629,44,69952,DEF_METALLURGY,REJECTED,INSP-125
QC-0005032,GR-0005032,MAT-00498,SUP-0089,2025-10-18,42,6,142857,DEF_PACKAGING,REJECTED,INSP-117
QC-0005033,GR-0005033,MAT-00050,SUP-0096,2025-12-28,10,2,200000,DEF_SURFACE,REJECTED,INSP-101
QC-0005034,GR-0005034,MAT-00069,SUP-0096,2025-12-26,35,2,57142,DEF_ELECTRICAL,REJECTED,INSP-117
QC-0005035,GR-0005035,MAT-01104,SUP-0096,2025-12-28,45,2,44444,DEF_CONTAMINATION,REJECTED,INSP-105
QC-0005036,GR-0005036,MAT-00528,SUP-0083,2026-02-12,10,1,100000,DEF_METALLURGY,REJECTED,INSP-114
QC-0005037,GR-0005037,MAT-00600,SUP-0083,2026-02-13,28,1,35714,DEF_PACKAGING,CONCESSION,INSP-111
QC-0005038,GR-0005038,MAT-00522,SUP-0083,2026-02-08,16,3,187500,DEF_PACKAGING,REJECTED,INSP-118
QC-0005039,GR-0005039,MAT-01097,SUP-0095,2026-02-09,319,6,18808,DEF_ELECTRICAL,CONCESSION,INSP-115
QC-0005040,GR-0005040,MAT-01130,SUP-0028,2026-01-02,103,10,97087,DEF_PACKAGING,REJECTED,INSP-125
QC-0005041,GR-0005041,MAT-00124,SUP-0102,2025-08-05,51,2,39215,DEF_SURFACE,CONCESSION,INSP-113
QC-0005042,GR-0005042,MAT-00163,SUP-0102,2025-08-05,10,0,0,,ACCEPTED,INSP-121
QC-0005043,GR-0005043,MAT-01039,SUP-0113,2026-01-11,56,5,89285,DEF_PACKAGING,REJECTED,INSP-123
QC-0005044,GR-0005044,MAT-00723,SUP-0040,2026-01-11,18,3,166666,DEF_CONTAMINATION,REJECTED,INSP-112
QC-0005045,GR-0005045,MAT-00676,SUP-0040,2026-01-14,192,30,156250,DEF_DIMENSIONAL,REJECTED,INSP-124
QC-0005046,GR-0005046,MAT-00632,SUP-0055,2025-12-23,16,0,0,,ACCEPTED,INSP-121
QC-0005047,GR-0005047,MAT-00145,SUP-0104,2025-12-05,236,14,59322,DEF_PACKAGING,REJECTED,INSP-118
QC-0005048,GR-0005048,MAT-00992,SUP-0072,2026-01-07,166,41,246987,DEF_SURFACE,REJECTED,INSP-103
QC-0005049,GR-0005049,MAT-00082,SUP-0072,2026-01-09,564,161,285460,DEF_DIMENSIONAL,REJECTED,INSP-101
QC-0005050,GR-0005050,MAT-00469,SUP-0072,2026-01-08,15,3,200000,DEF_METALLURGY,REJECTED,INSP-118
QC-0005051,GR-0005051,MAT-00321,SUP-0049,2025-09-27,92,3,32608,DEF_METALLURGY,CONCESSION,INSP-107
QC-0005052,GR-0005052,MAT-00742,SUP-0096,2025-12-07,175,12,68571,DEF_PACKAGING,REJECTED,INSP-111
QC-0005053,GR-0005053,MAT-00570,SUP-0020,2025-08-02,26,2,76923,DEF_PACKAGING,REJECTED,INSP-110
QC-0005054,GR-0005054,MAT-00369,SUP-0020,2025-08-05,300,33,110000,DEF_ELECTRICAL,REJECTED,INSP-111
QC-0005055,GR-0005055,MAT-00632,SUP-0055,2026-02-24,10,0,0,,ACCEPTED,INSP-109
QC-0005056,GR-0005056,MAT-00181,SUP-0055,2026-02-23,66,0,0,,ACCEPTED,INSP-103
QC-0005057,GR-0005057,MAT-00496,SUP-0055,2026-02-26,166,6,36144,DEF_CONTAMINATION,CONCESSION,INSP-117
QC-0005058,GR-0005058,MAT-00261,SUP-0018,2025-07-29,25,4,160000,DEF_CONTAMINATION,REJECTED,INSP-113
QC-0005059,GR-0005059,MAT-00322,SUP-0018,2025-08-04,138,6,43478,DEF_METALLURGY,REJECTED,INSP-107
QC-0005060,GR-0005060,MAT-00938,SUP-0018,2025-08-05,59,6,101694,DEF_ELECTRICAL,REJECTED,INSP-116
QC-0005061,GR-0005061,MAT-00665,SUP-0009,2025-07-03,11,0,0,,ACCEPTED,INSP-117
QC-0005062,GR-0005062,MAT-01179,SUP-0029,2025-11-15,167,25,149700,DEF_METALLURGY,REJECTED,INSP-113
QC-0005063,GR-0005063,MAT-00696,SUP-0029,2025-11-14,660,83,125757,DEF_METALLURGY,REJECTED,INSP-122
QC-0005064,GR-0005064,MAT-01115,SUP-0019,2026-01-12,249,15,60240,DEF_METALLURGY,REJECTED,INSP-112
QC-0005065,GR-0005065,MAT-00593,SUP-0019,2026-01-15,121,10,82644,DEF_METALLURGY,REJECTED,INSP-124
QC-0005066,GR-0005066,MAT-01031,SUP-0019,2026-01-19,223,23,103139,DEF_PACKAGING,REJECTED,INSP-107
QC-0005067,GR-0005067,MAT-00038,SUP-0019,2026-01-12,13,1,76923,DEF_CONTAMINATION,REJECTED,INSP-102
QC-0005068,GR-0005068,MAT-00977,SUP-0094,2025-11-05,31,0,0,,ACCEPTED,INSP-123
QC-0005069,GR-0005069,MAT-00857,SUP-0094,2025-10-30,315,1,3174,DEF_PACKAGING,CONCESSION,INSP-119
QC-0005070,GR-0005070,MAT-01172,SUP-0035,2025-10-07,132,26,196969,DEF_METALLURGY,REJECTED,INSP-122
QC-0005071,GR-0005071,MAT-00304,SUP-0118,2025-12-22,42,4,95238,DEF_DIMENSIONAL,REJECTED,INSP-120
QC-0005072,GR-0005072,MAT-00868,SUP-0118,2025-12-23,22,3,136363,DEF_PACKAGING,REJECTED,INSP-111
QC-0005073,GR-0005073,MAT-01103,SUP-0118,2025-12-20,49,7,142857,DEF_PACKAGING,REJECTED,INSP-119
QC-0005074,GR-0005074,MAT-00628,SUP-0051,2025-10-10,56,2,35714,DEF_METALLURGY,CONCESSION,INSP-124
QC-0005075,GR-0005075,MAT-00892,SUP-0099,2025-11-16,30,1,33333,DEF_ELECTRICAL,CONCESSION,INSP-108
QC-0005076,GR-0005076,MAT-00917,SUP-0083,2025-10-13,54,3,55555,DEF_ELECTRICAL,REJECTED,INSP-110
QC-0005077,GR-0005077,MAT-00436,SUP-0036,2026-01-28,15,0,0,,ACCEPTED,INSP-112
QC-0005078,GR-0005078,MAT-00913,SUP-0051,2025-04-20,31,0,0,,ACCEPTED,INSP-110
QC-0005079,GR-0005079,MAT-00728,SUP-0051,2025-04-23,632,28,44303,DEF_ELECTRICAL,REJECTED,INSP-121
QC-0005080,GR-0005080,MAT-00959,SUP-0051,2025-04-25,35,2,57142,DEF_PACKAGING,REJECTED,INSP-112
QC-0005081,GR-0005081,MAT-00114,SUP-0051,2025-04-22,10,1,100000,DEF_SURFACE,REJECTED,INSP-105
QC-0005082,GR-0005082,MAT-00748,SUP-0021,2025-11-28,30,1,33333,DEF_PACKAGING,CONCESSION,INSP-111
QC-0005083,GR-0005083,MAT-00578,SUP-0021,2025-11-23,171,7,40935,DEF_METALLURGY,REJECTED,INSP-108
QC-0005084,GR-0005084,MAT-01103,SUP-0021,2025-11-26,34,0,0,,ACCEPTED,INSP-124
QC-0005085,GR-0005085,MAT-00664,SUP-0021,2025-11-26,229,15,65502,DEF_METALLURGY,REJECTED,INSP-117
QC-0005086,GR-0005086,MAT-00798,SUP-0022,2025-09-30,17,0,0,,ACCEPTED,INSP-102
QC-0005087,GR-0005087,MAT-01126,SUP-0022,2025-09-30,311,10,32154,DEF_PACKAGING,CONCESSION,INSP-113
QC-0005088,GR-0005088,MAT-00690,SUP-0022,2025-10-01,147,4,27210,DEF_ELECTRICAL,CONCESSION,INSP-105
QC-0005089,GR-0005089,MAT-00557,SUP-0105,2025-03-06,10,1,100000,DEF_METALLURGY,REJECTED,INSP-115
QC-0005090,GR-0005090,MAT-01158,SUP-0105,2025-03-05,34,1,29411,DEF_PACKAGING,CONCESSION,INSP-102
QC-0005091,GR-0005091,MAT-00442,SUP-0105,2025-03-07,22,1,45454,DEF_METALLURGY,REJECTED,INSP-112
QC-0005092,GR-0005092,MAT-00921,SUP-0105,2025-03-02,12,0,0,,ACCEPTED,INSP-115
QC-0005093,GR-0005093,MAT-00963,SUP-0026,2025-12-27,246,13,52845,DEF_ELECTRICAL,REJECTED,INSP-103
QC-0005094,GR-0005094,MAT-01140,SUP-0026,2025-12-28,11,2,181818,DEF_PACKAGING,REJECTED,INSP-105
QC-0005095,GR-0005095,MAT-01138,SUP-0109,2026-01-29,101,2,19801,DEF_SURFACE,CONCESSION,INSP-101
QC-0005096,GR-0005096,MAT-00826,SUP-0109,2026-02-02,163,0,0,,ACCEPTED,INSP-111
QC-0005097,GR-0005097,MAT-00840,SUP-0107,2025-11-19,42,4,95238,DEF_PACKAGING,REJECTED,INSP-117
QC-0005098,GR-0005098,MAT-00628,SUP-0051,2025-05-31,72,4,55555,DEF_ELECTRICAL,REJECTED,INSP-115
QC-0005099,GR-0005099,MAT-00585,SUP-0051,2025-05-31,66,2,30303,DEF_SURFACE,CONCESSION,INSP-120
QC-0005100,GR-0005100,MAT-00957,SUP-0013,2025-12-01,37,1,27027,DEF_SURFACE,CONCESSION,INSP-121
QC-0005101,GR-0005101,MAT-01156,SUP-0117,2026-01-06,203,11,54187,DEF_DIMENSIONAL,REJECTED,INSP-118
QC-0005102,GR-0005102,MAT-00684,SUP-0117,2026-01-08,162,9,55555,DEF_DIMENSIONAL,REJECTED,INSP-105
QC-0005103,GR-0005103,MAT-00965,SUP-0117,2026-01-05,157,13,82802,DEF_CONTAMINATION,REJECTED,INSP-106
QC-0005104,GR-0005104,MAT-00703,SUP-0087,2025-08-21,48,1,20833,DEF_ELECTRICAL,CONCESSION,INSP-119
QC-0005105,GR-0005105,MAT-00875,SUP-0093,2025-12-20,137,31,226277,DEF_ELECTRICAL,REJECTED,INSP-125
QC-0005106,GR-0005106,MAT-00980,SUP-0001,2025-12-27,60,11,183333,DEF_SURFACE,REJECTED,INSP-125
QC-0005107,GR-0005107,MAT-00631,SUP-0086,2025-05-08,32,0,0,,ACCEPTED,INSP-119
QC-0005108,GR-0005108,MAT-00365,SUP-0086,2025-05-11,324,0,0,,ACCEPTED,INSP-120
QC-0005109,GR-0005109,MAT-00886,SUP-0081,2025-06-26,10,0,0,,ACCEPTED,INSP-114
QC-0005110,GR-0005110,MAT-00777,SUP-0041,2026-03-18,24,1,41666,DEF_DIMENSIONAL,REJECTED,INSP-115
QC-0005111,GR-0005111,MAT-00616,SUP-0041,2026-03-09,201,16,79601,DEF_DIMENSIONAL,REJECTED,INSP-116
QC-0005112,GR-0005112,MAT-00539,SUP-0114,2025-08-24,49,7,142857,DEF_CONTAMINATION,REJECTED,INSP-120
QC-0005113,GR-0005113,MAT-00947,SUP-0017,2025-09-17,89,23,258426,DEF_PACKAGING,REJECTED,INSP-120
QC-0005114,GR-0005114,MAT-00169,SUP-0117,2025-12-05,243,14,57613,DEF_CONTAMINATION,REJECTED,INSP-107
QC-0005115,GR-0005115,MAT-00122,SUP-0117,2025-12-09,74,5,67567,DEF_DIMENSIONAL,REJECTED,INSP-104
QC-0005116,GR-0005116,MAT-00789,SUP-0117,2025-12-04,184,16,86956,DEF_METALLURGY,REJECTED,INSP-106
QC-0005117,GR-0005117,MAT-00887,SUP-0051,2026-02-15,10,1,100000,DEF_CONTAMINATION,REJECTED,INSP-107
QC-0005118,GR-0005118,MAT-00387,SUP-0051,2026-02-16,24,0,0,,ACCEPTED,INSP-123
QC-0005119,GR-0005119,MAT-00426,SUP-0051,2026-02-15,145,10,68965,DEF_DIMENSIONAL,REJECTED,INSP-104
QC-0005120,GR-0005120,MAT-00732,SUP-0062,2025-05-23,29,3,103448,DEF_ELECTRICAL,REJECTED,INSP-118
QC-0005121,GR-0005121,MAT-00982,SUP-0066,2025-12-18,344,38,110465,DEF_PACKAGING,REJECTED,INSP-101
QC-0005122,GR-0005122,MAT-00499,SUP-0066,2025-12-22,10,1,100000,DEF_PACKAGING,REJECTED,INSP-104
QC-0005123,GR-0005123,MAT-00368,SUP-0068,2025-06-27,197,4,20304,DEF_ELECTRICAL,CONCESSION,INSP-110
QC-0005124,GR-0005124,MAT-00930,SUP-0068,2025-06-27,10,0,0,,ACCEPTED,INSP-106
QC-0005125,GR-0005125,MAT-00153,SUP-0048,2025-04-25,17,0,0,,ACCEPTED,INSP-111
QC-0005126,GR-0005126,MAT-00406,SUP-0048,2025-04-29,10,1,100000,DEF_CONTAMINATION,REJECTED,INSP-117
QC-0005127,GR-0005127,MAT-00909,SUP-0048,2025-04-24,51,1,19607,DEF_CONTAMINATION,CONCESSION,INSP-107
QC-0005128,GR-0005128,MAT-00299,SUP-0019,2025-04-23,74,9,121621,DEF_SURFACE,REJECTED,INSP-101
QC-0005129,GR-0005129,MAT-00955,SUP-0019,2025-05-04,58,6,103448,DEF_DIMENSIONAL,REJECTED,INSP-108
QC-0005130,GR-0005130,MAT-01144,SUP-0048,2026-03-24,228,14,61403,DEF_SURFACE,REJECTED,INSP-121
QC-0005131,GR-0005131,MAT-01079,SUP-0050,2025-06-25,730,55,75342,DEF_DIMENSIONAL,REJECTED,INSP-112
QC-0005132,GR-0005132,MAT-00907,SUP-0050,2025-06-25,249,18,72289,DEF_SURFACE,REJECTED,INSP-122
QC-0005133,GR-0005133,MAT-00999,SUP-0050,2025-06-26,21,2,95238,DEF_DIMENSIONAL,REJECTED,INSP-104
QC-0005134,GR-0005134,MAT-01020,SUP-0068,2025-04-23,188,3,15957,DEF_METALLURGY,CONCESSION,INSP-115
QC-0005135,GR-0005135,MAT-00339,SUP-0103,2025-12-16,15,6,400000,DEF_ELECTRICAL,REJECTED,INSP-122
QC-0005136,GR-0005136,MAT-00649,SUP-0103,2025-12-05,193,23,119170,DEF_DIMENSIONAL,REJECTED,INSP-120
QC-0005137,GR-0005137,MAT-00153,SUP-0103,2025-12-07,27,3,111111,DEF_SURFACE,REJECTED,INSP-107
QC-0005138,GR-0005138,MAT-00103,SUP-0004,2026-03-21,143,27,188811,DEF_PACKAGING,REJECTED,INSP-118
QC-0005139,GR-0005139,MAT-00017,SUP-0099,2025-08-22,61,1,16393,DEF_PACKAGING,CONCESSION,INSP-111
QC-0005140,GR-0005140,MAT-00574,SUP-0065,2025-11-19,10,2,200000,DEF_METALLURGY,REJECTED,INSP-124
QC-0005141,GR-0005141,MAT-00747,SUP-0065,2025-11-15,10,0,0,,ACCEPTED,INSP-113
QC-0005142,GR-0005142,MAT-00205,SUP-0065,2025-11-13,81,10,123456,DEF_PACKAGING,REJECTED,INSP-104
QC-0005143,GR-0005143,MAT-00811,SUP-0065,2025-11-13,283,36,127208,DEF_METALLURGY,REJECTED,INSP-107
QC-0005144,GR-0005144,MAT-00733,SUP-0041,2025-04-17,275,22,80000,DEF_SURFACE,REJECTED,INSP-101
QC-0005145,GR-0005145,MAT-00130,SUP-0032,2025-11-25,456,30,65789,DEF_CONTAMINATION,REJECTED,INSP-103
QC-0005146,GR-0005146,MAT-00757,SUP-0032,2025-11-23,387,24,62015,DEF_METALLURGY,REJECTED,INSP-111
QC-0005147,GR-0005147,MAT-00462,SUP-0083,2025-12-29,14,2,142857,DEF_DIMENSIONAL,REJECTED,INSP-120
QC-0005148,GR-0005148,MAT-00135,SUP-0083,2026-01-04,742,44,59299,DEF_CONTAMINATION,REJECTED,INSP-116
QC-0005149,GR-0005149,MAT-00945,SUP-0059,2026-02-03,36,3,83333,DEF_PACKAGING,REJECTED,INSP-123
QC-0005150,GR-0005150,MAT-00057,SUP-0059,2026-02-21,631,88,139461,DEF_ELECTRICAL,REJECTED,INSP-101
QC-0005151,GR-0005151,MAT-00478,SUP-0059,2026-02-11,38,9,236842,DEF_ELECTRICAL,REJECTED,INSP-115
QC-0005152,GR-0005152,MAT-00213,SUP-0059,2026-02-01,143,30,209790,DEF_DIMENSIONAL,REJECTED,INSP-101
QC-0005153,GR-0005153,MAT-00912,SUP-0042,2025-10-10,438,32,73059,DEF_CONTAMINATION,REJECTED,INSP-106
QC-0005154,GR-0005154,MAT-00091,SUP-0042,2025-10-06,199,14,70351,DEF_DIMENSIONAL,REJECTED,INSP-103
QC-0005155,GR-0005155,MAT-00012,SUP-0042,2025-10-14,20,1,50000,DEF_CONTAMINATION,REJECTED,INSP-111
QC-0005156,GR-0005156,MAT-00593,SUP-0108,2025-10-03,184,21,114130,DEF_CONTAMINATION,REJECTED,INSP-122
QC-0005157,GR-0005157,MAT-00324,SUP-0108,2025-09-28,34,9,264705,DEF_PACKAGING,REJECTED,INSP-121
QC-0005158,GR-0005158,MAT-00327,SUP-0108,2025-09-27,35,3,85714,DEF_PACKAGING,REJECTED,INSP-106
QC-0005159,GR-0005159,MAT-00535,SUP-0084,2025-06-19,94,4,42553,DEF_PACKAGING,REJECTED,INSP-108
QC-0005160,GR-0005160,MAT-00553,SUP-0084,2025-10-23,84,5,59523,DEF_DIMENSIONAL,REJECTED,INSP-123
QC-0005161,GR-0005161,MAT-00175,SUP-0084,2025-10-22,735,41,55782,DEF_ELECTRICAL,REJECTED,INSP-116
QC-0005162,GR-0005162,MAT-00555,SUP-0084,2025-10-22,10,1,100000,DEF_METALLURGY,REJECTED,INSP-101
QC-0005163,GR-0005163,MAT-01112,SUP-0117,2025-06-13,324,25,77160,DEF_DIMENSIONAL,REJECTED,INSP-124
QC-0005164,GR-0005164,MAT-00064,SUP-0084,2026-02-21,33,4,121212,DEF_PACKAGING,REJECTED,INSP-113
QC-0005165,GR-0005165,MAT-01013,SUP-0019,2026-03-29,151,12,79470,DEF_SURFACE,REJECTED,INSP-116
QC-0005166,GR-0005166,MAT-01029,SUP-0019,2026-03-26,65,6,92307,DEF_PACKAGING,REJECTED,INSP-108
QC-0005167,GR-0005167,MAT-00681,SUP-0019,2026-03-23,37,5,135135,DEF_METALLURGY,REJECTED,INSP-104
QC-0005168,GR-0005168,MAT-00649,SUP-0055,2025-12-27,128,0,0,,ACCEPTED,INSP-111
QC-0005169,GR-0005169,MAT-00821,SUP-0052,2026-01-25,136,12,88235,DEF_SURFACE,REJECTED,INSP-105
QC-0005170,GR-0005170,MAT-01025,SUP-0052,2026-01-27,39,2,51282,DEF_DIMENSIONAL,REJECTED,INSP-117
QC-0005171,GR-0005171,MAT-00225,SUP-0052,2026-02-02,309,26,84142,DEF_PACKAGING,REJECTED,INSP-115
QC-0005172,GR-0005172,MAT-01008,SUP-0024,2025-09-09,61,2,32786,DEF_DIMENSIONAL,CONCESSION,INSP-114
QC-0005173,GR-0005173,MAT-01022,SUP-0024,2025-09-13,53,2,37735,DEF_METALLURGY,CONCESSION,INSP-110
QC-0005174,GR-0005174,MAT-00238,SUP-0103,2026-02-20,483,90,186335,DEF_ELECTRICAL,REJECTED,INSP-112
QC-0005175,GR-0005175,MAT-00155,SUP-0008,2025-12-01,206,17,82524,DEF_CONTAMINATION,REJECTED,INSP-103
QC-0005176,GR-0005176,MAT-00823,SUP-0067,2025-11-29,177,28,158192,DEF_DIMENSIONAL,REJECTED,INSP-108
QC-0005177,GR-0005177,MAT-00555,SUP-0015,2026-03-27,10,2,200000,DEF_PACKAGING,REJECTED,INSP-122
QC-0005178,GR-0005178,MAT-00282,SUP-0015,2026-03-23,262,54,206106,DEF_CONTAMINATION,REJECTED,INSP-117
QC-0005179,GR-0005179,MAT-00534,SUP-0015,2026-03-31,30,6,200000,DEF_DIMENSIONAL,REJECTED,INSP-111
QC-0005180,GR-0005180,MAT-00829,SUP-0080,2025-09-15,357,27,75630,DEF_SURFACE,REJECTED,INSP-121
QC-0005181,GR-0005181,MAT-00090,SUP-0107,2025-09-24,55,5,90909,DEF_ELECTRICAL,REJECTED,INSP-108
QC-0005182,GR-0005182,MAT-00910,SUP-0019,2025-05-09,292,24,82191,DEF_PACKAGING,REJECTED,INSP-123
QC-0005183,GR-0005183,MAT-01035,SUP-0042,2025-11-29,76,7,92105,DEF_PACKAGING,REJECTED,INSP-104
QC-0005184,GR-0005184,MAT-00783,SUP-0042,2025-11-30,272,28,102941,DEF_CONTAMINATION,REJECTED,INSP-112
QC-0005185,GR-0005185,MAT-00161,SUP-0042,2025-11-29,413,25,60532,DEF_PACKAGING,REJECTED,INSP-109
QC-0005186,GR-0005186,MAT-00451,SUP-0091,2025-12-28,35,1,28571,DEF_DIMENSIONAL,CONCESSION,INSP-114
QC-0005187,GR-0005187,MAT-00958,SUP-0116,2025-12-03,337,7,20771,DEF_PACKAGING,CONCESSION,INSP-122
QC-0005188,GR-0005188,MAT-00249,SUP-0116,2025-12-03,334,9,26946,DEF_SURFACE,CONCESSION,INSP-124
QC-0005189,GR-0005189,MAT-00172,SUP-0051,2025-08-29,10,0,0,,ACCEPTED,INSP-120
QC-0005190,GR-0005190,MAT-00937,SUP-0052,2025-10-13,38,6,157894,DEF_METALLURGY,REJECTED,INSP-113
QC-0005191,GR-0005191,MAT-00920,SUP-0110,2026-03-09,27,3,111111,DEF_DIMENSIONAL,REJECTED,INSP-120
QC-0005192,GR-0005192,MAT-00936,SUP-0051,2025-12-18,439,19,43280,DEF_METALLURGY,REJECTED,INSP-122
QC-0005193,GR-0005193,MAT-00094,SUP-0003,2025-12-06,25,1,40000,DEF_DIMENSIONAL,REJECTED,INSP-105
QC-0005194,GR-0005194,MAT-00327,SUP-0003,2025-12-08,25,5,200000,DEF_PACKAGING,REJECTED,INSP-106
QC-0005195,GR-0005195,MAT-00363,SUP-0011,2025-06-12,273,23,84249,DEF_DIMENSIONAL,REJECTED,INSP-111
QC-0005196,GR-0005196,MAT-00310,SUP-0096,2025-03-15,14,2,142857,DEF_PACKAGING,REJECTED,INSP-110
QC-0005197,GR-0005197,MAT-00994,SUP-0096,2025-03-13,235,15,63829,DEF_SURFACE,REJECTED,INSP-118
QC-0005198,GR-0005198,MAT-00402,SUP-0096,2025-03-21,100,7,70000,DEF_ELECTRICAL,REJECTED,INSP-119
QC-0005199,GR-0005199,MAT-00950,SUP-0096,2025-03-09,174,15,86206,DEF_ELECTRICAL,REJECTED,INSP-115
QC-0005200,GR-0005200,MAT-00708,SUP-0054,2025-10-29,613,40,65252,DEF_SURFACE,REJECTED,INSP-108
QC-0005201,GR-0005201,MAT-01093,SUP-0054,2025-10-25,74,5,67567,DEF_CONTAMINATION,REJECTED,INSP-103
QC-0005202,GR-0005202,MAT-01105,SUP-0097,2026-01-10,88,7,79545,DEF_SURFACE,REJECTED,INSP-118
QC-0005203,GR-0005203,MAT-00830,SUP-0097,2026-01-09,628,52,82802,DEF_DIMENSIONAL,REJECTED,INSP-117
QC-0005204,GR-0005204,MAT-00125,SUP-0066,2025-06-01,48,2,41666,DEF_DIMENSIONAL,REJECTED,INSP-125
QC-0005205,GR-0005205,MAT-00079,SUP-0025,2026-01-09,15,0,0,,ACCEPTED,INSP-125
QC-0005206,GR-0005206,MAT-00827,SUP-0025,2026-01-09,493,20,40567,DEF_ELECTRICAL,REJECTED,INSP-103
QC-0005207,GR-0005207,MAT-00691,SUP-0092,2025-12-16,68,5,73529,DEF_PACKAGING,REJECTED,INSP-125
QC-0005208,GR-0005208,MAT-00158,SUP-0041,2025-06-28,168,22,130952,DEF_PACKAGING,REJECTED,INSP-113
QC-0005209,GR-0005209,MAT-00712,SUP-0041,2025-07-04,23,3,130434,DEF_PACKAGING,REJECTED,INSP-110
QC-0005210,GR-0005210,MAT-00813,SUP-0086,2025-12-12,15,0,0,,ACCEPTED,INSP-122
QC-0005211,GR-0005211,MAT-00499,SUP-0067,2026-02-13,10,1,100000,DEF_ELECTRICAL,REJECTED,INSP-121
QC-0005212,GR-0005212,MAT-00304,SUP-0118,2025-11-08,63,5,79365,DEF_CONTAMINATION,REJECTED,INSP-101
QC-0005213,GR-0005213,MAT-00041,SUP-0010,2026-04-04,63,5,79365,DEF_SURFACE,REJECTED,INSP-110
QC-0005214,GR-0005214,MAT-00949,SUP-0093,2026-02-12,235,48,204255,DEF_SURFACE,REJECTED,INSP-103
QC-0005215,GR-0005215,MAT-00410,SUP-0093,2026-03-02,132,35,265151,DEF_ELECTRICAL,REJECTED,INSP-105
QC-0005216,GR-0005216,MAT-00589,SUP-0093,2026-02-07,17,3,176470,DEF_ELECTRICAL,REJECTED,INSP-105
QC-0005217,GR-0005217,MAT-00115,SUP-0094,2026-03-28,162,0,0,,ACCEPTED,INSP-104
QC-0005218,GR-0005218,MAT-00642,SUP-0047,2025-06-21,330,4,12121,DEF_DIMENSIONAL,CONCESSION,INSP-119
QC-0005219,GR-0005219,MAT-01017,SUP-0047,2025-06-21,68,0,0,,ACCEPTED,INSP-125
QC-0005220,GR-0005220,MAT-00787,SUP-0041,2025-10-03,15,0,0,,ACCEPTED,INSP-119
QC-0005221,GR-0005221,MAT-00579,SUP-0041,2025-09-21,430,29,67441,DEF_ELECTRICAL,REJECTED,INSP-104
QC-0005222,GR-0005222,MAT-00105,SUP-0018,2025-08-02,56,5,89285,DEF_METALLURGY,REJECTED,INSP-101
QC-0005223,GR-0005223,MAT-00098,SUP-0036,2026-01-31,52,0,0,,ACCEPTED,INSP-109
QC-0005224,GR-0005224,MAT-00672,SUP-0090,2026-01-23,23,0,0,,ACCEPTED,INSP-102
QC-0005225,GR-0005225,MAT-00001,SUP-0093,2025-10-12,12,2,166666,DEF_ELECTRICAL,REJECTED,INSP-124
QC-0005226,GR-0005226,MAT-00338,SUP-0012,2025-07-24,28,2,71428,DEF_PACKAGING,REJECTED,INSP-124
QC-0005227,GR-0005227,MAT-00758,SUP-0036,2025-11-05,107,1,9345,DEF_PACKAGING,CONCESSION,INSP-105
QC-0005228,GR-0005228,MAT-00189,SUP-0112,2025-08-16,178,8,44943,DEF_METALLURGY,REJECTED,INSP-120
QC-0005229,GR-0005229,MAT-00741,SUP-0112,2025-08-16,11,2,181818,DEF_CONTAMINATION,REJECTED,INSP-114
QC-0005230,GR-0005230,MAT-00247,SUP-0112,2025-08-17,676,24,35502,DEF_METALLURGY,CONCESSION,INSP-104
QC-0005231,GR-0005231,MAT-00548,SUP-0112,2025-08-17,50,2,40000,DEF_CONTAMINATION,REJECTED,INSP-102
QC-0005232,GR-0005232,MAT-00051,SUP-0047,2025-12-24,81,0,0,,ACCEPTED,INSP-115
QC-0005233,GR-0005233,MAT-00007,SUP-0068,2025-04-18,15,0,0,,ACCEPTED,INSP-125
QC-0005234,GR-0005234,MAT-00766,SUP-0088,2025-09-30,16,0,0,,ACCEPTED,INSP-120
QC-0005235,GR-0005235,MAT-00443,SUP-0088,2025-10-02,315,6,19047,DEF_DIMENSIONAL,CONCESSION,INSP-114
QC-0005236,GR-0005236,MAT-00316,SUP-0022,2025-11-15,15,0,0,,ACCEPTED,INSP-102
QC-0005237,GR-0005237,MAT-01151,SUP-0092,2025-07-13,258,13,50387,DEF_DIMENSIONAL,REJECTED,INSP-112
QC-0005238,GR-0005238,MAT-00100,SUP-0093,2025-09-01,15,1,66666,DEF_CONTAMINATION,REJECTED,INSP-115
QC-0005239,GR-0005239,MAT-00899,SUP-0051,2025-07-02,223,11,49327,DEF_ELECTRICAL,REJECTED,INSP-106
QC-0005240,GR-0005240,MAT-00978,SUP-0051,2025-06-30,10,0,0,,ACCEPTED,INSP-114
QC-0005241,GR-0005241,MAT-00609,SUP-0051,2025-06-29,259,15,57915,DEF_PACKAGING,REJECTED,INSP-106
QC-0005242,GR-0005242,MAT-00281,SUP-0001,2025-09-12,95,30,315789,DEF_METALLURGY,REJECTED,INSP-109
QC-0005243,GR-0005243,MAT-00589,SUP-0001,2025-09-16,16,6,375000,DEF_ELECTRICAL,REJECTED,INSP-101
QC-0005244,GR-0005244,MAT-00883,SUP-0001,2025-09-14,328,84,256097,DEF_ELECTRICAL,REJECTED,INSP-110
QC-0005245,GR-0005245,MAT-00876,SUP-0093,2026-03-22,14,2,142857,DEF_PACKAGING,REJECTED,INSP-119
QC-0005246,GR-0005246,MAT-01196,SUP-0019,2025-12-11,302,37,122516,DEF_ELECTRICAL,REJECTED,INSP-120
QC-0005247,GR-0005247,MAT-00221,SUP-0009,2025-04-30,293,50,170648,DEF_PACKAGING,REJECTED,INSP-119
QC-0005248,GR-0005248,MAT-00095,SUP-0009,2025-05-10,11,5,454545,DEF_ELECTRICAL,REJECTED,INSP-122
QC-0005249,GR-0005249,MAT-00017,SUP-0099,2025-04-02,63,1,15873,DEF_DIMENSIONAL,CONCESSION,INSP-110
QC-0005250,GR-0005250,MAT-01062,SUP-0007,2025-11-11,61,4,65573,DEF_METALLURGY,REJECTED,INSP-117
QC-0005251,GR-0005251,MAT-00665,SUP-0009,2026-04-07,10,2,200000,DEF_SURFACE,REJECTED,INSP-106
QC-0005252,GR-0005252,MAT-00636,SUP-0091,2026-03-30,33,1,30303,DEF_DIMENSIONAL,CONCESSION,INSP-125
QC-0005253,GR-0005253,MAT-00083,SUP-0086,2025-05-18,42,0,0,,ACCEPTED,INSP-125
QC-0005254,GR-0005254,MAT-00977,SUP-0086,2025-05-18,29,0,0,,ACCEPTED,INSP-107
QC-0005255,GR-0005255,MAT-00858,SUP-0035,2026-01-04,273,49,179487,DEF_DIMENSIONAL,REJECTED,INSP-101
QC-0005256,GR-0005256,MAT-00061,SUP-0051,2025-10-24,552,38,68840,DEF_SURFACE,REJECTED,INSP-106
QC-0005257,GR-0005257,MAT-00956,SUP-0056,2026-03-08,11,1,90909,DEF_PACKAGING,REJECTED,INSP-104
QC-0005258,GR-0005258,MAT-00007,SUP-0056,2026-03-10,24,1,41666,DEF_SURFACE,REJECTED,INSP-121
QC-0005259,GR-0005259,MAT-00848,SUP-0056,2026-02-27,65,7,107692,DEF_ELECTRICAL,REJECTED,INSP-125
QC-0005260,GR-0005260,MAT-00827,SUP-0062,2025-07-13,722,55,76177,DEF_METALLURGY,REJECTED,INSP-119
QC-0005261,GR-0005261,MAT-01116,SUP-0062,2025-07-13,179,23,128491,DEF_PACKAGING,REJECTED,INSP-110
QC-0005262,GR-0005262,MAT-00818,SUP-0119,2026-02-21,146,21,143835,DEF_CONTAMINATION,REJECTED,INSP-103
QC-0005263,GR-0005263,MAT-00661,SUP-0067,2026-01-20,10,0,0,,ACCEPTED,INSP-110
QC-0005264,GR-0005264,MAT-00275,SUP-0075,2025-10-23,62,6,96774,DEF_DIMENSIONAL,REJECTED,INSP-120
QC-0005265,GR-0005265,MAT-00907,SUP-0075,2025-10-17,136,13,95588,DEF_DIMENSIONAL,REJECTED,INSP-121
QC-0005266,GR-0005266,MAT-00009,SUP-0060,2025-09-17,211,19,90047,DEF_DIMENSIONAL,REJECTED,INSP-121
QC-0005267,GR-0005267,MAT-01175,SUP-0007,2025-10-05,13,0,0,,ACCEPTED,INSP-108
QC-0005268,GR-0005268,MAT-00853,SUP-0012,2026-01-22,14,2,142857,DEF_SURFACE,REJECTED,INSP-119
QC-0005269,GR-0005269,MAT-00278,SUP-0019,2026-02-08,27,5,185185,DEF_CONTAMINATION,REJECTED,INSP-124
QC-0005270,GR-0005270,MAT-00656,SUP-0088,2025-08-10,404,6,14851,DEF_METALLURGY,CONCESSION,INSP-116
QC-0005271,GR-0005271,MAT-01139,SUP-0071,2026-03-15,36,4,111111,DEF_DIMENSIONAL,REJECTED,INSP-122
QC-0005272,GR-0005272,MAT-00685,SUP-0021,2026-02-18,16,0,0,,ACCEPTED,INSP-103
QC-0005273,GR-0005273,MAT-01078,SUP-0113,2025-05-06,15,0,0,,ACCEPTED,INSP-125
QC-0005274,GR-0005274,MAT-00656,SUP-0113,2025-05-17,441,45,102040,DEF_CONTAMINATION,REJECTED,INSP-114
QC-0005275,GR-0005275,MAT-00202,SUP-0113,2025-05-07,290,36,124137,DEF_SURFACE,REJECTED,INSP-117
QC-0005276,GR-0005276,MAT-00901,SUP-0040,2025-10-28,366,44,120218,DEF_ELECTRICAL,REJECTED,INSP-118
QC-0005277,GR-0005277,MAT-00565,SUP-0094,2025-09-12,73,0,0,,ACCEPTED,INSP-108
QC-0005278,GR-0005278,MAT-00277,SUP-0021,2026-01-16,207,10,48309,DEF_DIMENSIONAL,REJECTED,INSP-123
QC-0005279,GR-0005279,MAT-00562,SUP-0021,2026-01-20,28,1,35714,DEF_DIMENSIONAL,CONCESSION,INSP-117
QC-0005280,GR-0005280,MAT-00822,SUP-0021,2026-01-18,10,0,0,,ACCEPTED,INSP-122
QC-0005281,GR-0005281,MAT-00028,SUP-0045,2026-01-30,18,0,0,,ACCEPTED,INSP-115
QC-0005282,GR-0005282,MAT-00876,SUP-0093,2025-11-08,16,4,250000,DEF_ELECTRICAL,REJECTED,INSP-106
QC-0005283,GR-0005283,MAT-00307,SUP-0097,2026-03-12,211,21,99526,DEF_METALLURGY,REJECTED,INSP-110
QC-0005284,GR-0005284,MAT-00366,SUP-0105,2025-11-10,10,0,0,,ACCEPTED,INSP-125
QC-0005285,GR-0005285,MAT-00556,SUP-0105,2025-11-09,176,4,22727,DEF_ELECTRICAL,CONCESSION,INSP-103
QC-0005286,GR-0005286,MAT-00049,SUP-0105,2025-11-09,104,1,9615,DEF_METALLURGY,CONCESSION,INSP-113
QC-0005287,GR-0005287,MAT-00533,SUP-0105,2025-11-09,106,2,18867,DEF_SURFACE,CONCESSION,INSP-106
QC-0005288,GR-0005288,MAT-01059,SUP-0068,2026-03-29,484,13,26859,DEF_PACKAGING,CONCESSION,INSP-103
QC-0005289,GR-0005289,MAT-01101,SUP-0068,2026-03-27,11,0,0,,ACCEPTED,INSP-118
QC-0005290,GR-0005290,MAT-00485,SUP-0068,2026-03-30,12,0,0,,ACCEPTED,INSP-106
QC-0005291,GR-0005291,MAT-00416,SUP-0062,2025-08-08,301,26,86378,DEF_METALLURGY,REJECTED,INSP-101
QC-0005292,GR-0005292,MAT-01027,SUP-0062,2025-08-08,14,2,142857,DEF_DIMENSIONAL,REJECTED,INSP-119
QC-0005293,GR-0005293,MAT-00640,SUP-0082,2025-10-01,16,1,62500,DEF_CONTAMINATION,REJECTED,INSP-116
QC-0005294,GR-0005294,MAT-01188,SUP-0111,2025-10-18,18,1,55555,DEF_DIMENSIONAL,REJECTED,INSP-119
QC-0005295,GR-0005295,MAT-00817,SUP-0042,2026-02-14,20,4,200000,DEF_PACKAGING,REJECTED,INSP-106
QC-0005296,GR-0005296,MAT-00585,SUP-0059,2025-12-15,80,11,137500,DEF_CONTAMINATION,REJECTED,INSP-121
QC-0005297,GR-0005297,MAT-00075,SUP-0040,2025-12-30,19,5,263157,DEF_DIMENSIONAL,REJECTED,INSP-115
QC-0005298,GR-0005298,MAT-00820,SUP-0097,2026-02-22,270,21,77777,DEF_CONTAMINATION,REJECTED,INSP-116
QC-0005299,GR-0005299,MAT-00321,SUP-0097,2026-03-02,316,13,41139,DEF_METALLURGY,REJECTED,INSP-118
QC-0005300,GR-0005300,MAT-00009,SUP-0097,2026-02-25,348,26,74712,DEF_CONTAMINATION,REJECTED,INSP-114
QC-0005301,GR-0005301,MAT-00645,SUP-0052,2025-08-24,123,9,73170,DEF_DIMENSIONAL,REJECTED,INSP-123
QC-0005302,GR-0005302,MAT-00938,SUP-0052,2025-08-28,56,5,89285,DEF_METALLURGY,REJECTED,INSP-124
QC-0005303,GR-0005303,MAT-00405,SUP-0061,2025-05-06,53,0,0,,ACCEPTED,INSP-124
QC-0005304,GR-0005304,MAT-00813,SUP-0086,2025-09-11,14,1,71428,DEF_DIMENSIONAL,REJECTED,INSP-112
QC-0005305,GR-0005305,MAT-00122,SUP-0120,2025-11-21,20,1,50000,DEF_ELECTRICAL,REJECTED,INSP-115
QC-0005306,GR-0005306,MAT-00518,SUP-0120,2025-11-22,37,3,81081,DEF_CONTAMINATION,REJECTED,INSP-111
QC-0005307,GR-0005307,MAT-00301,SUP-0120,2025-11-16,10,0,0,,ACCEPTED,INSP-120
QC-0005308,GR-0005308,MAT-00046,SUP-0089,2025-07-16,74,2,27027,DEF_ELECTRICAL,CONCESSION,INSP-118
QC-0005309,GR-0005309,MAT-00527,SUP-0089,2025-07-24,54,8,148148,DEF_PACKAGING,REJECTED,INSP-104
QC-0005310,GR-0005310,MAT-01179,SUP-0089,2025-07-22,268,25,93283,DEF_DIMENSIONAL,REJECTED,INSP-104
QC-0005311,GR-0005311,MAT-00848,SUP-0089,2025-07-20,35,1,28571,DEF_PACKAGING,CONCESSION,INSP-122
QC-0005312,GR-0005312,MAT-00883,SUP-0005,2025-10-10,320,38,118750,DEF_PACKAGING,REJECTED,INSP-109
QC-0005313,GR-0005313,MAT-01005,SUP-0005,2025-10-08,553,65,117540,DEF_ELECTRICAL,REJECTED,INSP-115
QC-0005314,GR-0005314,MAT-00540,SUP-0005,2025-10-08,98,8,81632,DEF_ELECTRICAL,REJECTED,INSP-106
QC-0005315,GR-0005315,MAT-00843,SUP-0005,2025-10-08,79,7,88607,DEF_DIMENSIONAL,REJECTED,INSP-115
QC-0005316,GR-0005316,MAT-01042,SUP-0108,2025-11-01,186,21,112903,DEF_ELECTRICAL,REJECTED,INSP-121
QC-0005317,GR-0005317,MAT-01126,SUP-0108,2025-11-03,472,57,120762,DEF_DIMENSIONAL,REJECTED,INSP-107
QC-0005318,GR-0005318,MAT-01021,SUP-0108,2025-10-31,18,1,55555,DEF_METALLURGY,REJECTED,INSP-112
QC-0005319,GR-0005319,MAT-01149,SUP-0052,2025-05-18,92,7,76086,DEF_ELECTRICAL,REJECTED,INSP-102
QC-0005320,GR-0005320,MAT-00143,SUP-0052,2025-05-14,13,2,153846,DEF_ELECTRICAL,REJECTED,INSP-112
QC-0005321,GR-0005321,MAT-00662,SUP-0062,2026-01-04,667,50,74962,DEF_ELECTRICAL,REJECTED,INSP-109
QC-0005322,GR-0005322,MAT-00818,SUP-0119,2026-04-21,131,10,76335,DEF_DIMENSIONAL,REJECTED,INSP-121
QC-0005323,GR-0005323,MAT-00275,SUP-0119,2026-04-12,51,2,39215,DEF_DIMENSIONAL,CONCESSION,INSP-108
QC-0005324,GR-0005324,MAT-01014,SUP-0055,2025-07-11,286,5,17482,DEF_SURFACE,CONCESSION,INSP-114
QC-0005325,GR-0005325,MAT-00298,SUP-0055,2025-07-07,505,15,29702,DEF_SURFACE,CONCESSION,INSP-125
QC-0005326,GR-0005326,MAT-00634,SUP-0119,2026-01-11,69,3,43478,DEF_CONTAMINATION,REJECTED,INSP-106
QC-0005327,GR-0005327,MAT-00579,SUP-0119,2026-01-09,676,69,102071,DEF_SURFACE,REJECTED,INSP-113
QC-0005328,GR-0005328,MAT-00111,SUP-0119,2026-01-10,326,28,85889,DEF_SURFACE,REJECTED,INSP-115
QC-0005329,GR-0005329,MAT-00968,SUP-0032,2026-01-21,333,22,66066,DEF_DIMENSIONAL,REJECTED,INSP-120
QC-0005330,GR-0005330,MAT-00562,SUP-0032,2026-01-26,34,2,58823,DEF_DIMENSIONAL,REJECTED,INSP-107
QC-0005331,GR-0005331,MAT-00985,SUP-0084,2025-11-01,48,2,41666,DEF_PACKAGING,REJECTED,INSP-103
QC-0005332,GR-0005332,MAT-00021,SUP-0120,2026-02-03,67,2,29850,DEF_SURFACE,CONCESSION,INSP-105
QC-0005333,GR-0005333,MAT-00045,SUP-0120,2026-02-04,169,13,76923,DEF_METALLURGY,REJECTED,INSP-114
QC-0005334,GR-0005334,MAT-01173,SUP-0001,2025-12-22,241,69,286307,DEF_SURFACE,REJECTED,INSP-112
QC-0005335,GR-0005335,MAT-01186,SUP-0012,2025-11-26,22,2,90909,DEF_DIMENSIONAL,REJECTED,INSP-118
QC-0005336,GR-0005336,MAT-01030,SUP-0046,2025-03-13,256,13,50781,DEF_CONTAMINATION,REJECTED,INSP-123
QC-0005337,GR-0005337,MAT-00104,SUP-0077,2026-01-26,10,3,300000,DEF_SURFACE,REJECTED,INSP-106
QC-0005338,GR-0005338,MAT-00745,SUP-0102,2026-01-16,11,1,90909,DEF_PACKAGING,REJECTED,INSP-111
QC-0005339,GR-0005339,MAT-00535,SUP-0102,2026-01-17,71,6,84507,DEF_DIMENSIONAL,REJECTED,INSP-123
QC-0005340,GR-0005340,MAT-00719,SUP-0102,2026-01-11,342,16,46783,DEF_SURFACE,REJECTED,INSP-120
QC-0005341,GR-0005341,MAT-00544,SUP-0029,2025-10-23,82,10,121951,DEF_CONTAMINATION,REJECTED,INSP-101
QC-0005342,GR-0005342,MAT-00674,SUP-0020,2025-10-27,149,10,67114,DEF_DIMENSIONAL,REJECTED,INSP-120
QC-0005343,GR-0005343,MAT-00552,SUP-0079,2025-12-02,282,26,92198,DEF_DIMENSIONAL,REJECTED,INSP-124
QC-0005344,GR-0005344,MAT-00253,SUP-0024,2026-04-11,96,8,83333,DEF_PACKAGING,REJECTED,INSP-103
QC-0005345,GR-0005345,MAT-00806,SUP-0001,2026-03-11,98,30,306122,DEF_PACKAGING,REJECTED,INSP-112
QC-0005346,GR-0005346,MAT-00525,SUP-0001,2026-03-09,15,7,466666,DEF_CONTAMINATION,REJECTED,INSP-105
QC-0005347,GR-0005347,MAT-01016,SUP-0052,2026-01-04,10,0,0,,ACCEPTED,INSP-115
QC-0005348,GR-0005348,MAT-00758,SUP-0036,2026-02-20,134,3,22388,DEF_ELECTRICAL,CONCESSION,INSP-117
QC-0005349,GR-0005349,MAT-00041,SUP-0010,2026-03-23,41,2,48780,DEF_METALLURGY,REJECTED,INSP-104
QC-0005350,GR-0005350,MAT-00368,SUP-0068,2025-11-15,241,4,16597,DEF_SURFACE,CONCESSION,INSP-104
QC-0005351,GR-0005351,MAT-01016,SUP-0052,2025-11-22,11,1,90909,DEF_PACKAGING,REJECTED,INSP-125
QC-0005352,GR-0005352,MAT-00495,SUP-0009,2025-11-30,28,2,71428,DEF_PACKAGING,REJECTED,INSP-116
QC-0005353,GR-0005353,MAT-01064,SUP-0002,2026-01-25,55,5,90909,DEF_SURFACE,REJECTED,INSP-117
QC-0005354,GR-0005354,MAT-01117,SUP-0004,2025-06-09,24,3,125000,DEF_CONTAMINATION,REJECTED,INSP-118
QC-0005355,GR-0005355,MAT-01080,SUP-0004,2025-06-07,62,9,145161,DEF_PACKAGING,REJECTED,INSP-105
QC-0005356,GR-0005356,MAT-00301,SUP-0003,2026-03-22,10,3,300000,DEF_CONTAMINATION,REJECTED,INSP-123
QC-0005357,GR-0005357,MAT-01183,SUP-0003,2026-03-23,338,39,115384,DEF_ELECTRICAL,REJECTED,INSP-122
QC-0005358,GR-0005358,MAT-00987,SUP-0003,2026-03-20,707,55,77793,DEF_CONTAMINATION,REJECTED,INSP-120
QC-0005359,GR-0005359,MAT-00915,SUP-0096,2025-11-08,14,0,0,,ACCEPTED,INSP-123
QC-0005360,GR-0005360,MAT-00420,SUP-0006,2025-05-13,48,0,0,,ACCEPTED,INSP-106
QC-0005361,GR-0005361,MAT-00437,SUP-0006,2025-05-15,534,16,29962,DEF_DIMENSIONAL,CONCESSION,INSP-121
QC-0005362,GR-0005362,MAT-01014,SUP-0055,2025-12-09,345,4,11594,DEF_DIMENSIONAL,CONCESSION,INSP-113
QC-0005363,GR-0005363,MAT-00195,SUP-0055,2025-12-14,66,1,15151,DEF_SURFACE,CONCESSION,INSP-117
QC-0005364,GR-0005364,MAT-00778,SUP-0062,2025-11-10,17,1,58823,DEF_DIMENSIONAL,REJECTED,INSP-116
QC-0005365,GR-0005365,MAT-00089,SUP-0062,2025-11-16,178,21,117977,DEF_METALLURGY,REJECTED,INSP-116
QC-0005366,GR-0005366,MAT-01083,SUP-0062,2025-11-13,202,13,64356,DEF_METALLURGY,REJECTED,INSP-116
QC-0005367,GR-0005367,MAT-01154,SUP-0021,2026-04-11,11,0,0,,ACCEPTED,INSP-110
QC-0005368,GR-0005368,MAT-00257,SUP-0062,2025-08-22,16,0,0,,ACCEPTED,INSP-112
QC-0005369,GR-0005369,MAT-00864,SUP-0062,2025-08-20,132,15,113636,DEF_METALLURGY,REJECTED,INSP-122
QC-0005370,GR-0005370,MAT-00006,SUP-0052,2026-03-21,379,39,102902,DEF_DIMENSIONAL,REJECTED,INSP-105
QC-0005371,GR-0005371,MAT-00427,SUP-0052,2026-03-14,11,0,0,,ACCEPTED,INSP-119
QC-0005372,GR-0005372,MAT-01140,SUP-0052,2026-03-16,10,1,100000,DEF_DIMENSIONAL,REJECTED,INSP-121
QC-0005373,GR-0005373,MAT-01179,SUP-0029,2025-12-30,165,16,96969,DEF_DIMENSIONAL,REJECTED,INSP-114
QC-0005374,GR-0005374,MAT-00384,SUP-0029,2026-01-06,25,2,80000,DEF_ELECTRICAL,REJECTED,INSP-117
QC-0005375,GR-0005375,MAT-01056,SUP-0029,2026-01-01,13,3,230769,DEF_DIMENSIONAL,REJECTED,INSP-115
QC-0005376,GR-0005376,MAT-00975,SUP-0052,2025-05-06,179,17,94972,DEF_PACKAGING,REJECTED,INSP-113
QC-0005377,GR-0005377,MAT-00533,SUP-0052,2025-05-14,302,29,96026,DEF_CONTAMINATION,REJECTED,INSP-114
QC-0005378,GR-0005378,MAT-00636,SUP-0091,2025-11-27,61,4,65573,DEF_METALLURGY,REJECTED,INSP-109
QC-0005379,GR-0005379,MAT-00236,SUP-0007,2025-09-21,58,5,86206,DEF_DIMENSIONAL,REJECTED,INSP-113
QC-0005380,GR-0005380,MAT-00788,SUP-0007,2025-09-22,127,3,23622,DEF_ELECTRICAL,CONCESSION,INSP-118
QC-0005381,GR-0005381,MAT-00539,SUP-0114,2025-11-18,177,18,101694,DEF_METALLURGY,REJECTED,INSP-125
QC-0005382,GR-0005382,MAT-00289,SUP-0114,2025-11-14,304,45,148026,DEF_METALLURGY,REJECTED,INSP-110
QC-0005383,GR-0005383,MAT-00915,SUP-0096,2026-03-19,27,2,74074,DEF_ELECTRICAL,REJECTED,INSP-109
QC-0005384,GR-0005384,MAT-00848,SUP-0096,2026-03-18,46,3,65217,DEF_ELECTRICAL,REJECTED,INSP-111
QC-0005385,GR-0005385,MAT-00012,SUP-0096,2026-03-23,41,0,0,,ACCEPTED,INSP-120
QC-0005386,GR-0005386,MAT-00121,SUP-0089,2025-09-13,50,5,100000,DEF_PACKAGING,REJECTED,INSP-113
QC-0005387,GR-0005387,MAT-00243,SUP-0021,2025-08-09,21,1,47619,DEF_ELECTRICAL,REJECTED,INSP-108
QC-0005388,GR-0005388,MAT-00039,SUP-0109,2025-06-24,32,0,0,,ACCEPTED,INSP-118
QC-0005389,GR-0005389,MAT-00825,SUP-0051,2026-02-21,28,3,107142,DEF_METALLURGY,REJECTED,INSP-110
QC-0005390,GR-0005390,MAT-00112,SUP-0051,2026-02-28,57,2,35087,DEF_SURFACE,CONCESSION,INSP-114
QC-0005391,GR-0005391,MAT-00481,SUP-0051,2026-02-25,10,2,200000,DEF_SURFACE,REJECTED,INSP-116
QC-0005392,GR-0005392,MAT-00004,SUP-0051,2026-02-25,611,41,67103,DEF_CONTAMINATION,REJECTED,INSP-115
QC-0005393,GR-0005393,MAT-00003,SUP-0086,2025-11-09,10,0,0,,ACCEPTED,INSP-108
QC-0005394,GR-0005394,MAT-00623,SUP-0117,2025-08-29,15,1,66666,DEF_ELECTRICAL,REJECTED,INSP-112
QC-0005395,GR-0005395,MAT-00809,SUP-0117,2025-08-29,183,10,54644,DEF_ELECTRICAL,REJECTED,INSP-103
QC-0005396,GR-0005396,MAT-00938,SUP-0076,2025-07-30,73,7,95890,DEF_PACKAGING,REJECTED,INSP-107
QC-0005397,GR-0005397,MAT-00172,SUP-0051,2025-10-05,25,2,80000,DEF_DIMENSIONAL,REJECTED,INSP-103
QC-0005398,GR-0005398,MAT-00873,SUP-0050,2025-10-11,10,2,200000,DEF_PACKAGING,REJECTED,INSP-104
QC-0005399,GR-0005399,MAT-00001,SUP-0093,2025-12-16,11,7,636363,DEF_PACKAGING,REJECTED,INSP-112
QC-0005400,GR-0005400,MAT-00415,SUP-0093,2026-01-09,10,4,400000,DEF_SURFACE,REJECTED,INSP-110
QC-0005401,GR-0005401,MAT-01179,SUP-0093,2025-12-28,315,69,219047,DEF_PACKAGING,REJECTED,INSP-122
QC-0005402,GR-0005402,MAT-00774,SUP-0031,2025-09-07,665,131,196992,DEF_METALLURGY,REJECTED,INSP-123
QC-0005403,GR-0005403,MAT-00104,SUP-0077,2026-04-11,10,0,0,,ACCEPTED,INSP-116
QC-0005404,GR-0005404,MAT-00942,SUP-0077,2026-04-12,142,12,84507,DEF_METALLURGY,REJECTED,INSP-113
QC-0005405,GR-0005405,MAT-01181,SUP-0056,2025-11-07,326,34,104294,DEF_METALLURGY,REJECTED,INSP-118
QC-0005406,GR-0005406,MAT-00962,SUP-0096,2026-01-24,24,1,41666,DEF_METALLURGY,REJECTED,INSP-108
QC-0005407,GR-0005407,MAT-00794,SUP-0114,2025-05-05,10,1,100000,DEF_ELECTRICAL,REJECTED,INSP-106
QC-0005408,GR-0005408,MAT-00305,SUP-0059,2025-08-12,44,5,113636,DEF_PACKAGING,REJECTED,INSP-106
QC-0005409,GR-0005409,MAT-01059,SUP-0059,2025-07-16,336,43,127976,DEF_PACKAGING,REJECTED,INSP-121
QC-0005410,GR-0005410,MAT-00961,SUP-0065,2026-02-12,17,2,117647,DEF_DIMENSIONAL,REJECTED,INSP-111
QC-0005411,GR-0005411,MAT-01029,SUP-0108,2025-08-02,17,2,117647,DEF_DIMENSIONAL,REJECTED,INSP-107
QC-0005412,GR-0005412,MAT-00902,SUP-0108,2025-07-30,47,1,21276,DEF_CONTAMINATION,CONCESSION,INSP-106
QC-0005413,GR-0005413,MAT-00665,SUP-0009,2025-05-26,10,4,400000,DEF_CONTAMINATION,REJECTED,INSP-104
QC-0005414,GR-0005414,MAT-00237,SUP-0009,2025-05-26,637,119,186813,DEF_DIMENSIONAL,REJECTED,INSP-103
QC-0005415,GR-0005415,MAT-00399,SUP-0094,2025-03-19,54,0,0,,ACCEPTED,INSP-101
QC-0005416,GR-0005416,MAT-00135,SUP-0012,2026-02-18,730,69,94520,DEF_ELECTRICAL,REJECTED,INSP-124
QC-0005417,GR-0005417,MAT-00568,SUP-0012,2026-02-15,40,3,75000,DEF_ELECTRICAL,REJECTED,INSP-105
QC-0005418,GR-0005418,MAT-00327,SUP-0074,2025-07-05,35,4,114285,DEF_ELECTRICAL,REJECTED,INSP-121
QC-0005419,GR-0005419,MAT-00244,SUP-0068,2025-11-22,10,0,0,,ACCEPTED,INSP-115
QC-0005420,GR-0005420,MAT-00571,SUP-0068,2025-11-20,13,1,76923,DEF_SURFACE,REJECTED,INSP-103
QC-0005421,GR-0005421,MAT-00344,SUP-0068,2025-12-26,266,2,7518,DEF_CONTAMINATION,CONCESSION,INSP-105
QC-0005422,GR-0005422,MAT-00961,SUP-0068,2025-12-28,36,1,27777,DEF_CONTAMINATION,CONCESSION,INSP-121
QC-0005423,GR-0005423,MAT-00176,SUP-0045,2025-10-24,46,1,21739,DEF_METALLURGY,CONCESSION,INSP-106
QC-0005424,GR-0005424,MAT-00218,SUP-0045,2025-11-04,114,11,96491,DEF_DIMENSIONAL,REJECTED,INSP-114
QC-0005425,GR-0005425,MAT-00153,SUP-0045,2025-10-30,31,4,129032,DEF_METALLURGY,REJECTED,INSP-120
QC-0005426,GR-0005426,MAT-00781,SUP-0114,2025-04-01,89,10,112359,DEF_CONTAMINATION,REJECTED,INSP-118
QC-0005427,GR-0005427,MAT-00886,SUP-0081,2026-03-12,17,1,58823,DEF_SURFACE,REJECTED,INSP-120
QC-0005428,GR-0005428,MAT-01119,SUP-0004,2025-03-27,519,56,107899,DEF_CONTAMINATION,REJECTED,INSP-125
QC-0005429,GR-0005429,MAT-00319,SUP-0004,2025-03-18,223,35,156950,DEF_PACKAGING,REJECTED,INSP-101
QC-0005430,GR-0005430,MAT-01157,SUP-0003,2026-02-09,102,9,88235,DEF_METALLURGY,REJECTED,INSP-107
QC-0005431,GR-0005431,MAT-01096,SUP-0003,2026-02-14,25,5,200000,DEF_ELECTRICAL,REJECTED,INSP-106
QC-0005432,GR-0005432,MAT-00044,SUP-0085,2026-03-22,11,0,0,,ACCEPTED,INSP-117
QC-0005433,GR-0005433,MAT-00597,SUP-0085,2026-03-23,10,0,0,,ACCEPTED,INSP-122
QC-0005434,GR-0005434,MAT-00166,SUP-0085,2026-03-23,203,4,19704,DEF_CONTAMINATION,CONCESSION,INSP-108
QC-0005435,GR-0005435,MAT-00874,SUP-0093,2025-12-05,560,121,216071,DEF_SURFACE,REJECTED,INSP-122
QC-0005436,GR-0005436,MAT-00570,SUP-0093,2025-11-27,12,2,166666,DEF_ELECTRICAL,REJECTED,INSP-113
QC-0005437,GR-0005437,MAT-00005,SUP-0006,2025-12-02,137,2,14598,DEF_DIMENSIONAL,CONCESSION,INSP-113
QC-0005438,GR-0005438,MAT-01063,SUP-0006,2025-12-05,29,2,68965,DEF_PACKAGING,REJECTED,INSP-117
QC-0005439,GR-0005439,MAT-00706,SUP-0006,2025-12-03,12,1,83333,DEF_ELECTRICAL,REJECTED,INSP-111
QC-0005440,GR-0005440,MAT-00574,SUP-0006,2025-12-05,37,2,54054,DEF_DIMENSIONAL,REJECTED,INSP-107
QC-0005441,GR-0005441,MAT-00024,SUP-0019,2025-11-26,73,5,68493,DEF_CONTAMINATION,REJECTED,INSP-125
QC-0005442,GR-0005442,MAT-00661,SUP-0019,2025-11-21,14,4,285714,DEF_METALLURGY,REJECTED,INSP-110
QC-0005443,GR-0005443,MAT-00362,SUP-0002,2025-10-18,49,12,244897,DEF_ELECTRICAL,REJECTED,INSP-125
QC-0005444,GR-0005444,MAT-00892,SUP-0099,2026-03-27,26,0,0,,ACCEPTED,INSP-121
QC-0005445,GR-0005445,MAT-00959,SUP-0099,2026-03-28,14,1,71428,DEF_SURFACE,REJECTED,INSP-111
QC-0005446,GR-0005446,MAT-00206,SUP-0023,2025-09-26,12,0,0,,ACCEPTED,INSP-109
QC-0005447,GR-0005447,MAT-00744,SUP-0023,2025-09-26,10,0,0,,ACCEPTED,INSP-117
QC-0005448,GR-0005448,MAT-01173,SUP-0023,2025-09-25,86,2,23255,DEF_PACKAGING,CONCESSION,INSP-107
QC-0005449,GR-0005449,MAT-00021,SUP-0120,2026-01-09,52,2,38461,DEF_ELECTRICAL,CONCESSION,INSP-116
QC-0005450,GR-0005450,MAT-00739,SUP-0096,2025-11-27,129,10,77519,DEF_PACKAGING,REJECTED,INSP-123
QC-0005451,GR-0005451,MAT-00373,SUP-0073,2025-11-23,222,22,99099,DEF_PACKAGING,REJECTED,INSP-109
QC-0005452,GR-0005452,MAT-00695,SUP-0046,2025-09-22,13,2,153846,DEF_ELECTRICAL,REJECTED,INSP-101
QC-0005453,GR-0005453,MAT-00760,SUP-0046,2025-09-30,16,1,62500,DEF_ELECTRICAL,REJECTED,INSP-124
QC-0005454,GR-0005454,MAT-00442,SUP-0047,2025-06-30,12,0,0,,ACCEPTED,INSP-105
QC-0005455,GR-0005455,MAT-00655,SUP-0006,2025-12-13,284,7,24647,DEF_CONTAMINATION,CONCESSION,INSP-105
QC-0005456,GR-0005456,MAT-00197,SUP-0077,2025-09-14,49,7,142857,DEF_PACKAGING,REJECTED,INSP-105
QC-0005457,GR-0005457,MAT-00886,SUP-0081,2025-09-26,13,3,230769,DEF_CONTAMINATION,REJECTED,INSP-124
QC-0005458,GR-0005458,MAT-00457,SUP-0058,2025-10-31,663,36,54298,DEF_ELECTRICAL,REJECTED,INSP-101
QC-0005459,GR-0005459,MAT-00668,SUP-0058,2025-10-30,612,20,32679,DEF_METALLURGY,CONCESSION,INSP-110
QC-0005460,GR-0005460,MAT-01109,SUP-0019,2025-05-06,11,1,90909,DEF_ELECTRICAL,REJECTED,INSP-102
QC-0005461,GR-0005461,MAT-00369,SUP-0019,2025-05-10,495,38,76767,DEF_PACKAGING,REJECTED,INSP-118
QC-0005462,GR-0005462,MAT-00926,SUP-0090,2025-12-28,56,2,35714,DEF_CONTAMINATION,CONCESSION,INSP-104
QC-0005463,GR-0005463,MAT-01038,SUP-0117,2025-06-04,92,9,97826,DEF_PACKAGING,REJECTED,INSP-111
QC-0005464,GR-0005464,MAT-01103,SUP-0094,2025-07-02,71,0,0,,ACCEPTED,INSP-111
QC-0005465,GR-0005465,MAT-00170,SUP-0094,2025-06-29,366,2,5464,DEF_ELECTRICAL,CONCESSION,INSP-106
QC-0005466,GR-0005466,MAT-00943,SUP-0043,2025-11-16,165,7,42424,DEF_CONTAMINATION,REJECTED,INSP-110
QC-0005467,GR-0005467,MAT-00921,SUP-0054,2025-12-07,32,1,31250,DEF_METALLURGY,CONCESSION,INSP-102
QC-0005468,GR-0005468,MAT-00585,SUP-0054,2025-12-10,178,6,33707,DEF_DIMENSIONAL,CONCESSION,INSP-104
QC-0005469,GR-0005469,MAT-00909,SUP-0075,2025-09-11,47,1,21276,DEF_DIMENSIONAL,CONCESSION,INSP-117
QC-0005470,GR-0005470,MAT-00864,SUP-0075,2025-09-12,138,13,94202,DEF_METALLURGY,REJECTED,INSP-121
QC-0005471,GR-0005471,MAT-00999,SUP-0075,2025-09-08,10,2,200000,DEF_ELECTRICAL,REJECTED,INSP-121
QC-0005472,GR-0005472,MAT-00901,SUP-0040,2025-09-30,282,36,127659,DEF_METALLURGY,REJECTED,INSP-111
QC-0005473,GR-0005473,MAT-00682,SUP-0040,2025-09-22,14,4,285714,DEF_METALLURGY,REJECTED,INSP-103
QC-0005474,GR-0005474,MAT-00378,SUP-0040,2025-10-01,473,46,97251,DEF_DIMENSIONAL,REJECTED,INSP-123
QC-0005475,GR-0005475,MAT-01195,SUP-0041,2025-05-27,30,4,133333,DEF_ELECTRICAL,REJECTED,INSP-114
QC-0005476,GR-0005476,MAT-00800,SUP-0041,2025-05-29,157,15,95541,DEF_SURFACE,REJECTED,INSP-118
QC-0005477,GR-0005477,MAT-00677,SUP-0083,2025-10-06,11,0,0,,ACCEPTED,INSP-116
QC-0005478,GR-0005478,MAT-00797,SUP-0083,2025-09-29,77,6,77922,DEF_METALLURGY,REJECTED,INSP-118
QC-0005479,GR-0005479,MAT-00421,SUP-0052,2025-10-16,15,0,0,,ACCEPTED,INSP-115
QC-0005480,GR-0005480,MAT-00270,SUP-0052,2025-10-13,12,0,0,,ACCEPTED,INSP-119
QC-0005481,GR-0005481,MAT-00792,SUP-0048,2025-12-26,48,4,83333,DEF_DIMENSIONAL,REJECTED,INSP-115
QC-0005482,GR-0005482,MAT-00771,SUP-0107,2026-04-15,271,20,73800,DEF_CONTAMINATION,REJECTED,INSP-120
QC-0005483,GR-0005483,MAT-00539,SUP-0107,2026-04-10,88,12,136363,DEF_METALLURGY,REJECTED,INSP-111
QC-0005484,GR-0005484,MAT-00076,SUP-0120,2025-02-28,11,1,90909,DEF_SURFACE,REJECTED,INSP-115
QC-0005485,GR-0005485,MAT-00781,SUP-0114,2026-03-07,160,26,162500,DEF_METALLURGY,REJECTED,INSP-108
QC-0005486,GR-0005486,MAT-00765,SUP-0114,2026-03-03,285,33,115789,DEF_PACKAGING,REJECTED,INSP-125
QC-0005487,GR-0005487,MAT-00026,SUP-0001,2025-07-17,540,150,277777,DEF_PACKAGING,REJECTED,INSP-123
QC-0005488,GR-0005488,MAT-00851,SUP-0001,2025-08-09,34,9,264705,DEF_ELECTRICAL,REJECTED,INSP-103
QC-0005489,GR-0005489,MAT-00648,SUP-0033,2025-07-15,278,29,104316,DEF_METALLURGY,REJECTED,INSP-107
QC-0005490,GR-0005490,MAT-00008,SUP-0045,2025-12-01,34,2,58823,DEF_CONTAMINATION,REJECTED,INSP-106
QC-0005491,GR-0005491,MAT-00419,SUP-0045,2025-11-27,57,3,52631,DEF_METALLURGY,REJECTED,INSP-123
QC-0005492,GR-0005492,MAT-00053,SUP-0103,2025-04-13,17,3,176470,DEF_ELECTRICAL,REJECTED,INSP-110
QC-0005493,GR-0005493,MAT-01144,SUP-0048,2025-09-20,315,17,53968,DEF_SURFACE,REJECTED,INSP-103
QC-0005494,GR-0005494,MAT-01000,SUP-0006,2025-11-02,66,1,15151,DEF_PACKAGING,CONCESSION,INSP-106
QC-0005495,GR-0005495,MAT-01013,SUP-0019,2026-01-21,360,37,102777,DEF_DIMENSIONAL,REJECTED,INSP-106
QC-0005496,GR-0005496,MAT-00149,SUP-0019,2026-01-25,289,19,65743,DEF_PACKAGING,REJECTED,INSP-109
QC-0005497,GR-0005497,MAT-00156,SUP-0012,2026-02-02,25,1,40000,DEF_CONTAMINATION,REJECTED,INSP-102
QC-0005498,GR-0005498,MAT-00096,SUP-0012,2026-01-27,612,68,111111,DEF_METALLURGY,REJECTED,INSP-108
QC-0005499,GR-0005499,MAT-00961,SUP-0012,2026-01-29,24,5,208333,DEF_DIMENSIONAL,REJECTED,INSP-115
QC-0005500,GR-0005500,MAT-00362,SUP-0002,2025-09-16,47,5,106382,DEF_ELECTRICAL,REJECTED,INSP-114
QC-0005501,GR-0005501,MAT-01077,SUP-0002,2025-09-12,58,8,137931,DEF_PACKAGING,REJECTED,INSP-115
QC-0005502,GR-0005502,MAT-00968,SUP-0002,2025-09-16,317,41,129337,DEF_DIMENSIONAL,REJECTED,INSP-121
QC-0005503,GR-0005503,MAT-00341,SUP-0002,2025-09-12,254,38,149606,DEF_CONTAMINATION,REJECTED,INSP-114
QC-0005504,GR-0005504,MAT-00468,SUP-0119,2025-12-16,130,11,84615,DEF_CONTAMINATION,REJECTED,INSP-109
QC-0005505,GR-0005505,MAT-00903,SUP-0009,2026-01-19,561,102,181818,DEF_PACKAGING,REJECTED,INSP-123
QC-0005506,GR-0005506,MAT-00219,SUP-0054,2025-11-08,31,0,0,,ACCEPTED,INSP-111
QC-0005507,GR-0005507,MAT-00035,SUP-0057,2025-07-13,44,1,22727,DEF_SURFACE,CONCESSION,INSP-108
QC-0005508,GR-0005508,MAT-00645,SUP-0057,2025-07-18,116,5,43103,DEF_PACKAGING,REJECTED,INSP-113
QC-0005509,GR-0005509,MAT-01130,SUP-0057,2025-07-25,51,3,58823,DEF_ELECTRICAL,REJECTED,INSP-114
QC-0005510,GR-0005510,MAT-00536,SUP-0095,2026-03-13,125,0,0,,ACCEPTED,INSP-101
QC-0005511,GR-0005511,MAT-00812,SUP-0095,2026-03-15,203,4,19704,DEF_DIMENSIONAL,CONCESSION,INSP-122
QC-0005512,GR-0005512,MAT-01161,SUP-0095,2026-03-16,10,0,0,,ACCEPTED,INSP-114
QC-0005513,GR-0005513,MAT-01178,SUP-0074,2025-11-30,183,14,76502,DEF_ELECTRICAL,REJECTED,INSP-107
QC-0005514,GR-0005514,MAT-00143,SUP-0099,2025-12-16,10,0,0,,ACCEPTED,INSP-122
QC-0005515,GR-0005515,MAT-00348,SUP-0075,2025-08-25,139,17,122302,DEF_PACKAGING,REJECTED,INSP-111
QC-0005516,GR-0005516,MAT-00920,SUP-0110,2025-12-07,68,4,58823,DEF_SURFACE,REJECTED,INSP-122
QC-0005517,GR-0005517,MAT-00187,SUP-0110,2025-12-06,64,6,93750,DEF_CONTAMINATION,REJECTED,INSP-109
QC-0005518,GR-0005518,MAT-00639,SUP-0032,2026-02-04,19,3,157894,DEF_SURFACE,REJECTED,INSP-108
QC-0005519,GR-0005519,MAT-00794,SUP-0032,2026-01-31,10,0,0,,ACCEPTED,INSP-122
QC-0005520,GR-0005520,MAT-00484,SUP-0098,2025-12-10,343,43,125364,DEF_SURFACE,REJECTED,INSP-118
QC-0005521,GR-0005521,MAT-01171,SUP-0067,2026-01-01,563,73,129662,DEF_ELECTRICAL,REJECTED,INSP-108
QC-0005522,GR-0005522,MAT-00719,SUP-0067,2026-01-03,143,16,111888,DEF_CONTAMINATION,REJECTED,INSP-101
QC-0005523,GR-0005523,MAT-00424,SUP-0067,2025-12-31,183,21,114754,DEF_ELECTRICAL,REJECTED,INSP-106
QC-0005524,GR-0005524,MAT-00230,SUP-0099,2025-10-07,10,1,100000,DEF_PACKAGING,REJECTED,INSP-114
QC-0005525,GR-0005525,MAT-00640,SUP-0082,2026-04-05,10,2,200000,DEF_CONTAMINATION,REJECTED,INSP-112
QC-0005526,GR-0005526,MAT-00744,SUP-0002,2025-07-24,10,3,300000,DEF_PACKAGING,REJECTED,INSP-103
QC-0005527,GR-0005527,MAT-00811,SUP-0076,2025-11-09,501,57,113772,DEF_PACKAGING,REJECTED,INSP-104
QC-0005528,GR-0005528,MAT-00307,SUP-0076,2025-11-10,162,19,117283,DEF_ELECTRICAL,REJECTED,INSP-113
QC-0005529,GR-0005529,MAT-00001,SUP-0076,2025-11-06,21,1,47619,DEF_PACKAGING,REJECTED,INSP-108
QC-0005530,GR-0005530,MAT-00192,SUP-0083,2025-10-18,398,23,57788,DEF_CONTAMINATION,REJECTED,INSP-113
QC-0005531,GR-0005531,MAT-00490,SUP-0083,2025-10-18,29,1,34482,DEF_DIMENSIONAL,CONCESSION,INSP-113
QC-0005532,GR-0005532,MAT-00103,SUP-0004,2025-11-12,180,27,150000,DEF_PACKAGING,REJECTED,INSP-117
QC-0005533,GR-0005533,MAT-00742,SUP-0004,2025-11-20,109,14,128440,DEF_DIMENSIONAL,REJECTED,INSP-104
QC-0005534,GR-0005534,MAT-00411,SUP-0004,2025-11-18,10,0,0,,ACCEPTED,INSP-125
QC-0005535,GR-0005535,MAT-00208,SUP-0004,2025-11-16,25,2,80000,DEF_ELECTRICAL,REJECTED,INSP-104
QC-0005536,GR-0005536,MAT-01033,SUP-0101,2026-02-28,52,4,76923,DEF_ELECTRICAL,REJECTED,INSP-116
QC-0005537,GR-0005537,MAT-00291,SUP-0101,2026-02-20,558,62,111111,DEF_DIMENSIONAL,REJECTED,INSP-112
QC-0005538,GR-0005538,MAT-01000,SUP-0006,2025-11-10,46,0,0,,ACCEPTED,INSP-106
QC-0005539,GR-0005539,MAT-00249,SUP-0041,2026-02-28,309,26,84142,DEF_METALLURGY,REJECTED,INSP-102
QC-0005540,GR-0005540,MAT-00462,SUP-0041,2026-02-26,12,1,83333,DEF_SURFACE,REJECTED,INSP-120
QC-0005541,GR-0005541,MAT-00759,SUP-0041,2026-03-08,167,19,113772,DEF_METALLURGY,REJECTED,INSP-117
QC-0005542,GR-0005542,MAT-00739,SUP-0041,2026-02-24,89,6,67415,DEF_ELECTRICAL,REJECTED,INSP-106
QC-0005543,GR-0005543,MAT-00595,SUP-0044,2026-02-10,17,4,235294,DEF_PACKAGING,REJECTED,INSP-121
QC-0005544,GR-0005544,MAT-00044,SUP-0085,2025-09-23,18,0,0,,ACCEPTED,INSP-108
QC-0005545,GR-0005545,MAT-00216,SUP-0010,2026-03-03,21,1,47619,DEF_METALLURGY,REJECTED,INSP-113
QC-0005546,GR-0005546,MAT-00997,SUP-0010,2026-03-03,133,6,45112,DEF_PACKAGING,REJECTED,INSP-119
QC-0005547,GR-0005547,MAT-00067,SUP-0010,2026-03-06,21,0,0,,ACCEPTED,INSP-119
QC-0005548,GR-0005548,MAT-00704,SUP-0080,2025-09-05,43,1,23255,DEF_SURFACE,CONCESSION,INSP-111
QC-0005549,GR-0005549,MAT-00726,SUP-0080,2025-09-05,157,6,38216,DEF_DIMENSIONAL,CONCESSION,INSP-113
QC-0005550,GR-0005550,MAT-00575,SUP-0080,2025-09-07,103,9,87378,DEF_SURFACE,REJECTED,INSP-107
QC-0005551,GR-0005551,MAT-00802,SUP-0031,2025-10-09,526,95,180608,DEF_SURFACE,REJECTED,INSP-102
QC-0005552,GR-0005552,MAT-00582,SUP-0031,2025-10-05,37,13,351351,DEF_DIMENSIONAL,REJECTED,INSP-104
QC-0005553,GR-0005553,MAT-00884,SUP-0031,2025-10-16,17,5,294117,DEF_PACKAGING,REJECTED,INSP-125
QC-0005554,GR-0005554,MAT-01102,SUP-0087,2025-11-22,30,0,0,,ACCEPTED,INSP-115
QC-0005555,GR-0005555,MAT-01139,SUP-0087,2025-11-26,36,1,27777,DEF_METALLURGY,CONCESSION,INSP-118
QC-0005556,GR-0005556,MAT-00165,SUP-0087,2025-11-26,16,0,0,,ACCEPTED,INSP-108
QC-0005557,GR-0005557,MAT-00466,SUP-0069,2025-09-04,60,0,0,,ACCEPTED,INSP-105
QC-0005558,GR-0005558,MAT-00182,SUP-0115,2025-03-15,57,4,70175,DEF_DIMENSIONAL,REJECTED,INSP-104
QC-0005559,GR-0005559,MAT-00961,SUP-0115,2025-03-11,10,0,0,,ACCEPTED,INSP-122
QC-0005560,GR-0005560,MAT-01193,SUP-0083,2026-01-27,81,6,74074,DEF_DIMENSIONAL,REJECTED,INSP-111
QC-0005561,GR-0005561,MAT-01189,SUP-0019,2025-12-04,18,1,55555,DEF_METALLURGY,REJECTED,INSP-111
QC-0005562,GR-0005562,MAT-00298,SUP-0019,2025-12-05,526,50,95057,DEF_ELECTRICAL,REJECTED,INSP-107
QC-0005563,GR-0005563,MAT-00038,SUP-0016,2025-11-15,10,1,100000,DEF_SURFACE,REJECTED,INSP-109
QC-0005564,GR-0005564,MAT-00191,SUP-0039,2025-12-20,15,1,66666,DEF_CONTAMINATION,REJECTED,INSP-109
QC-0005565,GR-0005565,MAT-00117,SUP-0039,2025-12-27,18,4,222222,DEF_PACKAGING,REJECTED,INSP-110
QC-0005566,GR-0005566,MAT-00239,SUP-0039,2025-12-24,238,24,100840,DEF_CONTAMINATION,REJECTED,INSP-118
QC-0005567,GR-0005567,MAT-00857,SUP-0117,2025-07-16,323,26,80495,DEF_DIMENSIONAL,REJECTED,INSP-119
QC-0005568,GR-0005568,MAT-00027,SUP-0101,2025-12-23,694,77,110951,DEF_CONTAMINATION,REJECTED,INSP-123
QC-0005569,GR-0005569,MAT-00415,SUP-0063,2026-04-03,10,0,0,,ACCEPTED,INSP-108
QC-0005570,GR-0005570,MAT-00383,SUP-0118,2026-01-04,371,47,126684,DEF_DIMENSIONAL,REJECTED,INSP-114
QC-0005571,GR-0005571,MAT-00065,SUP-0095,2026-01-26,12,0,0,,ACCEPTED,INSP-108
QC-0005572,GR-0005572,MAT-00719,SUP-0095,2026-01-26,306,9,29411,DEF_ELECTRICAL,CONCESSION,INSP-103
QC-0005573,GR-0005573,MAT-00550,SUP-0095,2026-01-27,482,10,20746,DEF_DIMENSIONAL,CONCESSION,INSP-102
QC-0005574,GR-0005574,MAT-01134,SUP-0095,2026-01-24,10,0,0,,ACCEPTED,INSP-106
QC-0005575,GR-0005575,MAT-00385,SUP-0019,2025-10-15,10,1,100000,DEF_ELECTRICAL,REJECTED,INSP-107
QC-0005576,GR-0005576,MAT-00212,SUP-0019,2025-10-16,16,0,0,,ACCEPTED,INSP-119
QC-0005577,GR-0005577,MAT-01113,SUP-0019,2025-06-09,410,39,95121,DEF_SURFACE,REJECTED,INSP-108
QC-0005578,GR-0005578,MAT-00224,SUP-0019,2025-06-11,115,11,95652,DEF_DIMENSIONAL,REJECTED,INSP-114
QC-0005579,GR-0005579,MAT-00125,SUP-0019,2025-06-01,61,4,65573,DEF_CONTAMINATION,REJECTED,INSP-105
QC-0005580,GR-0005580,MAT-00784,SUP-0019,2025-06-06,31,2,64516,DEF_PACKAGING,REJECTED,INSP-114
QC-0005581,GR-0005581,MAT-00569,SUP-0004,2025-11-30,15,3,200000,DEF_METALLURGY,REJECTED,INSP-123
QC-0005582,GR-0005582,MAT-00784,SUP-0055,2025-10-24,70,1,14285,DEF_METALLURGY,CONCESSION,INSP-115
QC-0005583,GR-0005583,MAT-00119,SUP-0055,2025-10-23,298,6,20134,DEF_ELECTRICAL,CONCESSION,INSP-118
QC-0005584,GR-0005584,MAT-00160,SUP-0105,2026-03-23,247,3,12145,DEF_ELECTRICAL,CONCESSION,INSP-110
QC-0005585,GR-0005585,MAT-01157,SUP-0105,2026-03-21,60,0,0,,ACCEPTED,INSP-121
QC-0005586,GR-0005586,MAT-00960,SUP-0105,2026-03-20,169,6,35502,DEF_SURFACE,CONCESSION,INSP-112
QC-0005587,GR-0005587,MAT-01189,SUP-0019,2025-08-25,35,3,85714,DEF_SURFACE,REJECTED,INSP-122
QC-0005588,GR-0005588,MAT-01110,SUP-0089,2025-08-23,15,1,66666,DEF_SURFACE,REJECTED,INSP-107
QC-0005589,GR-0005589,MAT-00251,SUP-0096,2025-10-06,635,50,78740,DEF_SURFACE,REJECTED,INSP-110
QC-0005590,GR-0005590,MAT-00088,SUP-0096,2025-09-27,660,52,78787,DEF_CONTAMINATION,REJECTED,INSP-110
QC-0005591,GR-0005591,MAT-00694,SUP-0096,2025-10-06,13,2,153846,DEF_PACKAGING,REJECTED,INSP-116
QC-0005592,GR-0005592,MAT-00887,SUP-0051,2026-04-11,11,3,272727,DEF_SURFACE,REJECTED,INSP-116
QC-0005593,GR-0005593,MAT-00109,SUP-0051,2026-04-11,14,1,71428,DEF_METALLURGY,REJECTED,INSP-103
QC-0005594,GR-0005594,MAT-00973,SUP-0111,2025-12-01,168,13,77380,DEF_DIMENSIONAL,REJECTED,INSP-107
QC-0005595,GR-0005595,MAT-01192,SUP-0111,2025-11-27,167,14,83832,DEF_METALLURGY,REJECTED,INSP-124
QC-0005596,GR-0005596,MAT-00252,SUP-0051,2025-09-30,210,6,28571,DEF_PACKAGING,CONCESSION,INSP-115
QC-0005597,GR-0005597,MAT-00628,SUP-0051,2026-01-23,71,7,98591,DEF_PACKAGING,REJECTED,INSP-124
QC-0005598,GR-0005598,MAT-00239,SUP-0112,2025-08-30,432,16,37037,DEF_PACKAGING,CONCESSION,INSP-116
QC-0005599,GR-0005599,MAT-01132,SUP-0112,2025-09-02,53,4,75471,DEF_ELECTRICAL,REJECTED,INSP-104
QC-0005600,GR-0005600,MAT-00504,SUP-0031,2026-03-24,447,71,158836,DEF_CONTAMINATION,REJECTED,INSP-116
QC-0005601,GR-0005601,MAT-00645,SUP-0052,2025-05-07,98,6,61224,DEF_SURFACE,REJECTED,INSP-120
QC-0005602,GR-0005602,MAT-00337,SUP-0084,2025-05-06,14,1,71428,DEF_SURFACE,REJECTED,INSP-114
QC-0005603,GR-0005603,MAT-00088,SUP-0040,2025-10-20,345,39,113043,DEF_PACKAGING,REJECTED,INSP-110
QC-0005604,GR-0005604,MAT-00831,SUP-0040,2025-10-20,152,19,125000,DEF_PACKAGING,REJECTED,INSP-119
QC-0005605,GR-0005605,MAT-00224,SUP-0040,2025-10-24,352,41,116477,DEF_CONTAMINATION,REJECTED,INSP-106
QC-0005606,GR-0005606,MAT-00544,SUP-0040,2025-10-24,66,5,75757,DEF_ELECTRICAL,REJECTED,INSP-106
QC-0005607,GR-0005607,MAT-00479,SUP-0099,2025-10-02,115,1,8695,DEF_ELECTRICAL,CONCESSION,INSP-118
QC-0005608,GR-0005608,MAT-00473,SUP-0002,2025-09-28,100,14,140000,DEF_DIMENSIONAL,REJECTED,INSP-104
QC-0005609,GR-0005609,MAT-00884,SUP-0002,2025-09-29,10,1,100000,DEF_ELECTRICAL,REJECTED,INSP-114
QC-0005610,GR-0005610,MAT-00726,SUP-0110,2025-11-12,139,9,64748,DEF_DIMENSIONAL,REJECTED,INSP-108
QC-0005611,GR-0005611,MAT-00382,SUP-0091,2025-09-25,29,1,34482,DEF_PACKAGING,CONCESSION,INSP-124
QC-0005612,GR-0005612,MAT-00441,SUP-0102,2025-08-02,731,36,49247,DEF_SURFACE,REJECTED,INSP-103
QC-0005613,GR-0005613,MAT-01077,SUP-0019,2025-09-20,66,6,90909,DEF_CONTAMINATION,REJECTED,INSP-107
QC-0005614,GR-0005614,MAT-00588,SUP-0052,2025-11-09,104,10,96153,DEF_METALLURGY,REJECTED,INSP-110
QC-0005615,GR-0005615,MAT-00523,SUP-0001,2025-12-23,589,125,212224,DEF_SURFACE,REJECTED,INSP-111
QC-0005616,GR-0005616,MAT-00640,SUP-0001,2026-01-02,11,1,90909,DEF_METALLURGY,REJECTED,INSP-125
QC-0005617,GR-0005617,MAT-00663,SUP-0042,2025-12-27,178,14,78651,DEF_ELECTRICAL,REJECTED,INSP-120
QC-0005618,GR-0005618,MAT-00829,SUP-0080,2025-08-28,158,15,94936,DEF_METALLURGY,REJECTED,INSP-104
QC-0005619,GR-0005619,MAT-01071,SUP-0080,2025-09-07,26,0,0,,ACCEPTED,INSP-115
QC-0005620,GR-0005620,MAT-00550,SUP-0022,2026-01-10,550,19,34545,DEF_PACKAGING,CONCESSION,INSP-111
QC-0005621,GR-0005621,MAT-00971,SUP-0089,2026-01-30,461,35,75921,DEF_DIMENSIONAL,REJECTED,INSP-101
QC-0005622,GR-0005622,MAT-00097,SUP-0043,2026-01-03,600,40,66666,DEF_DIMENSIONAL,REJECTED,INSP-103
QC-0005623,GR-0005623,MAT-00266,SUP-0043,2026-01-03,79,1,12658,DEF_DIMENSIONAL,CONCESSION,INSP-124
QC-0005624,GR-0005624,MAT-00824,SUP-0095,2025-05-24,10,0,0,,ACCEPTED,INSP-108
QC-0005625,GR-0005625,MAT-00774,SUP-0031,2026-03-13,650,124,190769,DEF_METALLURGY,REJECTED,INSP-115
QC-0005626,GR-0005626,MAT-00161,SUP-0031,2026-03-05,307,74,241042,DEF_METALLURGY,REJECTED,INSP-113
QC-0005627,GR-0005627,MAT-00400,SUP-0031,2026-03-13,56,16,285714,DEF_DIMENSIONAL,REJECTED,INSP-117
QC-0005628,GR-0005628,MAT-01058,SUP-0105,2025-05-11,60,1,16666,DEF_DIMENSIONAL,CONCESSION,INSP-114
QC-0005629,GR-0005629,MAT-00413,SUP-0079,2026-01-03,10,1,100000,DEF_ELECTRICAL,REJECTED,INSP-108
QC-0005630,GR-0005630,MAT-01075,SUP-0079,2026-01-06,311,36,115755,DEF_PACKAGING,REJECTED,INSP-119
QC-0005631,GR-0005631,MAT-00471,SUP-0097,2026-02-23,17,0,0,,ACCEPTED,INSP-117
QC-0005632,GR-0005632,MAT-00523,SUP-0001,2025-09-25,394,93,236040,DEF_PACKAGING,REJECTED,INSP-119
QC-0005633,GR-0005633,MAT-00197,SUP-0001,2025-10-03,27,6,222222,DEF_SURFACE,REJECTED,INSP-101
QC-0005634,GR-0005634,MAT-00479,SUP-0099,2026-03-04,110,0,0,,ACCEPTED,INSP-109
QC-0005635,GR-0005635,MAT-01144,SUP-0048,2025-04-10,272,22,80882,DEF_DIMENSIONAL,REJECTED,INSP-117
QC-0005636,GR-0005636,MAT-00380,SUP-0048,2025-04-21,18,2,111111,DEF_DIMENSIONAL,REJECTED,INSP-103
QC-0005637,GR-0005637,MAT-01032,SUP-0048,2025-04-10,235,12,51063,DEF_CONTAMINATION,REJECTED,INSP-125
QC-0005638,GR-0005638,MAT-00070,SUP-0047,2026-03-05,19,0,0,,ACCEPTED,INSP-110
QC-0005639,GR-0005639,MAT-00489,SUP-0095,2025-11-11,60,1,16666,DEF_DIMENSIONAL,CONCESSION,INSP-111
QC-0005640,GR-0005640,MAT-00932,SUP-0095,2025-11-10,196,4,20408,DEF_DIMENSIONAL,CONCESSION,INSP-120
QC-0005641,GR-0005641,MAT-00317,SUP-0012,2025-08-08,245,30,122448,DEF_CONTAMINATION,REJECTED,INSP-124
QC-0005642,GR-0005642,MAT-00514,SUP-0010,2025-06-25,125,8,64000,DEF_ELECTRICAL,REJECTED,INSP-113
QC-0005643,GR-0005643,MAT-00499,SUP-0067,2025-05-14,34,6,176470,DEF_DIMENSIONAL,REJECTED,INSP-103
QC-0005644,GR-0005644,MAT-01162,SUP-0082,2025-09-15,364,43,118131,DEF_ELECTRICAL,REJECTED,INSP-108
QC-0005645,GR-0005645,MAT-00377,SUP-0082,2025-10-03,235,42,178723,DEF_SURFACE,REJECTED,INSP-120
QC-0005646,GR-0005646,MAT-01059,SUP-0082,2025-09-30,207,37,178743,DEF_DIMENSIONAL,REJECTED,INSP-109
QC-0005647,GR-0005647,MAT-00872,SUP-0098,2025-10-11,153,13,84967,DEF_PACKAGING,REJECTED,INSP-105
QC-0005648,GR-0005648,MAT-01048,SUP-0043,2025-12-19,204,17,83333,DEF_PACKAGING,REJECTED,INSP-121
QC-0005649,GR-0005649,MAT-00327,SUP-0074,2025-06-30,24,2,83333,DEF_SURFACE,REJECTED,INSP-107
QC-0005650,GR-0005650,MAT-00133,SUP-0044,2025-10-29,31,6,193548,DEF_PACKAGING,REJECTED,INSP-113
QC-0005651,GR-0005651,MAT-00159,SUP-0044,2025-10-27,16,2,125000,DEF_METALLURGY,REJECTED,INSP-116
QC-0005652,GR-0005652,MAT-01150,SUP-0044,2025-11-10,16,0,0,,ACCEPTED,INSP-106
QC-0005653,GR-0005653,MAT-00002,SUP-0044,2025-10-24,30,6,200000,DEF_CONTAMINATION,REJECTED,INSP-106
QC-0005654,GR-0005654,MAT-00897,SUP-0026,2025-09-02,15,0,0,,ACCEPTED,INSP-115
QC-0005655,GR-0005655,MAT-00263,SUP-0026,2025-09-02,171,14,81871,DEF_METALLURGY,REJECTED,INSP-108
QC-0005656,GR-0005656,MAT-00915,SUP-0096,2025-08-11,20,1,50000,DEF_CONTAMINATION,REJECTED,INSP-111
QC-0005657,GR-0005657,MAT-01140,SUP-0019,2025-10-27,15,1,66666,DEF_SURFACE,REJECTED,INSP-115
QC-0005658,GR-0005658,MAT-00926,SUP-0090,2026-02-01,60,2,33333,DEF_CONTAMINATION,CONCESSION,INSP-124
QC-0005659,GR-0005659,MAT-00680,SUP-0065,2025-08-22,499,44,88176,DEF_DIMENSIONAL,REJECTED,INSP-118
QC-0005660,GR-0005660,MAT-00874,SUP-0065,2025-08-26,365,42,115068,DEF_SURFACE,REJECTED,INSP-122
QC-0005661,GR-0005661,MAT-00972,SUP-0034,2025-10-20,15,1,66666,DEF_DIMENSIONAL,REJECTED,INSP-108
QC-0005662,GR-0005662,MAT-00450,SUP-0034,2025-10-20,72,7,97222,DEF_PACKAGING,REJECTED,INSP-125
QC-0005663,GR-0005663,MAT-00851,SUP-0011,2025-10-29,32,4,125000,DEF_DIMENSIONAL,REJECTED,INSP-123
QC-0005664,GR-0005664,MAT-00848,SUP-0006,2026-02-16,67,4,59701,DEF_ELECTRICAL,REJECTED,INSP-122
QC-0005665,GR-0005665,MAT-00341,SUP-0028,2025-09-07,154,12,77922,DEF_CONTAMINATION,REJECTED,INSP-123
QC-0005666,GR-0005666,MAT-00009,SUP-0060,2025-05-25,267,17,63670,DEF_METALLURGY,REJECTED,INSP-121
QC-0005667,GR-0005667,MAT-00319,SUP-0018,2025-10-05,174,18,103448,DEF_CONTAMINATION,REJECTED,INSP-122
QC-0005668,GR-0005668,MAT-01138,SUP-0109,2025-09-03,181,1,5524,DEF_CONTAMINATION,CONCESSION,INSP-112
QC-0005669,GR-0005669,MAT-00898,SUP-0109,2025-09-02,145,1,6896,DEF_CONTAMINATION,CONCESSION,INSP-105
QC-0005670,GR-0005670,MAT-00427,SUP-0064,2025-12-02,22,3,136363,DEF_CONTAMINATION,REJECTED,INSP-123
QC-0005671,GR-0005671,MAT-00064,SUP-0064,2025-12-02,33,1,30303,DEF_SURFACE,CONCESSION,INSP-106
QC-0005672,GR-0005672,MAT-01006,SUP-0064,2025-12-07,15,1,66666,DEF_SURFACE,REJECTED,INSP-107
QC-0005673,GR-0005673,MAT-00322,SUP-0025,2026-01-30,85,1,11764,DEF_ELECTRICAL,CONCESSION,INSP-124
QC-0005674,GR-0005674,MAT-00247,SUP-0111,2026-04-06,645,55,85271,DEF_ELECTRICAL,REJECTED,INSP-109
QC-0005675,GR-0005675,MAT-00948,SUP-0019,2026-03-15,29,4,137931,DEF_DIMENSIONAL,REJECTED,INSP-101
QC-0005676,GR-0005676,MAT-00424,SUP-0019,2026-03-15,252,19,75396,DEF_PACKAGING,REJECTED,INSP-101
QC-0005677,GR-0005677,MAT-00482,SUP-0065,2025-10-25,15,3,200000,DEF_PACKAGING,REJECTED,INSP-106
QC-0005678,GR-0005678,MAT-00596,SUP-0065,2025-10-25,258,25,96899,DEF_DIMENSIONAL,REJECTED,INSP-108
QC-0005679,GR-0005679,MAT-00088,SUP-0040,2026-01-28,253,34,134387,DEF_METALLURGY,REJECTED,INSP-117
QC-0005680,GR-0005680,MAT-00618,SUP-0037,2025-09-26,18,2,111111,DEF_ELECTRICAL,REJECTED,INSP-107
QC-0005681,GR-0005681,MAT-01015,SUP-0037,2025-10-03,137,4,29197,DEF_ELECTRICAL,CONCESSION,INSP-112
QC-0005682,GR-0005682,MAT-00007,SUP-0068,2025-05-13,37,1,27027,DEF_SURFACE,CONCESSION,INSP-101
QC-0005683,GR-0005683,MAT-00981,SUP-0068,2025-05-13,27,1,37037,DEF_METALLURGY,CONCESSION,INSP-102
QC-0005684,GR-0005684,MAT-00582,SUP-0068,2025-05-09,10,0,0,,ACCEPTED,INSP-119
QC-0005685,GR-0005685,MAT-01172,SUP-0035,2026-02-16,353,75,212464,DEF_DIMENSIONAL,REJECTED,INSP-124
QC-0005686,GR-0005686,MAT-00239,SUP-0035,2026-02-16,394,72,182741,DEF_PACKAGING,REJECTED,INSP-109
QC-0005687,GR-0005687,MAT-00337,SUP-0084,2025-11-07,16,0,0,,ACCEPTED,INSP-114
QC-0005688,GR-0005688,MAT-00188,SUP-0067,2025-09-30,343,29,84548,DEF_ELECTRICAL,REJECTED,INSP-110
QC-0005689,GR-0005689,MAT-00793,SUP-0067,2025-10-03,334,33,98802,DEF_ELECTRICAL,REJECTED,INSP-103
QC-0005690,GR-0005690,MAT-00925,SUP-0007,2026-01-26,76,6,78947,DEF_DIMENSIONAL,REJECTED,INSP-116
QC-0005691,GR-0005691,MAT-00035,SUP-0007,2026-01-31,37,5,135135,DEF_SURFACE,REJECTED,INSP-123
QC-0005692,GR-0005692,MAT-00391,SUP-0066,2026-02-14,10,3,300000,DEF_DIMENSIONAL,REJECTED,INSP-101
QC-0005693,GR-0005693,MAT-01075,SUP-0099,2025-09-13,205,2,9756,DEF_PACKAGING,CONCESSION,INSP-117
QC-0005694,GR-0005694,MAT-00820,SUP-0099,2025-09-08,188,2,10638,DEF_ELECTRICAL,CONCESSION,INSP-119
QC-0005695,GR-0005695,MAT-00103,SUP-0004,2026-03-13,42,2,47619,DEF_SURFACE,REJECTED,INSP-118
QC-0005696,GR-0005696,MAT-00222,SUP-0089,2025-09-11,71,4,56338,DEF_ELECTRICAL,REJECTED,INSP-111
QC-0005697,GR-0005697,MAT-01079,SUP-0089,2025-09-13,416,36,86538,DEF_DIMENSIONAL,REJECTED,INSP-116
QC-0005698,GR-0005698,MAT-00684,SUP-0089,2025-09-11,213,21,98591,DEF_METALLURGY,REJECTED,INSP-106
QC-0005699,GR-0005699,MAT-00800,SUP-0089,2025-09-10,55,5,90909,DEF_METALLURGY,REJECTED,INSP-117
QC-0005700,GR-0005700,MAT-01155,SUP-0096,2025-11-12,24,0,0,,ACCEPTED,INSP-118
QC-0005701,GR-0005701,MAT-00427,SUP-0096,2025-11-07,29,2,68965,DEF_PACKAGING,REJECTED,INSP-122
QC-0005702,GR-0005702,MAT-00597,SUP-0096,2025-11-17,10,2,200000,DEF_DIMENSIONAL,REJECTED,INSP-102
QC-0005703,GR-0005703,MAT-00144,SUP-0054,2026-02-09,22,2,90909,DEF_ELECTRICAL,REJECTED,INSP-114
QC-0005704,GR-0005704,MAT-00663,SUP-0042,2026-02-02,175,8,45714,DEF_PACKAGING,REJECTED,INSP-116
QC-0005705,GR-0005705,MAT-00974,SUP-0042,2026-02-03,261,12,45977,DEF_DIMENSIONAL,REJECTED,INSP-108
QC-0005706,GR-0005706,MAT-00782,SUP-0055,2025-08-17,183,6,32786,DEF_METALLURGY,CONCESSION,INSP-114
QC-0005707,GR-0005707,MAT-00906,SUP-0055,2025-08-19,56,1,17857,DEF_PACKAGING,CONCESSION,INSP-113
QC-0005708,GR-0005708,MAT-00759,SUP-0055,2025-08-19,53,3,56603,DEF_SURFACE,REJECTED,INSP-122
QC-0005709,GR-0005709,MAT-00108,SUP-0062,2026-01-24,439,32,72892,DEF_DIMENSIONAL,REJECTED,INSP-113
QC-0005710,GR-0005710,MAT-00778,SUP-0062,2026-01-14,13,1,76923,DEF_METALLURGY,REJECTED,INSP-117
QC-0005711,GR-0005711,MAT-00264,SUP-0062,2026-01-19,28,0,0,,ACCEPTED,INSP-106
QC-0005712,GR-0005712,MAT-00864,SUP-0047,2025-07-08,369,0,0,,ACCEPTED,INSP-114
QC-0005713,GR-0005713,MAT-00271,SUP-0078,2026-02-10,351,20,56980,DEF_PACKAGING,REJECTED,INSP-115
QC-0005714,GR-0005714,MAT-01103,SUP-0078,2026-02-11,57,4,70175,DEF_PACKAGING,REJECTED,INSP-108
QC-0005715,GR-0005715,MAT-00569,SUP-0004,2026-01-01,10,0,0,,ACCEPTED,INSP-117
QC-0005716,GR-0005716,MAT-00916,SUP-0004,2025-12-28,39,5,128205,DEF_ELECTRICAL,REJECTED,INSP-120
QC-0005717,GR-0005717,MAT-00572,SUP-0065,2025-09-22,77,11,142857,DEF_SURFACE,REJECTED,INSP-112
QC-0005718,GR-0005718,MAT-01119,SUP-0004,2025-12-03,609,78,128078,DEF_SURFACE,REJECTED,INSP-122
QC-0005719,GR-0005719,MAT-01062,SUP-0007,2025-10-07,72,5,69444,DEF_DIMENSIONAL,REJECTED,INSP-111
QC-0005720,GR-0005720,MAT-00251,SUP-0096,2025-12-16,689,38,55152,DEF_METALLURGY,REJECTED,INSP-113
QC-0005721,GR-0005721,MAT-00585,SUP-0096,2025-12-21,112,14,125000,DEF_CONTAMINATION,REJECTED,INSP-119
QC-0005722,GR-0005722,MAT-00577,SUP-0018,2026-04-08,90,4,44444,DEF_DIMENSIONAL,REJECTED,INSP-111
QC-0005723,GR-0005723,MAT-00283,SUP-0120,2025-12-25,10,1,100000,DEF_PACKAGING,REJECTED,INSP-104
QC-0005724,GR-0005724,MAT-00844,SUP-0120,2025-12-22,46,3,65217,DEF_DIMENSIONAL,REJECTED,INSP-103
QC-0005725,GR-0005725,MAT-00685,SUP-0021,2026-01-18,10,0,0,,ACCEPTED,INSP-110
QC-0005726,GR-0005726,MAT-00039,SUP-0109,2025-08-20,28,1,35714,DEF_ELECTRICAL,CONCESSION,INSP-103
QC-0005727,GR-0005727,MAT-00734,SUP-0069,2025-11-23,262,7,26717,DEF_ELECTRICAL,CONCESSION,INSP-116
QC-0005728,GR-0005728,MAT-00356,SUP-0069,2025-11-23,74,0,0,,ACCEPTED,INSP-122
QC-0005729,GR-0005729,MAT-00807,SUP-0013,2025-09-23,277,23,83032,DEF_PACKAGING,REJECTED,INSP-109
QC-0005730,GR-0005730,MAT-00808,SUP-0039,2025-08-03,219,23,105022,DEF_DIMENSIONAL,REJECTED,INSP-123
QC-0005731,GR-0005731,MAT-01063,SUP-0066,2025-11-30,26,2,76923,DEF_METALLURGY,REJECTED,INSP-108
QC-0005732,GR-0005732,MAT-01081,SUP-0066,2025-12-07,19,2,105263,DEF_PACKAGING,REJECTED,INSP-116
QC-0005733,GR-0005733,MAT-00827,SUP-0062,2025-10-11,624,47,75320,DEF_DIMENSIONAL,REJECTED,INSP-115
QC-0005734,GR-0005734,MAT-00245,SUP-0118,2025-09-14,15,0,0,,ACCEPTED,INSP-125
QC-0005735,GR-0005735,MAT-00266,SUP-0105,2025-11-17,97,3,30927,DEF_CONTAMINATION,CONCESSION,INSP-123
QC-0005736,GR-0005736,MAT-00751,SUP-0105,2025-11-18,132,0,0,,ACCEPTED,INSP-125
QC-0005737,GR-0005737,MAT-00567,SUP-0025,2025-06-23,193,4,20725,DEF_SURFACE,CONCESSION,INSP-122
QC-0005738,GR-0005738,MAT-01108,SUP-0046,2026-03-28,25,4,160000,DEF_SURFACE,REJECTED,INSP-112
QC-0005739,GR-0005739,MAT-00522,SUP-0046,2026-03-30,17,1,58823,DEF_PACKAGING,REJECTED,INSP-123
QC-0005740,GR-0005740,MAT-00335,SUP-0046,2026-04-02,12,1,83333,DEF_ELECTRICAL,REJECTED,INSP-115
QC-0005741,GR-0005741,MAT-00049,SUP-0064,2026-01-25,171,11,64327,DEF_SURFACE,REJECTED,INSP-105
QC-0005742,GR-0005742,MAT-00592,SUP-0064,2026-01-22,26,5,192307,DEF_METALLURGY,REJECTED,INSP-105
QC-0005743,GR-0005743,MAT-00818,SUP-0064,2026-01-25,116,9,77586,DEF_DIMENSIONAL,REJECTED,INSP-103
QC-0005744,GR-0005744,MAT-00858,SUP-0035,2025-07-24,675,123,182222,DEF_ELECTRICAL,REJECTED,INSP-110
QC-0005745,GR-0005745,MAT-00386,SUP-0035,2025-07-05,101,28,277227,DEF_PACKAGING,REJECTED,INSP-124
QC-0005746,GR-0005746,MAT-00648,SUP-0033,2026-02-14,721,64,88765,DEF_PACKAGING,REJECTED,INSP-125
QC-0005747,GR-0005747,MAT-00642,SUP-0047,2026-02-24,315,3,9523,DEF_SURFACE,CONCESSION,INSP-102
QC-0005748,GR-0005748,MAT-00984,SUP-0074,2025-06-25,32,0,0,,ACCEPTED,INSP-120
QC-0005749,GR-0005749,MAT-00893,SUP-0117,2026-01-15,10,1,100000,DEF_METALLURGY,REJECTED,INSP-103
QC-0005750,GR-0005750,MAT-00657,SUP-0117,2026-01-14,20,1,50000,DEF_SURFACE,REJECTED,INSP-107
QC-0005751,GR-0005751,MAT-00775,SUP-0003,2026-03-12,17,1,58823,DEF_SURFACE,REJECTED,INSP-121
QC-0005752,GR-0005752,MAT-01179,SUP-0003,2026-03-24,327,38,116207,DEF_DIMENSIONAL,REJECTED,INSP-124
QC-0005753,GR-0005753,MAT-00746,SUP-0093,2026-01-27,98,21,214285,DEF_METALLURGY,REJECTED,INSP-117
QC-0005754,GR-0005754,MAT-00629,SUP-0007,2026-01-21,13,1,76923,DEF_ELECTRICAL,REJECTED,INSP-113
QC-0005755,GR-0005755,MAT-00755,SUP-0007,2026-01-19,64,7,109375,DEF_CONTAMINATION,REJECTED,INSP-105
QC-0005756,GR-0005756,MAT-00435,SUP-0079,2025-11-25,10,0,0,,ACCEPTED,INSP-112
QC-0005757,GR-0005757,MAT-00880,SUP-0079,2025-11-26,29,3,103448,DEF_DIMENSIONAL,REJECTED,INSP-105
QC-0005758,GR-0005758,MAT-00262,SUP-0079,2025-11-24,64,6,93750,DEF_METALLURGY,REJECTED,INSP-107
QC-0005759,GR-0005759,MAT-00127,SUP-0104,2025-12-24,138,6,43478,DEF_PACKAGING,REJECTED,INSP-110
QC-0005760,GR-0005760,MAT-00893,SUP-0117,2025-04-18,12,0,0,,ACCEPTED,INSP-116
QC-0005761,GR-0005761,MAT-01051,SUP-0024,2026-01-05,64,3,46875,DEF_DIMENSIONAL,REJECTED,INSP-109
QC-0005762,GR-0005762,MAT-00435,SUP-0024,2025-12-26,10,3,300000,DEF_SURFACE,REJECTED,INSP-107
QC-0005763,GR-0005763,MAT-00537,SUP-0043,2025-06-02,407,22,54054,DEF_METALLURGY,REJECTED,INSP-124
QC-0005764,GR-0005764,MAT-01092,SUP-0043,2025-05-28,101,5,49504,DEF_SURFACE,REJECTED,INSP-124
QC-0005765,GR-0005765,MAT-00866,SUP-0043,2025-06-03,15,2,133333,DEF_DIMENSIONAL,REJECTED,INSP-117
QC-0005766,GR-0005766,MAT-00005,SUP-0043,2025-06-01,223,13,58295,DEF_SURFACE,REJECTED,INSP-116
QC-0005767,GR-0005767,MAT-01047,SUP-0033,2025-11-04,15,0,0,,ACCEPTED,INSP-107
QC-0005768,GR-0005768,MAT-00932,SUP-0033,2025-11-04,313,26,83067,DEF_CONTAMINATION,REJECTED,INSP-119
QC-0005769,GR-0005769,MAT-00150,SUP-0033,2025-11-02,10,1,100000,DEF_METALLURGY,REJECTED,INSP-116
QC-0005770,GR-0005770,MAT-00527,SUP-0033,2025-11-04,153,12,78431,DEF_SURFACE,REJECTED,INSP-109
QC-0005771,GR-0005771,MAT-00949,SUP-0093,2025-10-13,85,27,317647,DEF_ELECTRICAL,REJECTED,INSP-121
QC-0005772,GR-0005772,MAT-01098,SUP-0093,2025-11-27,16,5,312500,DEF_CONTAMINATION,REJECTED,INSP-122
QC-0005773,GR-0005773,MAT-00284,SUP-0033,2025-12-04,84,6,71428,DEF_ELECTRICAL,REJECTED,INSP-103
QC-0005774,GR-0005774,MAT-00552,SUP-0033,2025-11-27,200,27,135000,DEF_DIMENSIONAL,REJECTED,INSP-105
QC-0005775,GR-0005775,MAT-00720,SUP-0029,2025-07-11,575,64,111304,DEF_ELECTRICAL,REJECTED,INSP-111
QC-0005776,GR-0005776,MAT-00883,SUP-0029,2025-07-18,215,38,176744,DEF_SURFACE,REJECTED,INSP-103
QC-0005777,GR-0005777,MAT-00715,SUP-0095,2026-01-12,10,0,0,,ACCEPTED,INSP-104
QC-0005778,GR-0005778,MAT-00003,SUP-0086,2026-02-13,10,0,0,,ACCEPTED,INSP-116
QC-0005779,GR-0005779,MAT-00513,SUP-0048,2025-08-04,30,2,66666,DEF_SURFACE,REJECTED,INSP-117
QC-0005780,GR-0005780,MAT-00035,SUP-0048,2025-08-01,18,2,111111,DEF_PACKAGING,REJECTED,INSP-121
QC-0005781,GR-0005781,MAT-00338,SUP-0012,2025-06-11,17,0,0,,ACCEPTED,INSP-118
QC-0005782,GR-0005782,MAT-00968,SUP-0012,2025-06-03,486,51,104938,DEF_DIMENSIONAL,REJECTED,INSP-121
QC-0005783,GR-0005783,MAT-00498,SUP-0012,2025-06-05,39,1,25641,DEF_DIMENSIONAL,CONCESSION,INSP-107
QC-0005784,GR-0005784,MAT-00701,SUP-0086,2025-06-25,312,2,6410,DEF_ELECTRICAL,CONCESSION,INSP-108
QC-0005785,GR-0005785,MAT-00429,SUP-0061,2026-03-20,686,7,10204,DEF_ELECTRICAL,CONCESSION,INSP-119
QC-0005786,GR-0005786,MAT-00747,SUP-0076,2025-12-30,10,1,100000,DEF_ELECTRICAL,REJECTED,INSP-107
QC-0005787,GR-0005787,MAT-00303,SUP-0076,2025-12-28,34,2,58823,DEF_SURFACE,REJECTED,INSP-101
QC-0005788,GR-0005788,MAT-00618,SUP-0037,2025-11-22,17,0,0,,ACCEPTED,INSP-123
QC-0005789,GR-0005789,MAT-01119,SUP-0004,2025-06-22,613,71,115823,DEF_ELECTRICAL,REJECTED,INSP-114
QC-0005790,GR-0005790,MAT-00426,SUP-0004,2025-06-22,41,4,97560,DEF_METALLURGY,REJECTED,INSP-125
QC-0005791,GR-0005791,MAT-00912,SUP-0042,2026-03-29,663,45,67873,DEF_SURFACE,REJECTED,INSP-101
QC-0005792,GR-0005792,MAT-01159,SUP-0058,2026-03-18,455,21,46153,DEF_SURFACE,REJECTED,INSP-112
QC-0005793,GR-0005793,MAT-00913,SUP-0058,2026-03-18,46,1,21739,DEF_SURFACE,CONCESSION,INSP-120
QC-0005794,GR-0005794,MAT-00025,SUP-0058,2026-03-18,279,10,35842,DEF_CONTAMINATION,CONCESSION,INSP-102
QC-0005795,GR-0005795,MAT-00146,SUP-0032,2026-01-25,60,5,83333,DEF_DIMENSIONAL,REJECTED,INSP-102
QC-0005796,GR-0005796,MAT-01071,SUP-0032,2026-01-19,16,0,0,,ACCEPTED,INSP-101
QC-0005797,GR-0005797,MAT-00037,SUP-0067,2025-05-19,137,13,94890,DEF_METALLURGY,REJECTED,INSP-125
QC-0005798,GR-0005798,MAT-00773,SUP-0019,2025-06-10,108,21,194444,DEF_DIMENSIONAL,REJECTED,INSP-108
QC-0005799,GR-0005799,MAT-01095,SUP-0019,2025-06-11,63,5,79365,DEF_SURFACE,REJECTED,INSP-122
QC-0005800,GR-0005800,MAT-01040,SUP-0019,2025-06-18,20,2,100000,DEF_ELECTRICAL,REJECTED,INSP-123
QC-0005801,GR-0005801,MAT-01066,SUP-0027,2025-05-10,168,16,95238,DEF_SURFACE,REJECTED,INSP-123
QC-0005802,GR-0005802,MAT-00271,SUP-0027,2025-05-05,85,7,82352,DEF_ELECTRICAL,REJECTED,INSP-111
QC-0005803,GR-0005803,MAT-00700,SUP-0091,2025-08-24,125,5,40000,DEF_CONTAMINATION,REJECTED,INSP-123
QC-0005804,GR-0005804,MAT-00097,SUP-0091,2025-08-24,681,36,52863,DEF_CONTAMINATION,REJECTED,INSP-102
QC-0005805,GR-0005805,MAT-00589,SUP-0010,2025-06-25,17,0,0,,ACCEPTED,INSP-113
QC-0005806,GR-0005806,MAT-00515,SUP-0010,2025-06-27,219,14,63926,DEF_ELECTRICAL,REJECTED,INSP-104
QC-0005807,GR-0005807,MAT-01014,SUP-0010,2025-06-30,264,21,79545,DEF_DIMENSIONAL,REJECTED,INSP-113
QC-0005808,GR-0005808,MAT-00344,SUP-0068,2025-08-31,322,4,12422,DEF_PACKAGING,CONCESSION,INSP-106
QC-0005809,GR-0005809,MAT-00551,SUP-0068,2025-09-02,78,0,0,,ACCEPTED,INSP-119
QC-0005810,GR-0005810,MAT-00979,SUP-0039,2025-11-02,474,48,101265,DEF_SURFACE,REJECTED,INSP-106
QC-0005811,GR-0005811,MAT-00815,SUP-0099,2025-12-18,193,2,10362,DEF_SURFACE,CONCESSION,INSP-120
QC-0005812,GR-0005812,MAT-00809,SUP-0099,2025-12-20,260,3,11538,DEF_SURFACE,CONCESSION,INSP-109
QC-0005813,GR-0005813,MAT-00518,SUP-0099,2025-12-19,176,1,5681,DEF_PACKAGING,CONCESSION,INSP-109
QC-0005814,GR-0005814,MAT-00888,SUP-0099,2025-12-20,10,0,0,,ACCEPTED,INSP-114
QC-0005815,GR-0005815,MAT-00804,SUP-0117,2026-03-26,10,2,200000,DEF_METALLURGY,REJECTED,INSP-124
QC-0005816,GR-0005816,MAT-01174,SUP-0055,2026-01-27,34,0,0,,ACCEPTED,INSP-113
QC-0005817,GR-0005817,MAT-00792,SUP-0048,2026-02-24,74,7,94594,DEF_CONTAMINATION,REJECTED,INSP-119
QC-0005818,GR-0005818,MAT-00096,SUP-0005,2025-09-19,379,40,105540,DEF_DIMENSIONAL,REJECTED,INSP-101
QC-0005819,GR-0005819,MAT-00774,SUP-0005,2025-09-16,576,73,126736,DEF_DIMENSIONAL,REJECTED,INSP-112
QC-0005820,GR-0005820,MAT-00549,SUP-0005,2025-09-18,276,33,119565,DEF_METALLURGY,REJECTED,INSP-115
QC-0005821,GR-0005821,MAT-00078,SUP-0001,2026-02-11,151,36,238410,DEF_PACKAGING,REJECTED,INSP-103
QC-0005822,GR-0005822,MAT-00482,SUP-0065,2025-10-20,16,2,125000,DEF_ELECTRICAL,REJECTED,INSP-107
QC-0005823,GR-0005823,MAT-00486,SUP-0095,2025-09-02,24,1,41666,DEF_ELECTRICAL,REJECTED,INSP-119
QC-0005824,GR-0005824,MAT-00524,SUP-0095,2025-08-29,55,1,18181,DEF_PACKAGING,CONCESSION,INSP-112
QC-0005825,GR-0005825,MAT-00242,SUP-0095,2025-08-30,10,1,100000,DEF_DIMENSIONAL,REJECTED,INSP-125
QC-0005826,GR-0005826,MAT-00941,SUP-0045,2025-08-29,52,5,96153,DEF_SURFACE,REJECTED,INSP-121
QC-0005827,GR-0005827,MAT-00556,SUP-0095,2025-03-27,372,7,18817,DEF_DIMENSIONAL,CONCESSION,INSP-123
QC-0005828,GR-0005828,MAT-00747,SUP-0076,2026-02-05,10,2,200000,DEF_PACKAGING,REJECTED,INSP-108
QC-0005829,GR-0005829,MAT-00945,SUP-0076,2026-02-12,67,12,179104,DEF_SURFACE,REJECTED,INSP-109
QC-0005830,GR-0005830,MAT-00656,SUP-0076,2026-02-05,529,56,105860,DEF_ELECTRICAL,REJECTED,INSP-121
QC-0005831,GR-0005831,MAT-00573,SUP-0003,2026-02-06,249,25,100401,DEF_DIMENSIONAL,REJECTED,INSP-123
QC-0005832,GR-0005832,MAT-01196,SUP-0019,2026-03-14,725,72,99310,DEF_SURFACE,REJECTED,INSP-123
QC-0005833,GR-0005833,MAT-00005,SUP-0006,2025-05-04,179,8,44692,DEF_PACKAGING,REJECTED,INSP-101
QC-0005834,GR-0005834,MAT-00537,SUP-0006,2025-05-01,377,13,34482,DEF_ELECTRICAL,CONCESSION,INSP-117
QC-0005835,GR-0005835,MAT-00415,SUP-0063,2026-03-20,10,2,200000,DEF_DIMENSIONAL,REJECTED,INSP-121
QC-0005836,GR-0005836,MAT-01084,SUP-0112,2026-01-04,31,1,32258,DEF_METALLURGY,CONCESSION,INSP-115
QC-0005837,GR-0005837,MAT-00415,SUP-0063,2026-01-26,10,0,0,,ACCEPTED,INSP-119
QC-0005838,GR-0005838,MAT-00109,SUP-0051,2026-01-11,28,0,0,,ACCEPTED,INSP-122
QC-0005839,GR-0005839,MAT-00162,SUP-0051,2026-01-11,21,2,95238,DEF_CONTAMINATION,REJECTED,INSP-123
QC-0005840,GR-0005840,MAT-00205,SUP-0018,2025-11-14,53,5,94339,DEF_CONTAMINATION,REJECTED,INSP-123
QC-0005841,GR-0005841,MAT-00857,SUP-0117,2025-10-25,96,0,0,,ACCEPTED,INSP-106
QC-0005842,GR-0005842,MAT-00926,SUP-0090,2026-03-15,40,3,75000,DEF_PACKAGING,REJECTED,INSP-114
QC-0005843,GR-0005843,MAT-00859,SUP-0060,2026-02-02,89,8,89887,DEF_PACKAGING,REJECTED,INSP-120
QC-0005844,GR-0005844,MAT-00637,SUP-0060,2026-02-03,20,2,100000,DEF_PACKAGING,REJECTED,INSP-114
QC-0005845,GR-0005845,MAT-01166,SUP-0060,2026-01-31,351,36,102564,DEF_DIMENSIONAL,REJECTED,INSP-106
QC-0005846,GR-0005846,MAT-00956,SUP-0056,2025-11-08,20,3,150000,DEF_CONTAMINATION,REJECTED,INSP-119
QC-0005847,GR-0005847,MAT-00778,SUP-0062,2025-05-24,16,2,125000,DEF_SURFACE,REJECTED,INSP-102
QC-0005848,GR-0005848,MAT-00766,SUP-0088,2025-11-08,10,0,0,,ACCEPTED,INSP-113
QC-0005849,GR-0005849,MAT-00330,SUP-0114,2025-11-18,30,4,133333,DEF_SURFACE,REJECTED,INSP-124
QC-0005850,GR-0005850,MAT-00200,SUP-0104,2026-01-25,334,27,80838,DEF_ELECTRICAL,REJECTED,INSP-110
QC-0005851,GR-0005851,MAT-01007,SUP-0095,2025-09-18,142,5,35211,DEF_PACKAGING,CONCESSION,INSP-106
QC-0005852,GR-0005852,MAT-00741,SUP-0055,2025-12-03,30,3,100000,DEF_DIMENSIONAL,REJECTED,INSP-117
QC-0005853,GR-0005853,MAT-00188,SUP-0055,2025-11-30,193,10,51813,DEF_SURFACE,REJECTED,INSP-111
QC-0005854,GR-0005854,MAT-01188,SUP-0111,2025-06-01,22,1,45454,DEF_SURFACE,REJECTED,INSP-113
QC-0005855,GR-0005855,MAT-00658,SUP-0111,2025-05-31,145,11,75862,DEF_METALLURGY,REJECTED,INSP-120
QC-0005856,GR-0005856,MAT-01163,SUP-0012,2025-11-18,40,5,125000,DEF_SURFACE,REJECTED,INSP-115
QC-0005857,GR-0005857,MAT-01070,SUP-0011,2025-10-13,729,58,79561,DEF_CONTAMINATION,REJECTED,INSP-106
QC-0005858,GR-0005858,MAT-00510,SUP-0011,2025-10-13,31,3,96774,DEF_CONTAMINATION,REJECTED,INSP-120
QC-0005859,GR-0005859,MAT-00297,SUP-0011,2025-10-10,163,15,92024,DEF_PACKAGING,REJECTED,INSP-113
QC-0005860,GR-0005860,MAT-00534,SUP-0089,2026-01-16,31,2,64516,DEF_SURFACE,REJECTED,INSP-105
QC-0005861,GR-0005861,MAT-01006,SUP-0006,2026-01-02,22,0,0,,ACCEPTED,INSP-108
QC-0005862,GR-0005862,MAT-00268,SUP-0024,2026-01-30,261,18,68965,DEF_DIMENSIONAL,REJECTED,INSP-104
QC-0005863,GR-0005863,MAT-00990,SUP-0004,2025-09-13,10,2,200000,DEF_ELECTRICAL,REJECTED,INSP-102
QC-0005864,GR-0005864,MAT-00346,SUP-0114,2025-09-28,24,0,0,,ACCEPTED,INSP-122
QC-0005865,GR-0005865,MAT-00287,SUP-0115,2025-07-06,28,3,107142,DEF_ELECTRICAL,REJECTED,INSP-104
QC-0005866,GR-0005866,MAT-00384,SUP-0034,2026-01-17,65,3,46153,DEF_CONTAMINATION,REJECTED,INSP-101
QC-0005867,GR-0005867,MAT-00953,SUP-0034,2026-01-18,38,2,52631,DEF_PACKAGING,REJECTED,INSP-116
QC-0005868,GR-0005868,MAT-00825,SUP-0051,2025-04-23,26,2,76923,DEF_CONTAMINATION,REJECTED,INSP-116
QC-0005869,GR-0005869,MAT-00517,SUP-0051,2025-04-23,30,4,133333,DEF_PACKAGING,REJECTED,INSP-107
QC-0005870,GR-0005870,MAT-00958,SUP-0116,2025-12-17,227,3,13215,DEF_ELECTRICAL,CONCESSION,INSP-101
QC-0005871,GR-0005871,MAT-00822,SUP-0116,2025-12-19,16,0,0,,ACCEPTED,INSP-101
QC-0005872,GR-0005872,MAT-00822,SUP-0116,2025-12-18,11,0,0,,ACCEPTED,INSP-105
QC-0005873,GR-0005873,MAT-00214,SUP-0064,2026-04-10,40,6,150000,DEF_CONTAMINATION,REJECTED,INSP-113
QC-0005874,GR-0005874,MAT-00672,SUP-0090,2025-11-23,17,1,58823,DEF_CONTAMINATION,REJECTED,INSP-124
QC-0005875,GR-0005875,MAT-00048,SUP-0090,2025-11-17,36,2,55555,DEF_SURFACE,REJECTED,INSP-112
QC-0005876,GR-0005876,MAT-00901,SUP-0040,2025-11-19,220,19,86363,DEF_METALLURGY,REJECTED,INSP-109
QC-0005877,GR-0005877,MAT-00860,SUP-0040,2025-11-24,84,10,119047,DEF_METALLURGY,REJECTED,INSP-123
QC-0005878,GR-0005878,MAT-00942,SUP-0040,2025-11-26,339,43,126843,DEF_CONTAMINATION,REJECTED,INSP-120
QC-0005879,GR-0005879,MAT-00236,SUP-0040,2025-11-21,28,2,71428,DEF_ELECTRICAL,REJECTED,INSP-108
QC-0005880,GR-0005880,MAT-00512,SUP-0077,2025-05-29,23,3,130434,DEF_ELECTRICAL,REJECTED,INSP-107
QC-0005881,GR-0005881,MAT-00482,SUP-0065,2026-01-25,13,2,153846,DEF_CONTAMINATION,REJECTED,INSP-101
QC-0005882,GR-0005882,MAT-00262,SUP-0034,2026-03-13,63,4,63492,DEF_METALLURGY,REJECTED,INSP-112
QC-0005883,GR-0005883,MAT-01109,SUP-0034,2026-03-17,11,0,0,,ACCEPTED,INSP-120
QC-0005884,GR-0005884,MAT-00793,SUP-0034,2026-03-14,336,22,65476,DEF_SURFACE,REJECTED,INSP-105
QC-0005885,GR-0005885,MAT-00388,SUP-0042,2025-08-31,11,0,0,,ACCEPTED,INSP-105
QC-0005886,GR-0005886,MAT-00723,SUP-0040,2025-11-08,10,1,100000,DEF_PACKAGING,REJECTED,INSP-108
QC-0005887,GR-0005887,MAT-01186,SUP-0012,2026-03-07,61,10,163934,DEF_SURFACE,REJECTED,INSP-109
QC-0005888,GR-0005888,MAT-00456,SUP-0008,2026-04-06,48,4,83333,DEF_PACKAGING,REJECTED,INSP-110
QC-0005889,GR-0005889,MAT-00642,SUP-0047,2025-08-20,77,1,12987,DEF_METALLURGY,CONCESSION,INSP-116
QC-0005890,GR-0005890,MAT-00203,SUP-0047,2025-08-22,22,0,0,,ACCEPTED,INSP-107
QC-0005891,GR-0005891,MAT-00973,SUP-0047,2025-08-17,48,0,0,,ACCEPTED,INSP-109
QC-0005892,GR-0005892,MAT-00907,SUP-0019,2025-12-12,451,45,99778,DEF_CONTAMINATION,REJECTED,INSP-105
QC-0005893,GR-0005893,MAT-00693,SUP-0088,2025-07-29,420,16,38095,DEF_SURFACE,CONCESSION,INSP-111
QC-0005894,GR-0005894,MAT-00556,SUP-0095,2025-06-04,544,22,40441,DEF_SURFACE,REJECTED,INSP-117
QC-0005895,GR-0005895,MAT-00199,SUP-0062,2026-03-20,24,1,41666,DEF_ELECTRICAL,REJECTED,INSP-101
QC-0005896,GR-0005896,MAT-01158,SUP-0004,2026-02-23,32,4,125000,DEF_DIMENSIONAL,REJECTED,INSP-107
QC-0005897,GR-0005897,MAT-00654,SUP-0036,2025-04-14,292,3,10273,DEF_SURFACE,CONCESSION,INSP-116
QC-0005898,GR-0005898,MAT-00789,SUP-0036,2025-04-18,85,1,11764,DEF_DIMENSIONAL,CONCESSION,INSP-107
QC-0005899,GR-0005899,MAT-00366,SUP-0036,2025-04-17,18,0,0,,ACCEPTED,INSP-106
QC-0005900,GR-0005900,MAT-00090,SUP-0107,2026-03-03,55,4,72727,DEF_PACKAGING,REJECTED,INSP-104
QC-0005901,GR-0005901,MAT-00247,SUP-0111,2025-11-16,349,27,77363,DEF_CONTAMINATION,REJECTED,INSP-111
QC-0005902,GR-0005902,MAT-00400,SUP-0034,2025-10-12,46,2,43478,DEF_DIMENSIONAL,REJECTED,INSP-113
QC-0005903,GR-0005903,MAT-00982,SUP-0066,2025-12-15,264,29,109848,DEF_SURFACE,REJECTED,INSP-121
QC-0005904,GR-0005904,MAT-00931,SUP-0066,2025-12-09,48,2,41666,DEF_ELECTRICAL,REJECTED,INSP-124
QC-0005905,GR-0005905,MAT-01111,SUP-0030,2025-06-23,106,14,132075,DEF_PACKAGING,REJECTED,INSP-114
QC-0005906,GR-0005906,MAT-00958,SUP-0116,2026-02-02,191,3,15706,DEF_SURFACE,CONCESSION,INSP-104
QC-0005907,GR-0005907,MAT-00139,SUP-0118,2026-01-04,17,1,58823,DEF_DIMENSIONAL,REJECTED,INSP-111
QC-0005908,GR-0005908,MAT-00931,SUP-0118,2026-01-06,147,18,122448,DEF_SURFACE,REJECTED,INSP-101
QC-0005909,GR-0005909,MAT-00342,SUP-0033,2025-07-23,34,1,29411,DEF_CONTAMINATION,CONCESSION,INSP-119
QC-0005910,GR-0005910,MAT-00487,SUP-0040,2025-08-05,20,2,100000,DEF_CONTAMINATION,REJECTED,INSP-107
QC-0005911,GR-0005911,MAT-01108,SUP-0046,2025-08-07,10,1,100000,DEF_DIMENSIONAL,REJECTED,INSP-116
QC-0005912,GR-0005912,MAT-00289,SUP-0048,2025-05-16,226,20,88495,DEF_METALLURGY,REJECTED,INSP-104
QC-0005913,GR-0005913,MAT-00933,SUP-0048,2025-05-19,657,30,45662,DEF_PACKAGING,REJECTED,INSP-111
QC-0005914,GR-0005914,MAT-00305,SUP-0048,2025-05-19,68,2,29411,DEF_SURFACE,CONCESSION,INSP-115
QC-0005915,GR-0005915,MAT-00453,SUP-0074,2026-01-01,63,3,47619,DEF_SURFACE,REJECTED,INSP-107
QC-0005916,GR-0005916,MAT-00200,SUP-0074,2025-12-30,682,48,70381,DEF_METALLURGY,REJECTED,INSP-123
QC-0005917,GR-0005917,MAT-00168,SUP-0029,2026-03-29,22,1,45454,DEF_DIMENSIONAL,REJECTED,INSP-119
QC-0005918,GR-0005918,MAT-00426,SUP-0029,2026-03-22,40,4,100000,DEF_ELECTRICAL,REJECTED,INSP-121
QC-0005919,GR-0005919,MAT-00307,SUP-0029,2026-03-24,251,36,143426,DEF_SURFACE,REJECTED,INSP-107
QC-0005920,GR-0005920,MAT-00322,SUP-0025,2025-04-16,113,7,61946,DEF_METALLURGY,REJECTED,INSP-109
QC-0005921,GR-0005921,MAT-00197,SUP-0025,2025-04-14,31,1,32258,DEF_METALLURGY,CONCESSION,INSP-108
QC-0005922,GR-0005922,MAT-00540,SUP-0057,2025-12-14,111,9,81081,DEF_SURFACE,REJECTED,INSP-124
QC-0005923,GR-0005923,MAT-00332,SUP-0057,2025-12-15,457,38,83150,DEF_DIMENSIONAL,REJECTED,INSP-113
QC-0005924,GR-0005924,MAT-00691,SUP-0092,2026-03-06,65,5,76923,DEF_PACKAGING,REJECTED,INSP-125
QC-0005925,GR-0005925,MAT-01181,SUP-0056,2025-09-28,229,22,96069,DEF_ELECTRICAL,REJECTED,INSP-108
QC-0005926,GR-0005926,MAT-00815,SUP-0056,2025-10-08,357,26,72829,DEF_PACKAGING,REJECTED,INSP-120
QC-0005927,GR-0005927,MAT-01107,SUP-0056,2025-09-29,510,45,88235,DEF_ELECTRICAL,REJECTED,INSP-116
QC-0005928,GR-0005928,MAT-01011,SUP-0082,2025-11-23,273,52,190476,DEF_METALLURGY,REJECTED,INSP-106
QC-0005929,GR-0005929,MAT-00729,SUP-0082,2025-11-22,10,2,200000,DEF_PACKAGING,REJECTED,INSP-101
QC-0005930,GR-0005930,MAT-00043,SUP-0033,2025-12-26,303,22,72607,DEF_CONTAMINATION,REJECTED,INSP-113
QC-0005931,GR-0005931,MAT-00660,SUP-0102,2025-09-12,129,6,46511,DEF_ELECTRICAL,REJECTED,INSP-118
QC-0005932,GR-0005932,MAT-00677,SUP-0102,2025-09-14,10,0,0,,ACCEPTED,INSP-121
QC-0005933,GR-0005933,MAT-00766,SUP-0088,2025-03-28,10,0,0,,ACCEPTED,INSP-116
QC-0005934,GR-0005934,MAT-00028,SUP-0045,2026-01-31,10,0,0,,ACCEPTED,INSP-123
QC-0005935,GR-0005935,MAT-00433,SUP-0045,2026-02-02,37,0,0,,ACCEPTED,INSP-117
QC-0005936,GR-0005936,MAT-00313,SUP-0108,2026-01-03,27,5,185185,DEF_CONTAMINATION,REJECTED,INSP-124
QC-0005937,GR-0005937,MAT-00991,SUP-0108,2026-01-04,13,1,76923,DEF_ELECTRICAL,REJECTED,INSP-123
QC-0005938,GR-0005938,MAT-00010,SUP-0081,2026-01-12,38,7,184210,DEF_SURFACE,REJECTED,INSP-116
QC-0005939,GR-0005939,MAT-00919,SUP-0081,2026-01-06,17,2,117647,DEF_DIMENSIONAL,REJECTED,INSP-124
QC-0005940,GR-0005940,MAT-00632,SUP-0055,2026-02-04,16,1,62500,DEF_SURFACE,REJECTED,INSP-114
QC-0005941,GR-0005941,MAT-00969,SUP-0055,2026-02-03,266,7,26315,DEF_SURFACE,CONCESSION,INSP-124
QC-0005942,GR-0005942,MAT-00327,SUP-0055,2026-02-05,32,0,0,,ACCEPTED,INSP-123
QC-0005943,GR-0005943,MAT-01091,SUP-0034,2026-01-27,721,40,55478,DEF_METALLURGY,REJECTED,INSP-111
QC-0005944,GR-0005944,MAT-00112,SUP-0077,2025-08-12,51,4,78431,DEF_ELECTRICAL,REJECTED,INSP-114
QC-0005945,GR-0005945,MAT-00194,SUP-0077,2025-08-15,332,31,93373,DEF_DIMENSIONAL,REJECTED,INSP-111
QC-0005946,GR-0005946,MAT-00117,SUP-0072,2025-11-14,16,1,62500,DEF_DIMENSIONAL,REJECTED,INSP-109
QC-0005947,GR-0005947,MAT-00165,SUP-0072,2025-11-12,11,1,90909,DEF_SURFACE,REJECTED,INSP-123
QC-0005948,GR-0005948,MAT-00541,SUP-0107,2025-06-20,79,2,25316,DEF_CONTAMINATION,CONCESSION,INSP-103
QC-0005949,GR-0005949,MAT-01155,SUP-0096,2025-06-30,61,3,49180,DEF_ELECTRICAL,REJECTED,INSP-101
QC-0005950,GR-0005950,MAT-00887,SUP-0051,2026-01-25,10,0,0,,ACCEPTED,INSP-104
QC-0005951,GR-0005951,MAT-00732,SUP-0051,2026-01-22,35,1,28571,DEF_METALLURGY,CONCESSION,INSP-118
QC-0005952,GR-0005952,MAT-00680,SUP-0051,2026-01-23,455,23,50549,DEF_ELECTRICAL,REJECTED,INSP-125
QC-0005953,GR-0005953,MAT-01142,SUP-0051,2026-01-24,344,20,58139,DEF_ELECTRICAL,REJECTED,INSP-123
QC-0005954,GR-0005954,MAT-00787,SUP-0041,2026-03-21,32,6,187500,DEF_DIMENSIONAL,REJECTED,INSP-122
QC-0005955,GR-0005955,MAT-00460,SUP-0026,2026-01-16,30,1,33333,DEF_DIMENSIONAL,CONCESSION,INSP-112
QC-0005956,GR-0005956,MAT-00543,SUP-0046,2025-08-02,10,1,100000,DEF_ELECTRICAL,REJECTED,INSP-124
QC-0005957,GR-0005957,MAT-00280,SUP-0067,2025-06-18,640,50,78125,DEF_PACKAGING,REJECTED,INSP-104
QC-0005958,GR-0005958,MAT-00638,SUP-0098,2026-03-01,10,1,100000,DEF_ELECTRICAL,REJECTED,INSP-117
QC-0005959,GR-0005959,MAT-00402,SUP-0098,2026-03-04,109,11,100917,DEF_DIMENSIONAL,REJECTED,INSP-121
QC-0005960,GR-0005960,MAT-00876,SUP-0093,2026-01-12,12,4,333333,DEF_DIMENSIONAL,REJECTED,INSP-102
QC-0005961,GR-0005961,MAT-00248,SUP-0012,2026-01-02,259,35,135135,DEF_CONTAMINATION,REJECTED,INSP-123
QC-0005962,GR-0005962,MAT-00668,SUP-0086,2026-02-07,211,2,9478,DEF_ELECTRICAL,CONCESSION,INSP-112
QC-0005963,GR-0005963,MAT-00392,SUP-0031,2026-03-19,137,23,167883,DEF_SURFACE,REJECTED,INSP-113
QC-0005964,GR-0005964,MAT-00947,SUP-0031,2026-03-20,145,26,179310,DEF_METALLURGY,REJECTED,INSP-109
QC-0005965,GR-0005965,MAT-00166,SUP-0073,2026-03-18,284,33,116197,DEF_CONTAMINATION,REJECTED,INSP-112
QC-0005966,GR-0005966,MAT-00944,SUP-0091,2025-05-01,119,3,25210,DEF_SURFACE,CONCESSION,INSP-110
QC-0005967,GR-0005967,MAT-00006,SUP-0091,2025-05-02,669,34,50822,DEF_PACKAGING,REJECTED,INSP-105
QC-0005968,GR-0005968,MAT-01065,SUP-0091,2025-05-01,174,11,63218,DEF_ELECTRICAL,REJECTED,INSP-118
QC-0005969,GR-0005969,MAT-00983,SUP-0024,2025-09-07,38,3,78947,DEF_ELECTRICAL,REJECTED,INSP-119
QC-0005970,GR-0005970,MAT-00186,SUP-0028,2026-01-17,339,24,70796,DEF_SURFACE,REJECTED,INSP-102
QC-0005971,GR-0005971,MAT-00115,SUP-0028,2026-01-19,236,26,110169,DEF_DIMENSIONAL,REJECTED,INSP-122
QC-0005972,GR-0005972,MAT-00388,SUP-0028,2026-01-24,10,2,200000,DEF_SURFACE,REJECTED,INSP-114
QC-0005973,GR-0005973,MAT-00849,SUP-0028,2026-01-15,52,9,173076,DEF_METALLURGY,REJECTED,INSP-119
QC-0005974,GR-0005974,MAT-00333,SUP-0074,2025-10-01,133,10,75187,DEF_CONTAMINATION,REJECTED,INSP-116
QC-0005975,GR-0005975,MAT-00057,SUP-0074,2025-10-04,665,59,88721,DEF_DIMENSIONAL,REJECTED,INSP-119
QC-0005976,GR-0005976,MAT-01089,SUP-0086,2025-04-04,18,0,0,,ACCEPTED,INSP-105
QC-0005977,GR-0005977,MAT-00905,SUP-0119,2026-01-09,103,8,77669,DEF_CONTAMINATION,REJECTED,INSP-113
QC-0005978,GR-0005978,MAT-00350,SUP-0119,2025-12-29,19,3,157894,DEF_CONTAMINATION,REJECTED,INSP-111
QC-0005979,GR-0005979,MAT-00186,SUP-0119,2026-01-09,286,30,104895,DEF_ELECTRICAL,REJECTED,INSP-122
QC-0005980,GR-0005980,MAT-01016,SUP-0052,2025-07-30,11,2,181818,DEF_PACKAGING,REJECTED,INSP-110
QC-0005981,GR-0005981,MAT-00496,SUP-0004,2026-02-10,152,17,111842,DEF_DIMENSIONAL,REJECTED,INSP-122
QC-0005982,GR-0005982,MAT-00536,SUP-0004,2026-02-09,173,16,92485,DEF_SURFACE,REJECTED,INSP-113
QC-0005983,GR-0005983,MAT-00354,SUP-0100,2025-07-13,91,1,10989,DEF_CONTAMINATION,CONCESSION,INSP-103
QC-0005984,GR-0005984,MAT-00371,SUP-0100,2025-07-15,10,0,0,,ACCEPTED,INSP-112
QC-0005985,GR-0005985,MAT-00654,SUP-0036,2025-08-11,746,6,8042,DEF_SURFACE,CONCESSION,INSP-105
QC-0005986,GR-0005986,MAT-00953,SUP-0036,2025-08-09,31,0,0,,ACCEPTED,INSP-108
QC-0005987,GR-0005987,MAT-00426,SUP-0089,2025-11-20,56,7,125000,DEF_PACKAGING,REJECTED,INSP-113
QC-0005988,GR-0005988,MAT-00844,SUP-0006,2026-04-08,68,2,29411,DEF_PACKAGING,CONCESSION,INSP-121
QC-0005989,GR-0005989,MAT-00952,SUP-0041,2025-08-07,10,0,0,,ACCEPTED,INSP-119
QC-0005990,GR-0005990,MAT-00779,SUP-0041,2025-08-14,10,2,200000,DEF_METALLURGY,REJECTED,INSP-124
QC-0005991,GR-0005991,MAT-00993,SUP-0060,2025-07-12,274,24,87591,DEF_CONTAMINATION,REJECTED,INSP-111
QC-0005992,GR-0005992,MAT-00851,SUP-0011,2026-02-20,29,1,34482,DEF_SURFACE,CONCESSION,INSP-121
QC-0005993,GR-0005993,MAT-00427,SUP-0011,2026-02-15,14,0,0,,ACCEPTED,INSP-105
QC-0005994,GR-0005994,MAT-00751,SUP-0011,2026-02-14,97,10,103092,DEF_DIMENSIONAL,REJECTED,INSP-107
QC-0005995,GR-0005995,MAT-00152,SUP-0011,2026-02-20,52,3,57692,DEF_ELECTRICAL,REJECTED,INSP-117
QC-0005996,GR-0005996,MAT-00368,SUP-0068,2025-11-23,206,4,19417,DEF_SURFACE,CONCESSION,INSP-101
QC-0005997,GR-0005997,MAT-01040,SUP-0113,2025-07-08,27,3,111111,DEF_SURFACE,REJECTED,INSP-117
QC-0005998,GR-0005998,MAT-01098,SUP-0113,2025-07-11,10,1,100000,DEF_ELECTRICAL,REJECTED,INSP-116
QC-0005999,GR-0005999,MAT-00796,SUP-0012,2026-01-03,175,25,142857,DEF_METALLURGY,REJECTED,INSP-118
QC-0006000,GR-0006000,MAT-00964,SUP-0012,2026-01-04,24,4,166666,DEF_METALLURGY,REJECTED,INSP-121
QC-0006001,GR-0006001,MAT-00346,SUP-0012,2026-01-03,25,4,160000,DEF_ELECTRICAL,REJECTED,INSP-108
QC-0006002,GR-0006002,MAT-00655,SUP-0012,2025-12-31,353,56,158640,DEF_ELECTRICAL,REJECTED,INSP-103
QC-0006003,GR-0006003,MAT-00738,SUP-0077,2025-08-18,39,3,76923,DEF_CONTAMINATION,REJECTED,INSP-110
QC-0006004,GR-0006004,MAT-00463,SUP-0077,2025-08-17,12,1,83333,DEF_METALLURGY,REJECTED,INSP-106
QC-0006005,GR-0006005,MAT-00009,SUP-0077,2025-08-21,154,11,71428,DEF_PACKAGING,REJECTED,INSP-111
QC-0006006,GR-0006006,MAT-01088,SUP-0004,2025-07-24,11,2,181818,DEF_CONTAMINATION,REJECTED,INSP-123
QC-0006007,GR-0006007,MAT-00106,SUP-0004,2025-07-26,22,2,90909,DEF_DIMENSIONAL,REJECTED,INSP-113
QC-0006008,GR-0006008,MAT-00074,SUP-0063,2026-02-07,372,29,77956,DEF_ELECTRICAL,REJECTED,INSP-115
QC-0006009,GR-0006009,MAT-00462,SUP-0063,2026-02-09,10,2,200000,DEF_METALLURGY,REJECTED,INSP-111
QC-0006010,GR-0006010,MAT-00750,SUP-0063,2026-01-31,36,6,166666,DEF_DIMENSIONAL,REJECTED,INSP-108
QC-0006011,GR-0006011,MAT-00823,SUP-0067,2025-12-30,612,69,112745,DEF_DIMENSIONAL,REJECTED,INSP-104
QC-0006012,GR-0006012,MAT-01140,SUP-0019,2026-02-13,10,0,0,,ACCEPTED,INSP-124
QC-0006013,GR-0006013,MAT-00798,SUP-0019,2026-02-09,12,0,0,,ACCEPTED,INSP-111
QC-0006014,GR-0006014,MAT-00087,SUP-0062,2025-10-12,36,6,166666,DEF_METALLURGY,REJECTED,INSP-102
QC-0006015,GR-0006015,MAT-00415,SUP-0063,2025-12-03,10,2,200000,DEF_CONTAMINATION,REJECTED,INSP-117
QC-0006016,GR-0006016,MAT-00796,SUP-0063,2025-11-29,75,9,120000,DEF_METALLURGY,REJECTED,INSP-103
QC-0006017,GR-0006017,MAT-00592,SUP-0080,2025-11-01,18,0,0,,ACCEPTED,INSP-105
QC-0006018,GR-0006018,MAT-00211,SUP-0080,2025-11-03,211,22,104265,DEF_METALLURGY,REJECTED,INSP-124
QC-0006019,GR-0006019,MAT-00645,SUP-0080,2025-11-06,39,3,76923,DEF_CONTAMINATION,REJECTED,INSP-123
QC-0006020,GR-0006020,MAT-00662,SUP-0062,2025-10-03,577,45,77989,DEF_CONTAMINATION,REJECTED,INSP-113
QC-0006021,GR-0006021,MAT-00336,SUP-0062,2025-09-22,135,8,59259,DEF_PACKAGING,REJECTED,INSP-112
QC-0006022,GR-0006022,MAT-00593,SUP-0108,2025-09-20,97,10,103092,DEF_SURFACE,REJECTED,INSP-120
QC-0006023,GR-0006023,MAT-00132,SUP-0012,2025-10-05,107,5,46728,DEF_SURFACE,REJECTED,INSP-125
QC-0006024,GR-0006024,MAT-00207,SUP-0012,2025-10-01,29,7,241379,DEF_PACKAGING,REJECTED,INSP-121
QC-0006025,GR-0006025,MAT-00505,SUP-0012,2025-09-29,10,0,0,,ACCEPTED,INSP-120
QC-0006026,GR-0006026,MAT-00496,SUP-0004,2025-12-26,51,6,117647,DEF_CONTAMINATION,REJECTED,INSP-103
QC-0006027,GR-0006027,MAT-00617,SUP-0004,2025-12-23,36,3,83333,DEF_CONTAMINATION,REJECTED,INSP-109
QC-0006028,GR-0006028,MAT-00302,SUP-0061,2025-08-21,15,0,0,,ACCEPTED,INSP-104
QC-0006029,GR-0006029,MAT-00270,SUP-0059,2025-10-22,14,0,0,,ACCEPTED,INSP-114
QC-0006030,GR-0006030,MAT-00320,SUP-0060,2026-04-21,56,2,35714,DEF_METALLURGY,CONCESSION,INSP-109
QC-0006031,GR-0006031,MAT-00115,SUP-0094,2025-05-31,232,2,8620,DEF_PACKAGING,CONCESSION,INSP-113
QC-0006032,GR-0006032,MAT-00351,SUP-0077,2026-01-19,133,8,60150,DEF_ELECTRICAL,REJECTED,INSP-104
QC-0006033,GR-0006033,MAT-00661,SUP-0067,2025-07-19,10,4,400000,DEF_CONTAMINATION,REJECTED,INSP-101
QC-0006034,GR-0006034,MAT-01101,SUP-0084,2025-11-25,10,0,0,,ACCEPTED,INSP-110
QC-0006035,GR-0006035,MAT-00111,SUP-0058,2026-01-26,182,3,16483,DEF_ELECTRICAL,CONCESSION,INSP-124
QC-0006036,GR-0006036,MAT-00994,SUP-0083,2025-09-28,215,7,32558,DEF_ELECTRICAL,CONCESSION,INSP-124
QC-0006037,GR-0006037,MAT-00336,SUP-0061,2025-07-23,309,0,0,,ACCEPTED,INSP-104
QC-0006038,GR-0006038,MAT-00880,SUP-0061,2025-07-23,10,0,0,,ACCEPTED,INSP-116
QC-0006039,GR-0006039,MAT-00299,SUP-0061,2025-07-22,75,1,13333,DEF_CONTAMINATION,CONCESSION,INSP-121
QC-0006040,GR-0006040,MAT-01117,SUP-0004,2025-10-05,29,3,103448,DEF_SURFACE,REJECTED,INSP-123
QC-0006041,GR-0006041,MAT-00341,SUP-0028,2025-07-06,234,15,64102,DEF_ELECTRICAL,REJECTED,INSP-108
QC-0006042,GR-0006042,MAT-00457,SUP-0058,2025-06-16,298,18,60402,DEF_METALLURGY,REJECTED,INSP-115
QC-0006043,GR-0006043,MAT-00335,SUP-0058,2025-06-16,10,1,100000,DEF_ELECTRICAL,REJECTED,INSP-103
QC-0006044,GR-0006044,MAT-00058,SUP-0058,2025-06-17,190,8,42105,DEF_CONTAMINATION,REJECTED,INSP-109
QC-0006045,GR-0006045,MAT-00994,SUP-0083,2025-11-17,87,3,34482,DEF_SURFACE,CONCESSION,INSP-124
QC-0006046,GR-0006046,MAT-00197,SUP-0083,2025-11-15,77,3,38961,DEF_DIMENSIONAL,CONCESSION,INSP-108
QC-0006047,GR-0006047,MAT-00613,SUP-0083,2025-11-14,194,8,41237,DEF_DIMENSIONAL,REJECTED,INSP-120
QC-0006048,GR-0006048,MAT-00638,SUP-0098,2026-02-26,10,1,100000,DEF_SURFACE,REJECTED,INSP-117
QC-0006049,GR-0006049,MAT-00758,SUP-0098,2026-03-03,84,9,107142,DEF_DIMENSIONAL,REJECTED,INSP-118
QC-0006050,GR-0006050,MAT-00054,SUP-0098,2026-03-01,115,14,121739,DEF_METALLURGY,REJECTED,INSP-112
QC-0006051,GR-0006051,MAT-01162,SUP-0098,2026-03-01,141,14,99290,DEF_CONTAMINATION,REJECTED,INSP-110
QC-0006052,GR-0006052,MAT-00465,SUP-0066,2025-07-04,61,11,180327,DEF_METALLURGY,REJECTED,INSP-114
QC-0006053,GR-0006053,MAT-00388,SUP-0066,2025-07-05,10,1,100000,DEF_CONTAMINATION,REJECTED,INSP-121
QC-0006054,GR-0006054,MAT-00941,SUP-0066,2025-07-05,31,2,64516,DEF_CONTAMINATION,REJECTED,INSP-109
QC-0006055,GR-0006055,MAT-00722,SUP-0019,2025-06-30,33,6,181818,DEF_PACKAGING,REJECTED,INSP-113
QC-0006056,GR-0006056,MAT-00480,SUP-0019,2025-06-28,11,1,90909,DEF_METALLURGY,REJECTED,INSP-122
QC-0006057,GR-0006057,MAT-01070,SUP-0019,2025-06-29,418,24,57416,DEF_SURFACE,REJECTED,INSP-125
QC-0006058,GR-0006058,MAT-01193,SUP-0083,2026-01-16,94,6,63829,DEF_ELECTRICAL,REJECTED,INSP-118
QC-0006059,GR-0006059,MAT-00698,SUP-0083,2026-01-12,10,0,0,,ACCEPTED,INSP-117
QC-0006060,GR-0006060,MAT-00067,SUP-0083,2026-01-14,24,2,83333,DEF_METALLURGY,REJECTED,INSP-101
QC-0006061,GR-0006061,MAT-00549,SUP-0110,2025-08-09,455,29,63736,DEF_PACKAGING,REJECTED,INSP-105
QC-0006062,GR-0006062,MAT-00380,SUP-0066,2025-06-14,28,4,142857,DEF_SURFACE,REJECTED,INSP-125
QC-0006063,GR-0006063,MAT-00392,SUP-0031,2025-09-08,168,43,255952,DEF_ELECTRICAL,REJECTED,INSP-111
QC-0006064,GR-0006064,MAT-00144,SUP-0031,2025-08-28,24,7,291666,DEF_DIMENSIONAL,REJECTED,INSP-111
QC-0006065,GR-0006065,MAT-00201,SUP-0075,2026-03-13,378,43,113756,DEF_PACKAGING,REJECTED,INSP-110
QC-0006066,GR-0006066,MAT-00744,SUP-0075,2026-03-15,10,3,300000,DEF_DIMENSIONAL,REJECTED,INSP-108
QC-0006067,GR-0006067,MAT-00781,SUP-0075,2026-03-14,231,31,134199,DEF_DIMENSIONAL,REJECTED,INSP-112
QC-0006068,GR-0006068,MAT-00286,SUP-0075,2026-03-11,424,42,99056,DEF_DIMENSIONAL,REJECTED,INSP-113
QC-0006069,GR-0006069,MAT-00002,SUP-0078,2025-10-06,37,4,108108,DEF_DIMENSIONAL,REJECTED,INSP-120
QC-0006070,GR-0006070,MAT-00542,SUP-0078,2025-10-16,171,13,76023,DEF_ELECTRICAL,REJECTED,INSP-114
QC-0006071,GR-0006071,MAT-00212,SUP-0003,2026-01-05,36,5,138888,DEF_SURFACE,REJECTED,INSP-120
QC-0006072,GR-0006072,MAT-00841,SUP-0003,2026-01-09,110,11,100000,DEF_ELECTRICAL,REJECTED,INSP-110
QC-0006073,GR-0006073,MAT-00622,SUP-0003,2026-01-07,38,3,78947,DEF_DIMENSIONAL,REJECTED,INSP-115
QC-0006074,GR-0006074,MAT-00293,SUP-0097,2025-12-30,20,1,50000,DEF_SURFACE,REJECTED,INSP-117
QC-0006075,GR-0006075,MAT-01167,SUP-0097,2025-12-26,323,27,83591,DEF_METALLURGY,REJECTED,INSP-122
QC-0006076,GR-0006076,MAT-00102,SUP-0097,2025-12-29,593,34,57335,DEF_ELECTRICAL,REJECTED,INSP-114
QC-0006077,GR-0006077,MAT-01165,SUP-0021,2026-01-25,202,7,34653,DEF_ELECTRICAL,CONCESSION,INSP-115
QC-0006078,GR-0006078,MAT-00547,SUP-0016,2026-01-30,10,0,0,,ACCEPTED,INSP-118
QC-0006079,GR-0006079,MAT-00320,SUP-0060,2026-01-14,58,6,103448,DEF_METALLURGY,REJECTED,INSP-124
QC-0006080,GR-0006080,MAT-00288,SUP-0060,2026-01-19,18,2,111111,DEF_ELECTRICAL,REJECTED,INSP-110
QC-0006081,GR-0006081,MAT-00138,SUP-0060,2026-01-20,163,10,61349,DEF_METALLURGY,REJECTED,INSP-115
QC-0006082,GR-0006082,MAT-00452,SUP-0019,2025-09-02,327,31,94801,DEF_DIMENSIONAL,REJECTED,INSP-114
QC-0006083,GR-0006083,MAT-00426,SUP-0019,2025-08-31,109,11,100917,DEF_SURFACE,REJECTED,INSP-123
QC-0006084,GR-0006084,MAT-00708,SUP-0019,2025-08-29,239,24,100418,DEF_ELECTRICAL,REJECTED,INSP-125
QC-0006085,GR-0006085,MAT-00546,SUP-0112,2025-04-11,277,13,46931,DEF_CONTAMINATION,REJECTED,INSP-116
QC-0006086,GR-0006086,MAT-00843,SUP-0079,2025-11-17,184,22,119565,DEF_DIMENSIONAL,REJECTED,INSP-122
QC-0006087,GR-0006087,MAT-00160,SUP-0079,2025-11-13,299,34,113712,DEF_METALLURGY,REJECTED,INSP-120
QC-0006088,GR-0006088,MAT-00382,SUP-0079,2025-11-24,12,1,83333,DEF_DIMENSIONAL,REJECTED,INSP-116
QC-0006089,GR-0006089,MAT-00745,SUP-0102,2026-04-10,10,0,0,,ACCEPTED,INSP-107
QC-0006090,GR-0006090,MAT-00950,SUP-0089,2025-12-24,94,8,85106,DEF_CONTAMINATION,REJECTED,INSP-110
QC-0006091,GR-0006091,MAT-00578,SUP-0089,2025-12-18,247,26,105263,DEF_DIMENSIONAL,REJECTED,INSP-116
QC-0006092,GR-0006092,MAT-00848,SUP-0006,2026-02-25,16,0,0,,ACCEPTED,INSP-122
QC-0006093,GR-0006093,MAT-01074,SUP-0006,2026-03-01,197,8,40609,DEF_ELECTRICAL,REJECTED,INSP-104
QC-0006094,GR-0006094,MAT-00594,SUP-0008,2025-08-05,71,9,126760,DEF_PACKAGING,REJECTED,INSP-117
QC-0006095,GR-0006095,MAT-00215,SUP-0008,2025-08-02,10,1,100000,DEF_DIMENSIONAL,REJECTED,INSP-118
QC-0006096,GR-0006096,MAT-01043,SUP-0050,2026-01-26,16,4,250000,DEF_PACKAGING,REJECTED,INSP-119
QC-0006097,GR-0006097,MAT-00525,SUP-0050,2026-01-30,24,2,83333,DEF_PACKAGING,REJECTED,INSP-103
QC-0006098,GR-0006098,MAT-00112,SUP-0077,2026-01-20,13,1,76923,DEF_SURFACE,REJECTED,INSP-113
QC-0006099,GR-0006099,MAT-00267,SUP-0003,2026-01-22,314,33,105095,DEF_PACKAGING,REJECTED,INSP-122
QC-0006100,GR-0006100,MAT-00424,SUP-0003,2026-01-25,84,9,107142,DEF_DIMENSIONAL,REJECTED,INSP-120
QC-0006101,GR-0006101,MAT-00713,SUP-0110,2025-08-09,463,41,88552,DEF_CONTAMINATION,REJECTED,INSP-124
QC-0006102,GR-0006102,MAT-00934,SUP-0007,2026-02-27,20,2,100000,DEF_ELECTRICAL,REJECTED,INSP-118
QC-0006103,GR-0006103,MAT-00733,SUP-0041,2025-06-20,357,37,103641,DEF_SURFACE,REJECTED,INSP-110
QC-0006104,GR-0006104,MAT-00148,SUP-0004,2026-03-04,116,14,120689,DEF_DIMENSIONAL,REJECTED,INSP-114
QC-0006105,GR-0006105,MAT-00702,SUP-0106,2025-11-05,11,0,0,,ACCEPTED,INSP-115
QC-0006106,GR-0006106,MAT-00163,SUP-0106,2025-11-04,34,3,88235,DEF_DIMENSIONAL,REJECTED,INSP-118
QC-0006107,GR-0006107,MAT-00890,SUP-0106,2025-11-06,25,2,80000,DEF_CONTAMINATION,REJECTED,INSP-106
QC-0006108,GR-0006108,MAT-00965,SUP-0106,2025-11-06,164,8,48780,DEF_PACKAGING,REJECTED,INSP-116
QC-0006109,GR-0006109,MAT-00525,SUP-0021,2026-01-16,10,3,300000,DEF_DIMENSIONAL,REJECTED,INSP-122
QC-0006110,GR-0006110,MAT-00216,SUP-0010,2025-11-09,56,4,71428,DEF_METALLURGY,REJECTED,INSP-117
QC-0006111,GR-0006111,MAT-01022,SUP-0052,2025-11-15,142,19,133802,DEF_METALLURGY,REJECTED,INSP-102
QC-0006112,GR-0006112,MAT-01018,SUP-0013,2025-09-22,10,1,100000,DEF_ELECTRICAL,REJECTED,INSP-113
QC-0006113,GR-0006113,MAT-00298,SUP-0100,2026-01-31,342,12,35087,DEF_PACKAGING,CONCESSION,INSP-110
QC-0006114,GR-0006114,MAT-00363,SUP-0100,2026-01-28,330,14,42424,DEF_SURFACE,REJECTED,INSP-120
QC-0006115,GR-0006115,MAT-00041,SUP-0100,2026-01-31,47,0,0,,ACCEPTED,INSP-125
QC-0006116,GR-0006116,MAT-00895,SUP-0100,2026-01-28,290,8,27586,DEF_SURFACE,CONCESSION,INSP-105
QC-0006117,GR-0006117,MAT-01193,SUP-0083,2025-08-04,52,6,115384,DEF_CONTAMINATION,REJECTED,INSP-119
QC-0006118,GR-0006118,MAT-00551,SUP-0083,2025-07-31,306,11,35947,DEF_PACKAGING,CONCESSION,INSP-108
QC-0006119,GR-0006119,MAT-00278,SUP-0019,2026-02-06,10,1,100000,DEF_SURFACE,REJECTED,INSP-104
QC-0006120,GR-0006120,MAT-00527,SUP-0055,2025-08-26,143,4,27972,DEF_SURFACE,CONCESSION,INSP-117
QC-0006121,GR-0006121,MAT-00091,SUP-0018,2025-05-24,437,29,66361,DEF_SURFACE,REJECTED,INSP-108
QC-0006122,GR-0006122,MAT-01091,SUP-0018,2025-05-20,712,59,82865,DEF_SURFACE,REJECTED,INSP-123
QC-0006123,GR-0006123,MAT-00888,SUP-0023,2025-08-31,33,0,0,,ACCEPTED,INSP-103
QC-0006124,GR-0006124,MAT-00278,SUP-0019,2026-01-01,29,2,68965,DEF_SURFACE,REJECTED,INSP-118
QC-0006125,GR-0006125,MAT-01010,SUP-0029,2026-02-15,95,12,126315,DEF_METALLURGY,REJECTED,INSP-117
QC-0006126,GR-0006126,MAT-00940,SUP-0037,2025-08-30,171,5,29239,DEF_SURFACE,CONCESSION,INSP-113
QC-0006127,GR-0006127,MAT-00515,SUP-0012,2026-02-01,283,31,109540,DEF_SURFACE,REJECTED,INSP-108
QC-0006128,GR-0006128,MAT-01151,SUP-0092,2025-10-16,323,21,65015,DEF_DIMENSIONAL,REJECTED,INSP-103
QC-0006129,GR-0006129,MAT-00794,SUP-0114,2025-12-29,34,8,235294,DEF_ELECTRICAL,REJECTED,INSP-107
QC-0006130,GR-0006130,MAT-00667,SUP-0114,2026-01-04,58,8,137931,DEF_ELECTRICAL,REJECTED,INSP-116
QC-0006131,GR-0006131,MAT-00288,SUP-0114,2025-12-30,10,2,200000,DEF_CONTAMINATION,REJECTED,INSP-105
QC-0006132,GR-0006132,MAT-00180,SUP-0013,2026-03-09,10,2,200000,DEF_PACKAGING,REJECTED,INSP-118
QC-0006133,GR-0006133,MAT-01164,SUP-0048,2025-09-05,30,1,33333,DEF_ELECTRICAL,CONCESSION,INSP-111
QC-0006134,GR-0006134,MAT-00043,SUP-0033,2026-01-07,319,32,100313,DEF_SURFACE,REJECTED,INSP-103
QC-0006135,GR-0006135,MAT-00710,SUP-0096,2025-10-26,74,4,54054,DEF_METALLURGY,REJECTED,INSP-123
QC-0006136,GR-0006136,MAT-00877,SUP-0037,2025-12-25,10,0,0,,ACCEPTED,INSP-110
QC-0006137,GR-0006137,MAT-00076,SUP-0120,2025-06-18,13,0,0,,ACCEPTED,INSP-123
QC-0006138,GR-0006138,MAT-00853,SUP-0012,2025-03-20,15,3,200000,DEF_PACKAGING,REJECTED,INSP-102
QC-0006139,GR-0006139,MAT-00074,SUP-0012,2025-03-13,180,25,138888,DEF_PACKAGING,REJECTED,INSP-107
QC-0006140,GR-0006140,MAT-01176,SUP-0002,2025-09-07,19,1,52631,DEF_SURFACE,REJECTED,INSP-110
QC-0006141,GR-0006141,MAT-00804,SUP-0117,2026-03-15,26,1,38461,DEF_CONTAMINATION,CONCESSION,INSP-118
QC-0006142,GR-0006142,MAT-01034,SUP-0043,2025-08-17,39,1,25641,DEF_DIMENSIONAL,CONCESSION,INSP-104
QC-0006143,GR-0006143,MAT-01069,SUP-0012,2025-08-31,51,3,58823,DEF_CONTAMINATION,REJECTED,INSP-115
QC-0006144,GR-0006144,MAT-00907,SUP-0012,2025-09-02,348,59,169540,DEF_METALLURGY,REJECTED,INSP-114
QC-0006145,GR-0006145,MAT-00192,SUP-0012,2025-08-27,734,84,114441,DEF_CONTAMINATION,REJECTED,INSP-112
QC-0006146,GR-0006146,MAT-00980,SUP-0001,2026-02-27,56,12,214285,DEF_CONTAMINATION,REJECTED,INSP-112
QC-0006147,GR-0006147,MAT-00597,SUP-0039,2026-03-07,10,1,100000,DEF_DIMENSIONAL,REJECTED,INSP-105
QC-0006148,GR-0006148,MAT-00753,SUP-0039,2026-03-07,33,7,212121,DEF_CONTAMINATION,REJECTED,INSP-124
QC-0006149,GR-0006149,MAT-00666,SUP-0039,2026-03-08,178,19,106741,DEF_DIMENSIONAL,REJECTED,INSP-110
QC-0006150,GR-0006150,MAT-00647,SUP-0084,2025-07-07,44,1,22727,DEF_CONTAMINATION,CONCESSION,INSP-115
QC-0006151,GR-0006151,MAT-00414,SUP-0084,2025-07-12,529,29,54820,DEF_SURFACE,REJECTED,INSP-103
QC-0006152,GR-0006152,MAT-00280,SUP-0084,2025-07-02,447,24,53691,DEF_DIMENSIONAL,REJECTED,INSP-111
QC-0006153,GR-0006153,MAT-01062,SUP-0084,2025-07-12,21,2,95238,DEF_ELECTRICAL,REJECTED,INSP-124
QC-0006154,GR-0006154,MAT-00012,SUP-0065,2025-07-28,61,5,81967,DEF_DIMENSIONAL,REJECTED,INSP-107
QC-0006155,GR-0006155,MAT-00020,SUP-0049,2025-09-18,235,8,34042,DEF_PACKAGING,CONCESSION,INSP-108
QC-0006156,GR-0006156,MAT-00725,SUP-0049,2025-09-18,218,10,45871,DEF_PACKAGING,REJECTED,INSP-121
QC-0006157,GR-0006157,MAT-00821,SUP-0052,2025-06-14,96,6,62500,DEF_PACKAGING,REJECTED,INSP-119
QC-0006158,GR-0006158,MAT-00640,SUP-0082,2025-10-29,16,0,0,,ACCEPTED,INSP-105
QC-0006159,GR-0006159,MAT-00817,SUP-0082,2025-10-24,28,3,107142,DEF_DIMENSIONAL,REJECTED,INSP-123
QC-0006160,GR-0006160,MAT-00890,SUP-0007,2026-03-02,56,0,0,,ACCEPTED,INSP-102
QC-0006161,GR-0006161,MAT-00910,SUP-0007,2026-03-07,114,6,52631,DEF_PACKAGING,REJECTED,INSP-112
QC-0006162,GR-0006162,MAT-00215,SUP-0007,2026-03-08,10,1,100000,DEF_PACKAGING,REJECTED,INSP-125
QC-0006163,GR-0006163,MAT-00551,SUP-0007,2026-03-05,309,25,80906,DEF_PACKAGING,REJECTED,INSP-121
QC-0006164,GR-0006164,MAT-00078,SUP-0001,2025-12-16,115,32,278260,DEF_METALLURGY,REJECTED,INSP-120
QC-0006165,GR-0006165,MAT-00620,SUP-0001,2025-11-30,33,11,333333,DEF_PACKAGING,REJECTED,INSP-122
QC-0006166,GR-0006166,MAT-00845,SUP-0001,2025-12-19,90,28,311111,DEF_DIMENSIONAL,REJECTED,INSP-125
QC-0006167,GR-0006167,MAT-00679,SUP-0001,2025-07-19,18,9,500000,DEF_CONTAMINATION,REJECTED,INSP-119
QC-0006168,GR-0006168,MAT-01039,SUP-0001,2025-07-15,63,19,301587,DEF_DIMENSIONAL,REJECTED,INSP-108
QC-0006169,GR-0006169,MAT-00513,SUP-0048,2025-10-25,31,5,161290,DEF_SURFACE,REJECTED,INSP-109
QC-0006170,GR-0006170,MAT-01140,SUP-0019,2026-01-07,10,2,200000,DEF_PACKAGING,REJECTED,INSP-114
QC-0006171,GR-0006171,MAT-00459,SUP-0019,2026-01-06,147,17,115646,DEF_ELECTRICAL,REJECTED,INSP-114
QC-0006172,GR-0006172,MAT-00460,SUP-0026,2025-11-12,17,0,0,,ACCEPTED,INSP-124
QC-0006173,GR-0006173,MAT-00127,SUP-0026,2025-11-14,114,3,26315,DEF_ELECTRICAL,CONCESSION,INSP-121
QC-0006174,GR-0006174,MAT-00898,SUP-0069,2025-07-15,83,1,12048,DEF_DIMENSIONAL,CONCESSION,INSP-118
QC-0006175,GR-0006175,MAT-00523,SUP-0001,2026-04-12,506,109,215415,DEF_ELECTRICAL,REJECTED,INSP-101
QC-0006176,GR-0006176,MAT-00998,SUP-0003,2025-09-17,29,5,172413,DEF_DIMENSIONAL,REJECTED,INSP-124
QC-0006177,GR-0006177,MAT-00161,SUP-0002,2025-05-16,245,34,138775,DEF_DIMENSIONAL,REJECTED,INSP-121
QC-0006178,GR-0006178,MAT-00874,SUP-0002,2025-05-20,445,54,121348,DEF_CONTAMINATION,REJECTED,INSP-103
QC-0006179,GR-0006179,MAT-00010,SUP-0002,2025-05-16,64,6,93750,DEF_DIMENSIONAL,REJECTED,INSP-123
QC-0006180,GR-0006180,MAT-00838,SUP-0106,2025-05-16,20,1,50000,DEF_ELECTRICAL,REJECTED,INSP-101
QC-0006181,GR-0006181,MAT-00650,SUP-0106,2025-05-18,45,4,88888,DEF_CONTAMINATION,REJECTED,INSP-115
QC-0006182,GR-0006182,MAT-00913,SUP-0106,2025-05-18,34,3,88235,DEF_METALLURGY,REJECTED,INSP-115
QC-0006183,GR-0006183,MAT-00328,SUP-0077,2025-06-23,30,2,66666,DEF_CONTAMINATION,REJECTED,INSP-107
QC-0006184,GR-0006184,MAT-00268,SUP-0077,2025-06-30,603,63,104477,DEF_ELECTRICAL,REJECTED,INSP-122
QC-0006185,GR-0006185,MAT-00448,SUP-0077,2025-06-23,48,0,0,,ACCEPTED,INSP-110
QC-0006186,GR-0006186,MAT-00676,SUP-0083,2026-01-01,163,11,67484,DEF_SURFACE,REJECTED,INSP-122
QC-0006187,GR-0006187,MAT-00773,SUP-0019,2025-11-28,81,11,135802,DEF_DIMENSIONAL,REJECTED,INSP-121
QC-0006188,GR-0006188,MAT-01088,SUP-0019,2025-11-22,19,2,105263,DEF_CONTAMINATION,REJECTED,INSP-114
QC-0006189,GR-0006189,MAT-00090,SUP-0019,2025-11-16,23,1,43478,DEF_PACKAGING,REJECTED,INSP-118
QC-0006190,GR-0006190,MAT-00829,SUP-0019,2025-11-22,626,64,102236,DEF_METALLURGY,REJECTED,INSP-108
QC-0006191,GR-0006191,MAT-00462,SUP-0083,2026-03-17,17,1,58823,DEF_PACKAGING,REJECTED,INSP-124
QC-0006192,GR-0006192,MAT-00046,SUP-0089,2025-10-30,74,6,81081,DEF_METALLURGY,REJECTED,INSP-111
QC-0006193,GR-0006193,MAT-00087,SUP-0089,2025-11-05,31,5,161290,DEF_DIMENSIONAL,REJECTED,INSP-103
QC-0006194,GR-0006194,MAT-00463,SUP-0081,2026-02-16,12,0,0,,ACCEPTED,INSP-109
QC-0006195,GR-0006195,MAT-00306,SUP-0047,2025-07-19,13,0,0,,ACCEPTED,INSP-102
QC-0006196,GR-0006196,MAT-01017,SUP-0044,2025-11-17,57,14,245614,DEF_PACKAGING,REJECTED,INSP-119
QC-0006197,GR-0006197,MAT-00297,SUP-0044,2025-11-23,340,66,194117,DEF_CONTAMINATION,REJECTED,INSP-111
QC-0006198,GR-0006198,MAT-00049,SUP-0064,2026-01-15,88,8,90909,DEF_CONTAMINATION,REJECTED,INSP-103
QC-0006199,GR-0006199,MAT-00410,SUP-0064,2026-01-09,126,9,71428,DEF_METALLURGY,REJECTED,INSP-101
QC-0006200,GR-0006200,MAT-00122,SUP-0064,2026-01-14,54,5,92592,DEF_ELECTRICAL,REJECTED,INSP-106
QC-0006201,GR-0006201,MAT-00114,SUP-0048,2025-06-01,10,0,0,,ACCEPTED,INSP-115
QC-0006202,GR-0006202,MAT-00071,SUP-0048,2025-05-31,154,7,45454,DEF_METALLURGY,REJECTED,INSP-113
QC-0006203,GR-0006203,MAT-00390,SUP-0048,2025-05-30,366,31,84699,DEF_METALLURGY,REJECTED,INSP-104
QC-0006204,GR-0006204,MAT-00653,SUP-0104,2025-10-28,96,9,93750,DEF_DIMENSIONAL,REJECTED,INSP-104
QC-0006205,GR-0006205,MAT-00927,SUP-0104,2025-10-31,275,22,80000,DEF_CONTAMINATION,REJECTED,INSP-101
QC-0006206,GR-0006206,MAT-00797,SUP-0109,2025-12-05,79,0,0,,ACCEPTED,INSP-106
QC-0006207,GR-0006207,MAT-00618,SUP-0037,2026-03-04,10,0,0,,ACCEPTED,INSP-103
QC-0006208,GR-0006208,MAT-00741,SUP-0055,2025-11-07,10,0,0,,ACCEPTED,INSP-114
QC-0006209,GR-0006209,MAT-00801,SUP-0055,2025-11-07,10,0,0,,ACCEPTED,INSP-120
QC-0006210,GR-0006210,MAT-01009,SUP-0096,2026-02-14,172,14,81395,DEF_METALLURGY,REJECTED,INSP-112
QC-0006211,GR-0006211,MAT-00124,SUP-0102,2025-12-27,62,1,16129,DEF_DIMENSIONAL,CONCESSION,INSP-101
QC-0006212,GR-0006212,MAT-00676,SUP-0102,2025-12-30,353,17,48158,DEF_SURFACE,REJECTED,INSP-110
QC-0006213,GR-0006213,MAT-01141,SUP-0058,2025-11-06,150,5,33333,DEF_DIMENSIONAL,CONCESSION,INSP-102
QC-0006214,GR-0006214,MAT-00460,SUP-0026,2026-01-12,21,1,47619,DEF_ELECTRICAL,REJECTED,INSP-121
QC-0006215,GR-0006215,MAT-00396,SUP-0053,2026-01-21,113,16,141592,DEF_PACKAGING,REJECTED,INSP-107
QC-0006216,GR-0006216,MAT-00335,SUP-0087,2025-10-29,10,0,0,,ACCEPTED,INSP-116
QC-0006217,GR-0006217,MAT-00701,SUP-0087,2025-10-30,258,5,19379,DEF_SURFACE,CONCESSION,INSP-105
QC-0006218,GR-0006218,MAT-00457,SUP-0058,2025-07-17,390,18,46153,DEF_PACKAGING,REJECTED,INSP-117
QC-0006219,GR-0006219,MAT-00516,SUP-0044,2025-07-18,131,23,175572,DEF_METALLURGY,REJECTED,INSP-125
QC-0006220,GR-0006220,MAT-01045,SUP-0044,2025-07-19,15,3,200000,DEF_PACKAGING,REJECTED,INSP-125
QC-0006221,GR-0006221,MAT-01173,SUP-0001,2025-04-29,151,34,225165,DEF_METALLURGY,REJECTED,INSP-115
QC-0006222,GR-0006222,MAT-00612,SUP-0098,2026-04-03,76,6,78947,DEF_PACKAGING,REJECTED,INSP-121
QC-0006223,GR-0006223,MAT-00069,SUP-0098,2026-04-02,34,4,117647,DEF_SURFACE,REJECTED,INSP-115
QC-0006224,GR-0006224,MAT-00533,SUP-0098,2026-04-03,223,22,98654,DEF_PACKAGING,REJECTED,INSP-102
QC-0006225,GR-0006225,MAT-00815,SUP-0099,2025-08-12,574,5,8710,DEF_SURFACE,CONCESSION,INSP-120
QC-0006226,GR-0006226,MAT-00023,SUP-0099,2025-08-12,47,0,0,,ACCEPTED,INSP-122
QC-0006227,GR-0006227,MAT-01152,SUP-0099,2025-08-14,587,8,13628,DEF_ELECTRICAL,CONCESSION,INSP-117
QC-0006228,GR-0006228,MAT-00960,SUP-0099,2025-08-13,85,2,23529,DEF_METALLURGY,CONCESSION,INSP-106
QC-0006229,GR-0006229,MAT-00337,SUP-0084,2025-08-17,23,2,86956,DEF_DIMENSIONAL,REJECTED,INSP-107
QC-0006230,GR-0006230,MAT-00301,SUP-0003,2026-02-03,12,1,83333,DEF_METALLURGY,REJECTED,INSP-117
QC-0006231,GR-0006231,MAT-00478,SUP-0022,2025-09-20,124,5,40322,DEF_ELECTRICAL,REJECTED,INSP-102
QC-0006232,GR-0006232,MAT-00955,SUP-0068,2025-12-04,63,1,15873,DEF_SURFACE,CONCESSION,INSP-109
QC-0006233,GR-0006233,MAT-00575,SUP-0068,2025-11-30,46,3,65217,DEF_DIMENSIONAL,REJECTED,INSP-124
QC-0006234,GR-0006234,MAT-00532,SUP-0068,2025-12-01,642,14,21806,DEF_SURFACE,CONCESSION,INSP-104
QC-0006235,GR-0006235,MAT-01097,SUP-0095,2025-07-12,381,15,39370,DEF_METALLURGY,CONCESSION,INSP-106
QC-0006236,GR-0006236,MAT-00954,SUP-0027,2026-03-24,133,13,97744,DEF_METALLURGY,REJECTED,INSP-106
QC-0006237,GR-0006237,MAT-01100,SUP-0051,2025-10-31,67,1,14925,DEF_ELECTRICAL,CONCESSION,INSP-112
QC-0006238,GR-0006238,MAT-00322,SUP-0025,2026-02-07,164,5,30487,DEF_CONTAMINATION,CONCESSION,INSP-102
QC-0006239,GR-0006239,MAT-00481,SUP-0025,2026-02-04,14,1,71428,DEF_ELECTRICAL,REJECTED,INSP-110
QC-0006240,GR-0006240,MAT-01015,SUP-0025,2026-02-05,67,4,59701,DEF_SURFACE,REJECTED,INSP-106
QC-0006241,GR-0006241,MAT-00598,SUP-0080,2025-07-19,68,3,44117,DEF_METALLURGY,REJECTED,INSP-112
QC-0006242,GR-0006242,MAT-00815,SUP-0080,2025-07-16,405,28,69135,DEF_ELECTRICAL,REJECTED,INSP-107
QC-0006243,GR-0006243,MAT-00247,SUP-0111,2025-03-15,388,38,97938,DEF_METALLURGY,REJECTED,INSP-109
QC-0006244,GR-0006244,MAT-01118,SUP-0111,2025-03-18,115,10,86956,DEF_SURFACE,REJECTED,INSP-124
QC-0006245,GR-0006245,MAT-01183,SUP-0049,2025-03-22,711,36,50632,DEF_SURFACE,REJECTED,INSP-102
QC-0006246,GR-0006246,MAT-00156,SUP-0012,2025-12-17,26,3,115384,DEF_PACKAGING,REJECTED,INSP-121
QC-0006247,GR-0006247,MAT-00372,SUP-0012,2025-12-21,112,14,125000,DEF_DIMENSIONAL,REJECTED,INSP-111
QC-0006248,GR-0006248,MAT-01012,SUP-0017,2025-12-20,423,116,274231,DEF_DIMENSIONAL,REJECTED,INSP-118
QC-0006249,GR-0006249,MAT-00804,SUP-0017,2025-12-19,32,7,218750,DEF_METALLURGY,REJECTED,INSP-122
QC-0006250,GR-0006250,MAT-00189,SUP-0017,2025-12-18,266,76,285714,DEF_ELECTRICAL,REJECTED,INSP-124
QC-0006251,GR-0006251,MAT-01063,SUP-0017,2026-01-15,27,8,296296,DEF_METALLURGY,REJECTED,INSP-118
QC-0006252,GR-0006252,MAT-00736,SUP-0109,2025-11-25,282,0,0,,ACCEPTED,INSP-103
QC-0006253,GR-0006253,MAT-00394,SUP-0114,2025-02-26,187,22,117647,DEF_CONTAMINATION,REJECTED,INSP-106
QC-0006254,GR-0006254,MAT-00388,SUP-0042,2025-11-11,10,3,300000,DEF_SURFACE,REJECTED,INSP-113
QC-0006255,GR-0006255,MAT-00552,SUP-0079,2026-02-09,301,34,112956,DEF_ELECTRICAL,REJECTED,INSP-104
QC-0006256,GR-0006256,MAT-00135,SUP-0079,2026-02-10,357,25,70028,DEF_DIMENSIONAL,REJECTED,INSP-115
QC-0006257,GR-0006257,MAT-00645,SUP-0079,2026-02-04,115,7,60869,DEF_ELECTRICAL,REJECTED,INSP-103
QC-0006258,GR-0006258,MAT-00381,SUP-0044,2025-12-11,349,64,183381,DEF_SURFACE,REJECTED,INSP-110
QC-0006259,GR-0006259,MAT-00911,SUP-0044,2025-12-11,10,1,100000,DEF_ELECTRICAL,REJECTED,INSP-114
QC-0006260,GR-0006260,MAT-00004,SUP-0044,2025-12-25,420,63,150000,DEF_PACKAGING,REJECTED,INSP-110
QC-0006261,GR-0006261,MAT-00054,SUP-0108,2026-02-07,106,15,141509,DEF_METALLURGY,REJECTED,INSP-101
QC-0006262,GR-0006262,MAT-00405,SUP-0061,2025-08-15,172,3,17441,DEF_ELECTRICAL,CONCESSION,INSP-114
QC-0006263,GR-0006263,MAT-00610,SUP-0061,2025-08-14,351,3,8547,DEF_ELECTRICAL,CONCESSION,INSP-114
QC-0006264,GR-0006264,MAT-01134,SUP-0061,2025-08-16,13,0,0,,ACCEPTED,INSP-116
QC-0006265,GR-0006265,MAT-00820,SUP-0097,2026-03-16,331,26,78549,DEF_DIMENSIONAL,REJECTED,INSP-104
QC-0006266,GR-0006266,MAT-00739,SUP-0097,2026-03-10,74,2,27027,DEF_DIMENSIONAL,CONCESSION,INSP-123
QC-0006267,GR-0006267,MAT-00359,SUP-0097,2026-03-17,639,44,68857,DEF_SURFACE,REJECTED,INSP-101
QC-0006268,GR-0006268,MAT-00182,SUP-0097,2026-03-15,12,0,0,,ACCEPTED,INSP-102
QC-0006269,GR-0006269,MAT-00329,SUP-0049,2025-12-22,152,7,46052,DEF_DIMENSIONAL,REJECTED,INSP-106
QC-0006270,GR-0006270,MAT-00142,SUP-0068,2025-08-11,301,4,13289,DEF_PACKAGING,CONCESSION,INSP-119
QC-0006271,GR-0006271,MAT-00966,SUP-0068,2025-08-14,17,0,0,,ACCEPTED,INSP-105
QC-0006272,GR-0006272,MAT-00196,SUP-0100,2025-08-10,146,3,20547,DEF_SURFACE,CONCESSION,INSP-125
QC-0006273,GR-0006273,MAT-00758,SUP-0036,2025-12-23,157,2,12738,DEF_DIMENSIONAL,CONCESSION,INSP-118
QC-0006274,GR-0006274,MAT-00444,SUP-0036,2025-12-22,173,2,11560,DEF_ELECTRICAL,CONCESSION,INSP-115
QC-0006275,GR-0006275,MAT-00760,SUP-0036,2025-12-24,10,0,0,,ACCEPTED,INSP-115
QC-0006276,GR-0006276,MAT-00396,SUP-0053,2026-03-28,316,38,120253,DEF_ELECTRICAL,REJECTED,INSP-105
QC-0006277,GR-0006277,MAT-00472,SUP-0075,2025-11-11,324,22,67901,DEF_PACKAGING,REJECTED,INSP-123
QC-0006278,GR-0006278,MAT-00639,SUP-0075,2025-11-10,28,1,35714,DEF_DIMENSIONAL,CONCESSION,INSP-115
QC-0006279,GR-0006279,MAT-01187,SUP-0118,2025-09-11,13,3,230769,DEF_METALLURGY,REJECTED,INSP-101
QC-0006280,GR-0006280,MAT-00271,SUP-0118,2025-09-06,310,32,103225,DEF_ELECTRICAL,REJECTED,INSP-115
QC-0006281,GR-0006281,MAT-00919,SUP-0118,2025-09-15,15,1,66666,DEF_SURFACE,REJECTED,INSP-107
QC-0006282,GR-0006282,MAT-01157,SUP-0003,2026-03-13,40,7,175000,DEF_DIMENSIONAL,REJECTED,INSP-125
QC-0006283,GR-0006283,MAT-00288,SUP-0003,2026-03-21,16,2,125000,DEF_SURFACE,REJECTED,INSP-123
QC-0006284,GR-0006284,MAT-01189,SUP-0019,2026-01-15,60,6,100000,DEF_METALLURGY,REJECTED,INSP-101
QC-0006285,GR-0006285,MAT-00184,SUP-0019,2026-01-12,269,31,115241,DEF_PACKAGING,REJECTED,INSP-101
QC-0006286,GR-0006286,MAT-00359,SUP-0019,2026-01-10,309,29,93851,DEF_DIMENSIONAL,REJECTED,INSP-125
QC-0006287,GR-0006287,MAT-00538,SUP-0066,2025-11-14,109,12,110091,DEF_SURFACE,REJECTED,INSP-109
QC-0006288,GR-0006288,MAT-00348,SUP-0066,2025-11-14,92,10,108695,DEF_ELECTRICAL,REJECTED,INSP-104
QC-0006289,GR-0006289,MAT-01186,SUP-0012,2025-11-27,23,1,43478,DEF_ELECTRICAL,REJECTED,INSP-122
QC-0006290,GR-0006290,MAT-00038,SUP-0016,2025-08-06,10,0,0,,ACCEPTED,INSP-105
QC-0006291,GR-0006291,MAT-00084,SUP-0016,2025-08-09,53,6,113207,DEF_SURFACE,REJECTED,INSP-103
QC-0006292,GR-0006292,MAT-00891,SUP-0100,2025-10-05,172,3,17441,DEF_ELECTRICAL,CONCESSION,INSP-103
QC-0006293,GR-0006293,MAT-00064,SUP-0100,2025-10-03,16,0,0,,ACCEPTED,INSP-101
QC-0006294,GR-0006294,MAT-00670,SUP-0100,2025-10-06,559,20,35778,DEF_PACKAGING,CONCESSION,INSP-119
QC-0006295,GR-0006295,MAT-00554,SUP-0100,2025-10-07,336,10,29761,DEF_DIMENSIONAL,CONCESSION,INSP-113
QC-0006296,GR-0006296,MAT-00493,SUP-0003,2025-11-19,267,28,104868,DEF_ELECTRICAL,REJECTED,INSP-120
QC-0006297,GR-0006297,MAT-00210,SUP-0117,2025-12-02,24,2,83333,DEF_SURFACE,REJECTED,INSP-111
QC-0006298,GR-0006298,MAT-00267,SUP-0003,2025-12-27,507,54,106508,DEF_DIMENSIONAL,REJECTED,INSP-123
QC-0006299,GR-0006299,MAT-00097,SUP-0003,2025-12-22,511,52,101761,DEF_DIMENSIONAL,REJECTED,INSP-101
QC-0006300,GR-0006300,MAT-00137,SUP-0003,2025-12-21,10,1,100000,DEF_DIMENSIONAL,REJECTED,INSP-110
QC-0006301,GR-0006301,MAT-00600,SUP-0003,2025-12-26,10,0,0,,ACCEPTED,INSP-105
QC-0006302,GR-0006302,MAT-00853,SUP-0012,2026-04-11,10,0,0,,ACCEPTED,INSP-118
QC-0006303,GR-0006303,MAT-01176,SUP-0012,2026-04-18,16,2,125000,DEF_CONTAMINATION,REJECTED,INSP-118
QC-0006304,GR-0006304,MAT-00418,SUP-0012,2026-04-11,15,1,66666,DEF_DIMENSIONAL,REJECTED,INSP-116
QC-0006305,GR-0006305,MAT-00052,SUP-0004,2026-03-02,107,15,140186,DEF_ELECTRICAL,REJECTED,INSP-116
QC-0006306,GR-0006306,MAT-00598,SUP-0080,2026-02-12,26,1,38461,DEF_CONTAMINATION,CONCESSION,INSP-109
QC-0006307,GR-0006307,MAT-00547,SUP-0080,2026-02-15,17,2,117647,DEF_METALLURGY,REJECTED,INSP-111
QC-0006308,GR-0006308,MAT-01010,SUP-0080,2026-02-07,68,7,102941,DEF_ELECTRICAL,REJECTED,INSP-120
QC-0006309,GR-0006309,MAT-00121,SUP-0089,2025-12-21,66,3,45454,DEF_ELECTRICAL,REJECTED,INSP-122
QC-0006310,GR-0006310,MAT-00413,SUP-0079,2025-12-09,10,0,0,,ACCEPTED,INSP-118
QC-0006311,GR-0006311,MAT-00885,SUP-0079,2025-12-12,298,32,107382,DEF_CONTAMINATION,REJECTED,INSP-108
QC-0006312,GR-0006312,MAT-00566,SUP-0052,2025-11-27,279,25,89605,DEF_CONTAMINATION,REJECTED,INSP-101
QC-0006313,GR-0006313,MAT-01168,SUP-0052,2025-11-24,11,0,0,,ACCEPTED,INSP-110
QC-0006314,GR-0006314,MAT-00334,SUP-0052,2025-11-30,305,21,68852,DEF_METALLURGY,REJECTED,INSP-118
QC-0006315,GR-0006315,MAT-00065,SUP-0052,2025-11-25,16,2,125000,DEF_METALLURGY,REJECTED,INSP-103
QC-0006316,GR-0006316,MAT-00923,SUP-0108,2025-08-24,10,2,200000,DEF_PACKAGING,REJECTED,INSP-112
QC-0006317,GR-0006317,MAT-00408,SUP-0108,2025-08-25,44,2,45454,DEF_SURFACE,REJECTED,INSP-125
QC-0006318,GR-0006318,MAT-00055,SUP-0054,2025-10-11,649,34,52388,DEF_ELECTRICAL,REJECTED,INSP-104
QC-0006319,GR-0006319,MAT-00534,SUP-0089,2025-11-28,27,4,148148,DEF_METALLURGY,REJECTED,INSP-114
QC-0006320,GR-0006320,MAT-01088,SUP-0089,2025-12-02,25,2,80000,DEF_METALLURGY,REJECTED,INSP-111
QC-0006321,GR-0006321,MAT-00293,SUP-0097,2026-01-21,25,1,40000,DEF_ELECTRICAL,REJECTED,INSP-110
QC-0006322,GR-0006322,MAT-01115,SUP-0097,2026-01-23,88,6,68181,DEF_CONTAMINATION,REJECTED,INSP-125
QC-0006323,GR-0006323,MAT-00980,SUP-0001,2026-02-05,19,7,368421,DEF_ELECTRICAL,REJECTED,INSP-121
QC-0006324,GR-0006324,MAT-00106,SUP-0032,2025-07-09,22,1,45454,DEF_METALLURGY,REJECTED,INSP-103
QC-0006325,GR-0006325,MAT-00421,SUP-0032,2025-07-15,14,3,214285,DEF_METALLURGY,REJECTED,INSP-113
QC-0006326,GR-0006326,MAT-00046,SUP-0089,2025-06-08,18,1,55555,DEF_SURFACE,REJECTED,INSP-121
QC-0006327,GR-0006327,MAT-00148,SUP-0004,2026-01-13,97,12,123711,DEF_METALLURGY,REJECTED,INSP-107
QC-0006328,GR-0006328,MAT-00069,SUP-0004,2026-01-18,15,3,200000,DEF_ELECTRICAL,REJECTED,INSP-101
QC-0006329,GR-0006329,MAT-00566,SUP-0052,2025-11-17,330,28,84848,DEF_METALLURGY,REJECTED,INSP-112
QC-0006330,GR-0006330,MAT-00277,SUP-0021,2026-02-24,347,12,34582,DEF_CONTAMINATION,CONCESSION,INSP-109
QC-0006331,GR-0006331,MAT-01194,SUP-0104,2025-08-29,29,4,137931,DEF_METALLURGY,REJECTED,INSP-123
QC-0006332,GR-0006332,MAT-01172,SUP-0035,2025-08-13,101,23,227722,DEF_METALLURGY,REJECTED,INSP-120
QC-0006333,GR-0006333,MAT-00551,SUP-0113,2025-10-30,282,41,145390,DEF_SURFACE,REJECTED,INSP-101
QC-0006334,GR-0006334,MAT-01156,SUP-0113,2025-10-29,237,33,139240,DEF_METALLURGY,REJECTED,INSP-114
QC-0006335,GR-0006335,MAT-00126,SUP-0095,2026-04-14,19,1,52631,DEF_PACKAGING,REJECTED,INSP-119
QC-0006336,GR-0006336,MAT-00299,SUP-0095,2026-04-12,125,3,24000,DEF_SURFACE,CONCESSION,INSP-105
QC-0006337,GR-0006337,MAT-00221,SUP-0009,2026-03-14,660,122,184848,DEF_METALLURGY,REJECTED,INSP-103
QC-0006338,GR-0006338,MAT-01055,SUP-0109,2025-10-27,12,0,0,,ACCEPTED,INSP-125
QC-0006339,GR-0006339,MAT-00703,SUP-0109,2025-10-25,176,1,5681,DEF_ELECTRICAL,CONCESSION,INSP-113
QC-0006340,GR-0006340,MAT-00278,SUP-0019,2025-11-26,31,1,32258,DEF_METALLURGY,CONCESSION,INSP-117
QC-0006341,GR-0006341,MAT-01155,SUP-0096,2025-05-22,18,0,0,,ACCEPTED,INSP-114
QC-0006342,GR-0006342,MAT-00158,SUP-0096,2025-05-26,47,0,0,,ACCEPTED,INSP-106
QC-0006343,GR-0006343,MAT-00425,SUP-0096,2025-05-24,10,0,0,,ACCEPTED,INSP-115
QC-0006344,GR-0006344,MAT-00691,SUP-0092,2026-01-23,26,0,0,,ACCEPTED,INSP-103
QC-0006345,GR-0006345,MAT-01124,SUP-0092,2026-01-17,586,43,73378,DEF_PACKAGING,REJECTED,INSP-115
QC-0006346,GR-0006346,MAT-00394,SUP-0092,2026-01-14,95,5,52631,DEF_CONTAMINATION,REJECTED,INSP-118
QC-0006347,GR-0006347,MAT-00630,SUP-0048,2025-09-24,18,2,111111,DEF_DIMENSIONAL,REJECTED,INSP-101
QC-0006348,GR-0006348,MAT-00359,SUP-0092,2025-12-26,183,13,71038,DEF_DIMENSIONAL,REJECTED,INSP-118
QC-0006349,GR-0006349,MAT-00410,SUP-0092,2025-12-28,114,7,61403,DEF_ELECTRICAL,REJECTED,INSP-102
QC-0006350,GR-0006350,MAT-01171,SUP-0067,2025-06-17,518,49,94594,DEF_PACKAGING,REJECTED,INSP-119
QC-0006351,GR-0006351,MAT-00313,SUP-0108,2025-07-30,28,3,107142,DEF_CONTAMINATION,REJECTED,INSP-111
QC-0006352,GR-0006352,MAT-01005,SUP-0009,2026-02-23,721,136,188626,DEF_DIMENSIONAL,REJECTED,INSP-102
QC-0006353,GR-0006353,MAT-00764,SUP-0009,2026-02-20,124,21,169354,DEF_SURFACE,REJECTED,INSP-103
QC-0006354,GR-0006354,MAT-00717,SUP-0009,2026-02-19,29,5,172413,DEF_PACKAGING,REJECTED,INSP-111
QC-0006355,GR-0006355,MAT-01173,SUP-0001,2025-10-13,168,37,220238,DEF_PACKAGING,REJECTED,INSP-106
QC-0006356,GR-0006356,MAT-00732,SUP-0062,2026-02-09,52,4,76923,DEF_ELECTRICAL,REJECTED,INSP-105
QC-0006357,GR-0006357,MAT-00288,SUP-0030,2026-03-08,10,0,0,,ACCEPTED,INSP-117
QC-0006358,GR-0006358,MAT-00542,SUP-0021,2026-01-22,61,5,81967,DEF_CONTAMINATION,REJECTED,INSP-112
QC-0006359,GR-0006359,MAT-01005,SUP-0009,2025-06-29,607,114,187808,DEF_DIMENSIONAL,REJECTED,INSP-115
QC-0006360,GR-0006360,MAT-00778,SUP-0062,2025-10-15,16,0,0,,ACCEPTED,INSP-117
QC-0006361,GR-0006361,MAT-00575,SUP-0107,2025-08-19,69,5,72463,DEF_DIMENSIONAL,REJECTED,INSP-106
QC-0006362,GR-0006362,MAT-00057,SUP-0089,2025-10-23,593,54,91062,DEF_CONTAMINATION,REJECTED,INSP-108
QC-0006363,GR-0006363,MAT-00980,SUP-0089,2025-10-21,72,8,111111,DEF_PACKAGING,REJECTED,INSP-103
QC-0006364,GR-0006364,MAT-00049,SUP-0064,2026-02-03,230,17,73913,DEF_METALLURGY,REJECTED,INSP-113
QC-0006365,GR-0006365,MAT-00969,SUP-0089,2026-01-18,205,18,87804,DEF_DIMENSIONAL,REJECTED,INSP-122
QC-0006366,GR-0006366,MAT-00627,SUP-0089,2026-01-19,10,1,100000,DEF_SURFACE,REJECTED,INSP-115
QC-0006367,GR-0006367,MAT-00434,SUP-0036,2025-07-30,62,1,16129,DEF_METALLURGY,CONCESSION,INSP-117
QC-0006368,GR-0006368,MAT-00779,SUP-0036,2025-07-30,21,0,0,,ACCEPTED,INSP-125
QC-0006369,GR-0006369,MAT-00916,SUP-0047,2025-08-17,16,0,0,,ACCEPTED,INSP-115
QC-0006370,GR-0006370,MAT-00083,SUP-0086,2025-08-30,31,1,32258,DEF_CONTAMINATION,CONCESSION,INSP-109
QC-0006371,GR-0006371,MAT-00644,SUP-0086,2025-08-29,10,0,0,,ACCEPTED,INSP-109
QC-0006372,GR-0006372,MAT-00730,SUP-0024,2025-10-24,340,18,52941,DEF_DIMENSIONAL,REJECTED,INSP-117
QC-0006373,GR-0006373,MAT-00991,SUP-0106,2025-09-05,10,0,0,,ACCEPTED,INSP-125
QC-0006374,GR-0006374,MAT-01168,SUP-0106,2025-09-04,14,1,71428,DEF_PACKAGING,REJECTED,INSP-114
QC-0006375,GR-0006375,MAT-00483,SUP-0106,2025-09-05,57,1,17543,DEF_SURFACE,CONCESSION,INSP-115
QC-0006376,GR-0006376,MAT-00284,SUP-0106,2025-09-05,69,3,43478,DEF_DIMENSIONAL,REJECTED,INSP-113
QC-0006377,GR-0006377,MAT-01131,SUP-0062,2025-04-08,17,0,0,,ACCEPTED,INSP-114
QC-0006378,GR-0006378,MAT-00153,SUP-0048,2026-04-17,27,2,74074,DEF_METALLURGY,REJECTED,INSP-120
QC-0006379,GR-0006379,MAT-00630,SUP-0048,2026-04-13,13,0,0,,ACCEPTED,INSP-125
QC-0006380,GR-0006380,MAT-01080,SUP-0112,2025-09-27,111,2,18018,DEF_SURFACE,CONCESSION,INSP-117
QC-0006381,GR-0006381,MAT-00930,SUP-0116,2025-09-22,11,0,0,,ACCEPTED,INSP-110
QC-0006382,GR-0006382,MAT-00660,SUP-0116,2025-09-23,147,3,20408,DEF_METALLURGY,CONCESSION,INSP-123
QC-0006383,GR-0006383,MAT-01057,SUP-0116,2025-09-22,390,10,25641,DEF_PACKAGING,CONCESSION,INSP-115
QC-0006384,GR-0006384,MAT-00373,SUP-0073,2025-03-09,256,32,125000,DEF_CONTAMINATION,REJECTED,INSP-117
QC-0006385,GR-0006385,MAT-00620,SUP-0086,2026-01-08,33,0,0,,ACCEPTED,INSP-109
QC-0006386,GR-0006386,MAT-00914,SUP-0086,2026-01-10,19,1,52631,DEF_PACKAGING,REJECTED,INSP-116
QC-0006387,GR-0006387,MAT-00576,SUP-0081,2026-03-30,276,34,123188,DEF_PACKAGING,REJECTED,INSP-106
QC-0006388,GR-0006388,MAT-00732,SUP-0062,2025-07-20,65,8,123076,DEF_PACKAGING,REJECTED,INSP-117
QC-0006389,GR-0006389,MAT-01083,SUP-0062,2025-07-20,152,14,92105,DEF_CONTAMINATION,REJECTED,INSP-123
QC-0006390,GR-0006390,MAT-00629,SUP-0062,2025-07-23,10,0,0,,ACCEPTED,INSP-110
QC-0006391,GR-0006391,MAT-00124,SUP-0062,2025-07-19,24,0,0,,ACCEPTED,INSP-120
QC-0006392,GR-0006392,MAT-00999,SUP-0106,2025-07-29,14,0,0,,ACCEPTED,INSP-104
QC-0006393,GR-0006393,MAT-00420,SUP-0006,2026-02-16,83,6,72289,DEF_CONTAMINATION,REJECTED,INSP-103
QC-0006394,GR-0006394,MAT-00814,SUP-0063,2026-01-19,10,0,0,,ACCEPTED,INSP-106
QC-0006395,GR-0006395,MAT-01078,SUP-0113,2025-05-05,16,0,0,,ACCEPTED,INSP-113
QC-0006396,GR-0006396,MAT-00913,SUP-0113,2025-04-27,42,6,142857,DEF_SURFACE,REJECTED,INSP-118
QC-0006397,GR-0006397,MAT-00856,SUP-0069,2026-01-04,68,1,14705,DEF_SURFACE,CONCESSION,INSP-112
QC-0006398,GR-0006398,MAT-00497,SUP-0103,2025-10-16,662,99,149546,DEF_ELECTRICAL,REJECTED,INSP-111
QC-0006399,GR-0006399,MAT-00248,SUP-0012,2025-10-16,264,24,90909,DEF_DIMENSIONAL,REJECTED,INSP-109
QC-0006400,GR-0006400,MAT-00704,SUP-0012,2025-10-10,54,4,74074,DEF_ELECTRICAL,REJECTED,INSP-120
QC-0006401,GR-0006401,MAT-00936,SUP-0051,2026-02-23,435,23,52873,DEF_SURFACE,REJECTED,INSP-103
QC-0006402,GR-0006402,MAT-00906,SUP-0051,2026-02-24,53,2,37735,DEF_DIMENSIONAL,CONCESSION,INSP-120
QC-0006403,GR-0006403,MAT-00994,SUP-0083,2025-11-09,120,6,50000,DEF_ELECTRICAL,REJECTED,INSP-108
QC-0006404,GR-0006404,MAT-01136,SUP-0074,2025-11-07,181,13,71823,DEF_PACKAGING,REJECTED,INSP-119
QC-0006405,GR-0006405,MAT-00750,SUP-0112,2026-02-09,22,3,136363,DEF_SURFACE,REJECTED,INSP-104
QC-0006406,GR-0006406,MAT-00592,SUP-0112,2026-02-08,26,2,76923,DEF_ELECTRICAL,REJECTED,INSP-122
QC-0006407,GR-0006407,MAT-00728,SUP-0112,2026-02-09,408,14,34313,DEF_ELECTRICAL,CONCESSION,INSP-122
QC-0006408,GR-0006408,MAT-00320,SUP-0060,2025-11-30,59,5,84745,DEF_CONTAMINATION,REJECTED,INSP-125
QC-0006409,GR-0006409,MAT-00443,SUP-0060,2025-12-02,206,22,106796,DEF_ELECTRICAL,REJECTED,INSP-118
QC-0006410,GR-0006410,MAT-00317,SUP-0012,2026-04-04,315,35,111111,DEF_SURFACE,REJECTED,INSP-122
QC-0006411,GR-0006411,MAT-00008,SUP-0045,2026-04-12,21,1,47619,DEF_DIMENSIONAL,REJECTED,INSP-114
QC-0006412,GR-0006412,MAT-00771,SUP-0107,2025-05-27,675,50,74074,DEF_PACKAGING,REJECTED,INSP-104
QC-0006413,GR-0006413,MAT-00219,SUP-0107,2025-05-19,29,2,68965,DEF_SURFACE,REJECTED,INSP-112
QC-0006414,GR-0006414,MAT-01052,SUP-0107,2025-05-24,42,5,119047,DEF_PACKAGING,REJECTED,INSP-122
QC-0006415,GR-0006415,MAT-00097,SUP-0107,2025-05-24,523,36,68833,DEF_CONTAMINATION,REJECTED,INSP-124
QC-0006416,GR-0006416,MAT-00122,SUP-0120,2026-02-25,38,1,26315,DEF_CONTAMINATION,CONCESSION,INSP-113
QC-0006417,GR-0006417,MAT-01164,SUP-0048,2025-08-19,17,0,0,,ACCEPTED,INSP-116
QC-0006418,GR-0006418,MAT-01108,SUP-0048,2025-08-15,24,0,0,,ACCEPTED,INSP-115
QC-0006419,GR-0006419,MAT-00559,SUP-0068,2026-02-26,69,5,72463,DEF_METALLURGY,REJECTED,INSP-105
QC-0006420,GR-0006420,MAT-00148,SUP-0004,2026-03-26,278,32,115107,DEF_METALLURGY,REJECTED,INSP-102
QC-0006421,GR-0006421,MAT-00068,SUP-0004,2026-03-21,118,10,84745,DEF_METALLURGY,REJECTED,INSP-112
QC-0006422,GR-0006422,MAT-00769,SUP-0035,2025-10-24,179,42,234636,DEF_DIMENSIONAL,REJECTED,INSP-108
QC-0006423,GR-0006423,MAT-00771,SUP-0107,2025-04-19,352,28,79545,DEF_PACKAGING,REJECTED,INSP-108
QC-0006424,GR-0006424,MAT-00882,SUP-0103,2025-08-04,62,12,193548,DEF_CONTAMINATION,REJECTED,INSP-109
QC-0006425,GR-0006425,MAT-00554,SUP-0040,2025-12-12,345,30,86956,DEF_PACKAGING,REJECTED,INSP-112
QC-0006426,GR-0006426,MAT-00445,SUP-0040,2025-12-11,10,1,100000,DEF_DIMENSIONAL,REJECTED,INSP-102
QC-0006427,GR-0006427,MAT-00093,SUP-0040,2025-12-08,177,20,112994,DEF_DIMENSIONAL,REJECTED,INSP-118
QC-0006428,GR-0006428,MAT-00937,SUP-0052,2025-12-26,130,11,84615,DEF_METALLURGY,REJECTED,INSP-102
QC-0006429,GR-0006429,MAT-00681,SUP-0101,2026-01-14,42,5,119047,DEF_DIMENSIONAL,REJECTED,INSP-107
QC-0006430,GR-0006430,MAT-00815,SUP-0099,2025-03-09,562,3,5338,DEF_METALLURGY,CONCESSION,INSP-123
QC-0006431,GR-0006431,MAT-00424,SUP-0012,2025-04-25,120,15,125000,DEF_ELECTRICAL,REJECTED,INSP-108
QC-0006432,GR-0006432,MAT-00426,SUP-0012,2025-04-19,116,14,120689,DEF_SURFACE,REJECTED,INSP-109
QC-0006433,GR-0006433,MAT-00746,SUP-0012,2025-04-24,352,39,110795,DEF_DIMENSIONAL,REJECTED,INSP-111
QC-0006434,GR-0006434,MAT-00337,SUP-0084,2025-07-18,15,2,133333,DEF_ELECTRICAL,REJECTED,INSP-118
QC-0006435,GR-0006435,MAT-01074,SUP-0093,2025-05-06,308,73,237012,DEF_CONTAMINATION,REJECTED,INSP-120
QC-0006436,GR-0006436,MAT-01127,SUP-0093,2025-04-12,139,29,208633,DEF_SURFACE,REJECTED,INSP-110
QC-0006437,GR-0006437,MAT-00818,SUP-0119,2026-01-04,176,19,107954,DEF_METALLURGY,REJECTED,INSP-109
QC-0006438,GR-0006438,MAT-00347,SUP-0119,2026-01-02,40,1,25000,DEF_PACKAGING,CONCESSION,INSP-124
QC-0006439,GR-0006439,MAT-00812,SUP-0119,2026-01-02,584,45,77054,DEF_METALLURGY,REJECTED,INSP-109
QC-0006440,GR-0006440,MAT-00403,SUP-0077,2026-01-15,77,7,90909,DEF_CONTAMINATION,REJECTED,INSP-101
QC-0006441,GR-0006441,MAT-00781,SUP-0077,2026-01-14,98,10,102040,DEF_CONTAMINATION,REJECTED,INSP-101
QC-0006442,GR-0006442,MAT-00790,SUP-0077,2026-01-14,517,48,92843,DEF_METALLURGY,REJECTED,INSP-107
QC-0006443,GR-0006443,MAT-00072,SUP-0069,2026-03-09,10,0,0,,ACCEPTED,INSP-125
QC-0006444,GR-0006444,MAT-00876,SUP-0093,2025-04-05,10,3,300000,DEF_ELECTRICAL,REJECTED,INSP-103
QC-0006445,GR-0006445,MAT-00544,SUP-0093,2025-05-05,134,34,253731,DEF_SURFACE,REJECTED,INSP-113
QC-0006446,GR-0006446,MAT-00953,SUP-0043,2025-12-15,70,5,71428,DEF_CONTAMINATION,REJECTED,INSP-123
QC-0006447,GR-0006447,MAT-00068,SUP-0073,2025-11-24,128,12,93750,DEF_SURFACE,REJECTED,INSP-123
QC-0006448,GR-0006448,MAT-00345,SUP-0096,2025-11-27,31,0,0,,ACCEPTED,INSP-116
QC-0006449,GR-0006449,MAT-00550,SUP-0096,2025-11-29,612,41,66993,DEF_CONTAMINATION,REJECTED,INSP-109
QC-0006450,GR-0006450,MAT-00814,SUP-0096,2025-11-27,10,1,100000,DEF_METALLURGY,REJECTED,INSP-113
QC-0006451,GR-0006451,MAT-01101,SUP-0096,2025-11-30,15,2,133333,DEF_ELECTRICAL,REJECTED,INSP-116
QC-0006452,GR-0006452,MAT-00732,SUP-0062,2025-05-30,39,1,25641,DEF_SURFACE,CONCESSION,INSP-101
QC-0006453,GR-0006453,MAT-00805,SUP-0002,2026-01-18,44,7,159090,DEF_METALLURGY,REJECTED,INSP-102
QC-0006454,GR-0006454,MAT-00146,SUP-0002,2026-01-23,60,6,100000,DEF_DIMENSIONAL,REJECTED,INSP-102
QC-0006455,GR-0006455,MAT-00158,SUP-0041,2025-11-30,124,11,88709,DEF_CONTAMINATION,REJECTED,INSP-101
QC-0006456,GR-0006456,MAT-00931,SUP-0003,2026-02-16,58,6,103448,DEF_SURFACE,REJECTED,INSP-102
QC-0006457,GR-0006457,MAT-00299,SUP-0019,2025-11-22,76,6,78947,DEF_DIMENSIONAL,REJECTED,INSP-120
QC-0006458,GR-0006458,MAT-01131,SUP-0062,2025-07-25,17,0,0,,ACCEPTED,INSP-113
QC-0006459,GR-0006459,MAT-00178,SUP-0012,2026-01-10,10,1,100000,DEF_PACKAGING,REJECTED,INSP-116
QC-0006460,GR-0006460,MAT-00530,SUP-0013,2025-07-28,250,24,96000,DEF_METALLURGY,REJECTED,INSP-124
QC-0006461,GR-0006461,MAT-00443,SUP-0097,2026-04-16,319,20,62695,DEF_PACKAGING,REJECTED,INSP-102
QC-0006462,GR-0006462,MAT-00399,SUP-0094,2025-12-22,36,0,0,,ACCEPTED,INSP-106
QC-0006463,GR-0006463,MAT-01181,SUP-0094,2025-12-19,129,1,7751,DEF_CONTAMINATION,CONCESSION,INSP-124
QC-0006464,GR-0006464,MAT-00797,SUP-0109,2025-07-14,118,1,8474,DEF_CONTAMINATION,CONCESSION,INSP-108
QC-0006465,GR-0006465,MAT-00052,SUP-0004,2025-12-14,184,29,157608,DEF_ELECTRICAL,REJECTED,INSP-113
QC-0006466,GR-0006466,MAT-00414,SUP-0084,2025-05-23,521,23,44145,DEF_DIMENSIONAL,REJECTED,INSP-121
QC-0006467,GR-0006467,MAT-01148,SUP-0084,2025-05-21,171,11,64327,DEF_DIMENSIONAL,REJECTED,INSP-123
QC-0006468,GR-0006468,MAT-00455,SUP-0084,2025-05-26,10,0,0,,ACCEPTED,INSP-122
QC-0006469,GR-0006469,MAT-00179,SUP-0084,2026-01-08,21,2,95238,DEF_SURFACE,REJECTED,INSP-121
QC-0006470,GR-0006470,MAT-00921,SUP-0054,2025-09-11,12,1,83333,DEF_PACKAGING,REJECTED,INSP-105
QC-0006471,GR-0006471,MAT-00295,SUP-0109,2026-02-24,24,0,0,,ACCEPTED,INSP-106
QC-0006472,GR-0006472,MAT-00854,SUP-0085,2026-02-22,270,4,14814,DEF_METALLURGY,CONCESSION,INSP-111
QC-0006473,GR-0006473,MAT-01176,SUP-0085,2026-02-24,33,0,0,,ACCEPTED,INSP-101
QC-0006474,GR-0006474,MAT-01055,SUP-0109,2025-11-25,17,0,0,,ACCEPTED,INSP-114
QC-0006475,GR-0006475,MAT-00853,SUP-0012,2025-10-29,15,1,66666,DEF_METALLURGY,REJECTED,INSP-108
QC-0006476,GR-0006476,MAT-01095,SUP-0103,2026-03-11,38,7,184210,DEF_SURFACE,REJECTED,INSP-105
QC-0006477,GR-0006477,MAT-00737,SUP-0090,2025-12-16,57,6,105263,DEF_DIMENSIONAL,REJECTED,INSP-121
QC-0006478,GR-0006478,MAT-00992,SUP-0072,2026-01-15,339,85,250737,DEF_SURFACE,REJECTED,INSP-123
QC-0006479,GR-0006479,MAT-00714,SUP-0065,2025-06-09,19,2,105263,DEF_DIMENSIONAL,REJECTED,INSP-104
QC-0006480,GR-0006480,MAT-01185,SUP-0065,2025-06-09,13,1,76923,DEF_CONTAMINATION,REJECTED,INSP-116
QC-0006481,GR-0006481,MAT-00381,SUP-0044,2025-12-14,549,74,134790,DEF_DIMENSIONAL,REJECTED,INSP-121
QC-0006482,GR-0006482,MAT-00693,SUP-0088,2026-03-25,614,16,26058,DEF_CONTAMINATION,CONCESSION,INSP-105
QC-0006483,GR-0006483,MAT-00607,SUP-0021,2026-03-24,10,3,300000,DEF_METALLURGY,REJECTED,INSP-111
QC-0006484,GR-0006484,MAT-00010,SUP-0021,2026-03-24,71,0,0,,ACCEPTED,INSP-117
QC-0006485,GR-0006485,MAT-00699,SUP-0055,2025-06-08,98,3,30612,DEF_METALLURGY,CONCESSION,INSP-117
QC-0006486,GR-0006486,MAT-00625,SUP-0055,2025-06-08,17,0,0,,ACCEPTED,INSP-121
QC-0006487,GR-0006487,MAT-00981,SUP-0112,2025-05-28,68,5,73529,DEF_ELECTRICAL,REJECTED,INSP-116
QC-0006488,GR-0006488,MAT-00008,SUP-0045,2025-08-24,24,5,208333,DEF_CONTAMINATION,REJECTED,INSP-121
QC-0006489,GR-0006489,MAT-00179,SUP-0045,2025-09-02,23,1,43478,DEF_PACKAGING,REJECTED,INSP-123
QC-0006490,GR-0006490,MAT-00819,SUP-0088,2026-03-30,178,5,28089,DEF_METALLURGY,CONCESSION,INSP-104
QC-0006491,GR-0006491,MAT-00887,SUP-0088,2026-03-30,12,0,0,,ACCEPTED,INSP-111
QC-0006492,GR-0006492,MAT-00862,SUP-0034,2026-02-08,24,1,41666,DEF_SURFACE,REJECTED,INSP-122
QC-0006493,GR-0006493,MAT-00777,SUP-0034,2026-02-08,37,1,27027,DEF_CONTAMINATION,CONCESSION,INSP-118
QC-0006494,GR-0006494,MAT-00845,SUP-0034,2026-02-06,125,12,96000,DEF_DIMENSIONAL,REJECTED,INSP-125
QC-0006495,GR-0006495,MAT-00832,SUP-0065,2025-06-21,369,49,132791,DEF_DIMENSIONAL,REJECTED,INSP-112
QC-0006496,GR-0006496,MAT-01172,SUP-0035,2026-02-02,274,52,189781,DEF_DIMENSIONAL,REJECTED,INSP-103
QC-0006497,GR-0006497,MAT-00857,SUP-0117,2026-03-08,215,23,106976,DEF_ELECTRICAL,REJECTED,INSP-115
QC-0006498,GR-0006498,MAT-00557,SUP-0105,2025-08-19,10,1,100000,DEF_DIMENSIONAL,REJECTED,INSP-104
QC-0006499,GR-0006499,MAT-00618,SUP-0037,2026-01-08,16,0,0,,ACCEPTED,INSP-107
QC-0006500,GR-0006500,MAT-00393,SUP-0037,2026-01-14,733,34,46384,DEF_CONTAMINATION,REJECTED,INSP-111
QC-0006501,GR-0006501,MAT-00190,SUP-0078,2025-08-19,422,42,99526,DEF_DIMENSIONAL,REJECTED,INSP-104
QC-0006502,GR-0006502,MAT-00207,SUP-0055,2026-01-24,14,0,0,,ACCEPTED,INSP-117
QC-0006503,GR-0006503,MAT-01146,SUP-0052,2026-04-06,12,0,0,,ACCEPTED,INSP-123
QC-0006504,GR-0006504,MAT-00208,SUP-0081,2025-07-15,12,3,250000,DEF_PACKAGING,REJECTED,INSP-117
QC-0006505,GR-0006505,MAT-00446,SUP-0081,2025-07-12,340,44,129411,DEF_ELECTRICAL,REJECTED,INSP-111
QC-0006506,GR-0006506,MAT-00401,SUP-0109,2025-12-20,36,0,0,,ACCEPTED,INSP-103
QC-0006507,GR-0006507,MAT-00534,SUP-0089,2025-06-28,35,3,85714,DEF_DIMENSIONAL,REJECTED,INSP-114
QC-0006508,GR-0006508,MAT-00341,SUP-0089,2025-06-23,183,15,81967,DEF_METALLURGY,REJECTED,INSP-123
QC-0006509,GR-0006509,MAT-00221,SUP-0009,2025-12-15,563,110,195381,DEF_PACKAGING,REJECTED,INSP-110
QC-0006510,GR-0006510,MAT-00302,SUP-0009,2025-12-26,10,1,100000,DEF_ELECTRICAL,REJECTED,INSP-123
QC-0006511,GR-0006511,MAT-01105,SUP-0009,2025-12-14,57,16,280701,DEF_SURFACE,REJECTED,INSP-112
QC-0006512,GR-0006512,MAT-00522,SUP-0009,2025-12-16,10,3,300000,DEF_DIMENSIONAL,REJECTED,INSP-120
QC-0006513,GR-0006513,MAT-01129,SUP-0087,2025-07-12,357,7,19607,DEF_DIMENSIONAL,CONCESSION,INSP-123
QC-0006514,GR-0006514,MAT-00243,SUP-0087,2025-07-11,27,0,0,,ACCEPTED,INSP-120
QC-0006515,GR-0006515,MAT-00856,SUP-0087,2025-07-13,49,3,61224,DEF_PACKAGING,REJECTED,INSP-111
QC-0006516,GR-0006516,MAT-00205,SUP-0018,2026-01-30,81,6,74074,DEF_ELECTRICAL,REJECTED,INSP-109
QC-0006517,GR-0006517,MAT-00401,SUP-0109,2026-02-05,33,0,0,,ACCEPTED,INSP-124
QC-0006518,GR-0006518,MAT-00411,SUP-0109,2026-02-08,10,0,0,,ACCEPTED,INSP-111
QC-0006519,GR-0006519,MAT-01060,SUP-0081,2025-06-28,141,12,85106,DEF_SURFACE,REJECTED,INSP-121
QC-0006520,GR-0006520,MAT-00791,SUP-0052,2025-12-14,341,31,90909,DEF_SURFACE,REJECTED,INSP-104
QC-0006521,GR-0006521,MAT-00494,SUP-0052,2025-12-07,14,3,214285,DEF_ELECTRICAL,REJECTED,INSP-119
QC-0006522,GR-0006522,MAT-00041,SUP-0052,2025-12-17,43,4,93023,DEF_METALLURGY,REJECTED,INSP-123
QC-0006523,GR-0006523,MAT-00486,SUP-0095,2026-02-27,30,0,0,,ACCEPTED,INSP-107
QC-0006524,GR-0006524,MAT-00217,SUP-0110,2025-12-15,10,2,200000,DEF_PACKAGING,REJECTED,INSP-108
QC-0006525,GR-0006525,MAT-01144,SUP-0110,2025-12-02,190,13,68421,DEF_METALLURGY,REJECTED,INSP-116
QC-0006526,GR-0006526,MAT-00529,SUP-0110,2025-12-08,11,0,0,,ACCEPTED,INSP-105
QC-0006527,GR-0006527,MAT-00530,SUP-0013,2025-10-22,184,10,54347,DEF_ELECTRICAL,REJECTED,INSP-104
QC-0006528,GR-0006528,MAT-00801,SUP-0078,2025-11-28,23,0,0,,ACCEPTED,INSP-117
QC-0006529,GR-0006529,MAT-00557,SUP-0078,2025-11-26,10,0,0,,ACCEPTED,INSP-118
QC-0006530,GR-0006530,MAT-00955,SUP-0068,2025-11-21,103,2,19417,DEF_PACKAGING,CONCESSION,INSP-111
QC-0006531,GR-0006531,MAT-00118,SUP-0076,2025-12-10,546,59,108058,DEF_PACKAGING,REJECTED,INSP-103
QC-0006532,GR-0006532,MAT-00127,SUP-0104,2026-03-30,45,3,66666,DEF_SURFACE,REJECTED,INSP-113
QC-0006533,GR-0006533,MAT-01044,SUP-0104,2026-03-27,174,11,63218,DEF_PACKAGING,REJECTED,INSP-124
QC-0006534,GR-0006534,MAT-00660,SUP-0102,2026-03-12,59,2,33898,DEF_PACKAGING,CONCESSION,INSP-108
QC-0006535,GR-0006535,MAT-00876,SUP-0102,2026-03-13,10,1,100000,DEF_ELECTRICAL,REJECTED,INSP-119
QC-0006536,GR-0006536,MAT-00443,SUP-0102,2026-03-08,343,9,26239,DEF_CONTAMINATION,CONCESSION,INSP-101
QC-0006537,GR-0006537,MAT-00633,SUP-0085,2025-10-19,92,3,32608,DEF_ELECTRICAL,CONCESSION,INSP-110
QC-0006538,GR-0006538,MAT-01186,SUP-0085,2025-10-19,21,1,47619,DEF_PACKAGING,REJECTED,INSP-118
QC-0006539,GR-0006539,MAT-00949,SUP-0093,2025-11-01,354,84,237288,DEF_SURFACE,REJECTED,INSP-108
QC-0006540,GR-0006540,MAT-01179,SUP-0029,2025-12-08,371,37,99730,DEF_ELECTRICAL,REJECTED,INSP-101
QC-0006541,GR-0006541,MAT-00465,SUP-0029,2025-12-10,44,2,45454,DEF_CONTAMINATION,REJECTED,INSP-102
QC-0006542,GR-0006542,MAT-00834,SUP-0054,2025-12-29,208,20,96153,DEF_METALLURGY,REJECTED,INSP-119
QC-0006543,GR-0006543,MAT-00946,SUP-0003,2025-08-25,53,4,75471,DEF_CONTAMINATION,REJECTED,INSP-110
QC-0006544,GR-0006544,MAT-00682,SUP-0085,2026-02-11,31,0,0,,ACCEPTED,INSP-117
QC-0006545,GR-0006545,MAT-00871,SUP-0085,2026-02-11,137,3,21897,DEF_CONTAMINATION,CONCESSION,INSP-117
QC-0006546,GR-0006546,MAT-01068,SUP-0085,2026-02-12,259,4,15444,DEF_SURFACE,CONCESSION,INSP-115
QC-0006547,GR-0006547,MAT-01030,SUP-0046,2025-12-04,315,25,79365,DEF_PACKAGING,REJECTED,INSP-115
QC-0006548,GR-0006548,MAT-01176,SUP-0002,2025-09-28,26,4,153846,DEF_DIMENSIONAL,REJECTED,INSP-115
QC-0006549,GR-0006549,MAT-00249,SUP-0041,2025-06-19,164,18,109756,DEF_DIMENSIONAL,REJECTED,INSP-102
QC-0006550,GR-0006550,MAT-00450,SUP-0041,2025-06-13,20,4,200000,DEF_DIMENSIONAL,REJECTED,INSP-123
QC-0006551,GR-0006551,MAT-01160,SUP-0019,2025-08-24,10,0,0,,ACCEPTED,INSP-110
QC-0006552,GR-0006552,MAT-00994,SUP-0083,2025-07-27,213,17,79812,DEF_SURFACE,REJECTED,INSP-119
QC-0006553,GR-0006553,MAT-01001,SUP-0030,2025-10-05,41,8,195121,DEF_SURFACE,REJECTED,INSP-107
QC-0006554,GR-0006554,MAT-00725,SUP-0120,2025-04-19,629,24,38155,DEF_PACKAGING,CONCESSION,INSP-113
QC-0006555,GR-0006555,MAT-00468,SUP-0119,2025-10-12,78,14,179487,DEF_SURFACE,REJECTED,INSP-109
QC-0006556,GR-0006556,MAT-00129,SUP-0119,2025-10-08,11,1,90909,DEF_CONTAMINATION,REJECTED,INSP-106
QC-0006557,GR-0006557,MAT-01052,SUP-0083,2025-12-27,64,7,109375,DEF_SURFACE,REJECTED,INSP-121
QC-0006558,GR-0006558,MAT-00181,SUP-0083,2025-12-22,60,5,83333,DEF_PACKAGING,REJECTED,INSP-111
QC-0006559,GR-0006559,MAT-00432,SUP-0053,2025-12-24,88,7,79545,DEF_PACKAGING,REJECTED,INSP-110
QC-0006560,GR-0006560,MAT-00192,SUP-0053,2025-12-23,332,41,123493,DEF_PACKAGING,REJECTED,INSP-118
QC-0006561,GR-0006561,MAT-00526,SUP-0116,2025-09-28,162,4,24691,DEF_ELECTRICAL,CONCESSION,INSP-112
QC-0006562,GR-0006562,MAT-00759,SUP-0044,2025-12-19,141,22,156028,DEF_PACKAGING,REJECTED,INSP-124
QC-0006563,GR-0006563,MAT-00600,SUP-0029,2025-11-01,11,0,0,,ACCEPTED,INSP-118
QC-0006564,GR-0006564,MAT-00783,SUP-0058,2025-09-05,307,18,58631,DEF_PACKAGING,REJECTED,INSP-117
QC-0006565,GR-0006565,MAT-01143,SUP-0058,2025-09-04,16,0,0,,ACCEPTED,INSP-115
QC-0006566,GR-0006566,MAT-00630,SUP-0058,2025-09-09,16,1,62500,DEF_DIMENSIONAL,REJECTED,INSP-104
QC-0006567,GR-0006567,MAT-00849,SUP-0010,2025-08-21,57,5,87719,DEF_ELECTRICAL,REJECTED,INSP-115
QC-0006568,GR-0006568,MAT-01150,SUP-0088,2025-11-14,10,0,0,,ACCEPTED,INSP-117
QC-0006569,GR-0006569,MAT-00241,SUP-0017,2026-03-13,15,3,200000,DEF_METALLURGY,REJECTED,INSP-103
QC-0006570,GR-0006570,MAT-00539,SUP-0017,2026-03-13,158,44,278481,DEF_DIMENSIONAL,REJECTED,INSP-121
QC-0006571,GR-0006571,MAT-00085,SUP-0083,2025-08-20,29,0,0,,ACCEPTED,INSP-101
QC-0006572,GR-0006572,MAT-00596,SUP-0083,2025-08-25,706,34,48158,DEF_SURFACE,REJECTED,INSP-111
QC-0006573,GR-0006573,MAT-00244,SUP-0068,2026-02-01,13,0,0,,ACCEPTED,INSP-122
QC-0006574,GR-0006574,MAT-00584,SUP-0068,2026-01-31,58,0,0,,ACCEPTED,INSP-104
QC-0006575,GR-0006575,MAT-00479,SUP-0099,2025-03-20,60,0,0,,ACCEPTED,INSP-106
QC-0006576,GR-0006576,MAT-00205,SUP-0099,2025-03-19,131,4,30534,DEF_SURFACE,CONCESSION,INSP-105
QC-0006577,GR-0006577,MAT-01089,SUP-0086,2025-10-19,16,0,0,,ACCEPTED,INSP-110
QC-0006578,GR-0006578,MAT-00386,SUP-0086,2025-10-21,245,2,8163,DEF_PACKAGING,CONCESSION,INSP-116
QC-0006579,GR-0006579,MAT-00451,SUP-0091,2026-02-14,23,1,43478,DEF_METALLURGY,REJECTED,INSP-117
QC-0006580,GR-0006580,MAT-00174,SUP-0091,2026-02-15,273,10,36630,DEF_SURFACE,CONCESSION,INSP-114
QC-0006581,GR-0006581,MAT-00056,SUP-0068,2025-10-03,237,3,12658,DEF_DIMENSIONAL,CONCESSION,INSP-123
QC-0006582,GR-0006582,MAT-00494,SUP-0120,2025-12-23,11,1,90909,DEF_SURFACE,REJECTED,INSP-120
QC-0006583,GR-0006583,MAT-00729,SUP-0120,2025-12-27,10,0,0,,ACCEPTED,INSP-124
QC-0006584,GR-0006584,MAT-00649,SUP-0055,2025-08-05,94,2,21276,DEF_ELECTRICAL,CONCESSION,INSP-121
QC-0006585,GR-0006585,MAT-00143,SUP-0099,2026-02-01,14,0,0,,ACCEPTED,INSP-118
QC-0006586,GR-0006586,MAT-01072,SUP-0099,2026-01-29,19,0,0,,ACCEPTED,INSP-117
QC-0006587,GR-0006587,MAT-01159,SUP-0058,2025-05-07,216,11,50925,DEF_METALLURGY,REJECTED,INSP-104
QC-0006588,GR-0006588,MAT-01029,SUP-0108,2026-03-17,52,3,57692,DEF_METALLURGY,REJECTED,INSP-106
QC-0006589,GR-0006589,MAT-00155,SUP-0008,2025-08-26,267,29,108614,DEF_CONTAMINATION,REJECTED,INSP-101
QC-0006590,GR-0006590,MAT-00495,SUP-0009,2025-11-10,37,6,162162,DEF_SURFACE,REJECTED,INSP-117
QC-0006591,GR-0006591,MAT-00184,SUP-0009,2025-11-12,82,18,219512,DEF_SURFACE,REJECTED,INSP-104
QC-0006592,GR-0006592,MAT-00985,SUP-0084,2026-02-07,41,1,24390,DEF_SURFACE,CONCESSION,INSP-122
QC-0006593,GR-0006593,MAT-00656,SUP-0088,2025-09-28,256,8,31250,DEF_CONTAMINATION,CONCESSION,INSP-101
QC-0006594,GR-0006594,MAT-00615,SUP-0100,2026-04-06,10,0,0,,ACCEPTED,INSP-113
QC-0006595,GR-0006595,MAT-01142,SUP-0100,2026-04-07,367,10,27247,DEF_PACKAGING,CONCESSION,INSP-117
QC-0006596,GR-0006596,MAT-00707,SUP-0029,2025-07-10,17,1,58823,DEF_ELECTRICAL,REJECTED,INSP-125
QC-0006597,GR-0006597,MAT-00746,SUP-0093,2025-08-28,168,36,214285,DEF_CONTAMINATION,REJECTED,INSP-119
QC-0006598,GR-0006598,MAT-00290,SUP-0093,2025-08-20,76,14,184210,DEF_SURFACE,REJECTED,INSP-103
QC-0006599,GR-0006599,MAT-00556,SUP-0095,2025-11-18,564,16,28368,DEF_SURFACE,CONCESSION,INSP-105
QC-0006600,GR-0006600,MAT-00955,SUP-0095,2025-11-22,39,2,51282,DEF_CONTAMINATION,REJECTED,INSP-106
QC-0006601,GR-0006601,MAT-00387,SUP-0076,2025-06-22,21,1,47619,DEF_METALLURGY,REJECTED,INSP-118
QC-0006602,GR-0006602,MAT-00112,SUP-0076,2025-06-10,21,2,95238,DEF_CONTAMINATION,REJECTED,INSP-110
QC-0006603,GR-0006603,MAT-00515,SUP-0012,2025-07-29,127,16,125984,DEF_PACKAGING,REJECTED,INSP-122
QC-0006604,GR-0006604,MAT-00562,SUP-0012,2025-07-27,10,2,200000,DEF_PACKAGING,REJECTED,INSP-107
QC-0006605,GR-0006605,MAT-00107,SUP-0012,2025-08-01,287,26,90592,DEF_SURFACE,REJECTED,INSP-117
QC-0006606,GR-0006606,MAT-00997,SUP-0012,2025-07-30,57,8,140350,DEF_METALLURGY,REJECTED,INSP-109
QC-0006607,GR-0006607,MAT-01012,SUP-0017,2025-12-21,258,80,310077,DEF_SURFACE,REJECTED,INSP-125
QC-0006608,GR-0006608,MAT-01091,SUP-0034,2025-12-18,400,19,47500,DEF_DIMENSIONAL,REJECTED,INSP-111
QC-0006609,GR-0006609,MAT-00203,SUP-0029,2025-09-18,44,6,136363,DEF_PACKAGING,REJECTED,INSP-101
QC-0006610,GR-0006610,MAT-01151,SUP-0029,2025-09-18,128,14,109375,DEF_PACKAGING,REJECTED,INSP-121
QC-0006611,GR-0006611,MAT-00753,SUP-0088,2026-01-29,36,1,27777,DEF_METALLURGY,CONCESSION,INSP-110
QC-0006612,GR-0006612,MAT-00668,SUP-0086,2026-01-04,329,2,6079,DEF_SURFACE,CONCESSION,INSP-115
QC-0006613,GR-0006613,MAT-00895,SUP-0084,2026-01-23,223,10,44843,DEF_ELECTRICAL,REJECTED,INSP-101
QC-0006614,GR-0006614,MAT-00010,SUP-0081,2025-05-18,71,7,98591,DEF_METALLURGY,REJECTED,INSP-113
QC-0006615,GR-0006615,MAT-00108,SUP-0081,2025-05-16,387,49,126614,DEF_PACKAGING,REJECTED,INSP-106
QC-0006616,GR-0006616,MAT-01191,SUP-0081,2025-05-16,99,9,90909,DEF_METALLURGY,REJECTED,INSP-124
QC-0006617,GR-0006617,MAT-00574,SUP-0065,2025-06-30,10,0,0,,ACCEPTED,INSP-106
QC-0006618,GR-0006618,MAT-00282,SUP-0065,2025-06-29,337,41,121661,DEF_CONTAMINATION,REJECTED,INSP-112
QC-0006619,GR-0006619,MAT-00679,SUP-0001,2025-05-01,21,4,190476,DEF_DIMENSIONAL,REJECTED,INSP-117
QC-0006620,GR-0006620,MAT-00774,SUP-0001,2025-04-01,724,174,240331,DEF_METALLURGY,REJECTED,INSP-105
QC-0006621,GR-0006621,MAT-01024,SUP-0001,2025-04-08,51,11,215686,DEF_SURFACE,REJECTED,INSP-122
QC-0006622,GR-0006622,MAT-00799,SUP-0058,2026-03-02,81,2,24691,DEF_DIMENSIONAL,CONCESSION,INSP-102
QC-0006623,GR-0006623,MAT-00856,SUP-0069,2026-02-26,52,1,19230,DEF_SURFACE,CONCESSION,INSP-114
QC-0006624,GR-0006624,MAT-00334,SUP-0069,2026-02-25,83,1,12048,DEF_DIMENSIONAL,CONCESSION,INSP-107
QC-0006625,GR-0006625,MAT-00324,SUP-0069,2026-02-25,12,1,83333,DEF_PACKAGING,REJECTED,INSP-106
QC-0006626,GR-0006626,MAT-00358,SUP-0018,2025-12-02,243,22,90534,DEF_SURFACE,REJECTED,INSP-119
QC-0006627,GR-0006627,MAT-00358,SUP-0018,2025-12-07,249,21,84337,DEF_METALLURGY,REJECTED,INSP-115
QC-0006628,GR-0006628,MAT-00577,SUP-0018,2025-12-07,154,14,90909,DEF_ELECTRICAL,REJECTED,INSP-122
QC-0006629,GR-0006629,MAT-00783,SUP-0058,2025-09-27,290,14,48275,DEF_ELECTRICAL,REJECTED,INSP-104
QC-0006630,GR-0006630,MAT-00602,SUP-0113,2025-07-16,10,1,100000,DEF_SURFACE,REJECTED,INSP-105
QC-0006631,GR-0006631,MAT-00200,SUP-0104,2025-09-30,486,28,57613,DEF_METALLURGY,REJECTED,INSP-122
QC-0006632,GR-0006632,MAT-00493,SUP-0104,2025-10-01,588,41,69727,DEF_CONTAMINATION,REJECTED,INSP-118
QC-0006633,GR-0006633,MAT-01119,SUP-0004,2025-10-26,286,37,129370,DEF_DIMENSIONAL,REJECTED,INSP-115
QC-0006634,GR-0006634,MAT-01025,SUP-0004,2025-10-30,66,14,212121,DEF_CONTAMINATION,REJECTED,INSP-110
QC-0006635,GR-0006635,MAT-00601,SUP-0004,2025-11-02,24,4,166666,DEF_METALLURGY,REJECTED,INSP-105
QC-0006636,GR-0006636,MAT-00137,SUP-0004,2025-10-26,10,0,0,,ACCEPTED,INSP-115
QC-0006637,GR-0006637,MAT-00712,SUP-0044,2026-03-23,20,3,150000,DEF_SURFACE,REJECTED,INSP-121
QC-0006638,GR-0006638,MAT-00696,SUP-0044,2026-03-24,235,43,182978,DEF_PACKAGING,REJECTED,INSP-120
QC-0006639,GR-0006639,MAT-01127,SUP-0107,2025-12-06,123,6,48780,DEF_SURFACE,REJECTED,INSP-108
QC-0006640,GR-0006640,MAT-00091,SUP-0107,2025-12-14,201,11,54726,DEF_PACKAGING,REJECTED,INSP-117
QC-0006641,GR-0006641,MAT-00184,SUP-0107,2025-12-13,223,18,80717,DEF_DIMENSIONAL,REJECTED,INSP-117
QC-0006642,GR-0006642,MAT-00619,SUP-0107,2025-12-10,15,1,66666,DEF_METALLURGY,REJECTED,INSP-122
QC-0006643,GR-0006643,MAT-00937,SUP-0052,2025-05-28,128,9,70312,DEF_DIMENSIONAL,REJECTED,INSP-112
QC-0006644,GR-0006644,MAT-00490,SUP-0082,2025-05-07,51,6,117647,DEF_SURFACE,REJECTED,INSP-103
QC-0006645,GR-0006645,MAT-00198,SUP-0082,2025-05-06,707,122,172560,DEF_METALLURGY,REJECTED,INSP-106
QC-0006646,GR-0006646,MAT-00111,SUP-0058,2025-06-13,343,18,52478,DEF_SURFACE,REJECTED,INSP-112
QC-0006647,GR-0006647,MAT-00798,SUP-0058,2025-06-13,13,0,0,,ACCEPTED,INSP-109
QC-0006648,GR-0006648,MAT-00209,SUP-0058,2025-06-14,520,21,40384,DEF_PACKAGING,REJECTED,INSP-109
QC-0006649,GR-0006649,MAT-00927,SUP-0058,2025-06-10,689,27,39187,DEF_METALLURGY,CONCESSION,INSP-116
QC-0006650,GR-0006650,MAT-00552,SUP-0079,2025-11-06,222,31,139639,DEF_METALLURGY,REJECTED,INSP-111
QC-0006651,GR-0006651,MAT-00034,SUP-0079,2026-01-11,32,2,62500,DEF_ELECTRICAL,REJECTED,INSP-115
QC-0006652,GR-0006652,MAT-00184,SUP-0030,2026-03-17,324,24,74074,DEF_DIMENSIONAL,REJECTED,INSP-119
QC-0006653,GR-0006653,MAT-01121,SUP-0030,2026-03-21,41,7,170731,DEF_ELECTRICAL,REJECTED,INSP-105
QC-0006654,GR-0006654,MAT-00665,SUP-0009,2026-01-03,10,3,300000,DEF_PACKAGING,REJECTED,INSP-105
QC-0006655,GR-0006655,MAT-00248,SUP-0012,2025-10-02,302,34,112582,DEF_METALLURGY,REJECTED,INSP-101
QC-0006656,GR-0006656,MAT-00005,SUP-0012,2025-10-07,369,32,86720,DEF_ELECTRICAL,REJECTED,INSP-124
QC-0006657,GR-0006657,MAT-00907,SUP-0012,2025-10-07,646,78,120743,DEF_DIMENSIONAL,REJECTED,INSP-103
QC-0006658,GR-0006658,MAT-00231,SUP-0108,2026-04-04,475,53,111578,DEF_PACKAGING,REJECTED,INSP-109
QC-0006659,GR-0006659,MAT-01140,SUP-0019,2026-02-21,15,1,66666,DEF_ELECTRICAL,REJECTED,INSP-124
QC-0006660,GR-0006660,MAT-00738,SUP-0077,2025-07-23,28,3,107142,DEF_METALLURGY,REJECTED,INSP-110
QC-0006661,GR-0006661,MAT-01195,SUP-0077,2025-07-25,25,1,40000,DEF_ELECTRICAL,REJECTED,INSP-107
QC-0006662,GR-0006662,MAT-00270,SUP-0059,2026-02-20,16,3,187500,DEF_SURFACE,REJECTED,INSP-111
QC-0006663,GR-0006663,MAT-00796,SUP-0059,2026-01-28,243,38,156378,DEF_SURFACE,REJECTED,INSP-105
QC-0006664,GR-0006664,MAT-00516,SUP-0044,2026-01-10,134,23,171641,DEF_PACKAGING,REJECTED,INSP-101
QC-0006665,GR-0006665,MAT-01019,SUP-0044,2025-12-31,202,37,183168,DEF_METALLURGY,REJECTED,INSP-105
QC-0006666,GR-0006666,MAT-00040,SUP-0044,2026-01-06,15,2,133333,DEF_SURFACE,REJECTED,INSP-119
QC-0006667,GR-0006667,MAT-00462,SUP-0083,2026-01-11,13,0,0,,ACCEPTED,INSP-124
QC-0006668,GR-0006668,MAT-00535,SUP-0084,2025-12-26,136,5,36764,DEF_ELECTRICAL,CONCESSION,INSP-125
QC-0006669,GR-0006669,MAT-00411,SUP-0084,2025-12-23,10,2,200000,DEF_ELECTRICAL,REJECTED,INSP-115
QC-0006670,GR-0006670,MAT-00735,SUP-0084,2025-12-21,48,1,20833,DEF_METALLURGY,CONCESSION,INSP-121
QC-0006671,GR-0006671,MAT-01049,SUP-0076,2025-12-21,434,41,94470,DEF_METALLURGY,REJECTED,INSP-107
QC-0006672,GR-0006672,MAT-01083,SUP-0017,2025-06-18,263,78,296577,DEF_ELECTRICAL,REJECTED,INSP-106
QC-0006673,GR-0006673,MAT-00180,SUP-0013,2025-05-15,10,0,0,,ACCEPTED,INSP-120
QC-0006674,GR-0006674,MAT-00328,SUP-0077,2025-08-02,31,3,96774,DEF_DIMENSIONAL,REJECTED,INSP-103
QC-0006675,GR-0006675,MAT-00906,SUP-0092,2025-04-14,21,0,0,,ACCEPTED,INSP-115
QC-0006676,GR-0006676,MAT-01031,SUP-0092,2025-04-16,220,17,77272,DEF_SURFACE,REJECTED,INSP-102
QC-0006677,GR-0006677,MAT-00853,SUP-0012,2026-01-31,15,1,66666,DEF_PACKAGING,REJECTED,INSP-114
QC-0006678,GR-0006678,MAT-00084,SUP-0110,2026-01-25,147,10,68027,DEF_METALLURGY,REJECTED,INSP-121
QC-0006679,GR-0006679,MAT-01040,SUP-0113,2025-07-02,22,2,90909,DEF_METALLURGY,REJECTED,INSP-112
QC-0006680,GR-0006680,MAT-00524,SUP-0103,2025-08-14,157,34,216560,DEF_METALLURGY,REJECTED,INSP-122
QC-0006681,GR-0006681,MAT-00290,SUP-0103,2025-08-10,275,41,149090,DEF_PACKAGING,REJECTED,INSP-119
QC-0006682,GR-0006682,MAT-00698,SUP-0011,2025-09-23,10,3,300000,DEF_ELECTRICAL,REJECTED,INSP-115
QC-0006683,GR-0006683,MAT-00604,SUP-0011,2025-09-19,62,5,80645,DEF_DIMENSIONAL,REJECTED,INSP-122
QC-0006684,GR-0006684,MAT-00564,SUP-0011,2025-09-19,30,0,0,,ACCEPTED,INSP-103
QC-0006685,GR-0006685,MAT-01022,SUP-0052,2025-09-01,161,8,49689,DEF_CONTAMINATION,REJECTED,INSP-118
QC-0006686,GR-0006686,MAT-00458,SUP-0052,2025-09-03,33,3,90909,DEF_METALLURGY,REJECTED,INSP-108
QC-0006687,GR-0006687,MAT-00196,SUP-0100,2025-10-10,76,2,26315,DEF_ELECTRICAL,CONCESSION,INSP-112
QC-0006688,GR-0006688,MAT-00460,SUP-0026,2025-09-14,25,6,240000,DEF_ELECTRICAL,REJECTED,INSP-104
QC-0006689,GR-0006689,MAT-00187,SUP-0118,2025-11-28,40,4,100000,DEF_PACKAGING,REJECTED,INSP-108
QC-0006690,GR-0006690,MAT-00477,SUP-0118,2025-12-07,10,0,0,,ACCEPTED,INSP-113
QC-0006691,GR-0006691,MAT-00335,SUP-0118,2025-11-26,15,1,66666,DEF_SURFACE,REJECTED,INSP-102
QC-0006692,GR-0006692,MAT-00097,SUP-0043,2025-11-06,706,51,72237,DEF_PACKAGING,REJECTED,INSP-101
QC-0006693,GR-0006693,MAT-00997,SUP-0043,2025-11-03,129,6,46511,DEF_METALLURGY,REJECTED,INSP-101
QC-0006694,GR-0006694,MAT-00790,SUP-0011,2025-05-05,176,21,119318,DEF_SURFACE,REJECTED,INSP-124
QC-0006695,GR-0006695,MAT-00281,SUP-0001,2025-08-17,153,35,228758,DEF_SURFACE,REJECTED,INSP-116
QC-0006696,GR-0006696,MAT-00774,SUP-0031,2025-06-12,550,102,185454,DEF_CONTAMINATION,REJECTED,INSP-101
QC-0006697,GR-0006697,MAT-00437,SUP-0031,2025-06-13,340,65,191176,DEF_DIMENSIONAL,REJECTED,INSP-112
QC-0006698,GR-0006698,MAT-01178,SUP-0074,2026-01-06,145,6,41379,DEF_CONTAMINATION,REJECTED,INSP-108
QC-0006699,GR-0006699,MAT-00090,SUP-0107,2025-04-27,51,3,58823,DEF_DIMENSIONAL,REJECTED,INSP-124
QC-0006700,GR-0006700,MAT-01110,SUP-0089,2026-03-06,10,0,0,,ACCEPTED,INSP-101
QC-0006701,GR-0006701,MAT-01079,SUP-0089,2026-03-04,321,24,74766,DEF_PACKAGING,REJECTED,INSP-109
QC-0006702,GR-0006702,MAT-01200,SUP-0089,2026-03-09,177,12,67796,DEF_ELECTRICAL,REJECTED,INSP-115
QC-0006703,GR-0006703,MAT-00526,SUP-0116,2025-11-19,158,7,44303,DEF_METALLURGY,REJECTED,INSP-107
QC-0006704,GR-0006704,MAT-00900,SUP-0116,2025-11-21,58,0,0,,ACCEPTED,INSP-122
QC-0006705,GR-0006705,MAT-00604,SUP-0109,2025-11-29,80,0,0,,ACCEPTED,INSP-108
QC-0006706,GR-0006706,MAT-00514,SUP-0109,2025-11-28,155,1,6451,DEF_PACKAGING,CONCESSION,INSP-104
QC-0006707,GR-0006707,MAT-00628,SUP-0051,2025-12-18,28,0,0,,ACCEPTED,INSP-109
QC-0006708,GR-0006708,MAT-00527,SUP-0055,2025-07-16,151,3,19867,DEF_CONTAMINATION,CONCESSION,INSP-113
QC-0006709,GR-0006709,MAT-00617,SUP-0082,2025-09-30,21,5,238095,DEF_CONTAMINATION,REJECTED,INSP-109
QC-0006710,GR-0006710,MAT-01059,SUP-0082,2025-09-23,190,43,226315,DEF_CONTAMINATION,REJECTED,INSP-103
QC-0006711,GR-0006711,MAT-00599,SUP-0082,2025-09-19,29,5,172413,DEF_PACKAGING,REJECTED,INSP-104
QC-0006712,GR-0006712,MAT-00328,SUP-0077,2025-09-28,35,3,85714,DEF_SURFACE,REJECTED,INSP-119
QC-0006713,GR-0006713,MAT-00807,SUP-0013,2025-12-28,243,16,65843,DEF_METALLURGY,REJECTED,INSP-104
QC-0006714,GR-0006714,MAT-00470,SUP-0006,2025-08-03,17,1,58823,DEF_SURFACE,REJECTED,INSP-124
QC-0006715,GR-0006715,MAT-00602,SUP-0113,2025-06-17,10,0,0,,ACCEPTED,INSP-104
QC-0006716,GR-0006716,MAT-00895,SUP-0113,2025-06-21,285,34,119298,DEF_DIMENSIONAL,REJECTED,INSP-107
QC-0006717,GR-0006717,MAT-00999,SUP-0106,2025-04-13,30,1,33333,DEF_CONTAMINATION,CONCESSION,INSP-111
QC-0006718,GR-0006718,MAT-00904,SUP-0064,2026-03-01,63,9,142857,DEF_DIMENSIONAL,REJECTED,INSP-121
QC-0006719,GR-0006719,MAT-00337,SUP-0084,2026-02-19,22,1,45454,DEF_DIMENSIONAL,REJECTED,INSP-116
QC-0006720,GR-0006720,MAT-00564,SUP-0084,2026-02-27,30,2,66666,DEF_METALLURGY,REJECTED,INSP-112
QC-0006721,GR-0006721,MAT-00382,SUP-0084,2026-02-21,16,1,62500,DEF_PACKAGING,REJECTED,INSP-120
QC-0006722,GR-0006722,MAT-00708,SUP-0054,2025-07-14,663,31,46757,DEF_CONTAMINATION,REJECTED,INSP-116
QC-0006723,GR-0006723,MAT-00484,SUP-0054,2025-07-13,123,6,48780,DEF_DIMENSIONAL,REJECTED,INSP-114
QC-0006724,GR-0006724,MAT-01141,SUP-0058,2025-07-18,245,17,69387,DEF_ELECTRICAL,REJECTED,INSP-102
QC-0006725,GR-0006725,MAT-00002,SUP-0058,2025-07-18,46,0,0,,ACCEPTED,INSP-103
QC-0006726,GR-0006726,MAT-01085,SUP-0058,2025-07-17,26,0,0,,ACCEPTED,INSP-106
QC-0006727,GR-0006727,MAT-00943,SUP-0058,2025-07-20,92,5,54347,DEF_ELECTRICAL,REJECTED,INSP-107
QC-0006728,GR-0006728,MAT-00576,SUP-0081,2026-01-27,178,23,129213,DEF_ELECTRICAL,REJECTED,INSP-109
QC-0006729,GR-0006729,MAT-01040,SUP-0081,2026-01-24,24,3,125000,DEF_CONTAMINATION,REJECTED,INSP-105
QC-0006730,GR-0006730,MAT-01185,SUP-0021,2026-02-26,25,0,0,,ACCEPTED,INSP-124
QC-0006731,GR-0006731,MAT-00554,SUP-0021,2026-02-25,129,7,54263,DEF_PACKAGING,REJECTED,INSP-120
QC-0006732,GR-0006732,MAT-00005,SUP-0006,2026-01-13,251,3,11952,DEF_SURFACE,CONCESSION,INSP-116
QC-0006733,GR-0006733,MAT-00654,SUP-0006,2026-01-13,353,7,19830,DEF_PACKAGING,CONCESSION,INSP-112
QC-0006734,GR-0006734,MAT-00633,SUP-0085,2025-07-03,144,3,20833,DEF_CONTAMINATION,CONCESSION,INSP-104
QC-0006735,GR-0006735,MAT-00911,SUP-0085,2025-07-01,11,0,0,,ACCEPTED,INSP-118
QC-0006736,GR-0006736,MAT-00026,SUP-0001,2025-09-29,554,148,267148,DEF_PACKAGING,REJECTED,INSP-107
QC-0006737,GR-0006737,MAT-00442,SUP-0001,2025-10-05,13,1,76923,DEF_METALLURGY,REJECTED,INSP-111
QC-0006738,GR-0006738,MAT-00304,SUP-0001,2025-10-18,24,8,333333,DEF_DIMENSIONAL,REJECTED,INSP-125
QC-0006739,GR-0006739,MAT-00402,SUP-0085,2026-03-01,148,6,40540,DEF_SURFACE,REJECTED,INSP-116
QC-0006740,GR-0006740,MAT-00942,SUP-0086,2025-07-30,283,1,3533,DEF_CONTAMINATION,CONCESSION,INSP-109
QC-0006741,GR-0006741,MAT-00466,SUP-0069,2025-05-27,30,0,0,,ACCEPTED,INSP-112
QC-0006742,GR-0006742,MAT-01030,SUP-0046,2026-02-08,115,10,86956,DEF_CONTAMINATION,REJECTED,INSP-113
QC-0006743,GR-0006743,MAT-00343,SUP-0110,2025-10-25,430,34,79069,DEF_DIMENSIONAL,REJECTED,INSP-112
QC-0006744,GR-0006744,MAT-01031,SUP-0091,2026-01-08,162,7,43209,DEF_CONTAMINATION,REJECTED,INSP-106
QC-0006745,GR-0006745,MAT-00738,SUP-0091,2026-01-09,12,3,250000,DEF_CONTAMINATION,REJECTED,INSP-112
QC-0006746,GR-0006746,MAT-00077,SUP-0091,2026-01-10,20,2,100000,DEF_SURFACE,REJECTED,INSP-111
QC-0006747,GR-0006747,MAT-01169,SUP-0091,2026-01-09,49,3,61224,DEF_CONTAMINATION,REJECTED,INSP-118
QC-0006748,GR-0006748,MAT-00158,SUP-0041,2025-06-08,50,4,80000,DEF_DIMENSIONAL,REJECTED,INSP-104
QC-0006749,GR-0006749,MAT-00873,SUP-0050,2025-09-14,10,0,0,,ACCEPTED,INSP-114
QC-0006750,GR-0006750,MAT-01096,SUP-0059,2025-12-07,10,1,100000,DEF_DIMENSIONAL,REJECTED,INSP-116
QC-0006751,GR-0006751,MAT-00295,SUP-0109,2025-10-26,66,0,0,,ACCEPTED,INSP-113
QC-0006752,GR-0006752,MAT-00456,SUP-0008,2025-05-24,37,7,189189,DEF_PACKAGING,REJECTED,INSP-107
QC-0006753,GR-0006753,MAT-00051,SUP-0008,2025-05-16,369,37,100271,DEF_PACKAGING,REJECTED,INSP-107
QC-0006754,GR-0006754,MAT-00040,SUP-0008,2025-05-18,27,1,37037,DEF_METALLURGY,CONCESSION,INSP-118
QC-0006755,GR-0006755,MAT-00842,SUP-0043,2025-12-13,61,7,114754,DEF_CONTAMINATION,REJECTED,INSP-120
QC-0006756,GR-0006756,MAT-00973,SUP-0111,2025-07-15,133,14,105263,DEF_METALLURGY,REJECTED,INSP-122
QC-0006757,GR-0006757,MAT-00187,SUP-0118,2025-11-09,28,3,107142,DEF_CONTAMINATION,REJECTED,INSP-111
QC-0006758,GR-0006758,MAT-00098,SUP-0118,2025-11-07,70,8,114285,DEF_DIMENSIONAL,REJECTED,INSP-110
QC-0006759,GR-0006759,MAT-00220,SUP-0118,2025-11-08,254,36,141732,DEF_ELECTRICAL,REJECTED,INSP-101
QC-0006760,GR-0006760,MAT-00160,SUP-0105,2025-10-06,217,7,32258,DEF_SURFACE,CONCESSION,INSP-106
QC-0006761,GR-0006761,MAT-00275,SUP-0105,2025-10-06,34,2,58823,DEF_DIMENSIONAL,REJECTED,INSP-105
QC-0006762,GR-0006762,MAT-00232,SUP-0105,2025-10-07,205,5,24390,DEF_PACKAGING,CONCESSION,INSP-121
QC-0006763,GR-0006763,MAT-01068,SUP-0105,2025-10-07,355,11,30985,DEF_PACKAGING,CONCESSION,INSP-104
QC-0006764,GR-0006764,MAT-00422,SUP-0076,2026-02-27,20,1,50000,DEF_SURFACE,REJECTED,INSP-116
QC-0006765,GR-0006765,MAT-00744,SUP-0002,2026-02-27,12,0,0,,ACCEPTED,INSP-122
QC-0006766,GR-0006766,MAT-00358,SUP-0002,2026-03-02,277,41,148014,DEF_PACKAGING,REJECTED,INSP-104
QC-0006767,GR-0006767,MAT-00328,SUP-0077,2025-07-15,63,5,79365,DEF_PACKAGING,REJECTED,INSP-113
QC-0006768,GR-0006768,MAT-00690,SUP-0077,2025-07-16,180,15,83333,DEF_ELECTRICAL,REJECTED,INSP-122
QC-0006769,GR-0006769,MAT-00571,SUP-0077,2025-07-10,11,1,90909,DEF_CONTAMINATION,REJECTED,INSP-107
QC-0006770,GR-0006770,MAT-00456,SUP-0008,2025-10-30,36,4,111111,DEF_SURFACE,REJECTED,INSP-101
QC-0006771,GR-0006771,MAT-00110,SUP-0107,2025-10-20,59,3,50847,DEF_CONTAMINATION,REJECTED,INSP-117
QC-0006772,GR-0006772,MAT-00578,SUP-0042,2025-07-16,303,25,82508,DEF_SURFACE,REJECTED,INSP-120
QC-0006773,GR-0006773,MAT-00869,SUP-0042,2025-07-17,10,0,0,,ACCEPTED,INSP-106
QC-0006774,GR-0006774,MAT-00787,SUP-0042,2025-07-16,59,7,118644,DEF_PACKAGING,REJECTED,INSP-111
QC-0006775,GR-0006775,MAT-00258,SUP-0042,2025-07-17,125,10,80000,DEF_ELECTRICAL,REJECTED,INSP-117
QC-0006776,GR-0006776,MAT-00987,SUP-0059,2026-04-04,502,107,213147,DEF_DIMENSIONAL,REJECTED,INSP-101
QC-0006777,GR-0006777,MAT-00569,SUP-0059,2026-04-10,15,2,133333,DEF_CONTAMINATION,REJECTED,INSP-116
QC-0006778,GR-0006778,MAT-00687,SUP-0049,2026-01-22,234,11,47008,DEF_CONTAMINATION,REJECTED,INSP-113
QC-0006779,GR-0006779,MAT-00738,SUP-0049,2026-01-22,25,1,40000,DEF_ELECTRICAL,REJECTED,INSP-101
QC-0006780,GR-0006780,MAT-00875,SUP-0093,2025-09-29,234,49,209401,DEF_SURFACE,REJECTED,INSP-118
QC-0006781,GR-0006781,MAT-00769,SUP-0093,2025-08-23,78,19,243589,DEF_SURFACE,REJECTED,INSP-121
QC-0006782,GR-0006782,MAT-00988,SUP-0042,2025-10-23,81,2,24691,DEF_DIMENSIONAL,CONCESSION,INSP-122
QC-0006783,GR-0006783,MAT-01048,SUP-0042,2025-10-19,261,18,68965,DEF_CONTAMINATION,REJECTED,INSP-107
QC-0006784,GR-0006784,MAT-00455,SUP-0026,2025-06-21,10,1,100000,DEF_ELECTRICAL,REJECTED,INSP-105
QC-0006785,GR-0006785,MAT-00703,SUP-0087,2026-01-01,153,2,13071,DEF_PACKAGING,CONCESSION,INSP-106
QC-0006786,GR-0006786,MAT-00652,SUP-0024,2025-06-18,10,0,0,,ACCEPTED,INSP-116
QC-0006787,GR-0006787,MAT-01123,SUP-0112,2026-02-14,10,0,0,,ACCEPTED,INSP-113
QC-0006788,GR-0006788,MAT-00722,SUP-0112,2026-02-12,37,0,0,,ACCEPTED,INSP-106
QC-0006789,GR-0006789,MAT-00460,SUP-0026,2025-10-30,31,2,64516,DEF_CONTAMINATION,REJECTED,INSP-103
QC-0006790,GR-0006790,MAT-00920,SUP-0026,2025-10-29,49,4,81632,DEF_CONTAMINATION,REJECTED,INSP-116
QC-0006791,GR-0006791,MAT-00990,SUP-0004,2025-12-27,10,2,200000,DEF_DIMENSIONAL,REJECTED,INSP-116
QC-0006792,GR-0006792,MAT-01190,SUP-0099,2026-04-03,157,0,0,,ACCEPTED,INSP-113
QC-0006793,GR-0006793,MAT-00669,SUP-0038,2025-12-18,553,21,37974,DEF_CONTAMINATION,CONCESSION,INSP-118
QC-0006794,GR-0006794,MAT-00672,SUP-0090,2025-08-09,20,2,100000,DEF_METALLURGY,REJECTED,INSP-120
QC-0006795,GR-0006795,MAT-00986,SUP-0090,2025-07-28,13,1,76923,DEF_PACKAGING,REJECTED,INSP-109
QC-0006796,GR-0006796,MAT-00651,SUP-0022,2025-10-13,116,5,43103,DEF_METALLURGY,REJECTED,INSP-114
QC-0006797,GR-0006797,MAT-01113,SUP-0019,2026-03-17,681,52,76358,DEF_SURFACE,REJECTED,INSP-119
QC-0006798,GR-0006798,MAT-00536,SUP-0019,2026-03-17,186,12,64516,DEF_SURFACE,REJECTED,INSP-107
QC-0006799,GR-0006799,MAT-00221,SUP-0009,2026-02-13,192,41,213541,DEF_DIMENSIONAL,REJECTED,INSP-119
QC-0006800,GR-0006800,MAT-01153,SUP-0090,2026-01-18,344,22,63953,DEF_DIMENSIONAL,REJECTED,INSP-116
QC-0006801,GR-0006801,MAT-00042,SUP-0065,2026-04-13,31,2,64516,DEF_SURFACE,REJECTED,INSP-101
QC-0006802,GR-0006802,MAT-00790,SUP-0065,2026-04-01,197,21,106598,DEF_METALLURGY,REJECTED,INSP-112
QC-0006803,GR-0006803,MAT-00042,SUP-0065,2025-06-16,31,1,32258,DEF_ELECTRICAL,CONCESSION,INSP-103
QC-0006804,GR-0006804,MAT-00222,SUP-0089,2025-12-08,54,5,92592,DEF_PACKAGING,REJECTED,INSP-113
QC-0006805,GR-0006805,MAT-00146,SUP-0089,2025-12-06,54,4,74074,DEF_METALLURGY,REJECTED,INSP-116
QC-0006806,GR-0006806,MAT-00433,SUP-0089,2025-12-07,40,5,125000,DEF_PACKAGING,REJECTED,INSP-105
QC-0006807,GR-0006807,MAT-00672,SUP-0090,2026-02-10,12,2,166666,DEF_PACKAGING,REJECTED,INSP-115
QC-0006808,GR-0006808,MAT-01074,SUP-0090,2026-02-12,685,47,68613,DEF_METALLURGY,REJECTED,INSP-118
QC-0006809,GR-0006809,MAT-00070,SUP-0047,2025-12-27,23,0,0,,ACCEPTED,INSP-122
QC-0006810,GR-0006810,MAT-00844,SUP-0006,2025-07-09,142,5,35211,DEF_DIMENSIONAL,CONCESSION,INSP-118
QC-0006811,GR-0006811,MAT-00848,SUP-0006,2026-01-19,53,2,37735,DEF_METALLURGY,CONCESSION,INSP-108
QC-0006812,GR-0006812,MAT-00907,SUP-0006,2026-01-18,432,12,27777,DEF_DIMENSIONAL,CONCESSION,INSP-124
QC-0006813,GR-0006813,MAT-00106,SUP-0006,2026-01-21,10,0,0,,ACCEPTED,INSP-103
QC-0006814,GR-0006814,MAT-00947,SUP-0006,2026-01-22,45,1,22222,DEF_CONTAMINATION,CONCESSION,INSP-108
QC-0006815,GR-0006815,MAT-01052,SUP-0083,2025-06-09,61,5,81967,DEF_SURFACE,REJECTED,INSP-101
QC-0006816,GR-0006816,MAT-00781,SUP-0083,2025-06-14,298,16,53691,DEF_SURFACE,REJECTED,INSP-123
QC-0006817,GR-0006817,MAT-00147,SUP-0004,2025-11-27,17,4,235294,DEF_DIMENSIONAL,REJECTED,INSP-124
QC-0006818,GR-0006818,MAT-00500,SUP-0104,2025-08-03,10,1,100000,DEF_SURFACE,REJECTED,INSP-105
QC-0006819,GR-0006819,MAT-00013,SUP-0057,2025-09-28,142,6,42253,DEF_PACKAGING,REJECTED,INSP-110
QC-0006820,GR-0006820,MAT-01147,SUP-0100,2025-03-08,42,4,95238,DEF_DIMENSIONAL,REJECTED,INSP-103
QC-0006821,GR-0006821,MAT-00157,SUP-0100,2025-03-08,30,1,33333,DEF_PACKAGING,CONCESSION,INSP-117
QC-0006822,GR-0006822,MAT-01119,SUP-0100,2025-03-09,695,21,30215,DEF_DIMENSIONAL,CONCESSION,INSP-110
QC-0006823,GR-0006823,MAT-00776,SUP-0004,2025-11-01,154,23,149350,DEF_DIMENSIONAL,REJECTED,INSP-114
QC-0006824,GR-0006824,MAT-00949,SUP-0093,2026-01-18,382,95,248691,DEF_CONTAMINATION,REJECTED,INSP-106
QC-0006825,GR-0006825,MAT-00577,SUP-0018,2026-01-02,307,18,58631,DEF_METALLURGY,REJECTED,INSP-124
QC-0006826,GR-0006826,MAT-00872,SUP-0018,2026-01-03,71,7,98591,DEF_CONTAMINATION,REJECTED,INSP-121
QC-0006827,GR-0006827,MAT-00368,SUP-0018,2026-01-03,384,27,70312,DEF_METALLURGY,REJECTED,INSP-120
QC-0006828,GR-0006828,MAT-00311,SUP-0057,2026-01-09,11,2,181818,DEF_CONTAMINATION,REJECTED,INSP-116
QC-0006829,GR-0006829,MAT-00675,SUP-0102,2026-03-14,19,0,0,,ACCEPTED,INSP-106
QC-0006830,GR-0006830,MAT-00993,SUP-0060,2025-08-25,330,17,51515,DEF_METALLURGY,REJECTED,INSP-108
QC-0006831,GR-0006831,MAT-00800,SUP-0057,2025-06-20,78,7,89743,DEF_DIMENSIONAL,REJECTED,INSP-106
QC-0006832,GR-0006832,MAT-00321,SUP-0049,2026-03-13,153,7,45751,DEF_CONTAMINATION,REJECTED,INSP-114
QC-0006833,GR-0006833,MAT-01075,SUP-0049,2026-03-14,90,6,66666,DEF_DIMENSIONAL,REJECTED,INSP-107
QC-0006834,GR-0006834,MAT-00956,SUP-0049,2026-03-13,35,2,57142,DEF_METALLURGY,REJECTED,INSP-115
QC-0006835,GR-0006835,MAT-00674,SUP-0020,2025-07-14,135,9,66666,DEF_SURFACE,REJECTED,INSP-119
QC-0006836,GR-0006836,MAT-00284,SUP-0020,2025-07-15,100,8,80000,DEF_PACKAGING,REJECTED,INSP-125
QC-0006837,GR-0006837,MAT-00502,SUP-0020,2025-07-08,36,6,166666,DEF_CONTAMINATION,REJECTED,INSP-106
QC-0006838,GR-0006838,MAT-00368,SUP-0020,2025-07-10,286,32,111888,DEF_PACKAGING,REJECTED,INSP-103
QC-0006839,GR-0006839,MAT-00256,SUP-0022,2026-03-07,204,8,39215,DEF_ELECTRICAL,CONCESSION,INSP-103
QC-0006840,GR-0006840,MAT-00423,SUP-0087,2025-11-21,19,1,52631,DEF_PACKAGING,REJECTED,INSP-107
QC-0006841,GR-0006841,MAT-00872,SUP-0087,2025-11-21,162,2,12345,DEF_METALLURGY,CONCESSION,INSP-103
QC-0006842,GR-0006842,MAT-01046,SUP-0003,2025-06-07,46,6,130434,DEF_ELECTRICAL,REJECTED,INSP-122
QC-0006843,GR-0006843,MAT-00613,SUP-0060,2025-10-01,381,33,86614,DEF_CONTAMINATION,REJECTED,INSP-107
QC-0006844,GR-0006844,MAT-00802,SUP-0060,2025-09-26,670,52,77611,DEF_ELECTRICAL,REJECTED,INSP-102
QC-0006845,GR-0006845,MAT-00895,SUP-0084,2026-01-18,312,19,60897,DEF_SURFACE,REJECTED,INSP-105
QC-0006846,GR-0006846,MAT-00890,SUP-0007,2025-10-11,30,3,100000,DEF_DIMENSIONAL,REJECTED,INSP-123
QC-0006847,GR-0006847,MAT-01010,SUP-0007,2025-10-07,55,7,127272,DEF_METALLURGY,REJECTED,INSP-122
QC-0006848,GR-0006848,MAT-00834,SUP-0054,2025-05-23,297,20,67340,DEF_SURFACE,REJECTED,INSP-101
QC-0006849,GR-0006849,MAT-00923,SUP-0054,2025-05-26,10,0,0,,ACCEPTED,INSP-119
QC-0006850,GR-0006850,MAT-00405,SUP-0054,2025-05-21,75,2,26666,DEF_CONTAMINATION,CONCESSION,INSP-109
QC-0006851,GR-0006851,MAT-00954,SUP-0027,2025-12-11,305,28,91803,DEF_PACKAGING,REJECTED,INSP-106
QC-0006852,GR-0006852,MAT-00300,SUP-0027,2025-12-17,178,18,101123,DEF_PACKAGING,REJECTED,INSP-107
QC-0006853,GR-0006853,MAT-00356,SUP-0027,2025-12-16,63,5,79365,DEF_SURFACE,REJECTED,INSP-112
QC-0006854,GR-0006854,MAT-00774,SUP-0031,2026-02-05,528,107,202651,DEF_SURFACE,REJECTED,INSP-101
QC-0006855,GR-0006855,MAT-00263,SUP-0031,2026-02-06,224,53,236607,DEF_METALLURGY,REJECTED,INSP-103
QC-0006856,GR-0006856,MAT-00625,SUP-0058,2026-01-19,10,0,0,,ACCEPTED,INSP-119
QC-0006857,GR-0006857,MAT-00121,SUP-0089,2025-08-25,40,5,125000,DEF_CONTAMINATION,REJECTED,INSP-108
QC-0006858,GR-0006858,MAT-00615,SUP-0100,2025-10-05,17,0,0,,ACCEPTED,INSP-124
QC-0006859,GR-0006859,MAT-01154,SUP-0100,2025-10-06,16,0,0,,ACCEPTED,INSP-115
QC-0006860,GR-0006860,MAT-00413,SUP-0079,2026-03-19,15,0,0,,ACCEPTED,INSP-106
QC-0006861,GR-0006861,MAT-00682,SUP-0085,2025-07-21,26,0,0,,ACCEPTED,INSP-112
QC-0006862,GR-0006862,MAT-00272,SUP-0070,2026-04-19,10,3,300000,DEF_DIMENSIONAL,REJECTED,INSP-120
QC-0006863,GR-0006863,MAT-00305,SUP-0070,2026-04-17,39,8,205128,DEF_DIMENSIONAL,REJECTED,INSP-115
QC-0006864,GR-0006864,MAT-00453,SUP-0074,2025-12-23,42,3,71428,DEF_METALLURGY,REJECTED,INSP-118
QC-0006865,GR-0006865,MAT-00813,SUP-0074,2025-12-23,10,1,100000,DEF_PACKAGING,REJECTED,INSP-117
QC-0006866,GR-0006866,MAT-00160,SUP-0074,2025-12-15,345,18,52173,DEF_SURFACE,REJECTED,INSP-101
QC-0006867,GR-0006867,MAT-00936,SUP-0051,2026-02-14,203,8,39408,DEF_PACKAGING,CONCESSION,INSP-114
QC-0006868,GR-0006868,MAT-00162,SUP-0026,2026-02-10,27,4,148148,DEF_CONTAMINATION,REJECTED,INSP-109
QC-0006869,GR-0006869,MAT-00725,SUP-0026,2026-02-06,295,28,94915,DEF_PACKAGING,REJECTED,INSP-120
QC-0006870,GR-0006870,MAT-00560,SUP-0026,2026-02-08,61,4,65573,DEF_ELECTRICAL,REJECTED,INSP-106
QC-0006871,GR-0006871,MAT-00151,SUP-0041,2025-08-14,17,1,58823,DEF_PACKAGING,REJECTED,INSP-117
QC-0006872,GR-0006872,MAT-00692,SUP-0041,2025-08-14,43,3,69767,DEF_SURFACE,REJECTED,INSP-121
QC-0006873,GR-0006873,MAT-00132,SUP-0041,2025-08-11,93,7,75268,DEF_DIMENSIONAL,REJECTED,INSP-105
QC-0006874,GR-0006874,MAT-00919,SUP-0091,2025-12-11,14,0,0,,ACCEPTED,INSP-119
QC-0006875,GR-0006875,MAT-01141,SUP-0058,2025-11-09,308,11,35714,DEF_DIMENSIONAL,CONCESSION,INSP-113
QC-0006876,GR-0006876,MAT-00453,SUP-0058,2025-11-08,15,2,133333,DEF_CONTAMINATION,REJECTED,INSP-112
QC-0006877,GR-0006877,MAT-00769,SUP-0035,2025-12-17,133,15,112781,DEF_ELECTRICAL,REJECTED,INSP-103
QC-0006878,GR-0006878,MAT-00387,SUP-0076,2025-07-24,12,0,0,,ACCEPTED,INSP-116
QC-0006879,GR-0006879,MAT-00807,SUP-0013,2025-10-23,105,13,123809,DEF_SURFACE,REJECTED,INSP-108
QC-0006880,GR-0006880,MAT-00634,SUP-0013,2025-10-29,29,1,34482,DEF_SURFACE,CONCESSION,INSP-122
QC-0006881,GR-0006881,MAT-00975,SUP-0052,2025-10-08,364,39,107142,DEF_METALLURGY,REJECTED,INSP-114
QC-0006882,GR-0006882,MAT-00885,SUP-0052,2025-10-06,291,25,85910,DEF_PACKAGING,REJECTED,INSP-117
QC-0006883,GR-0006883,MAT-00598,SUP-0052,2025-10-06,22,1,45454,DEF_METALLURGY,REJECTED,INSP-110
QC-0006884,GR-0006884,MAT-00453,SUP-0074,2026-03-27,58,3,51724,DEF_ELECTRICAL,REJECTED,INSP-121
QC-0006885,GR-0006885,MAT-00230,SUP-0074,2026-04-03,12,1,83333,DEF_DIMENSIONAL,REJECTED,INSP-109
QC-0006886,GR-0006886,MAT-00408,SUP-0074,2026-03-30,45,6,133333,DEF_METALLURGY,REJECTED,INSP-102
QC-0006887,GR-0006887,MAT-00414,SUP-0084,2026-04-03,230,15,65217,DEF_DIMENSIONAL,REJECTED,INSP-111
QC-0006888,GR-0006888,MAT-01107,SUP-0084,2026-04-11,585,38,64957,DEF_CONTAMINATION,REJECTED,INSP-113
QC-0006889,GR-0006889,MAT-00641,SUP-0093,2025-11-06,43,7,162790,DEF_PACKAGING,REJECTED,INSP-113
QC-0006890,GR-0006890,MAT-00505,SUP-0061,2025-05-25,10,0,0,,ACCEPTED,INSP-112
QC-0006891,GR-0006891,MAT-00992,SUP-0072,2026-03-06,697,198,284074,DEF_PACKAGING,REJECTED,INSP-111
QC-0006892,GR-0006892,MAT-01139,SUP-0072,2026-03-21,35,8,228571,DEF_METALLURGY,REJECTED,INSP-107
QC-0006893,GR-0006893,MAT-01113,SUP-0019,2025-09-20,356,34,95505,DEF_METALLURGY,REJECTED,INSP-120
QC-0006894,GR-0006894,MAT-00605,SUP-0097,2026-03-02,217,18,82949,DEF_SURFACE,REJECTED,INSP-105
QC-0006895,GR-0006895,MAT-00819,SUP-0088,2025-11-10,104,1,9615,DEF_SURFACE,CONCESSION,INSP-119
QC-0006896,GR-0006896,MAT-00659,SUP-0088,2025-11-08,630,22,34920,DEF_DIMENSIONAL,CONCESSION,INSP-120
QC-0006897,GR-0006897,MAT-00762,SUP-0088,2025-11-09,10,0,0,,ACCEPTED,INSP-124
QC-0006898,GR-0006898,MAT-00065,SUP-0095,2025-11-19,10,0,0,,ACCEPTED,INSP-123
QC-0006899,GR-0006899,MAT-00263,SUP-0014,2026-04-22,244,57,233606,DEF_CONTAMINATION,REJECTED,INSP-108
QC-0006900,GR-0006900,MAT-00495,SUP-0009,2025-11-29,11,2,181818,DEF_ELECTRICAL,REJECTED,INSP-107
QC-0006901,GR-0006901,MAT-00710,SUP-0009,2025-11-19,59,11,186440,DEF_PACKAGING,REJECTED,INSP-119
QC-0006902,GR-0006902,MAT-00401,SUP-0109,2025-11-05,56,0,0,,ACCEPTED,INSP-103
QC-0006903,GR-0006903,MAT-00931,SUP-0003,2025-10-18,61,7,114754,DEF_CONTAMINATION,REJECTED,INSP-108
QC-0006904,GR-0006904,MAT-00742,SUP-0003,2025-10-18,117,13,111111,DEF_CONTAMINATION,REJECTED,INSP-104
QC-0006905,GR-0006905,MAT-01003,SUP-0003,2025-10-21,316,32,101265,DEF_CONTAMINATION,REJECTED,INSP-123
QC-0006906,GR-0006906,MAT-00252,SUP-0051,2025-10-15,416,17,40865,DEF_METALLURGY,REJECTED,INSP-115
QC-0006907,GR-0006907,MAT-00250,SUP-0065,2025-12-18,66,6,90909,DEF_DIMENSIONAL,REJECTED,INSP-113
QC-0006908,GR-0006908,MAT-00291,SUP-0059,2026-04-16,407,49,120393,DEF_PACKAGING,REJECTED,INSP-116
QC-0006909,GR-0006909,MAT-00633,SUP-0085,2025-10-02,108,0,0,,ACCEPTED,INSP-124
QC-0006910,GR-0006910,MAT-00938,SUP-0085,2025-09-30,66,1,15151,DEF_DIMENSIONAL,CONCESSION,INSP-118
QC-0006911,GR-0006911,MAT-00474,SUP-0085,2025-10-01,34,1,29411,DEF_METALLURGY,CONCESSION,INSP-103
QC-0006912,GR-0006912,MAT-00442,SUP-0047,2025-11-27,30,0,0,,ACCEPTED,INSP-113
QC-0006913,GR-0006913,MAT-00571,SUP-0047,2025-11-27,11,0,0,,ACCEPTED,INSP-119
QC-0006914,GR-0006914,MAT-00357,SUP-0047,2025-11-25,348,2,5747,DEF_ELECTRICAL,CONCESSION,INSP-121
QC-0006915,GR-0006915,MAT-00326,SUP-0069,2026-01-16,281,7,24911,DEF_ELECTRICAL,CONCESSION,INSP-113
QC-0006916,GR-0006916,MAT-00414,SUP-0069,2026-01-16,663,10,15082,DEF_METALLURGY,CONCESSION,INSP-106
QC-0006917,GR-0006917,MAT-00882,SUP-0103,2025-10-09,23,4,173913,DEF_CONTAMINATION,REJECTED,INSP-109
QC-0006918,GR-0006918,MAT-01126,SUP-0103,2025-10-10,402,54,134328,DEF_METALLURGY,REJECTED,INSP-121
QC-0006919,GR-0006919,MAT-01093,SUP-0043,2025-09-15,43,3,69767,DEF_PACKAGING,REJECTED,INSP-110
QC-0006920,GR-0006920,MAT-00211,SUP-0043,2025-09-25,169,16,94674,DEF_CONTAMINATION,REJECTED,INSP-104
QC-0006921,GR-0006921,MAT-00725,SUP-0120,2026-02-08,560,25,44642,DEF_METALLURGY,REJECTED,INSP-103
QC-0006922,GR-0006922,MAT-00264,SUP-0120,2026-02-09,37,2,54054,DEF_ELECTRICAL,REJECTED,INSP-113
QC-0006923,GR-0006923,MAT-01120,SUP-0023,2025-12-15,10,0,0,,ACCEPTED,INSP-118
QC-0006924,GR-0006924,MAT-00162,SUP-0023,2025-12-15,40,0,0,,ACCEPTED,INSP-115
QC-0006925,GR-0006925,MAT-01172,SUP-0035,2026-02-08,101,20,198019,DEF_DIMENSIONAL,REJECTED,INSP-109
QC-0006926,GR-0006926,MAT-00782,SUP-0035,2026-02-11,150,30,200000,DEF_CONTAMINATION,REJECTED,INSP-109
QC-0006927,GR-0006927,MAT-01110,SUP-0035,2026-02-04,10,0,0,,ACCEPTED,INSP-119
QC-0006928,GR-0006928,MAT-00059,SUP-0083,2025-04-18,230,7,30434,DEF_CONTAMINATION,CONCESSION,INSP-103
QC-0006929,GR-0006929,MAT-00806,SUP-0001,2026-02-22,125,33,264000,DEF_ELECTRICAL,REJECTED,INSP-120
QC-0006930,GR-0006930,MAT-00757,SUP-0056,2025-11-25,545,49,89908,DEF_PACKAGING,REJECTED,INSP-117
QC-0006931,GR-0006931,MAT-00876,SUP-0093,2026-01-10,10,1,100000,DEF_CONTAMINATION,REJECTED,INSP-123
QC-0006932,GR-0006932,MAT-00902,SUP-0093,2026-01-29,147,29,197278,DEF_DIMENSIONAL,REJECTED,INSP-102
QC-0006933,GR-0006933,MAT-00493,SUP-0003,2025-10-10,323,32,99071,DEF_ELECTRICAL,REJECTED,INSP-104
QC-0006934,GR-0006934,MAT-00659,SUP-0105,2025-05-26,152,4,26315,DEF_PACKAGING,CONCESSION,INSP-106
QC-0006935,GR-0006935,MAT-00599,SUP-0004,2025-08-15,16,3,187500,DEF_CONTAMINATION,REJECTED,INSP-102
QC-0006936,GR-0006936,MAT-00752,SUP-0052,2025-11-01,34,5,147058,DEF_ELECTRICAL,REJECTED,INSP-108
QC-0006937,GR-0006937,MAT-00724,SUP-0013,2025-11-22,374,25,66844,DEF_ELECTRICAL,REJECTED,INSP-103
QC-0006938,GR-0006938,MAT-00383,SUP-0118,2025-05-04,406,34,83743,DEF_DIMENSIONAL,REJECTED,INSP-101
QC-0006939,GR-0006939,MAT-00092,SUP-0118,2025-05-09,711,78,109704,DEF_DIMENSIONAL,REJECTED,INSP-103
QC-0006940,GR-0006940,MAT-01179,SUP-0118,2025-05-07,267,25,93632,DEF_SURFACE,REJECTED,INSP-103
QC-0006941,GR-0006941,MAT-00732,SUP-0118,2025-05-10,16,2,125000,DEF_METALLURGY,REJECTED,INSP-119
QC-0006942,GR-0006942,MAT-00740,SUP-0078,2025-04-17,114,5,43859,DEF_SURFACE,REJECTED,INSP-117
QC-0006943,GR-0006943,MAT-00840,SUP-0107,2026-01-26,23,0,0,,ACCEPTED,INSP-120
QC-0006944,GR-0006944,MAT-00522,SUP-0107,2026-01-27,11,0,0,,ACCEPTED,INSP-115
QC-0006945,GR-0006945,MAT-00220,SUP-0024,2025-12-05,517,27,52224,DEF_METALLURGY,REJECTED,INSP-120
QC-0006946,GR-0006946,MAT-00533,SUP-0096,2025-11-30,138,9,65217,DEF_SURFACE,REJECTED,INSP-114
QC-0006947,GR-0006947,MAT-01195,SUP-0041,2025-08-20,24,4,166666,DEF_SURFACE,REJECTED,INSP-119
QC-0006948,GR-0006948,MAT-00319,SUP-0041,2025-08-28,77,3,38961,DEF_SURFACE,CONCESSION,INSP-122
QC-0006949,GR-0006949,MAT-01052,SUP-0041,2025-08-24,44,4,90909,DEF_DIMENSIONAL,REJECTED,INSP-105
QC-0006950,GR-0006950,MAT-00794,SUP-0114,2026-01-26,24,2,83333,DEF_SURFACE,REJECTED,INSP-118
QC-0006951,GR-0006951,MAT-00298,SUP-0114,2026-02-02,436,55,126146,DEF_SURFACE,REJECTED,INSP-104
QC-0006952,GR-0006952,MAT-01160,SUP-0019,2025-07-10,18,7,388888,DEF_DIMENSIONAL,REJECTED,INSP-102
QC-0006953,GR-0006953,MAT-01095,SUP-0019,2025-07-18,43,2,46511,DEF_SURFACE,REJECTED,INSP-105
QC-0006954,GR-0006954,MAT-00264,SUP-0019,2025-07-21,10,0,0,,ACCEPTED,INSP-116
QC-0006955,GR-0006955,MAT-00681,SUP-0101,2025-08-09,42,6,142857,DEF_METALLURGY,REJECTED,INSP-117
QC-0006956,GR-0006956,MAT-00742,SUP-0101,2025-08-04,105,15,142857,DEF_DIMENSIONAL,REJECTED,INSP-113
QC-0006957,GR-0006957,MAT-00017,SUP-0101,2025-08-07,21,1,47619,DEF_PACKAGING,REJECTED,INSP-122
QC-0006958,GR-0006958,MAT-00066,SUP-0101,2025-07-31,72,5,69444,DEF_METALLURGY,REJECTED,INSP-106
QC-0006959,GR-0006959,MAT-00883,SUP-0005,2025-11-18,228,30,131578,DEF_METALLURGY,REJECTED,INSP-114
QC-0006960,GR-0006960,MAT-00178,SUP-0012,2025-09-09,10,1,100000,DEF_METALLURGY,REJECTED,INSP-106
QC-0006961,GR-0006961,MAT-00220,SUP-0012,2025-09-07,694,88,126801,DEF_METALLURGY,REJECTED,INSP-106
QC-0006962,GR-0006962,MAT-00827,SUP-0062,2025-09-14,718,54,75208,DEF_PACKAGING,REJECTED,INSP-123
QC-0006963,GR-0006963,MAT-00412,SUP-0023,2025-12-30,157,1,6369,DEF_DIMENSIONAL,CONCESSION,INSP-109
QC-0006964,GR-0006964,MAT-00594,SUP-0023,2025-12-30,49,1,20408,DEF_DIMENSIONAL,CONCESSION,INSP-122
QC-0006965,GR-0006965,MAT-00237,SUP-0070,2026-02-19,596,138,231543,DEF_SURFACE,REJECTED,INSP-101
QC-0006966,GR-0006966,MAT-00874,SUP-0070,2026-02-15,630,163,258730,DEF_SURFACE,REJECTED,INSP-125
QC-0006967,GR-0006967,MAT-00706,SUP-0070,2026-03-08,10,0,0,,ACCEPTED,INSP-114
QC-0006968,GR-0006968,MAT-00506,SUP-0070,2026-02-22,721,172,238557,DEF_PACKAGING,REJECTED,INSP-105
QC-0006969,GR-0006969,MAT-00867,SUP-0069,2026-03-04,226,2,8849,DEF_SURFACE,CONCESSION,INSP-122
QC-0006970,GR-0006970,MAT-00896,SUP-0020,2025-10-30,21,3,142857,DEF_SURFACE,REJECTED,INSP-124
QC-0006971,GR-0006971,MAT-00348,SUP-0075,2025-05-25,282,28,99290,DEF_SURFACE,REJECTED,INSP-119
QC-0006972,GR-0006972,MAT-00847,SUP-0097,2025-09-17,267,27,101123,DEF_METALLURGY,REJECTED,INSP-116
QC-0006973,GR-0006973,MAT-00249,SUP-0097,2025-09-16,145,8,55172,DEF_SURFACE,REJECTED,INSP-115
QC-0006974,GR-0006974,MAT-00684,SUP-0097,2025-09-23,163,8,49079,DEF_DIMENSIONAL,REJECTED,INSP-124
QC-0006975,GR-0006975,MAT-00414,SUP-0097,2025-09-22,319,24,75235,DEF_PACKAGING,REJECTED,INSP-109
QC-0006976,GR-0006976,MAT-00646,SUP-0016,2026-01-04,65,1,15384,DEF_DIMENSIONAL,CONCESSION,INSP-118
QC-0006977,GR-0006977,MAT-01001,SUP-0030,2026-02-12,86,14,162790,DEF_ELECTRICAL,REJECTED,INSP-107
QC-0006978,GR-0006978,MAT-00668,SUP-0086,2025-02-23,617,2,3241,DEF_DIMENSIONAL,CONCESSION,INSP-114
QC-0006979,GR-0006979,MAT-00119,SUP-0059,2026-01-12,304,56,184210,DEF_ELECTRICAL,REJECTED,INSP-120
QC-0006980,GR-0006980,MAT-00777,SUP-0041,2025-04-17,17,1,58823,DEF_SURFACE,REJECTED,INSP-104
QC-0006981,GR-0006981,MAT-00857,SUP-0041,2025-04-17,260,19,73076,DEF_ELECTRICAL,REJECTED,INSP-117
QC-0006982,GR-0006982,MAT-00879,SUP-0119,2026-01-02,340,33,97058,DEF_PACKAGING,REJECTED,INSP-106
QC-0006983,GR-0006983,MAT-00278,SUP-0019,2025-12-08,30,4,133333,DEF_PACKAGING,REJECTED,INSP-102
QC-0006984,GR-0006984,MAT-00088,SUP-0040,2025-11-22,685,71,103649,DEF_ELECTRICAL,REJECTED,INSP-125
QC-0006985,GR-0006985,MAT-00478,SUP-0040,2025-11-23,69,5,72463,DEF_ELECTRICAL,REJECTED,INSP-111
QC-0006986,GR-0006986,MAT-00770,SUP-0040,2025-11-23,207,26,125603,DEF_ELECTRICAL,REJECTED,INSP-122
QC-0006987,GR-0006987,MAT-01145,SUP-0107,2026-01-11,14,1,71428,DEF_ELECTRICAL,REJECTED,INSP-109
QC-0006988,GR-0006988,MAT-00230,SUP-0107,2026-01-13,22,2,90909,DEF_SURFACE,REJECTED,INSP-108
QC-0006989,GR-0006989,MAT-00113,SUP-0107,2026-01-18,34,3,88235,DEF_DIMENSIONAL,REJECTED,INSP-114
QC-0006990,GR-0006990,MAT-00447,SUP-0045,2025-05-02,29,1,34482,DEF_ELECTRICAL,CONCESSION,INSP-106
QC-0006991,GR-0006991,MAT-01047,SUP-0033,2025-11-19,33,3,90909,DEF_METALLURGY,REJECTED,INSP-125
QC-0006992,GR-0006992,MAT-00406,SUP-0046,2025-09-05,10,0,0,,ACCEPTED,INSP-118
QC-0006993,GR-0006993,MAT-00809,SUP-0046,2025-08-30,138,5,36231,DEF_SURFACE,CONCESSION,INSP-122
QC-0006994,GR-0006994,MAT-00893,SUP-0117,2025-11-23,10,1,100000,DEF_METALLURGY,REJECTED,INSP-121
QC-0006995,GR-0006995,MAT-01042,SUP-0108,2025-11-17,83,9,108433,DEF_ELECTRICAL,REJECTED,INSP-111
QC-0006996,GR-0006996,MAT-01026,SUP-0077,2025-12-26,201,23,114427,DEF_DIMENSIONAL,REJECTED,INSP-109
QC-0006997,GR-0006997,MAT-00599,SUP-0077,2026-01-02,33,7,212121,DEF_SURFACE,REJECTED,INSP-109
QC-0006998,GR-0006998,MAT-00178,SUP-0012,2025-10-09,12,1,83333,DEF_DIMENSIONAL,REJECTED,INSP-112
QC-0006999,GR-0006999,MAT-00770,SUP-0012,2025-10-08,251,36,143426,DEF_METALLURGY,REJECTED,INSP-116
QC-0007000,GR-0007000,MAT-00363,SUP-0011,2025-07-28,539,40,74211,DEF_METALLURGY,REJECTED,INSP-125
QC-0007001,GR-0007001,MAT-00419,SUP-0076,2025-12-20,38,4,105263,DEF_DIMENSIONAL,REJECTED,INSP-121
QC-0007002,GR-0007002,MAT-00872,SUP-0076,2025-12-13,118,13,110169,DEF_CONTAMINATION,REJECTED,INSP-124
QC-0007003,GR-0007003,MAT-01171,SUP-0076,2025-12-23,465,42,90322,DEF_DIMENSIONAL,REJECTED,INSP-121
QC-0007004,GR-0007004,MAT-00300,SUP-0076,2025-12-14,40,4,100000,DEF_CONTAMINATION,REJECTED,INSP-123
QC-0007005,GR-0007005,MAT-00469,SUP-0029,2026-03-27,13,1,76923,DEF_METALLURGY,REJECTED,INSP-122
QC-0007006,GR-0007006,MAT-00102,SUP-0038,2026-01-14,602,26,43189,DEF_ELECTRICAL,REJECTED,INSP-110
QC-0007007,GR-0007007,MAT-00081,SUP-0105,2025-10-04,63,1,15873,DEF_DIMENSIONAL,CONCESSION,INSP-106
QC-0007008,GR-0007008,MAT-01162,SUP-0082,2025-10-05,136,20,147058,DEF_DIMENSIONAL,REJECTED,INSP-123
QC-0007009,GR-0007009,MAT-00869,SUP-0082,2025-10-01,11,0,0,,ACCEPTED,INSP-123
QC-0007010,GR-0007010,MAT-00816,SUP-0032,2025-04-30,39,0,0,,ACCEPTED,INSP-125
QC-0007011,GR-0007011,MAT-00772,SUP-0032,2025-04-30,60,4,66666,DEF_PACKAGING,REJECTED,INSP-114
QC-0007012,GR-0007012,MAT-00402,SUP-0085,2026-01-28,47,1,21276,DEF_DIMENSIONAL,CONCESSION,INSP-106
QC-0007013,GR-0007013,MAT-00575,SUP-0107,2026-03-03,137,6,43795,DEF_DIMENSIONAL,REJECTED,INSP-111
QC-0007014,GR-0007014,MAT-00104,SUP-0077,2026-01-06,10,1,100000,DEF_METALLURGY,REJECTED,INSP-106
QC-0007015,GR-0007015,MAT-00061,SUP-0051,2025-12-11,169,11,65088,DEF_METALLURGY,REJECTED,INSP-101
QC-0007016,GR-0007016,MAT-00829,SUP-0051,2025-12-09,579,32,55267,DEF_SURFACE,REJECTED,INSP-117
QC-0007017,GR-0007017,MAT-00376,SUP-0068,2025-04-07,136,3,22058,DEF_DIMENSIONAL,CONCESSION,INSP-102
QC-0007018,GR-0007018,MAT-00306,SUP-0047,2025-08-23,10,0,0,,ACCEPTED,INSP-119
QC-0007019,GR-0007019,MAT-01050,SUP-0047,2025-08-19,356,1,2808,DEF_DIMENSIONAL,CONCESSION,INSP-118
QC-0007020,GR-0007020,MAT-00988,SUP-0042,2025-11-26,130,6,46153,DEF_SURFACE,REJECTED,INSP-118
QC-0007021,GR-0007021,MAT-00961,SUP-0042,2025-11-18,25,2,80000,DEF_DIMENSIONAL,REJECTED,INSP-125
QC-0007022,GR-0007022,MAT-00603,SUP-0082,2026-02-22,22,5,227272,DEF_DIMENSIONAL,REJECTED,INSP-107
QC-0007023,GR-0007023,MAT-01016,SUP-0082,2026-02-17,17,2,117647,DEF_PACKAGING,REJECTED,INSP-117
QC-0007024,GR-0007024,MAT-01110,SUP-0082,2026-02-22,15,6,400000,DEF_DIMENSIONAL,REJECTED,INSP-111
QC-0007025,GR-0007025,MAT-00166,SUP-0073,2025-12-25,370,36,97297,DEF_ELECTRICAL,REJECTED,INSP-104
QC-0007026,GR-0007026,MAT-01005,SUP-0073,2025-12-24,560,53,94642,DEF_PACKAGING,REJECTED,INSP-106
QC-0007027,GR-0007027,MAT-00864,SUP-0047,2026-01-28,93,1,10752,DEF_ELECTRICAL,CONCESSION,INSP-102
QC-0007028,GR-0007028,MAT-00563,SUP-0037,2025-09-12,13,0,0,,ACCEPTED,INSP-113
QC-0007029,GR-0007029,MAT-00654,SUP-0036,2025-12-10,315,3,9523,DEF_ELECTRICAL,CONCESSION,INSP-105
QC-0007030,GR-0007030,MAT-00992,SUP-0072,2025-07-06,690,179,259420,DEF_METALLURGY,REJECTED,INSP-112
QC-0007031,GR-0007031,MAT-00888,SUP-0072,2025-08-04,30,8,266666,DEF_SURFACE,REJECTED,INSP-117
QC-0007032,GR-0007032,MAT-00893,SUP-0117,2025-11-06,15,1,66666,DEF_PACKAGING,REJECTED,INSP-116
QC-0007033,GR-0007033,MAT-00948,SUP-0019,2026-02-08,50,5,100000,DEF_DIMENSIONAL,REJECTED,INSP-111
QC-0007034,GR-0007034,MAT-00400,SUP-0034,2026-02-03,15,0,0,,ACCEPTED,INSP-106
QC-0007035,GR-0007035,MAT-01003,SUP-0034,2026-02-04,265,14,52830,DEF_SURFACE,REJECTED,INSP-123
QC-0007036,GR-0007036,MAT-00567,SUP-0025,2025-08-27,329,7,21276,DEF_DIMENSIONAL,CONCESSION,INSP-112
QC-0007037,GR-0007037,MAT-00402,SUP-0085,2025-11-13,112,1,8928,DEF_SURFACE,CONCESSION,INSP-105
QC-0007038,GR-0007038,MAT-00082,SUP-0036,2025-09-22,649,7,10785,DEF_SURFACE,CONCESSION,INSP-116
QC-0007039,GR-0007039,MAT-00630,SUP-0036,2025-09-21,11,0,0,,ACCEPTED,INSP-117
QC-0007040,GR-0007040,MAT-00180,SUP-0036,2025-09-18,13,0,0,,ACCEPTED,INSP-111
QC-0007041,GR-0007041,MAT-01107,SUP-0036,2025-09-22,398,3,7537,DEF_PACKAGING,CONCESSION,INSP-113
QC-0007042,GR-0007042,MAT-00623,SUP-0117,2025-11-17,10,1,100000,DEF_ELECTRICAL,REJECTED,INSP-105
QC-0007043,GR-0007043,MAT-00430,SUP-0114,2026-03-19,195,22,112820,DEF_CONTAMINATION,REJECTED,INSP-113
QC-0007044,GR-0007044,MAT-00965,SUP-0114,2026-03-19,33,8,242424,DEF_PACKAGING,REJECTED,INSP-109
QC-0007045,GR-0007045,MAT-00424,SUP-0114,2026-03-15,216,37,171296,DEF_SURFACE,REJECTED,INSP-106
QC-0007046,GR-0007046,MAT-00763,SUP-0049,2026-01-17,220,5,22727,DEF_PACKAGING,CONCESSION,INSP-101
QC-0007047,GR-0007047,MAT-00792,SUP-0048,2026-04-06,52,3,57692,DEF_SURFACE,REJECTED,INSP-104
QC-0007048,GR-0007048,MAT-00858,SUP-0035,2025-09-07,283,54,190812,DEF_DIMENSIONAL,REJECTED,INSP-114
QC-0007049,GR-0007049,MAT-00283,SUP-0120,2025-05-17,14,1,71428,DEF_PACKAGING,REJECTED,INSP-115
QC-0007050,GR-0007050,MAT-00765,SUP-0120,2025-05-15,294,11,37414,DEF_METALLURGY,CONCESSION,INSP-114
QC-0007051,GR-0007051,MAT-00007,SUP-0068,2026-04-03,26,1,38461,DEF_DIMENSIONAL,CONCESSION,INSP-109
QC-0007052,GR-0007052,MAT-00476,SUP-0068,2026-04-06,52,0,0,,ACCEPTED,INSP-101
QC-0007053,GR-0007053,MAT-01168,SUP-0044,2025-11-06,13,1,76923,DEF_DIMENSIONAL,REJECTED,INSP-120
QC-0007054,GR-0007054,MAT-01007,SUP-0095,2025-09-21,60,1,16666,DEF_ELECTRICAL,CONCESSION,INSP-102
QC-0007055,GR-0007055,MAT-01029,SUP-0095,2025-09-21,18,0,0,,ACCEPTED,INSP-101
QC-0007056,GR-0007056,MAT-00144,SUP-0095,2025-09-21,10,1,100000,DEF_SURFACE,REJECTED,INSP-107
QC-0007057,GR-0007057,MAT-00296,SUP-0095,2025-09-19,303,9,29702,DEF_ELECTRICAL,CONCESSION,INSP-116
QC-0007058,GR-0007058,MAT-01077,SUP-0019,2025-11-28,50,4,80000,DEF_ELECTRICAL,REJECTED,INSP-104
QC-0007059,GR-0007059,MAT-00416,SUP-0062,2025-05-17,641,49,76443,DEF_DIMENSIONAL,REJECTED,INSP-125
QC-0007060,GR-0007060,MAT-01135,SUP-0062,2025-10-28,10,1,100000,DEF_ELECTRICAL,REJECTED,INSP-106
QC-0007061,GR-0007061,MAT-01051,SUP-0062,2025-10-25,22,2,90909,DEF_METALLURGY,REJECTED,INSP-117
QC-0007062,GR-0007062,MAT-00714,SUP-0065,2025-11-09,31,2,64516,DEF_DIMENSIONAL,REJECTED,INSP-122
QC-0007063,GR-0007063,MAT-00483,SUP-0057,2025-08-06,22,1,45454,DEF_METALLURGY,REJECTED,INSP-108
QC-0007064,GR-0007064,MAT-01188,SUP-0057,2025-08-04,25,1,40000,DEF_PACKAGING,REJECTED,INSP-101
QC-0007065,GR-0007065,MAT-00052,SUP-0004,2025-11-14,84,10,119047,DEF_CONTAMINATION,REJECTED,INSP-119
QC-0007066,GR-0007066,MAT-00404,SUP-0004,2025-11-24,176,22,125000,DEF_METALLURGY,REJECTED,INSP-121
QC-0007067,GR-0007067,MAT-00593,SUP-0108,2025-10-27,60,6,100000,DEF_DIMENSIONAL,REJECTED,INSP-123
QC-0007068,GR-0007068,MAT-00316,SUP-0022,2026-04-12,10,0,0,,ACCEPTED,INSP-111
QC-0007069,GR-0007069,MAT-00828,SUP-0105,2026-02-15,153,3,19607,DEF_SURFACE,CONCESSION,INSP-118
QC-0007070,GR-0007070,MAT-00847,SUP-0097,2025-12-16,469,32,68230,DEF_CONTAMINATION,REJECTED,INSP-118
QC-0007071,GR-0007071,MAT-01176,SUP-0002,2025-11-17,22,4,181818,DEF_DIMENSIONAL,REJECTED,INSP-117
QC-0007072,GR-0007072,MAT-00483,SUP-0057,2025-08-31,43,5,116279,DEF_CONTAMINATION,REJECTED,INSP-105
QC-0007073,GR-0007073,MAT-00385,SUP-0057,2025-09-02,10,0,0,,ACCEPTED,INSP-106
QC-0007074,GR-0007074,MAT-00223,SUP-0021,2025-11-14,150,3,20000,DEF_METALLURGY,CONCESSION,INSP-107
QC-0007075,GR-0007075,MAT-00167,SUP-0021,2025-11-14,276,13,47101,DEF_SURFACE,REJECTED,INSP-109
QC-0007076,GR-0007076,MAT-01189,SUP-0021,2025-11-14,33,0,0,,ACCEPTED,INSP-110
QC-0007077,GR-0007077,MAT-00024,SUP-0019,2026-02-10,32,2,62500,DEF_PACKAGING,REJECTED,INSP-103
QC-0007078,GR-0007078,MAT-00465,SUP-0019,2026-02-10,45,1,22222,DEF_METALLURGY,CONCESSION,INSP-121
QC-0007079,GR-0007079,MAT-00727,SUP-0081,2025-09-18,69,10,144927,DEF_PACKAGING,REJECTED,INSP-111
QC-0007080,GR-0007080,MAT-00879,SUP-0081,2025-09-21,205,18,87804,DEF_SURFACE,REJECTED,INSP-119
QC-0007081,GR-0007081,MAT-01165,SUP-0081,2025-09-18,123,20,162601,DEF_ELECTRICAL,REJECTED,INSP-109
QC-0007082,GR-0007082,MAT-00549,SUP-0110,2025-12-15,310,23,74193,DEF_METALLURGY,REJECTED,INSP-101
QC-0007083,GR-0007083,MAT-00059,SUP-0083,2026-02-14,257,9,35019,DEF_ELECTRICAL,CONCESSION,INSP-109
QC-0007084,GR-0007084,MAT-01158,SUP-0004,2026-04-08,29,2,68965,DEF_CONTAMINATION,REJECTED,INSP-108
QC-0007085,GR-0007085,MAT-01176,SUP-0002,2025-12-06,28,2,71428,DEF_DIMENSIONAL,REJECTED,INSP-118
QC-0007086,GR-0007086,MAT-00630,SUP-0048,2026-03-04,10,0,0,,ACCEPTED,INSP-101
QC-0007087,GR-0007087,MAT-00070,SUP-0047,2025-12-09,27,0,0,,ACCEPTED,INSP-125
QC-0007088,GR-0007088,MAT-00123,SUP-0025,2025-12-04,516,15,29069,DEF_METALLURGY,CONCESSION,INSP-105
QC-0007089,GR-0007089,MAT-00895,SUP-0025,2025-12-07,283,10,35335,DEF_CONTAMINATION,CONCESSION,INSP-104
QC-0007090,GR-0007090,MAT-00499,SUP-0025,2025-12-05,33,3,90909,DEF_PACKAGING,REJECTED,INSP-125
QC-0007091,GR-0007091,MAT-00080,SUP-0025,2025-12-05,34,0,0,,ACCEPTED,INSP-110
QC-0007092,GR-0007092,MAT-00222,SUP-0089,2025-06-22,53,4,75471,DEF_CONTAMINATION,REJECTED,INSP-102
QC-0007093,GR-0007093,MAT-00021,SUP-0089,2025-06-21,21,4,190476,DEF_CONTAMINATION,REJECTED,INSP-120
QC-0007094,GR-0007094,MAT-00891,SUP-0100,2025-06-16,448,14,31250,DEF_PACKAGING,CONCESSION,INSP-117
QC-0007095,GR-0007095,MAT-00014,SUP-0100,2025-06-15,182,2,10989,DEF_METALLURGY,CONCESSION,INSP-106
QC-0007096,GR-0007096,MAT-00825,SUP-0100,2025-06-16,25,0,0,,ACCEPTED,INSP-116
QC-0007097,GR-0007097,MAT-00166,SUP-0073,2025-12-17,353,37,104815,DEF_SURFACE,REJECTED,INSP-108
QC-0007098,GR-0007098,MAT-00449,SUP-0073,2025-12-16,33,3,90909,DEF_METALLURGY,REJECTED,INSP-120
QC-0007099,GR-0007099,MAT-00322,SUP-0073,2025-12-16,167,14,83832,DEF_PACKAGING,REJECTED,INSP-124
QC-0007100,GR-0007100,MAT-00530,SUP-0013,2025-09-15,129,15,116279,DEF_PACKAGING,REJECTED,INSP-111
QC-0007101,GR-0007101,MAT-00372,SUP-0061,2025-03-18,370,1,2702,DEF_SURFACE,CONCESSION,INSP-111
QC-0007102,GR-0007102,MAT-00634,SUP-0061,2025-03-14,31,0,0,,ACCEPTED,INSP-118
QC-0007103,GR-0007103,MAT-00172,SUP-0061,2025-03-19,13,0,0,,ACCEPTED,INSP-110
QC-0007104,GR-0007104,MAT-01172,SUP-0061,2025-03-17,247,3,12145,DEF_CONTAMINATION,CONCESSION,INSP-123
QC-0007105,GR-0007105,MAT-00175,SUP-0031,2026-03-17,712,139,195224,DEF_SURFACE,REJECTED,INSP-112
QC-0007106,GR-0007106,MAT-00489,SUP-0095,2025-04-06,69,1,14492,DEF_ELECTRICAL,CONCESSION,INSP-118
QC-0007107,GR-0007107,MAT-00987,SUP-0059,2026-02-07,313,59,188498,DEF_DIMENSIONAL,REJECTED,INSP-111
QC-0007108,GR-0007108,MAT-00757,SUP-0059,2026-03-15,574,98,170731,DEF_METALLURGY,REJECTED,INSP-111
QC-0007109,GR-0007109,MAT-00027,SUP-0101,2025-12-20,621,86,138486,DEF_DIMENSIONAL,REJECTED,INSP-124
QC-0007110,GR-0007110,MAT-00232,SUP-0113,2025-11-27,562,46,81850,DEF_SURFACE,REJECTED,INSP-112
QC-0007111,GR-0007111,MAT-01184,SUP-0113,2025-12-01,62,5,80645,DEF_DIMENSIONAL,REJECTED,INSP-110
QC-0007112,GR-0007112,MAT-00470,SUP-0113,2025-11-21,16,2,125000,DEF_ELECTRICAL,REJECTED,INSP-122
QC-0007113,GR-0007113,MAT-00298,SUP-0113,2025-11-25,191,27,141361,DEF_ELECTRICAL,REJECTED,INSP-103
QC-0007114,GR-0007114,MAT-00644,SUP-0078,2025-05-19,24,0,0,,ACCEPTED,INSP-108
QC-0007115,GR-0007115,MAT-01189,SUP-0078,2025-05-17,68,7,102941,DEF_DIMENSIONAL,REJECTED,INSP-120
QC-0007116,GR-0007116,MAT-00813,SUP-0078,2025-05-15,10,1,100000,DEF_METALLURGY,REJECTED,INSP-114
QC-0007117,GR-0007117,MAT-01181,SUP-0056,2025-12-09,160,20,125000,DEF_PACKAGING,REJECTED,INSP-115
QC-0007118,GR-0007118,MAT-00739,SUP-0096,2026-03-08,94,10,106382,DEF_SURFACE,REJECTED,INSP-104
QC-0007119,GR-0007119,MAT-01119,SUP-0004,2025-11-16,480,51,106250,DEF_CONTAMINATION,REJECTED,INSP-106
QC-0007120,GR-0007120,MAT-01123,SUP-0004,2025-11-11,18,3,166666,DEF_ELECTRICAL,REJECTED,INSP-110
QC-0007121,GR-0007121,MAT-00558,SUP-0059,2025-11-05,10,2,200000,DEF_PACKAGING,REJECTED,INSP-122
QC-0007122,GR-0007122,MAT-00631,SUP-0059,2025-11-05,42,6,142857,DEF_CONTAMINATION,REJECTED,INSP-101
QC-0007123,GR-0007123,MAT-00383,SUP-0059,2025-11-10,692,118,170520,DEF_PACKAGING,REJECTED,INSP-122
QC-0007124,GR-0007124,MAT-00967,SUP-0084,2025-08-08,83,6,72289,DEF_METALLURGY,REJECTED,INSP-109
QC-0007125,GR-0007125,MAT-00222,SUP-0089,2025-10-25,68,10,147058,DEF_METALLURGY,REJECTED,INSP-104
QC-0007126,GR-0007126,MAT-00453,SUP-0074,2025-04-21,66,4,60606,DEF_DIMENSIONAL,REJECTED,INSP-118
QC-0007127,GR-0007127,MAT-00887,SUP-0074,2025-04-20,16,1,62500,DEF_DIMENSIONAL,REJECTED,INSP-116
QC-0007128,GR-0007128,MAT-00738,SUP-0077,2025-10-11,33,6,181818,DEF_ELECTRICAL,REJECTED,INSP-106
QC-0007129,GR-0007129,MAT-00764,SUP-0077,2025-10-18,141,8,56737,DEF_METALLURGY,REJECTED,INSP-118
QC-0007130,GR-0007130,MAT-00877,SUP-0077,2025-10-14,10,0,0,,ACCEPTED,INSP-113
QC-0007131,GR-0007131,MAT-01102,SUP-0087,2025-09-06,49,1,20408,DEF_METALLURGY,CONCESSION,INSP-111
QC-0007132,GR-0007132,MAT-00632,SUP-0087,2025-09-05,10,1,100000,DEF_ELECTRICAL,REJECTED,INSP-104
QC-0007133,GR-0007133,MAT-00463,SUP-0087,2025-09-06,11,0,0,,ACCEPTED,INSP-125
QC-0007134,GR-0007134,MAT-01162,SUP-0087,2025-09-04,327,10,30581,DEF_DIMENSIONAL,CONCESSION,INSP-107
QC-0007135,GR-0007135,MAT-00086,SUP-0068,2026-01-25,54,2,37037,DEF_ELECTRICAL,CONCESSION,INSP-110
QC-0007136,GR-0007136,MAT-00558,SUP-0059,2025-11-07,10,2,200000,DEF_DIMENSIONAL,REJECTED,INSP-111
QC-0007137,GR-0007137,MAT-00515,SUP-0059,2025-11-04,277,50,180505,DEF_CONTAMINATION,REJECTED,INSP-102
QC-0007138,GR-0007138,MAT-00467,SUP-0029,2026-03-21,249,40,160642,DEF_CONTAMINATION,REJECTED,INSP-104
QC-0007139,GR-0007139,MAT-00268,SUP-0029,2026-03-19,412,59,143203,DEF_DIMENSIONAL,REJECTED,INSP-103
QC-0007140,GR-0007140,MAT-00854,SUP-0029,2026-03-11,303,42,138613,DEF_PACKAGING,REJECTED,INSP-110
QC-0007141,GR-0007141,MAT-00274,SUP-0091,2025-05-01,177,4,22598,DEF_METALLURGY,CONCESSION,INSP-115
QC-0007142,GR-0007142,MAT-00224,SUP-0091,2025-05-02,221,10,45248,DEF_CONTAMINATION,REJECTED,INSP-113
QC-0007143,GR-0007143,MAT-00511,SUP-0091,2025-05-04,10,2,200000,DEF_DIMENSIONAL,REJECTED,INSP-114
QC-0007144,GR-0007144,MAT-01101,SUP-0091,2025-05-04,10,1,100000,DEF_PACKAGING,REJECTED,INSP-123
QC-0007145,GR-0007145,MAT-00539,SUP-0114,2025-12-13,152,22,144736,DEF_PACKAGING,REJECTED,INSP-117
QC-0007146,GR-0007146,MAT-00027,SUP-0101,2025-05-24,592,69,116554,DEF_ELECTRICAL,REJECTED,INSP-119
QC-0007147,GR-0007147,MAT-00371,SUP-0101,2025-05-17,11,1,90909,DEF_METALLURGY,REJECTED,INSP-111
QC-0007148,GR-0007148,MAT-00542,SUP-0101,2025-05-24,132,17,128787,DEF_METALLURGY,REJECTED,INSP-102
QC-0007149,GR-0007149,MAT-01132,SUP-0039,2026-02-24,54,7,129629,DEF_METALLURGY,REJECTED,INSP-111
QC-0007150,GR-0007150,MAT-00684,SUP-0089,2026-01-11,483,54,111801,DEF_METALLURGY,REJECTED,INSP-123
QC-0007151,GR-0007151,MAT-00717,SUP-0039,2026-03-11,33,5,151515,DEF_DIMENSIONAL,REJECTED,INSP-111
QC-0007152,GR-0007152,MAT-00109,SUP-0039,2026-03-11,34,4,117647,DEF_ELECTRICAL,REJECTED,INSP-106
QC-0007153,GR-0007153,MAT-00644,SUP-0039,2026-03-12,15,3,200000,DEF_ELECTRICAL,REJECTED,INSP-122
QC-0007154,GR-0007154,MAT-01114,SUP-0036,2026-01-03,10,0,0,,ACCEPTED,INSP-113
QC-0007155,GR-0007155,MAT-00985,SUP-0036,2025-12-28,42,0,0,,ACCEPTED,INSP-104
QC-0007156,GR-0007156,MAT-00556,SUP-0095,2026-01-23,506,13,25691,DEF_METALLURGY,CONCESSION,INSP-122
QC-0007157,GR-0007157,MAT-00518,SUP-0095,2026-01-24,54,1,18518,DEF_CONTAMINATION,CONCESSION,INSP-109
QC-0007158,GR-0007158,MAT-00801,SUP-0078,2025-12-05,27,1,37037,DEF_SURFACE,CONCESSION,INSP-125
QC-0007159,GR-0007159,MAT-00482,SUP-0078,2025-12-08,11,0,0,,ACCEPTED,INSP-101
QC-0007160,GR-0007160,MAT-00818,SUP-0119,2025-07-11,102,3,29411,DEF_SURFACE,CONCESSION,INSP-101
QC-0007161,GR-0007161,MAT-00722,SUP-0019,2025-12-06,30,1,33333,DEF_METALLURGY,CONCESSION,INSP-106
QC-0007162,GR-0007162,MAT-00272,SUP-0070,2025-07-27,10,3,300000,DEF_DIMENSIONAL,REJECTED,INSP-117
QC-0007163,GR-0007163,MAT-00552,SUP-0079,2025-12-27,168,19,113095,DEF_SURFACE,REJECTED,INSP-111
QC-0007164,GR-0007164,MAT-00329,SUP-0049,2025-11-21,162,13,80246,DEF_CONTAMINATION,REJECTED,INSP-117
QC-0007165,GR-0007165,MAT-00767,SUP-0080,2026-01-06,13,3,230769,DEF_METALLURGY,REJECTED,INSP-117
QC-0007166,GR-0007166,MAT-00159,SUP-0039,2025-03-20,17,2,117647,DEF_PACKAGING,REJECTED,INSP-124
QC-0007167,GR-0007167,MAT-00010,SUP-0039,2025-03-15,24,6,250000,DEF_SURFACE,REJECTED,INSP-103
QC-0007168,GR-0007168,MAT-01038,SUP-0039,2025-03-22,86,13,151162,DEF_SURFACE,REJECTED,INSP-123
QC-0007169,GR-0007169,MAT-00385,SUP-0019,2025-08-01,15,1,66666,DEF_CONTAMINATION,REJECTED,INSP-114
QC-0007170,GR-0007170,MAT-00913,SUP-0019,2025-07-31,25,1,40000,DEF_ELECTRICAL,REJECTED,INSP-109
QC-0007171,GR-0007171,MAT-00360,SUP-0019,2025-08-04,12,1,83333,DEF_SURFACE,REJECTED,INSP-104
QC-0007172,GR-0007172,MAT-00226,SUP-0072,2026-01-22,33,8,242424,DEF_DIMENSIONAL,REJECTED,INSP-116
QC-0007173,GR-0007173,MAT-01142,SUP-0072,2026-01-06,246,58,235772,DEF_CONTAMINATION,REJECTED,INSP-105
QC-0007174,GR-0007174,MAT-00247,SUP-0111,2025-11-10,332,25,75301,DEF_METALLURGY,REJECTED,INSP-104
QC-0007175,GR-0007175,MAT-01081,SUP-0111,2025-11-03,20,1,50000,DEF_PACKAGING,REJECTED,INSP-110
QC-0007176,GR-0007176,MAT-00916,SUP-0047,2025-10-25,43,0,0,,ACCEPTED,INSP-125
QC-0007177,GR-0007177,MAT-01177,SUP-0031,2026-03-09,17,5,294117,DEF_DIMENSIONAL,REJECTED,INSP-107
QC-0007178,GR-0007178,MAT-00994,SUP-0083,2026-01-04,297,23,77441,DEF_DIMENSIONAL,REJECTED,INSP-125
QC-0007179,GR-0007179,MAT-00538,SUP-0083,2026-01-15,59,2,33898,DEF_SURFACE,CONCESSION,INSP-122
QC-0007180,GR-0007180,MAT-00255,SUP-0083,2026-01-08,100,9,90000,DEF_SURFACE,REJECTED,INSP-120
QC-0007181,GR-0007181,MAT-00077,SUP-0049,2025-09-16,34,0,0,,ACCEPTED,INSP-111
QC-0007182,GR-0007182,MAT-00259,SUP-0005,2025-11-01,724,91,125690,DEF_ELECTRICAL,REJECTED,INSP-120
QC-0007183,GR-0007183,MAT-00486,SUP-0095,2025-08-11,65,0,0,,ACCEPTED,INSP-105
QC-0007184,GR-0007184,MAT-00179,SUP-0095,2025-08-09,27,1,37037,DEF_PACKAGING,CONCESSION,INSP-123
QC-0007185,GR-0007185,MAT-00099,SUP-0095,2025-08-08,171,6,35087,DEF_DIMENSIONAL,CONCESSION,INSP-105
QC-0007186,GR-0007186,MAT-00780,SUP-0095,2025-08-08,75,1,13333,DEF_ELECTRICAL,CONCESSION,INSP-119
QC-0007187,GR-0007187,MAT-01009,SUP-0096,2025-06-17,94,7,74468,DEF_DIMENSIONAL,REJECTED,INSP-103
QC-0007188,GR-0007188,MAT-00196,SUP-0096,2025-06-22,78,5,64102,DEF_ELECTRICAL,REJECTED,INSP-122
QC-0007189,GR-0007189,MAT-00224,SUP-0096,2025-06-23,188,15,79787,DEF_SURFACE,REJECTED,INSP-123
QC-0007190,GR-0007190,MAT-00612,SUP-0098,2025-10-23,108,10,92592,DEF_CONTAMINATION,REJECTED,INSP-101
QC-0007191,GR-0007191,MAT-01061,SUP-0101,2025-04-15,10,1,100000,DEF_ELECTRICAL,REJECTED,INSP-114
QC-0007192,GR-0007192,MAT-01007,SUP-0095,2025-08-06,123,4,32520,DEF_SURFACE,CONCESSION,INSP-123
QC-0007193,GR-0007193,MAT-00987,SUP-0059,2026-04-01,499,78,156312,DEF_DIMENSIONAL,REJECTED,INSP-115
QC-0007194,GR-0007194,MAT-00203,SUP-0029,2025-08-24,49,5,102040,DEF_SURFACE,REJECTED,INSP-102
QC-0007195,GR-0007195,MAT-00436,SUP-0029,2025-08-23,18,2,111111,DEF_PACKAGING,REJECTED,INSP-124
QC-0007196,GR-0007196,MAT-00075,SUP-0040,2025-05-30,10,0,0,,ACCEPTED,INSP-111
QC-0007197,GR-0007197,MAT-01060,SUP-0081,2025-12-10,170,18,105882,DEF_DIMENSIONAL,REJECTED,INSP-120
QC-0007198,GR-0007198,MAT-00784,SUP-0055,2025-03-01,73,1,13698,DEF_SURFACE,CONCESSION,INSP-113
QC-0007199,GR-0007199,MAT-00048,SUP-0055,2025-03-02,64,2,31250,DEF_METALLURGY,CONCESSION,INSP-125
QC-0007200,GR-0007200,MAT-00065,SUP-0095,2025-05-16,10,1,100000,DEF_CONTAMINATION,REJECTED,INSP-119
QC-0007201,GR-0007201,MAT-00514,SUP-0095,2025-05-22,94,2,21276,DEF_SURFACE,CONCESSION,INSP-101
QC-0007202,GR-0007202,MAT-00484,SUP-0098,2026-02-28,182,22,120879,DEF_CONTAMINATION,REJECTED,INSP-112
QC-0007203,GR-0007203,MAT-00255,SUP-0096,2026-02-11,138,13,94202,DEF_CONTAMINATION,REJECTED,INSP-122
QC-0007204,GR-0007204,MAT-00936,SUP-0051,2026-03-24,649,34,52388,DEF_DIMENSIONAL,REJECTED,INSP-124
QC-0007205,GR-0007205,MAT-00664,SUP-0112,2026-01-14,462,11,23809,DEF_DIMENSIONAL,CONCESSION,INSP-108
QC-0007206,GR-0007206,MAT-00092,SUP-0098,2025-05-04,276,32,115942,DEF_CONTAMINATION,REJECTED,INSP-111
QC-0007207,GR-0007207,MAT-00289,SUP-0048,2026-03-06,184,7,38043,DEF_CONTAMINATION,CONCESSION,INSP-115
QC-0007208,GR-0007208,MAT-00422,SUP-0048,2026-03-04,10,0,0,,ACCEPTED,INSP-103
QC-0007209,GR-0007209,MAT-00705,SUP-0090,2026-03-24,655,35,53435,DEF_SURFACE,REJECTED,INSP-118
QC-0007210,GR-0007210,MAT-00198,SUP-0090,2026-03-30,266,11,41353,DEF_SURFACE,REJECTED,INSP-109
QC-0007211,GR-0007211,MAT-00711,SUP-0096,2026-02-24,377,18,47745,DEF_ELECTRICAL,REJECTED,INSP-108
QC-0007212,GR-0007212,MAT-00127,SUP-0104,2025-12-16,39,0,0,,ACCEPTED,INSP-123
QC-0007213,GR-0007213,MAT-00644,SUP-0078,2025-08-21,34,3,88235,DEF_DIMENSIONAL,REJECTED,INSP-110
QC-0007214,GR-0007214,MAT-00793,SUP-0079,2026-03-11,331,39,117824,DEF_SURFACE,REJECTED,INSP-124
QC-0007215,GR-0007215,MAT-00410,SUP-0079,2026-03-19,102,11,107843,DEF_ELECTRICAL,REJECTED,INSP-103
QC-0007216,GR-0007216,MAT-00738,SUP-0077,2025-07-16,35,4,114285,DEF_SURFACE,REJECTED,INSP-120
QC-0007217,GR-0007217,MAT-00616,SUP-0077,2025-07-19,185,15,81081,DEF_ELECTRICAL,REJECTED,INSP-104
QC-0007218,GR-0007218,MAT-01152,SUP-0058,2025-08-22,317,12,37854,DEF_DIMENSIONAL,CONCESSION,INSP-125
QC-0007219,GR-0007219,MAT-00996,SUP-0058,2025-08-23,343,17,49562,DEF_DIMENSIONAL,REJECTED,INSP-121
QC-0007220,GR-0007220,MAT-00555,SUP-0015,2025-09-24,10,1,100000,DEF_DIMENSIONAL,REJECTED,INSP-105
QC-0007221,GR-0007221,MAT-01055,SUP-0109,2026-02-22,11,0,0,,ACCEPTED,INSP-105
QC-0007222,GR-0007222,MAT-00868,SUP-0038,2025-08-02,15,1,66666,DEF_CONTAMINATION,REJECTED,INSP-121
QC-0007223,GR-0007223,MAT-00344,SUP-0068,2025-05-13,378,3,7936,DEF_SURFACE,CONCESSION,INSP-108
QC-0007224,GR-0007224,MAT-01057,SUP-0068,2025-05-14,445,5,11235,DEF_METALLURGY,CONCESSION,INSP-113
QC-0007225,GR-0007225,MAT-01048,SUP-0043,2025-04-02,174,10,57471,DEF_CONTAMINATION,REJECTED,INSP-105
QC-0007226,GR-0007226,MAT-00930,SUP-0043,2025-04-10,10,0,0,,ACCEPTED,INSP-107
QC-0007227,GR-0007227,MAT-01038,SUP-0117,2026-03-20,121,11,90909,DEF_SURFACE,REJECTED,INSP-116
QC-0007228,GR-0007228,MAT-00261,SUP-0117,2026-03-28,18,2,111111,DEF_METALLURGY,REJECTED,INSP-120
QC-0007229,GR-0007229,MAT-00762,SUP-0117,2026-03-26,13,2,153846,DEF_PACKAGING,REJECTED,INSP-101
QC-0007230,GR-0007230,MAT-00441,SUP-0117,2026-03-19,171,12,70175,DEF_ELECTRICAL,REJECTED,INSP-122
QC-0007231,GR-0007231,MAT-00394,SUP-0114,2025-10-11,182,22,120879,DEF_DIMENSIONAL,REJECTED,INSP-101
QC-0007232,GR-0007232,MAT-00721,SUP-0078,2026-03-22,311,14,45016,DEF_ELECTRICAL,REJECTED,INSP-110
QC-0007233,GR-0007233,MAT-00861,SUP-0078,2026-03-19,358,20,55865,DEF_ELECTRICAL,REJECTED,INSP-107
QC-0007234,GR-0007234,MAT-00044,SUP-0078,2026-03-20,14,0,0,,ACCEPTED,INSP-120
QC-0007235,GR-0007235,MAT-00886,SUP-0078,2026-03-17,36,1,27777,DEF_PACKAGING,CONCESSION,INSP-121
QC-0007236,GR-0007236,MAT-01176,SUP-0002,2025-12-20,21,3,142857,DEF_DIMENSIONAL,REJECTED,INSP-120
QC-0007237,GR-0007237,MAT-00658,SUP-0002,2025-12-23,99,12,121212,DEF_CONTAMINATION,REJECTED,INSP-125
QC-0007238,GR-0007238,MAT-00216,SUP-0002,2025-12-14,15,2,133333,DEF_CONTAMINATION,REJECTED,INSP-117
QC-0007239,GR-0007239,MAT-00096,SUP-0002,2025-12-16,403,52,129032,DEF_PACKAGING,REJECTED,INSP-117
QC-0007240,GR-0007240,MAT-00158,SUP-0041,2026-04-11,171,23,134502,DEF_PACKAGING,REJECTED,INSP-101
QC-0007241,GR-0007241,MAT-00314,SUP-0095,2025-02-23,177,6,33898,DEF_DIMENSIONAL,CONCESSION,INSP-121
QC-0007242,GR-0007242,MAT-00839,SUP-0095,2025-02-23,320,9,28125,DEF_CONTAMINATION,CONCESSION,INSP-120
QC-0007243,GR-0007243,MAT-00273,SUP-0095,2025-02-28,19,0,0,,ACCEPTED,INSP-103
QC-0007244,GR-0007244,MAT-00262,SUP-0095,2025-02-26,21,1,47619,DEF_PACKAGING,REJECTED,INSP-102
QC-0007245,GR-0007245,MAT-00541,SUP-0107,2025-05-14,268,16,59701,DEF_CONTAMINATION,REJECTED,INSP-106
QC-0007246,GR-0007246,MAT-00547,SUP-0016,2025-09-04,11,2,181818,DEF_ELECTRICAL,REJECTED,INSP-110
QC-0007247,GR-0007247,MAT-00903,SUP-0009,2026-02-17,557,98,175942,DEF_ELECTRICAL,REJECTED,INSP-106
QC-0007248,GR-0007248,MAT-00723,SUP-0009,2026-02-16,30,8,266666,DEF_SURFACE,REJECTED,INSP-102
QC-0007249,GR-0007249,MAT-00206,SUP-0009,2026-02-16,13,3,230769,DEF_ELECTRICAL,REJECTED,INSP-116
QC-0007250,GR-0007250,MAT-00866,SUP-0009,2026-02-14,11,2,181818,DEF_DIMENSIONAL,REJECTED,INSP-105
QC-0007251,GR-0007251,MAT-00382,SUP-0091,2026-03-29,17,2,117647,DEF_ELECTRICAL,REJECTED,INSP-123
QC-0007252,GR-0007252,MAT-00551,SUP-0113,2025-11-13,321,45,140186,DEF_METALLURGY,REJECTED,INSP-110
QC-0007253,GR-0007253,MAT-01153,SUP-0113,2025-11-15,286,26,90909,DEF_METALLURGY,REJECTED,INSP-125
QC-0007254,GR-0007254,MAT-00178,SUP-0012,2025-12-22,10,1,100000,DEF_DIMENSIONAL,REJECTED,INSP-103
QC-0007255,GR-0007255,MAT-00411,SUP-0012,2026-01-01,14,1,71428,DEF_CONTAMINATION,REJECTED,INSP-102
QC-0007256,GR-0007256,MAT-00206,SUP-0023,2025-07-22,36,0,0,,ACCEPTED,INSP-110
QC-0007257,GR-0007257,MAT-01146,SUP-0052,2026-03-07,18,2,111111,DEF_ELECTRICAL,REJECTED,INSP-116
QC-0007258,GR-0007258,MAT-01195,SUP-0041,2025-08-31,23,2,86956,DEF_SURFACE,REJECTED,INSP-104
QC-0007259,GR-0007259,MAT-01043,SUP-0041,2025-08-30,51,4,78431,DEF_ELECTRICAL,REJECTED,INSP-109
QC-0007260,GR-0007260,MAT-00161,SUP-0002,2025-11-20,447,43,96196,DEF_METALLURGY,REJECTED,INSP-118
QC-0007261,GR-0007261,MAT-01166,SUP-0002,2025-11-27,744,94,126344,DEF_DIMENSIONAL,REJECTED,INSP-118
QC-0007262,GR-0007262,MAT-00171,SUP-0112,2025-12-07,17,0,0,,ACCEPTED,INSP-118
QC-0007263,GR-0007263,MAT-01013,SUP-0019,2025-12-02,273,20,73260,DEF_CONTAMINATION,REJECTED,INSP-119
QC-0007264,GR-0007264,MAT-00432,SUP-0019,2025-12-02,174,15,86206,DEF_PACKAGING,REJECTED,INSP-114
QC-0007265,GR-0007265,MAT-00416,SUP-0019,2025-12-05,249,27,108433,DEF_PACKAGING,REJECTED,INSP-123
QC-0007266,GR-0007266,MAT-00970,SUP-0048,2025-07-16,256,10,39062,DEF_CONTAMINATION,CONCESSION,INSP-121
QC-0007267,GR-0007267,MAT-00837,SUP-0048,2025-07-22,18,2,111111,DEF_CONTAMINATION,REJECTED,INSP-122
QC-0007268,GR-0007268,MAT-01028,SUP-0048,2025-07-18,409,20,48899,DEF_CONTAMINATION,REJECTED,INSP-114
QC-0007269,GR-0007269,MAT-01092,SUP-0119,2025-11-27,61,4,65573,DEF_METALLURGY,REJECTED,INSP-122
QC-0007270,GR-0007270,MAT-00138,SUP-0100,2025-09-25,100,3,30000,DEF_METALLURGY,CONCESSION,INSP-119
QC-0007271,GR-0007271,MAT-00519,SUP-0100,2025-09-24,16,0,0,,ACCEPTED,INSP-102
QC-0007272,GR-0007272,MAT-00424,SUP-0100,2025-09-25,311,7,22508,DEF_DIMENSIONAL,CONCESSION,INSP-109
QC-0007273,GR-0007273,MAT-00825,SUP-0051,2025-12-07,17,2,117647,DEF_SURFACE,REJECTED,INSP-125
QC-0007274,GR-0007274,MAT-00899,SUP-0051,2025-12-25,558,25,44802,DEF_METALLURGY,REJECTED,INSP-120
QC-0007275,GR-0007275,MAT-00295,SUP-0051,2025-12-20,42,2,47619,DEF_DIMENSIONAL,REJECTED,INSP-113
QC-0007276,GR-0007276,MAT-01175,SUP-0051,2025-12-22,19,1,52631,DEF_METALLURGY,REJECTED,INSP-120
QC-0007277,GR-0007277,MAT-01142,SUP-0109,2025-02-27,743,2,2691,DEF_DIMENSIONAL,CONCESSION,INSP-116
QC-0007278,GR-0007278,MAT-01068,SUP-0109,2025-02-28,164,1,6097,DEF_DIMENSIONAL,CONCESSION,INSP-120
QC-0007279,GR-0007279,MAT-00524,SUP-0103,2026-03-09,152,29,190789,DEF_ELECTRICAL,REJECTED,INSP-102
QC-0007280,GR-0007280,MAT-00343,SUP-0103,2026-03-16,595,122,205042,DEF_SURFACE,REJECTED,INSP-108
QC-0007281,GR-0007281,MAT-00346,SUP-0114,2026-01-24,73,10,136986,DEF_CONTAMINATION,REJECTED,INSP-107
QC-0007282,GR-0007282,MAT-00011,SUP-0083,2025-10-23,247,8,32388,DEF_DIMENSIONAL,CONCESSION,INSP-125
QC-0007283,GR-0007283,MAT-01198,SUP-0062,2025-05-13,252,23,91269,DEF_PACKAGING,REJECTED,INSP-107
QC-0007284,GR-0007284,MAT-00598,SUP-0062,2025-05-17,15,2,133333,DEF_DIMENSIONAL,REJECTED,INSP-117
QC-0007285,GR-0007285,MAT-00123,SUP-0062,2025-05-18,484,53,109504,DEF_PACKAGING,REJECTED,INSP-108
QC-0007286,GR-0007286,MAT-00030,SUP-0062,2025-05-18,137,11,80291,DEF_PACKAGING,REJECTED,INSP-122
QC-0007287,GR-0007287,MAT-00496,SUP-0004,2026-02-24,183,19,103825,DEF_DIMENSIONAL,REJECTED,INSP-109
QC-0007288,GR-0007288,MAT-00823,SUP-0004,2026-02-28,695,84,120863,DEF_PACKAGING,REJECTED,INSP-108
QC-0007289,GR-0007289,MAT-00547,SUP-0016,2025-08-29,17,0,0,,ACCEPTED,INSP-113
QC-0007290,GR-0007290,MAT-00815,SUP-0099,2025-09-19,722,6,8310,DEF_METALLURGY,CONCESSION,INSP-113
QC-0007291,GR-0007291,MAT-00929,SUP-0061,2025-07-24,707,6,8486,DEF_DIMENSIONAL,CONCESSION,INSP-122
QC-0007292,GR-0007292,MAT-00820,SUP-0061,2025-07-21,233,1,4291,DEF_DIMENSIONAL,CONCESSION,INSP-102
QC-0007293,GR-0007293,MAT-00692,SUP-0012,2025-12-26,102,13,127450,DEF_PACKAGING,REJECTED,INSP-123
QC-0007294,GR-0007294,MAT-00363,SUP-0012,2025-12-22,132,16,121212,DEF_METALLURGY,REJECTED,INSP-106
QC-0007295,GR-0007295,MAT-00201,SUP-0012,2026-01-01,478,54,112970,DEF_PACKAGING,REJECTED,INSP-119
QC-0007296,GR-0007296,MAT-01125,SUP-0090,2025-07-16,30,1,33333,DEF_METALLURGY,CONCESSION,INSP-112
QC-0007297,GR-0007297,MAT-00799,SUP-0090,2025-07-16,55,4,72727,DEF_METALLURGY,REJECTED,INSP-103
QC-0007298,GR-0007298,MAT-00532,SUP-0024,2025-10-04,246,13,52845,DEF_METALLURGY,REJECTED,INSP-107
QC-0007299,GR-0007299,MAT-00959,SUP-0064,2026-01-28,34,2,58823,DEF_PACKAGING,REJECTED,INSP-113
QC-0007300,GR-0007300,MAT-00652,SUP-0024,2025-12-14,10,1,100000,DEF_DIMENSIONAL,REJECTED,INSP-115
QC-0007301,GR-0007301,MAT-00901,SUP-0024,2025-12-14,91,2,21978,DEF_CONTAMINATION,CONCESSION,INSP-111
QC-0007302,GR-0007302,MAT-00718,SUP-0114,2025-10-21,23,2,86956,DEF_DIMENSIONAL,REJECTED,INSP-116
QC-0007303,GR-0007303,MAT-00106,SUP-0032,2025-11-10,17,1,58823,DEF_ELECTRICAL,REJECTED,INSP-123
QC-0007304,GR-0007304,MAT-00944,SUP-0091,2025-12-11,58,2,34482,DEF_METALLURGY,CONCESSION,INSP-114
QC-0007305,GR-0007305,MAT-00236,SUP-0007,2025-02-20,26,3,115384,DEF_ELECTRICAL,REJECTED,INSP-125
QC-0007306,GR-0007306,MAT-00382,SUP-0091,2025-05-21,15,1,66666,DEF_METALLURGY,REJECTED,INSP-119
QC-0007307,GR-0007307,MAT-00515,SUP-0091,2025-05-20,307,13,42345,DEF_DIMENSIONAL,REJECTED,INSP-121
QC-0007308,GR-0007308,MAT-00138,SUP-0091,2025-05-23,132,2,15151,DEF_METALLURGY,CONCESSION,INSP-118
QC-0007309,GR-0007309,MAT-00484,SUP-0098,2026-04-01,225,19,84444,DEF_CONTAMINATION,REJECTED,INSP-122
QC-0007310,GR-0007310,MAT-00596,SUP-0098,2026-04-01,742,75,101078,DEF_DIMENSIONAL,REJECTED,INSP-119
QC-0007311,GR-0007311,MAT-00617,SUP-0082,2025-07-06,10,2,200000,DEF_DIMENSIONAL,REJECTED,INSP-108
QC-0007312,GR-0007312,MAT-00620,SUP-0086,2026-01-14,10,0,0,,ACCEPTED,INSP-103
QC-0007313,GR-0007313,MAT-00423,SUP-0086,2026-01-14,26,0,0,,ACCEPTED,INSP-116
QC-0007314,GR-0007314,MAT-00638,SUP-0086,2026-01-13,10,0,0,,ACCEPTED,INSP-110
QC-0007315,GR-0007315,MAT-00702,SUP-0106,2025-09-22,19,2,105263,DEF_PACKAGING,REJECTED,INSP-113
QC-0007316,GR-0007316,MAT-00858,SUP-0035,2025-11-21,374,80,213903,DEF_METALLURGY,REJECTED,INSP-116
QC-0007317,GR-0007317,MAT-00377,SUP-0035,2025-11-26,229,49,213973,DEF_CONTAMINATION,REJECTED,INSP-122
QC-0007318,GR-0007318,MAT-00278,SUP-0035,2025-11-12,13,3,230769,DEF_PACKAGING,REJECTED,INSP-119
QC-0007319,GR-0007319,MAT-00666,SUP-0001,2026-02-02,65,15,230769,DEF_PACKAGING,REJECTED,INSP-109
QC-0007320,GR-0007320,MAT-00916,SUP-0047,2026-03-26,73,1,13698,DEF_SURFACE,CONCESSION,INSP-122
QC-0007321,GR-0007321,MAT-00888,SUP-0023,2026-01-26,35,0,0,,ACCEPTED,INSP-112
QC-0007322,GR-0007322,MAT-00157,SUP-0023,2026-01-26,17,0,0,,ACCEPTED,INSP-119
QC-0007323,GR-0007323,MAT-00084,SUP-0023,2026-01-26,60,0,0,,ACCEPTED,INSP-124
QC-0007324,GR-0007324,MAT-00536,SUP-0095,2025-05-23,341,9,26392,DEF_ELECTRICAL,CONCESSION,INSP-121
QC-0007325,GR-0007325,MAT-00030,SUP-0095,2025-05-23,46,1,21739,DEF_ELECTRICAL,CONCESSION,INSP-124
QC-0007326,GR-0007326,MAT-00404,SUP-0095,2025-05-26,58,3,51724,DEF_SURFACE,REJECTED,INSP-101
QC-0007327,GR-0007327,MAT-00043,SUP-0033,2026-01-12,334,30,89820,DEF_DIMENSIONAL,REJECTED,INSP-110
QC-0007328,GR-0007328,MAT-00343,SUP-0110,2025-11-05,674,53,78635,DEF_METALLURGY,REJECTED,INSP-108
QC-0007329,GR-0007329,MAT-00536,SUP-0095,2025-04-22,227,9,39647,DEF_METALLURGY,CONCESSION,INSP-114
QC-0007330,GR-0007330,MAT-00986,SUP-0041,2025-08-11,13,2,153846,DEF_ELECTRICAL,REJECTED,INSP-104
QC-0007331,GR-0007331,MAT-00381,SUP-0044,2026-04-01,622,108,173633,DEF_PACKAGING,REJECTED,INSP-119
QC-0007332,GR-0007332,MAT-00477,SUP-0087,2025-11-10,12,0,0,,ACCEPTED,INSP-120
QC-0007333,GR-0007333,MAT-01127,SUP-0087,2025-11-11,179,6,33519,DEF_SURFACE,CONCESSION,INSP-113
QC-0007334,GR-0007334,MAT-00194,SUP-0059,2025-11-15,274,43,156934,DEF_METALLURGY,REJECTED,INSP-109
QC-0007335,GR-0007335,MAT-00992,SUP-0059,2025-10-26,187,32,171122,DEF_DIMENSIONAL,REJECTED,INSP-114
QC-0007336,GR-0007336,MAT-01161,SUP-0059,2025-11-03,18,3,166666,DEF_PACKAGING,REJECTED,INSP-121
QC-0007337,GR-0007337,MAT-00608,SUP-0044,2025-12-11,83,19,228915,DEF_SURFACE,REJECTED,INSP-113
QC-0007338,GR-0007338,MAT-00828,SUP-0105,2025-09-07,122,1,8196,DEF_DIMENSIONAL,CONCESSION,INSP-101
QC-0007339,GR-0007339,MAT-00779,SUP-0105,2025-09-06,18,0,0,,ACCEPTED,INSP-118
QC-0007340,GR-0007340,MAT-00755,SUP-0119,2025-07-07,71,8,112676,DEF_PACKAGING,REJECTED,INSP-109
QC-0007341,GR-0007341,MAT-01081,SUP-0039,2025-09-11,24,8,333333,DEF_PACKAGING,REJECTED,INSP-104
QC-0007342,GR-0007342,MAT-00989,SUP-0093,2026-01-17,277,61,220216,DEF_ELECTRICAL,REJECTED,INSP-104
QC-0007343,GR-0007343,MAT-00285,SUP-0059,2026-01-20,142,18,126760,DEF_SURFACE,REJECTED,INSP-104
QC-0007344,GR-0007344,MAT-00200,SUP-0059,2026-02-01,566,84,148409,DEF_SURFACE,REJECTED,INSP-114
QC-0007345,GR-0007345,MAT-00286,SUP-0059,2026-01-27,505,79,156435,DEF_SURFACE,REJECTED,INSP-123
QC-0007346,GR-0007346,MAT-00316,SUP-0022,2025-12-25,11,0,0,,ACCEPTED,INSP-121
QC-0007347,GR-0007347,MAT-00497,SUP-0103,2025-11-10,520,72,138461,DEF_METALLURGY,REJECTED,INSP-113
QC-0007348,GR-0007348,MAT-00736,SUP-0103,2025-11-14,89,15,168539,DEF_CONTAMINATION,REJECTED,INSP-103
QC-0007349,GR-0007349,MAT-00246,SUP-0025,2026-02-21,313,8,25559,DEF_SURFACE,CONCESSION,INSP-102
QC-0007350,GR-0007350,MAT-01109,SUP-0019,2025-12-03,10,0,0,,ACCEPTED,INSP-103
QC-0007351,GR-0007351,MAT-00897,SUP-0019,2025-11-27,17,0,0,,ACCEPTED,INSP-118
QC-0007352,GR-0007352,MAT-00321,SUP-0019,2025-12-01,148,11,74324,DEF_METALLURGY,REJECTED,INSP-121
QC-0007353,GR-0007353,MAT-00016,SUP-0019,2025-11-30,52,5,96153,DEF_CONTAMINATION,REJECTED,INSP-105
QC-0007354,GR-0007354,MAT-00601,SUP-0049,2025-06-12,33,1,30303,DEF_PACKAGING,CONCESSION,INSP-119
QC-0007355,GR-0007355,MAT-00836,SUP-0026,2025-07-06,31,4,129032,DEF_PACKAGING,REJECTED,INSP-110
QC-0007356,GR-0007356,MAT-00772,SUP-0026,2025-07-06,88,6,68181,DEF_PACKAGING,REJECTED,INSP-109
QC-0007357,GR-0007357,MAT-00555,SUP-0015,2026-02-11,10,2,200000,DEF_METALLURGY,REJECTED,INSP-102
QC-0007358,GR-0007358,MAT-01160,SUP-0019,2025-09-22,12,1,83333,DEF_DIMENSIONAL,REJECTED,INSP-123
QC-0007359,GR-0007359,MAT-00163,SUP-0106,2026-04-07,15,1,66666,DEF_PACKAGING,REJECTED,INSP-119
QC-0007360,GR-0007360,MAT-00448,SUP-0042,2026-02-25,47,4,85106,DEF_CONTAMINATION,REJECTED,INSP-114
QC-0007361,GR-0007361,MAT-00155,SUP-0042,2026-02-22,285,14,49122,DEF_PACKAGING,REJECTED,INSP-108
QC-0007362,GR-0007362,MAT-00898,SUP-0069,2025-08-28,88,1,11363,DEF_METALLURGY,CONCESSION,INSP-121
QC-0007363,GR-0007363,MAT-00003,SUP-0086,2025-04-07,16,0,0,,ACCEPTED,INSP-109
QC-0007364,GR-0007364,MAT-00580,SUP-0105,2025-06-06,435,10,22988,DEF_ELECTRICAL,CONCESSION,INSP-114
QC-0007365,GR-0007365,MAT-01169,SUP-0105,2025-06-08,48,1,20833,DEF_DIMENSIONAL,CONCESSION,INSP-101
QC-0007366,GR-0007366,MAT-00013,SUP-0105,2025-06-06,58,0,0,,ACCEPTED,INSP-124
QC-0007367,GR-0007367,MAT-01066,SUP-0027,2026-02-07,155,12,77419,DEF_ELECTRICAL,REJECTED,INSP-125
QC-0007368,GR-0007368,MAT-00235,SUP-0062,2025-11-01,133,9,67669,DEF_CONTAMINATION,REJECTED,INSP-101
QC-0007369,GR-0007369,MAT-00029,SUP-0060,2025-12-10,43,3,69767,DEF_PACKAGING,REJECTED,INSP-107
QC-0007370,GR-0007370,MAT-00975,SUP-0052,2026-02-11,175,9,51428,DEF_ELECTRICAL,REJECTED,INSP-107
QC-0007371,GR-0007371,MAT-00549,SUP-0052,2026-02-06,223,15,67264,DEF_CONTAMINATION,REJECTED,INSP-113
QC-0007372,GR-0007372,MAT-00669,SUP-0052,2026-02-05,192,14,72916,DEF_METALLURGY,REJECTED,INSP-117
QC-0007373,GR-0007373,MAT-01094,SUP-0009,2025-07-22,16,1,62500,DEF_CONTAMINATION,REJECTED,INSP-120
QC-0007374,GR-0007374,MAT-01059,SUP-0068,2025-10-27,316,8,25316,DEF_CONTAMINATION,CONCESSION,INSP-124
QC-0007375,GR-0007375,MAT-00889,SUP-0068,2025-10-30,396,6,15151,DEF_PACKAGING,CONCESSION,INSP-104
QC-0007376,GR-0007376,MAT-01025,SUP-0095,2025-11-20,55,2,36363,DEF_ELECTRICAL,CONCESSION,INSP-106
QC-0007377,GR-0007377,MAT-00121,SUP-0089,2025-12-02,122,12,98360,DEF_ELECTRICAL,REJECTED,INSP-113
QC-0007378,GR-0007378,MAT-00694,SUP-0089,2025-12-02,23,1,43478,DEF_SURFACE,REJECTED,INSP-110
QC-0007379,GR-0007379,MAT-00699,SUP-0089,2025-12-08,140,9,64285,DEF_CONTAMINATION,REJECTED,INSP-109
QC-0007380,GR-0007380,MAT-00202,SUP-0085,2026-02-20,197,6,30456,DEF_CONTAMINATION,CONCESSION,INSP-107
QC-0007381,GR-0007381,MAT-00585,SUP-0085,2026-02-19,94,2,21276,DEF_SURFACE,CONCESSION,INSP-110
QC-0007382,GR-0007382,MAT-00270,SUP-0085,2026-02-18,10,0,0,,ACCEPTED,INSP-123
QC-0007383,GR-0007383,MAT-00760,SUP-0074,2025-07-28,10,2,200000,DEF_DIMENSIONAL,REJECTED,INSP-103
QC-0007384,GR-0007384,MAT-00334,SUP-0074,2025-07-31,228,12,52631,DEF_DIMENSIONAL,REJECTED,INSP-106
QC-0007385,GR-0007385,MAT-00497,SUP-0103,2026-03-03,447,64,143176,DEF_ELECTRICAL,REJECTED,INSP-107
QC-0007386,GR-0007386,MAT-00784,SUP-0055,2025-12-07,48,0,0,,ACCEPTED,INSP-109
QC-0007387,GR-0007387,MAT-00369,SUP-0025,2026-01-15,561,22,39215,DEF_SURFACE,CONCESSION,INSP-125
QC-0007388,GR-0007388,MAT-00942,SUP-0086,2025-10-16,585,1,1709,DEF_PACKAGING,CONCESSION,INSP-102
QC-0007389,GR-0007389,MAT-00471,SUP-0097,2025-07-26,10,1,100000,DEF_CONTAMINATION,REJECTED,INSP-106
QC-0007390,GR-0007390,MAT-00182,SUP-0115,2026-01-22,59,10,169491,DEF_SURFACE,REJECTED,INSP-106
QC-0007391,GR-0007391,MAT-01137,SUP-0115,2026-01-23,10,1,100000,DEF_DIMENSIONAL,REJECTED,INSP-120
QC-0007392,GR-0007392,MAT-01060,SUP-0115,2026-01-21,62,11,177419,DEF_CONTAMINATION,REJECTED,INSP-121
QC-0007393,GR-0007393,MAT-00194,SUP-0115,2026-01-22,139,13,93525,DEF_CONTAMINATION,REJECTED,INSP-112
QC-0007394,GR-0007394,MAT-00162,SUP-0026,2025-12-19,20,0,0,,ACCEPTED,INSP-121
QC-0007395,GR-0007395,MAT-00617,SUP-0026,2025-12-17,27,3,111111,DEF_CONTAMINATION,REJECTED,INSP-101
QC-0007396,GR-0007396,MAT-00043,SUP-0026,2025-12-22,157,11,70063,DEF_SURFACE,REJECTED,INSP-117
QC-0007397,GR-0007397,MAT-00606,SUP-0075,2026-01-15,125,14,112000,DEF_METALLURGY,REJECTED,INSP-117
QC-0007398,GR-0007398,MAT-00301,SUP-0003,2025-10-07,13,1,76923,DEF_CONTAMINATION,REJECTED,INSP-108
QC-0007399,GR-0007399,MAT-00033,SUP-0003,2025-10-09,606,71,117161,DEF_SURFACE,REJECTED,INSP-117
QC-0007400,GR-0007400,MAT-00188,SUP-0067,2026-04-15,142,14,98591,DEF_PACKAGING,REJECTED,INSP-116
QC-0007401,GR-0007401,MAT-00567,SUP-0067,2026-04-19,182,21,115384,DEF_PACKAGING,REJECTED,INSP-121
QC-0007402,GR-0007402,MAT-00126,SUP-0095,2025-12-12,20,1,50000,DEF_METALLURGY,REJECTED,INSP-103
QC-0007403,GR-0007403,MAT-00090,SUP-0107,2025-05-18,38,2,52631,DEF_CONTAMINATION,REJECTED,INSP-105
QC-0007404,GR-0007404,MAT-00977,SUP-0094,2025-11-06,28,0,0,,ACCEPTED,INSP-111
QC-0007405,GR-0007405,MAT-00824,SUP-0095,2026-02-06,13,0,0,,ACCEPTED,INSP-118
QC-0007406,GR-0007406,MAT-00278,SUP-0095,2026-02-09,31,1,32258,DEF_DIMENSIONAL,CONCESSION,INSP-112
QC-0007407,GR-0007407,MAT-00064,SUP-0084,2026-02-28,70,3,42857,DEF_DIMENSIONAL,REJECTED,INSP-107
QC-0007408,GR-0007408,MAT-00146,SUP-0084,2026-03-03,45,3,66666,DEF_PACKAGING,REJECTED,INSP-106
QC-0007409,GR-0007409,MAT-01095,SUP-0103,2026-01-10,31,4,129032,DEF_DIMENSIONAL,REJECTED,INSP-123
QC-0007410,GR-0007410,MAT-00634,SUP-0119,2025-09-22,45,3,66666,DEF_PACKAGING,REJECTED,INSP-116
QC-0007411,GR-0007411,MAT-00840,SUP-0119,2025-09-21,66,7,106060,DEF_DIMENSIONAL,REJECTED,INSP-109
QC-0007412,GR-0007412,MAT-00827,SUP-0062,2025-11-13,394,30,76142,DEF_SURFACE,REJECTED,INSP-110
QC-0007413,GR-0007413,MAT-00559,SUP-0062,2025-11-05,49,4,81632,DEF_METALLURGY,REJECTED,INSP-112
QC-0007414,GR-0007414,MAT-00604,SUP-0109,2026-04-08,49,0,0,,ACCEPTED,INSP-117
QC-0007415,GR-0007415,MAT-00868,SUP-0038,2026-01-20,56,3,53571,DEF_PACKAGING,REJECTED,INSP-125
QC-0007416,GR-0007416,MAT-00744,SUP-0002,2026-03-24,14,1,71428,DEF_PACKAGING,REJECTED,INSP-120
QC-0007417,GR-0007417,MAT-00105,SUP-0018,2025-06-07,92,9,97826,DEF_CONTAMINATION,REJECTED,INSP-122
QC-0007418,GR-0007418,MAT-00936,SUP-0018,2025-06-02,202,22,108910,DEF_DIMENSIONAL,REJECTED,INSP-102
QC-0007419,GR-0007419,MAT-00326,SUP-0018,2025-06-07,648,45,69444,DEF_ELECTRICAL,REJECTED,INSP-109
QC-0007420,GR-0007420,MAT-00651,SUP-0022,2026-03-18,79,2,25316,DEF_PACKAGING,CONCESSION,INSP-103
QC-0007421,GR-0007421,MAT-00878,SUP-0022,2026-03-18,84,4,47619,DEF_PACKAGING,REJECTED,INSP-101
QC-0007422,GR-0007422,MAT-00799,SUP-0022,2026-03-21,100,3,30000,DEF_DIMENSIONAL,CONCESSION,INSP-114
QC-0007423,GR-0007423,MAT-00195,SUP-0023,2025-09-23,73,1,13698,DEF_METALLURGY,CONCESSION,INSP-101
QC-0007424,GR-0007424,MAT-00244,SUP-0023,2025-09-22,11,0,0,,ACCEPTED,INSP-118
QC-0007425,GR-0007425,MAT-01013,SUP-0023,2025-09-21,80,1,12500,DEF_METALLURGY,CONCESSION,INSP-120
QC-0007426,GR-0007426,MAT-01070,SUP-0011,2025-07-26,265,26,98113,DEF_METALLURGY,REJECTED,INSP-104
QC-0007427,GR-0007427,MAT-00753,SUP-0011,2025-07-27,24,2,83333,DEF_DIMENSIONAL,REJECTED,INSP-110
QC-0007428,GR-0007428,MAT-01005,SUP-0009,2025-09-30,353,79,223796,DEF_DIMENSIONAL,REJECTED,INSP-109
QC-0007429,GR-0007429,MAT-00707,SUP-0009,2025-10-16,10,1,100000,DEF_METALLURGY,REJECTED,INSP-110
QC-0007430,GR-0007430,MAT-00161,SUP-0002,2025-10-24,742,96,129380,DEF_DIMENSIONAL,REJECTED,INSP-103
QC-0007431,GR-0007431,MAT-00487,SUP-0002,2025-11-01,13,2,153846,DEF_METALLURGY,REJECTED,INSP-110
QC-0007432,GR-0007432,MAT-01052,SUP-0002,2025-10-30,46,10,217391,DEF_SURFACE,REJECTED,INSP-107
QC-0007433,GR-0007433,MAT-01097,SUP-0095,2025-08-25,605,28,46280,DEF_PACKAGING,REJECTED,INSP-114
QC-0007434,GR-0007434,MAT-01058,SUP-0105,2025-09-19,180,7,38888,DEF_DIMENSIONAL,CONCESSION,INSP-102
QC-0007435,GR-0007435,MAT-00330,SUP-0114,2025-06-30,22,4,181818,DEF_CONTAMINATION,REJECTED,INSP-102
QC-0007436,GR-0007436,MAT-00007,SUP-0114,2025-07-04,10,1,100000,DEF_SURFACE,REJECTED,INSP-101
QC-0007437,GR-0007437,MAT-00493,SUP-0114,2025-07-10,281,35,124555,DEF_SURFACE,REJECTED,INSP-124
QC-0007438,GR-0007438,MAT-01194,SUP-0104,2025-09-29,17,1,58823,DEF_DIMENSIONAL,REJECTED,INSP-118
QC-0007439,GR-0007439,MAT-01004,SUP-0062,2026-01-01,175,13,74285,DEF_PACKAGING,REJECTED,INSP-114
QC-0007440,GR-0007440,MAT-01162,SUP-0062,2026-01-08,273,18,65934,DEF_SURFACE,REJECTED,INSP-102
QC-0007441,GR-0007441,MAT-00033,SUP-0062,2026-01-05,213,16,75117,DEF_CONTAMINATION,REJECTED,INSP-114
QC-0007442,GR-0007442,MAT-00623,SUP-0117,2025-11-19,10,1,100000,DEF_DIMENSIONAL,REJECTED,INSP-120
QC-0007443,GR-0007443,MAT-00721,SUP-0117,2025-11-19,210,19,90476,DEF_METALLURGY,REJECTED,INSP-120
QC-0007444,GR-0007444,MAT-01001,SUP-0030,2025-10-20,58,2,34482,DEF_METALLURGY,CONCESSION,INSP-116
QC-0007445,GR-0007445,MAT-00945,SUP-0030,2025-10-17,59,5,84745,DEF_ELECTRICAL,REJECTED,INSP-108
QC-0007446,GR-0007446,MAT-01155,SUP-0096,2026-02-02,66,6,90909,DEF_ELECTRICAL,REJECTED,INSP-125
QC-0007447,GR-0007447,MAT-01108,SUP-0046,2026-02-23,35,3,85714,DEF_PACKAGING,REJECTED,INSP-114
QC-0007448,GR-0007448,MAT-00163,SUP-0046,2026-02-22,19,1,52631,DEF_CONTAMINATION,REJECTED,INSP-123
QC-0007449,GR-0007449,MAT-00398,SUP-0010,2025-10-06,15,0,0,,ACCEPTED,INSP-105
QC-0007450,GR-0007450,MAT-00938,SUP-0076,2026-02-19,55,4,72727,DEF_DIMENSIONAL,REJECTED,INSP-110
QC-0007451,GR-0007451,MAT-00613,SUP-0076,2026-02-23,709,71,100141,DEF_PACKAGING,REJECTED,INSP-121
QC-0007452,GR-0007452,MAT-00369,SUP-0025,2025-06-28,474,21,44303,DEF_PACKAGING,REJECTED,INSP-122
QC-0007453,GR-0007453,MAT-00947,SUP-0017,2025-08-01,86,18,209302,DEF_SURFACE,REJECTED,INSP-102
QC-0007454,GR-0007454,MAT-00336,SUP-0061,2025-10-03,234,2,8547,DEF_ELECTRICAL,CONCESSION,INSP-102
QC-0007455,GR-0007455,MAT-00968,SUP-0032,2026-03-15,233,14,60085,DEF_CONTAMINATION,REJECTED,INSP-113
QC-0007456,GR-0007456,MAT-01095,SUP-0103,2025-09-29,43,13,302325,DEF_PACKAGING,REJECTED,INSP-111
QC-0007457,GR-0007457,MAT-00052,SUP-0103,2025-09-24,105,16,152380,DEF_SURFACE,REJECTED,INSP-118
QC-0007458,GR-0007458,MAT-01176,SUP-0103,2025-09-24,10,2,200000,DEF_ELECTRICAL,REJECTED,INSP-122
QC-0007459,GR-0007459,MAT-01182,SUP-0103,2025-10-03,27,4,148148,DEF_DIMENSIONAL,REJECTED,INSP-101
QC-0007460,GR-0007460,MAT-00945,SUP-0059,2025-06-25,19,3,157894,DEF_PACKAGING,REJECTED,INSP-121
QC-0007461,GR-0007461,MAT-00345,SUP-0059,2025-06-29,16,1,62500,DEF_PACKAGING,REJECTED,INSP-116
QC-0007462,GR-0007462,MAT-00494,SUP-0059,2025-06-27,15,2,133333,DEF_DIMENSIONAL,REJECTED,INSP-115
QC-0007463,GR-0007463,MAT-01102,SUP-0087,2025-06-27,25,1,40000,DEF_CONTAMINATION,REJECTED,INSP-105
QC-0007464,GR-0007464,MAT-00154,SUP-0087,2025-06-27,711,21,29535,DEF_DIMENSIONAL,CONCESSION,INSP-102
QC-0007465,GR-0007465,MAT-00637,SUP-0087,2025-06-26,10,0,0,,ACCEPTED,INSP-104
QC-0007466,GR-0007466,MAT-00800,SUP-0057,2026-03-18,146,9,61643,DEF_PACKAGING,REJECTED,INSP-110
QC-0007467,GR-0007467,MAT-00733,SUP-0041,2026-01-04,438,45,102739,DEF_PACKAGING,REJECTED,INSP-115
QC-0007468,GR-0007468,MAT-00466,SUP-0041,2026-01-02,28,2,71428,DEF_DIMENSIONAL,REJECTED,INSP-108
QC-0007469,GR-0007469,MAT-01028,SUP-0102,2025-09-05,249,13,52208,DEF_CONTAMINATION,REJECTED,INSP-108
QC-0007470,GR-0007470,MAT-01025,SUP-0102,2025-09-04,26,2,76923,DEF_CONTAMINATION,REJECTED,INSP-107
QC-0007471,GR-0007471,MAT-00209,SUP-0082,2026-02-10,184,28,152173,DEF_PACKAGING,REJECTED,INSP-104
QC-0007472,GR-0007472,MAT-00968,SUP-0082,2026-01-25,529,73,137996,DEF_DIMENSIONAL,REJECTED,INSP-105
QC-0007473,GR-0007473,MAT-00007,SUP-0068,2026-01-13,21,0,0,,ACCEPTED,INSP-125
QC-0007474,GR-0007474,MAT-01177,SUP-0031,2025-10-24,28,5,178571,DEF_ELECTRICAL,REJECTED,INSP-121
QC-0007475,GR-0007475,MAT-00720,SUP-0029,2026-04-03,229,33,144104,DEF_CONTAMINATION,REJECTED,INSP-125
QC-0007476,GR-0007476,MAT-00117,SUP-0029,2026-04-01,36,5,138888,DEF_DIMENSIONAL,REJECTED,INSP-120
QC-0007477,GR-0007477,MAT-00069,SUP-0062,2025-10-01,66,13,196969,DEF_METALLURGY,REJECTED,INSP-110
QC-0007478,GR-0007478,MAT-00704,SUP-0062,2025-10-06,37,4,108108,DEF_CONTAMINATION,REJECTED,INSP-104
QC-0007479,GR-0007479,MAT-00050,SUP-0096,2026-01-20,20,2,100000,DEF_CONTAMINATION,REJECTED,INSP-107
QC-0007480,GR-0007480,MAT-00321,SUP-0049,2025-10-11,346,13,37572,DEF_PACKAGING,CONCESSION,INSP-112
QC-0007481,GR-0007481,MAT-00384,SUP-0049,2025-10-12,16,3,187500,DEF_METALLURGY,REJECTED,INSP-105
QC-0007482,GR-0007482,MAT-00233,SUP-0049,2025-10-13,42,6,142857,DEF_ELECTRICAL,REJECTED,INSP-117
QC-0007483,GR-0007483,MAT-01108,SUP-0046,2025-10-16,13,0,0,,ACCEPTED,INSP-105
QC-0007484,GR-0007484,MAT-00060,SUP-0063,2025-12-24,571,55,96322,DEF_DIMENSIONAL,REJECTED,INSP-117
QC-0007485,GR-0007485,MAT-00060,SUP-0063,2025-12-28,729,68,93278,DEF_CONTAMINATION,REJECTED,INSP-106
QC-0007486,GR-0007486,MAT-00935,SUP-0011,2025-05-20,34,4,117647,DEF_SURFACE,REJECTED,INSP-113
QC-0007487,GR-0007487,MAT-00572,SUP-0065,2026-03-07,175,20,114285,DEF_PACKAGING,REJECTED,INSP-103
QC-0007488,GR-0007488,MAT-00749,SUP-0056,2025-08-09,17,1,58823,DEF_DIMENSIONAL,REJECTED,INSP-108
QC-0007489,GR-0007489,MAT-00795,SUP-0056,2025-08-16,33,4,121212,DEF_ELECTRICAL,REJECTED,INSP-101
QC-0007490,GR-0007490,MAT-00666,SUP-0056,2025-08-20,68,3,44117,DEF_PACKAGING,REJECTED,INSP-122
QC-0007491,GR-0007491,MAT-00858,SUP-0035,2026-04-02,530,97,183018,DEF_ELECTRICAL,REJECTED,INSP-111
QC-0007492,GR-0007492,MAT-00586,SUP-0006,2025-12-10,103,3,29126,DEF_SURFACE,CONCESSION,INSP-111
QC-0007493,GR-0007493,MAT-00762,SUP-0006,2025-12-11,10,0,0,,ACCEPTED,INSP-117
QC-0007494,GR-0007494,MAT-00613,SUP-0060,2026-02-15,316,28,88607,DEF_METALLURGY,REJECTED,INSP-121
QC-0007495,GR-0007495,MAT-00919,SUP-0060,2026-02-11,10,0,0,,ACCEPTED,INSP-113
QC-0007496,GR-0007496,MAT-00544,SUP-0029,2026-01-25,242,32,132231,DEF_SURFACE,REJECTED,INSP-112
QC-0007497,GR-0007497,MAT-00744,SUP-0029,2026-01-24,10,1,100000,DEF_CONTAMINATION,REJECTED,INSP-105
QC-0007498,GR-0007498,MAT-00709,SUP-0056,2025-10-02,16,3,187500,DEF_PACKAGING,REJECTED,INSP-121
QC-0007499,GR-0007499,MAT-00669,SUP-0038,2026-03-02,385,17,44155,DEF_SURFACE,REJECTED,INSP-102
QC-0007500,GR-0007500,MAT-00532,SUP-0024,2025-09-14,549,31,56466,DEF_ELECTRICAL,REJECTED,INSP-103
QC-0007501,GR-0007501,MAT-00904,SUP-0024,2025-09-13,82,2,24390,DEF_METALLURGY,CONCESSION,INSP-106
QC-0007502,GR-0007502,MAT-00835,SUP-0024,2025-09-15,308,17,55194,DEF_SURFACE,REJECTED,INSP-120
QC-0007503,GR-0007503,MAT-00113,SUP-0052,2026-02-13,16,0,0,,ACCEPTED,INSP-113
QC-0007504,GR-0007504,MAT-00358,SUP-0052,2026-02-15,360,30,83333,DEF_SURFACE,REJECTED,INSP-104
QC-0007505,GR-0007505,MAT-00677,SUP-0083,2025-11-05,10,0,0,,ACCEPTED,INSP-120
QC-0007506,GR-0007506,MAT-00296,SUP-0083,2025-10-27,643,32,49766,DEF_METALLURGY,REJECTED,INSP-118
QC-0007507,GR-0007507,MAT-00830,SUP-0083,2025-10-30,275,14,50909,DEF_DIMENSIONAL,REJECTED,INSP-114
QC-0007508,GR-0007508,MAT-00834,SUP-0083,2025-10-31,348,19,54597,DEF_DIMENSIONAL,REJECTED,INSP-125
QC-0007509,GR-0007509,MAT-01089,SUP-0086,2025-09-10,10,0,0,,ACCEPTED,INSP-114
QC-0007510,GR-0007510,MAT-00131,SUP-0012,2025-11-06,85,5,58823,DEF_DIMENSIONAL,REJECTED,INSP-124
QC-0007511,GR-0007511,MAT-01028,SUP-0102,2026-03-04,408,20,49019,DEF_SURFACE,REJECTED,INSP-105
QC-0007512,GR-0007512,MAT-01043,SUP-0102,2026-03-02,40,2,50000,DEF_SURFACE,REJECTED,INSP-112
QC-0007513,GR-0007513,MAT-00222,SUP-0102,2026-03-06,70,5,71428,DEF_ELECTRICAL,REJECTED,INSP-116
QC-0007514,GR-0007514,MAT-00850,SUP-0084,2025-12-10,13,1,76923,DEF_SURFACE,REJECTED,INSP-117
QC-0007515,GR-0007515,MAT-00757,SUP-0084,2025-12-15,565,28,49557,DEF_ELECTRICAL,REJECTED,INSP-117
QC-0007516,GR-0007516,MAT-00338,SUP-0084,2025-12-13,25,2,80000,DEF_ELECTRICAL,REJECTED,INSP-117
QC-0007517,GR-0007517,MAT-00632,SUP-0055,2026-01-09,17,0,0,,ACCEPTED,INSP-123
QC-0007518,GR-0007518,MAT-00235,SUP-0062,2025-06-24,128,5,39062,DEF_METALLURGY,CONCESSION,INSP-114
QC-0007519,GR-0007519,MAT-00949,SUP-0062,2025-06-23,289,19,65743,DEF_PACKAGING,REJECTED,INSP-101
QC-0007520,GR-0007520,MAT-00170,SUP-0062,2025-06-23,139,7,50359,DEF_SURFACE,REJECTED,INSP-111
QC-0007521,GR-0007521,MAT-00166,SUP-0073,2025-08-28,255,20,78431,DEF_PACKAGING,REJECTED,INSP-104
QC-0007522,GR-0007522,MAT-00106,SUP-0073,2025-08-28,10,0,0,,ACCEPTED,INSP-122
QC-0007523,GR-0007523,MAT-00738,SUP-0077,2026-03-14,13,3,230769,DEF_CONTAMINATION,REJECTED,INSP-123
QC-0007524,GR-0007524,MAT-01148,SUP-0077,2026-03-19,258,22,85271,DEF_DIMENSIONAL,REJECTED,INSP-107
QC-0007525,GR-0007525,MAT-01189,SUP-0019,2025-10-30,15,3,200000,DEF_ELECTRICAL,REJECTED,INSP-106
QC-0007526,GR-0007526,MAT-00557,SUP-0105,2025-06-06,30,0,0,,ACCEPTED,INSP-104
QC-0007527,GR-0007527,MAT-00647,SUP-0105,2025-06-02,45,2,44444,DEF_DIMENSIONAL,REJECTED,INSP-111
QC-0007528,GR-0007528,MAT-00686,SUP-0009,2025-12-13,13,2,153846,DEF_DIMENSIONAL,REJECTED,INSP-119
QC-0007529,GR-0007529,MAT-00110,SUP-0009,2025-12-14,52,7,134615,DEF_SURFACE,REJECTED,INSP-104
QC-0007530,GR-0007530,MAT-00532,SUP-0009,2025-12-08,535,99,185046,DEF_DIMENSIONAL,REJECTED,INSP-111
QC-0007531,GR-0007531,MAT-00804,SUP-0117,2025-08-28,29,3,103448,DEF_PACKAGING,REJECTED,INSP-119
QC-0007532,GR-0007532,MAT-00126,SUP-0117,2025-09-05,37,1,27027,DEF_DIMENSIONAL,CONCESSION,INSP-104
QC-0007533,GR-0007533,MAT-00058,SUP-0117,2025-08-30,191,8,41884,DEF_ELECTRICAL,REJECTED,INSP-124
QC-0007534,GR-0007534,MAT-00958,SUP-0117,2025-08-30,464,33,71120,DEF_METALLURGY,REJECTED,INSP-122
QC-0007535,GR-0007535,MAT-00112,SUP-0077,2025-09-15,39,4,102564,DEF_METALLURGY,REJECTED,INSP-104
QC-0007536,GR-0007536,MAT-00497,SUP-0103,2025-06-15,627,88,140350,DEF_ELECTRICAL,REJECTED,INSP-119
QC-0007537,GR-0007537,MAT-00088,SUP-0103,2025-06-14,497,81,162977,DEF_SURFACE,REJECTED,INSP-110
QC-0007538,GR-0007538,MAT-00354,SUP-0100,2026-02-28,231,9,38961,DEF_SURFACE,CONCESSION,INSP-125
QC-0007539,GR-0007539,MAT-01057,SUP-0100,2026-02-26,205,5,24390,DEF_CONTAMINATION,CONCESSION,INSP-117
QC-0007540,GR-0007540,MAT-00164,SUP-0005,2025-11-10,51,4,78431,DEF_METALLURGY,REJECTED,INSP-125
QC-0007541,GR-0007541,MAT-00198,SUP-0005,2025-11-05,742,85,114555,DEF_ELECTRICAL,REJECTED,INSP-115
QC-0007542,GR-0007542,MAT-01040,SUP-0005,2025-11-10,18,3,166666,DEF_ELECTRICAL,REJECTED,INSP-123
QC-0007543,GR-0007543,MAT-00431,SUP-0005,2025-11-11,379,42,110817,DEF_SURFACE,REJECTED,INSP-108
QC-0007544,GR-0007544,MAT-00572,SUP-0065,2026-01-13,95,13,136842,DEF_PACKAGING,REJECTED,INSP-120
QC-0007545,GR-0007545,MAT-00680,SUP-0065,2025-06-13,472,52,110169,DEF_PACKAGING,REJECTED,INSP-111
QC-0007546,GR-0007546,MAT-00926,SUP-0090,2025-10-11,60,3,50000,DEF_ELECTRICAL,REJECTED,INSP-112
QC-0007547,GR-0007547,MAT-00422,SUP-0090,2025-10-11,12,1,83333,DEF_ELECTRICAL,REJECTED,INSP-103
QC-0007548,GR-0007548,MAT-00883,SUP-0005,2025-06-07,454,59,129955,DEF_METALLURGY,REJECTED,INSP-103
QC-0007549,GR-0007549,MAT-00588,SUP-0005,2025-06-09,73,6,82191,DEF_DIMENSIONAL,REJECTED,INSP-120
QC-0007550,GR-0007550,MAT-00127,SUP-0104,2026-03-14,177,6,33898,DEF_SURFACE,CONCESSION,INSP-120
QC-0007551,GR-0007551,MAT-00725,SUP-0120,2025-11-18,683,35,51244,DEF_METALLURGY,REJECTED,INSP-107
QC-0007552,GR-0007552,MAT-00484,SUP-0098,2025-08-19,98,16,163265,DEF_CONTAMINATION,REJECTED,INSP-106
QC-0007553,GR-0007553,MAT-00556,SUP-0095,2025-09-25,677,19,28064,DEF_SURFACE,CONCESSION,INSP-112
QC-0007554,GR-0007554,MAT-00306,SUP-0095,2025-09-23,18,0,0,,ACCEPTED,INSP-110
QC-0007555,GR-0007555,MAT-00749,SUP-0056,2025-07-12,11,0,0,,ACCEPTED,INSP-112
QC-0007556,GR-0007556,MAT-00548,SUP-0012,2025-12-13,107,11,102803,DEF_ELECTRICAL,REJECTED,INSP-123
QC-0007557,GR-0007557,MAT-00845,SUP-0012,2025-12-08,105,14,133333,DEF_ELECTRICAL,REJECTED,INSP-115
QC-0007558,GR-0007558,MAT-00704,SUP-0080,2025-03-01,41,3,73170,DEF_SURFACE,REJECTED,INSP-110
QC-0007559,GR-0007559,MAT-00212,SUP-0080,2025-03-06,28,3,107142,DEF_ELECTRICAL,REJECTED,INSP-111
QC-0007560,GR-0007560,MAT-00226,SUP-0072,2025-10-05,13,4,307692,DEF_DIMENSIONAL,REJECTED,INSP-105
QC-0007561,GR-0007561,MAT-00085,SUP-0072,2025-10-08,11,1,90909,DEF_DIMENSIONAL,REJECTED,INSP-120
QC-0007562,GR-0007562,MAT-00323,SUP-0072,2025-10-07,10,2,200000,DEF_CONTAMINATION,REJECTED,INSP-106
QC-0007563,GR-0007563,MAT-01052,SUP-0083,2025-07-25,15,2,133333,DEF_CONTAMINATION,REJECTED,INSP-122
QC-0007564,GR-0007564,MAT-00710,SUP-0083,2025-07-31,48,2,41666,DEF_PACKAGING,REJECTED,INSP-106
QC-0007565,GR-0007565,MAT-00707,SUP-0083,2025-08-03,11,2,181818,DEF_CONTAMINATION,REJECTED,INSP-103
QC-0007566,GR-0007566,MAT-00976,SUP-0033,2025-06-18,31,4,129032,DEF_SURFACE,REJECTED,INSP-117
QC-0007567,GR-0007567,MAT-00717,SUP-0039,2025-12-26,12,2,166666,DEF_DIMENSIONAL,REJECTED,INSP-109
QC-0007568,GR-0007568,MAT-00627,SUP-0092,2026-03-20,17,1,58823,DEF_PACKAGING,REJECTED,INSP-121
QC-0007569,GR-0007569,MAT-00899,SUP-0051,2025-11-20,398,15,37688,DEF_SURFACE,CONCESSION,INSP-110
QC-0007570,GR-0007570,MAT-00641,SUP-0093,2026-02-13,52,14,269230,DEF_SURFACE,REJECTED,INSP-108
QC-0007571,GR-0007571,MAT-00548,SUP-0012,2025-05-16,124,13,104838,DEF_DIMENSIONAL,REJECTED,INSP-104
QC-0007572,GR-0007572,MAT-00083,SUP-0086,2025-10-16,29,0,0,,ACCEPTED,INSP-107
QC-0007573,GR-0007573,MAT-00342,SUP-0033,2025-09-17,53,7,132075,DEF_DIMENSIONAL,REJECTED,INSP-108
QC-0007574,GR-0007574,MAT-00101,SUP-0004,2025-12-27,104,15,144230,DEF_SURFACE,REJECTED,INSP-108
QC-0007575,GR-0007575,MAT-00032,SUP-0119,2025-10-01,10,1,100000,DEF_PACKAGING,REJECTED,INSP-114
QC-0007576,GR-0007576,MAT-00954,SUP-0027,2025-06-01,132,12,90909,DEF_PACKAGING,REJECTED,INSP-114
QC-0007577,GR-0007577,MAT-00091,SUP-0027,2025-06-06,624,65,104166,DEF_PACKAGING,REJECTED,INSP-113
QC-0007578,GR-0007578,MAT-00858,SUP-0027,2025-06-06,344,39,113372,DEF_ELECTRICAL,REJECTED,INSP-124
QC-0007579,GR-0007579,MAT-00826,SUP-0016,2025-02-17,259,12,46332,DEF_ELECTRICAL,REJECTED,INSP-122
QC-0007580,GR-0007580,MAT-00404,SUP-0016,2025-02-16,55,4,72727,DEF_PACKAGING,REJECTED,INSP-103
QC-0007581,GR-0007581,MAT-00041,SUP-0010,2025-11-14,68,1,14705,DEF_DIMENSIONAL,CONCESSION,INSP-120
QC-0007582,GR-0007582,MAT-00697,SUP-0010,2025-11-12,119,10,84033,DEF_METALLURGY,REJECTED,INSP-113
QC-0007583,GR-0007583,MAT-00409,SUP-0085,2026-03-06,13,1,76923,DEF_PACKAGING,REJECTED,INSP-102
QC-0007584,GR-0007584,MAT-00716,SUP-0085,2026-03-05,121,0,0,,ACCEPTED,INSP-108
QC-0007585,GR-0007585,MAT-00564,SUP-0085,2026-03-02,34,1,29411,DEF_METALLURGY,CONCESSION,INSP-110
QC-0007586,GR-0007586,MAT-00876,SUP-0085,2026-03-04,12,1,83333,DEF_ELECTRICAL,REJECTED,INSP-109
QC-0007587,GR-0007587,MAT-00527,SUP-0055,2025-12-18,99,3,30303,DEF_METALLURGY,CONCESSION,INSP-113
QC-0007588,GR-0007588,MAT-00246,SUP-0025,2025-09-01,80,6,75000,DEF_ELECTRICAL,REJECTED,INSP-110
QC-0007589,GR-0007589,MAT-00028,SUP-0045,2025-09-05,10,1,100000,DEF_DIMENSIONAL,REJECTED,INSP-123
QC-0007590,GR-0007590,MAT-00917,SUP-0045,2025-09-04,36,6,166666,DEF_DIMENSIONAL,REJECTED,INSP-120
QC-0007591,GR-0007591,MAT-01002,SUP-0045,2025-09-02,147,8,54421,DEF_DIMENSIONAL,REJECTED,INSP-112
QC-0007592,GR-0007592,MAT-00036,SUP-0045,2025-08-30,151,13,86092,DEF_DIMENSIONAL,REJECTED,INSP-108
QC-0007593,GR-0007593,MAT-01111,SUP-0030,2025-08-05,346,39,112716,DEF_METALLURGY,REJECTED,INSP-103
QC-0007594,GR-0007594,MAT-00290,SUP-0030,2025-07-28,336,42,125000,DEF_DIMENSIONAL,REJECTED,INSP-121
QC-0007595,GR-0007595,MAT-00429,SUP-0061,2025-09-08,315,1,3174,DEF_CONTAMINATION,CONCESSION,INSP-104
QC-0007596,GR-0007596,MAT-00965,SUP-0012,2026-02-20,70,8,114285,DEF_ELECTRICAL,REJECTED,INSP-109
QC-0007597,GR-0007597,MAT-00896,SUP-0020,2026-04-07,16,1,62500,DEF_ELECTRICAL,REJECTED,INSP-125
QC-0007598,GR-0007598,MAT-00550,SUP-0022,2025-08-13,273,12,43956,DEF_CONTAMINATION,REJECTED,INSP-108
QC-0007599,GR-0007599,MAT-00618,SUP-0022,2025-08-15,11,0,0,,ACCEPTED,INSP-118
QC-0007600,GR-0007600,MAT-01184,SUP-0003,2026-03-25,50,4,80000,DEF_SURFACE,REJECTED,INSP-117
QC-0007601,GR-0007601,MAT-01021,SUP-0048,2025-07-01,13,2,153846,DEF_DIMENSIONAL,REJECTED,INSP-110
QC-0007602,GR-0007602,MAT-01043,SUP-0048,2025-07-05,70,3,42857,DEF_METALLURGY,REJECTED,INSP-121
QC-0007603,GR-0007603,MAT-00458,SUP-0048,2025-06-27,29,3,103448,DEF_CONTAMINATION,REJECTED,INSP-119
QC-0007604,GR-0007604,MAT-01130,SUP-0028,2026-03-30,101,12,118811,DEF_METALLURGY,REJECTED,INSP-111
QC-0007605,GR-0007605,MAT-00563,SUP-0028,2026-04-04,10,1,100000,DEF_METALLURGY,REJECTED,INSP-108
QC-0007606,GR-0007606,MAT-01098,SUP-0091,2026-01-01,11,0,0,,ACCEPTED,INSP-102
QC-0007607,GR-0007607,MAT-00501,SUP-0090,2025-07-28,33,0,0,,ACCEPTED,INSP-109
QC-0007608,GR-0007608,MAT-00463,SUP-0081,2025-11-23,10,1,100000,DEF_PACKAGING,REJECTED,INSP-120
QC-0007609,GR-0007609,MAT-00135,SUP-0081,2025-12-01,431,57,132250,DEF_CONTAMINATION,REJECTED,INSP-112
QC-0007610,GR-0007610,MAT-00920,SUP-0081,2025-11-22,20,3,150000,DEF_METALLURGY,REJECTED,INSP-122
QC-0007611,GR-0007611,MAT-00998,SUP-0081,2025-11-25,27,7,259259,DEF_SURFACE,REJECTED,INSP-104
QC-0007612,GR-0007612,MAT-00137,SUP-0009,2025-10-20,10,3,300000,DEF_PACKAGING,REJECTED,INSP-121
QC-0007613,GR-0007613,MAT-01158,SUP-0004,2026-02-15,10,2,200000,DEF_ELECTRICAL,REJECTED,INSP-101
QC-0007614,GR-0007614,MAT-00078,SUP-0004,2026-02-08,117,11,94017,DEF_METALLURGY,REJECTED,INSP-116
QC-0007615,GR-0007615,MAT-00795,SUP-0029,2025-11-23,30,3,100000,DEF_ELECTRICAL,REJECTED,INSP-125
QC-0007616,GR-0007616,MAT-00796,SUP-0012,2025-04-30,105,15,142857,DEF_METALLURGY,REJECTED,INSP-125
QC-0007617,GR-0007617,MAT-01139,SUP-0012,2025-04-25,13,2,153846,DEF_CONTAMINATION,REJECTED,INSP-120
QC-0007618,GR-0007618,MAT-01183,SUP-0012,2025-04-28,227,22,96916,DEF_PACKAGING,REJECTED,INSP-123
QC-0007619,GR-0007619,MAT-00179,SUP-0084,2025-10-19,13,0,0,,ACCEPTED,INSP-107
QC-0007620,GR-0007620,MAT-01152,SUP-0058,2025-11-23,743,38,51144,DEF_SURFACE,REJECTED,INSP-102
QC-0007621,GR-0007621,MAT-00836,SUP-0026,2025-10-13,26,3,115384,DEF_PACKAGING,REJECTED,INSP-108
QC-0007622,GR-0007622,MAT-01118,SUP-0014,2026-03-16,78,19,243589,DEF_METALLURGY,REJECTED,INSP-122
QC-0007623,GR-0007623,MAT-00783,SUP-0058,2026-04-02,323,18,55727,DEF_PACKAGING,REJECTED,INSP-104
QC-0007624,GR-0007624,MAT-00406,SUP-0046,2026-03-08,15,2,133333,DEF_METALLURGY,REJECTED,INSP-101
QC-0007625,GR-0007625,MAT-00755,SUP-0046,2026-03-05,39,1,25641,DEF_SURFACE,CONCESSION,INSP-103
QC-0007626,GR-0007626,MAT-00336,SUP-0061,2026-03-04,89,0,0,,ACCEPTED,INSP-120
QC-0007627,GR-0007627,MAT-01194,SUP-0104,2025-10-01,71,7,98591,DEF_ELECTRICAL,REJECTED,INSP-110
QC-0007628,GR-0007628,MAT-00183,SUP-0034,2025-11-07,421,20,47505,DEF_CONTAMINATION,REJECTED,INSP-103
QC-0007629,GR-0007629,MAT-00193,SUP-0034,2025-11-08,110,6,54545,DEF_SURFACE,REJECTED,INSP-109
QC-0007630,GR-0007630,MAT-00463,SUP-0034,2025-11-03,10,0,0,,ACCEPTED,INSP-106
QC-0007631,GR-0007631,MAT-00358,SUP-0034,2025-11-03,90,4,44444,DEF_DIMENSIONAL,REJECTED,INSP-114
QC-0007632,GR-0007632,MAT-01007,SUP-0095,2025-09-20,105,2,19047,DEF_CONTAMINATION,CONCESSION,INSP-119
QC-0007633,GR-0007633,MAT-00536,SUP-0095,2025-11-16,168,7,41666,DEF_ELECTRICAL,REJECTED,INSP-107
QC-0007634,GR-0007634,MAT-01083,SUP-0017,2025-10-27,79,19,240506,DEF_DIMENSIONAL,REJECTED,INSP-102
QC-0007635,GR-0007635,MAT-00346,SUP-0114,2025-09-26,30,1,33333,DEF_DIMENSIONAL,CONCESSION,INSP-115
QC-0007636,GR-0007636,MAT-00017,SUP-0114,2025-09-22,19,1,52631,DEF_PACKAGING,REJECTED,INSP-113
QC-0007637,GR-0007637,MAT-00507,SUP-0041,2025-06-02,668,61,91317,DEF_DIMENSIONAL,REJECTED,INSP-106
QC-0007638,GR-0007638,MAT-00160,SUP-0041,2025-06-05,249,26,104417,DEF_PACKAGING,REJECTED,INSP-120
QC-0007639,GR-0007639,MAT-00955,SUP-0068,2025-12-05,104,1,9615,DEF_SURFACE,CONCESSION,INSP-116
QC-0007640,GR-0007640,MAT-00862,SUP-0034,2025-05-16,34,1,29411,DEF_CONTAMINATION,CONCESSION,INSP-116
QC-0007641,GR-0007641,MAT-00636,SUP-0091,2025-06-09,47,1,21276,DEF_SURFACE,CONCESSION,INSP-113
QC-0007642,GR-0007642,MAT-00402,SUP-0091,2025-06-06,68,7,102941,DEF_ELECTRICAL,REJECTED,INSP-123
QC-0007643,GR-0007643,MAT-00814,SUP-0063,2025-09-01,17,2,117647,DEF_METALLURGY,REJECTED,INSP-116
QC-0007644,GR-0007644,MAT-00214,SUP-0063,2025-09-06,32,4,125000,DEF_DIMENSIONAL,REJECTED,INSP-102
QC-0007645,GR-0007645,MAT-00945,SUP-0063,2025-08-31,59,6,101694,DEF_METALLURGY,REJECTED,INSP-105
QC-0007646,GR-0007646,MAT-00244,SUP-0068,2025-11-11,14,0,0,,ACCEPTED,INSP-110
QC-0007647,GR-0007647,MAT-01070,SUP-0068,2025-11-11,616,11,17857,DEF_METALLURGY,CONCESSION,INSP-118
QC-0007648,GR-0007648,MAT-00770,SUP-0048,2025-11-29,265,16,60377,DEF_SURFACE,REJECTED,INSP-103
QC-0007649,GR-0007649,MAT-01190,SUP-0099,2026-02-16,139,2,14388,DEF_ELECTRICAL,CONCESSION,INSP-112
QC-0007650,GR-0007650,MAT-01189,SUP-0019,2026-01-30,48,5,104166,DEF_ELECTRICAL,REJECTED,INSP-114
QC-0007651,GR-0007651,MAT-00324,SUP-0019,2026-02-09,29,3,103448,DEF_METALLURGY,REJECTED,INSP-116
QC-0007652,GR-0007652,MAT-00938,SUP-0076,2025-11-22,52,6,115384,DEF_PACKAGING,REJECTED,INSP-122
QC-0007653,GR-0007653,MAT-00772,SUP-0091,2025-09-30,176,5,28409,DEF_ELECTRICAL,CONCESSION,INSP-124
QC-0007654,GR-0007654,MAT-00869,SUP-0091,2025-09-30,10,0,0,,ACCEPTED,INSP-104
QC-0007655,GR-0007655,MAT-00922,SUP-0089,2025-09-24,11,2,181818,DEF_CONTAMINATION,REJECTED,INSP-122
QC-0007656,GR-0007656,MAT-00988,SUP-0089,2025-09-29,69,5,72463,DEF_CONTAMINATION,REJECTED,INSP-120
QC-0007657,GR-0007657,MAT-01039,SUP-0089,2025-09-22,15,2,133333,DEF_DIMENSIONAL,REJECTED,INSP-112
QC-0007658,GR-0007658,MAT-00947,SUP-0017,2026-03-31,57,15,263157,DEF_DIMENSIONAL,REJECTED,INSP-121
QC-0007659,GR-0007659,MAT-00509,SUP-0107,2025-04-25,146,9,61643,DEF_ELECTRICAL,REJECTED,INSP-105
QC-0007660,GR-0007660,MAT-00958,SUP-0116,2025-02-21,410,9,21951,DEF_SURFACE,CONCESSION,INSP-114
QC-0007661,GR-0007661,MAT-01152,SUP-0116,2025-02-25,450,12,26666,DEF_PACKAGING,CONCESSION,INSP-125
QC-0007662,GR-0007662,MAT-00692,SUP-0012,2026-02-21,119,13,109243,DEF_METALLURGY,REJECTED,INSP-119
QC-0007663,GR-0007663,MAT-00754,SUP-0012,2026-02-18,153,18,117647,DEF_PACKAGING,REJECTED,INSP-115
QC-0007664,GR-0007664,MAT-00825,SUP-0051,2025-11-26,37,0,0,,ACCEPTED,INSP-114
QC-0007665,GR-0007665,MAT-00431,SUP-0051,2025-11-26,231,9,38961,DEF_PACKAGING,CONCESSION,INSP-101
QC-0007666,GR-0007666,MAT-00510,SUP-0051,2025-11-25,22,3,136363,DEF_SURFACE,REJECTED,INSP-117
QC-0007667,GR-0007667,MAT-00681,SUP-0051,2025-11-25,45,2,44444,DEF_DIMENSIONAL,REJECTED,INSP-113
QC-0007668,GR-0007668,MAT-00447,SUP-0045,2025-08-19,20,2,100000,DEF_DIMENSIONAL,REJECTED,INSP-109
QC-0007669,GR-0007669,MAT-01193,SUP-0045,2025-08-17,146,6,41095,DEF_SURFACE,REJECTED,INSP-116
QC-0007670,GR-0007670,MAT-00171,SUP-0112,2026-03-15,26,1,38461,DEF_METALLURGY,CONCESSION,INSP-121
QC-0007671,GR-0007671,MAT-01153,SUP-0090,2026-02-01,266,17,63909,DEF_METALLURGY,REJECTED,INSP-102
QC-0007672,GR-0007672,MAT-00585,SUP-0059,2026-01-05,150,33,220000,DEF_PACKAGING,REJECTED,INSP-116
QC-0007673,GR-0007673,MAT-00325,SUP-0059,2026-01-07,10,1,100000,DEF_ELECTRICAL,REJECTED,INSP-104
QC-0007674,GR-0007674,MAT-01083,SUP-0017,2026-01-08,134,32,238805,DEF_DIMENSIONAL,REJECTED,INSP-103
QC-0007675,GR-0007675,MAT-00778,SUP-0062,2025-08-29,10,2,200000,DEF_CONTAMINATION,REJECTED,INSP-125
QC-0007676,GR-0007676,MAT-00207,SUP-0062,2025-08-26,18,2,111111,DEF_CONTAMINATION,REJECTED,INSP-102
QC-0007677,GR-0007677,MAT-00816,SUP-0062,2025-09-02,30,4,133333,DEF_METALLURGY,REJECTED,INSP-122
QC-0007678,GR-0007678,MAT-00127,SUP-0104,2026-03-11,54,2,37037,DEF_ELECTRICAL,CONCESSION,INSP-120
QC-0007679,GR-0007679,MAT-00549,SUP-0110,2025-08-01,635,59,92913,DEF_PACKAGING,REJECTED,INSP-106
QC-0007680,GR-0007680,MAT-01057,SUP-0059,2025-09-20,745,117,157046,DEF_ELECTRICAL,REJECTED,INSP-113
QC-0007681,GR-0007681,MAT-01194,SUP-0104,2026-01-27,30,1,33333,DEF_PACKAGING,CONCESSION,INSP-110
QC-0007682,GR-0007682,MAT-00224,SUP-0083,2025-11-10,367,19,51771,DEF_SURFACE,REJECTED,INSP-101
QC-0007683,GR-0007683,MAT-00746,SUP-0093,2025-07-05,362,67,185082,DEF_SURFACE,REJECTED,INSP-102
QC-0007684,GR-0007684,MAT-00423,SUP-0093,2025-06-26,35,8,228571,DEF_SURFACE,REJECTED,INSP-107
QC-0007685,GR-0007685,MAT-00697,SUP-0093,2025-07-13,368,73,198369,DEF_METALLURGY,REJECTED,INSP-108
QC-0007686,GR-0007686,MAT-00154,SUP-0093,2025-07-20,399,88,220551,DEF_ELECTRICAL,REJECTED,INSP-102
QC-0007687,GR-0007687,MAT-00618,SUP-0037,2025-12-08,10,0,0,,ACCEPTED,INSP-115
QC-0007688,GR-0007688,MAT-00631,SUP-0086,2026-04-05,35,0,0,,ACCEPTED,INSP-125
QC-0007689,GR-0007689,MAT-00428,SUP-0070,2025-08-18,54,11,203703,DEF_ELECTRICAL,REJECTED,INSP-116
QC-0007690,GR-0007690,MAT-00132,SUP-0012,2025-10-13,106,10,94339,DEF_CONTAMINATION,REJECTED,INSP-118
QC-0007691,GR-0007691,MAT-00805,SUP-0002,2026-01-05,49,6,122448,DEF_PACKAGING,REJECTED,INSP-113
QC-0007692,GR-0007692,MAT-00995,SUP-0002,2026-01-06,454,54,118942,DEF_METALLURGY,REJECTED,INSP-111
QC-0007693,GR-0007693,MAT-00203,SUP-0029,2025-07-30,23,3,130434,DEF_METALLURGY,REJECTED,INSP-116
QC-0007694,GR-0007694,MAT-00565,SUP-0029,2025-07-27,47,10,212765,DEF_ELECTRICAL,REJECTED,INSP-103
QC-0007695,GR-0007695,MAT-00315,SUP-0071,2025-07-08,27,0,0,,ACCEPTED,INSP-110
QC-0007696,GR-0007696,MAT-00934,SUP-0071,2025-07-10,10,1,100000,DEF_CONTAMINATION,REJECTED,INSP-102
QC-0007697,GR-0007697,MAT-00071,SUP-0038,2025-05-29,180,5,27777,DEF_CONTAMINATION,CONCESSION,INSP-102
QC-0007698,GR-0007698,MAT-00325,SUP-0114,2025-08-03,18,2,111111,DEF_CONTAMINATION,REJECTED,INSP-114
QC-0007699,GR-0007699,MAT-00433,SUP-0114,2025-08-02,29,1,34482,DEF_DIMENSIONAL,CONCESSION,INSP-105
QC-0007700,GR-0007700,MAT-00311,SUP-0057,2025-10-30,14,1,71428,DEF_ELECTRICAL,REJECTED,INSP-124
QC-0007701,GR-0007701,MAT-01132,SUP-0057,2025-11-04,40,2,50000,DEF_METALLURGY,REJECTED,INSP-118
QC-0007702,GR-0007702,MAT-00434,SUP-0036,2025-12-15,60,0,0,,ACCEPTED,INSP-117
QC-0007703,GR-0007703,MAT-00231,SUP-0036,2025-12-15,457,2,4376,DEF_PACKAGING,CONCESSION,INSP-115
QC-0007704,GR-0007704,MAT-00349,SUP-0036,2025-12-14,31,0,0,,ACCEPTED,INSP-122
QC-0007705,GR-0007705,MAT-00238,SUP-0103,2025-06-26,389,68,174807,DEF_CONTAMINATION,REJECTED,INSP-120
QC-0007706,GR-0007706,MAT-01174,SUP-0055,2025-08-13,20,1,50000,DEF_DIMENSIONAL,REJECTED,INSP-101
QC-0007707,GR-0007707,MAT-00289,SUP-0055,2025-08-12,258,8,31007,DEF_PACKAGING,CONCESSION,INSP-108
QC-0007708,GR-0007708,MAT-00306,SUP-0055,2025-08-13,14,0,0,,ACCEPTED,INSP-121
QC-0007709,GR-0007709,MAT-00058,SUP-0062,2025-04-04,223,11,49327,DEF_METALLURGY,REJECTED,INSP-108
QC-0007710,GR-0007710,MAT-00879,SUP-0119,2025-10-11,162,13,80246,DEF_CONTAMINATION,REJECTED,INSP-108
QC-0007711,GR-0007711,MAT-00791,SUP-0119,2025-10-10,478,36,75313,DEF_DIMENSIONAL,REJECTED,INSP-103
QC-0007712,GR-0007712,MAT-00199,SUP-0062,2026-01-18,15,1,66666,DEF_PACKAGING,REJECTED,INSP-117
QC-0007713,GR-0007713,MAT-01072,SUP-0062,2026-01-15,20,3,150000,DEF_METALLURGY,REJECTED,INSP-103
QC-0007714,GR-0007714,MAT-00584,SUP-0017,2025-10-14,28,10,357142,DEF_PACKAGING,REJECTED,INSP-111
QC-0007715,GR-0007715,MAT-00285,SUP-0017,2025-10-22,181,53,292817,DEF_CONTAMINATION,REJECTED,INSP-118
QC-0007716,GR-0007716,MAT-00517,SUP-0112,2026-04-12,48,1,20833,DEF_METALLURGY,CONCESSION,INSP-124
QC-0007717,GR-0007717,MAT-00440,SUP-0112,2026-04-12,10,2,200000,DEF_SURFACE,REJECTED,INSP-118
QC-0007718,GR-0007718,MAT-00161,SUP-0112,2026-04-13,245,8,32653,DEF_METALLURGY,CONCESSION,INSP-123
QC-0007719,GR-0007719,MAT-00515,SUP-0112,2026-04-10,106,5,47169,DEF_PACKAGING,REJECTED,INSP-108
QC-0007720,GR-0007720,MAT-00016,SUP-0095,2025-05-12,41,0,0,,ACCEPTED,INSP-111
QC-0007721,GR-0007721,MAT-00640,SUP-0095,2025-05-11,13,1,76923,DEF_CONTAMINATION,REJECTED,INSP-123
QC-0007722,GR-0007722,MAT-00551,SUP-0113,2026-04-13,196,26,132653,DEF_CONTAMINATION,REJECTED,INSP-112
QC-0007723,GR-0007723,MAT-00069,SUP-0113,2026-04-07,40,7,175000,DEF_SURFACE,REJECTED,INSP-117
QC-0007724,GR-0007724,MAT-00263,SUP-0014,2025-07-05,301,67,222591,DEF_SURFACE,REJECTED,INSP-106
QC-0007725,GR-0007725,MAT-00569,SUP-0014,2025-07-09,14,3,214285,DEF_PACKAGING,REJECTED,INSP-125
QC-0007726,GR-0007726,MAT-00244,SUP-0068,2025-12-09,27,2,74074,DEF_ELECTRICAL,REJECTED,INSP-117
QC-0007727,GR-0007727,MAT-00921,SUP-0068,2025-12-10,21,0,0,,ACCEPTED,INSP-109
QC-0007728,GR-0007728,MAT-00541,SUP-0107,2025-09-12,298,19,63758,DEF_PACKAGING,REJECTED,INSP-120
QC-0007729,GR-0007729,MAT-00923,SUP-0107,2025-09-15,10,1,100000,DEF_DIMENSIONAL,REJECTED,INSP-111
QC-0007730,GR-0007730,MAT-00877,SUP-0037,2025-11-03,10,0,0,,ACCEPTED,INSP-102
QC-0007731,GR-0007731,MAT-00879,SUP-0037,2025-10-30,356,18,50561,DEF_ELECTRICAL,REJECTED,INSP-118
QC-0007732,GR-0007732,MAT-00384,SUP-0034,2025-08-03,41,3,73170,DEF_ELECTRICAL,REJECTED,INSP-105
QC-0007733,GR-0007733,MAT-00256,SUP-0034,2025-08-04,305,16,52459,DEF_METALLURGY,REJECTED,INSP-115
QC-0007734,GR-0007734,MAT-00585,SUP-0034,2025-08-03,119,8,67226,DEF_DIMENSIONAL,REJECTED,INSP-124
QC-0007735,GR-0007735,MAT-00975,SUP-0052,2025-12-31,113,6,53097,DEF_PACKAGING,REJECTED,INSP-117
QC-0007736,GR-0007736,MAT-00240,SUP-0052,2025-12-26,17,3,176470,DEF_ELECTRICAL,REJECTED,INSP-117
QC-0007737,GR-0007737,MAT-00274,SUP-0091,2025-11-20,108,6,55555,DEF_ELECTRICAL,REJECTED,INSP-102
QC-0007738,GR-0007738,MAT-01029,SUP-0108,2025-05-26,64,8,125000,DEF_PACKAGING,REJECTED,INSP-115
QC-0007739,GR-0007739,MAT-00730,SUP-0024,2025-12-26,252,17,67460,DEF_PACKAGING,REJECTED,INSP-117
QC-0007740,GR-0007740,MAT-00296,SUP-0024,2025-12-27,267,16,59925,DEF_PACKAGING,REJECTED,INSP-120
QC-0007741,GR-0007741,MAT-00708,SUP-0054,2025-10-09,621,36,57971,DEF_DIMENSIONAL,REJECTED,INSP-125
QC-0007742,GR-0007742,MAT-01004,SUP-0062,2026-03-30,39,4,102564,DEF_CONTAMINATION,REJECTED,INSP-114
QC-0007743,GR-0007743,MAT-00344,SUP-0068,2025-11-11,121,3,24793,DEF_ELECTRICAL,CONCESSION,INSP-123
QC-0007744,GR-0007744,MAT-00740,SUP-0068,2025-11-08,163,5,30674,DEF_DIMENSIONAL,CONCESSION,INSP-122
QC-0007745,GR-0007745,MAT-01172,SUP-0068,2025-11-10,367,8,21798,DEF_CONTAMINATION,CONCESSION,INSP-104
QC-0007746,GR-0007746,MAT-01169,SUP-0119,2025-08-17,59,7,118644,DEF_CONTAMINATION,REJECTED,INSP-102
QC-0007747,GR-0007747,MAT-00514,SUP-0119,2025-08-14,127,15,118110,DEF_SURFACE,REJECTED,INSP-114
QC-0007748,GR-0007748,MAT-00346,SUP-0114,2025-07-29,32,4,125000,DEF_SURFACE,REJECTED,INSP-106
QC-0007749,GR-0007749,MAT-01129,SUP-0114,2025-07-25,122,13,106557,DEF_ELECTRICAL,REJECTED,INSP-115
QC-0007750,GR-0007750,MAT-00959,SUP-0114,2025-07-31,21,3,142857,DEF_DIMENSIONAL,REJECTED,INSP-108
QC-0007751,GR-0007751,MAT-00066,SUP-0113,2026-02-13,44,5,113636,DEF_METALLURGY,REJECTED,INSP-115
QC-0007752,GR-0007752,MAT-00711,SUP-0096,2025-09-04,378,17,44973,DEF_METALLURGY,REJECTED,INSP-111
QC-0007753,GR-0007753,MAT-00734,SUP-0069,2025-08-07,199,5,25125,DEF_ELECTRICAL,CONCESSION,INSP-113
QC-0007754,GR-0007754,MAT-00785,SUP-0069,2025-08-06,36,1,27777,DEF_SURFACE,CONCESSION,INSP-104
QC-0007755,GR-0007755,MAT-00045,SUP-0069,2025-08-07,728,12,16483,DEF_SURFACE,CONCESSION,INSP-117
QC-0007756,GR-0007756,MAT-01195,SUP-0041,2025-10-03,10,1,100000,DEF_PACKAGING,REJECTED,INSP-117
QC-0007757,GR-0007757,MAT-00906,SUP-0041,2025-10-03,21,6,285714,DEF_ELECTRICAL,REJECTED,INSP-109
QC-0007758,GR-0007758,MAT-01194,SUP-0041,2025-09-27,68,8,117647,DEF_ELECTRICAL,REJECTED,INSP-108
QC-0007759,GR-0007759,MAT-00481,SUP-0023,2025-11-04,10,0,0,,ACCEPTED,INSP-119
QC-0007760,GR-0007760,MAT-00418,SUP-0039,2025-08-12,17,1,58823,DEF_CONTAMINATION,REJECTED,INSP-115
QC-0007761,GR-0007761,MAT-00905,SUP-0039,2025-08-16,237,31,130801,DEF_CONTAMINATION,REJECTED,INSP-107
QC-0007762,GR-0007762,MAT-00874,SUP-0039,2025-08-11,527,66,125237,DEF_ELECTRICAL,REJECTED,INSP-104
QC-0007763,GR-0007763,MAT-00153,SUP-0039,2025-08-15,17,3,176470,DEF_DIMENSIONAL,REJECTED,INSP-102
QC-0007764,GR-0007764,MAT-00378,SUP-0012,2025-10-10,498,47,94377,DEF_ELECTRICAL,REJECTED,INSP-121
QC-0007765,GR-0007765,MAT-00900,SUP-0096,2025-07-03,127,6,47244,DEF_PACKAGING,REJECTED,INSP-101
QC-0007766,GR-0007766,MAT-00171,SUP-0096,2025-07-01,29,2,68965,DEF_SURFACE,REJECTED,INSP-103
QC-0007767,GR-0007767,MAT-00097,SUP-0096,2025-07-04,205,13,63414,DEF_ELECTRICAL,REJECTED,INSP-120
QC-0007768,GR-0007768,MAT-00387,SUP-0096,2025-07-05,11,2,181818,DEF_ELECTRICAL,REJECTED,INSP-123
QC-0007769,GR-0007769,MAT-00457,SUP-0058,2025-12-06,257,8,31128,DEF_CONTAMINATION,CONCESSION,INSP-120
QC-0007770,GR-0007770,MAT-00545,SUP-0058,2025-12-06,80,3,37500,DEF_SURFACE,CONCESSION,INSP-112
QC-0007771,GR-0007771,MAT-00694,SUP-0058,2025-12-04,30,1,33333,DEF_DIMENSIONAL,CONCESSION,INSP-121
QC-0007772,GR-0007772,MAT-00178,SUP-0012,2025-11-15,11,3,272727,DEF_ELECTRICAL,REJECTED,INSP-114
QC-0007773,GR-0007773,MAT-00889,SUP-0012,2025-11-18,402,46,114427,DEF_METALLURGY,REJECTED,INSP-104
QC-0007774,GR-0007774,MAT-00238,SUP-0103,2025-11-23,686,106,154518,DEF_PACKAGING,REJECTED,INSP-110
QC-0007775,GR-0007775,MAT-00303,SUP-0103,2025-11-26,29,5,172413,DEF_DIMENSIONAL,REJECTED,INSP-105
QC-0007776,GR-0007776,MAT-00792,SUP-0048,2025-12-08,38,6,157894,DEF_PACKAGING,REJECTED,INSP-120
QC-0007777,GR-0007777,MAT-00799,SUP-0058,2026-04-16,50,1,20000,DEF_SURFACE,CONCESSION,INSP-110
QC-0007778,GR-0007778,MAT-00240,SUP-0025,2025-02-01,13,0,0,,ACCEPTED,INSP-123
QC-0007779,GR-0007779,MAT-00561,SUP-0005,2025-09-26,154,17,110389,DEF_SURFACE,REJECTED,INSP-108
QC-0007780,GR-0007780,MAT-01165,SUP-0021,2025-11-09,271,11,40590,DEF_DIMENSIONAL,REJECTED,INSP-114
QC-0007781,GR-0007781,MAT-00247,SUP-0021,2025-11-06,534,26,48689,DEF_METALLURGY,REJECTED,INSP-120
QC-0007782,GR-0007782,MAT-00998,SUP-0003,2025-08-25,10,1,100000,DEF_CONTAMINATION,REJECTED,INSP-125
QC-0007783,GR-0007783,MAT-00584,SUP-0017,2025-09-15,17,4,235294,DEF_SURFACE,REJECTED,INSP-112
QC-0007784,GR-0007784,MAT-00438,SUP-0017,2025-09-26,311,67,215434,DEF_METALLURGY,REJECTED,INSP-105
QC-0007785,GR-0007785,MAT-00526,SUP-0017,2025-09-09,217,59,271889,DEF_SURFACE,REJECTED,INSP-115
QC-0007786,GR-0007786,MAT-00420,SUP-0006,2025-04-10,44,1,22727,DEF_DIMENSIONAL,CONCESSION,INSP-122
QC-0007787,GR-0007787,MAT-00143,SUP-0099,2025-12-25,12,0,0,,ACCEPTED,INSP-122
QC-0007788,GR-0007788,MAT-00192,SUP-0083,2025-09-18,190,15,78947,DEF_SURFACE,REJECTED,INSP-118
QC-0007789,GR-0007789,MAT-00815,SUP-0083,2025-09-11,339,19,56047,DEF_METALLURGY,REJECTED,INSP-111
QC-0007790,GR-0007790,MAT-00345,SUP-0083,2025-09-15,38,2,52631,DEF_CONTAMINATION,REJECTED,INSP-106
QC-0007791,GR-0007791,MAT-00789,SUP-0083,2025-09-13,80,4,50000,DEF_ELECTRICAL,REJECTED,INSP-118
QC-0007792,GR-0007792,MAT-00487,SUP-0040,2025-05-13,31,4,129032,DEF_PACKAGING,REJECTED,INSP-118
QC-0007793,GR-0007793,MAT-01161,SUP-0104,2025-09-11,10,0,0,,ACCEPTED,INSP-123
QC-0007794,GR-0007794,MAT-00917,SUP-0083,2026-03-06,37,2,54054,DEF_DIMENSIONAL,REJECTED,INSP-119
QC-0007795,GR-0007795,MAT-00201,SUP-0075,2026-03-26,165,18,109090,DEF_CONTAMINATION,REJECTED,INSP-118
QC-0007796,GR-0007796,MAT-00784,SUP-0075,2026-03-25,34,2,58823,DEF_ELECTRICAL,REJECTED,INSP-102
QC-0007797,GR-0007797,MAT-01022,SUP-0075,2026-03-30,80,9,112500,DEF_METALLURGY,REJECTED,INSP-111
QC-0007798,GR-0007798,MAT-00557,SUP-0105,2025-11-21,13,0,0,,ACCEPTED,INSP-109
QC-0007799,GR-0007799,MAT-01076,SUP-0079,2025-11-08,27,2,74074,DEF_DIMENSIONAL,REJECTED,INSP-121
QC-0007800,GR-0007800,MAT-01157,SUP-0079,2025-11-11,182,17,93406,DEF_ELECTRICAL,REJECTED,INSP-107
QC-0007801,GR-0007801,MAT-01053,SUP-0022,2025-07-28,13,1,76923,DEF_PACKAGING,REJECTED,INSP-101
QC-0007802,GR-0007802,MAT-01143,SUP-0022,2025-07-26,28,4,142857,DEF_ELECTRICAL,REJECTED,INSP-101
QC-0007803,GR-0007803,MAT-00489,SUP-0022,2025-07-28,25,2,80000,DEF_DIMENSIONAL,REJECTED,INSP-111
QC-0007804,GR-0007804,MAT-00166,SUP-0073,2025-08-18,222,18,81081,DEF_SURFACE,REJECTED,INSP-116
QC-0007805,GR-0007805,MAT-01076,SUP-0079,2025-09-25,72,8,111111,DEF_DIMENSIONAL,REJECTED,INSP-125
QC-0007806,GR-0007806,MAT-00354,SUP-0100,2025-07-14,100,3,30000,DEF_METALLURGY,CONCESSION,INSP-108
QC-0007807,GR-0007807,MAT-00239,SUP-0112,2025-10-17,367,6,16348,DEF_CONTAMINATION,CONCESSION,INSP-106
QC-0007808,GR-0007808,MAT-00040,SUP-0060,2026-01-08,63,7,111111,DEF_PACKAGING,REJECTED,INSP-106
QC-0007809,GR-0007809,MAT-00707,SUP-0060,2026-01-10,12,0,0,,ACCEPTED,INSP-106
QC-0007810,GR-0007810,MAT-00843,SUP-0060,2026-01-09,169,12,71005,DEF_ELECTRICAL,REJECTED,INSP-108
QC-0007811,GR-0007811,MAT-00190,SUP-0078,2025-10-30,477,27,56603,DEF_ELECTRICAL,REJECTED,INSP-107
QC-0007812,GR-0007812,MAT-00903,SUP-0078,2025-11-05,508,34,66929,DEF_PACKAGING,REJECTED,INSP-109
QC-0007813,GR-0007813,MAT-00723,SUP-0078,2025-11-06,10,0,0,,ACCEPTED,INSP-109
QC-0007814,GR-0007814,MAT-00137,SUP-0009,2025-05-27,10,2,200000,DEF_DIMENSIONAL,REJECTED,INSP-119
QC-0007815,GR-0007815,MAT-00622,SUP-0009,2025-06-07,35,8,228571,DEF_PACKAGING,REJECTED,INSP-109
QC-0007816,GR-0007816,MAT-00616,SUP-0078,2025-08-16,187,10,53475,DEF_CONTAMINATION,REJECTED,INSP-123
QC-0007817,GR-0007817,MAT-00225,SUP-0078,2025-08-13,201,9,44776,DEF_DIMENSIONAL,REJECTED,INSP-109
QC-0007818,GR-0007818,MAT-00505,SUP-0061,2025-12-12,15,0,0,,ACCEPTED,INSP-106
QC-0007819,GR-0007819,MAT-00099,SUP-0061,2025-12-10,106,1,9433,DEF_METALLURGY,CONCESSION,INSP-116
QC-0007820,GR-0007820,MAT-00827,SUP-0061,2025-12-08,384,2,5208,DEF_PACKAGING,CONCESSION,INSP-115
QC-0007821,GR-0007821,MAT-00824,SUP-0061,2025-12-13,10,0,0,,ACCEPTED,INSP-107
QC-0007822,GR-0007822,MAT-00311,SUP-0057,2025-12-29,14,0,0,,ACCEPTED,INSP-108
QC-0007823,GR-0007823,MAT-00657,SUP-0057,2026-01-04,21,1,47619,DEF_PACKAGING,REJECTED,INSP-106
QC-0007824,GR-0007824,MAT-01012,SUP-0057,2026-01-02,155,7,45161,DEF_DIMENSIONAL,REJECTED,INSP-104
QC-0007825,GR-0007825,MAT-00711,SUP-0057,2026-01-01,620,35,56451,DEF_DIMENSIONAL,REJECTED,INSP-117
QC-0007826,GR-0007826,MAT-00135,SUP-0012,2025-04-16,627,80,127591,DEF_METALLURGY,REJECTED,INSP-125
QC-0007827,GR-0007827,MAT-00897,SUP-0012,2025-04-14,12,2,166666,DEF_METALLURGY,REJECTED,INSP-119
QC-0007828,GR-0007828,MAT-00893,SUP-0117,2025-11-02,10,0,0,,ACCEPTED,INSP-118
QC-0007829,GR-0007829,MAT-01048,SUP-0117,2025-11-11,68,5,73529,DEF_PACKAGING,REJECTED,INSP-111
QC-0007830,GR-0007830,MAT-00211,SUP-0084,2026-01-19,200,12,60000,DEF_METALLURGY,REJECTED,INSP-115
QC-0007831,GR-0007831,MAT-00351,SUP-0084,2026-01-12,68,2,29411,DEF_PACKAGING,CONCESSION,INSP-102
QC-0007832,GR-0007832,MAT-00469,SUP-0029,2026-02-05,10,1,100000,DEF_SURFACE,REJECTED,INSP-103
QC-0007833,GR-0007833,MAT-00917,SUP-0083,2026-01-17,65,4,61538,DEF_ELECTRICAL,REJECTED,INSP-104
QC-0007834,GR-0007834,MAT-00418,SUP-0039,2025-10-10,15,2,133333,DEF_ELECTRICAL,REJECTED,INSP-112
QC-0007835,GR-0007835,MAT-00280,SUP-0067,2025-06-01,732,59,80601,DEF_CONTAMINATION,REJECTED,INSP-108
QC-0007836,GR-0007836,MAT-01129,SUP-0067,2025-05-28,226,25,110619,DEF_CONTAMINATION,REJECTED,INSP-113
QC-0007837,GR-0007837,MAT-00415,SUP-0067,2025-05-29,10,2,200000,DEF_SURFACE,REJECTED,INSP-115
QC-0007838,GR-0007838,MAT-00272,SUP-0067,2025-05-31,13,0,0,,ACCEPTED,INSP-124
QC-0007839,GR-0007839,MAT-00118,SUP-0076,2025-11-19,283,35,123674,DEF_METALLURGY,REJECTED,INSP-123
QC-0007840,GR-0007840,MAT-00565,SUP-0076,2025-11-15,64,6,93750,DEF_CONTAMINATION,REJECTED,INSP-121
QC-0007841,GR-0007841,MAT-00818,SUP-0076,2025-11-23,108,17,157407,DEF_METALLURGY,REJECTED,INSP-124
QC-0007842,GR-0007842,MAT-00633,SUP-0085,2025-06-20,185,5,27027,DEF_CONTAMINATION,CONCESSION,INSP-108
QC-0007843,GR-0007843,MAT-00763,SUP-0085,2025-06-21,141,3,21276,DEF_CONTAMINATION,CONCESSION,INSP-101
QC-0007844,GR-0007844,MAT-00232,SUP-0085,2025-06-21,606,12,19801,DEF_CONTAMINATION,CONCESSION,INSP-125
QC-0007845,GR-0007845,MAT-01138,SUP-0109,2025-11-17,113,0,0,,ACCEPTED,INSP-102
QC-0007846,GR-0007846,MAT-01112,SUP-0117,2025-10-09,108,10,92592,DEF_SURFACE,REJECTED,INSP-123
QC-0007847,GR-0007847,MAT-00308,SUP-0117,2025-10-06,171,9,52631,DEF_ELECTRICAL,REJECTED,INSP-101
QC-0007848,GR-0007848,MAT-00787,SUP-0041,2025-11-29,22,1,45454,DEF_ELECTRICAL,REJECTED,INSP-117
QC-0007849,GR-0007849,MAT-00197,SUP-0077,2025-09-23,24,1,41666,DEF_METALLURGY,REJECTED,INSP-125
QC-0007850,GR-0007850,MAT-00172,SUP-0051,2026-03-04,32,1,31250,DEF_METALLURGY,CONCESSION,INSP-117
QC-0007851,GR-0007851,MAT-00180,SUP-0051,2026-03-06,17,1,58823,DEF_ELECTRICAL,REJECTED,INSP-125
QC-0007852,GR-0007852,MAT-00754,SUP-0051,2026-03-06,93,6,64516,DEF_METALLURGY,REJECTED,INSP-105
QC-0007853,GR-0007853,MAT-00213,SUP-0051,2026-03-08,119,2,16806,DEF_METALLURGY,CONCESSION,INSP-112
QC-0007854,GR-0007854,MAT-00391,SUP-0066,2026-03-26,10,0,0,,ACCEPTED,INSP-112
QC-0007855,GR-0007855,MAT-00149,SUP-0066,2026-03-30,252,31,123015,DEF_SURFACE,REJECTED,INSP-113
QC-0007856,GR-0007856,MAT-00623,SUP-0117,2026-01-30,17,1,58823,DEF_ELECTRICAL,REJECTED,INSP-114
QC-0007857,GR-0007857,MAT-00796,SUP-0117,2026-01-26,353,21,59490,DEF_SURFACE,REJECTED,INSP-110
QC-0007858,GR-0007858,MAT-00772,SUP-0117,2026-01-27,60,2,33333,DEF_SURFACE,CONCESSION,INSP-106
QC-0007859,GR-0007859,MAT-00413,SUP-0079,2025-05-06,10,0,0,,ACCEPTED,INSP-106
QC-0007860,GR-0007860,MAT-00280,SUP-0067,2025-12-20,732,71,96994,DEF_CONTAMINATION,REJECTED,INSP-106
QC-0007861,GR-0007861,MAT-00550,SUP-0022,2026-02-09,667,16,23988,DEF_SURFACE,CONCESSION,INSP-101
QC-0007862,GR-0007862,MAT-00354,SUP-0100,2025-06-20,162,7,43209,DEF_CONTAMINATION,REJECTED,INSP-107
QC-0007863,GR-0007863,MAT-00925,SUP-0007,2025-04-01,181,15,82872,DEF_DIMENSIONAL,REJECTED,INSP-110
QC-0007864,GR-0007864,MAT-00332,SUP-0095,2026-01-31,708,19,26836,DEF_ELECTRICAL,CONCESSION,INSP-101
QC-0007865,GR-0007865,MAT-01185,SUP-0095,2026-01-31,13,0,0,,ACCEPTED,INSP-101
QC-0007866,GR-0007866,MAT-00114,SUP-0095,2026-01-31,10,0,0,,ACCEPTED,INSP-107
QC-0007867,GR-0007867,MAT-00965,SUP-0095,2026-01-29,101,6,59405,DEF_ELECTRICAL,REJECTED,INSP-113
QC-0007868,GR-0007868,MAT-00526,SUP-0116,2025-11-03,311,14,45016,DEF_SURFACE,REJECTED,INSP-106
QC-0007869,GR-0007869,MAT-00192,SUP-0116,2025-11-03,449,17,37861,DEF_METALLURGY,CONCESSION,INSP-120
QC-0007870,GR-0007870,MAT-00503,SUP-0116,2025-10-24,54,1,18518,DEF_PACKAGING,CONCESSION,INSP-103
QC-0007871,GR-0007871,MAT-00538,SUP-0116,2025-10-28,96,4,41666,DEF_CONTAMINATION,REJECTED,INSP-106
QC-0007872,GR-0007872,MAT-00099,SUP-0051,2025-03-02,125,7,56000,DEF_SURFACE,REJECTED,INSP-107
QC-0007873,GR-0007873,MAT-00793,SUP-0079,2026-03-17,135,7,51851,DEF_CONTAMINATION,REJECTED,INSP-106
QC-0007874,GR-0007874,MAT-00734,SUP-0069,2025-10-15,212,3,14150,DEF_ELECTRICAL,CONCESSION,INSP-118
QC-0007875,GR-0007875,MAT-01085,SUP-0075,2025-12-17,35,1,28571,DEF_ELECTRICAL,CONCESSION,INSP-110
QC-0007876,GR-0007876,MAT-00440,SUP-0111,2026-01-31,16,3,187500,DEF_CONTAMINATION,REJECTED,INSP-113
QC-0007877,GR-0007877,MAT-00046,SUP-0089,2026-01-25,41,5,121951,DEF_SURFACE,REJECTED,INSP-121
QC-0007878,GR-0007878,MAT-00948,SUP-0089,2026-01-26,43,6,139534,DEF_SURFACE,REJECTED,INSP-111
QC-0007879,GR-0007879,MAT-00337,SUP-0084,2025-12-13,12,1,83333,DEF_PACKAGING,REJECTED,INSP-120
QC-0007880,GR-0007880,MAT-00606,SUP-0084,2025-12-14,88,6,68181,DEF_PACKAGING,REJECTED,INSP-110
QC-0007881,GR-0007881,MAT-00485,SUP-0064,2025-10-27,18,1,55555,DEF_METALLURGY,REJECTED,INSP-116
QC-0007882,GR-0007882,MAT-00135,SUP-0064,2025-10-29,719,39,54242,DEF_CONTAMINATION,REJECTED,INSP-112
QC-0007883,GR-0007883,MAT-00297,SUP-0033,2026-01-05,156,10,64102,DEF_PACKAGING,REJECTED,INSP-116
QC-0007884,GR-0007884,MAT-01174,SUP-0055,2025-09-12,62,3,48387,DEF_METALLURGY,REJECTED,INSP-124
QC-0007885,GR-0007885,MAT-01098,SUP-0055,2025-09-16,10,0,0,,ACCEPTED,INSP-122
QC-0007886,GR-0007886,MAT-00728,SUP-0055,2025-09-16,621,11,17713,DEF_ELECTRICAL,CONCESSION,INSP-104
QC-0007887,GR-0007887,MAT-00242,SUP-0079,2026-03-25,10,1,100000,DEF_DIMENSIONAL,REJECTED,INSP-101
QC-0007888,GR-0007888,MAT-00272,SUP-0079,2026-03-20,10,2,200000,DEF_METALLURGY,REJECTED,INSP-115
QC-0007889,GR-0007889,MAT-00114,SUP-0048,2025-10-27,10,2,200000,DEF_SURFACE,REJECTED,INSP-111
QC-0007890,GR-0007890,MAT-00480,SUP-0048,2025-10-19,34,1,29411,DEF_METALLURGY,CONCESSION,INSP-104
QC-0007891,GR-0007891,MAT-00266,SUP-0105,2026-01-14,54,2,37037,DEF_SURFACE,CONCESSION,INSP-125
QC-0007892,GR-0007892,MAT-00271,SUP-0105,2026-01-15,143,3,20979,DEF_ELECTRICAL,CONCESSION,INSP-124
QC-0007893,GR-0007893,MAT-00721,SUP-0078,2025-11-23,266,12,45112,DEF_ELECTRICAL,REJECTED,INSP-125
QC-0007894,GR-0007894,MAT-00302,SUP-0078,2025-11-21,17,1,58823,DEF_METALLURGY,REJECTED,INSP-110
QC-0007895,GR-0007895,MAT-01170,SUP-0078,2025-11-18,30,2,66666,DEF_CONTAMINATION,REJECTED,INSP-123
QC-0007896,GR-0007896,MAT-00426,SUP-0089,2025-08-02,99,8,80808,DEF_METALLURGY,REJECTED,INSP-111
QC-0007897,GR-0007897,MAT-00960,SUP-0084,2025-12-31,138,12,86956,DEF_CONTAMINATION,REJECTED,INSP-101
QC-0007898,GR-0007898,MAT-01151,SUP-0084,2025-12-30,82,3,36585,DEF_DIMENSIONAL,CONCESSION,INSP-116
QC-0007899,GR-0007899,MAT-00438,SUP-0089,2025-05-10,578,58,100346,DEF_SURFACE,REJECTED,INSP-109
QC-0007900,GR-0007900,MAT-00704,SUP-0080,2025-11-03,54,3,55555,DEF_ELECTRICAL,REJECTED,INSP-103
QC-0007901,GR-0007901,MAT-01193,SUP-0083,2025-12-21,160,9,56250,DEF_SURFACE,REJECTED,INSP-124
QC-0007902,GR-0007902,MAT-01045,SUP-0083,2025-12-21,13,0,0,,ACCEPTED,INSP-125
QC-0007903,GR-0007903,MAT-00432,SUP-0053,2025-11-18,165,23,139393,DEF_METALLURGY,REJECTED,INSP-108
QC-0007904,GR-0007904,MAT-00660,SUP-0053,2025-11-19,88,6,68181,DEF_PACKAGING,REJECTED,INSP-111
QC-0007905,GR-0007905,MAT-00744,SUP-0002,2026-02-12,13,1,76923,DEF_PACKAGING,REJECTED,INSP-125
QC-0007906,GR-0007906,MAT-00543,SUP-0046,2026-03-13,10,0,0,,ACCEPTED,INSP-120
QC-0007907,GR-0007907,MAT-00834,SUP-0054,2026-02-27,602,39,64784,DEF_PACKAGING,REJECTED,INSP-110
QC-0007908,GR-0007908,MAT-00332,SUP-0054,2026-02-20,554,37,66787,DEF_SURFACE,REJECTED,INSP-114
QC-0007909,GR-0007909,MAT-00363,SUP-0054,2026-02-20,335,23,68656,DEF_ELECTRICAL,REJECTED,INSP-119
QC-0007910,GR-0007910,MAT-01036,SUP-0043,2025-05-02,670,37,55223,DEF_SURFACE,REJECTED,INSP-115
QC-0007911,GR-0007911,MAT-00719,SUP-0048,2025-08-12,136,7,51470,DEF_ELECTRICAL,REJECTED,INSP-116
QC-0007912,GR-0007912,MAT-00072,SUP-0069,2025-12-10,10,0,0,,ACCEPTED,INSP-112
QC-0007913,GR-0007913,MAT-00536,SUP-0069,2025-12-09,171,4,23391,DEF_ELECTRICAL,CONCESSION,INSP-103
QC-0007914,GR-0007914,MAT-00287,SUP-0115,2026-03-20,11,3,272727,DEF_CONTAMINATION,REJECTED,INSP-110
QC-0007915,GR-0007915,MAT-00110,SUP-0107,2026-03-09,52,4,76923,DEF_DIMENSIONAL,REJECTED,INSP-111
QC-0007916,GR-0007916,MAT-00480,SUP-0107,2026-03-12,10,0,0,,ACCEPTED,INSP-106
QC-0007917,GR-0007917,MAT-01159,SUP-0058,2025-09-25,580,20,34482,DEF_METALLURGY,CONCESSION,INSP-120
QC-0007918,GR-0007918,MAT-00633,SUP-0085,2025-10-27,126,1,7936,DEF_METALLURGY,CONCESSION,INSP-118
QC-0007919,GR-0007919,MAT-00094,SUP-0085,2025-10-29,32,1,31250,DEF_METALLURGY,CONCESSION,INSP-118
QC-0007920,GR-0007920,MAT-00828,SUP-0085,2025-10-29,168,1,5952,DEF_CONTAMINATION,CONCESSION,INSP-117
QC-0007921,GR-0007921,MAT-00413,SUP-0079,2025-11-16,10,0,0,,ACCEPTED,INSP-111
QC-0007922,GR-0007922,MAT-00038,SUP-0016,2025-07-25,16,2,125000,DEF_METALLURGY,REJECTED,INSP-117
QC-0007923,GR-0007923,MAT-01189,SUP-0019,2025-04-04,36,2,55555,DEF_ELECTRICAL,REJECTED,INSP-120
QC-0007924,GR-0007924,MAT-00038,SUP-0019,2025-04-05,12,0,0,,ACCEPTED,INSP-114
QC-0007925,GR-0007925,MAT-00290,SUP-0019,2025-04-07,102,10,98039,DEF_DIMENSIONAL,REJECTED,INSP-112
QC-0007926,GR-0007926,MAT-00455,SUP-0026,2025-09-07,10,1,100000,DEF_PACKAGING,REJECTED,INSP-125
QC-0007927,GR-0007927,MAT-00456,SUP-0008,2025-09-08,69,8,115942,DEF_DIMENSIONAL,REJECTED,INSP-110
QC-0007928,GR-0007928,MAT-00612,SUP-0008,2025-09-06,81,13,160493,DEF_METALLURGY,REJECTED,INSP-114
QC-0007929,GR-0007929,MAT-00432,SUP-0053,2025-06-14,97,11,113402,DEF_PACKAGING,REJECTED,INSP-102
QC-0007930,GR-0007930,MAT-01130,SUP-0028,2026-01-23,160,21,131250,DEF_DIMENSIONAL,REJECTED,INSP-123
QC-0007931,GR-0007931,MAT-00428,SUP-0070,2025-11-24,48,16,333333,DEF_CONTAMINATION,REJECTED,INSP-124
QC-0007932,GR-0007932,MAT-00578,SUP-0042,2026-01-06,530,40,75471,DEF_SURFACE,REJECTED,INSP-109
QC-0007933,GR-0007933,MAT-01145,SUP-0042,2026-01-11,14,2,142857,DEF_METALLURGY,REJECTED,INSP-120
QC-0007934,GR-0007934,MAT-00833,SUP-0042,2026-01-06,33,3,90909,DEF_SURFACE,REJECTED,INSP-110
QC-0007935,GR-0007935,MAT-01036,SUP-0043,2025-04-16,354,26,73446,DEF_CONTAMINATION,REJECTED,INSP-109
QC-0007936,GR-0007936,MAT-00369,SUP-0043,2025-04-21,468,23,49145,DEF_CONTAMINATION,REJECTED,INSP-117
QC-0007937,GR-0007937,MAT-00584,SUP-0017,2025-09-14,27,6,222222,DEF_ELECTRICAL,REJECTED,INSP-106
QC-0007938,GR-0007938,MAT-00871,SUP-0016,2026-03-16,102,5,49019,DEF_DIMENSIONAL,REJECTED,INSP-112
QC-0007939,GR-0007939,MAT-00479,SUP-0016,2026-03-15,135,10,74074,DEF_ELECTRICAL,REJECTED,INSP-113
QC-0007940,GR-0007940,MAT-00037,SUP-0067,2026-02-15,58,6,103448,DEF_METALLURGY,REJECTED,INSP-110
QC-0007941,GR-0007941,MAT-00060,SUP-0063,2025-10-28,326,30,92024,DEF_SURFACE,REJECTED,INSP-124
QC-0007942,GR-0007942,MAT-00010,SUP-0063,2025-10-18,68,6,88235,DEF_PACKAGING,REJECTED,INSP-120
QC-0007943,GR-0007943,MAT-00907,SUP-0019,2025-10-27,656,73,111280,DEF_METALLURGY,REJECTED,INSP-123
QC-0007944,GR-0007944,MAT-00097,SUP-0019,2025-10-22,708,49,69209,DEF_METALLURGY,REJECTED,INSP-105
QC-0007945,GR-0007945,MAT-01041,SUP-0004,2025-12-13,123,11,89430,DEF_DIMENSIONAL,REJECTED,INSP-113
QC-0007946,GR-0007946,MAT-00735,SUP-0004,2025-12-15,48,6,125000,DEF_CONTAMINATION,REJECTED,INSP-108
QC-0007947,GR-0007947,MAT-00350,SUP-0096,2025-02-01,16,1,62500,DEF_CONTAMINATION,REJECTED,INSP-112
QC-0007948,GR-0007948,MAT-00630,SUP-0096,2025-01-27,11,2,181818,DEF_METALLURGY,REJECTED,INSP-125
QC-0007949,GR-0007949,MAT-00214,SUP-0064,2025-08-29,69,4,57971,DEF_METALLURGY,REJECTED,INSP-124
QC-0007950,GR-0007950,MAT-01062,SUP-0064,2025-08-21,42,2,47619,DEF_PACKAGING,REJECTED,INSP-117
QC-0007951,GR-0007951,MAT-01181,SUP-0064,2025-08-24,302,23,76158,DEF_METALLURGY,REJECTED,INSP-117
QC-0007952,GR-0007952,MAT-00159,SUP-0039,2025-08-26,10,1,100000,DEF_PACKAGING,REJECTED,INSP-111
QC-0007953,GR-0007953,MAT-00235,SUP-0039,2025-08-21,355,39,109859,DEF_DIMENSIONAL,REJECTED,INSP-112
QC-0007954,GR-0007954,MAT-00409,SUP-0039,2025-08-10,10,2,200000,DEF_ELECTRICAL,REJECTED,INSP-116
QC-0007955,GR-0007955,MAT-01193,SUP-0083,2025-09-07,138,6,43478,DEF_PACKAGING,REJECTED,INSP-116
QC-0007956,GR-0007956,MAT-00632,SUP-0055,2026-02-28,15,0,0,,ACCEPTED,INSP-107
QC-0007957,GR-0007957,MAT-01192,SUP-0009,2025-10-30,83,27,325301,DEF_SURFACE,REJECTED,INSP-119
QC-0007958,GR-0007958,MAT-00644,SUP-0009,2025-10-22,27,2,74074,DEF_DIMENSIONAL,REJECTED,INSP-118
QC-0007959,GR-0007959,MAT-01181,SUP-0056,2025-07-26,374,42,112299,DEF_METALLURGY,REJECTED,INSP-121
QC-0007960,GR-0007960,MAT-01005,SUP-0056,2025-08-02,642,53,82554,DEF_PACKAGING,REJECTED,INSP-109
QC-0007961,GR-0007961,MAT-00936,SUP-0056,2025-08-02,243,19,78189,DEF_ELECTRICAL,REJECTED,INSP-114
QC-0007962,GR-0007962,MAT-00888,SUP-0023,2025-11-18,19,0,0,,ACCEPTED,INSP-106
QC-0007963,GR-0007963,MAT-01013,SUP-0019,2025-05-25,239,24,100418,DEF_DIMENSIONAL,REJECTED,INSP-123
QC-0007964,GR-0007964,MAT-00645,SUP-0052,2025-10-15,63,5,79365,DEF_PACKAGING,REJECTED,INSP-107
QC-0007965,GR-0007965,MAT-00180,SUP-0052,2025-10-18,10,1,100000,DEF_DIMENSIONAL,REJECTED,INSP-112
QC-0007966,GR-0007966,MAT-00168,SUP-0029,2026-02-19,24,0,0,,ACCEPTED,INSP-107
QC-0007967,GR-0007967,MAT-00416,SUP-0029,2026-02-22,450,52,115555,DEF_PACKAGING,REJECTED,INSP-105
QC-0007968,GR-0007968,MAT-00549,SUP-0029,2026-02-20,492,65,132113,DEF_DIMENSIONAL,REJECTED,INSP-111
QC-0007969,GR-0007969,MAT-00139,SUP-0118,2025-12-21,10,2,200000,DEF_SURFACE,REJECTED,INSP-113
QC-0007970,GR-0007970,MAT-00168,SUP-0029,2026-03-16,10,0,0,,ACCEPTED,INSP-109
QC-0007971,GR-0007971,MAT-00642,SUP-0029,2026-03-18,280,37,132142,DEF_DIMENSIONAL,REJECTED,INSP-103
QC-0007972,GR-0007972,MAT-00139,SUP-0118,2026-03-10,10,3,300000,DEF_SURFACE,REJECTED,INSP-125
QC-0007973,GR-0007973,MAT-00979,SUP-0118,2026-03-06,599,64,106844,DEF_ELECTRICAL,REJECTED,INSP-120
QC-0007974,GR-0007974,MAT-01043,SUP-0050,2026-01-05,45,1,22222,DEF_METALLURGY,CONCESSION,INSP-115
QC-0007975,GR-0007975,MAT-00744,SUP-0002,2025-11-27,10,0,0,,ACCEPTED,INSP-123
QC-0007976,GR-0007976,MAT-00676,SUP-0083,2025-04-27,93,4,43010,DEF_CONTAMINATION,REJECTED,INSP-118
QC-0007977,GR-0007977,MAT-00353,SUP-0083,2025-04-30,95,4,42105,DEF_METALLURGY,REJECTED,INSP-110
QC-0007978,GR-0007978,MAT-00270,SUP-0059,2025-12-08,10,1,100000,DEF_DIMENSIONAL,REJECTED,INSP-115
QC-0007979,GR-0007979,MAT-00270,SUP-0059,2025-08-18,10,3,300000,DEF_METALLURGY,REJECTED,INSP-110
QC-0007980,GR-0007980,MAT-00053,SUP-0103,2026-02-07,30,9,300000,DEF_SURFACE,REJECTED,INSP-108
QC-0007981,GR-0007981,MAT-00567,SUP-0103,2026-02-08,180,31,172222,DEF_ELECTRICAL,REJECTED,INSP-124
QC-0007982,GR-0007982,MAT-01193,SUP-0103,2026-04-13,80,10,125000,DEF_METALLURGY,REJECTED,INSP-124
QC-0007983,GR-0007983,MAT-00738,SUP-0103,2026-02-10,27,6,222222,DEF_METALLURGY,REJECTED,INSP-104
QC-0007984,GR-0007984,MAT-00096,SUP-0005,2025-09-11,581,62,106712,DEF_METALLURGY,REJECTED,INSP-114
QC-0007985,GR-0007985,MAT-00660,SUP-0005,2025-09-11,95,8,84210,DEF_PACKAGING,REJECTED,INSP-121
QC-0007986,GR-0007986,MAT-01028,SUP-0005,2025-09-11,124,20,161290,DEF_METALLURGY,REJECTED,INSP-104
QC-0007987,GR-0007987,MAT-00284,SUP-0005,2025-09-06,121,14,115702,DEF_ELECTRICAL,REJECTED,INSP-103
QC-0007988,GR-0007988,MAT-00571,SUP-0115,2026-01-03,14,0,0,,ACCEPTED,INSP-112
QC-0007989,GR-0007989,MAT-00776,SUP-0004,2026-01-05,169,19,112426,DEF_PACKAGING,REJECTED,INSP-114
QC-0007990,GR-0007990,MAT-00938,SUP-0004,2026-01-08,50,4,80000,DEF_ELECTRICAL,REJECTED,INSP-120
QC-0007991,GR-0007991,MAT-00541,SUP-0004,2026-01-07,160,17,106250,DEF_DIMENSIONAL,REJECTED,INSP-105
QC-0007992,GR-0007992,MAT-00669,SUP-0038,2025-11-15,513,14,27290,DEF_ELECTRICAL,CONCESSION,INSP-102
QC-0007993,GR-0007993,MAT-00821,SUP-0052,2026-03-24,157,22,140127,DEF_METALLURGY,REJECTED,INSP-101
QC-0007994,GR-0007994,MAT-00265,SUP-0078,2025-09-01,79,1,12658,DEF_PACKAGING,CONCESSION,INSP-118
QC-0007995,GR-0007995,MAT-00353,SUP-0078,2025-09-03,126,7,55555,DEF_ELECTRICAL,REJECTED,INSP-106
QC-0007996,GR-0007996,MAT-01099,SUP-0034,2025-11-21,481,23,47817,DEF_CONTAMINATION,REJECTED,INSP-105
QC-0007997,GR-0007997,MAT-00550,SUP-0034,2025-11-21,403,24,59553,DEF_METALLURGY,REJECTED,INSP-105
QC-0007998,GR-0007998,MAT-00643,SUP-0011,2025-12-14,36,3,83333,DEF_SURFACE,REJECTED,INSP-123
QC-0007999,GR-0007999,MAT-00248,SUP-0012,2026-01-07,313,35,111821,DEF_DIMENSIONAL,REJECTED,INSP-105
QC-0008000,GR-0008000,MAT-00656,SUP-0088,2026-02-19,249,9,36144,DEF_SURFACE,CONCESSION,INSP-125
QC-0008001,GR-0008001,MAT-00295,SUP-0109,2025-10-21,68,0,0,,ACCEPTED,INSP-116
QC-0008002,GR-0008002,MAT-00803,SUP-0089,2026-01-08,550,46,83636,DEF_DIMENSIONAL,REJECTED,INSP-109
QC-0008003,GR-0008003,MAT-00521,SUP-0089,2026-01-06,122,17,139344,DEF_PACKAGING,REJECTED,INSP-123
QC-0008004,GR-0008004,MAT-01197,SUP-0089,2026-01-09,134,17,126865,DEF_DIMENSIONAL,REJECTED,INSP-104
QC-0008005,GR-0008005,MAT-00556,SUP-0095,2025-07-03,187,5,26737,DEF_ELECTRICAL,CONCESSION,INSP-119
QC-0008006,GR-0008006,MAT-01029,SUP-0095,2025-07-03,71,3,42253,DEF_SURFACE,REJECTED,INSP-111
QC-0008007,GR-0008007,MAT-00617,SUP-0095,2025-06-30,20,2,100000,DEF_DIMENSIONAL,REJECTED,INSP-101
QC-0008008,GR-0008008,MAT-00810,SUP-0095,2025-07-02,55,1,18181,DEF_SURFACE,CONCESSION,INSP-112
QC-0008009,GR-0008009,MAT-01043,SUP-0050,2025-10-25,21,2,95238,DEF_DIMENSIONAL,REJECTED,INSP-125
QC-0008010,GR-0008010,MAT-00465,SUP-0050,2025-10-31,41,5,121951,DEF_PACKAGING,REJECTED,INSP-117
QC-0008011,GR-0008011,MAT-00652,SUP-0050,2025-10-28,14,3,214285,DEF_PACKAGING,REJECTED,INSP-107
QC-0008012,GR-0008012,MAT-00366,SUP-0105,2026-01-31,10,1,100000,DEF_ELECTRICAL,REJECTED,INSP-116
QC-0008013,GR-0008013,MAT-00915,SUP-0096,2025-03-19,33,3,90909,DEF_ELECTRICAL,REJECTED,INSP-119
QC-0008014,GR-0008014,MAT-01057,SUP-0096,2025-03-19,694,42,60518,DEF_PACKAGING,REJECTED,INSP-122
QC-0008015,GR-0008015,MAT-01009,SUP-0096,2025-08-06,88,4,45454,DEF_CONTAMINATION,REJECTED,INSP-120
QC-0008016,GR-0008016,MAT-00927,SUP-0020,2025-11-23,665,69,103759,DEF_METALLURGY,REJECTED,INSP-125
QC-0008017,GR-0008017,MAT-00747,SUP-0076,2026-04-15,10,0,0,,ACCEPTED,INSP-119
QC-0008018,GR-0008018,MAT-00456,SUP-0008,2025-12-12,74,8,108108,DEF_DIMENSIONAL,REJECTED,INSP-113
QC-0008019,GR-0008019,MAT-00820,SUP-0008,2025-12-20,272,24,88235,DEF_METALLURGY,REJECTED,INSP-124
QC-0008020,GR-0008020,MAT-01128,SUP-0008,2025-12-20,10,2,200000,DEF_ELECTRICAL,REJECTED,INSP-113
QC-0008021,GR-0008021,MAT-00905,SUP-0119,2025-12-03,170,14,82352,DEF_METALLURGY,REJECTED,INSP-121
QC-0008022,GR-0008022,MAT-00480,SUP-0119,2025-12-02,14,0,0,,ACCEPTED,INSP-114
QC-0008023,GR-0008023,MAT-00681,SUP-0119,2025-12-05,74,7,94594,DEF_METALLURGY,REJECTED,INSP-123
QC-0008024,GR-0008024,MAT-01028,SUP-0102,2025-12-03,172,9,52325,DEF_PACKAGING,REJECTED,INSP-118
QC-0008025,GR-0008025,MAT-00506,SUP-0102,2025-12-03,470,16,34042,DEF_CONTAMINATION,CONCESSION,INSP-117
QC-0008026,GR-0008026,MAT-00597,SUP-0039,2025-06-28,13,1,76923,DEF_CONTAMINATION,REJECTED,INSP-113
QC-0008027,GR-0008027,MAT-00940,SUP-0039,2025-07-02,94,15,159574,DEF_SURFACE,REJECTED,INSP-110
QC-0008028,GR-0008028,MAT-00215,SUP-0089,2026-02-26,10,0,0,,ACCEPTED,INSP-121
QC-0008029,GR-0008029,MAT-00090,SUP-0089,2026-03-01,42,4,95238,DEF_ELECTRICAL,REJECTED,INSP-103
QC-0008030,GR-0008030,MAT-00821,SUP-0089,2026-03-03,60,4,66666,DEF_SURFACE,REJECTED,INSP-114
QC-0008031,GR-0008031,MAT-01108,SUP-0046,2025-09-11,11,0,0,,ACCEPTED,INSP-115
QC-0008032,GR-0008032,MAT-00931,SUP-0003,2026-04-18,74,6,81081,DEF_ELECTRICAL,REJECTED,INSP-123
QC-0008033,GR-0008033,MAT-00915,SUP-0096,2026-04-11,28,3,107142,DEF_ELECTRICAL,REJECTED,INSP-111
QC-0008034,GR-0008034,MAT-00047,SUP-0096,2026-04-07,10,2,200000,DEF_DIMENSIONAL,REJECTED,INSP-112
QC-0008035,GR-0008035,MAT-00914,SUP-0096,2026-04-05,34,0,0,,ACCEPTED,INSP-104
QC-0008036,GR-0008036,MAT-00983,SUP-0024,2025-11-27,42,5,119047,DEF_PACKAGING,REJECTED,INSP-107
QC-0008037,GR-0008037,MAT-00622,SUP-0024,2025-11-29,33,4,121212,DEF_DIMENSIONAL,REJECTED,INSP-109
QC-0008038,GR-0008038,MAT-00534,SUP-0024,2025-11-27,28,2,71428,DEF_METALLURGY,REJECTED,INSP-123
QC-0008039,GR-0008039,MAT-01056,SUP-0038,2026-02-18,10,0,0,,ACCEPTED,INSP-115
QC-0008040,GR-0008040,MAT-01179,SUP-0029,2025-07-12,368,57,154891,DEF_SURFACE,REJECTED,INSP-117
QC-0008041,GR-0008041,MAT-00020,SUP-0029,2025-07-14,181,15,82872,DEF_CONTAMINATION,REJECTED,INSP-102
QC-0008042,GR-0008042,MAT-00460,SUP-0026,2025-12-31,73,6,82191,DEF_ELECTRICAL,REJECTED,INSP-110
QC-0008043,GR-0008043,MAT-00113,SUP-0052,2025-12-06,13,0,0,,ACCEPTED,INSP-106
QC-0008044,GR-0008044,MAT-00511,SUP-0118,2025-07-23,24,4,166666,DEF_ELECTRICAL,REJECTED,INSP-103
QC-0008045,GR-0008045,MAT-00060,SUP-0118,2025-07-16,626,60,95846,DEF_SURFACE,REJECTED,INSP-109
QC-0008046,GR-0008046,MAT-00555,SUP-0118,2025-07-24,12,1,83333,DEF_DIMENSIONAL,REJECTED,INSP-124
QC-0008047,GR-0008047,MAT-01055,SUP-0109,2025-07-25,18,0,0,,ACCEPTED,INSP-119
QC-0008048,GR-0008048,MAT-00948,SUP-0109,2025-07-27,28,0,0,,ACCEPTED,INSP-101
QC-0008049,GR-0008049,MAT-00364,SUP-0005,2025-10-19,10,1,100000,DEF_CONTAMINATION,REJECTED,INSP-120
QC-0008050,GR-0008050,MAT-01069,SUP-0005,2025-10-20,72,10,138888,DEF_METALLURGY,REJECTED,INSP-109
QC-0008051,GR-0008051,MAT-01178,SUP-0074,2025-11-10,43,1,23255,DEF_CONTAMINATION,CONCESSION,INSP-122
QC-0008052,GR-0008052,MAT-00794,SUP-0114,2025-05-18,21,2,95238,DEF_METALLURGY,REJECTED,INSP-124
QC-0008053,GR-0008053,MAT-00778,SUP-0062,2025-12-15,10,1,100000,DEF_METALLURGY,REJECTED,INSP-115
QC-0008054,GR-0008054,MAT-01118,SUP-0014,2025-09-21,137,44,321167,DEF_SURFACE,REJECTED,INSP-110
QC-0008055,GR-0008055,MAT-00902,SUP-0063,2026-01-06,39,0,0,,ACCEPTED,INSP-117
QC-0008056,GR-0008056,MAT-00210,SUP-0117,2026-01-18,12,0,0,,ACCEPTED,INSP-118
QC-0008057,GR-0008057,MAT-00460,SUP-0026,2025-12-24,70,7,100000,DEF_SURFACE,REJECTED,INSP-120
QC-0008058,GR-0008058,MAT-00369,SUP-0026,2025-12-22,440,23,52272,DEF_PACKAGING,REJECTED,INSP-101
QC-0008059,GR-0008059,MAT-00763,SUP-0049,2026-01-31,125,6,48000,DEF_METALLURGY,REJECTED,INSP-104
QC-0008060,GR-0008060,MAT-00302,SUP-0049,2026-01-31,10,0,0,,ACCEPTED,INSP-101
QC-0008061,GR-0008061,MAT-00247,SUP-0049,2026-01-30,570,21,36842,DEF_METALLURGY,CONCESSION,INSP-106
QC-0008062,GR-0008062,MAT-00454,SUP-0095,2025-09-24,668,23,34431,DEF_METALLURGY,CONCESSION,INSP-120
QC-0008063,GR-0008063,MAT-01111,SUP-0030,2026-02-28,313,35,111821,DEF_ELECTRICAL,REJECTED,INSP-112
QC-0008064,GR-0008064,MAT-00900,SUP-0030,2026-03-07,57,5,87719,DEF_CONTAMINATION,REJECTED,INSP-111
QC-0008065,GR-0008065,MAT-00903,SUP-0009,2025-12-21,315,54,171428,DEF_DIMENSIONAL,REJECTED,INSP-124
QC-0008066,GR-0008066,MAT-00055,SUP-0054,2025-12-04,422,28,66350,DEF_METALLURGY,REJECTED,INSP-118
QC-0008067,GR-0008067,MAT-00679,SUP-0001,2026-02-20,25,5,200000,DEF_DIMENSIONAL,REJECTED,INSP-106
QC-0008068,GR-0008068,MAT-01103,SUP-0001,2026-02-28,28,9,321428,DEF_DIMENSIONAL,REJECTED,INSP-111
QC-0008069,GR-0008069,MAT-01094,SUP-0009,2025-04-27,30,2,66666,DEF_SURFACE,REJECTED,INSP-120
QC-0008070,GR-0008070,MAT-00821,SUP-0009,2025-04-28,118,24,203389,DEF_CONTAMINATION,REJECTED,INSP-110
QC-0008071,GR-0008071,MAT-00258,SUP-0069,2026-01-16,305,6,19672,DEF_DIMENSIONAL,CONCESSION,INSP-113
QC-0008072,GR-0008072,MAT-00667,SUP-0014,2026-02-21,69,16,231884,DEF_DIMENSIONAL,REJECTED,INSP-106
QC-0008073,GR-0008073,MAT-00175,SUP-0014,2026-02-15,619,144,232633,DEF_ELECTRICAL,REJECTED,INSP-119
QC-0008074,GR-0008074,MAT-00048,SUP-0014,2026-02-09,16,3,187500,DEF_METALLURGY,REJECTED,INSP-125
QC-0008075,GR-0008075,MAT-00965,SUP-0014,2026-02-09,118,32,271186,DEF_CONTAMINATION,REJECTED,INSP-117
QC-0008076,GR-0008076,MAT-00240,SUP-0025,2025-09-15,10,0,0,,ACCEPTED,INSP-109
QC-0008077,GR-0008077,MAT-01106,SUP-0025,2025-09-14,10,0,0,,ACCEPTED,INSP-115
QC-0008078,GR-0008078,MAT-00098,SUP-0036,2025-05-14,45,0,0,,ACCEPTED,INSP-112
QC-0008079,GR-0008079,MAT-00408,SUP-0068,2025-06-01,30,0,0,,ACCEPTED,INSP-105
QC-0008080,GR-0008080,MAT-00597,SUP-0068,2025-06-03,16,0,0,,ACCEPTED,INSP-102
QC-0008081,GR-0008081,MAT-00543,SUP-0068,2025-05-30,13,1,76923,DEF_ELECTRICAL,REJECTED,INSP-119
QC-0008082,GR-0008082,MAT-00717,SUP-0068,2025-06-01,29,0,0,,ACCEPTED,INSP-121
QC-0008083,GR-0008083,MAT-00897,SUP-0026,2026-01-26,17,3,176470,DEF_DIMENSIONAL,REJECTED,INSP-117
QC-0008084,GR-0008084,MAT-01143,SUP-0067,2025-06-26,15,1,66666,DEF_PACKAGING,REJECTED,INSP-121
QC-0008085,GR-0008085,MAT-00012,SUP-0067,2025-06-28,55,10,181818,DEF_PACKAGING,REJECTED,INSP-103
QC-0008086,GR-0008086,MAT-00770,SUP-0048,2025-10-23,234,15,64102,DEF_SURFACE,REJECTED,INSP-119
QC-0008087,GR-0008087,MAT-00339,SUP-0048,2025-10-19,13,0,0,,ACCEPTED,INSP-109
QC-0008088,GR-0008088,MAT-00770,SUP-0048,2026-01-11,331,16,48338,DEF_DIMENSIONAL,REJECTED,INSP-122
QC-0008089,GR-0008089,MAT-00419,SUP-0048,2026-01-06,69,3,43478,DEF_DIMENSIONAL,REJECTED,INSP-117
QC-0008090,GR-0008090,MAT-01116,SUP-0095,2026-03-09,63,4,63492,DEF_CONTAMINATION,REJECTED,INSP-105
QC-0008091,GR-0008091,MAT-00158,SUP-0095,2026-03-06,63,2,31746,DEF_SURFACE,CONCESSION,INSP-120
QC-0008092,GR-0008092,MAT-00169,SUP-0117,2025-04-29,364,28,76923,DEF_DIMENSIONAL,REJECTED,INSP-115
QC-0008093,GR-0008093,MAT-01138,SUP-0117,2025-05-03,54,4,74074,DEF_DIMENSIONAL,REJECTED,INSP-107
QC-0008094,GR-0008094,MAT-00890,SUP-0007,2025-08-30,38,0,0,,ACCEPTED,INSP-107
QC-0008095,GR-0008095,MAT-00350,SUP-0007,2025-08-21,28,2,71428,DEF_DIMENSIONAL,REJECTED,INSP-112
QC-0008096,GR-0008096,MAT-00210,SUP-0007,2025-08-20,25,2,80000,DEF_CONTAMINATION,REJECTED,INSP-121
QC-0008097,GR-0008097,MAT-00394,SUP-0007,2025-08-27,84,5,59523,DEF_ELECTRICAL,REJECTED,INSP-121
QC-0008098,GR-0008098,MAT-00268,SUP-0024,2026-04-04,628,45,71656,DEF_ELECTRICAL,REJECTED,INSP-120
QC-0008099,GR-0008099,MAT-00377,SUP-0024,2026-03-31,339,23,67846,DEF_METALLURGY,REJECTED,INSP-115
QC-0008100,GR-0008100,MAT-01025,SUP-0095,2025-02-23,25,1,40000,DEF_PACKAGING,REJECTED,INSP-118
QC-0008101,GR-0008101,MAT-00272,SUP-0070,2025-09-08,12,4,333333,DEF_ELECTRICAL,REJECTED,INSP-116
QC-0008102,GR-0008102,MAT-00814,SUP-0063,2026-01-21,11,1,90909,DEF_ELECTRICAL,REJECTED,INSP-104
QC-0008103,GR-0008103,MAT-00054,SUP-0063,2026-01-19,66,5,75757,DEF_CONTAMINATION,REJECTED,INSP-106
QC-0008104,GR-0008104,MAT-00200,SUP-0104,2025-09-22,519,30,57803,DEF_DIMENSIONAL,REJECTED,INSP-114
QC-0008105,GR-0008105,MAT-00443,SUP-0097,2025-06-01,340,20,58823,DEF_METALLURGY,REJECTED,INSP-106
QC-0008106,GR-0008106,MAT-01096,SUP-0059,2025-05-16,28,5,178571,DEF_CONTAMINATION,REJECTED,INSP-108
QC-0008107,GR-0008107,MAT-00780,SUP-0059,2025-05-13,111,26,234234,DEF_DIMENSIONAL,REJECTED,INSP-124
QC-0008108,GR-0008108,MAT-00205,SUP-0018,2025-09-02,113,4,35398,DEF_METALLURGY,CONCESSION,INSP-123
QC-0008109,GR-0008109,MAT-00557,SUP-0105,2026-03-28,10,1,100000,DEF_ELECTRICAL,REJECTED,INSP-104
QC-0008110,GR-0008110,MAT-01168,SUP-0044,2025-12-13,10,1,100000,DEF_PACKAGING,REJECTED,INSP-118
QC-0008111,GR-0008111,MAT-00711,SUP-0096,2026-01-27,178,13,73033,DEF_METALLURGY,REJECTED,INSP-122
QC-0008112,GR-0008112,MAT-00946,SUP-0096,2026-01-29,36,4,111111,DEF_CONTAMINATION,REJECTED,INSP-116
QC-0008113,GR-0008113,MAT-00358,SUP-0096,2026-01-29,239,20,83682,DEF_DIMENSIONAL,REJECTED,INSP-111
QC-0008114,GR-0008114,MAT-00971,SUP-0089,2026-04-15,433,40,92378,DEF_ELECTRICAL,REJECTED,INSP-108
QC-0008115,GR-0008115,MAT-00658,SUP-0089,2026-04-15,44,1,22727,DEF_CONTAMINATION,CONCESSION,INSP-121
QC-0008116,GR-0008116,MAT-00358,SUP-0089,2026-04-21,128,15,117187,DEF_CONTAMINATION,REJECTED,INSP-116
QC-0008117,GR-0008117,MAT-00509,SUP-0107,2025-10-22,217,12,55299,DEF_DIMENSIONAL,REJECTED,INSP-121
QC-0008118,GR-0008118,MAT-00764,SUP-0105,2025-08-01,92,0,0,,ACCEPTED,INSP-125
QC-0008119,GR-0008119,MAT-00645,SUP-0105,2025-08-01,131,6,45801,DEF_METALLURGY,REJECTED,INSP-117
QC-0008120,GR-0008120,MAT-00507,SUP-0041,2025-12-04,348,30,86206,DEF_CONTAMINATION,REJECTED,INSP-124
QC-0008121,GR-0008121,MAT-00905,SUP-0119,2026-03-09,170,16,94117,DEF_CONTAMINATION,REJECTED,INSP-117
QC-0008122,GR-0008122,MAT-00165,SUP-0119,2026-03-15,10,1,100000,DEF_CONTAMINATION,REJECTED,INSP-111
QC-0008123,GR-0008123,MAT-01114,SUP-0119,2026-03-11,10,1,100000,DEF_SURFACE,REJECTED,INSP-103
QC-0008124,GR-0008124,MAT-00873,SUP-0119,2026-03-16,12,0,0,,ACCEPTED,INSP-107
QC-0008125,GR-0008125,MAT-00989,SUP-0093,2025-06-03,663,146,220211,DEF_ELECTRICAL,REJECTED,INSP-117
QC-0008126,GR-0008126,MAT-00079,SUP-0093,2025-06-02,10,1,100000,DEF_SURFACE,REJECTED,INSP-114
QC-0008127,GR-0008127,MAT-00956,SUP-0056,2026-01-24,22,0,0,,ACCEPTED,INSP-111
QC-0008128,GR-0008128,MAT-00562,SUP-0056,2026-01-24,23,1,43478,DEF_CONTAMINATION,REJECTED,INSP-116
QC-0008129,GR-0008129,MAT-00446,SUP-0090,2025-12-16,363,23,63360,DEF_SURFACE,REJECTED,INSP-105
QC-0008130,GR-0008130,MAT-00514,SUP-0090,2025-12-24,41,4,97560,DEF_PACKAGING,REJECTED,INSP-111
QC-0008131,GR-0008131,MAT-00666,SUP-0001,2025-08-01,123,36,292682,DEF_SURFACE,REJECTED,INSP-103
QC-0008132,GR-0008132,MAT-00260,SUP-0001,2025-08-02,47,18,382978,DEF_PACKAGING,REJECTED,INSP-112
QC-0008133,GR-0008133,MAT-00672,SUP-0090,2025-12-11,25,2,80000,DEF_SURFACE,REJECTED,INSP-119
QC-0008134,GR-0008134,MAT-00731,SUP-0120,2026-03-29,676,30,44378,DEF_SURFACE,REJECTED,INSP-104
QC-0008135,GR-0008135,MAT-01047,SUP-0120,2026-04-03,26,1,38461,DEF_METALLURGY,CONCESSION,INSP-122
QC-0008136,GR-0008136,MAT-00388,SUP-0042,2025-11-04,10,0,0,,ACCEPTED,INSP-102
QC-0008137,GR-0008137,MAT-00519,SUP-0042,2025-11-02,10,0,0,,ACCEPTED,INSP-103
QC-0008138,GR-0008138,MAT-00069,SUP-0062,2025-12-07,30,1,33333,DEF_ELECTRICAL,CONCESSION,INSP-102
QC-0008139,GR-0008139,MAT-00691,SUP-0062,2025-12-03,55,4,72727,DEF_PACKAGING,REJECTED,INSP-116
QC-0008140,GR-0008140,MAT-00215,SUP-0089,2025-05-16,10,1,100000,DEF_SURFACE,REJECTED,INSP-117
QC-0008141,GR-0008141,MAT-00135,SUP-0012,2025-09-04,537,62,115456,DEF_DIMENSIONAL,REJECTED,INSP-124
QC-0008142,GR-0008142,MAT-00514,SUP-0010,2025-09-30,87,2,22988,DEF_DIMENSIONAL,CONCESSION,INSP-118
QC-0008143,GR-0008143,MAT-01048,SUP-0043,2025-09-19,87,4,45977,DEF_CONTAMINATION,REJECTED,INSP-101
QC-0008144,GR-0008144,MAT-00829,SUP-0080,2025-11-23,600,55,91666,DEF_PACKAGING,REJECTED,INSP-118
QC-0008145,GR-0008145,MAT-01040,SUP-0113,2026-01-20,13,1,76923,DEF_DIMENSIONAL,REJECTED,INSP-102
QC-0008146,GR-0008146,MAT-00371,SUP-0113,2026-01-14,10,0,0,,ACCEPTED,INSP-118
QC-0008147,GR-0008147,MAT-00927,SUP-0020,2025-07-18,436,40,91743,DEF_PACKAGING,REJECTED,INSP-104
QC-0008148,GR-0008148,MAT-00947,SUP-0017,2025-12-29,172,45,261627,DEF_SURFACE,REJECTED,INSP-102
QC-0008149,GR-0008149,MAT-00695,SUP-0017,2026-01-11,12,4,333333,DEF_DIMENSIONAL,REJECTED,INSP-119
QC-0008150,GR-0008150,MAT-01040,SUP-0113,2026-02-02,19,3,157894,DEF_SURFACE,REJECTED,INSP-108
QC-0008151,GR-0008151,MAT-00475,SUP-0016,2026-04-01,734,53,72207,DEF_PACKAGING,REJECTED,INSP-113
QC-0008152,GR-0008152,MAT-00146,SUP-0032,2026-01-15,18,0,0,,ACCEPTED,INSP-106
QC-0008153,GR-0008153,MAT-00173,SUP-0114,2026-01-17,150,23,153333,DEF_DIMENSIONAL,REJECTED,INSP-115
QC-0008154,GR-0008154,MAT-01157,SUP-0003,2025-06-21,185,18,97297,DEF_METALLURGY,REJECTED,INSP-117
QC-0008155,GR-0008155,MAT-00866,SUP-0085,2025-06-20,10,0,0,,ACCEPTED,INSP-108
QC-0008156,GR-0008156,MAT-00633,SUP-0085,2025-06-20,122,3,24590,DEF_ELECTRICAL,CONCESSION,INSP-114
QC-0008157,GR-0008157,MAT-00412,SUP-0085,2025-06-22,166,2,12048,DEF_PACKAGING,CONCESSION,INSP-101
QC-0008158,GR-0008158,MAT-00489,SUP-0085,2025-06-23,43,0,0,,ACCEPTED,INSP-104
QC-0008159,GR-0008159,MAT-00674,SUP-0020,2026-02-14,102,11,107843,DEF_PACKAGING,REJECTED,INSP-125
QC-0008160,GR-0008160,MAT-00540,SUP-0057,2025-09-02,172,10,58139,DEF_PACKAGING,REJECTED,INSP-124
QC-0008161,GR-0008161,MAT-00660,SUP-0102,2026-02-05,142,6,42253,DEF_METALLURGY,REJECTED,INSP-124
QC-0008162,GR-0008162,MAT-00180,SUP-0013,2026-02-05,17,0,0,,ACCEPTED,INSP-102
QC-0008163,GR-0008163,MAT-00001,SUP-0013,2026-02-08,10,0,0,,ACCEPTED,INSP-113
QC-0008164,GR-0008164,MAT-00421,SUP-0013,2026-02-13,13,1,76923,DEF_PACKAGING,REJECTED,INSP-103
QC-0008165,GR-0008165,MAT-00857,SUP-0117,2025-08-23,78,4,51282,DEF_ELECTRICAL,REJECTED,INSP-119
QC-0008166,GR-0008166,MAT-01048,SUP-0043,2025-11-17,286,21,73426,DEF_ELECTRICAL,REJECTED,INSP-120
QC-0008167,GR-0008167,MAT-00143,SUP-0043,2025-11-16,10,1,100000,DEF_METALLURGY,REJECTED,INSP-106
QC-0008168,GR-0008168,MAT-00295,SUP-0109,2025-12-30,19,0,0,,ACCEPTED,INSP-107
QC-0008169,GR-0008169,MAT-00605,SUP-0097,2026-03-07,229,11,48034,DEF_DIMENSIONAL,REJECTED,INSP-110
QC-0008170,GR-0008170,MAT-00810,SUP-0049,2026-03-28,128,5,39062,DEF_PACKAGING,CONCESSION,INSP-125
QC-0008171,GR-0008171,MAT-00389,SUP-0008,2025-09-14,608,62,101973,DEF_PACKAGING,REJECTED,INSP-102
QC-0008172,GR-0008172,MAT-00972,SUP-0008,2025-09-16,33,2,60606,DEF_DIMENSIONAL,REJECTED,INSP-104
QC-0008173,GR-0008173,MAT-00092,SUP-0098,2026-03-17,326,39,119631,DEF_ELECTRICAL,REJECTED,INSP-108
QC-0008174,GR-0008174,MAT-00812,SUP-0098,2026-03-18,117,13,111111,DEF_DIMENSIONAL,REJECTED,INSP-121
QC-0008175,GR-0008175,MAT-00453,SUP-0098,2026-03-18,32,5,156250,DEF_CONTAMINATION,REJECTED,INSP-101
QC-0008176,GR-0008176,MAT-01146,SUP-0052,2025-12-12,17,0,0,,ACCEPTED,INSP-104
QC-0008177,GR-0008177,MAT-00934,SUP-0007,2025-11-16,14,2,142857,DEF_DIMENSIONAL,REJECTED,INSP-102
QC-0008178,GR-0008178,MAT-00654,SUP-0007,2025-11-16,662,42,63444,DEF_SURFACE,REJECTED,INSP-111
QC-0008179,GR-0008179,MAT-00464,SUP-0007,2025-11-16,313,31,99041,DEF_METALLURGY,REJECTED,INSP-110
QC-0008180,GR-0008180,MAT-01022,SUP-0007,2025-11-16,94,8,85106,DEF_SURFACE,REJECTED,INSP-124
QC-0008181,GR-0008181,MAT-00212,SUP-0003,2025-09-24,60,5,83333,DEF_ELECTRICAL,REJECTED,INSP-122
QC-0008182,GR-0008182,MAT-00454,SUP-0095,2025-12-19,318,8,25157,DEF_CONTAMINATION,CONCESSION,INSP-112
QC-0008183,GR-0008183,MAT-00837,SUP-0019,2026-02-02,14,1,71428,DEF_ELECTRICAL,REJECTED,INSP-120
QC-0008184,GR-0008184,MAT-00395,SUP-0071,2025-11-19,341,37,108504,DEF_SURFACE,REJECTED,INSP-113
QC-0008185,GR-0008185,MAT-00594,SUP-0008,2026-01-18,36,4,111111,DEF_ELECTRICAL,REJECTED,INSP-106
QC-0008186,GR-0008186,MAT-00035,SUP-0057,2026-01-20,63,3,47619,DEF_DIMENSIONAL,REJECTED,INSP-109
QC-0008187,GR-0008187,MAT-00166,SUP-0057,2026-01-22,153,8,52287,DEF_ELECTRICAL,REJECTED,INSP-120
QC-0008188,GR-0008188,MAT-00713,SUP-0110,2026-01-29,495,34,68686,DEF_PACKAGING,REJECTED,INSP-120
QC-0008189,GR-0008189,MAT-00485,SUP-0110,2026-01-23,17,2,117647,DEF_CONTAMINATION,REJECTED,INSP-111
QC-0008190,GR-0008190,MAT-00172,SUP-0110,2026-01-25,30,2,66666,DEF_PACKAGING,REJECTED,INSP-111
QC-0008191,GR-0008191,MAT-00794,SUP-0114,2025-05-06,17,0,0,,ACCEPTED,INSP-115
QC-0008192,GR-0008192,MAT-00594,SUP-0008,2026-04-08,21,2,95238,DEF_PACKAGING,REJECTED,INSP-118
QC-0008193,GR-0008193,MAT-00642,SUP-0008,2026-04-05,119,13,109243,DEF_SURFACE,REJECTED,INSP-121
QC-0008194,GR-0008194,MAT-00145,SUP-0104,2025-12-01,426,33,77464,DEF_DIMENSIONAL,REJECTED,INSP-106
QC-0008195,GR-0008195,MAT-00976,SUP-0104,2025-11-29,10,1,100000,DEF_PACKAGING,REJECTED,INSP-105
QC-0008196,GR-0008196,MAT-00926,SUP-0090,2025-09-09,16,1,62500,DEF_CONTAMINATION,REJECTED,INSP-105
QC-0008197,GR-0008197,MAT-00590,SUP-0090,2025-09-09,178,8,44943,DEF_DIMENSIONAL,REJECTED,INSP-103
QC-0008198,GR-0008198,MAT-00137,SUP-0009,2025-10-05,10,1,100000,DEF_DIMENSIONAL,REJECTED,INSP-115
QC-0008199,GR-0008199,MAT-01109,SUP-0019,2025-11-28,17,1,58823,DEF_PACKAGING,REJECTED,INSP-119
QC-0008200,GR-0008200,MAT-01078,SUP-0113,2026-03-31,27,2,74074,DEF_SURFACE,REJECTED,INSP-105
QC-0008201,GR-0008201,MAT-00679,SUP-0001,2025-11-29,25,5,200000,DEF_DIMENSIONAL,REJECTED,INSP-116
QC-0008202,GR-0008202,MAT-00660,SUP-0102,2026-02-12,40,0,0,,ACCEPTED,INSP-109
QC-0008203,GR-0008203,MAT-00784,SUP-0055,2025-06-05,27,1,37037,DEF_CONTAMINATION,CONCESSION,INSP-111
QC-0008204,GR-0008204,MAT-00285,SUP-0059,2026-04-11,83,13,156626,DEF_DIMENSIONAL,REJECTED,INSP-103
QC-0008205,GR-0008205,MAT-00401,SUP-0109,2025-08-09,29,0,0,,ACCEPTED,INSP-125
QC-0008206,GR-0008206,MAT-00349,SUP-0041,2025-11-30,65,7,107692,DEF_ELECTRICAL,REJECTED,INSP-112
QC-0008207,GR-0008207,MAT-00629,SUP-0007,2025-08-24,15,2,133333,DEF_DIMENSIONAL,REJECTED,INSP-104
QC-0008208,GR-0008208,MAT-00331,SUP-0007,2025-08-26,66,3,45454,DEF_METALLURGY,REJECTED,INSP-101
QC-0008209,GR-0008209,MAT-00691,SUP-0007,2025-08-29,18,3,166666,DEF_CONTAMINATION,REJECTED,INSP-123
QC-0008210,GR-0008210,MAT-00427,SUP-0064,2025-11-05,27,3,111111,DEF_METALLURGY,REJECTED,INSP-120
QC-0008211,GR-0008211,MAT-00281,SUP-0064,2025-11-02,171,11,64327,DEF_PACKAGING,REJECTED,INSP-104
QC-0008212,GR-0008212,MAT-00475,SUP-0064,2025-10-31,664,48,72289,DEF_SURFACE,REJECTED,INSP-109
QC-0008213,GR-0008213,MAT-00147,SUP-0004,2026-03-02,35,5,142857,DEF_ELECTRICAL,REJECTED,INSP-101
QC-0008214,GR-0008214,MAT-00062,SUP-0026,2026-02-24,29,4,137931,DEF_SURFACE,REJECTED,INSP-124
QC-0008215,GR-0008215,MAT-00175,SUP-0026,2026-02-23,474,37,78059,DEF_SURFACE,REJECTED,INSP-109
QC-0008216,GR-0008216,MAT-00339,SUP-0026,2026-02-25,10,0,0,,ACCEPTED,INSP-101
QC-0008217,GR-0008217,MAT-01198,SUP-0026,2026-02-22,174,10,57471,DEF_DIMENSIONAL,REJECTED,INSP-102
QC-0008218,GR-0008218,MAT-00090,SUP-0107,2025-08-14,28,2,71428,DEF_ELECTRICAL,REJECTED,INSP-105
QC-0008219,GR-0008219,MAT-00838,SUP-0106,2026-01-06,33,1,30303,DEF_PACKAGING,CONCESSION,INSP-115
QC-0008220,GR-0008220,MAT-00828,SUP-0106,2026-01-06,112,10,89285,DEF_CONTAMINATION,REJECTED,INSP-116
QC-0008221,GR-0008221,MAT-01079,SUP-0106,2026-01-06,385,24,62337,DEF_SURFACE,REJECTED,INSP-114
QC-0008222,GR-0008222,MAT-00671,SUP-0037,2025-10-23,214,11,51401,DEF_SURFACE,REJECTED,INSP-123
QC-0008223,GR-0008223,MAT-00800,SUP-0057,2025-12-04,163,6,36809,DEF_DIMENSIONAL,CONCESSION,INSP-107
QC-0008224,GR-0008224,MAT-00601,SUP-0057,2025-12-02,16,2,125000,DEF_CONTAMINATION,REJECTED,INSP-106
QC-0008225,GR-0008225,MAT-00290,SUP-0074,2026-01-04,264,20,75757,DEF_CONTAMINATION,REJECTED,INSP-109
QC-0008226,GR-0008226,MAT-00300,SUP-0038,2025-12-16,91,3,32967,DEF_METALLURGY,CONCESSION,INSP-110
QC-0008227,GR-0008227,MAT-00573,SUP-0038,2025-12-16,90,3,33333,DEF_DIMENSIONAL,CONCESSION,INSP-114
QC-0008228,GR-0008228,MAT-00384,SUP-0038,2025-12-17,60,1,16666,DEF_SURFACE,CONCESSION,INSP-124
QC-0008229,GR-0008229,MAT-00355,SUP-0067,2025-11-26,34,4,117647,DEF_CONTAMINATION,REJECTED,INSP-105
QC-0008230,GR-0008230,MAT-00358,SUP-0067,2025-11-26,132,27,204545,DEF_CONTAMINATION,REJECTED,INSP-104
QC-0008231,GR-0008231,MAT-00210,SUP-0117,2025-12-15,29,2,68965,DEF_CONTAMINATION,REJECTED,INSP-119
QC-0008232,GR-0008232,MAT-00456,SUP-0008,2025-08-11,28,2,71428,DEF_ELECTRICAL,REJECTED,INSP-119
QC-0008233,GR-0008233,MAT-00363,SUP-0011,2026-02-27,379,20,52770,DEF_DIMENSIONAL,REJECTED,INSP-115
QC-0008234,GR-0008234,MAT-00437,SUP-0094,2025-11-30,701,1,1426,DEF_CONTAMINATION,CONCESSION,INSP-109
QC-0008235,GR-0008235,MAT-00693,SUP-0094,2025-11-30,533,0,0,,ACCEPTED,INSP-121
QC-0008236,GR-0008236,MAT-00418,SUP-0094,2025-12-03,10,0,0,,ACCEPTED,INSP-117
QC-0008237,GR-0008237,MAT-00957,SUP-0094,2025-11-30,13,0,0,,ACCEPTED,INSP-116
QC-0008238,GR-0008238,MAT-00610,SUP-0070,2025-08-06,673,174,258543,DEF_PACKAGING,REJECTED,INSP-111
QC-0008239,GR-0008239,MAT-00890,SUP-0007,2026-02-16,63,6,95238,DEF_SURFACE,REJECTED,INSP-102
QC-0008240,GR-0008240,MAT-00211,SUP-0084,2025-10-18,244,17,69672,DEF_CONTAMINATION,REJECTED,INSP-101
QC-0008241,GR-0008241,MAT-00409,SUP-0085,2025-06-26,10,0,0,,ACCEPTED,INSP-121
QC-0008242,GR-0008242,MAT-00049,SUP-0085,2025-06-24,169,5,29585,DEF_CONTAMINATION,CONCESSION,INSP-109
QC-0008243,GR-0008243,MAT-00089,SUP-0095,2025-06-11,223,4,17937,DEF_SURFACE,CONCESSION,INSP-122
QC-0008244,GR-0008244,MAT-01068,SUP-0095,2025-06-11,195,5,25641,DEF_DIMENSIONAL,CONCESSION,INSP-111
QC-0008245,GR-0008245,MAT-00057,SUP-0089,2025-07-30,650,67,103076,DEF_DIMENSIONAL,REJECTED,INSP-107
QC-0008246,GR-0008246,MAT-00935,SUP-0011,2025-08-31,22,2,90909,DEF_SURFACE,REJECTED,INSP-122
QC-0008247,GR-0008247,MAT-00240,SUP-0011,2025-09-03,18,2,111111,DEF_ELECTRICAL,REJECTED,INSP-117
QC-0008248,GR-0008248,MAT-00832,SUP-0011,2025-09-01,135,12,88888,DEF_CONTAMINATION,REJECTED,INSP-115
QC-0008249,GR-0008249,MAT-00535,SUP-0084,2025-11-04,168,6,35714,DEF_DIMENSIONAL,CONCESSION,INSP-105
QC-0008250,GR-0008250,MAT-00142,SUP-0068,2025-10-23,200,2,10000,DEF_PACKAGING,CONCESSION,INSP-106
QC-0008251,GR-0008251,MAT-00022,SUP-0068,2025-10-23,35,0,0,,ACCEPTED,INSP-112
QC-0008252,GR-0008252,MAT-00506,SUP-0068,2025-10-23,350,12,34285,DEF_CONTAMINATION,CONCESSION,INSP-115
QC-0008253,GR-0008253,MAT-00312,SUP-0068,2025-10-22,16,0,0,,ACCEPTED,INSP-110
QC-0008254,GR-0008254,MAT-01130,SUP-0028,2026-02-24,144,20,138888,DEF_ELECTRICAL,REJECTED,INSP-107
QC-0008255,GR-0008255,MAT-00172,SUP-0028,2026-02-27,24,1,41666,DEF_CONTAMINATION,REJECTED,INSP-118
QC-0008256,GR-0008256,MAT-00003,SUP-0028,2026-02-22,14,1,71428,DEF_METALLURGY,REJECTED,INSP-103
QC-0008257,GR-0008257,MAT-00507,SUP-0041,2025-11-17,639,52,81377,DEF_CONTAMINATION,REJECTED,INSP-121
QC-0008258,GR-0008258,MAT-00971,SUP-0089,2025-07-20,523,51,97514,DEF_CONTAMINATION,REJECTED,INSP-124
QC-0008259,GR-0008259,MAT-00287,SUP-0115,2025-09-18,36,4,111111,DEF_CONTAMINATION,REJECTED,INSP-101
QC-0008260,GR-0008260,MAT-00613,SUP-0060,2025-12-13,629,43,68362,DEF_PACKAGING,REJECTED,INSP-104
QC-0008261,GR-0008261,MAT-00168,SUP-0029,2025-07-17,10,1,100000,DEF_METALLURGY,REJECTED,INSP-123
QC-0008262,GR-0008262,MAT-00574,SUP-0065,2026-01-16,10,0,0,,ACCEPTED,INSP-104
QC-0008263,GR-0008263,MAT-00792,SUP-0048,2025-12-27,44,3,68181,DEF_PACKAGING,REJECTED,INSP-114
QC-0008264,GR-0008264,MAT-00429,SUP-0048,2025-12-19,359,18,50139,DEF_ELECTRICAL,REJECTED,INSP-125
QC-0008265,GR-0008265,MAT-00655,SUP-0006,2026-01-20,239,7,29288,DEF_SURFACE,CONCESSION,INSP-108
QC-0008266,GR-0008266,MAT-00008,SUP-0045,2026-04-14,18,0,0,,ACCEPTED,INSP-123
QC-0008267,GR-0008267,MAT-00989,SUP-0093,2025-09-24,312,66,211538,DEF_DIMENSIONAL,REJECTED,INSP-120
QC-0008268,GR-0008268,MAT-00838,SUP-0093,2025-09-24,23,1,43478,DEF_PACKAGING,REJECTED,INSP-114
QC-0008269,GR-0008269,MAT-00227,SUP-0047,2025-06-20,17,0,0,,ACCEPTED,INSP-105
QC-0008270,GR-0008270,MAT-00480,SUP-0019,2025-09-14,30,3,100000,DEF_ELECTRICAL,REJECTED,INSP-108
QC-0008271,GR-0008271,MAT-00903,SUP-0019,2025-09-21,608,69,113486,DEF_METALLURGY,REJECTED,INSP-106
QC-0008272,GR-0008272,MAT-00513,SUP-0019,2025-09-12,58,7,120689,DEF_SURFACE,REJECTED,INSP-121
QC-0008273,GR-0008273,MAT-00711,SUP-0096,2026-04-05,229,12,52401,DEF_PACKAGING,REJECTED,INSP-114
QC-0008274,GR-0008274,MAT-00868,SUP-0038,2026-03-28,50,3,60000,DEF_CONTAMINATION,REJECTED,INSP-123
QC-0008275,GR-0008275,MAT-00582,SUP-0047,2025-06-09,28,0,0,,ACCEPTED,INSP-116
QC-0008276,GR-0008276,MAT-00079,SUP-0047,2025-06-10,10,1,100000,DEF_ELECTRICAL,REJECTED,INSP-119
QC-0008277,GR-0008277,MAT-01002,SUP-0047,2025-06-07,82,1,12195,DEF_METALLURGY,CONCESSION,INSP-119
QC-0008278,GR-0008278,MAT-00605,SUP-0097,2025-11-26,461,37,80260,DEF_DIMENSIONAL,REJECTED,INSP-120
QC-0008279,GR-0008279,MAT-00343,SUP-0097,2025-11-28,348,29,83333,DEF_METALLURGY,REJECTED,INSP-108
QC-0008280,GR-0008280,MAT-00709,SUP-0056,2025-03-07,10,1,100000,DEF_PACKAGING,REJECTED,INSP-110
QC-0008281,GR-0008281,MAT-00432,SUP-0053,2025-11-27,231,29,125541,DEF_PACKAGING,REJECTED,INSP-112
QC-0008282,GR-0008282,MAT-01066,SUP-0027,2025-05-03,164,13,79268,DEF_PACKAGING,REJECTED,INSP-108
QC-0008283,GR-0008283,MAT-00453,SUP-0074,2025-12-15,41,2,48780,DEF_SURFACE,REJECTED,INSP-105
QC-0008284,GR-0008284,MAT-00914,SUP-0074,2025-12-11,30,3,100000,DEF_DIMENSIONAL,REJECTED,INSP-125
QC-0008285,GR-0008285,MAT-00811,SUP-0074,2025-12-13,533,37,69418,DEF_DIMENSIONAL,REJECTED,INSP-120
QC-0008286,GR-0008286,MAT-00016,SUP-0074,2025-12-11,26,2,76923,DEF_DIMENSIONAL,REJECTED,INSP-120
QC-0008287,GR-0008287,MAT-01061,SUP-0101,2025-10-13,10,1,100000,DEF_DIMENSIONAL,REJECTED,INSP-115
QC-0008288,GR-0008288,MAT-00020,SUP-0049,2025-11-16,293,21,71672,DEF_DIMENSIONAL,REJECTED,INSP-123
QC-0008289,GR-0008289,MAT-00288,SUP-0049,2025-11-18,10,0,0,,ACCEPTED,INSP-125
QC-0008290,GR-0008290,MAT-00169,SUP-0117,2026-01-05,265,20,75471,DEF_PACKAGING,REJECTED,INSP-119
QC-0008291,GR-0008291,MAT-00431,SUP-0096,2026-01-08,338,28,82840,DEF_METALLURGY,REJECTED,INSP-111
QC-0008292,GR-0008292,MAT-00843,SUP-0079,2025-11-14,121,10,82644,DEF_CONTAMINATION,REJECTED,INSP-105
QC-0008293,GR-0008293,MAT-00387,SUP-0076,2026-03-28,35,7,200000,DEF_CONTAMINATION,REJECTED,INSP-122
QC-0008294,GR-0008294,MAT-00146,SUP-0076,2026-03-22,46,4,86956,DEF_PACKAGING,REJECTED,INSP-106
QC-0008295,GR-0008295,MAT-00983,SUP-0024,2026-04-09,68,3,44117,DEF_SURFACE,REJECTED,INSP-115
QC-0008296,GR-0008296,MAT-00602,SUP-0024,2026-04-05,31,2,64516,DEF_METALLURGY,REJECTED,INSP-101
QC-0008297,GR-0008297,MAT-00657,SUP-0104,2025-07-02,13,0,0,,ACCEPTED,INSP-123
QC-0008298,GR-0008298,MAT-00646,SUP-0016,2025-12-08,53,6,113207,DEF_PACKAGING,REJECTED,INSP-114
QC-0008299,GR-0008299,MAT-01076,SUP-0079,2025-09-17,28,3,107142,DEF_ELECTRICAL,REJECTED,INSP-105
QC-0008300,GR-0008300,MAT-00614,SUP-0019,2025-04-21,30,2,66666,DEF_DIMENSIONAL,REJECTED,INSP-111
QC-0008301,GR-0008301,MAT-00231,SUP-0108,2026-01-20,423,39,92198,DEF_SURFACE,REJECTED,INSP-110
QC-0008302,GR-0008302,MAT-00730,SUP-0108,2026-01-21,278,29,104316,DEF_ELECTRICAL,REJECTED,INSP-113
QC-0008303,GR-0008303,MAT-00531,SUP-0006,2026-03-13,306,3,9803,DEF_ELECTRICAL,CONCESSION,INSP-109
QC-0008304,GR-0008304,MAT-00065,SUP-0006,2026-03-14,17,0,0,,ACCEPTED,INSP-107
QC-0008305,GR-0008305,MAT-00878,SUP-0006,2026-03-12,93,4,43010,DEF_PACKAGING,REJECTED,INSP-119
QC-0008306,GR-0008306,MAT-00554,SUP-0040,2025-07-24,353,41,116147,DEF_METALLURGY,REJECTED,INSP-120
QC-0008307,GR-0008307,MAT-00869,SUP-0040,2025-07-26,10,2,200000,DEF_METALLURGY,REJECTED,INSP-115
QC-0008308,GR-0008308,MAT-00561,SUP-0040,2025-07-20,367,44,119891,DEF_DIMENSIONAL,REJECTED,INSP-109
QC-0008309,GR-0008309,MAT-00036,SUP-0040,2025-07-22,106,8,75471,DEF_CONTAMINATION,REJECTED,INSP-102
QC-0008310,GR-0008310,MAT-00463,SUP-0081,2026-03-20,17,2,117647,DEF_METALLURGY,REJECTED,INSP-112
QC-0008311,GR-0008311,MAT-00847,SUP-0097,2026-04-04,345,17,49275,DEF_SURFACE,REJECTED,INSP-123
QC-0008312,GR-0008312,MAT-00678,SUP-0097,2026-04-01,107,4,37383,DEF_METALLURGY,CONCESSION,INSP-104
QC-0008313,GR-0008313,MAT-01090,SUP-0022,2026-04-13,16,1,62500,DEF_SURFACE,REJECTED,INSP-110
QC-0008314,GR-0008314,MAT-00614,SUP-0022,2026-04-10,44,0,0,,ACCEPTED,INSP-107
QC-0008315,GR-0008315,MAT-00075,SUP-0022,2026-04-11,17,0,0,,ACCEPTED,INSP-101
QC-0008316,GR-0008316,MAT-01123,SUP-0112,2026-04-05,10,0,0,,ACCEPTED,INSP-101
QC-0008317,GR-0008317,MAT-00783,SUP-0058,2025-10-04,136,12,88235,DEF_METALLURGY,REJECTED,INSP-101
QC-0008318,GR-0008318,MAT-00307,SUP-0058,2025-10-05,186,6,32258,DEF_PACKAGING,CONCESSION,INSP-103
QC-0008319,GR-0008319,MAT-00338,SUP-0012,2025-12-06,43,5,116279,DEF_DIMENSIONAL,REJECTED,INSP-124
QC-0008320,GR-0008320,MAT-00437,SUP-0094,2025-04-20,284,0,0,,ACCEPTED,INSP-115
QC-0008321,GR-0008321,MAT-00165,SUP-0114,2025-04-24,16,4,250000,DEF_DIMENSIONAL,REJECTED,INSP-113
QC-0008322,GR-0008322,MAT-00918,SUP-0081,2026-02-19,93,15,161290,DEF_SURFACE,REJECTED,INSP-111
QC-0008323,GR-0008323,MAT-00178,SUP-0012,2025-11-07,10,0,0,,ACCEPTED,INSP-117
QC-0008324,GR-0008324,MAT-01124,SUP-0020,2025-09-02,720,82,113888,DEF_METALLURGY,REJECTED,INSP-121
QC-0008325,GR-0008325,MAT-00169,SUP-0117,2025-08-06,215,12,55813,DEF_METALLURGY,REJECTED,INSP-103
QC-0008326,GR-0008326,MAT-00159,SUP-0039,2025-02-04,11,0,0,,ACCEPTED,INSP-109
QC-0008327,GR-0008327,MAT-00653,SUP-0039,2025-02-02,135,12,88888,DEF_PACKAGING,REJECTED,INSP-103
QC-0008328,GR-0008328,MAT-00249,SUP-0041,2026-03-07,168,16,95238,DEF_PACKAGING,REJECTED,INSP-104
QC-0008329,GR-0008329,MAT-00291,SUP-0059,2025-07-07,741,107,144399,DEF_SURFACE,REJECTED,INSP-117
QC-0008330,GR-0008330,MAT-00341,SUP-0028,2025-08-04,109,6,55045,DEF_PACKAGING,REJECTED,INSP-123
QC-0008331,GR-0008331,MAT-00484,SUP-0098,2025-10-29,101,15,148514,DEF_CONTAMINATION,REJECTED,INSP-101
QC-0008332,GR-0008332,MAT-01161,SUP-0104,2025-12-06,24,4,166666,DEF_ELECTRICAL,REJECTED,INSP-120
QC-0008333,GR-0008333,MAT-00368,SUP-0104,2025-11-28,303,19,62706,DEF_SURFACE,REJECTED,INSP-111
QC-0008334,GR-0008334,MAT-00075,SUP-0040,2025-10-08,27,6,222222,DEF_SURFACE,REJECTED,INSP-106
QC-0008335,GR-0008335,MAT-01167,SUP-0061,2025-09-18,105,1,9523,DEF_DIMENSIONAL,CONCESSION,INSP-107
QC-0008336,GR-0008336,MAT-00686,SUP-0061,2025-09-18,10,0,0,,ACCEPTED,INSP-119
QC-0008337,GR-0008337,MAT-00147,SUP-0061,2025-09-22,10,0,0,,ACCEPTED,INSP-117
QC-0008338,GR-0008338,MAT-00920,SUP-0110,2026-01-05,64,4,62500,DEF_METALLURGY,REJECTED,INSP-124
QC-0008339,GR-0008339,MAT-00794,SUP-0110,2025-12-29,15,0,0,,ACCEPTED,INSP-105
QC-0008340,GR-0008340,MAT-01082,SUP-0019,2025-03-27,225,20,88888,DEF_CONTAMINATION,REJECTED,INSP-118
QC-0008341,GR-0008341,MAT-01092,SUP-0019,2025-03-28,112,9,80357,DEF_ELECTRICAL,REJECTED,INSP-122
QC-0008342,GR-0008342,MAT-00994,SUP-0083,2025-11-13,159,17,106918,DEF_ELECTRICAL,REJECTED,INSP-108
QC-0008343,GR-0008343,MAT-01062,SUP-0083,2025-11-07,56,2,35714,DEF_PACKAGING,CONCESSION,INSP-122
QC-0008344,GR-0008344,MAT-00579,SUP-0083,2025-11-15,195,8,41025,DEF_METALLURGY,REJECTED,INSP-119
QC-0008345,GR-0008345,MAT-00360,SUP-0066,2026-03-25,10,0,0,,ACCEPTED,INSP-111
QC-0008346,GR-0008346,MAT-00419,SUP-0066,2026-03-23,60,4,66666,DEF_ELECTRICAL,REJECTED,INSP-105
QC-0008347,GR-0008347,MAT-00087,SUP-0062,2025-09-27,12,2,166666,DEF_PACKAGING,REJECTED,INSP-104
QC-0008348,GR-0008348,MAT-00554,SUP-0040,2025-06-12,361,33,91412,DEF_ELECTRICAL,REJECTED,INSP-123
QC-0008349,GR-0008349,MAT-01062,SUP-0007,2026-02-12,68,7,102941,DEF_METALLURGY,REJECTED,INSP-111
QC-0008350,GR-0008350,MAT-00886,SUP-0081,2026-01-12,16,0,0,,ACCEPTED,INSP-106
QC-0008351,GR-0008351,MAT-01010,SUP-0029,2025-12-27,55,8,145454,DEF_CONTAMINATION,REJECTED,INSP-107
QC-0008352,GR-0008352,MAT-00091,SUP-0018,2025-07-10,482,43,89211,DEF_ELECTRICAL,REJECTED,INSP-123
QC-0008353,GR-0008353,MAT-00848,SUP-0006,2025-12-29,58,3,51724,DEF_METALLURGY,REJECTED,INSP-111
QC-0008354,GR-0008354,MAT-00629,SUP-0007,2025-08-16,10,3,300000,DEF_DIMENSIONAL,REJECTED,INSP-111
QC-0008355,GR-0008355,MAT-00801,SUP-0007,2025-08-12,35,5,142857,DEF_CONTAMINATION,REJECTED,INSP-112
QC-0008356,GR-0008356,MAT-01169,SUP-0119,2025-12-09,61,3,49180,DEF_METALLURGY,REJECTED,INSP-122
QC-0008357,GR-0008357,MAT-00814,SUP-0063,2025-12-27,15,3,200000,DEF_ELECTRICAL,REJECTED,INSP-119
QC-0008358,GR-0008358,MAT-00585,SUP-0063,2025-12-31,185,15,81081,DEF_ELECTRICAL,REJECTED,INSP-120
QC-0008359,GR-0008359,MAT-00388,SUP-0063,2025-12-29,16,0,0,,ACCEPTED,INSP-123
QC-0008360,GR-0008360,MAT-01096,SUP-0059,2025-10-25,13,2,153846,DEF_DIMENSIONAL,REJECTED,INSP-123
QC-0008361,GR-0008361,MAT-01116,SUP-0095,2026-03-11,54,1,18518,DEF_DIMENSIONAL,CONCESSION,INSP-103
QC-0008362,GR-0008362,MAT-00301,SUP-0003,2026-02-02,10,2,200000,DEF_PACKAGING,REJECTED,INSP-115
QC-0008363,GR-0008363,MAT-00651,SUP-0022,2025-05-21,150,5,33333,DEF_SURFACE,CONCESSION,INSP-113
QC-0008364,GR-0008364,MAT-00801,SUP-0078,2025-06-20,31,0,0,,ACCEPTED,INSP-101
QC-0008365,GR-0008365,MAT-00288,SUP-0078,2025-06-12,16,0,0,,ACCEPTED,INSP-120
QC-0008366,GR-0008366,MAT-01008,SUP-0024,2025-07-09,121,7,57851,DEF_CONTAMINATION,REJECTED,INSP-104
QC-0008367,GR-0008367,MAT-01166,SUP-0019,2025-07-18,358,30,83798,DEF_SURFACE,REJECTED,INSP-119
QC-0008368,GR-0008368,MAT-00015,SUP-0019,2025-07-11,19,3,157894,DEF_CONTAMINATION,REJECTED,INSP-123
QC-0008369,GR-0008369,MAT-00266,SUP-0105,2025-11-21,68,1,14705,DEF_PACKAGING,CONCESSION,INSP-112
QC-0008370,GR-0008370,MAT-00030,SUP-0041,2025-10-14,144,6,41666,DEF_METALLURGY,REJECTED,INSP-124
QC-0008371,GR-0008371,MAT-01132,SUP-0041,2025-10-14,68,4,58823,DEF_DIMENSIONAL,REJECTED,INSP-121
QC-0008372,GR-0008372,MAT-00102,SUP-0041,2025-10-15,704,73,103693,DEF_CONTAMINATION,REJECTED,INSP-123
QC-0008373,GR-0008373,MAT-00968,SUP-0032,2026-01-13,241,16,66390,DEF_CONTAMINATION,REJECTED,INSP-124
QC-0008374,GR-0008374,MAT-00319,SUP-0018,2025-07-01,201,12,59701,DEF_DIMENSIONAL,REJECTED,INSP-125
QC-0008375,GR-0008375,MAT-00640,SUP-0082,2025-12-22,10,2,200000,DEF_METALLURGY,REJECTED,INSP-111
QC-0008376,GR-0008376,MAT-01124,SUP-0082,2025-12-18,158,24,151898,DEF_PACKAGING,REJECTED,INSP-116
QC-0008377,GR-0008377,MAT-00040,SUP-0060,2025-09-14,55,5,90909,DEF_ELECTRICAL,REJECTED,INSP-119
QC-0008378,GR-0008378,MAT-00934,SUP-0060,2025-09-15,29,3,103448,DEF_CONTAMINATION,REJECTED,INSP-114
QC-0008379,GR-0008379,MAT-00407,SUP-0060,2025-09-14,35,2,57142,DEF_DIMENSIONAL,REJECTED,INSP-102
QC-0008380,GR-0008380,MAT-00829,SUP-0080,2026-04-15,449,32,71269,DEF_PACKAGING,REJECTED,INSP-113
QC-0008381,GR-0008381,MAT-00848,SUP-0006,2025-04-09,40,2,50000,DEF_METALLURGY,REJECTED,INSP-104
QC-0008382,GR-0008382,MAT-00655,SUP-0006,2025-04-12,235,4,17021,DEF_DIMENSIONAL,CONCESSION,INSP-115
QC-0008383,GR-0008383,MAT-01035,SUP-0006,2025-04-11,108,5,46296,DEF_DIMENSIONAL,REJECTED,INSP-119
QC-0008384,GR-0008384,MAT-00310,SUP-0096,2026-03-10,13,0,0,,ACCEPTED,INSP-117
QC-0008385,GR-0008385,MAT-01034,SUP-0043,2025-09-18,18,5,277777,DEF_ELECTRICAL,REJECTED,INSP-116
QC-0008386,GR-0008386,MAT-00080,SUP-0087,2026-02-13,29,3,103448,DEF_SURFACE,REJECTED,INSP-111
QC-0008387,GR-0008387,MAT-01098,SUP-0091,2025-12-02,10,0,0,,ACCEPTED,INSP-122
QC-0008388,GR-0008388,MAT-00509,SUP-0107,2025-09-12,165,8,48484,DEF_SURFACE,REJECTED,INSP-118
QC-0008389,GR-0008389,MAT-01016,SUP-0107,2025-09-13,11,0,0,,ACCEPTED,INSP-106
QC-0008390,GR-0008390,MAT-01125,SUP-0090,2025-10-20,13,0,0,,ACCEPTED,INSP-110
QC-0008391,GR-0008391,MAT-00268,SUP-0024,2025-05-02,343,20,58309,DEF_PACKAGING,REJECTED,INSP-122
QC-0008392,GR-0008392,MAT-00095,SUP-0102,2026-01-19,18,0,0,,ACCEPTED,INSP-125
QC-0008393,GR-0008393,MAT-00323,SUP-0023,2025-11-01,11,0,0,,ACCEPTED,INSP-121
QC-0008394,GR-0008394,MAT-00876,SUP-0093,2025-09-18,14,4,285714,DEF_DIMENSIONAL,REJECTED,INSP-113
QC-0008395,GR-0008395,MAT-00041,SUP-0010,2025-12-04,62,3,48387,DEF_DIMENSIONAL,REJECTED,INSP-118
QC-0008396,GR-0008396,MAT-00060,SUP-0063,2026-02-05,276,29,105072,DEF_DIMENSIONAL,REJECTED,INSP-109
QC-0008397,GR-0008397,MAT-00793,SUP-0063,2026-02-10,178,21,117977,DEF_PACKAGING,REJECTED,INSP-103
QC-0008398,GR-0008398,MAT-00238,SUP-0103,2025-06-13,345,55,159420,DEF_METALLURGY,REJECTED,INSP-101
QC-0008399,GR-0008399,MAT-00244,SUP-0103,2025-06-12,16,3,187500,DEF_SURFACE,REJECTED,INSP-101
QC-0008400,GR-0008400,MAT-00312,SUP-0103,2025-06-11,17,3,176470,DEF_CONTAMINATION,REJECTED,INSP-123
QC-0008401,GR-0008401,MAT-01035,SUP-0042,2025-08-02,357,28,78431,DEF_METALLURGY,REJECTED,INSP-118
QC-0008402,GR-0008402,MAT-00747,SUP-0042,2025-08-05,10,0,0,,ACCEPTED,INSP-109
QC-0008403,GR-0008403,MAT-01155,SUP-0042,2025-08-03,16,1,62500,DEF_SURFACE,REJECTED,INSP-124
QC-0008404,GR-0008404,MAT-00089,SUP-0095,2025-08-05,426,9,21126,DEF_DIMENSIONAL,CONCESSION,INSP-125
QC-0008405,GR-0008405,MAT-00030,SUP-0041,2026-02-05,109,6,55045,DEF_METALLURGY,REJECTED,INSP-109
QC-0008406,GR-0008406,MAT-00045,SUP-0041,2026-02-06,683,73,106881,DEF_CONTAMINATION,REJECTED,INSP-111
QC-0008407,GR-0008407,MAT-00902,SUP-0063,2025-08-12,61,7,114754,DEF_METALLURGY,REJECTED,INSP-101
QC-0008408,GR-0008408,MAT-01070,SUP-0011,2025-12-26,265,25,94339,DEF_CONTAMINATION,REJECTED,INSP-111
QC-0008409,GR-0008409,MAT-01131,SUP-0062,2025-08-21,10,0,0,,ACCEPTED,INSP-125
QC-0008410,GR-0008410,MAT-00977,SUP-0094,2026-03-11,16,0,0,,ACCEPTED,INSP-123
QC-0008411,GR-0008411,MAT-00286,SUP-0094,2026-03-10,268,1,3731,DEF_SURFACE,CONCESSION,INSP-107
QC-0008412,GR-0008412,MAT-00049,SUP-0094,2026-03-09,205,1,4878,DEF_CONTAMINATION,CONCESSION,INSP-101
QC-0008413,GR-0008413,MAT-00110,SUP-0107,2025-11-24,17,2,117647,DEF_METALLURGY,REJECTED,INSP-119
QC-0008414,GR-0008414,MAT-00197,SUP-0077,2025-10-08,31,5,161290,DEF_ELECTRICAL,REJECTED,INSP-115
QC-0008415,GR-0008415,MAT-00624,SUP-0009,2025-09-24,13,0,0,,ACCEPTED,INSP-122
QC-0008416,GR-0008416,MAT-00927,SUP-0009,2025-09-30,587,116,197614,DEF_METALLURGY,REJECTED,INSP-122
QC-0008417,GR-0008417,MAT-00862,SUP-0009,2025-09-28,26,5,192307,DEF_DIMENSIONAL,REJECTED,INSP-111
QC-0008418,GR-0008418,MAT-00477,SUP-0087,2025-04-28,10,0,0,,ACCEPTED,INSP-123
QC-0008419,GR-0008419,MAT-00091,SUP-0087,2025-04-25,549,14,25500,DEF_PACKAGING,CONCESSION,INSP-113
QC-0008420,GR-0008420,MAT-00695,SUP-0087,2025-04-24,10,0,0,,ACCEPTED,INSP-121
QC-0008421,GR-0008421,MAT-00167,SUP-0046,2025-09-17,241,15,62240,DEF_ELECTRICAL,REJECTED,INSP-109
QC-0008422,GR-0008422,MAT-00007,SUP-0046,2025-09-16,33,0,0,,ACCEPTED,INSP-123
QC-0008423,GR-0008423,MAT-00881,SUP-0046,2025-09-18,22,4,181818,DEF_PACKAGING,REJECTED,INSP-105
QC-0008424,GR-0008424,MAT-00312,SUP-0046,2025-09-18,10,0,0,,ACCEPTED,INSP-120
QC-0008425,GR-0008425,MAT-01097,SUP-0095,2026-01-06,542,15,27675,DEF_METALLURGY,CONCESSION,INSP-121
QC-0008426,GR-0008426,MAT-00516,SUP-0095,2026-01-06,153,7,45751,DEF_METALLURGY,REJECTED,INSP-119
QC-0008427,GR-0008427,MAT-00908,SUP-0095,2026-01-05,70,2,28571,DEF_METALLURGY,CONCESSION,INSP-106
QC-0008428,GR-0008428,MAT-00488,SUP-0095,2026-01-05,10,0,0,,ACCEPTED,INSP-110
QC-0008429,GR-0008429,MAT-00361,SUP-0092,2025-12-10,87,6,68965,DEF_ELECTRICAL,REJECTED,INSP-114
QC-0008430,GR-0008430,MAT-01130,SUP-0092,2025-12-08,88,5,56818,DEF_DIMENSIONAL,REJECTED,INSP-125
QC-0008431,GR-0008431,MAT-00122,SUP-0092,2025-12-14,66,1,15151,DEF_ELECTRICAL,CONCESSION,INSP-118
QC-0008432,GR-0008432,MAT-00609,SUP-0083,2025-10-30,138,11,79710,DEF_ELECTRICAL,REJECTED,INSP-101
QC-0008433,GR-0008433,MAT-00378,SUP-0012,2026-01-27,559,58,103756,DEF_METALLURGY,REJECTED,INSP-109
QC-0008434,GR-0008434,MAT-00204,SUP-0111,2025-12-11,10,1,100000,DEF_PACKAGING,REJECTED,INSP-119
QC-0008435,GR-0008435,MAT-00544,SUP-0029,2025-12-19,142,14,98591,DEF_SURFACE,REJECTED,INSP-121
QC-0008436,GR-0008436,MAT-00038,SUP-0016,2025-09-13,15,0,0,,ACCEPTED,INSP-114
QC-0008437,GR-0008437,MAT-00863,SUP-0016,2025-09-15,132,6,45454,DEF_ELECTRICAL,REJECTED,INSP-116
QC-0008438,GR-0008438,MAT-00205,SUP-0018,2025-11-22,103,13,126213,DEF_DIMENSIONAL,REJECTED,INSP-111
QC-0008439,GR-0008439,MAT-00495,SUP-0018,2025-11-21,16,0,0,,ACCEPTED,INSP-116
QC-0008440,GR-0008440,MAT-01157,SUP-0018,2025-11-06,111,5,45045,DEF_PACKAGING,REJECTED,INSP-113
QC-0008441,GR-0008441,MAT-00359,SUP-0092,2025-11-25,294,19,64625,DEF_METALLURGY,REJECTED,INSP-122
QC-0008442,GR-0008442,MAT-00951,SUP-0092,2025-11-18,166,9,54216,DEF_DIMENSIONAL,REJECTED,INSP-114
QC-0008443,GR-0008443,MAT-00657,SUP-0104,2026-02-03,31,1,32258,DEF_CONTAMINATION,CONCESSION,INSP-123
QC-0008444,GR-0008444,MAT-00048,SUP-0012,2025-09-19,32,8,250000,DEF_DIMENSIONAL,REJECTED,INSP-124
QC-0008445,GR-0008445,MAT-00685,SUP-0012,2025-09-20,16,4,250000,DEF_SURFACE,REJECTED,INSP-122
QC-0008446,GR-0008446,MAT-00172,SUP-0051,2025-04-27,11,3,272727,DEF_CONTAMINATION,REJECTED,INSP-117
QC-0008447,GR-0008447,MAT-01000,SUP-0006,2025-12-03,52,1,19230,DEF_CONTAMINATION,CONCESSION,INSP-123
QC-0008448,GR-0008448,MAT-00078,SUP-0001,2025-09-03,82,29,353658,DEF_ELECTRICAL,REJECTED,INSP-110
QC-0008449,GR-0008449,MAT-00286,SUP-0002,2026-02-08,684,89,130116,DEF_CONTAMINATION,REJECTED,INSP-119
QC-0008450,GR-0008450,MAT-00309,SUP-0103,2025-08-31,73,5,68493,DEF_ELECTRICAL,REJECTED,INSP-123
QC-0008451,GR-0008451,MAT-00752,SUP-0052,2026-04-03,48,6,125000,DEF_DIMENSIONAL,REJECTED,INSP-104
QC-0008452,GR-0008452,MAT-00387,SUP-0052,2026-04-01,29,1,34482,DEF_SURFACE,CONCESSION,INSP-105
QC-0008453,GR-0008453,MAT-00474,SUP-0052,2026-04-01,11,1,90909,DEF_DIMENSIONAL,REJECTED,INSP-115
QC-0008454,GR-0008454,MAT-00449,SUP-0048,2026-02-06,24,1,41666,DEF_CONTAMINATION,REJECTED,INSP-124
QC-0008455,GR-0008455,MAT-01048,SUP-0043,2025-11-19,103,6,58252,DEF_METALLURGY,REJECTED,INSP-125
QC-0008456,GR-0008456,MAT-00042,SUP-0065,2026-03-26,14,1,71428,DEF_DIMENSIONAL,REJECTED,INSP-101
QC-0008457,GR-0008457,MAT-00186,SUP-0065,2026-03-22,139,19,136690,DEF_ELECTRICAL,REJECTED,INSP-120
QC-0008458,GR-0008458,MAT-00614,SUP-0019,2025-11-25,43,2,46511,DEF_ELECTRICAL,REJECTED,INSP-101
QC-0008459,GR-0008459,MAT-00895,SUP-0019,2025-11-25,125,18,144000,DEF_METALLURGY,REJECTED,INSP-116
QC-0008460,GR-0008460,MAT-00853,SUP-0019,2025-11-21,17,1,58823,DEF_ELECTRICAL,REJECTED,INSP-101
QC-0008461,GR-0008461,MAT-00517,SUP-0019,2025-11-27,45,3,66666,DEF_ELECTRICAL,REJECTED,INSP-114
QC-0008462,GR-0008462,MAT-00590,SUP-0101,2025-10-19,76,9,118421,DEF_ELECTRICAL,REJECTED,INSP-115
QC-0008463,GR-0008463,MAT-00981,SUP-0112,2025-11-20,68,4,58823,DEF_SURFACE,REJECTED,INSP-113
QC-0008464,GR-0008464,MAT-01136,SUP-0074,2025-12-19,718,56,77994,DEF_DIMENSIONAL,REJECTED,INSP-110
QC-0008465,GR-0008465,MAT-00175,SUP-0031,2025-09-13,476,96,201680,DEF_CONTAMINATION,REJECTED,INSP-120
QC-0008466,GR-0008466,MAT-00993,SUP-0031,2025-09-08,223,47,210762,DEF_SURFACE,REJECTED,INSP-124
QC-0008467,GR-0008467,MAT-00780,SUP-0012,2026-04-03,63,10,158730,DEF_PACKAGING,REJECTED,INSP-110
QC-0008468,GR-0008468,MAT-01065,SUP-0048,2026-01-29,347,15,43227,DEF_CONTAMINATION,REJECTED,INSP-103
QC-0008469,GR-0008469,MAT-01113,SUP-0048,2026-01-28,416,24,57692,DEF_PACKAGING,REJECTED,INSP-102
QC-0008470,GR-0008470,MAT-00108,SUP-0062,2026-01-25,242,25,103305,DEF_PACKAGING,REJECTED,INSP-105
QC-0008471,GR-0008471,MAT-00260,SUP-0110,2025-05-27,67,7,104477,DEF_PACKAGING,REJECTED,INSP-117
QC-0008472,GR-0008472,MAT-00288,SUP-0030,2026-01-17,10,3,300000,DEF_ELECTRICAL,REJECTED,INSP-107
QC-0008473,GR-0008473,MAT-00663,SUP-0042,2025-07-03,62,4,64516,DEF_SURFACE,REJECTED,INSP-104
QC-0008474,GR-0008474,MAT-00508,SUP-0042,2025-07-05,10,0,0,,ACCEPTED,INSP-121
QC-0008475,GR-0008475,MAT-01040,SUP-0042,2025-06-28,10,0,0,,ACCEPTED,INSP-111
QC-0008476,GR-0008476,MAT-00726,SUP-0110,2025-05-13,155,11,70967,DEF_METALLURGY,REJECTED,INSP-116
QC-0008477,GR-0008477,MAT-00519,SUP-0110,2025-05-18,10,2,200000,DEF_SURFACE,REJECTED,INSP-102
QC-0008478,GR-0008478,MAT-01058,SUP-0105,2025-12-06,162,4,24691,DEF_PACKAGING,CONCESSION,INSP-121
QC-0008479,GR-0008479,MAT-01185,SUP-0105,2025-12-09,10,0,0,,ACCEPTED,INSP-122
QC-0008480,GR-0008480,MAT-01174,SUP-0055,2025-10-24,55,1,18181,DEF_CONTAMINATION,CONCESSION,INSP-118
QC-0008481,GR-0008481,MAT-00136,SUP-0030,2026-01-07,12,3,250000,DEF_ELECTRICAL,REJECTED,INSP-103
QC-0008482,GR-0008482,MAT-00147,SUP-0004,2025-06-20,15,2,133333,DEF_PACKAGING,REJECTED,INSP-124
QC-0008483,GR-0008483,MAT-00388,SUP-0042,2025-11-15,10,1,100000,DEF_ELECTRICAL,REJECTED,INSP-102
QC-0008484,GR-0008484,MAT-00711,SUP-0042,2025-11-11,602,44,73089,DEF_PACKAGING,REJECTED,INSP-118
QC-0008485,GR-0008485,MAT-00801,SUP-0042,2025-11-14,13,0,0,,ACCEPTED,INSP-108
QC-0008486,GR-0008486,MAT-01126,SUP-0066,2025-07-29,361,30,83102,DEF_ELECTRICAL,REJECTED,INSP-123
QC-0008487,GR-0008487,MAT-00931,SUP-0066,2025-07-24,137,14,102189,DEF_ELECTRICAL,REJECTED,INSP-112
QC-0008488,GR-0008488,MAT-01144,SUP-0066,2025-07-21,91,14,153846,DEF_METALLURGY,REJECTED,INSP-114
QC-0008489,GR-0008489,MAT-00387,SUP-0076,2026-01-12,18,1,55555,DEF_METALLURGY,REJECTED,INSP-118
QC-0008490,GR-0008490,MAT-00216,SUP-0010,2026-01-15,65,3,46153,DEF_CONTAMINATION,REJECTED,INSP-107
QC-0008491,GR-0008491,MAT-00370,SUP-0104,2025-10-13,39,3,76923,DEF_PACKAGING,REJECTED,INSP-116
QC-0008492,GR-0008492,MAT-00715,SUP-0095,2025-06-01,10,0,0,,ACCEPTED,INSP-101
QC-0008493,GR-0008493,MAT-00413,SUP-0079,2025-09-17,10,0,0,,ACCEPTED,INSP-103
QC-0008494,GR-0008494,MAT-00500,SUP-0104,2025-11-27,25,0,0,,ACCEPTED,INSP-112
QC-0008495,GR-0008495,MAT-00674,SUP-0104,2025-11-20,117,11,94017,DEF_METALLURGY,REJECTED,INSP-114
QC-0008496,GR-0008496,MAT-00043,SUP-0104,2025-11-19,152,7,46052,DEF_ELECTRICAL,REJECTED,INSP-107
QC-0008497,GR-0008497,MAT-01105,SUP-0097,2026-01-24,64,3,46875,DEF_DIMENSIONAL,REJECTED,INSP-118
QC-0008498,GR-0008498,MAT-00736,SUP-0109,2025-03-26,174,2,11494,DEF_METALLURGY,CONCESSION,INSP-105
QC-0008499,GR-0008499,MAT-00410,SUP-0073,2026-03-13,58,5,86206,DEF_CONTAMINATION,REJECTED,INSP-109
QC-0008500,GR-0008500,MAT-00820,SUP-0097,2025-12-22,324,20,61728,DEF_METALLURGY,REJECTED,INSP-118
QC-0008501,GR-0008501,MAT-00935,SUP-0011,2025-09-08,26,2,76923,DEF_PACKAGING,REJECTED,INSP-120
QC-0008502,GR-0008502,MAT-00417,SUP-0011,2025-09-10,30,3,100000,DEF_CONTAMINATION,REJECTED,INSP-102
QC-0008503,GR-0008503,MAT-00802,SUP-0031,2025-07-06,267,57,213483,DEF_CONTAMINATION,REJECTED,INSP-108
QC-0008504,GR-0008504,MAT-00449,SUP-0031,2025-06-25,21,4,190476,DEF_SURFACE,REJECTED,INSP-120
QC-0008505,GR-0008505,MAT-00689,SUP-0062,2025-07-25,16,0,0,,ACCEPTED,INSP-106
QC-0008506,GR-0008506,MAT-00854,SUP-0062,2025-07-31,115,8,69565,DEF_SURFACE,REJECTED,INSP-104
QC-0008507,GR-0008507,MAT-00324,SUP-0007,2026-01-26,10,1,100000,DEF_DIMENSIONAL,REJECTED,INSP-105
QC-0008508,GR-0008508,MAT-00189,SUP-0112,2025-08-30,117,5,42735,DEF_ELECTRICAL,REJECTED,INSP-105
QC-0008509,GR-0008509,MAT-00938,SUP-0076,2025-06-02,32,4,125000,DEF_METALLURGY,REJECTED,INSP-117
QC-0008510,GR-0008510,MAT-00997,SUP-0076,2025-05-25,109,11,100917,DEF_DIMENSIONAL,REJECTED,INSP-115
QC-0008511,GR-0008511,MAT-00366,SUP-0076,2025-05-31,10,3,300000,DEF_DIMENSIONAL,REJECTED,INSP-119
QC-0008512,GR-0008512,MAT-00574,SUP-0065,2026-02-03,20,1,50000,DEF_SURFACE,REJECTED,INSP-111
QC-0008513,GR-0008513,MAT-00794,SUP-0065,2026-02-03,25,4,160000,DEF_DIMENSIONAL,REJECTED,INSP-115
QC-0008514,GR-0008514,MAT-00935,SUP-0065,2026-02-08,25,4,160000,DEF_DIMENSIONAL,REJECTED,INSP-117
QC-0008515,GR-0008515,MAT-00892,SUP-0065,2026-02-05,11,2,181818,DEF_CONTAMINATION,REJECTED,INSP-110
QC-0008516,GR-0008516,MAT-00817,SUP-0042,2025-12-22,37,1,27027,DEF_METALLURGY,CONCESSION,INSP-116
QC-0008517,GR-0008517,MAT-00822,SUP-0043,2025-10-30,11,1,90909,DEF_DIMENSIONAL,REJECTED,INSP-107
QC-0008518,GR-0008518,MAT-00355,SUP-0067,2025-10-16,24,2,83333,DEF_CONTAMINATION,REJECTED,INSP-104
QC-0008519,GR-0008519,MAT-00157,SUP-0067,2025-10-06,21,2,95238,DEF_PACKAGING,REJECTED,INSP-123
QC-0008520,GR-0008520,MAT-01005,SUP-0067,2025-10-11,602,66,109634,DEF_CONTAMINATION,REJECTED,INSP-102
QC-0008521,GR-0008521,MAT-00748,SUP-0021,2025-08-22,45,0,0,,ACCEPTED,INSP-115
QC-0008522,GR-0008522,MAT-00930,SUP-0116,2026-01-08,16,1,62500,DEF_PACKAGING,REJECTED,INSP-123
QC-0008523,GR-0008523,MAT-01078,SUP-0116,2026-01-05,21,0,0,,ACCEPTED,INSP-109
QC-0008524,GR-0008524,MAT-00844,SUP-0006,2025-07-14,129,3,23255,DEF_METALLURGY,CONCESSION,INSP-124
QC-0008525,GR-0008525,MAT-00535,SUP-0084,2025-12-30,97,7,72164,DEF_CONTAMINATION,REJECTED,INSP-122
QC-0008526,GR-0008526,MAT-00204,SUP-0084,2025-12-26,19,0,0,,ACCEPTED,INSP-114
QC-0008527,GR-0008527,MAT-00843,SUP-0084,2026-01-04,334,14,41916,DEF_DIMENSIONAL,REJECTED,INSP-124
QC-0008528,GR-0008528,MAT-00084,SUP-0110,2025-10-26,169,14,82840,DEF_METALLURGY,REJECTED,INSP-107
QC-0008529,GR-0008529,MAT-00476,SUP-0082,2026-01-01,130,22,169230,DEF_METALLURGY,REJECTED,INSP-120
QC-0008530,GR-0008530,MAT-00790,SUP-0011,2025-09-13,156,11,70512,DEF_PACKAGING,REJECTED,INSP-120
QC-0008531,GR-0008531,MAT-00928,SUP-0096,2026-03-07,24,1,41666,DEF_SURFACE,REJECTED,INSP-106
QC-0008532,GR-0008532,MAT-00234,SUP-0092,2025-11-26,10,1,100000,DEF_PACKAGING,REJECTED,INSP-110
QC-0008533,GR-0008533,MAT-00941,SUP-0092,2025-11-20,33,0,0,,ACCEPTED,INSP-125
QC-0008534,GR-0008534,MAT-00306,SUP-0047,2025-11-30,21,0,0,,ACCEPTED,INSP-102
QC-0008535,GR-0008535,MAT-00025,SUP-0047,2025-12-01,370,3,8108,DEF_DIMENSIONAL,CONCESSION,INSP-102
QC-0008536,GR-0008536,MAT-00990,SUP-0047,2025-12-01,16,0,0,,ACCEPTED,INSP-125
QC-0008537,GR-0008537,MAT-01190,SUP-0099,2025-09-09,99,2,20202,DEF_DIMENSIONAL,CONCESSION,INSP-112
QC-0008538,GR-0008538,MAT-00141,SUP-0096,2025-07-25,24,4,166666,DEF_METALLURGY,REJECTED,INSP-113
QC-0008539,GR-0008539,MAT-00008,SUP-0096,2025-07-29,11,1,90909,DEF_PACKAGING,REJECTED,INSP-123
QC-0008540,GR-0008540,MAT-01149,SUP-0096,2025-07-25,82,2,24390,DEF_PACKAGING,CONCESSION,INSP-117
QC-0008541,GR-0008541,MAT-00350,SUP-0096,2025-05-31,10,0,0,,ACCEPTED,INSP-103
QC-0008542,GR-0008542,MAT-00847,SUP-0097,2026-02-10,417,36,86330,DEF_PACKAGING,REJECTED,INSP-120
QC-0008543,GR-0008543,MAT-00816,SUP-0097,2026-02-09,39,1,25641,DEF_SURFACE,CONCESSION,INSP-109
QC-0008544,GR-0008544,MAT-00376,SUP-0097,2026-02-09,329,28,85106,DEF_SURFACE,REJECTED,INSP-120
QC-0008545,GR-0008545,MAT-00727,SUP-0081,2025-08-20,48,6,125000,DEF_DIMENSIONAL,REJECTED,INSP-112
QC-0008546,GR-0008546,MAT-00412,SUP-0023,2026-01-11,147,1,6802,DEF_SURFACE,CONCESSION,INSP-124
QC-0008547,GR-0008547,MAT-00543,SUP-0023,2026-01-11,10,0,0,,ACCEPTED,INSP-113
QC-0008548,GR-0008548,MAT-01184,SUP-0023,2026-01-13,57,0,0,,ACCEPTED,INSP-112
QC-0008549,GR-0008549,MAT-00384,SUP-0023,2026-01-13,61,2,32786,DEF_METALLURGY,CONCESSION,INSP-112
QC-0008550,GR-0008550,MAT-00160,SUP-0105,2025-10-24,184,3,16304,DEF_CONTAMINATION,CONCESSION,INSP-105
QC-0008551,GR-0008551,MAT-00911,SUP-0105,2025-10-21,36,0,0,,ACCEPTED,INSP-107
QC-0008552,GR-0008552,MAT-00608,SUP-0044,2025-12-09,120,15,125000,DEF_PACKAGING,REJECTED,INSP-125
QC-0008553,GR-0008553,MAT-00537,SUP-0043,2025-12-03,357,30,84033,DEF_SURFACE,REJECTED,INSP-122
QC-0008554,GR-0008554,MAT-00960,SUP-0043,2025-11-25,60,6,100000,DEF_PACKAGING,REJECTED,INSP-109
QC-0008555,GR-0008555,MAT-00274,SUP-0043,2025-12-01,102,4,39215,DEF_PACKAGING,CONCESSION,INSP-107
QC-0008556,GR-0008556,MAT-00796,SUP-0012,2025-10-12,311,22,70739,DEF_CONTAMINATION,REJECTED,INSP-101
QC-0008557,GR-0008557,MAT-00515,SUP-0012,2025-06-04,98,13,132653,DEF_CONTAMINATION,REJECTED,INSP-125
QC-0008558,GR-0008558,MAT-00880,SUP-0012,2025-06-07,19,2,105263,DEF_DIMENSIONAL,REJECTED,INSP-120
QC-0008559,GR-0008559,MAT-00090,SUP-0012,2025-06-02,45,6,133333,DEF_CONTAMINATION,REJECTED,INSP-115
QC-0008560,GR-0008560,MAT-00235,SUP-0062,2025-10-04,245,21,85714,DEF_CONTAMINATION,REJECTED,INSP-124
QC-0008561,GR-0008561,MAT-00963,SUP-0062,2025-10-02,195,18,92307,DEF_SURFACE,REJECTED,INSP-117
QC-0008562,GR-0008562,MAT-00096,SUP-0062,2025-10-05,181,18,99447,DEF_DIMENSIONAL,REJECTED,INSP-110
QC-0008563,GR-0008563,MAT-00328,SUP-0077,2026-01-15,57,3,52631,DEF_METALLURGY,REJECTED,INSP-122
QC-0008564,GR-0008564,MAT-00631,SUP-0086,2026-01-04,35,0,0,,ACCEPTED,INSP-123
QC-0008565,GR-0008565,MAT-00371,SUP-0015,2025-11-06,18,1,55555,DEF_ELECTRICAL,REJECTED,INSP-118
QC-0008566,GR-0008566,MAT-00689,SUP-0062,2025-11-29,29,4,137931,DEF_METALLURGY,REJECTED,INSP-123
QC-0008567,GR-0008567,MAT-00048,SUP-0012,2025-07-31,64,6,93750,DEF_DIMENSIONAL,REJECTED,INSP-105
QC-0008568,GR-0008568,MAT-01182,SUP-0012,2025-08-05,30,3,100000,DEF_CONTAMINATION,REJECTED,INSP-113
QC-0008569,GR-0008569,MAT-00164,SUP-0012,2025-07-29,170,16,94117,DEF_METALLURGY,REJECTED,INSP-118
QC-0008570,GR-0008570,MAT-01166,SUP-0019,2025-08-11,566,58,102473,DEF_PACKAGING,REJECTED,INSP-107
QC-0008571,GR-0008571,MAT-00200,SUP-0104,2025-04-13,486,28,57613,DEF_CONTAMINATION,REJECTED,INSP-105
QC-0008572,GR-0008572,MAT-00864,SUP-0104,2025-04-14,165,16,96969,DEF_DIMENSIONAL,REJECTED,INSP-118
QC-0008573,GR-0008573,MAT-00663,SUP-0042,2026-04-12,129,9,69767,DEF_CONTAMINATION,REJECTED,INSP-110
QC-0008574,GR-0008574,MAT-00988,SUP-0042,2025-08-16,141,10,70921,DEF_METALLURGY,REJECTED,INSP-118
QC-0008575,GR-0008575,MAT-00393,SUP-0042,2025-08-24,576,41,71180,DEF_ELECTRICAL,REJECTED,INSP-103
QC-0008576,GR-0008576,MAT-00204,SUP-0042,2025-08-24,16,2,125000,DEF_PACKAGING,REJECTED,INSP-112
QC-0008577,GR-0008577,MAT-00403,SUP-0042,2025-08-16,165,10,60606,DEF_SURFACE,REJECTED,INSP-120
QC-0008578,GR-0008578,MAT-00831,SUP-0018,2025-08-22,112,7,62500,DEF_ELECTRICAL,REJECTED,INSP-112
QC-0008579,GR-0008579,MAT-00750,SUP-0112,2025-09-08,31,1,32258,DEF_ELECTRICAL,CONCESSION,INSP-106
QC-0008580,GR-0008580,MAT-00044,SUP-0112,2025-09-07,10,0,0,,ACCEPTED,INSP-117
QC-0008581,GR-0008581,MAT-01179,SUP-0029,2025-07-08,96,9,93750,DEF_SURFACE,REJECTED,INSP-104
QC-0008582,GR-0008582,MAT-00529,SUP-0029,2025-07-04,10,2,200000,DEF_DIMENSIONAL,REJECTED,INSP-103
QC-0008583,GR-0008583,MAT-00121,SUP-0029,2025-07-10,111,17,153153,DEF_DIMENSIONAL,REJECTED,INSP-102
QC-0008584,GR-0008584,MAT-00215,SUP-0089,2026-01-10,12,0,0,,ACCEPTED,INSP-112
QC-0008585,GR-0008585,MAT-00789,SUP-0115,2025-05-30,127,16,125984,DEF_METALLURGY,REJECTED,INSP-115
QC-0008586,GR-0008586,MAT-00292,SUP-0034,2025-07-13,132,4,30303,DEF_METALLURGY,CONCESSION,INSP-123
QC-0008587,GR-0008587,MAT-01109,SUP-0019,2026-01-08,14,1,71428,DEF_SURFACE,REJECTED,INSP-124
QC-0008588,GR-0008588,MAT-00699,SUP-0019,2026-01-06,69,8,115942,DEF_ELECTRICAL,REJECTED,INSP-104
QC-0008589,GR-0008589,MAT-00516,SUP-0044,2025-11-15,122,19,155737,DEF_ELECTRICAL,REJECTED,INSP-106
QC-0008590,GR-0008590,MAT-00948,SUP-0019,2026-01-22,66,5,75757,DEF_SURFACE,REJECTED,INSP-117
QC-0008591,GR-0008591,MAT-00518,SUP-0095,2025-12-11,62,3,48387,DEF_PACKAGING,REJECTED,INSP-120
QC-0008592,GR-0008592,MAT-00856,SUP-0095,2025-12-09,58,1,17241,DEF_CONTAMINATION,CONCESSION,INSP-111
QC-0008593,GR-0008593,MAT-00640,SUP-0095,2025-12-09,26,0,0,,ACCEPTED,INSP-112
QC-0008594,GR-0008594,MAT-00253,SUP-0024,2025-09-01,319,16,50156,DEF_METALLURGY,REJECTED,INSP-109
QC-0008595,GR-0008595,MAT-00029,SUP-0024,2025-08-30,42,3,71428,DEF_CONTAMINATION,REJECTED,INSP-101
QC-0008596,GR-0008596,MAT-01130,SUP-0024,2025-08-29,184,12,65217,DEF_CONTAMINATION,REJECTED,INSP-113
QC-0008597,GR-0008597,MAT-00747,SUP-0076,2026-01-18,17,4,235294,DEF_CONTAMINATION,REJECTED,INSP-107
QC-0008598,GR-0008598,MAT-00532,SUP-0076,2026-01-22,487,60,123203,DEF_PACKAGING,REJECTED,INSP-113
QC-0008599,GR-0008599,MAT-01073,SUP-0095,2025-06-14,20,1,50000,DEF_ELECTRICAL,REJECTED,INSP-103
QC-0008600,GR-0008600,MAT-00584,SUP-0017,2026-01-12,68,29,426470,DEF_CONTAMINATION,REJECTED,INSP-122
QC-0008601,GR-0008601,MAT-00450,SUP-0091,2025-11-02,21,1,47619,DEF_METALLURGY,REJECTED,INSP-111
QC-0008602,GR-0008602,MAT-00860,SUP-0091,2025-11-04,47,1,21276,DEF_DIMENSIONAL,CONCESSION,INSP-116
QC-0008603,GR-0008603,MAT-00389,SUP-0008,2025-09-06,587,64,109028,DEF_PACKAGING,REJECTED,INSP-109
QC-0008604,GR-0008604,MAT-00419,SUP-0076,2026-04-05,46,4,86956,DEF_SURFACE,REJECTED,INSP-101
QC-0008605,GR-0008605,MAT-00555,SUP-0076,2026-04-09,10,1,100000,DEF_PACKAGING,REJECTED,INSP-121
QC-0008606,GR-0008606,MAT-00920,SUP-0076,2026-04-09,24,1,41666,DEF_SURFACE,REJECTED,INSP-116
QC-0008607,GR-0008607,MAT-01005,SUP-0009,2026-02-01,186,37,198924,DEF_PACKAGING,REJECTED,INSP-123
QC-0008608,GR-0008608,MAT-00398,SUP-0009,2026-01-31,58,15,258620,DEF_DIMENSIONAL,REJECTED,INSP-119
QC-0008609,GR-0008609,MAT-00012,SUP-0009,2026-01-31,64,10,156250,DEF_METALLURGY,REJECTED,INSP-114
QC-0008610,GR-0008610,MAT-00211,SUP-0009,2026-02-01,316,57,180379,DEF_CONTAMINATION,REJECTED,INSP-104
QC-0008611,GR-0008611,MAT-00656,SUP-0088,2025-10-25,176,8,45454,DEF_CONTAMINATION,REJECTED,INSP-107
QC-0008612,GR-0008612,MAT-00311,SUP-0057,2025-08-15,21,2,95238,DEF_SURFACE,REJECTED,INSP-107
QC-0008613,GR-0008613,MAT-00519,SUP-0096,2025-08-27,10,1,100000,DEF_CONTAMINATION,REJECTED,INSP-104
QC-0008614,GR-0008614,MAT-00033,SUP-0096,2025-08-26,447,30,67114,DEF_DIMENSIONAL,REJECTED,INSP-106
QC-0008615,GR-0008615,MAT-00612,SUP-0096,2025-08-21,66,5,75757,DEF_CONTAMINATION,REJECTED,INSP-103
QC-0008616,GR-0008616,MAT-00841,SUP-0096,2025-08-23,116,11,94827,DEF_DIMENSIONAL,REJECTED,INSP-107
QC-0008617,GR-0008617,MAT-00937,SUP-0052,2025-12-02,92,7,76086,DEF_SURFACE,REJECTED,INSP-105
QC-0008618,GR-0008618,MAT-00240,SUP-0025,2025-10-02,23,1,43478,DEF_DIMENSIONAL,REJECTED,INSP-103
QC-0008619,GR-0008619,MAT-01023,SUP-0086,2026-04-06,134,0,0,,ACCEPTED,INSP-121
QC-0008620,GR-0008620,MAT-00317,SUP-0086,2026-04-06,433,0,0,,ACCEPTED,INSP-114
QC-0008621,GR-0008621,MAT-00871,SUP-0086,2026-04-04,66,0,0,,ACCEPTED,INSP-113
QC-0008622,GR-0008622,MAT-00607,SUP-0021,2025-10-24,10,0,0,,ACCEPTED,INSP-116
QC-0008623,GR-0008623,MAT-00216,SUP-0010,2025-10-23,21,3,142857,DEF_SURFACE,REJECTED,INSP-102
QC-0008624,GR-0008624,MAT-00784,SUP-0055,2026-03-13,51,1,19607,DEF_CONTAMINATION,CONCESSION,INSP-102
QC-0008625,GR-0008625,MAT-00215,SUP-0055,2026-03-13,10,2,200000,DEF_DIMENSIONAL,REJECTED,INSP-105
QC-0008626,GR-0008626,MAT-00149,SUP-0073,2026-01-19,280,38,135714,DEF_DIMENSIONAL,REJECTED,INSP-113
QC-0008627,GR-0008627,MAT-01065,SUP-0073,2026-01-17,95,4,42105,DEF_ELECTRICAL,REJECTED,INSP-121
QC-0008628,GR-0008628,MAT-00554,SUP-0040,2026-01-06,262,35,133587,DEF_CONTAMINATION,REJECTED,INSP-117
QC-0008629,GR-0008629,MAT-00520,SUP-0040,2026-01-06,21,1,47619,DEF_ELECTRICAL,REJECTED,INSP-118
QC-0008630,GR-0008630,MAT-00820,SUP-0097,2025-10-20,316,24,75949,DEF_SURFACE,REJECTED,INSP-107
QC-0008631,GR-0008631,MAT-00663,SUP-0042,2026-03-10,127,8,62992,DEF_CONTAMINATION,REJECTED,INSP-121
QC-0008632,GR-0008632,MAT-00090,SUP-0042,2026-03-05,38,5,131578,DEF_PACKAGING,REJECTED,INSP-123
QC-0008633,GR-0008633,MAT-00104,SUP-0042,2026-03-12,10,0,0,,ACCEPTED,INSP-117
QC-0008634,GR-0008634,MAT-01187,SUP-0118,2025-04-24,33,4,121212,DEF_ELECTRICAL,REJECTED,INSP-104
QC-0008635,GR-0008635,MAT-00624,SUP-0118,2025-05-01,15,0,0,,ACCEPTED,INSP-101
QC-0008636,GR-0008636,MAT-00003,SUP-0118,2025-04-29,10,0,0,,ACCEPTED,INSP-104
QC-0008637,GR-0008637,MAT-00300,SUP-0038,2026-03-24,83,2,24096,DEF_CONTAMINATION,CONCESSION,INSP-112
QC-0008638,GR-0008638,MAT-00384,SUP-0034,2025-11-07,46,2,43478,DEF_METALLURGY,REJECTED,INSP-117
QC-0008639,GR-0008639,MAT-01031,SUP-0091,2025-11-23,248,10,40322,DEF_PACKAGING,REJECTED,INSP-101
QC-0008640,GR-0008640,MAT-00424,SUP-0012,2026-01-14,93,13,139784,DEF_DIMENSIONAL,REJECTED,INSP-116
QC-0008641,GR-0008641,MAT-00289,SUP-0048,2025-03-21,105,5,47619,DEF_SURFACE,REJECTED,INSP-117
QC-0008642,GR-0008642,MAT-00296,SUP-0008,2026-04-07,282,32,113475,DEF_CONTAMINATION,REJECTED,INSP-114
QC-0008643,GR-0008643,MAT-00510,SUP-0022,2025-11-07,61,2,32786,DEF_CONTAMINATION,CONCESSION,INSP-104
QC-0008644,GR-0008644,MAT-00036,SUP-0022,2025-11-07,82,5,60975,DEF_SURFACE,REJECTED,INSP-110
QC-0008645,GR-0008645,MAT-00162,SUP-0026,2025-10-12,20,2,100000,DEF_PACKAGING,REJECTED,INSP-117
QC-0008646,GR-0008646,MAT-00230,SUP-0099,2025-06-25,26,0,0,,ACCEPTED,INSP-110
QC-0008647,GR-0008647,MAT-01054,SUP-0080,2025-11-12,394,27,68527,DEF_ELECTRICAL,REJECTED,INSP-112
QC-0008648,GR-0008648,MAT-00150,SUP-0032,2025-12-03,16,0,0,,ACCEPTED,INSP-124
QC-0008649,GR-0008649,MAT-01014,SUP-0055,2025-10-25,498,11,22088,DEF_METALLURGY,CONCESSION,INSP-123
QC-0008650,GR-0008650,MAT-00807,SUP-0013,2025-11-10,92,6,65217,DEF_METALLURGY,REJECTED,INSP-112
QC-0008651,GR-0008651,MAT-00747,SUP-0076,2026-03-11,10,0,0,,ACCEPTED,INSP-101
QC-0008652,GR-0008652,MAT-00327,SUP-0074,2025-06-19,18,0,0,,ACCEPTED,INSP-119
QC-0008653,GR-0008653,MAT-00818,SUP-0119,2025-11-10,60,7,116666,DEF_SURFACE,REJECTED,INSP-107
QC-0008654,GR-0008654,MAT-01165,SUP-0119,2025-11-03,159,13,81761,DEF_PACKAGING,REJECTED,INSP-124
QC-0008655,GR-0008655,MAT-00194,SUP-0059,2025-12-09,344,42,122093,DEF_DIMENSIONAL,REJECTED,INSP-114
QC-0008656,GR-0008656,MAT-00004,SUP-0059,2025-11-21,562,84,149466,DEF_PACKAGING,REJECTED,INSP-104
QC-0008657,GR-0008657,MAT-00967,SUP-0059,2025-11-21,358,63,175977,DEF_METALLURGY,REJECTED,INSP-121
QC-0008658,GR-0008658,MAT-00069,SUP-0062,2026-01-08,43,6,139534,DEF_DIMENSIONAL,REJECTED,INSP-114
QC-0008659,GR-0008659,MAT-00117,SUP-0062,2026-01-01,30,4,133333,DEF_SURFACE,REJECTED,INSP-104
QC-0008660,GR-0008660,MAT-00336,SUP-0062,2026-01-02,217,24,110599,DEF_METALLURGY,REJECTED,INSP-106
QC-0008661,GR-0008661,MAT-00468,SUP-0119,2026-04-05,154,11,71428,DEF_PACKAGING,REJECTED,INSP-111
QC-0008662,GR-0008662,MAT-00183,SUP-0034,2025-06-04,127,7,55118,DEF_DIMENSIONAL,REJECTED,INSP-107
QC-0008663,GR-0008663,MAT-01060,SUP-0081,2025-06-03,67,8,119402,DEF_PACKAGING,REJECTED,INSP-102
QC-0008664,GR-0008664,MAT-00305,SUP-0059,2025-10-03,50,8,160000,DEF_DIMENSIONAL,REJECTED,INSP-113
QC-0008665,GR-0008665,MAT-00338,SUP-0059,2025-09-25,51,9,176470,DEF_ELECTRICAL,REJECTED,INSP-103
QC-0008666,GR-0008666,MAT-00178,SUP-0059,2025-09-25,10,2,200000,DEF_ELECTRICAL,REJECTED,INSP-123
QC-0008667,GR-0008667,MAT-00284,SUP-0033,2026-01-09,97,8,82474,DEF_PACKAGING,REJECTED,INSP-124
QC-0008668,GR-0008668,MAT-00592,SUP-0080,2025-12-17,34,2,58823,DEF_DIMENSIONAL,REJECTED,INSP-116
QC-0008669,GR-0008669,MAT-00918,SUP-0080,2025-12-25,150,17,113333,DEF_DIMENSIONAL,REJECTED,INSP-101
QC-0008670,GR-0008670,MAT-00760,SUP-0074,2026-03-16,10,1,100000,DEF_PACKAGING,REJECTED,INSP-103
QC-0008671,GR-0008671,MAT-01073,SUP-0095,2025-06-21,40,1,25000,DEF_SURFACE,CONCESSION,INSP-120
QC-0008672,GR-0008672,MAT-01194,SUP-0095,2025-06-24,20,0,0,,ACCEPTED,INSP-103
QC-0008673,GR-0008673,MAT-00567,SUP-0095,2025-06-22,375,11,29333,DEF_DIMENSIONAL,CONCESSION,INSP-125
QC-0008674,GR-0008674,MAT-01070,SUP-0011,2025-06-30,178,15,84269,DEF_METALLURGY,REJECTED,INSP-106
QC-0008675,GR-0008675,MAT-00656,SUP-0011,2025-06-28,668,50,74850,DEF_CONTAMINATION,REJECTED,INSP-120
QC-0008676,GR-0008676,MAT-00347,SUP-0079,2025-12-23,32,3,93750,DEF_ELECTRICAL,REJECTED,INSP-102
QC-0008677,GR-0008677,MAT-00300,SUP-0038,2025-11-05,168,9,53571,DEF_PACKAGING,REJECTED,INSP-105
QC-0008678,GR-0008678,MAT-00113,SUP-0052,2025-10-17,28,3,107142,DEF_ELECTRICAL,REJECTED,INSP-125
QC-0008679,GR-0008679,MAT-00899,SUP-0051,2026-01-02,382,16,41884,DEF_PACKAGING,REJECTED,INSP-117
QC-0008680,GR-0008680,MAT-00985,SUP-0084,2026-03-26,62,6,96774,DEF_METALLURGY,REJECTED,INSP-120
QC-0008681,GR-0008681,MAT-00361,SUP-0092,2025-04-03,141,3,21276,DEF_PACKAGING,CONCESSION,INSP-124
QC-0008682,GR-0008682,MAT-00361,SUP-0092,2025-06-17,53,5,94339,DEF_METALLURGY,REJECTED,INSP-119
QC-0008683,GR-0008683,MAT-01034,SUP-0092,2025-06-19,23,1,43478,DEF_SURFACE,REJECTED,INSP-122
QC-0008684,GR-0008684,MAT-00217,SUP-0092,2025-06-30,10,1,100000,DEF_SURFACE,REJECTED,INSP-109
QC-0008685,GR-0008685,MAT-01195,SUP-0092,2025-06-24,25,2,80000,DEF_ELECTRICAL,REJECTED,INSP-111
QC-0008686,GR-0008686,MAT-01134,SUP-0004,2026-01-10,16,2,125000,DEF_DIMENSIONAL,REJECTED,INSP-107
QC-0008687,GR-0008687,MAT-01035,SUP-0004,2026-01-18,96,10,104166,DEF_CONTAMINATION,REJECTED,INSP-108
QC-0008688,GR-0008688,MAT-00639,SUP-0032,2026-03-27,32,0,0,,ACCEPTED,INSP-116
QC-0008689,GR-0008689,MAT-00711,SUP-0096,2025-09-07,172,13,75581,DEF_SURFACE,REJECTED,INSP-107
QC-0008690,GR-0008690,MAT-00872,SUP-0098,2025-08-31,177,20,112994,DEF_METALLURGY,REJECTED,INSP-119
QC-0008691,GR-0008691,MAT-01031,SUP-0098,2025-08-29,363,34,93663,DEF_CONTAMINATION,REJECTED,INSP-121
QC-0008692,GR-0008692,MAT-01067,SUP-0006,2026-02-12,426,11,25821,DEF_DIMENSIONAL,CONCESSION,INSP-105
QC-0008693,GR-0008693,MAT-00793,SUP-0079,2025-05-19,301,32,106312,DEF_METALLURGY,REJECTED,INSP-124
QC-0008694,GR-0008694,MAT-01097,SUP-0079,2025-05-19,593,74,124789,DEF_ELECTRICAL,REJECTED,INSP-107
QC-0008695,GR-0008695,MAT-00650,SUP-0094,2025-10-08,36,1,27777,DEF_METALLURGY,CONCESSION,INSP-119
QC-0008696,GR-0008696,MAT-00264,SUP-0115,2025-12-15,16,1,62500,DEF_ELECTRICAL,REJECTED,INSP-117
QC-0008697,GR-0008697,MAT-00991,SUP-0115,2025-12-14,10,2,200000,DEF_METALLURGY,REJECTED,INSP-118
QC-0008698,GR-0008698,MAT-00861,SUP-0115,2025-12-16,358,42,117318,DEF_ELECTRICAL,REJECTED,INSP-103
QC-0008699,GR-0008699,MAT-00769,SUP-0035,2026-01-06,73,15,205479,DEF_METALLURGY,REJECTED,INSP-109
QC-0008700,GR-0008700,MAT-01147,SUP-0100,2025-09-30,87,2,22988,DEF_DIMENSIONAL,CONCESSION,INSP-122
QC-0008701,GR-0008701,MAT-00793,SUP-0079,2026-01-07,184,12,65217,DEF_METALLURGY,REJECTED,INSP-102
QC-0008702,GR-0008702,MAT-00139,SUP-0079,2026-01-09,10,4,400000,DEF_ELECTRICAL,REJECTED,INSP-114
QC-0008703,GR-0008703,MAT-00040,SUP-0079,2026-01-08,33,3,90909,DEF_PACKAGING,REJECTED,INSP-104
QC-0008704,GR-0008704,MAT-01117,SUP-0004,2026-01-03,25,1,40000,DEF_DIMENSIONAL,REJECTED,INSP-121
QC-0008705,GR-0008705,MAT-00746,SUP-0093,2026-01-06,329,69,209726,DEF_ELECTRICAL,REJECTED,INSP-123
QC-0008706,GR-0008706,MAT-00118,SUP-0076,2026-01-26,719,74,102920,DEF_CONTAMINATION,REJECTED,INSP-121
QC-0008707,GR-0008707,MAT-00818,SUP-0076,2026-01-23,133,16,120300,DEF_PACKAGING,REJECTED,INSP-107
QC-0008708,GR-0008708,MAT-00835,SUP-0009,2025-10-14,169,39,230769,DEF_SURFACE,REJECTED,INSP-119
QC-0008709,GR-0008709,MAT-00321,SUP-0049,2025-05-24,226,18,79646,DEF_SURFACE,REJECTED,INSP-102
QC-0008710,GR-0008710,MAT-00690,SUP-0049,2025-05-27,186,7,37634,DEF_CONTAMINATION,CONCESSION,INSP-110
QC-0008711,GR-0008711,MAT-01048,SUP-0049,2025-05-23,148,8,54054,DEF_SURFACE,REJECTED,INSP-105
QC-0008712,GR-0008712,MAT-00318,SUP-0049,2025-05-22,718,32,44568,DEF_SURFACE,REJECTED,INSP-103
QC-0008713,GR-0008713,MAT-01002,SUP-0027,2025-06-26,149,13,87248,DEF_DIMENSIONAL,REJECTED,INSP-110
QC-0008714,GR-0008714,MAT-00825,SUP-0051,2025-08-20,35,2,57142,DEF_PACKAGING,REJECTED,INSP-118
QC-0008715,GR-0008715,MAT-00373,SUP-0051,2025-08-18,390,15,38461,DEF_ELECTRICAL,CONCESSION,INSP-102
QC-0008716,GR-0008716,MAT-00192,SUP-0083,2025-12-12,666,40,60060,DEF_SURFACE,REJECTED,INSP-115
QC-0008717,GR-0008717,MAT-00194,SUP-0083,2025-12-13,322,20,62111,DEF_METALLURGY,REJECTED,INSP-107
QC-0008718,GR-0008718,MAT-00988,SUP-0083,2025-12-10,120,7,58333,DEF_METALLURGY,REJECTED,INSP-124
QC-0008719,GR-0008719,MAT-00774,SUP-0031,2026-03-12,429,86,200466,DEF_METALLURGY,REJECTED,INSP-112
QC-0008720,GR-0008720,MAT-00578,SUP-0042,2026-02-19,408,30,73529,DEF_METALLURGY,REJECTED,INSP-118
QC-0008721,GR-0008721,MAT-00954,SUP-0042,2026-02-26,239,17,71129,DEF_ELECTRICAL,REJECTED,INSP-119
QC-0008722,GR-0008722,MAT-00550,SUP-0022,2025-10-07,188,10,53191,DEF_PACKAGING,REJECTED,INSP-106
QC-0008723,GR-0008723,MAT-00674,SUP-0022,2025-10-05,177,4,22598,DEF_CONTAMINATION,CONCESSION,INSP-120
QC-0008724,GR-0008724,MAT-00818,SUP-0022,2025-10-05,121,2,16528,DEF_CONTAMINATION,CONCESSION,INSP-120
QC-0008725,GR-0008725,MAT-00158,SUP-0022,2025-10-05,171,3,17543,DEF_CONTAMINATION,CONCESSION,INSP-111
QC-0008726,GR-0008726,MAT-00007,SUP-0068,2025-10-29,22,0,0,,ACCEPTED,INSP-110
QC-0008727,GR-0008727,MAT-00877,SUP-0037,2025-10-26,10,1,100000,DEF_SURFACE,REJECTED,INSP-107
QC-0008728,GR-0008728,MAT-01116,SUP-0037,2025-10-25,44,1,22727,DEF_METALLURGY,CONCESSION,INSP-103
QC-0008729,GR-0008729,MAT-00781,SUP-0114,2025-07-31,60,6,100000,DEF_DIMENSIONAL,REJECTED,INSP-103
QC-0008730,GR-0008730,MAT-00599,SUP-0004,2025-05-18,25,4,160000,DEF_PACKAGING,REJECTED,INSP-121
QC-0008731,GR-0008731,MAT-00275,SUP-0075,2025-12-28,68,6,88235,DEF_PACKAGING,REJECTED,INSP-124
QC-0008732,GR-0008732,MAT-00876,SUP-0075,2025-12-31,13,0,0,,ACCEPTED,INSP-109
QC-0008733,GR-0008733,MAT-01198,SUP-0075,2025-12-31,166,15,90361,DEF_SURFACE,REJECTED,INSP-110
QC-0008734,GR-0008734,MAT-00802,SUP-0031,2025-09-22,487,112,229979,DEF_METALLURGY,REJECTED,INSP-124
QC-0008735,GR-0008735,MAT-00622,SUP-0031,2025-09-06,32,6,187500,DEF_ELECTRICAL,REJECTED,INSP-119
QC-0008736,GR-0008736,MAT-01142,SUP-0109,2025-04-19,645,0,0,,ACCEPTED,INSP-103
QC-0008737,GR-0008737,MAT-00869,SUP-0057,2025-09-06,10,2,200000,DEF_METALLURGY,REJECTED,INSP-113
